codigo_postal,asentamiento,tipo,municipio,estado,ciudad,zona,url
24000,San Francisco de Campeche Centro,Colonia,Campeche,Campeche,San Francisco de Campeche,Urbano,https://postali.app/mx/campeche/campeche/san-francisco-de-campeche-centro
24010,Guadalupe,Barrio,Campeche,Campeche,San Francisco de Campeche,Urbano,https://postali.app/mx/campeche/campeche/guadalupe
24010,Guadalupe,Fraccionamiento,Campeche,Campeche,San Francisco de Campeche,Urbano,https://postali.app/mx/campeche/campeche/guadalupe-24010
24010,Pablo García,Unidad habitacional,Campeche,Campeche,San Francisco de Campeche,Urbano,https://postali.app/mx/campeche/campeche/pablo-garcia
24010,San Francisco,Barrio,Campeche,Campeche,San Francisco de Campeche,Urbano,https://postali.app/mx/campeche/campeche/san-francisco
24010,Villa del Río,Fraccionamiento,Campeche,Campeche,San Francisco de Campeche,Urbano,https://postali.app/mx/campeche/campeche/villa-del-rio
24014,Ah-kim-pech,Zona comercial,Campeche,Campeche,San Francisco de Campeche,Urbano,https://postali.app/mx/campeche/campeche/ah-kim-pech
24020,Ampliación Bellavista,Colonia,Campeche,Campeche,San Francisco de Campeche,Urbano,https://postali.app/mx/campeche/campeche/ampliacion-bellavista
24020,Bellavista,Colonia,Campeche,Campeche,San Francisco de Campeche,Urbano,https://postali.app/mx/campeche/campeche/bellavista
24020,Benito Juárez,Colonia,Campeche,Campeche,San Francisco de Campeche,Urbano,https://postali.app/mx/campeche/campeche/benito-juarez
24020,Buenos Aires,Fraccionamiento,Campeche,Campeche,San Francisco de Campeche,Urbano,https://postali.app/mx/campeche/campeche/buenos-aires
24020,Camino Real,Colonia,Campeche,Campeche,San Francisco de Campeche,Urbano,https://postali.app/mx/campeche/campeche/camino-real
24020,Dzarbay,Colonia,Campeche,Campeche,San Francisco de Campeche,Urbano,https://postali.app/mx/campeche/campeche/dzarbay
24020,Emiliano Zapata,Colonia,Campeche,Campeche,San Francisco de Campeche,Urbano,https://postali.app/mx/campeche/campeche/emiliano-zapata
24020,La Ermita,Barrio,Campeche,Campeche,San Francisco de Campeche,Urbano,https://postali.app/mx/campeche/campeche/la-ermita
24020,Residencial del Bosque,Fraccionamiento,Campeche,Campeche,San Francisco de Campeche,Urbano,https://postali.app/mx/campeche/campeche/residencial-del-bosque
24020,San Caralampio,Colonia,Campeche,Campeche,San Francisco de Campeche,Urbano,https://postali.app/mx/campeche/campeche/san-caralampio
24020,San Joaquín,Colonia,Campeche,Campeche,San Francisco de Campeche,Urbano,https://postali.app/mx/campeche/campeche/san-joaquin
24020,Santa Lucia,Barrio,Campeche,Campeche,San Francisco de Campeche,Urbano,https://postali.app/mx/campeche/campeche/santa-lucia
24020,Sotavento,Fraccionamiento,Campeche,Campeche,San Francisco de Campeche,Urbano,https://postali.app/mx/campeche/campeche/sotavento
24020,Villamar,Fraccionamiento,Campeche,Campeche,San Francisco de Campeche,Urbano,https://postali.app/mx/campeche/campeche/villamar
24022,Carzabela,Unidad habitacional,Campeche,Campeche,San Francisco de Campeche,Urbano,https://postali.app/mx/campeche/campeche/carzabela
24022,Montecarlo,Fraccionamiento,Campeche,Campeche,San Francisco de Campeche,Urbano,https://postali.app/mx/campeche/campeche/montecarlo
24023,Ernesto Zedillo,Colonia,Campeche,Campeche,San Francisco de Campeche,Urbano,https://postali.app/mx/campeche/campeche/ernesto-zedillo
24023,Fidel Velázquez,Unidad habitacional,Campeche,Campeche,San Francisco de Campeche,Urbano,https://postali.app/mx/campeche/campeche/fidel-velazquez
24023,Hacienda Real el Fenix,Fraccionamiento,Campeche,Campeche,San Francisco de Campeche,Urbano,https://postali.app/mx/campeche/campeche/hacienda-real-el-fenix
24023,Las Américas,Fraccionamiento,Campeche,Campeche,San Francisco de Campeche,Urbano,https://postali.app/mx/campeche/campeche/las-americas
24023,Las Murallas,Fraccionamiento,Campeche,Campeche,San Francisco de Campeche,Urbano,https://postali.app/mx/campeche/campeche/las-murallas
24023,Los Encinos,Fraccionamiento,Campeche,Campeche,San Francisco de Campeche,Urbano,https://postali.app/mx/campeche/campeche/los-encinos
24023,Los Olivos,Fraccionamiento,Campeche,Campeche,San Francisco de Campeche,Urbano,https://postali.app/mx/campeche/campeche/los-olivos
24023,Nachi Cocom,Colonia,Campeche,Campeche,San Francisco de Campeche,Urbano,https://postali.app/mx/campeche/campeche/nachi-cocom
24023,Quinta Hermosa,Colonia,Campeche,Campeche,San Francisco de Campeche,Urbano,https://postali.app/mx/campeche/campeche/quinta-hermosa
24023,Residencial Algarrobo,Fraccionamiento,Campeche,Campeche,San Francisco de Campeche,Urbano,https://postali.app/mx/campeche/campeche/residencial-algarrobo
24023,Residencial Campestre,Fraccionamiento,Campeche,Campeche,San Francisco de Campeche,Urbano,https://postali.app/mx/campeche/campeche/residencial-campestre
24024,Mártires de Río Blanco,Unidad habitacional,Campeche,Campeche,San Francisco de Campeche,Urbano,https://postali.app/mx/campeche/campeche/martires-de-rio-blanco
24025,Paseo de los Sauces,Fraccionamiento,Campeche,Campeche,San Francisco de Campeche,Urbano,https://postali.app/mx/campeche/campeche/paseo-de-los-sauces
24025,Solidaridad Nacional,Unidad habitacional,Campeche,Campeche,San Francisco de Campeche,Urbano,https://postali.app/mx/campeche/campeche/solidaridad-nacional
24026,Ampliación Josefa Ortiz de Domínguez,Colonia,Campeche,Campeche,San Francisco de Campeche,Urbano,https://postali.app/mx/campeche/campeche/ampliacion-josefa-ortiz-de-dominguez
24026,Cumbres,Colonia,Campeche,Campeche,San Francisco de Campeche,Urbano,https://postali.app/mx/campeche/campeche/cumbres
24026,Diana Laura,Colonia,Campeche,Campeche,San Francisco de Campeche,Urbano,https://postali.app/mx/campeche/campeche/diana-laura
24026,Divino Niño,Colonia,Campeche,Campeche,San Francisco de Campeche,Urbano,https://postali.app/mx/campeche/campeche/divino-nino
24026,Elvia María Pérez de González,Colonia,Campeche,Campeche,San Francisco de Campeche,Urbano,https://postali.app/mx/campeche/campeche/elvia-maria-perez-de-gonzalez
24026,Granjas,Colonia,Campeche,Campeche,San Francisco de Campeche,Urbano,https://postali.app/mx/campeche/campeche/granjas
24026,Luis Donaldo Colosio,Colonia,Campeche,Campeche,San Francisco de Campeche,Urbano,https://postali.app/mx/campeche/campeche/luis-donaldo-colosio
24026,Minas,Colonia,Campeche,Campeche,San Francisco de Campeche,Urbano,https://postali.app/mx/campeche/campeche/minas
24026,Mirador,Colonia,Campeche,Campeche,San Francisco de Campeche,Urbano,https://postali.app/mx/campeche/campeche/mirador
24026,Morelos,Colonia,Campeche,Campeche,San Francisco de Campeche,Urbano,https://postali.app/mx/campeche/campeche/morelos
24026,Palma Real,Fraccionamiento,Campeche,Campeche,San Francisco de Campeche,Urbano,https://postali.app/mx/campeche/campeche/palma-real
24026,San José el Alto,Colonia,Campeche,Campeche,San Francisco de Campeche,Urbano,https://postali.app/mx/campeche/campeche/san-jose-el-alto
24026,Valle Dorado,Fraccionamiento,Campeche,Campeche,San Francisco de Campeche,Urbano,https://postali.app/mx/campeche/campeche/valle-dorado
24026,Viveros,Fraccionamiento,Campeche,Campeche,San Francisco de Campeche,Urbano,https://postali.app/mx/campeche/campeche/viveros
24027,Palmas,Unidad habitacional,Campeche,Campeche,San Francisco de Campeche,Urbano,https://postali.app/mx/campeche/campeche/palmas
24027,San Miguel,Fraccionamiento,Campeche,Campeche,San Francisco de Campeche,Urbano,https://postali.app/mx/campeche/campeche/san-miguel
24027,Villa Mercedes,Fraccionamiento,Campeche,Campeche,San Francisco de Campeche,Urbano,https://postali.app/mx/campeche/campeche/villa-mercedes
24028,Cocotero de las Palmas,Fraccionamiento,Campeche,Campeche,San Francisco de Campeche,Urbano,https://postali.app/mx/campeche/campeche/cocotero-de-las-palmas
24028,Villas de Ah-kim-Pech,Fraccionamiento,Campeche,Campeche,San Francisco de Campeche,Urbano,https://postali.app/mx/campeche/campeche/villas-de-ah-kim-pech
24029,Centro SCT Campeche,Equipamiento,Campeche,Campeche,San Francisco de Campeche,Urbano,https://postali.app/mx/campeche/campeche/centro-sct-campeche
24030,Bosques de Campeche,Fraccionamiento,Campeche,Campeche,San Francisco de Campeche,Urbano,https://postali.app/mx/campeche/campeche/bosques-de-campeche
24030,Campeche Hills,Fraccionamiento,Campeche,Campeche,San Francisco de Campeche,Urbano,https://postali.app/mx/campeche/campeche/campeche-hills
24030,CEDAR Campeche,Equipamiento,Campeche,Campeche,San Francisco de Campeche,Urbano,https://postali.app/mx/campeche/campeche/cedar-campeche
24030,Héroes de Chapultepec (FOVI),Unidad habitacional,Campeche,Campeche,San Francisco de Campeche,Urbano,https://postali.app/mx/campeche/campeche/heroes-de-chapultepec-fovi
24030,Lomas del Castillo,Fraccionamiento,Campeche,Campeche,San Francisco de Campeche,Urbano,https://postali.app/mx/campeche/campeche/lomas-del-castillo
24030,Miramar,Colonia,Campeche,Campeche,San Francisco de Campeche,Urbano,https://postali.app/mx/campeche/campeche/miramar
24030,Resurgimiento,Colonia,Campeche,Campeche,San Francisco de Campeche,Urbano,https://postali.app/mx/campeche/campeche/resurgimiento
24030,Villas Universidad,Fraccionamiento,Campeche,Campeche,San Francisco de Campeche,Urbano,https://postali.app/mx/campeche/campeche/villas-universidad
24035,Burócratas Pensiones,Unidad habitacional,Campeche,Campeche,San Francisco de Campeche,Urbano,https://postali.app/mx/campeche/campeche/burocratas-pensiones
24035,Cerro de La Eminencia,Colonia,Campeche,Campeche,San Francisco de Campeche,Urbano,https://postali.app/mx/campeche/campeche/cerro-de-la-eminencia
24035,Invasión San Arturo,Colonia,Campeche,Campeche,San Francisco de Campeche,Urbano,https://postali.app/mx/campeche/campeche/invasion-san-arturo
24035,Jardines del Pedregal,Unidad habitacional,Campeche,Campeche,San Francisco de Campeche,Urbano,https://postali.app/mx/campeche/campeche/jardines-del-pedregal
24035,La Eminencia,Fraccionamiento,Campeche,Campeche,San Francisco de Campeche,Urbano,https://postali.app/mx/campeche/campeche/la-eminencia
24035,Lomas del Pedregal,Unidad habitacional,Campeche,Campeche,San Francisco de Campeche,Urbano,https://postali.app/mx/campeche/campeche/lomas-del-pedregal
24035,Lomas del Rey,Fraccionamiento,Campeche,Campeche,San Francisco de Campeche,Urbano,https://postali.app/mx/campeche/campeche/lomas-del-rey
24035,Prado,Fraccionamiento,Campeche,Campeche,San Francisco de Campeche,Urbano,https://postali.app/mx/campeche/campeche/prado
24035,Residencial Pedregal,Fraccionamiento,Campeche,Campeche,San Francisco de Campeche,Urbano,https://postali.app/mx/campeche/campeche/residencial-pedregal
24035,San Arturo,Colonia,Campeche,Campeche,San Francisco de Campeche,Urbano,https://postali.app/mx/campeche/campeche/san-arturo
24035,San Cayetano,Fraccionamiento,Campeche,Campeche,San Francisco de Campeche,Urbano,https://postali.app/mx/campeche/campeche/san-cayetano
24035,Vicente Guerrero,Colonia,Campeche,Campeche,San Francisco de Campeche,Urbano,https://postali.app/mx/campeche/campeche/vicente-guerrero
24035,Villas de Allende,Fraccionamiento,Campeche,Campeche,San Francisco de Campeche,Urbano,https://postali.app/mx/campeche/campeche/villas-de-allende
24036,Adolfo López Mateos (SUTERM),Unidad habitacional,Campeche,Campeche,San Francisco de Campeche,Urbano,https://postali.app/mx/campeche/campeche/adolfo-lopez-mateos-suterm
24036,El Pedregal,Fraccionamiento,Campeche,Campeche,San Francisco de Campeche,Urbano,https://postali.app/mx/campeche/campeche/el-pedregal
24036,Electricistas,Colonia,Campeche,Campeche,San Francisco de Campeche,Urbano,https://postali.app/mx/campeche/campeche/electricistas
24037,Ciudad Militar,Colonia,Campeche,Campeche,San Francisco de Campeche,Urbano,https://postali.app/mx/campeche/campeche/ciudad-militar
24038,Kaniste,Fraccionamiento,Campeche,Campeche,San Francisco de Campeche,Urbano,https://postali.app/mx/campeche/campeche/kaniste-24038
24038,Kanisté,Colonia,Campeche,Campeche,San Francisco de Campeche,Urbano,https://postali.app/mx/campeche/campeche/kaniste
24038,Monte Verde,Fraccionamiento,Campeche,Campeche,San Francisco de Campeche,Urbano,https://postali.app/mx/campeche/campeche/monte-verde
24038,Rinconada del Valle,Fraccionamiento,Campeche,Campeche,San Francisco de Campeche,Urbano,https://postali.app/mx/campeche/campeche/rinconada-del-valle
24039,Buenavista,Colonia,Campeche,Campeche,San Francisco de Campeche,Urbano,https://postali.app/mx/campeche/campeche/buenavista
24040,Privada Narciso Mendoza,Fraccionamiento,Campeche,Campeche,San Francisco de Campeche,Urbano,https://postali.app/mx/campeche/campeche/privada-narciso-mendoza
24040,San José,Barrio,Campeche,Campeche,San Francisco de Campeche,Urbano,https://postali.app/mx/campeche/campeche/san-jose
24040,San Román,Barrio,Campeche,Campeche,San Francisco de Campeche,Urbano,https://postali.app/mx/campeche/campeche/san-roman
24044,Lazareto,Colonia,Campeche,Campeche,San Francisco de Campeche,Urbano,https://postali.app/mx/campeche/campeche/lazareto
24044,Montecristo,Colonia,Campeche,Campeche,San Francisco de Campeche,Urbano,https://postali.app/mx/campeche/campeche/montecristo
24044,Residencial Resurgimiento,Fraccionamiento,Campeche,Campeche,San Francisco de Campeche,Urbano,https://postali.app/mx/campeche/campeche/residencial-resurgimiento
24049,Bicentenario I y II,Unidad habitacional,Campeche,Campeche,San Francisco de Campeche,Urbano,https://postali.app/mx/campeche/campeche/bicentenario-i-y-ii
24050,Campeche 1,Fraccionamiento,Campeche,Campeche,San Francisco de Campeche,Urbano,https://postali.app/mx/campeche/campeche/campeche-1
24050,FOVISSSTE Belén,Unidad habitacional,Campeche,Campeche,San Francisco de Campeche,Urbano,https://postali.app/mx/campeche/campeche/fovissste-belen
24050,Hollywood,Fraccionamiento,Campeche,Campeche,San Francisco de Campeche,Urbano,https://postali.app/mx/campeche/campeche/hollywood
24050,La Huerta,Fraccionamiento,Campeche,Campeche,San Francisco de Campeche,Urbano,https://postali.app/mx/campeche/campeche/la-huerta
24050,La Paz,Colonia,Campeche,Campeche,San Francisco de Campeche,Urbano,https://postali.app/mx/campeche/campeche/la-paz
24050,Parque Residencial La Noria,Fraccionamiento,Campeche,Campeche,San Francisco de Campeche,Urbano,https://postali.app/mx/campeche/campeche/parque-residencial-la-noria
24050,Privada Guadalupana,Fraccionamiento,Campeche,Campeche,San Francisco de Campeche,Urbano,https://postali.app/mx/campeche/campeche/privada-guadalupana
24050,San Juan,Fraccionamiento,Campeche,Campeche,San Francisco de Campeche,Urbano,https://postali.app/mx/campeche/campeche/san-juan
24050,Santa Ana,Barrio,Campeche,Campeche,San Francisco de Campeche,Urbano,https://postali.app/mx/campeche/campeche/santa-ana
24050,Santa Ana,Fraccionamiento,Campeche,Campeche,San Francisco de Campeche,Urbano,https://postali.app/mx/campeche/campeche/santa-ana-24050
24050,Villa Tulipanes,Fraccionamiento,Campeche,Campeche,San Francisco de Campeche,Urbano,https://postali.app/mx/campeche/campeche/villa-tulipanes
24058,Caribe,Fraccionamiento,Campeche,Campeche,San Francisco de Campeche,Urbano,https://postali.app/mx/campeche/campeche/caribe
24060,Altavista,Fraccionamiento,Campeche,Campeche,San Francisco de Campeche,Urbano,https://postali.app/mx/campeche/campeche/altavista
24060,Ampliación Polvorín,Colonia,Campeche,Campeche,San Francisco de Campeche,Urbano,https://postali.app/mx/campeche/campeche/ampliacion-polvorin
24060,Casa Blanca,Fraccionamiento,Campeche,Campeche,San Francisco de Campeche,Urbano,https://postali.app/mx/campeche/campeche/casa-blanca
24060,Colinas del Sur,Fraccionamiento,Campeche,Campeche,San Francisco de Campeche,Urbano,https://postali.app/mx/campeche/campeche/colinas-del-sur
24060,El Polvorín,Colonia,Campeche,Campeche,San Francisco de Campeche,Urbano,https://postali.app/mx/campeche/campeche/el-polvorin
24060,Jardines,Colonia,Campeche,Campeche,San Francisco de Campeche,Urbano,https://postali.app/mx/campeche/campeche/jardines
24060,Las Quintas,Fraccionamiento,Campeche,Campeche,San Francisco de Campeche,Urbano,https://postali.app/mx/campeche/campeche/las-quintas
24060,Leovigildo Gómez,Colonia,Campeche,Campeche,San Francisco de Campeche,Urbano,https://postali.app/mx/campeche/campeche/leovigildo-gomez
24060,Lomas,Colonia,Campeche,Campeche,San Francisco de Campeche,Urbano,https://postali.app/mx/campeche/campeche/lomas
24060,Lomas de las Flores,Fraccionamiento,Campeche,Campeche,San Francisco de Campeche,Urbano,https://postali.app/mx/campeche/campeche/lomas-de-las-flores
24060,Lomas de las Flores II,Fraccionamiento,Campeche,Campeche,San Francisco de Campeche,Urbano,https://postali.app/mx/campeche/campeche/lomas-de-las-flores-ii
24060,Lomas del Polvorín,Colonia,Campeche,Campeche,San Francisco de Campeche,Urbano,https://postali.app/mx/campeche/campeche/lomas-del-polvorin
24060,Lomas Delicias,Colonia,Campeche,Campeche,San Francisco de Campeche,Urbano,https://postali.app/mx/campeche/campeche/lomas-delicias
24060,Montebello,Fraccionamiento,Campeche,Campeche,San Francisco de Campeche,Urbano,https://postali.app/mx/campeche/campeche/montebello
24060,Naval Campeche III,Unidad habitacional,Campeche,Campeche,San Francisco de Campeche,Urbano,https://postali.app/mx/campeche/campeche/naval-campeche-iii
24060,Residencial Bugambilias,Fraccionamiento,Campeche,Campeche,San Francisco de Campeche,Urbano,https://postali.app/mx/campeche/campeche/residencial-bugambilias
24060,Residencial Delicias,Fraccionamiento,Campeche,Campeche,San Francisco de Campeche,Urbano,https://postali.app/mx/campeche/campeche/residencial-delicias
24060,Sector Las Flores,Colonia,Campeche,Campeche,San Francisco de Campeche,Urbano,https://postali.app/mx/campeche/campeche/sector-las-flores
24060,Solidaridad Urbana,Unidad habitacional,Campeche,Campeche,San Francisco de Campeche,Urbano,https://postali.app/mx/campeche/campeche/solidaridad-urbana
24060,Tabachines,Fraccionamiento,Campeche,Campeche,San Francisco de Campeche,Urbano,https://postali.app/mx/campeche/campeche/tabachines
24060,Tacubaya,Fraccionamiento,Campeche,Campeche,San Francisco de Campeche,Urbano,https://postali.app/mx/campeche/campeche/tacubaya
24060,Tomas Aznar,Colonia,Campeche,Campeche,San Francisco de Campeche,Urbano,https://postali.app/mx/campeche/campeche/tomas-aznar
24060,Unidad y Esperanza,Colonia,Campeche,Campeche,San Francisco de Campeche,Urbano,https://postali.app/mx/campeche/campeche/unidad-y-esperanza
24060,Valle del Águila,Fraccionamiento,Campeche,Campeche,San Francisco de Campeche,Urbano,https://postali.app/mx/campeche/campeche/valle-del-aguila
24060,Villareal,Fraccionamiento,Campeche,Campeche,San Francisco de Campeche,Urbano,https://postali.app/mx/campeche/campeche/villareal
24060,Villas de Monte Real,Fraccionamiento,Campeche,Campeche,San Francisco de Campeche,Urbano,https://postali.app/mx/campeche/campeche/villas-de-monte-real
24063,Parque Industrial Bicentenario,Zona industrial,Campeche,Campeche,San Francisco de Campeche,Urbano,https://postali.app/mx/campeche/campeche/parque-industrial-bicentenario
24069,Flor de Limón,Fraccionamiento,Campeche,Campeche,San Francisco de Campeche,Urbano,https://postali.app/mx/campeche/campeche/flor-de-limon
24070,Ampliación Cuatro Caminos,Colonia,Campeche,Campeche,San Francisco de Campeche,Urbano,https://postali.app/mx/campeche/campeche/ampliacion-cuatro-caminos
24070,Aviación,Colonia,Campeche,Campeche,San Francisco de Campeche,Urbano,https://postali.app/mx/campeche/campeche/aviacion
24070,Bello Horizonte,Fraccionamiento,Campeche,Campeche,San Francisco de Campeche,Urbano,https://postali.app/mx/campeche/campeche/bello-horizonte
24070,Cuatro Caminos,Fraccionamiento,Campeche,Campeche,San Francisco de Campeche,Urbano,https://postali.app/mx/campeche/campeche/cuatro-caminos
24070,Cuatro Caminos,Colonia,Campeche,Campeche,San Francisco de Campeche,Urbano,https://postali.app/mx/campeche/campeche/cuatro-caminos-24070
24070,Hacienda Santa María,Fraccionamiento,Campeche,Campeche,San Francisco de Campeche,Urbano,https://postali.app/mx/campeche/campeche/hacienda-santa-maria
24070,Huanal,Colonia,Campeche,Campeche,San Francisco de Campeche,Urbano,https://postali.app/mx/campeche/campeche/huanal
24070,Héroe de Nacozari,Colonia,Campeche,Campeche,San Francisco de Campeche,Urbano,https://postali.app/mx/campeche/campeche/heroe-de-nacozari
24070,Justicia Social,Fraccionamiento,Campeche,Campeche,San Francisco de Campeche,Urbano,https://postali.app/mx/campeche/campeche/justicia-social
24070,Justo Sierra Méndez,Unidad habitacional,Campeche,Campeche,San Francisco de Campeche,Urbano,https://postali.app/mx/campeche/campeche/justo-sierra-mendez
24070,México,Fraccionamiento,Campeche,Campeche,San Francisco de Campeche,Urbano,https://postali.app/mx/campeche/campeche/mexico
24070,Quinta de Los Españoles,Fraccionamiento,Campeche,Campeche,San Francisco de Campeche,Urbano,https://postali.app/mx/campeche/campeche/quinta-de-los-espanoles
24070,Santa Bárbara,Unidad habitacional,Campeche,Campeche,San Francisco de Campeche,Urbano,https://postali.app/mx/campeche/campeche/santa-barbara
24073,Siglo XXI,Fraccionamiento,Campeche,Campeche,San Francisco de Campeche,Urbano,https://postali.app/mx/campeche/campeche/siglo-xxi
24075,El Carmelo,Colonia,Campeche,Campeche,San Francisco de Campeche,Urbano,https://postali.app/mx/campeche/campeche/el-carmelo
24079,Campeche (Ingeniero Alberto Acuña Ongay),Aeropuerto,Campeche,Campeche,San Francisco de Campeche,Urbano,https://postali.app/mx/campeche/campeche/campeche-ingeniero-alberto-acuna-ongay
24080,Ampliación Esperanza,Colonia,Campeche,Campeche,San Francisco de Campeche,Urbano,https://postali.app/mx/campeche/campeche/ampliacion-esperanza
24080,Ampliación Invasión Esperanza,Colonia,Campeche,Campeche,San Francisco de Campeche,Urbano,https://postali.app/mx/campeche/campeche/ampliacion-invasion-esperanza
24080,Ampliación Revolución,Colonia,Campeche,Campeche,San Francisco de Campeche,Urbano,https://postali.app/mx/campeche/campeche/ampliacion-revolucion
24080,Emiliano Zapata,Fraccionamiento,Campeche,Campeche,San Francisco de Campeche,Urbano,https://postali.app/mx/campeche/campeche/emiliano-zapata-24080
24080,Esperanza,Colonia,Campeche,Campeche,San Francisco de Campeche,Urbano,https://postali.app/mx/campeche/campeche/esperanza
24080,Josefa Ortiz de Domínguez,Colonia,Campeche,Campeche,San Francisco de Campeche,Urbano,https://postali.app/mx/campeche/campeche/josefa-ortiz-de-dominguez
24080,Pablo García,Colonia,Campeche,Campeche,San Francisco de Campeche,Urbano,https://postali.app/mx/campeche/campeche/pablo-garcia-24080
24080,Revolución,Colonia,Campeche,Campeche,San Francisco de Campeche,Urbano,https://postali.app/mx/campeche/campeche/revolucion
24083,Fátima,Colonia,Campeche,Campeche,San Francisco de Campeche,Urbano,https://postali.app/mx/campeche/campeche/fatima
24084,Nuevo San Antonio Ebulá,Colonia,Campeche,Campeche,San Francisco de Campeche,Urbano,https://postali.app/mx/campeche/campeche/nuevo-san-antonio-ebula
24084,Siglo XXIII,Fraccionamiento,Campeche,Campeche,San Francisco de Campeche,Urbano,https://postali.app/mx/campeche/campeche/siglo-xxiii
24085,20 de Noviembre,Colonia,Campeche,Campeche,San Francisco de Campeche,Urbano,https://postali.app/mx/campeche/campeche/20-de-noviembre
24085,Altamira,Fraccionamiento,Campeche,Campeche,San Francisco de Campeche,Urbano,https://postali.app/mx/campeche/campeche/altamira
24085,Ampliación Ciudad Concordia,Fraccionamiento,Campeche,Campeche,San Francisco de Campeche,Urbano,https://postali.app/mx/campeche/campeche/ampliacion-ciudad-concordia
24085,Bosque Real,Fraccionamiento,Campeche,Campeche,San Francisco de Campeche,Urbano,https://postali.app/mx/campeche/campeche/bosque-real
24085,Ciudad Concordia,Unidad habitacional,Campeche,Campeche,San Francisco de Campeche,Urbano,https://postali.app/mx/campeche/campeche/ciudad-concordia
24085,Invasión Esperanza,Colonia,Campeche,Campeche,San Francisco de Campeche,Urbano,https://postali.app/mx/campeche/campeche/invasion-esperanza
24085,Kala,Unidad habitacional,Campeche,Campeche,San Francisco de Campeche,Urbano,https://postali.app/mx/campeche/campeche/kala
24085,Murallas FSTSE,Fraccionamiento,Campeche,Campeche,San Francisco de Campeche,Urbano,https://postali.app/mx/campeche/campeche/murallas-fstse
24085,Ramón Espíndola Blanco,Fraccionamiento,Campeche,Campeche,San Francisco de Campeche,Urbano,https://postali.app/mx/campeche/campeche/ramon-espindola-blanco
24085,Residencial La Hacienda,Fraccionamiento,Campeche,Campeche,San Francisco de Campeche,Urbano,https://postali.app/mx/campeche/campeche/residencial-la-hacienda
24085,Villas de Kala,Fraccionamiento,Campeche,Campeche,San Francisco de Campeche,Urbano,https://postali.app/mx/campeche/campeche/villas-de-kala
24086,Santa Lucía,Colonia,Campeche,Campeche,San Francisco de Campeche,Urbano,https://postali.app/mx/campeche/campeche/santa-lucia-24086
24086,Villa Flora,Colonia,Campeche,Campeche,San Francisco de Campeche,Urbano,https://postali.app/mx/campeche/campeche/villa-flora
24086,Villa Turquesa,Fraccionamiento,Campeche,Campeche,San Francisco de Campeche,Urbano,https://postali.app/mx/campeche/campeche/villa-turquesa
24087,Ampliación Kala,Fraccionamiento,Campeche,Campeche,San Francisco de Campeche,Urbano,https://postali.app/mx/campeche/campeche/ampliacion-kala
24087,Caminero,Fraccionamiento,Campeche,Campeche,San Francisco de Campeche,Urbano,https://postali.app/mx/campeche/campeche/caminero
24087,Colonial Campeche,Fraccionamiento,Campeche,Campeche,San Francisco de Campeche,Urbano,https://postali.app/mx/campeche/campeche/colonial-campeche
24087,Eduardo J. Lavalle Urbina,Fraccionamiento,Campeche,Campeche,San Francisco de Campeche,Urbano,https://postali.app/mx/campeche/campeche/eduardo-j-lavalle-urbina
24087,Hacienda San Antonio,Colonia,Campeche,Campeche,San Francisco de Campeche,Urbano,https://postali.app/mx/campeche/campeche/hacienda-san-antonio
24087,Los Reyes,Fraccionamiento,Campeche,Campeche,San Francisco de Campeche,Urbano,https://postali.app/mx/campeche/campeche/los-reyes
24087,Privada Exhacienda Kala,Fraccionamiento,Campeche,Campeche,San Francisco de Campeche,Urbano,https://postali.app/mx/campeche/campeche/privada-exhacienda-kala
24087,Privada Residencial Colonial,Fraccionamiento,Campeche,Campeche,San Francisco de Campeche,Urbano,https://postali.app/mx/campeche/campeche/privada-residencial-colonial
24087,Terranova,Fraccionamiento,Campeche,Campeche,San Francisco de Campeche,Urbano,https://postali.app/mx/campeche/campeche/terranova
24087,Tula,Fraccionamiento,Campeche,Campeche,San Francisco de Campeche,Urbano,https://postali.app/mx/campeche/campeche/tula
24087,Vista Hermosa,Fraccionamiento,Campeche,Campeche,San Francisco de Campeche,Urbano,https://postali.app/mx/campeche/campeche/vista-hermosa
24088,Alameda,Fraccionamiento,Campeche,Campeche,San Francisco de Campeche,Urbano,https://postali.app/mx/campeche/campeche/alameda
24088,Colonia,Fraccionamiento,Campeche,Campeche,San Francisco de Campeche,Urbano,https://postali.app/mx/campeche/campeche/colonia
24088,El Vergel,Fraccionamiento,Campeche,Campeche,San Francisco de Campeche,Urbano,https://postali.app/mx/campeche/campeche/el-vergel
24088,Fénix,Colonia,Campeche,Campeche,San Francisco de Campeche,Urbano,https://postali.app/mx/campeche/campeche/fenix
24088,Guadalupe Victoria,Fraccionamiento,Campeche,Campeche,San Francisco de Campeche,Urbano,https://postali.app/mx/campeche/campeche/guadalupe-victoria
24088,Héroes de la Revolución,Fraccionamiento,Campeche,Campeche,San Francisco de Campeche,Urbano,https://postali.app/mx/campeche/campeche/heroes-de-la-revolucion
24088,Independencia,Fraccionamiento,Campeche,Campeche,San Francisco de Campeche,Urbano,https://postali.app/mx/campeche/campeche/independencia
24088,Insurgentes,Fraccionamiento,Campeche,Campeche,San Francisco de Campeche,Urbano,https://postali.app/mx/campeche/campeche/insurgentes
24088,Las Arboledas,Fraccionamiento,Campeche,Campeche,San Francisco de Campeche,Urbano,https://postali.app/mx/campeche/campeche/las-arboledas
24088,Los Cedros,Fraccionamiento,Campeche,Campeche,San Francisco de Campeche,Urbano,https://postali.app/mx/campeche/campeche/los-cedros
24088,Los Álamos,Fraccionamiento,Campeche,Campeche,San Francisco de Campeche,Urbano,https://postali.app/mx/campeche/campeche/los-alamos
24088,Paseo de Campeche,Fraccionamiento,Campeche,Campeche,San Francisco de Campeche,Urbano,https://postali.app/mx/campeche/campeche/paseo-de-campeche
24088,Presidentes de México,Unidad habitacional,Campeche,Campeche,San Francisco de Campeche,Urbano,https://postali.app/mx/campeche/campeche/presidentes-de-mexico
24088,Reforma,Fraccionamiento,Campeche,Campeche,San Francisco de Campeche,Urbano,https://postali.app/mx/campeche/campeche/reforma
24088,Unidad y Trabajo Plan-chac,Unidad habitacional,Campeche,Campeche,San Francisco de Campeche,Urbano,https://postali.app/mx/campeche/campeche/unidad-y-trabajo-plan-chac
24088,Villa Naranjos,Fraccionamiento,Campeche,Campeche,San Francisco de Campeche,Urbano,https://postali.app/mx/campeche/campeche/villa-naranjos
24088,Villas la Hacienda,Fraccionamiento,Campeche,Campeche,San Francisco de Campeche,Urbano,https://postali.app/mx/campeche/campeche/villas-la-hacienda
24088,VIVAH,Fraccionamiento,Campeche,Campeche,San Francisco de Campeche,Urbano,https://postali.app/mx/campeche/campeche/vivah
24089,Peña,Colonia,Campeche,Campeche,San Francisco de Campeche,Urbano,https://postali.app/mx/campeche/campeche/pena
24090,Ampliación San Rafael,Colonia,Campeche,Campeche,San Francisco de Campeche,Urbano,https://postali.app/mx/campeche/campeche/ampliacion-san-rafael
24090,Flor de Liz,Fraccionamiento,Campeche,Campeche,San Francisco de Campeche,Urbano,https://postali.app/mx/campeche/campeche/flor-de-liz
24090,Fracciorama 2000,Fraccionamiento,Campeche,Campeche,San Francisco de Campeche,Urbano,https://postali.app/mx/campeche/campeche/fracciorama-2000
24090,Girasoles,Fraccionamiento,Campeche,Campeche,San Francisco de Campeche,Urbano,https://postali.app/mx/campeche/campeche/girasoles
24090,INFONAVIT Samula,Fraccionamiento,Campeche,Campeche,San Francisco de Campeche,Urbano,https://postali.app/mx/campeche/campeche/infonavit-samula
24090,La Vista,Fraccionamiento,Campeche,Campeche,San Francisco de Campeche,Urbano,https://postali.app/mx/campeche/campeche/la-vista
24090,Las Campanillas,Fraccionamiento,Campeche,Campeche,San Francisco de Campeche,Urbano,https://postali.app/mx/campeche/campeche/las-campanillas
24090,Los Sauces,Fraccionamiento,Campeche,Campeche,San Francisco de Campeche,Urbano,https://postali.app/mx/campeche/campeche/los-sauces
24090,Nueva Era,Colonia,Campeche,Campeche,San Francisco de Campeche,Urbano,https://postali.app/mx/campeche/campeche/nueva-era
24090,Residencial Villas Colosio,Fraccionamiento,Campeche,Campeche,San Francisco de Campeche,Urbano,https://postali.app/mx/campeche/campeche/residencial-villas-colosio
24090,Rinconada Samula,Fraccionamiento,Campeche,Campeche,San Francisco de Campeche,Urbano,https://postali.app/mx/campeche/campeche/rinconada-samula
24090,Samulá,Colonia,Campeche,Campeche,San Francisco de Campeche,Urbano,https://postali.app/mx/campeche/campeche/samula
24090,San Andrés,Fraccionamiento,Campeche,Campeche,San Francisco de Campeche,Urbano,https://postali.app/mx/campeche/campeche/san-andres
24090,San Rafael,Colonia,Campeche,Campeche,San Francisco de Campeche,Urbano,https://postali.app/mx/campeche/campeche/san-rafael
24090,Valle del Sol,Unidad habitacional,Campeche,Campeche,San Francisco de Campeche,Urbano,https://postali.app/mx/campeche/campeche/valle-del-sol
24090,Villa Jazmín,Fraccionamiento,Campeche,Campeche,San Francisco de Campeche,Urbano,https://postali.app/mx/campeche/campeche/villa-jazmin
24090,Villas de Samula,Fraccionamiento,Campeche,Campeche,San Francisco de Campeche,Urbano,https://postali.app/mx/campeche/campeche/villas-de-samula
24090,Villas Residencial,Fraccionamiento,Campeche,Campeche,San Francisco de Campeche,Urbano,https://postali.app/mx/campeche/campeche/villas-residencial
24093,Residencial La Arboleda,Fraccionamiento,Campeche,Campeche,San Francisco de Campeche,Urbano,https://postali.app/mx/campeche/campeche/residencial-la-arboleda
24093,Villas Residencial (Ix-Lol-Be),Unidad habitacional,Campeche,Campeche,San Francisco de Campeche,Urbano,https://postali.app/mx/campeche/campeche/villas-residencial-ix-lol-be
24094,Ampliación Ignacio Zaragoza,Colonia,Campeche,Campeche,San Francisco de Campeche,Urbano,https://postali.app/mx/campeche/campeche/ampliacion-ignacio-zaragoza
24094,Ampliación Miguel Hidalgo,Colonia,Campeche,Campeche,San Francisco de Campeche,Urbano,https://postali.app/mx/campeche/campeche/ampliacion-miguel-hidalgo
24094,Ampliación Samulá,Colonia,Campeche,Campeche,San Francisco de Campeche,Urbano,https://postali.app/mx/campeche/campeche/ampliacion-samula
24094,Esmeralda,Fraccionamiento,Campeche,Campeche,San Francisco de Campeche,Urbano,https://postali.app/mx/campeche/campeche/esmeralda
24094,La Cañada,Fraccionamiento,Campeche,Campeche,San Francisco de Campeche,Urbano,https://postali.app/mx/campeche/campeche/la-canada
24094,Miguel Hidalgo,Colonia,Campeche,Campeche,San Francisco de Campeche,Urbano,https://postali.app/mx/campeche/campeche/miguel-hidalgo
24094,Miramar,Fraccionamiento,Campeche,Campeche,San Francisco de Campeche,Urbano,https://postali.app/mx/campeche/campeche/miramar-24094
24094,Sinaí,Colonia,Campeche,Campeche,San Francisco de Campeche,Urbano,https://postali.app/mx/campeche/campeche/sinai
24094,Villa Laureles II,Fraccionamiento,Campeche,Campeche,San Francisco de Campeche,Urbano,https://postali.app/mx/campeche/campeche/villa-laureles-ii
24095,18 de Marzo,Fraccionamiento,Campeche,Campeche,San Francisco de Campeche,Urbano,https://postali.app/mx/campeche/campeche/18-de-marzo
24095,El Doral,Fraccionamiento,Campeche,Campeche,San Francisco de Campeche,Urbano,https://postali.app/mx/campeche/campeche/el-doral
24095,La Rivera,Fraccionamiento,Campeche,Campeche,San Francisco de Campeche,Urbano,https://postali.app/mx/campeche/campeche/la-rivera
24095,Lázaro Cárdenas,Colonia,Campeche,Campeche,San Francisco de Campeche,Urbano,https://postali.app/mx/campeche/campeche/lazaro-cardenas
24095,Multunchac,Colonia,Campeche,Campeche,San Francisco de Campeche,Urbano,https://postali.app/mx/campeche/campeche/multunchac
24095,Reforma Agraria,Fraccionamiento,Campeche,Campeche,San Francisco de Campeche,Urbano,https://postali.app/mx/campeche/campeche/reforma-agraria
24095,Residencial los Almendros,Fraccionamiento,Campeche,Campeche,San Francisco de Campeche,Urbano,https://postali.app/mx/campeche/campeche/residencial-los-almendros
24095,Residencial San Francisco,Fraccionamiento,Campeche,Campeche,San Francisco de Campeche,Urbano,https://postali.app/mx/campeche/campeche/residencial-san-francisco
24095,Sascalum,Colonia,Campeche,Campeche,San Francisco de Campeche,Urbano,https://postali.app/mx/campeche/campeche/sascalum
24095,Villa Dalias,Fraccionamiento,Campeche,Campeche,San Francisco de Campeche,Urbano,https://postali.app/mx/campeche/campeche/villa-dalias
24095,Villa Laureles,Fraccionamiento,Campeche,Campeche,San Francisco de Campeche,Urbano,https://postali.app/mx/campeche/campeche/villa-laureles
24096,Guadalajara,Fraccionamiento,Campeche,Campeche,San Francisco de Campeche,Urbano,https://postali.app/mx/campeche/campeche/guadalajara
24096,Lindavista C.T.M.,Unidad habitacional,Campeche,Campeche,San Francisco de Campeche,Urbano,https://postali.app/mx/campeche/campeche/lindavista-c-t-m
24096,Los Laureles,Fraccionamiento,Campeche,Campeche,San Francisco de Campeche,Urbano,https://postali.app/mx/campeche/campeche/los-laureles
24096,Tepeyac,Colonia,Campeche,Campeche,San Francisco de Campeche,Urbano,https://postali.app/mx/campeche/campeche/tepeyac
24097,Bugambilias,Fraccionamiento,Campeche,Campeche,San Francisco de Campeche,Urbano,https://postali.app/mx/campeche/campeche/bugambilias
24097,Las Flores,Unidad habitacional,Campeche,Campeche,San Francisco de Campeche,Urbano,https://postali.app/mx/campeche/campeche/las-flores
24097,Las Rosas,Fraccionamiento,Campeche,Campeche,San Francisco de Campeche,Urbano,https://postali.app/mx/campeche/campeche/las-rosas
24097,Santa Cecilia,Fraccionamiento,Campeche,Campeche,San Francisco de Campeche,Urbano,https://postali.app/mx/campeche/campeche/santa-cecilia
24098,Ignacio Zaragoza,Colonia,Campeche,Campeche,San Francisco de Campeche,Urbano,https://postali.app/mx/campeche/campeche/ignacio-zaragoza
24098,Lomas de Zaragoza,Fraccionamiento,Campeche,Campeche,San Francisco de Campeche,Urbano,https://postali.app/mx/campeche/campeche/lomas-de-zaragoza
24099,Ampliación San Antonio,Colonia,Campeche,Campeche,San Francisco de Campeche,Urbano,https://postali.app/mx/campeche/campeche/ampliacion-san-antonio
24099,Lomas de San Rafael,Fraccionamiento,Campeche,Campeche,San Francisco de Campeche,Urbano,https://postali.app/mx/campeche/campeche/lomas-de-san-rafael
24099,San Antonio,Colonia,Campeche,Campeche,San Francisco de Campeche,Urbano,https://postali.app/mx/campeche/campeche/san-antonio
24099,San Rafael,Fraccionamiento,Campeche,Campeche,San Francisco de Campeche,Urbano,https://postali.app/mx/campeche/campeche/san-rafael-24099
24100,Ciudad del Carmen Centro,Colonia,Carmen,Campeche,Ciudad del Carmen,Urbano,https://postali.app/mx/campeche/carmen/ciudad-del-carmen-centro
24108,CERESO Ciudad del Carmen,Equipamiento,Carmen,Campeche,Ciudad del Carmen,Urbano,https://postali.app/mx/campeche/carmen/cereso-ciudad-del-carmen
24110,1 de Mayo (Playón),Colonia,Carmen,Campeche,Ciudad del Carmen,Urbano,https://postali.app/mx/campeche/carmen/1-de-mayo-playon
24110,Caleta,Colonia,Carmen,Campeche,Ciudad del Carmen,Urbano,https://postali.app/mx/campeche/carmen/caleta
24110,Fátima,Colonia,Carmen,Campeche,Ciudad del Carmen,Urbano,https://postali.app/mx/campeche/carmen/fatima
24110,Héctor Pérez Martínez,Colonia,Carmen,Campeche,Ciudad del Carmen,Urbano,https://postali.app/mx/campeche/carmen/hector-perez-martinez
24110,San Agustin del Palmar,Colonia,Carmen,Campeche,Ciudad del Carmen,Urbano,https://postali.app/mx/campeche/carmen/san-agustin-del-palmar
24114,Justo Sierra,Colonia,Carmen,Campeche,Ciudad del Carmen,Urbano,https://postali.app/mx/campeche/carmen/justo-sierra
24115,Marina del Rey,Fraccionamiento,Carmen,Campeche,Ciudad del Carmen,Urbano,https://postali.app/mx/campeche/carmen/marina-del-rey
24115,Miami,Colonia,Carmen,Campeche,Ciudad del Carmen,Urbano,https://postali.app/mx/campeche/carmen/miami
24115,Monte Bello,Fraccionamiento,Carmen,Campeche,Ciudad del Carmen,Urbano,https://postali.app/mx/campeche/carmen/monte-bello
24115,Morelos,Colonia,Carmen,Campeche,Ciudad del Carmen,Urbano,https://postali.app/mx/campeche/carmen/morelos
24115,Playa Norte,Colonia,Carmen,Campeche,Ciudad del Carmen,Urbano,https://postali.app/mx/campeche/carmen/playa-norte
24116,Boquerón del Palmar,Colonia,Carmen,Campeche,Ciudad del Carmen,Urbano,https://postali.app/mx/campeche/carmen/boqueron-del-palmar
24116,San Carlos,Colonia,Carmen,Campeche,Ciudad del Carmen,Urbano,https://postali.app/mx/campeche/carmen/san-carlos
24117,Obrera,Colonia,Carmen,Campeche,Ciudad del Carmen,Urbano,https://postali.app/mx/campeche/carmen/obrera
24118,San Nicolás,Colonia,Carmen,Campeche,Ciudad del Carmen,Urbano,https://postali.app/mx/campeche/carmen/san-nicolas
24119,Aeropuerto,Colonia,Carmen,Campeche,Ciudad del Carmen,Urbano,https://postali.app/mx/campeche/carmen/aeropuerto
24119,Ciudad del Carmen (Ciudad del Carmen),Aeropuerto,Carmen,Campeche,Ciudad del Carmen,Urbano,https://postali.app/mx/campeche/carmen/ciudad-del-carmen-ciudad-del-carmen
24120,Electricistas,Colonia,Carmen,Campeche,Ciudad del Carmen,Urbano,https://postali.app/mx/campeche/carmen/electricistas
24120,Revolución,Colonia,Carmen,Campeche,Ciudad del Carmen,Urbano,https://postali.app/mx/campeche/carmen/revolucion
24120,Santa Margarita,Colonia,Carmen,Campeche,Ciudad del Carmen,Urbano,https://postali.app/mx/campeche/carmen/santa-margarita
24129,Puerto Pesquero,Colonia,Carmen,Campeche,Ciudad del Carmen,Urbano,https://postali.app/mx/campeche/carmen/puerto-pesquero
24130,20 de Noviembre,Colonia,Carmen,Campeche,Ciudad del Carmen,Urbano,https://postali.app/mx/campeche/carmen/20-de-noviembre
24130,Guadalupe,Colonia,Carmen,Campeche,Ciudad del Carmen,Urbano,https://postali.app/mx/campeche/carmen/guadalupe
24130,San Miguel,Colonia,Carmen,Campeche,Ciudad del Carmen,Urbano,https://postali.app/mx/campeche/carmen/san-miguel
24139,Guanal,Colonia,Carmen,Campeche,Ciudad del Carmen,Urbano,https://postali.app/mx/campeche/carmen/guanal
24139,Puntilla,Colonia,Carmen,Campeche,Ciudad del Carmen,Urbano,https://postali.app/mx/campeche/carmen/puntilla
24140,Pallas,Colonia,Carmen,Campeche,Ciudad del Carmen,Urbano,https://postali.app/mx/campeche/carmen/pallas
24150,Belisario Domínguez,Colonia,Carmen,Campeche,Ciudad del Carmen,Urbano,https://postali.app/mx/campeche/carmen/belisario-dominguez
24150,La Rivera,Colonia,Carmen,Campeche,Ciudad del Carmen,Urbano,https://postali.app/mx/campeche/carmen/la-rivera
24150,Luis Donaldo Colosio,Colonia,Carmen,Campeche,Ciudad del Carmen,Urbano,https://postali.app/mx/campeche/carmen/luis-donaldo-colosio
24153,Mundo Maya,Fraccionamiento,Carmen,Campeche,Ciudad del Carmen,Urbano,https://postali.app/mx/campeche/carmen/mundo-maya
24153,Residencial Las Palmas,Fraccionamiento,Carmen,Campeche,Ciudad del Carmen,Urbano,https://postali.app/mx/campeche/carmen/residencial-las-palmas
24154,Arcila,Fraccionamiento,Carmen,Campeche,Ciudad del Carmen,Urbano,https://postali.app/mx/campeche/carmen/arcila
24154,Compositores,Colonia,Carmen,Campeche,Ciudad del Carmen,Urbano,https://postali.app/mx/campeche/carmen/compositores
24154,Isla del Carmen 2000,Fraccionamiento,Carmen,Campeche,Ciudad del Carmen,Urbano,https://postali.app/mx/campeche/carmen/isla-del-carmen-2000
24154,Los Arcos,Fraccionamiento,Carmen,Campeche,Ciudad del Carmen,Urbano,https://postali.app/mx/campeche/carmen/los-arcos
24154,Los Ríos,Fraccionamiento,Carmen,Campeche,Ciudad del Carmen,Urbano,https://postali.app/mx/campeche/carmen/los-rios
24154,Maderas,Colonia,Carmen,Campeche,Ciudad del Carmen,Urbano,https://postali.app/mx/campeche/carmen/maderas
24154,Palmira,Fraccionamiento,Carmen,Campeche,Ciudad del Carmen,Urbano,https://postali.app/mx/campeche/carmen/palmira
24154,Perla del Golfo,Fraccionamiento,Carmen,Campeche,Ciudad del Carmen,Urbano,https://postali.app/mx/campeche/carmen/perla-del-golfo
24154,Pueblo Maya,Fraccionamiento,Carmen,Campeche,Ciudad del Carmen,Urbano,https://postali.app/mx/campeche/carmen/pueblo-maya
24154,Puente de La Unidad,Fraccionamiento,Carmen,Campeche,Ciudad del Carmen,Urbano,https://postali.app/mx/campeche/carmen/puente-de-la-unidad
24154,Rafael del J Lozano Contreras,Fraccionamiento,Carmen,Campeche,Ciudad del Carmen,Urbano,https://postali.app/mx/campeche/carmen/rafael-del-j-lozano-contreras
24154,San Francisco,Fraccionamiento,Carmen,Campeche,Ciudad del Carmen,Urbano,https://postali.app/mx/campeche/carmen/san-francisco
24154,San Manuel,Fraccionamiento,Carmen,Campeche,Ciudad del Carmen,Urbano,https://postali.app/mx/campeche/carmen/san-manuel
24155,23 de Julio,Colonia,Carmen,Campeche,Ciudad del Carmen,Urbano,https://postali.app/mx/campeche/carmen/23-de-julio
24155,Bugambilias,Fraccionamiento,Carmen,Campeche,Ciudad del Carmen,Urbano,https://postali.app/mx/campeche/carmen/bugambilias
24155,Isla de Tris,Colonia,Carmen,Campeche,Ciudad del Carmen,Urbano,https://postali.app/mx/campeche/carmen/isla-de-tris
24155,Plutarco Elías Calles,Colonia,Carmen,Campeche,Ciudad del Carmen,Urbano,https://postali.app/mx/campeche/carmen/plutarco-elias-calles
24155,Renovación I,Colonia,Carmen,Campeche,Ciudad del Carmen,Urbano,https://postali.app/mx/campeche/carmen/renovacion-i
24155,Renovación II,Colonia,Carmen,Campeche,Ciudad del Carmen,Urbano,https://postali.app/mx/campeche/carmen/renovacion-ii
24155,Renovación III,Colonia,Carmen,Campeche,Ciudad del Carmen,Urbano,https://postali.app/mx/campeche/carmen/renovacion-iii
24155,San Capistrano,Fraccionamiento,Carmen,Campeche,Ciudad del Carmen,Urbano,https://postali.app/mx/campeche/carmen/san-capistrano
24155,Santa Mónica,Fraccionamiento,Carmen,Campeche,Ciudad del Carmen,Urbano,https://postali.app/mx/campeche/carmen/santa-monica
24155,Solidaridad Urbana,Colonia,Carmen,Campeche,Ciudad del Carmen,Urbano,https://postali.app/mx/campeche/carmen/solidaridad-urbana
24155,Villa Conejo,Fraccionamiento,Carmen,Campeche,Ciudad del Carmen,Urbano,https://postali.app/mx/campeche/carmen/villa-conejo
24155,Villa San José,Fraccionamiento,Carmen,Campeche,Ciudad del Carmen,Urbano,https://postali.app/mx/campeche/carmen/villa-san-jose
24155,Villa Universitaria,Fraccionamiento,Carmen,Campeche,Ciudad del Carmen,Urbano,https://postali.app/mx/campeche/carmen/villa-universitaria
24155,Villas de Santa Ana,Fraccionamiento,Carmen,Campeche,Ciudad del Carmen,Urbano,https://postali.app/mx/campeche/carmen/villas-de-santa-ana
24155,Volcanes,Colonia,Carmen,Campeche,Ciudad del Carmen,Urbano,https://postali.app/mx/campeche/carmen/volcanes
24156,El Dorado,Fraccionamiento,Carmen,Campeche,Ciudad del Carmen,Urbano,https://postali.app/mx/campeche/carmen/el-dorado
24156,Mediterráneo,Fraccionamiento,Carmen,Campeche,Ciudad del Carmen,Urbano,https://postali.app/mx/campeche/carmen/mediterraneo
24156,Puerta de Hierro,Fraccionamiento,Carmen,Campeche,Ciudad del Carmen,Urbano,https://postali.app/mx/campeche/carmen/puerta-de-hierro
24156,Residencial El Cielo,Fraccionamiento,Carmen,Campeche,Ciudad del Carmen,Urbano,https://postali.app/mx/campeche/carmen/residencial-el-cielo
24156,Villa de Los Ángeles,Fraccionamiento,Carmen,Campeche,Ciudad del Carmen,Urbano,https://postali.app/mx/campeche/carmen/villa-de-los-angeles
24156,Villa del Mar,Fraccionamiento,Carmen,Campeche,Ciudad del Carmen,Urbano,https://postali.app/mx/campeche/carmen/villa-del-mar
24156,Villa Encantada,Fraccionamiento,Carmen,Campeche,Ciudad del Carmen,Urbano,https://postali.app/mx/campeche/carmen/villa-encantada
24156,Villa Florencia,Fraccionamiento,Carmen,Campeche,Ciudad del Carmen,Urbano,https://postali.app/mx/campeche/carmen/villa-florencia
24157,18 de Marzo,Fraccionamiento,Carmen,Campeche,Ciudad del Carmen,Urbano,https://postali.app/mx/campeche/carmen/18-de-marzo
24157,Bicentenario,Unidad habitacional,Carmen,Campeche,Ciudad del Carmen,Urbano,https://postali.app/mx/campeche/carmen/bicentenario
24157,Buenavista,Fraccionamiento,Carmen,Campeche,Ciudad del Carmen,Urbano,https://postali.app/mx/campeche/carmen/buenavista
24157,Canterías,Fraccionamiento,Carmen,Campeche,Ciudad del Carmen,Urbano,https://postali.app/mx/campeche/carmen/canterias
24157,Club Residencial Azul,Fraccionamiento,Carmen,Campeche,Ciudad del Carmen,Urbano,https://postali.app/mx/campeche/carmen/club-residencial-azul
24157,Evergreén,Fraccionamiento,Carmen,Campeche,Ciudad del Carmen,Urbano,https://postali.app/mx/campeche/carmen/evergreen
24157,Girasoles,Fraccionamiento,Carmen,Campeche,Ciudad del Carmen,Urbano,https://postali.app/mx/campeche/carmen/girasoles
24157,Hacienda del Mar,Fraccionamiento,Carmen,Campeche,Ciudad del Carmen,Urbano,https://postali.app/mx/campeche/carmen/hacienda-del-mar
24157,Hacienda Dorada,Fraccionamiento,Carmen,Campeche,Ciudad del Carmen,Urbano,https://postali.app/mx/campeche/carmen/hacienda-dorada
24157,José Ortiz Ávila,Colonia,Carmen,Campeche,Ciudad del Carmen,Urbano,https://postali.app/mx/campeche/carmen/jose-ortiz-avila
24157,La Esperanza,Fraccionamiento,Carmen,Campeche,Ciudad del Carmen,Urbano,https://postali.app/mx/campeche/carmen/la-esperanza
24157,Las Esperanzas,Fraccionamiento,Carmen,Campeche,Ciudad del Carmen,Urbano,https://postali.app/mx/campeche/carmen/las-esperanzas
24157,Mar Azul,Fraccionamiento,Carmen,Campeche,Ciudad del Carmen,Urbano,https://postali.app/mx/campeche/carmen/mar-azul
24157,Misión del Carmen,Fraccionamiento,Carmen,Campeche,Ciudad del Carmen,Urbano,https://postali.app/mx/campeche/carmen/mision-del-carmen
24157,Paseo de los Bosques,Fraccionamiento,Carmen,Campeche,Ciudad del Carmen,Urbano,https://postali.app/mx/campeche/carmen/paseo-de-los-bosques
24157,Playa Palmas,Fraccionamiento,Carmen,Campeche,Ciudad del Carmen,Urbano,https://postali.app/mx/campeche/carmen/playa-palmas
24157,Privada San Joaquín,Fraccionamiento,Carmen,Campeche,Ciudad del Carmen,Urbano,https://postali.app/mx/campeche/carmen/privada-san-joaquin
24157,Privada Santa Ana,Fraccionamiento,Carmen,Campeche,Ciudad del Carmen,Urbano,https://postali.app/mx/campeche/carmen/privada-santa-ana
24157,Privanzas,Fraccionamiento,Carmen,Campeche,Ciudad del Carmen,Urbano,https://postali.app/mx/campeche/carmen/privanzas
24157,Puesta del Sol,Fraccionamiento,Carmen,Campeche,Ciudad del Carmen,Urbano,https://postali.app/mx/campeche/carmen/puesta-del-sol
24157,Raíces,Fraccionamiento,Carmen,Campeche,Ciudad del Carmen,Urbano,https://postali.app/mx/campeche/carmen/raices
24157,Real del Carmen,Fraccionamiento,Carmen,Campeche,Ciudad del Carmen,Urbano,https://postali.app/mx/campeche/carmen/real-del-carmen
24157,Reforma II Sección,Fraccionamiento,Carmen,Campeche,Ciudad del Carmen,Urbano,https://postali.app/mx/campeche/carmen/reforma-ii-seccion
24157,Residencial San Miguel,Fraccionamiento,Carmen,Campeche,Ciudad del Carmen,Urbano,https://postali.app/mx/campeche/carmen/residencial-san-miguel
24157,Residencial Vistancias,Fraccionamiento,Carmen,Campeche,Ciudad del Carmen,Urbano,https://postali.app/mx/campeche/carmen/residencial-vistancias
24157,Rinconada,Fraccionamiento,Carmen,Campeche,Ciudad del Carmen,Urbano,https://postali.app/mx/campeche/carmen/rinconada
24157,San Joaquín,Fraccionamiento,Carmen,Campeche,Ciudad del Carmen,Urbano,https://postali.app/mx/campeche/carmen/san-joaquin
24157,San Joaquín,Colonia,Carmen,Campeche,Ciudad del Carmen,Urbano,https://postali.app/mx/campeche/carmen/san-joaquin-24157
24157,San Román,Fraccionamiento,Carmen,Campeche,Ciudad del Carmen,Urbano,https://postali.app/mx/campeche/carmen/san-roman
24157,Santa Isabel,Fraccionamiento,Carmen,Campeche,Ciudad del Carmen,Urbano,https://postali.app/mx/campeche/carmen/santa-isabel
24157,Turquesa,Fraccionamiento,Carmen,Campeche,Ciudad del Carmen,Urbano,https://postali.app/mx/campeche/carmen/turquesa
24157,Villa Magna,Fraccionamiento,Carmen,Campeche,Ciudad del Carmen,Urbano,https://postali.app/mx/campeche/carmen/villa-magna
24157,Villa Marina,Fraccionamiento,Carmen,Campeche,Ciudad del Carmen,Urbano,https://postali.app/mx/campeche/carmen/villa-marina
24157,Villa Palmeras,Fraccionamiento,Carmen,Campeche,Ciudad del Carmen,Urbano,https://postali.app/mx/campeche/carmen/villa-palmeras
24157,Villas del Carmen,Fraccionamiento,Carmen,Campeche,Ciudad del Carmen,Urbano,https://postali.app/mx/campeche/carmen/villas-del-carmen
24158,Bivalbo,Fraccionamiento,Carmen,Campeche,Ciudad del Carmen,Urbano,https://postali.app/mx/campeche/carmen/bivalbo
24158,Constelaciones,Fraccionamiento,Carmen,Campeche,Ciudad del Carmen,Urbano,https://postali.app/mx/campeche/carmen/constelaciones
24158,Constelaciones II,Fraccionamiento,Carmen,Campeche,Ciudad del Carmen,Urbano,https://postali.app/mx/campeche/carmen/constelaciones-ii
24158,El Potrero,Fraccionamiento,Carmen,Campeche,Ciudad del Carmen,Urbano,https://postali.app/mx/campeche/carmen/el-potrero
24158,Héroes de Nacozari,Fraccionamiento,Carmen,Campeche,Ciudad del Carmen,Urbano,https://postali.app/mx/campeche/carmen/heroes-de-nacozari
24158,Las Huertas,Fraccionamiento,Carmen,Campeche,Ciudad del Carmen,Urbano,https://postali.app/mx/campeche/carmen/las-huertas
24158,Mujeres Carmelitas,Fraccionamiento,Carmen,Campeche,Ciudad del Carmen,Urbano,https://postali.app/mx/campeche/carmen/mujeres-carmelitas
24158,Orizaba,Fraccionamiento,Carmen,Campeche,Ciudad del Carmen,Urbano,https://postali.app/mx/campeche/carmen/orizaba
24158,Reforma,Fraccionamiento,Carmen,Campeche,Ciudad del Carmen,Urbano,https://postali.app/mx/campeche/carmen/reforma
24158,Residencial del Lago,Fraccionamiento,Carmen,Campeche,Ciudad del Carmen,Urbano,https://postali.app/mx/campeche/carmen/residencial-del-lago
24158,Santa Rita,Fraccionamiento,Carmen,Campeche,Ciudad del Carmen,Urbano,https://postali.app/mx/campeche/carmen/santa-rita
24160,Burócrata,Colonia,Carmen,Campeche,Ciudad del Carmen,Urbano,https://postali.app/mx/campeche/carmen/burocrata
24166,Justo Sierra,Fraccionamiento,Carmen,Campeche,Ciudad del Carmen,Urbano,https://postali.app/mx/campeche/carmen/justo-sierra-24166
24167,Lomas de Holche,Fraccionamiento,Carmen,Campeche,Ciudad del Carmen,Urbano,https://postali.app/mx/campeche/carmen/lomas-de-holche
24169,Asa Poniente,Colonia,Carmen,Campeche,Ciudad del Carmen,Urbano,https://postali.app/mx/campeche/carmen/asa-poniente
24169,Camaroneros,Fraccionamiento,Carmen,Campeche,Ciudad del Carmen,Urbano,https://postali.app/mx/campeche/carmen/camaroneros
24170,Aviación,Colonia,Carmen,Campeche,Ciudad del Carmen,Urbano,https://postali.app/mx/campeche/carmen/aviacion
24170,Cuauhtémoc,Colonia,Carmen,Campeche,Ciudad del Carmen,Urbano,https://postali.app/mx/campeche/carmen/cuauhtemoc
24170,Tila,Colonia,Carmen,Campeche,Ciudad del Carmen,Urbano,https://postali.app/mx/campeche/carmen/tila
24178,Tecolutla,Colonia,Carmen,Campeche,Ciudad del Carmen,Urbano,https://postali.app/mx/campeche/carmen/tecolutla
24179,Petrolera,Colonia,Carmen,Campeche,Ciudad del Carmen,Urbano,https://postali.app/mx/campeche/carmen/petrolera
24180,Benito Juárez,Colonia,Carmen,Campeche,Ciudad del Carmen,Urbano,https://postali.app/mx/campeche/carmen/benito-juarez
24180,Benito Juárez 2,Colonia,Carmen,Campeche,Ciudad del Carmen,Urbano,https://postali.app/mx/campeche/carmen/benito-juarez-2
24180,Limonar,Colonia,Carmen,Campeche,Ciudad del Carmen,Urbano,https://postali.app/mx/campeche/carmen/limonar
24180,Tacubaya,Colonia,Carmen,Campeche,Ciudad del Carmen,Urbano,https://postali.app/mx/campeche/carmen/tacubaya
24185,Estrella,Colonia,Carmen,Campeche,Ciudad del Carmen,Urbano,https://postali.app/mx/campeche/carmen/estrella
24186,Miguel de La Madrid,Colonia,Carmen,Campeche,Ciudad del Carmen,Urbano,https://postali.app/mx/campeche/carmen/miguel-de-la-madrid
24187,Manigua,Colonia,Carmen,Campeche,Ciudad del Carmen,Urbano,https://postali.app/mx/campeche/carmen/manigua
24188,Caracol,Colonia,Carmen,Campeche,Ciudad del Carmen,Urbano,https://postali.app/mx/campeche/carmen/caracol
24189,Salitral,Colonia,Carmen,Campeche,Ciudad del Carmen,Urbano,https://postali.app/mx/campeche/carmen/salitral
24190,Francisco I Madero,Colonia,Carmen,Campeche,Ciudad del Carmen,Urbano,https://postali.app/mx/campeche/carmen/francisco-i-madero
24195,Las Pilas,Colonia,Carmen,Campeche,Ciudad del Carmen,Urbano,https://postali.app/mx/campeche/carmen/las-pilas
24195,Pedro Sainz de Baranda,Colonia,Carmen,Campeche,Ciudad del Carmen,Urbano,https://postali.app/mx/campeche/carmen/pedro-sainz-de-baranda
24197,Independencia,Colonia,Carmen,Campeche,Ciudad del Carmen,Urbano,https://postali.app/mx/campeche/carmen/independencia
24197,Insurgentes,Colonia,Carmen,Campeche,Ciudad del Carmen,Urbano,https://postali.app/mx/campeche/carmen/insurgentes
24197,Malibrán,Colonia,Carmen,Campeche,Ciudad del Carmen,Urbano,https://postali.app/mx/campeche/carmen/malibran
24197,Santa Rosalía,Colonia,Carmen,Campeche,Ciudad del Carmen,Urbano,https://postali.app/mx/campeche/carmen/santa-rosalia
24198,Emiliano Zapata,Colonia,Carmen,Campeche,Ciudad del Carmen,Urbano,https://postali.app/mx/campeche/carmen/emiliano-zapata
24199,FOVISSSTE,Unidad habitacional,Carmen,Campeche,Ciudad del Carmen,Urbano,https://postali.app/mx/campeche/carmen/fovissste
24200,Aviación,Colonia,Palizada,Campeche,,Rural,https://postali.app/mx/campeche/palizada/aviacion
24200,Justicia Social,Conjunto habitacional,Palizada,Campeche,,Rural,https://postali.app/mx/campeche/palizada/justicia-social
24200,La Esperanza,Conjunto habitacional,Palizada,Campeche,,Rural,https://postali.app/mx/campeche/palizada/la-esperanza
24200,Palizada Centro,Colonia,Palizada,Campeche,,Rural,https://postali.app/mx/campeche/palizada/palizada-centro
24203,El Porvenir,Ranchería,Palizada,Campeche,,Rural,https://postali.app/mx/campeche/palizada/el-porvenir
24203,Lagón Dulce,Ranchería,Palizada,Campeche,,Rural,https://postali.app/mx/campeche/palizada/lagon-dulce
24203,Puerto Arturo,Ejido,Palizada,Campeche,,Rural,https://postali.app/mx/campeche/palizada/puerto-arturo
24204,El Mangal,Pueblo,Palizada,Campeche,,Rural,https://postali.app/mx/campeche/palizada/el-mangal
24204,Isla de San Isidro,Rancho,Palizada,Campeche,,Rural,https://postali.app/mx/campeche/palizada/isla-de-san-isidro
24204,Las Bodegas,Ejido,Palizada,Campeche,,Rural,https://postali.app/mx/campeche/palizada/las-bodegas
24204,Ribera de la Corriente,Ranchería,Palizada,Campeche,,Rural,https://postali.app/mx/campeche/palizada/ribera-de-la-corriente
24204,Ribera Gómez,Pueblo,Palizada,Campeche,,Rural,https://postali.app/mx/campeche/palizada/ribera-gomez
24204,Ribera San Eduardo,Pueblo,Palizada,Campeche,,Rural,https://postali.app/mx/campeche/palizada/ribera-san-eduardo
24204,Rivera de la Viuda,Ranchería,Palizada,Campeche,,Rural,https://postali.app/mx/campeche/palizada/rivera-de-la-viuda
24204,Tila,Ranchería,Palizada,Campeche,,Rural,https://postali.app/mx/campeche/palizada/tila
24205,Alamilla,Rancho,Palizada,Campeche,,Rural,https://postali.app/mx/campeche/palizada/alamilla
24205,El Borbotón,Ranchería,Palizada,Campeche,,Rural,https://postali.app/mx/campeche/palizada/el-borboton
24205,El Cuyo,Ranchería,Palizada,Campeche,,Rural,https://postali.app/mx/campeche/palizada/el-cuyo
24205,El Paraíso,Ranchería,Palizada,Campeche,,Rural,https://postali.app/mx/campeche/palizada/el-paraiso
24205,La Toza,Ranchería,Palizada,Campeche,,Rural,https://postali.app/mx/campeche/palizada/la-toza
24205,Plan del Carmen,Rancho,Palizada,Campeche,,Rural,https://postali.app/mx/campeche/palizada/plan-del-carmen
24205,Ribera del Playón,Rancho,Palizada,Campeche,,Rural,https://postali.app/mx/campeche/palizada/ribera-del-playon
24205,San Agustín,Pueblo,Palizada,Campeche,,Rural,https://postali.app/mx/campeche/palizada/san-agustin
24205,San Joaquín,Ranchería,Palizada,Campeche,,Rural,https://postali.app/mx/campeche/palizada/san-joaquin
24205,San Juan,Rancho,Palizada,Campeche,,Rural,https://postali.app/mx/campeche/palizada/san-juan
24205,Santa Cruz,Rancho,Palizada,Campeche,,Rural,https://postali.app/mx/campeche/palizada/santa-cruz
24205,Santa Isabel,Ejido,Palizada,Campeche,,Rural,https://postali.app/mx/campeche/palizada/santa-isabel
24206,El Vergel,Rancho,Palizada,Campeche,,Rural,https://postali.app/mx/campeche/palizada/el-vergel
24206,La Envidia,Rancho,Palizada,Campeche,,Rural,https://postali.app/mx/campeche/palizada/la-envidia
24206,Los Laureles,Rancho,Palizada,Campeche,,Rural,https://postali.app/mx/campeche/palizada/los-laureles
24206,Monterrey,Ranchería,Palizada,Campeche,,Rural,https://postali.app/mx/campeche/palizada/monterrey
24206,Paso de los Caballos,Ranchería,Palizada,Campeche,,Rural,https://postali.app/mx/campeche/palizada/paso-de-los-caballos
24206,San Francisco,Ranchería,Palizada,Campeche,,Rural,https://postali.app/mx/campeche/palizada/san-francisco
24206,Santa Elena,Ranchería,Palizada,Campeche,,Rural,https://postali.app/mx/campeche/palizada/santa-elena
24206,Santa Mónica (Santa Rita),Rancho,Palizada,Campeche,,Rural,https://postali.app/mx/campeche/palizada/santa-monica-santa-rita
24207,Cronos,Ranchería,Palizada,Campeche,,Rural,https://postali.app/mx/campeche/palizada/cronos
24207,El Carmen (San Marcos),Rancho,Palizada,Campeche,,Rural,https://postali.app/mx/campeche/palizada/el-carmen-san-marcos
24207,El Juncal,Ejido,Palizada,Campeche,,Rural,https://postali.app/mx/campeche/palizada/el-juncal
24207,El Popistal,Rancho,Palizada,Campeche,,Rural,https://postali.app/mx/campeche/palizada/el-popistal
24207,El Retiro,Rancho,Palizada,Campeche,,Rural,https://postali.app/mx/campeche/palizada/el-retiro
24207,Gardenias,Rancho,Palizada,Campeche,,Rural,https://postali.app/mx/campeche/palizada/gardenias
24207,La Candelaria,Ranchería,Palizada,Campeche,,Rural,https://postali.app/mx/campeche/palizada/la-candelaria
24207,La Concepción,Rancho,Palizada,Campeche,,Rural,https://postali.app/mx/campeche/palizada/la-concepcion
24207,La Guadalupe,Rancho,Palizada,Campeche,,Rural,https://postali.app/mx/campeche/palizada/la-guadalupe
24207,La Nueva Esperanza,Ranchería,Palizada,Campeche,,Rural,https://postali.app/mx/campeche/palizada/la-nueva-esperanza
24207,Las Flores,Rancho,Palizada,Campeche,,Rural,https://postali.app/mx/campeche/palizada/las-flores
24207,Mata del Chato,Rancho,Palizada,Campeche,,Rural,https://postali.app/mx/campeche/palizada/mata-del-chato
24207,Mata Larga,Rancho,Palizada,Campeche,,Rural,https://postali.app/mx/campeche/palizada/mata-larga
24207,Río Blanco,Rancho,Palizada,Campeche,,Rural,https://postali.app/mx/campeche/palizada/rio-blanco
24207,San Carlos,Rancho,Palizada,Campeche,,Rural,https://postali.app/mx/campeche/palizada/san-carlos
24207,San Hilario,Rancho,Palizada,Campeche,,Rural,https://postali.app/mx/campeche/palizada/san-hilario
24207,San Jorge,Ranchería,Palizada,Campeche,,Rural,https://postali.app/mx/campeche/palizada/san-jorge
24207,San Ángel,Ranchería,Palizada,Campeche,,Rural,https://postali.app/mx/campeche/palizada/san-angel
24207,Santa Adelaida,Ranchería,Palizada,Campeche,,Rural,https://postali.app/mx/campeche/palizada/santa-adelaida
24207,Santa Rosa,Rancho,Palizada,Campeche,,Rural,https://postali.app/mx/campeche/palizada/santa-rosa
24207,Tumbo de la Montaña,Ranchería,Palizada,Campeche,,Rural,https://postali.app/mx/campeche/palizada/tumbo-de-la-montana
24208,Ribera Boca Chica,Rancho,Palizada,Campeche,,Rural,https://postali.app/mx/campeche/palizada/ribera-boca-chica
24300,Banco de Piedra,Colonia,Carmen,Campeche,Sabancuy,Urbano,https://postali.app/mx/campeche/carmen/banco-de-piedra
24300,Benito Juárez,Colonia,Carmen,Campeche,Sabancuy,Urbano,https://postali.app/mx/campeche/carmen/benito-juarez-24300
24300,El Paraíso,Colonia,Carmen,Campeche,Sabancuy,Urbano,https://postali.app/mx/campeche/carmen/el-paraiso
24300,Emiliano Zapata,Colonia,Carmen,Campeche,Sabancuy,Urbano,https://postali.app/mx/campeche/carmen/emiliano-zapata-24300
24300,Guadalupe,Colonia,Carmen,Campeche,Sabancuy,Urbano,https://postali.app/mx/campeche/carmen/guadalupe-24300
24300,Jabal,Colonia,Carmen,Campeche,Sabancuy,Urbano,https://postali.app/mx/campeche/carmen/jabal
24300,Juan Pablo Cetina,Colonia,Carmen,Campeche,Sabancuy,Urbano,https://postali.app/mx/campeche/carmen/juan-pablo-cetina
24300,Nueva,Colonia,Carmen,Campeche,Sabancuy,Urbano,https://postali.app/mx/campeche/carmen/nueva
24300,Nueva Emiliano Zapata,Colonia,Carmen,Campeche,Sabancuy,Urbano,https://postali.app/mx/campeche/carmen/nueva-emiliano-zapata
24300,Pénjamo,Colonia,Carmen,Campeche,Sabancuy,Urbano,https://postali.app/mx/campeche/carmen/penjamo
24300,Sabancuy Centro,Colonia,Carmen,Campeche,Sabancuy,Rural,https://postali.app/mx/campeche/carmen/sabancuy-centro
24310,Anonal,Ranchería,Carmen,Campeche,,Rural,https://postali.app/mx/campeche/carmen/anonal
24310,Calax,Ranchería,Carmen,Campeche,,Rural,https://postali.app/mx/campeche/carmen/calax
24310,Ignacio Gutiérrez,Ejido,Carmen,Campeche,,Rural,https://postali.app/mx/campeche/carmen/ignacio-gutierrez
24310,La Pita,Ranchería,Carmen,Campeche,,Rural,https://postali.app/mx/campeche/carmen/la-pita
24310,Oxcabal,Rancho,Carmen,Campeche,,Rural,https://postali.app/mx/campeche/carmen/oxcabal
24310,Oxcabal,Ranchería,Carmen,Campeche,,Rural,https://postali.app/mx/campeche/carmen/oxcabal-24310
24310,San Antonio (Punta de Piedra),Ranchería,Carmen,Campeche,,Rural,https://postali.app/mx/campeche/carmen/san-antonio-punta-de-piedra
24313,Adolfo López Mateos,Ranchería,Carmen,Campeche,,Rural,https://postali.app/mx/campeche/carmen/adolfo-lopez-mateos
24313,Chekubul,Pueblo,Carmen,Campeche,,Rural,https://postali.app/mx/campeche/carmen/chekubul
24313,Chic-bul,Pueblo,Carmen,Campeche,,Rural,https://postali.app/mx/campeche/carmen/chic-bul
24313,Chivoja,Ranchería,Carmen,Campeche,,Rural,https://postali.app/mx/campeche/carmen/chivoja
24313,General Abelardo L Rodriguez (el Jobal),Ranchería,Carmen,Campeche,,Rural,https://postali.app/mx/campeche/carmen/general-abelardo-l-rodriguez-el-jobal
24313,Independencia,Pueblo,Carmen,Campeche,,Rural,https://postali.app/mx/campeche/carmen/independencia-24313
24313,José María Pino Suárez,Pueblo,Carmen,Campeche,,Rural,https://postali.app/mx/campeche/carmen/jose-maria-pino-suarez
24313,La Cristalina,Pueblo,Carmen,Campeche,,Rural,https://postali.app/mx/campeche/carmen/la-cristalina
24313,La Esperanza,Ranchería,Carmen,Campeche,,Rural,https://postali.app/mx/campeche/carmen/la-esperanza-24313
24313,La Lupita,Ranchería,Carmen,Campeche,,Rural,https://postali.app/mx/campeche/carmen/la-lupita
24313,Los Manantiales,Ejido,Carmen,Campeche,,Rural,https://postali.app/mx/campeche/carmen/los-manantiales
24313,Nicolás Bravo,Pueblo,Carmen,Campeche,,Rural,https://postali.app/mx/campeche/carmen/nicolas-bravo
24313,Plan de Ayala,Pueblo,Carmen,Campeche,,Rural,https://postali.app/mx/campeche/carmen/plan-de-ayala
24313,Santa Rosalía,Ranchería,Carmen,Campeche,,Rural,https://postali.app/mx/campeche/carmen/santa-rosalia-24313
24314,18 de Marzo,Ejido,Carmen,Campeche,,Rural,https://postali.app/mx/campeche/carmen/18-de-marzo-24314
24314,Enrique Rodriguez Cano,Ranchería,Carmen,Campeche,,Rural,https://postali.app/mx/campeche/carmen/enrique-rodriguez-cano
24314,Las Delicias,Ranchería,Carmen,Campeche,,Rural,https://postali.app/mx/campeche/carmen/las-delicias
24315,La Concepción,Ranchería,Carmen,Campeche,,Rural,https://postali.app/mx/campeche/carmen/la-concepcion
24315,La Providencia,Ranchería,Carmen,Campeche,,Rural,https://postali.app/mx/campeche/carmen/la-providencia
24315,Mamantel (Pancho Villa),Colonia,Carmen,Campeche,,Rural,https://postali.app/mx/campeche/carmen/mamantel-pancho-villa
24315,Mamantel Viejo,Pueblo,Carmen,Campeche,,Rural,https://postali.app/mx/campeche/carmen/mamantel-viejo
24315,Pital Nuevo,Ranchería,Carmen,Campeche,,Rural,https://postali.app/mx/campeche/carmen/pital-nuevo
24315,Pital Viejo,Pueblo,Carmen,Campeche,,Rural,https://postali.app/mx/campeche/carmen/pital-viejo
24315,San Isidro,Ejido,Carmen,Campeche,,Rural,https://postali.app/mx/campeche/carmen/san-isidro
24316,2 de Marzo,Ranchería,Carmen,Campeche,,Rural,https://postali.app/mx/campeche/carmen/2-de-marzo
24316,Carlos Quinto,Rancho,Carmen,Campeche,,Rural,https://postali.app/mx/campeche/carmen/carlos-quinto
24316,El Encanto,Ranchería,Carmen,Campeche,,Rural,https://postali.app/mx/campeche/carmen/el-encanto
24316,Felipe Ángeles,Ejido,Carmen,Campeche,,Rural,https://postali.app/mx/campeche/carmen/felipe-angeles
24316,Ignacio Zaragoza,Ejido,Carmen,Campeche,,Rural,https://postali.app/mx/campeche/carmen/ignacio-zaragoza
24316,Las Cruces,Ranchería,Carmen,Campeche,,Rural,https://postali.app/mx/campeche/carmen/las-cruces
24316,Nueva Chontalpa,Ejido,Carmen,Campeche,,Rural,https://postali.app/mx/campeche/carmen/nueva-chontalpa
24316,Ojo de Agua,Ranchería,Carmen,Campeche,,Rural,https://postali.app/mx/campeche/carmen/ojo-de-agua
24316,Quebranche,Ejido,Carmen,Campeche,,Rural,https://postali.app/mx/campeche/carmen/quebranche
24316,San Jorge de Coyoc,Ranchería,Carmen,Campeche,,Rural,https://postali.app/mx/campeche/carmen/san-jorge-de-coyoc
24316,San Pablito Km. 59,Ranchería,Carmen,Campeche,,Rural,https://postali.app/mx/campeche/carmen/san-pablito-km-59
24317,Allende Pejelagarto,Ranchería,Carmen,Campeche,,Rural,https://postali.app/mx/campeche/carmen/allende-pejelagarto
24317,Belisario Domínguez,Ejido,Carmen,Campeche,,Rural,https://postali.app/mx/campeche/carmen/belisario-dominguez-24317
24317,Centauro del Norte,Ejido,Carmen,Campeche,,Rural,https://postali.app/mx/campeche/carmen/centauro-del-norte
24317,Cinco de Mayo,Ranchería,Carmen,Campeche,,Rural,https://postali.app/mx/campeche/carmen/cinco-de-mayo
24317,Conquista Campesina,Pueblo,Carmen,Campeche,,Rural,https://postali.app/mx/campeche/carmen/conquista-campesina
24317,El Aguacatal,Pueblo,Carmen,Campeche,,Rural,https://postali.app/mx/campeche/carmen/el-aguacatal
24317,El Carmen,Ranchería,Carmen,Campeche,,Rural,https://postali.app/mx/campeche/carmen/el-carmen
24317,El Chinal,Ejido,Carmen,Campeche,,Rural,https://postali.app/mx/campeche/carmen/el-chinal
24317,El Triunfo,Ranchería,Carmen,Campeche,,Rural,https://postali.app/mx/campeche/carmen/el-triunfo
24317,La Estrella,Ranchería,Carmen,Campeche,,Rural,https://postali.app/mx/campeche/carmen/la-estrella
24317,La Florida,Ejido,Carmen,Campeche,,Rural,https://postali.app/mx/campeche/carmen/la-florida
24317,Sacrificio,Ranchería,Carmen,Campeche,,Rural,https://postali.app/mx/campeche/carmen/sacrificio
24317,Venustiano Carranza,Ejido,Carmen,Campeche,,Rural,https://postali.app/mx/campeche/carmen/venustiano-carranza
24320,Bella Palizada,Ejido,Carmen,Campeche,,Rural,https://postali.app/mx/campeche/carmen/bella-palizada
24320,María de La Luz,Ranchería,Carmen,Campeche,,Rural,https://postali.app/mx/campeche/carmen/maria-de-la-luz
24320,Polvoxal,Ejido,Carmen,Campeche,,Rural,https://postali.app/mx/campeche/carmen/polvoxal
24322,Arrozal,Pueblo,Carmen,Campeche,,Rural,https://postali.app/mx/campeche/carmen/arrozal
24322,Juan de la Cabada Vera,Colonia,Carmen,Campeche,,Rural,https://postali.app/mx/campeche/carmen/juan-de-la-cabada-vera
24322,San José (El Deshecho),Ranchería,Carmen,Campeche,,Rural,https://postali.app/mx/campeche/carmen/san-jose-el-deshecho
24323,El Mameyal,Ranchería,Carmen,Campeche,,Rural,https://postali.app/mx/campeche/carmen/el-mameyal
24323,El Refugio,Ranchería,Carmen,Campeche,,Rural,https://postali.app/mx/campeche/carmen/el-refugio
24323,Fernando Foglio Miramontes,Ejido,Carmen,Campeche,,Rural,https://postali.app/mx/campeche/carmen/fernando-foglio-miramontes
24323,Generalísimo Morelos,Ejido,Carmen,Campeche,,Rural,https://postali.app/mx/campeche/carmen/generalisimo-morelos
24323,Murallas de Campeche,Ejido,Carmen,Campeche,,Rural,https://postali.app/mx/campeche/carmen/murallas-de-campeche
24323,San José Marentes,Ejido,Carmen,Campeche,,Rural,https://postali.app/mx/campeche/carmen/san-jose-marentes
24323,Santa Rita,Ranchería,Carmen,Campeche,,Rural,https://postali.app/mx/campeche/carmen/santa-rita-24323
24323,Valle de Solidaridad,Ejido,Carmen,Campeche,,Rural,https://postali.app/mx/campeche/carmen/valle-de-solidaridad
24324,El Popistal,Rancho,Carmen,Campeche,,Rural,https://postali.app/mx/campeche/carmen/el-popistal
24324,El Zapote,Ejido,Carmen,Campeche,,Rural,https://postali.app/mx/campeche/carmen/el-zapote
24324,La Pimienta,Ranchería,Carmen,Campeche,,Rural,https://postali.app/mx/campeche/carmen/la-pimienta
24324,Paso San Juan,Ranchería,Carmen,Campeche,,Rural,https://postali.app/mx/campeche/carmen/paso-san-juan
24324,San Elpidio,Ranchería,Carmen,Campeche,,Rural,https://postali.app/mx/campeche/carmen/san-elpidio
24324,Tres Valles,Ejido,Carmen,Campeche,,Rural,https://postali.app/mx/campeche/carmen/tres-valles
24324,Vista Alegre,Ejido,Carmen,Campeche,,Rural,https://postali.app/mx/campeche/carmen/vista-alegre
24325,Cantarell [Planta de Nitrógeno],Zona industrial,Carmen,Campeche,,Rural,https://postali.app/mx/campeche/carmen/cantarell-planta-de-nitrogeno
24325,El Pom,Ranchería,Carmen,Campeche,,Rural,https://postali.app/mx/campeche/carmen/el-pom
24325,Emiliano Zapata,Ejido,Carmen,Campeche,,Rural,https://postali.app/mx/campeche/carmen/emiliano-zapata-24325
24325,La Esperanza,Ranchería,Carmen,Campeche,,Rural,https://postali.app/mx/campeche/carmen/la-esperanza-24325
24325,Nuevo Campechito,Ranchería,Carmen,Campeche,,Rural,https://postali.app/mx/campeche/carmen/nuevo-campechito
24325,Nuevo Progreso,Pueblo,Carmen,Campeche,,Rural,https://postali.app/mx/campeche/carmen/nuevo-progreso
24325,Ribera Alta,Ranchería,Carmen,Campeche,,Rural,https://postali.app/mx/campeche/carmen/ribera-alta
24325,Ribera de San Francisco,Ranchería,Carmen,Campeche,,Rural,https://postali.app/mx/campeche/carmen/ribera-de-san-francisco
24325,Ribera Media,Ranchería,Carmen,Campeche,,Rural,https://postali.app/mx/campeche/carmen/ribera-media
24325,San Antonio Cárdenas,Ranchería,Carmen,Campeche,,Rural,https://postali.app/mx/campeche/carmen/san-antonio-cardenas
24326,Atasta,Pueblo,Carmen,Campeche,,Rural,https://postali.app/mx/campeche/carmen/atasta
24326,La Antorcha,Colonia,Carmen,Campeche,,Rural,https://postali.app/mx/campeche/carmen/la-antorcha
24326,Puerto Rico,Ejido,Carmen,Campeche,,Rural,https://postali.app/mx/campeche/carmen/puerto-rico
24326,Punta Zacatal,Ranchería,Carmen,Campeche,,Rural,https://postali.app/mx/campeche/carmen/punta-zacatal
24326,San Salvador de los Cerrillos,Ranchería,Carmen,Campeche,,Rural,https://postali.app/mx/campeche/carmen/san-salvador-de-los-cerrillos
24327,Boca Nueva,Ranchería,Carmen,Campeche,,Rural,https://postali.app/mx/campeche/carmen/boca-nueva
24327,Isla Aguada Centro,Colonia,Carmen,Campeche,,Rural,https://postali.app/mx/campeche/carmen/isla-aguada-centro
24327,La Lagartera,Ranchería,Carmen,Campeche,,Rural,https://postali.app/mx/campeche/carmen/la-lagartera
24327,Puerto Real,Rancho,Carmen,Campeche,,Rural,https://postali.app/mx/campeche/carmen/puerto-real
24327,Reubicación,Colonia,Carmen,Campeche,,Rural,https://postali.app/mx/campeche/carmen/reubicacion
24330,Acalan,Colonia,Candelaria,Campeche,Candelaria,Rural,https://postali.app/mx/campeche/candelaria/acalan
24330,Alejandría,Colonia,Candelaria,Campeche,Candelaria,Rural,https://postali.app/mx/campeche/candelaria/alejandria
24330,Candelaria Centro,Colonia,Candelaria,Campeche,Candelaria,Rural,https://postali.app/mx/campeche/candelaria/candelaria-centro
24330,Coahuilita,Colonia,Candelaria,Campeche,Candelaria,Rural,https://postali.app/mx/campeche/candelaria/coahuilita
24330,Cuauhtémoc,Colonia,Candelaria,Campeche,Candelaria,Rural,https://postali.app/mx/campeche/candelaria/cuauhtemoc
24330,Guanajuato,Colonia,Candelaria,Campeche,Candelaria,Rural,https://postali.app/mx/campeche/candelaria/guanajuato
24330,Independencia,Colonia,Candelaria,Campeche,Candelaria,Rural,https://postali.app/mx/campeche/candelaria/independencia
24330,San Isidro,Colonia,Candelaria,Campeche,Candelaria,Rural,https://postali.app/mx/campeche/candelaria/san-isidro
24330,San Martín,Colonia,Candelaria,Campeche,Candelaria,Rural,https://postali.app/mx/campeche/candelaria/san-martin
24330,San Pablo,Rancho,Candelaria,Campeche,,Rural,https://postali.app/mx/campeche/candelaria/san-pablo
24333,El Capulín,Rancho,Candelaria,Campeche,,Rural,https://postali.app/mx/campeche/candelaria/el-capulin
24333,El Chilar,Ejido,Candelaria,Campeche,,Rural,https://postali.app/mx/campeche/candelaria/el-chilar
24333,El Pocito,Ejido,Candelaria,Campeche,,Rural,https://postali.app/mx/campeche/candelaria/el-pocito
24333,El Sacrificio II,Rancho,Candelaria,Campeche,,Rural,https://postali.app/mx/campeche/candelaria/el-sacrificio-ii
24333,La Fortuna,Ejido,Candelaria,Campeche,,Rural,https://postali.app/mx/campeche/candelaria/la-fortuna
24333,La Nueva Lucha,Ejido,Candelaria,Campeche,,Rural,https://postali.app/mx/campeche/candelaria/la-nueva-lucha
24333,La Unión,Ranchería,Candelaria,Campeche,,Rural,https://postali.app/mx/campeche/candelaria/la-union
24333,Las Américas,Ranchería,Candelaria,Campeche,,Rural,https://postali.app/mx/campeche/candelaria/las-americas
24333,Las Maravillas (Campo Menonita),Ranchería,Candelaria,Campeche,,Rural,https://postali.app/mx/campeche/candelaria/las-maravillas-campo-menonita
24333,Miguel Alemán,Pueblo,Candelaria,Campeche,,Rural,https://postali.app/mx/campeche/candelaria/miguel-aleman
24333,Nueva Esperanza,Ranchería,Candelaria,Campeche,,Rural,https://postali.app/mx/campeche/candelaria/nueva-esperanza
24333,Nueva Rosita,Ranchería,Candelaria,Campeche,,Rural,https://postali.app/mx/campeche/candelaria/nueva-rosita
24333,Pejelagarto,Ranchería,Candelaria,Campeche,,Rural,https://postali.app/mx/campeche/candelaria/pejelagarto
24333,Pejelagarto II,Rancho,Candelaria,Campeche,,Rural,https://postali.app/mx/campeche/candelaria/pejelagarto-ii
24333,R-2007,Rancho,Candelaria,Campeche,,Rural,https://postali.app/mx/campeche/candelaria/r-2007
24333,San Antonio,Rancho,Candelaria,Campeche,,Rural,https://postali.app/mx/campeche/candelaria/san-antonio
24333,Santo Domingo,Rancho,Candelaria,Campeche,,Rural,https://postali.app/mx/campeche/candelaria/santo-domingo
24333,Vicente Lombardo Toledano,Ranchería,Candelaria,Campeche,,Rural,https://postali.app/mx/campeche/candelaria/vicente-lombardo-toledano
24334,El Ramonal,Ejido,Candelaria,Campeche,,Rural,https://postali.app/mx/campeche/candelaria/el-ramonal
24334,El Tigre,Ranchería,Candelaria,Campeche,,Rural,https://postali.app/mx/campeche/candelaria/el-tigre
24334,Esperanza,Ranchería,Candelaria,Campeche,,Rural,https://postali.app/mx/campeche/candelaria/esperanza
24334,Estado de México,Ranchería,Candelaria,Campeche,,Rural,https://postali.app/mx/campeche/candelaria/estado-de-mexico
24334,Estrella del Sur,Ejido,Candelaria,Campeche,,Rural,https://postali.app/mx/campeche/candelaria/estrella-del-sur
24334,Francisco I. Madero,Ejido,Candelaria,Campeche,,Rural,https://postali.app/mx/campeche/candelaria/francisco-i-madero
24334,Hermanos Cruz,Rancho,Candelaria,Campeche,,Rural,https://postali.app/mx/campeche/candelaria/hermanos-cruz
24334,Justo Sierra Méndez,Ejido,Candelaria,Campeche,,Rural,https://postali.app/mx/campeche/candelaria/justo-sierra-mendez
24334,La Calzada,Rancho,Candelaria,Campeche,,Rural,https://postali.app/mx/campeche/candelaria/la-calzada
24334,La Zanja (La Palma),Ejido,Candelaria,Campeche,,Rural,https://postali.app/mx/campeche/candelaria/la-zanja-la-palma
24334,Las Golondrinas,Ejido,Candelaria,Campeche,,Rural,https://postali.app/mx/campeche/candelaria/las-golondrinas
24334,Luinal,Ejido,Candelaria,Campeche,,Rural,https://postali.app/mx/campeche/candelaria/luinal
24334,Lázaro Cárdenas,Ejido,Candelaria,Campeche,,Rural,https://postali.app/mx/campeche/candelaria/lazaro-cardenas
24334,Miguel Hidalgo y Costilla,Pueblo,Candelaria,Campeche,,Rural,https://postali.app/mx/campeche/candelaria/miguel-hidalgo-y-costilla
24334,Monclova,Ejido,Candelaria,Campeche,,Rural,https://postali.app/mx/campeche/candelaria/monclova
24334,Nueva Esperanza,Rancho,Candelaria,Campeche,,Rural,https://postali.app/mx/campeche/candelaria/nueva-esperanza-24334
24334,Nuevo Coahuila,Ranchería,Candelaria,Campeche,,Rural,https://postali.app/mx/campeche/candelaria/nuevo-coahuila
24334,Pedro Baranda,Ejido,Candelaria,Campeche,,Rural,https://postali.app/mx/campeche/candelaria/pedro-baranda
24334,Santo Domingo (El Cuyo),Rancho,Candelaria,Campeche,,Rural,https://postali.app/mx/campeche/candelaria/santo-domingo-el-cuyo
24335,El Mamey,Ranchería,Candelaria,Campeche,,Rural,https://postali.app/mx/campeche/candelaria/el-mamey
24335,El Porvenir,Ranchería,Candelaria,Campeche,,Rural,https://postali.app/mx/campeche/candelaria/el-porvenir
24335,El Tintal,Ranchería,Candelaria,Campeche,,Rural,https://postali.app/mx/campeche/candelaria/el-tintal
24335,El Treinta (Las Águilas),Rancho,Candelaria,Campeche,,Rural,https://postali.app/mx/campeche/candelaria/el-treinta-las-aguilas
24335,La Pelusa,Ranchería,Candelaria,Campeche,,Rural,https://postali.app/mx/campeche/candelaria/la-pelusa
24335,San Miguel,Rancho,Candelaria,Campeche,,Rural,https://postali.app/mx/campeche/candelaria/san-miguel
24336,California,Ranchería,Candelaria,Campeche,,Rural,https://postali.app/mx/campeche/candelaria/california
24336,Cuauhtémoc,Ejido,Candelaria,Campeche,,Rural,https://postali.app/mx/campeche/candelaria/cuauhtemoc-24336
24336,El Encanto,Ranchería,Candelaria,Campeche,,Rural,https://postali.app/mx/campeche/candelaria/el-encanto
24336,El Escondido,Rancho,Candelaria,Campeche,,Rural,https://postali.app/mx/campeche/candelaria/el-escondido
24336,El Esfuerzo,Rancho,Candelaria,Campeche,,Rural,https://postali.app/mx/campeche/candelaria/el-esfuerzo
24336,El Limón,Ranchería,Candelaria,Campeche,,Rural,https://postali.app/mx/campeche/candelaria/el-limon
24336,El Machetazo,Ejido,Candelaria,Campeche,,Rural,https://postali.app/mx/campeche/candelaria/el-machetazo
24336,El Naranjo,Ranchería,Candelaria,Campeche,,Rural,https://postali.app/mx/campeche/candelaria/el-naranjo
24336,El Paso del Cuervo (El Cuervo),Rancho,Candelaria,Campeche,,Rural,https://postali.app/mx/campeche/candelaria/el-paso-del-cuervo-el-cuervo
24336,El Piedral (El Muerto),Ranchería,Candelaria,Campeche,,Rural,https://postali.app/mx/campeche/candelaria/el-piedral-el-muerto
24336,El Ramonal II (Los Manguitos),Rancho,Candelaria,Campeche,,Rural,https://postali.app/mx/campeche/candelaria/el-ramonal-ii-los-manguitos
24336,El Suspiro,Ranchería,Candelaria,Campeche,,Rural,https://postali.app/mx/campeche/candelaria/el-suspiro
24336,La Florida (El Cuatro),Rancho,Candelaria,Campeche,,Rural,https://postali.app/mx/campeche/candelaria/la-florida-el-cuatro
24336,La Florida Tres,Rancho,Candelaria,Campeche,,Rural,https://postali.app/mx/campeche/candelaria/la-florida-tres
24336,La Lucha,Ranchería,Candelaria,Campeche,,Rural,https://postali.app/mx/campeche/candelaria/la-lucha
24336,La Mojina,Rancho,Candelaria,Campeche,,Rural,https://postali.app/mx/campeche/candelaria/la-mojina
24336,Las Campanas,Ranchería,Candelaria,Campeche,,Rural,https://postali.app/mx/campeche/candelaria/las-campanas
24336,Las Delicias,Pueblo,Candelaria,Campeche,,Rural,https://postali.app/mx/campeche/candelaria/las-delicias
24336,Las Margaritas Dos,Rancho,Candelaria,Campeche,,Rural,https://postali.app/mx/campeche/candelaria/las-margaritas-dos
24336,Los Cuatro Hermanos,Ranchería,Candelaria,Campeche,,Rural,https://postali.app/mx/campeche/candelaria/los-cuatro-hermanos
24336,Los Jabines Uno,Rancho,Candelaria,Campeche,,Rural,https://postali.app/mx/campeche/candelaria/los-jabines-uno
24336,Los Limones,Rancho,Candelaria,Campeche,,Rural,https://postali.app/mx/campeche/candelaria/los-limones
24336,Pablo García,Ranchería,Candelaria,Campeche,,Rural,https://postali.app/mx/campeche/candelaria/pablo-garcia
24336,Paraíso Nuevo,Ranchería,Candelaria,Campeche,,Rural,https://postali.app/mx/campeche/candelaria/paraiso-nuevo
24336,Rancho Alegre,Rancho,Candelaria,Campeche,,Rural,https://postali.app/mx/campeche/candelaria/rancho-alegre
24336,Rancho Alegre Tres,Rancho,Candelaria,Campeche,,Rural,https://postali.app/mx/campeche/candelaria/rancho-alegre-tres
24336,San Antonio,Rancho,Candelaria,Campeche,,Rural,https://postali.app/mx/campeche/candelaria/san-antonio-24336
24336,San Lorenzo,Ranchería,Candelaria,Campeche,,Rural,https://postali.app/mx/campeche/candelaria/san-lorenzo
24336,Tres Reyes,Rancho,Candelaria,Campeche,,Rural,https://postali.app/mx/campeche/candelaria/tres-reyes
24337,Corte Pajaral,Ejido,Candelaria,Campeche,,Rural,https://postali.app/mx/campeche/candelaria/corte-pajaral
24337,El Nuevo Ferrocarril,Rancho,Candelaria,Campeche,,Rural,https://postali.app/mx/campeche/candelaria/el-nuevo-ferrocarril
24337,El Otoño,Rancho,Candelaria,Campeche,,Rural,https://postali.app/mx/campeche/candelaria/el-otono
24337,La Amapola,Ranchería,Candelaria,Campeche,,Rural,https://postali.app/mx/campeche/candelaria/la-amapola
24337,Las Palmitas,Ranchería,Candelaria,Campeche,,Rural,https://postali.app/mx/campeche/candelaria/las-palmitas
24337,San Felipe,Rancho,Candelaria,Campeche,,Rural,https://postali.app/mx/campeche/candelaria/san-felipe
24337,Santa Rita,Rancho,Candelaria,Campeche,,Rural,https://postali.app/mx/campeche/candelaria/santa-rita
24337,Triunfo Dos,Rancho,Candelaria,Campeche,,Rural,https://postali.app/mx/campeche/candelaria/triunfo-dos
24337,Triunfo Uno,Rancho,Candelaria,Campeche,,Rural,https://postali.app/mx/campeche/candelaria/triunfo-uno
24337,Venustiano Carranza,Ranchería,Candelaria,Campeche,,Rural,https://postali.app/mx/campeche/candelaria/venustiano-carranza
24338,Benito Juárez Uno,Ejido,Candelaria,Campeche,,Rural,https://postali.app/mx/campeche/candelaria/benito-juarez-uno
24338,Champas Quemadas,Rancho,Candelaria,Campeche,,Rural,https://postali.app/mx/campeche/candelaria/champas-quemadas
24338,El Borbonal,Rancho,Candelaria,Campeche,,Rural,https://postali.app/mx/campeche/candelaria/el-borbonal
24338,General Francisco J. Mújica,Ejido,Candelaria,Campeche,,Rural,https://postali.app/mx/campeche/candelaria/general-francisco-j-mujica
24338,La Isla del Esfuerzo,Rancho,Candelaria,Campeche,,Rural,https://postali.app/mx/campeche/candelaria/la-isla-del-esfuerzo
24338,Primer Presidente de México (Guadalupe Victoria),Ranchería,Candelaria,Campeche,,Rural,https://postali.app/mx/campeche/candelaria/primer-presidente-de-mexico-guadalupe-victoria
24338,Vicente Guerrero,Ranchería,Candelaria,Campeche,,Rural,https://postali.app/mx/campeche/candelaria/vicente-guerrero
24342,Caribe y Asociados,Ranchería,Candelaria,Campeche,,Rural,https://postali.app/mx/campeche/candelaria/caribe-y-asociados
24342,El Carril,Rancho,Candelaria,Campeche,,Rural,https://postali.app/mx/campeche/candelaria/el-carril
24342,El Diamante,Rancho,Candelaria,Campeche,,Rural,https://postali.app/mx/campeche/candelaria/el-diamante
24342,El Manantial,Rancho,Candelaria,Campeche,,Rural,https://postali.app/mx/campeche/candelaria/el-manantial
24342,El Tablón,Ranchería,Candelaria,Campeche,,Rural,https://postali.app/mx/campeche/candelaria/el-tablon
24342,El Último Esfuerzo,Rancho,Candelaria,Campeche,,Rural,https://postali.app/mx/campeche/candelaria/el-ultimo-esfuerzo
24342,Ignacio Zaragoza (El Pulguero),Ranchería,Candelaria,Campeche,,Rural,https://postali.app/mx/campeche/candelaria/ignacio-zaragoza-el-pulguero
24342,Las Maravillas (Nuevo Capricho),Rancho,Candelaria,Campeche,,Rural,https://postali.app/mx/campeche/candelaria/las-maravillas-nuevo-capricho
24342,Las Palmas,Ranchería,Candelaria,Campeche,,Rural,https://postali.app/mx/campeche/candelaria/las-palmas
24342,Licenciado José Antonio González Curi,Ranchería,Candelaria,Campeche,,Rural,https://postali.app/mx/campeche/candelaria/licenciado-jose-antonio-gonzalez-curi
24342,Los Cardenales,Rancho,Candelaria,Campeche,,Rural,https://postali.app/mx/campeche/candelaria/los-cardenales
24342,Monte Horeb,Rancho,Candelaria,Campeche,,Rural,https://postali.app/mx/campeche/candelaria/monte-horeb
24342,Nuevo Comalcalco,Ejido,Candelaria,Campeche,,Rural,https://postali.app/mx/campeche/candelaria/nuevo-comalcalco
24342,Nuevo Progreso,Rancho,Candelaria,Campeche,,Rural,https://postali.app/mx/campeche/candelaria/nuevo-progreso
24342,Río Caribe (Caribe),Ranchería,Candelaria,Campeche,,Rural,https://postali.app/mx/campeche/candelaria/rio-caribe-caribe
24342,Sal Si Puedes,Ranchería,Candelaria,Campeche,,Rural,https://postali.app/mx/campeche/candelaria/sal-si-puedes
24342,San Cristóbal,Rancho,Candelaria,Campeche,,Rural,https://postali.app/mx/campeche/candelaria/san-cristobal
24343,El Chinal,Ejido,Candelaria,Campeche,,Rural,https://postali.app/mx/campeche/candelaria/el-chinal
24343,El Marfil (Palo Alto),Ranchería,Candelaria,Campeche,,Rural,https://postali.app/mx/campeche/candelaria/el-marfil-palo-alto
24343,El Milagro,Rancho,Candelaria,Campeche,,Rural,https://postali.app/mx/campeche/candelaria/el-milagro
24343,El Pedregal,Ejido,Candelaria,Campeche,,Rural,https://postali.app/mx/campeche/candelaria/el-pedregal
24343,Emiliano Zapata III,Pueblo,Candelaria,Campeche,,Rural,https://postali.app/mx/campeche/candelaria/emiliano-zapata-iii
24343,Isla del Paraíso,Pueblo,Candelaria,Campeche,,Rural,https://postali.app/mx/campeche/candelaria/isla-del-paraiso
24343,La Guadalupe,Rancho,Candelaria,Campeche,,Rural,https://postali.app/mx/campeche/candelaria/la-guadalupe
24343,La Olla,Ranchería,Candelaria,Campeche,,Rural,https://postali.app/mx/campeche/candelaria/la-olla
24343,Nueva Rosita II,Rancho,Candelaria,Campeche,,Rural,https://postali.app/mx/campeche/candelaria/nueva-rosita-ii
24343,Pablo Torres Burgos,Ranchería,Candelaria,Campeche,,Rural,https://postali.app/mx/campeche/candelaria/pablo-torres-burgos
24343,San Fernando,Rancho,Candelaria,Campeche,,Rural,https://postali.app/mx/campeche/candelaria/san-fernando
24343,San José de las Montañas,Ejido,Candelaria,Campeche,,Rural,https://postali.app/mx/campeche/candelaria/san-jose-de-las-montanas
24343,San Rafael del Río Caribe,Ranchería,Candelaria,Campeche,,Rural,https://postali.app/mx/campeche/candelaria/san-rafael-del-rio-caribe
24343,San Román,Ranchería,Candelaria,Campeche,,Rural,https://postali.app/mx/campeche/candelaria/san-roman
24343,Santa Lucía,Ejido,Candelaria,Campeche,,Rural,https://postali.app/mx/campeche/candelaria/santa-lucia
24343,Tres Hermanos,Rancho,Candelaria,Campeche,,Rural,https://postali.app/mx/campeche/candelaria/tres-hermanos
24344,Agua Azul,Ejido,Candelaria,Campeche,,Rural,https://postali.app/mx/campeche/candelaria/agua-azul
24344,Champas Quemadas,Rancho,Candelaria,Campeche,,Rural,https://postali.app/mx/campeche/candelaria/champas-quemadas-24344
24344,El Calabozo,Rancho,Candelaria,Campeche,,Rural,https://postali.app/mx/campeche/candelaria/el-calabozo
24344,El Chechenal,Rancho,Candelaria,Campeche,,Rural,https://postali.app/mx/campeche/candelaria/el-chechenal
24344,El Encanto,Ranchería,Candelaria,Campeche,,Rural,https://postali.app/mx/campeche/candelaria/el-encanto-24344
24344,El Fantasma (Los Chileros),Rancho,Candelaria,Campeche,,Rural,https://postali.app/mx/campeche/candelaria/el-fantasma-los-chileros
24344,El Pimiental Dos,Pueblo,Candelaria,Campeche,,Rural,https://postali.app/mx/campeche/candelaria/el-pimiental-dos
24344,La Esperancita,Rancho,Candelaria,Campeche,,Rural,https://postali.app/mx/campeche/candelaria/la-esperancita
24344,Montecristo,Rancho,Candelaria,Campeche,,Rural,https://postali.app/mx/campeche/candelaria/montecristo
24344,Naranjito,Rancho,Candelaria,Campeche,,Rural,https://postali.app/mx/campeche/candelaria/naranjito
24344,Nuevo Tabasco,Ranchería,Candelaria,Campeche,,Rural,https://postali.app/mx/campeche/candelaria/nuevo-tabasco
24344,San Juan,Ranchería,Candelaria,Campeche,,Rural,https://postali.app/mx/campeche/candelaria/san-juan
24344,Tres de Mayo Tres,Rancho,Candelaria,Campeche,,Rural,https://postali.app/mx/campeche/candelaria/tres-de-mayo-tres
24345,Balancancito,Rancho,Candelaria,Campeche,,Rural,https://postali.app/mx/campeche/candelaria/balancancito
24345,El Cayuco,Rancho,Candelaria,Campeche,,Rural,https://postali.app/mx/campeche/candelaria/el-cayuco
24345,El Destino,Pueblo,Candelaria,Campeche,,Rural,https://postali.app/mx/campeche/candelaria/el-destino
24345,El Mirador Primero,Ranchería,Candelaria,Campeche,,Rural,https://postali.app/mx/campeche/candelaria/el-mirador-primero
24345,El Paraguas,Ranchería,Candelaria,Campeche,,Rural,https://postali.app/mx/campeche/candelaria/el-paraguas
24345,El Taziztal,Rancho,Candelaria,Campeche,,Rural,https://postali.app/mx/campeche/candelaria/el-taziztal
24345,Emiliano Zapata,Pueblo,Candelaria,Campeche,,Rural,https://postali.app/mx/campeche/candelaria/emiliano-zapata
24345,La Misteriosa,Ranchería,Candelaria,Campeche,,Rural,https://postali.app/mx/campeche/candelaria/la-misteriosa
24345,La Peregrina,Ranchería,Candelaria,Campeche,,Rural,https://postali.app/mx/campeche/candelaria/la-peregrina
24345,La Tómbola,Ranchería,Candelaria,Campeche,,Rural,https://postali.app/mx/campeche/candelaria/la-tombola
24345,Los Pollos,Ranchería,Candelaria,Campeche,,Rural,https://postali.app/mx/campeche/candelaria/los-pollos
24345,Miguel de la Madrid (El Pañuelo),Pueblo,Candelaria,Campeche,,Rural,https://postali.app/mx/campeche/candelaria/miguel-de-la-madrid-el-panuelo
24345,San Román,Rancho,Candelaria,Campeche,,Rural,https://postali.app/mx/campeche/candelaria/san-roman-24345
24345,Tres de Mayo Dos,Rancho,Candelaria,Campeche,,Rural,https://postali.app/mx/campeche/candelaria/tres-de-mayo-dos
24346,Adolfo López Mateos,Ejido,Candelaria,Campeche,,Rural,https://postali.app/mx/campeche/candelaria/adolfo-lopez-mateos
24346,Alianza Productora,Ranchería,Candelaria,Campeche,,Rural,https://postali.app/mx/campeche/candelaria/alianza-productora
24346,Arroyo de Cuba,Ranchería,Candelaria,Campeche,,Rural,https://postali.app/mx/campeche/candelaria/arroyo-de-cuba
24346,Arroyo del Julubal,Rancho,Candelaria,Campeche,,Rural,https://postali.app/mx/campeche/candelaria/arroyo-del-julubal
24346,Arroyo Veinticuatro de Mayo,Ranchería,Candelaria,Campeche,,Rural,https://postali.app/mx/campeche/candelaria/arroyo-veinticuatro-de-mayo
24346,Balankax,Ranchería,Candelaria,Campeche,,Rural,https://postali.app/mx/campeche/candelaria/balankax
24346,Blancas Mariposas,Rancho,Candelaria,Campeche,,Rural,https://postali.app/mx/campeche/candelaria/blancas-mariposas
24346,Carlos Sansores Pérez (La Paz),Ranchería,Candelaria,Campeche,,Rural,https://postali.app/mx/campeche/candelaria/carlos-sansores-perez-la-paz
24346,Delicias I,Rancho,Candelaria,Campeche,,Rural,https://postali.app/mx/campeche/candelaria/delicias-i
24346,El Desengaño,Ranchería,Candelaria,Campeche,,Rural,https://postali.app/mx/campeche/candelaria/el-desengano
24346,La Tigra,Ranchería,Candelaria,Campeche,,Rural,https://postali.app/mx/campeche/candelaria/la-tigra
24346,La Unión (Dos Arroyos),Ranchería,Candelaria,Campeche,,Rural,https://postali.app/mx/campeche/candelaria/la-union-dos-arroyos
24346,Nego Eben-Ezer,Rancho,Candelaria,Campeche,,Rural,https://postali.app/mx/campeche/candelaria/nego-eben-ezer
24346,San Dimas (Alianza II),Ejido,Candelaria,Campeche,,Rural,https://postali.app/mx/campeche/candelaria/san-dimas-alianza-ii
24346,Santa Rosa,Ejido,Candelaria,Campeche,,Rural,https://postali.app/mx/campeche/candelaria/santa-rosa
24346,Solidaridad,Ranchería,Candelaria,Campeche,,Rural,https://postali.app/mx/campeche/candelaria/solidaridad
24346,Tres Reyes,Ranchería,Candelaria,Campeche,,Rural,https://postali.app/mx/campeche/candelaria/tres-reyes-24346
24347,El Tulipán (El Imposible),Ranchería,Candelaria,Campeche,,Rural,https://postali.app/mx/campeche/candelaria/el-tulipan-el-imposible
24347,Flor de Chiapas,Ejido,Candelaria,Campeche,,Rural,https://postali.app/mx/campeche/candelaria/flor-de-chiapas
24347,Francisco Villa,Rancho,Candelaria,Campeche,,Rural,https://postali.app/mx/campeche/candelaria/francisco-villa
24347,Narcizo Mendoza,Ejido,Candelaria,Campeche,,Rural,https://postali.app/mx/campeche/candelaria/narcizo-mendoza
24347,Nueva Delicias II,Pueblo,Candelaria,Campeche,,Rural,https://postali.app/mx/campeche/candelaria/nueva-delicias-ii
24347,Rancho Alegre,Rancho,Candelaria,Campeche,,Rural,https://postali.app/mx/campeche/candelaria/rancho-alegre-24347
24347,San Miguel,Ranchería,Candelaria,Campeche,,Rural,https://postali.app/mx/campeche/candelaria/san-miguel-24347
24347,Santo Domingo,Ranchería,Candelaria,Campeche,,Rural,https://postali.app/mx/campeche/candelaria/santo-domingo-24347
24347,Tenancingo,Ejido,Candelaria,Campeche,,Rural,https://postali.app/mx/campeche/candelaria/tenancingo
24347,Vicente Guerrero Número 2,Ejido,Candelaria,Campeche,,Rural,https://postali.app/mx/campeche/candelaria/vicente-guerrero-numero-2
24348,Aguas Malas (Tres Cruces),Rancho,Candelaria,Campeche,,Rural,https://postali.app/mx/campeche/candelaria/aguas-malas-tres-cruces
24348,Arroyo San Juan (Las Golondrinas),Pueblo,Candelaria,Campeche,,Rural,https://postali.app/mx/campeche/candelaria/arroyo-san-juan-las-golondrinas
24348,Héctor Pérez Morales,Ejido,Candelaria,Campeche,,Rural,https://postali.app/mx/campeche/candelaria/hector-perez-morales
24348,Ignacio Zaragoza (El Salvaje),Pueblo,Candelaria,Campeche,,Rural,https://postali.app/mx/campeche/candelaria/ignacio-zaragoza-el-salvaje
24348,La Esmeralda,Ranchería,Candelaria,Campeche,,Rural,https://postali.app/mx/campeche/candelaria/la-esmeralda
24348,La Esperancita Dos,Rancho,Candelaria,Campeche,,Rural,https://postali.app/mx/campeche/candelaria/la-esperancita-dos
24348,La Ilusión,Rancho,Candelaria,Campeche,,Rural,https://postali.app/mx/campeche/candelaria/la-ilusion
24348,Laguna la Perdida,Pueblo,Candelaria,Campeche,,Rural,https://postali.app/mx/campeche/candelaria/laguna-la-perdida
24348,Laguna San Ramón I,Rancho,Candelaria,Campeche,,Rural,https://postali.app/mx/campeche/candelaria/laguna-san-ramon-i
24348,San Manuel Nuevo Canutillo,Pueblo,Candelaria,Campeche,,Rural,https://postali.app/mx/campeche/candelaria/san-manuel-nuevo-canutillo
24350,10 de Mayo,Colonia,Escárcega,Campeche,Escárcega,Urbano,https://postali.app/mx/campeche/escarcega/10-de-mayo
24350,Benito Juárez,Colonia,Escárcega,Campeche,Escárcega,Urbano,https://postali.app/mx/campeche/escarcega/benito-juarez
24350,C. Salinas de Gortari,Colonia,Escárcega,Campeche,Escárcega,Urbano,https://postali.app/mx/campeche/escarcega/c-salinas-de-gortari
24350,California,Ejido,Escárcega,Campeche,,Rural,https://postali.app/mx/campeche/escarcega/california
24350,Concordia,Colonia,Escárcega,Campeche,Escárcega,Urbano,https://postali.app/mx/campeche/escarcega/concordia
24350,Emiliano Zapata,Colonia,Escárcega,Campeche,Escárcega,Urbano,https://postali.app/mx/campeche/escarcega/emiliano-zapata
24350,Escárcega Centro,Colonia,Escárcega,Campeche,Escárcega,Urbano,https://postali.app/mx/campeche/escarcega/escarcega-centro
24350,Esperanza,Colonia,Escárcega,Campeche,Escárcega,Urbano,https://postali.app/mx/campeche/escarcega/esperanza
24350,Fertimex,Colonia,Escárcega,Campeche,Escárcega,Urbano,https://postali.app/mx/campeche/escarcega/fertimex
24350,Flores Magón,Colonia,Escárcega,Campeche,Escárcega,Urbano,https://postali.app/mx/campeche/escarcega/flores-magon
24350,Francisco Villa,Colonia,Escárcega,Campeche,Escárcega,Urbano,https://postali.app/mx/campeche/escarcega/francisco-villa
24350,Fátima,Colonia,Escárcega,Campeche,Escárcega,Urbano,https://postali.app/mx/campeche/escarcega/fatima
24350,I. Zaragoza,Colonia,Escárcega,Campeche,Escárcega,Urbano,https://postali.app/mx/campeche/escarcega/i-zaragoza
24350,Jesús García,Colonia,Escárcega,Campeche,Escárcega,Urbano,https://postali.app/mx/campeche/escarcega/jesus-garcia
24350,La Jeringa,Colonia,Escárcega,Campeche,Escárcega,Urbano,https://postali.app/mx/campeche/escarcega/la-jeringa
24350,Morelos,Colonia,Escárcega,Campeche,Escárcega,Urbano,https://postali.app/mx/campeche/escarcega/morelos
24350,Plan Chac,Fraccionamiento,Escárcega,Campeche,Escárcega,Urbano,https://postali.app/mx/campeche/escarcega/plan-chac
24350,Revolución,Colonia,Escárcega,Campeche,Escárcega,Urbano,https://postali.app/mx/campeche/escarcega/revolucion
24350,Sal Si Puedes I,Colonia,Escárcega,Campeche,Escárcega,Urbano,https://postali.app/mx/campeche/escarcega/sal-si-puedes-i
24350,Sal Si Puedes II,Colonia,Escárcega,Campeche,Escárcega,Urbano,https://postali.app/mx/campeche/escarcega/sal-si-puedes-ii
24350,Tres Poderes,Fraccionamiento,Escárcega,Campeche,Escárcega,Urbano,https://postali.app/mx/campeche/escarcega/tres-poderes
24350,Unidad Esfuerzo y Trabajo I,Colonia,Escárcega,Campeche,Escárcega,Urbano,https://postali.app/mx/campeche/escarcega/unidad-esfuerzo-y-trabajo-i
24350,Unidad Esfuerzo y Trabajo II,Colonia,Escárcega,Campeche,Escárcega,Urbano,https://postali.app/mx/campeche/escarcega/unidad-esfuerzo-y-trabajo-ii
24350,Vicente Fox,Fraccionamiento,Escárcega,Campeche,Escárcega,Urbano,https://postali.app/mx/campeche/escarcega/vicente-fox
24353,El Arbolito,Ejido,Escárcega,Campeche,,Rural,https://postali.app/mx/campeche/escarcega/el-arbolito
24353,El Caracol,Ejido,Escárcega,Campeche,,Rural,https://postali.app/mx/campeche/escarcega/el-caracol
24353,Matamoros,Ranchería,Escárcega,Campeche,,Rural,https://postali.app/mx/campeche/escarcega/matamoros
24353,Miguel Hidalgo (Caracol),Ejido,Escárcega,Campeche,,Rural,https://postali.app/mx/campeche/escarcega/miguel-hidalgo-caracol
24353,San Francisco (El Cinco),Ejido,Escárcega,Campeche,,Rural,https://postali.app/mx/campeche/escarcega/san-francisco-el-cinco
24354,División del Norte,Pueblo,Escárcega,Campeche,,Rural,https://postali.app/mx/campeche/escarcega/division-del-norte
24354,Don Samuel,Ejido,Escárcega,Campeche,,Rural,https://postali.app/mx/campeche/escarcega/don-samuel
24354,El Calabozo,Ejido,Escárcega,Campeche,,Rural,https://postali.app/mx/campeche/escarcega/el-calabozo
24354,El Gallo Samuel (El Gallito),Ejido,Escárcega,Campeche,,Rural,https://postali.app/mx/campeche/escarcega/el-gallo-samuel-el-gallito
24354,Haro,Ejido,Escárcega,Campeche,,Rural,https://postali.app/mx/campeche/escarcega/haro
24357,Benito Juárez (La Polla),Ejido,Escárcega,Campeche,,Rural,https://postali.app/mx/campeche/escarcega/benito-juarez-la-polla
24357,Francisco I. Madero,Ejido,Escárcega,Campeche,,Rural,https://postali.app/mx/campeche/escarcega/francisco-i-madero
24357,Ignacio Magdaleno,Ejido,Escárcega,Campeche,,Rural,https://postali.app/mx/campeche/escarcega/ignacio-magdaleno
24357,La Flor,Ejido,Escárcega,Campeche,,Rural,https://postali.app/mx/campeche/escarcega/la-flor
24357,La Misteriosa,Ejido,Escárcega,Campeche,,Rural,https://postali.app/mx/campeche/escarcega/la-misteriosa
24357,Luna,Ejido,Escárcega,Campeche,,Rural,https://postali.app/mx/campeche/escarcega/luna
24358,El Corriental,Ejido,Escárcega,Campeche,,Rural,https://postali.app/mx/campeche/escarcega/el-corriental
24358,El Gallo,Ejido,Escárcega,Campeche,,Rural,https://postali.app/mx/campeche/escarcega/el-gallo
24358,El Huiro,Ejido,Escárcega,Campeche,,Rural,https://postali.app/mx/campeche/escarcega/el-huiro
24358,El Pozo,Ejido,Escárcega,Campeche,,Rural,https://postali.app/mx/campeche/escarcega/el-pozo
24358,El Retiro,Ejido,Escárcega,Campeche,,Rural,https://postali.app/mx/campeche/escarcega/el-retiro
24358,Guadalajara,Ranchería,Escárcega,Campeche,,Rural,https://postali.app/mx/campeche/escarcega/guadalajara
24358,Santa Cruz,Ejido,Escárcega,Campeche,,Rural,https://postali.app/mx/campeche/escarcega/santa-cruz
24358,Santa Isabel,Ejido,Escárcega,Campeche,,Rural,https://postali.app/mx/campeche/escarcega/santa-isabel
24364,Juan de la Barrera,Ejido,Escárcega,Campeche,,Rural,https://postali.app/mx/campeche/escarcega/juan-de-la-barrera
24364,Juan Escutia,Ranchería,Escárcega,Campeche,,Rural,https://postali.app/mx/campeche/escarcega/juan-escutia
24364,Kilómetro Setenta y Cuatro,Ranchería,Escárcega,Campeche,,Rural,https://postali.app/mx/campeche/escarcega/kilometro-setenta-y-cuatro
24364,La Esperanza,Ejido,Escárcega,Campeche,,Rural,https://postali.app/mx/campeche/escarcega/la-esperanza
24364,San José,Ejido,Escárcega,Campeche,,Rural,https://postali.app/mx/campeche/escarcega/san-jose
24365,La Constancia,Ejido,Escárcega,Campeche,,Rural,https://postali.app/mx/campeche/escarcega/la-constancia
24365,La Victoria,Ejido,Escárcega,Campeche,,Rural,https://postali.app/mx/campeche/escarcega/la-victoria
24365,San Carlos,Ejido,Escárcega,Campeche,,Rural,https://postali.app/mx/campeche/escarcega/san-carlos
24365,San Pedro,Ejido,Escárcega,Campeche,,Rural,https://postali.app/mx/campeche/escarcega/san-pedro
24366,El Zacatecano,Ejido,Escárcega,Campeche,,Rural,https://postali.app/mx/campeche/escarcega/el-zacatecano
24366,María de la Luz,Ejido,Escárcega,Campeche,,Rural,https://postali.app/mx/campeche/escarcega/maria-de-la-luz
24366,San Luis,Ejido,Escárcega,Campeche,,Rural,https://postali.app/mx/campeche/escarcega/san-luis
24367,El Diamante,Ejido,Escárcega,Campeche,,Rural,https://postali.app/mx/campeche/escarcega/el-diamante
24367,El Rosario (Puerto Escondido),Ejido,Escárcega,Campeche,,Rural,https://postali.app/mx/campeche/escarcega/el-rosario-puerto-escondido
24367,La Fe,Ejido,Escárcega,Campeche,,Rural,https://postali.app/mx/campeche/escarcega/la-fe
24367,Nuevo Progreso Dos,Ranchería,Escárcega,Campeche,,Rural,https://postali.app/mx/campeche/escarcega/nuevo-progreso-dos
24367,San José,Ejido,Escárcega,Campeche,,Rural,https://postali.app/mx/campeche/escarcega/san-jose-24367
24367,Santa Martha (El Naranjito),Ejido,Escárcega,Campeche,,Rural,https://postali.app/mx/campeche/escarcega/santa-martha-el-naranjito
24368,Herradero,Ranchería,Escárcega,Campeche,,Rural,https://postali.app/mx/campeche/escarcega/herradero
24368,José de la Cruz Blanco,Ranchería,Escárcega,Campeche,,Rural,https://postali.app/mx/campeche/escarcega/jose-de-la-cruz-blanco
24368,Kilómetro Treinta y Seis,Ejido,Escárcega,Campeche,,Rural,https://postali.app/mx/campeche/escarcega/kilometro-treinta-y-seis
24368,La Asunción,Ejido,Escárcega,Campeche,,Rural,https://postali.app/mx/campeche/escarcega/la-asuncion
24368,San Alejandro,Ejido,Escárcega,Campeche,,Rural,https://postali.app/mx/campeche/escarcega/san-alejandro
24369,Chambalita,Ejido,Escárcega,Campeche,,Rural,https://postali.app/mx/campeche/escarcega/chambalita
24369,El Hular,Ejido,Escárcega,Campeche,,Rural,https://postali.app/mx/campeche/escarcega/el-hular
24369,El Tornillo,Ejido,Escárcega,Campeche,,Rural,https://postali.app/mx/campeche/escarcega/el-tornillo
24369,La Chiquita,Ranchería,Escárcega,Campeche,,Rural,https://postali.app/mx/campeche/escarcega/la-chiquita
24369,Miguel Hidalgo y Costilla,Ejido,Escárcega,Campeche,,Rural,https://postali.app/mx/campeche/escarcega/miguel-hidalgo-y-costilla
24370,Altamira de Zináparo,Ejido,Escárcega,Campeche,,Rural,https://postali.app/mx/campeche/escarcega/altamira-de-zinaparo
24370,Benito Juárez Número 3,Ejido,Escárcega,Campeche,,Rural,https://postali.app/mx/campeche/escarcega/benito-juarez-numero-3
24370,Centenario,Pueblo,Escárcega,Campeche,,Rural,https://postali.app/mx/campeche/escarcega/centenario
24370,Flor de Chiapas,Ejido,Escárcega,Campeche,,Rural,https://postali.app/mx/campeche/escarcega/flor-de-chiapas
24370,José López Portillo,Ejido,Escárcega,Campeche,,Rural,https://postali.app/mx/campeche/escarcega/jose-lopez-portillo
24370,Laguna Grande,Ejido,Escárcega,Campeche,,Rural,https://postali.app/mx/campeche/escarcega/laguna-grande
24370,Silvituc,Pueblo,Escárcega,Campeche,,Rural,https://postali.app/mx/campeche/escarcega/silvituc
24372,Emiliano Zapata,Ejido,Escárcega,Campeche,,Rural,https://postali.app/mx/campeche/escarcega/emiliano-zapata-24372
24373,Chan Laguna,Ranchería,Escárcega,Campeche,,Rural,https://postali.app/mx/campeche/escarcega/chan-laguna
24373,El Jobal,Ejido,Escárcega,Campeche,,Rural,https://postali.app/mx/campeche/escarcega/el-jobal
24373,Las Maravillas,Ranchería,Escárcega,Campeche,,Rural,https://postali.app/mx/campeche/escarcega/las-maravillas
24374,Adolfo López Mateos,Ejido,Escárcega,Campeche,,Rural,https://postali.app/mx/campeche/escarcega/adolfo-lopez-mateos
24374,El Lechugal,Ejido,Escárcega,Campeche,,Rural,https://postali.app/mx/campeche/escarcega/el-lechugal
24374,Justicia Social,Ejido,Escárcega,Campeche,,Rural,https://postali.app/mx/campeche/escarcega/justicia-social
24374,La Libertad,Ranchería,Escárcega,Campeche,,Rural,https://postali.app/mx/campeche/escarcega/la-libertad
24374,Nuevo Campeche (Tres Aguadas),Ejido,Escárcega,Campeche,,Rural,https://postali.app/mx/campeche/escarcega/nuevo-campeche-tres-aguadas
24375,Belén,Ranchería,Escárcega,Campeche,,Rural,https://postali.app/mx/campeche/escarcega/belen
24375,General Rodolfo Fierros,Ejido,Escárcega,Campeche,,Rural,https://postali.app/mx/campeche/escarcega/general-rodolfo-fierros
24375,Miguel de la Madrid,Ejido,Escárcega,Campeche,,Rural,https://postali.app/mx/campeche/escarcega/miguel-de-la-madrid
24376,Alto Río Caribe,Ejido,Escárcega,Campeche,,Rural,https://postali.app/mx/campeche/escarcega/alto-rio-caribe
24377,El Conejo,Ejido,Escárcega,Campeche,,Rural,https://postali.app/mx/campeche/escarcega/el-conejo
24400,Arenal,Colonia,Champotón,Campeche,Champotón,Urbano,https://postali.app/mx/campeche/champoton/arenal
24400,Arrocera,Colonia,Champotón,Campeche,Champotón,Urbano,https://postali.app/mx/campeche/champoton/arrocera
24400,Aserradero,Colonia,Champotón,Campeche,Champotón,Urbano,https://postali.app/mx/campeche/champoton/aserradero
24400,Avenida,Colonia,Champotón,Campeche,Champotón,Urbano,https://postali.app/mx/campeche/champoton/avenida
24400,Camaroncito,Colonia,Champotón,Campeche,Champotón,Urbano,https://postali.app/mx/campeche/champoton/camaroncito
24400,Cardenal,Colonia,Champotón,Campeche,Champotón,Urbano,https://postali.app/mx/campeche/champoton/cardenal
24400,Carolinas,Colonia,Champotón,Campeche,Champotón,Urbano,https://postali.app/mx/campeche/champoton/carolinas
24400,Cañaveral,Colonia,Champotón,Campeche,Champotón,Urbano,https://postali.app/mx/campeche/champoton/canaveral
24400,Centenario,Colonia,Champotón,Campeche,Champotón,Urbano,https://postali.app/mx/campeche/champoton/centenario
24400,Champotón Centro,Colonia,Champotón,Campeche,Champotón,Urbano,https://postali.app/mx/campeche/champoton/champoton-centro
24400,Cocal,Colonia,Champotón,Campeche,Champotón,Urbano,https://postali.app/mx/campeche/champoton/cocal
24400,Concepción Duran,Colonia,Champotón,Campeche,Champotón,Urbano,https://postali.app/mx/campeche/champoton/concepcion-duran
24400,Cristóbal Colon,Colonia,Champotón,Campeche,Champotón,Urbano,https://postali.app/mx/campeche/champoton/cristobal-colon
24400,Cuauhtémoc,Colonia,Champotón,Campeche,Champotón,Urbano,https://postali.app/mx/campeche/champoton/cuauhtemoc
24400,Flamboyan,Colonia,Champotón,Campeche,Champotón,Urbano,https://postali.app/mx/campeche/champoton/flamboyan
24400,Guadalupe,Colonia,Champotón,Campeche,Champotón,Urbano,https://postali.app/mx/campeche/champoton/guadalupe
24400,Guadalupe Victoria,Colonia,Champotón,Campeche,Champotón,Urbano,https://postali.app/mx/campeche/champoton/guadalupe-victoria
24400,Huanal,Colonia,Champotón,Campeche,Champotón,Urbano,https://postali.app/mx/campeche/champoton/huanal
24400,INFONAVIT,Colonia,Champotón,Campeche,Champotón,Urbano,https://postali.app/mx/campeche/champoton/infonavit
24400,INFONAVIT Miraflores,Fraccionamiento,Champotón,Campeche,Champotón,Urbano,https://postali.app/mx/campeche/champoton/infonavit-miraflores
24400,ISSFAM,Unidad habitacional,Champotón,Campeche,Champotón,Urbano,https://postali.app/mx/campeche/champoton/issfam
24400,ISSSTE,Colonia,Champotón,Campeche,Champotón,Urbano,https://postali.app/mx/campeche/champoton/issste
24400,La Cruz,Colonia,Champotón,Campeche,Champotón,Urbano,https://postali.app/mx/campeche/champoton/la-cruz
24400,La Playa,Colonia,Champotón,Campeche,Champotón,Urbano,https://postali.app/mx/campeche/champoton/la-playa
24400,La Santa,Colonia,Champotón,Campeche,Champotón,Urbano,https://postali.app/mx/campeche/champoton/la-santa
24400,Las Brisas,Colonia,Champotón,Campeche,Champotón,Urbano,https://postali.app/mx/campeche/champoton/las-brisas
24400,Las Mercedes,Colonia,Champotón,Campeche,Champotón,Urbano,https://postali.app/mx/campeche/champoton/las-mercedes
24400,Las Palomas,Colonia,Champotón,Campeche,Champotón,Urbano,https://postali.app/mx/campeche/champoton/las-palomas
24400,Laureles,Colonia,Champotón,Campeche,Champotón,Urbano,https://postali.app/mx/campeche/champoton/laureles
24400,Lindavista,Colonia,Champotón,Campeche,Champotón,Urbano,https://postali.app/mx/campeche/champoton/lindavista
24400,Lázaro Cárdenas,Colonia,Champotón,Campeche,Champotón,Urbano,https://postali.app/mx/campeche/champoton/lazaro-cardenas
24400,Malecón,Colonia,Champotón,Campeche,Champotón,Urbano,https://postali.app/mx/campeche/champoton/malecon
24400,Manguitos,Colonia,Champotón,Campeche,Champotón,Urbano,https://postali.app/mx/campeche/champoton/manguitos
24400,Microondas,Colonia,Champotón,Campeche,Champotón,Urbano,https://postali.app/mx/campeche/champoton/microondas
24400,Mirador,Colonia,Champotón,Campeche,Champotón,Urbano,https://postali.app/mx/campeche/champoton/mirador
24400,Moch-Cohuo,Unidad habitacional,Champotón,Campeche,Champotón,Urbano,https://postali.app/mx/campeche/champoton/moch-cohuo
24400,Nueva Esperanza,Colonia,Champotón,Campeche,Champotón,Urbano,https://postali.app/mx/campeche/champoton/nueva-esperanza
24400,Nueva Esperanza INFONAVIT,Unidad habitacional,Champotón,Campeche,Champotón,Urbano,https://postali.app/mx/campeche/champoton/nueva-esperanza-infonavit
24400,Nueva Jerusalén,Colonia,Champotón,Campeche,Champotón,Urbano,https://postali.app/mx/campeche/champoton/nueva-jerusalen
24400,Paraíso,Colonia,Champotón,Campeche,Champotón,Urbano,https://postali.app/mx/campeche/champoton/paraiso
24400,Pedregal,Colonia,Champotón,Campeche,Champotón,Urbano,https://postali.app/mx/campeche/champoton/pedregal
24400,Plan-chac,Unidad habitacional,Champotón,Campeche,Champotón,Urbano,https://postali.app/mx/campeche/champoton/plan-chac
24400,Pozo del Chenpek,Colonia,Champotón,Campeche,Champotón,Urbano,https://postali.app/mx/campeche/champoton/pozo-del-chenpek
24400,Pozo del Monte,Colonia,Champotón,Campeche,Champotón,Urbano,https://postali.app/mx/campeche/champoton/pozo-del-monte
24400,Puente Viejo,Colonia,Champotón,Campeche,Champotón,Urbano,https://postali.app/mx/campeche/champoton/puente-viejo
24400,San Patricio,Colonia,Champotón,Campeche,Champotón,Urbano,https://postali.app/mx/campeche/champoton/san-patricio
24400,Tajonal,Colonia,Champotón,Campeche,Champotón,Urbano,https://postali.app/mx/campeche/champoton/tajonal
24400,Tierra y Libertad,Colonia,Champotón,Campeche,Champotón,Urbano,https://postali.app/mx/campeche/champoton/tierra-y-libertad
24400,Ulises Sansores,Colonia,Champotón,Campeche,Champotón,Urbano,https://postali.app/mx/campeche/champoton/ulises-sansores
24400,Venustiano Carranza,Colonia,Champotón,Campeche,Champotón,Urbano,https://postali.app/mx/campeche/champoton/venustiano-carranza
24400,Villa de las Flores,Colonia,Champotón,Campeche,Champotón,Urbano,https://postali.app/mx/campeche/champoton/villa-de-las-flores
24402,Canasayab,Pueblo,Champotón,Campeche,,Rural,https://postali.app/mx/campeche/champoton/canasayab
24402,El Zapote,Ejido,Champotón,Campeche,,Rural,https://postali.app/mx/campeche/champoton/el-zapote
24402,Moquel,Ejido,Champotón,Campeche,,Rural,https://postali.app/mx/campeche/champoton/moquel
24402,San Antonio del Río,Ejido,Champotón,Campeche,,Rural,https://postali.app/mx/campeche/champoton/san-antonio-del-rio
24402,Ulumal,Pueblo,Champotón,Campeche,,Rural,https://postali.app/mx/campeche/champoton/ulumal
24404,San José Carpizo Dos,Ranchería,Champotón,Campeche,,Rural,https://postali.app/mx/campeche/champoton/san-jose-carpizo-dos
24404,San José Carpizo Uno (San Fernando),Ranchería,Champotón,Campeche,,Rural,https://postali.app/mx/campeche/champoton/san-jose-carpizo-uno-san-fernando
24410,El Caporal,Rancho,Champotón,Campeche,,Rural,https://postali.app/mx/campeche/champoton/el-caporal
24410,La Estrella,Ejido,Champotón,Campeche,,Rural,https://postali.app/mx/campeche/champoton/la-estrella
24410,La Fraternidad,Ejido,Champotón,Campeche,,Rural,https://postali.app/mx/campeche/champoton/la-fraternidad
24410,Ley Federal de Reforma Agraria,Ejido,Champotón,Campeche,,Rural,https://postali.app/mx/campeche/champoton/ley-federal-de-reforma-agraria
24410,Punta Xen,Ejido,Champotón,Campeche,,Rural,https://postali.app/mx/campeche/champoton/punta-xen
24410,San Felipe,Ejido,Champotón,Campeche,,Rural,https://postali.app/mx/campeche/champoton/san-felipe
24410,San Luis Carpizo,Ranchería,Champotón,Campeche,,Rural,https://postali.app/mx/campeche/champoton/san-luis-carpizo
24410,San Marcos,Ejido,Champotón,Campeche,,Rural,https://postali.app/mx/campeche/champoton/san-marcos
24410,San Pablo,Ejido,Champotón,Campeche,,Rural,https://postali.app/mx/campeche/champoton/san-pablo
24410,Vicente Guerrero,Ejido,Champotón,Campeche,,Rural,https://postali.app/mx/campeche/champoton/vicente-guerrero
24410,Villamar,Ejido,Champotón,Campeche,,Rural,https://postali.app/mx/campeche/champoton/villamar
24411,López Mateos (La Desconfianza),Ejido,Champotón,Campeche,,Rural,https://postali.app/mx/campeche/champoton/lopez-mateos-la-desconfianza
24411,Maya Tecún I,Ranchería,Champotón,Campeche,,Rural,https://postali.app/mx/campeche/champoton/maya-tecun-i
24411,Maya Tecún II,Pueblo,Champotón,Campeche,,Rural,https://postali.app/mx/campeche/champoton/maya-tecun-ii
24411,Nueva Esperanza Número 2 (Santo Domingo),Ejido,Champotón,Campeche,,Rural,https://postali.app/mx/campeche/champoton/nueva-esperanza-numero-2-santo-domingo
24411,Pustunich,Ranchería,Champotón,Campeche,,Rural,https://postali.app/mx/campeche/champoton/pustunich
24411,San Antonio Yacasay,Ranchería,Champotón,Campeche,,Rural,https://postali.app/mx/campeche/champoton/san-antonio-yacasay
24413,San Pablo Pixtún,Pueblo,Champotón,Campeche,,Rural,https://postali.app/mx/campeche/champoton/san-pablo-pixtun
24413,Valle Hermoso,Ejido,Champotón,Campeche,,Rural,https://postali.app/mx/campeche/champoton/valle-hermoso
24414,Aquiles Serdán (Chuiná),Ejido,Champotón,Campeche,,Rural,https://postali.app/mx/campeche/champoton/aquiles-serdan-chuina
24414,Dzacabuchén,Pueblo,Champotón,Campeche,,Rural,https://postali.app/mx/campeche/champoton/dzacabuchen
24414,General Ortiz Ávila,Ejido,Champotón,Campeche,,Rural,https://postali.app/mx/campeche/champoton/general-ortiz-avila
24414,José María Morelos y Pavón,Ejido,Champotón,Campeche,,Rural,https://postali.app/mx/campeche/champoton/jose-maria-morelos-y-pavon
24414,José María Morelos y Pavón (El Pocito),Rancho,Champotón,Campeche,,Rural,https://postali.app/mx/campeche/champoton/jose-maria-morelos-y-pavon-el-pocito
24414,Lázaro Cárdenas,Ejido,Champotón,Campeche,,Rural,https://postali.app/mx/campeche/champoton/lazaro-cardenas-24414
24414,Monte Bravo,Ejido,Champotón,Campeche,,Rural,https://postali.app/mx/campeche/champoton/monte-bravo
24414,Nueva Esperanza Uno (San Miguel Tobías),Ejido,Champotón,Campeche,,Rural,https://postali.app/mx/campeche/champoton/nueva-esperanza-uno-san-miguel-tobias
24414,Pixoyal,Ejido,Champotón,Campeche,,Rural,https://postali.app/mx/campeche/champoton/pixoyal
24414,Revolución,Ejido,Champotón,Campeche,,Rural,https://postali.app/mx/campeche/champoton/revolucion
24415,Carrillo Puerto,Pueblo,Champotón,Campeche,,Rural,https://postali.app/mx/campeche/champoton/carrillo-puerto
24415,Las Cruces,Barrio,Champotón,Campeche,,Rural,https://postali.app/mx/campeche/champoton/las-cruces
24415,San Diego,Barrio,Champotón,Campeche,,Rural,https://postali.app/mx/campeche/champoton/san-diego
24415,San Pedro,Barrio,Champotón,Campeche,,Rural,https://postali.app/mx/campeche/champoton/san-pedro
24415,Santa Cecilia,Barrio,Champotón,Campeche,,Rural,https://postali.app/mx/campeche/champoton/santa-cecilia
24416,Xbacab,Ejido,Champotón,Campeche,,Rural,https://postali.app/mx/campeche/champoton/xbacab
24418,Cinco de Febrero,Pueblo,Champotón,Campeche,,Rural,https://postali.app/mx/campeche/champoton/cinco-de-febrero
24418,Miguel Colorado,Ranchería,Champotón,Campeche,,Rural,https://postali.app/mx/campeche/champoton/miguel-colorado
24419,Profesor Graciano Sánchez,Ejido,Champotón,Campeche,,Rural,https://postali.app/mx/campeche/champoton/profesor-graciano-sanchez
24420,Arellano,Ejido,Champotón,Campeche,,Rural,https://postali.app/mx/campeche/champoton/arellano
24420,Santa Cruz de Rovira,Ranchería,Champotón,Campeche,,Rural,https://postali.app/mx/campeche/champoton/santa-cruz-de-rovira
24421,Cañaveral,Ejido,Champotón,Campeche,,Rural,https://postali.app/mx/campeche/champoton/canaveral-24421
24421,San Juan Carpizo,Hacienda,Champotón,Campeche,,Rural,https://postali.app/mx/campeche/champoton/san-juan-carpizo
24421,San Miguel,Ejido,Champotón,Campeche,,Rural,https://postali.app/mx/campeche/champoton/san-miguel
24421,Villa de Guadalupe,Ejido,Champotón,Campeche,,Rural,https://postali.app/mx/campeche/champoton/villa-de-guadalupe
24423,Nuevo Michoacán,Ejido,Champotón,Campeche,,Rural,https://postali.app/mx/campeche/champoton/nuevo-michoacan
24424,Coronel Ortiz Ávila,Ejido,Champotón,Campeche,,Rural,https://postali.app/mx/campeche/champoton/coronel-ortiz-avila
24424,López Portillo 2 (Nilun),Ejido,Champotón,Campeche,,Rural,https://postali.app/mx/campeche/champoton/lopez-portillo-2-nilun
24424,Nayarit Castellot,Ranchería,Champotón,Campeche,,Rural,https://postali.app/mx/campeche/champoton/nayarit-castellot
24424,Valle de Quetzalcóatl,Ejido,Champotón,Campeche,,Rural,https://postali.app/mx/campeche/champoton/valle-de-quetzalcoatl
24440,Hool,Pueblo,Champotón,Campeche,,Rural,https://postali.app/mx/campeche/champoton/hool
24440,Santo Domingo Kesté,Ejido,Champotón,Campeche,,Rural,https://postali.app/mx/campeche/champoton/santo-domingo-keste
24441,Buenaventura,Ejido,Champotón,Campeche,,Rural,https://postali.app/mx/campeche/champoton/buenaventura
24441,Carlos Salinas de Gortari,Ejido,Champotón,Campeche,,Rural,https://postali.app/mx/campeche/champoton/carlos-salinas-de-gortari
24441,Dzitbalché Castellot,Ejido,Champotón,Campeche,,Rural,https://postali.app/mx/campeche/champoton/dzitbalche-castellot
24443,Ah Kim Pech,Ejido,Champotón,Campeche,,Rural,https://postali.app/mx/campeche/champoton/ah-kim-pech
24443,Chac Chaito,Ranchería,Champotón,Campeche,,Rural,https://postali.app/mx/campeche/champoton/chac-chaito
24443,Chilam Balam,Ejido,Champotón,Campeche,,Rural,https://postali.app/mx/campeche/champoton/chilam-balam
24443,Ignacio López Rayón,Ejido,Champotón,Campeche,,Rural,https://postali.app/mx/campeche/champoton/ignacio-lopez-rayon
24443,Kukulkán,Colonia,Champotón,Campeche,,Rural,https://postali.app/mx/campeche/champoton/kukulkan
24443,La Providencia,Ejido,Champotón,Campeche,,Rural,https://postali.app/mx/campeche/champoton/la-providencia
24443,Las Lomas Campo Menonita,Colonia,Champotón,Campeche,,Rural,https://postali.app/mx/campeche/champoton/las-lomas-campo-menonita
24443,Miguel Allende,Ejido,Champotón,Campeche,,Rural,https://postali.app/mx/campeche/champoton/miguel-allende
24443,Moch Cohuó,Ejido,Champotón,Campeche,,Rural,https://postali.app/mx/campeche/champoton/moch-cohuo-24443
24443,Nuevo Paraíso [Módulo],Colonia,Champotón,Campeche,,Rural,https://postali.app/mx/campeche/champoton/nuevo-paraiso-modulo
24443,Yohaltún,Ranchería,Champotón,Campeche,,Rural,https://postali.app/mx/campeche/champoton/yohaltun
24450,Sihochac,Pueblo,Champotón,Campeche,,Rural,https://postali.app/mx/campeche/champoton/sihochac
24451,El Porvenir,Ranchería,Champotón,Campeche,,Rural,https://postali.app/mx/campeche/champoton/el-porvenir
24451,La Joya,Ranchería,Champotón,Campeche,,Rural,https://postali.app/mx/campeche/champoton/la-joya
24451,La Noria,Pueblo,Champotón,Campeche,,Rural,https://postali.app/mx/campeche/champoton/la-noria
24459,Ciudad del Sol,Pueblo,Champotón,Campeche,,Rural,https://postali.app/mx/campeche/champoton/ciudad-del-sol
24460,16 de Septiembre,Colonia,Seybaplaya,Campeche,,Urbano,https://postali.app/mx/campeche/seybaplaya/16-de-septiembre
24460,Carmelita,Colonia,Seybaplaya,Campeche,,Urbano,https://postali.app/mx/campeche/seybaplaya/carmelita
24460,Costa Blanca,Ranchería,Seybaplaya,Campeche,,Rural,https://postali.app/mx/campeche/seybaplaya/costa-blanca
24460,Cristo Rey,Colonia,Seybaplaya,Campeche,,Urbano,https://postali.app/mx/campeche/seybaplaya/cristo-rey
24460,El Sombrerón,Colonia,Seybaplaya,Campeche,,Rural,https://postali.app/mx/campeche/seybaplaya/el-sombreron
24460,Frutales,Colonia,Seybaplaya,Campeche,,Urbano,https://postali.app/mx/campeche/seybaplaya/frutales
24460,Fátima,Colonia,Seybaplaya,Campeche,,Urbano,https://postali.app/mx/campeche/seybaplaya/fatima
24460,Guadalupe,Colonia,Seybaplaya,Campeche,,Urbano,https://postali.app/mx/campeche/seybaplaya/guadalupe
24460,Hornos,Colonia,Seybaplaya,Campeche,,Urbano,https://postali.app/mx/campeche/seybaplaya/hornos
24460,La Jimba,Colonia,Seybaplaya,Campeche,,Urbano,https://postali.app/mx/campeche/seybaplaya/la-jimba
24460,San Isidro,Colonia,Seybaplaya,Campeche,,Urbano,https://postali.app/mx/campeche/seybaplaya/san-isidro
24460,San Rafael,Colonia,Seybaplaya,Campeche,,Urbano,https://postali.app/mx/campeche/seybaplaya/san-rafael
24460,Santa Clara,Colonia,Seybaplaya,Campeche,,Urbano,https://postali.app/mx/campeche/seybaplaya/santa-clara
24460,Santa Cruz,Colonia,Seybaplaya,Campeche,,Urbano,https://postali.app/mx/campeche/seybaplaya/santa-cruz
24460,Seybaplaya Centro,Colonia,Seybaplaya,Campeche,,Urbano,https://postali.app/mx/campeche/seybaplaya/seybaplaya-centro
24460,Siho Playa (Hotel),Paraje,Seybaplaya,Campeche,,Urbano,https://postali.app/mx/campeche/seybaplaya/siho-playa-hotel
24460,Tizimín,Colonia,Seybaplaya,Campeche,,Urbano,https://postali.app/mx/campeche/seybaplaya/tizimin
24462,Haltunchén,Colonia,Seybaplaya,Campeche,,Rural,https://postali.app/mx/campeche/seybaplaya/haltunchen
24462,Nuevo Amanecer,Colonia,Seybaplaya,Campeche,,Rural,https://postali.app/mx/campeche/seybaplaya/nuevo-amanecer
24462,Villa Madero,Colonia,Seybaplaya,Campeche,,Urbano,https://postali.app/mx/campeche/seybaplaya/villa-madero
24464,Xkeulil,Pueblo,Seybaplaya,Campeche,,Rural,https://postali.app/mx/campeche/seybaplaya/xkeulil
24500,Becan,Colonia,Campeche,Campeche,,Rural,https://postali.app/mx/campeche/campeche/becan
24500,Chiapaneca,Colonia,Campeche,Campeche,,Rural,https://postali.app/mx/campeche/campeche/chiapaneca
24500,Espíritu Santo,Colonia,Campeche,Campeche,,Rural,https://postali.app/mx/campeche/campeche/espiritu-santo
24500,Huayita,Colonia,Campeche,Campeche,,Rural,https://postali.app/mx/campeche/campeche/huayita
24500,Kila,Colonia,Campeche,Campeche,,Rural,https://postali.app/mx/campeche/campeche/kila
24500,La Guadalupana,Colonia,Campeche,Campeche,,Rural,https://postali.app/mx/campeche/campeche/la-guadalupana
24500,Las Brisas,Colonia,Campeche,Campeche,,Rural,https://postali.app/mx/campeche/campeche/las-brisas
24500,Lerma,Zona industrial,Campeche,Campeche,,Rural,https://postali.app/mx/campeche/campeche/lerma
24500,Lerma Centro,Colonia,Campeche,Campeche,,Rural,https://postali.app/mx/campeche/campeche/lerma-centro
24500,Lázaro Cárdenas,Colonia,Campeche,Campeche,,Rural,https://postali.app/mx/campeche/campeche/lazaro-cardenas-24500
24500,Marañon,Colonia,Campeche,Campeche,,Rural,https://postali.app/mx/campeche/campeche/maranon
24500,Pesquera,Unidad habitacional,Campeche,Campeche,,Rural,https://postali.app/mx/campeche/campeche/pesquera
24500,Playa Bonita,Zona comercial,Campeche,Campeche,,Urbano,https://postali.app/mx/campeche/campeche/playa-bonita
24500,San Antonio,Colonia,Campeche,Campeche,,Rural,https://postali.app/mx/campeche/campeche/san-antonio-24500
24500,San Bartolo,Colonia,Campeche,Campeche,,Rural,https://postali.app/mx/campeche/campeche/san-bartolo
24500,Satélite,Colonia,Campeche,Campeche,,Urbano,https://postali.app/mx/campeche/campeche/satelite
24500,Secretaria de Marina,Unidad habitacional,Campeche,Campeche,,Rural,https://postali.app/mx/campeche/campeche/secretaria-de-marina
24500,Tepeyac,Colonia,Campeche,Campeche,,Rural,https://postali.app/mx/campeche/campeche/tepeyac-24500
24500,Tres Cruces,Colonia,Campeche,Campeche,,Rural,https://postali.app/mx/campeche/campeche/tres-cruces
24505,San Lorenzo,Ejido,Campeche,Campeche,,Rural,https://postali.app/mx/campeche/campeche/san-lorenzo
24517,Castamay,Ejido,Campeche,Campeche,,Rural,https://postali.app/mx/campeche/campeche/castamay
24520,Campestre Los Almendros,Fraccionamiento,Campeche,Campeche,,Rural,https://postali.app/mx/campeche/campeche/campestre-los-almendros
24520,China,Ejido,Campeche,Campeche,,Rural,https://postali.app/mx/campeche/campeche/china
24520,Hobomo,Ejido,Campeche,Campeche,,Rural,https://postali.app/mx/campeche/campeche/hobomo
24520,Mucuychakan,Ejido,Campeche,Campeche,,Rural,https://postali.app/mx/campeche/campeche/mucuychakan
24520,Uayamón,Ejido,Campeche,Campeche,,Rural,https://postali.app/mx/campeche/campeche/uayamon
24522,San Agustin Ola,Ejido,Campeche,Campeche,,Rural,https://postali.app/mx/campeche/campeche/san-agustin-ola
24523,Chulbac,Ejido,Campeche,Campeche,,Rural,https://postali.app/mx/campeche/campeche/chulbac
24532,Pocyaxum,Ejido,Campeche,Campeche,,Rural,https://postali.app/mx/campeche/campeche/pocyaxum
24536,Sierra Verde de Cayal,Ranchería,Campeche,Campeche,,Rural,https://postali.app/mx/campeche/campeche/sierra-verde-de-cayal
24536,Uzahzil-Edzná (Nohyaxché),Ejido,Campeche,Campeche,,Rural,https://postali.app/mx/campeche/campeche/uzahzil-edzna-nohyaxche
24537,Nohakal,Ejido,Campeche,Campeche,,Rural,https://postali.app/mx/campeche/campeche/nohakal
24540,Cayal,Ejido,Campeche,Campeche,,Rural,https://postali.app/mx/campeche/campeche/cayal
24540,Pueblo Nuevo,Ejido,Campeche,Campeche,,Rural,https://postali.app/mx/campeche/campeche/pueblo-nuevo
24540,San Antonio Cayal,Equipamiento,Campeche,Campeche,,Rural,https://postali.app/mx/campeche/campeche/san-antonio-cayal
24550,Chencollí (Citro-Kampeche),Ejido,Campeche,Campeche,,Rural,https://postali.app/mx/campeche/campeche/chencolli-citro-kampeche
24550,Miguel Alemán (X- Campeu),Ejido,Campeche,Campeche,,Rural,https://postali.app/mx/campeche/campeche/miguel-aleman-x-campeu
24550,San Antonio Bobolá,Ejido,Campeche,Campeche,,Rural,https://postali.app/mx/campeche/campeche/san-antonio-bobola
24550,Tikinmul,Ejido,Campeche,Campeche,,Rural,https://postali.app/mx/campeche/campeche/tikinmul
24552,Nilchi,Ejido,Campeche,Campeche,,Rural,https://postali.app/mx/campeche/campeche/nilchi
24553,San Camilo (Chencollí),Ejido,Campeche,Campeche,,Rural,https://postali.app/mx/campeche/campeche/san-camilo-chencolli
24557,Crucero OXA,Ejido,Campeche,Campeche,,Rural,https://postali.app/mx/campeche/campeche/crucero-oxa
24560,CERESO San Francisco Kobén,Equipamiento,Campeche,Campeche,,Rural,https://postali.app/mx/campeche/campeche/cereso-san-francisco-koben
24560,Hampolol,Ejido,Campeche,Campeche,,Rural,https://postali.app/mx/campeche/campeche/hampolol
24560,Imi,Ejido,Campeche,Campeche,,Rural,https://postali.app/mx/campeche/campeche/imi
24560,Río Verde,Ejido,Campeche,Campeche,,Rural,https://postali.app/mx/campeche/campeche/rio-verde
24560,San Francisco Koben,Ejido,Campeche,Campeche,,Rural,https://postali.app/mx/campeche/campeche/san-francisco-koben
24562,Bethania,Ejido,Campeche,Campeche,,Rural,https://postali.app/mx/campeche/campeche/bethania
24564,Chemblas,Ejido,Campeche,Campeche,,Rural,https://postali.app/mx/campeche/campeche/chemblas
24570,Alfredo V. Bonfil,Pueblo,Campeche,Campeche,,Rural,https://postali.app/mx/campeche/campeche/alfredo-v-bonfil
24570,Bolonchén Cahuich,Ejido,Campeche,Campeche,,Rural,https://postali.app/mx/campeche/campeche/bolonchen-cahuich
24570,Kikab,Ejido,Campeche,Campeche,,Rural,https://postali.app/mx/campeche/campeche/kikab
24570,Lubná,Ejido,Campeche,Campeche,,Rural,https://postali.app/mx/campeche/campeche/lubna
24570,Melchor Ocampo,Pueblo,Campeche,Campeche,,Rural,https://postali.app/mx/campeche/campeche/melchor-ocampo
24570,Nueva Esperanza,Ejido,Campeche,Campeche,,Rural,https://postali.app/mx/campeche/campeche/nueva-esperanza
24570,Nuevo Pénjamo,Ejido,Campeche,Campeche,,Rural,https://postali.app/mx/campeche/campeche/nuevo-penjamo
24570,San Isidro,Colonia,Campeche,Campeche,,Rural,https://postali.app/mx/campeche/campeche/san-isidro
24570,Tixmucuy,Ejido,Campeche,Campeche,,Rural,https://postali.app/mx/campeche/campeche/tixmucuy
24572,Pich,Ejido,Campeche,Campeche,,Rural,https://postali.app/mx/campeche/campeche/pich
24572,San Luciano,Ejido,Campeche,Campeche,,Rural,https://postali.app/mx/campeche/campeche/san-luciano
24573,Carlos Cano Cruz (Los Tlaxcaltecas),Ejido,Campeche,Campeche,,Rural,https://postali.app/mx/campeche/campeche/carlos-cano-cruz-los-tlaxcaltecas
24573,Los Laureles,Ejido,Campeche,Campeche,,Rural,https://postali.app/mx/campeche/campeche/los-laureles-24573
24573,San Miguel Allende,Ejido,Campeche,Campeche,,Rural,https://postali.app/mx/campeche/campeche/san-miguel-allende
24574,La Libertad,Ejido,Campeche,Campeche,,Rural,https://postali.app/mx/campeche/campeche/la-libertad
24574,Quetzal Edzná,Ejido,Campeche,Campeche,,Rural,https://postali.app/mx/campeche/campeche/quetzal-edzna
24575,Adolfo Ruiz Cortinez,Ejido,Campeche,Campeche,,Rural,https://postali.app/mx/campeche/campeche/adolfo-ruiz-cortinez
24600,Campo de Aviación,Colonia,Hopelchén,Campeche,Hopelchén,Rural,https://postali.app/mx/campeche/hopelchen/campo-de-aviacion
24600,Dolores Lanz,Colonia,Hopelchén,Campeche,Hopelchén,Rural,https://postali.app/mx/campeche/hopelchen/dolores-lanz
24600,El Tamarindo,Colonia,Hopelchén,Campeche,Hopelchén,Rural,https://postali.app/mx/campeche/hopelchen/el-tamarindo
24600,Hopelchen Centro,Colonia,Hopelchén,Campeche,Hopelchén,Rural,https://postali.app/mx/campeche/hopelchen/hopelchen-centro
24600,Magisterial,Colonia,Hopelchén,Campeche,Hopelchén,Rural,https://postali.app/mx/campeche/hopelchen/magisterial
24600,Norte,Colonia,Hopelchén,Campeche,Hopelchén,Rural,https://postali.app/mx/campeche/hopelchen/norte
24600,San Isidro,Colonia,Hopelchén,Campeche,Hopelchén,Rural,https://postali.app/mx/campeche/hopelchen/san-isidro
24600,San Luis,Colonia,Hopelchén,Campeche,Hopelchén,Rural,https://postali.app/mx/campeche/hopelchen/san-luis
24600,San Martín,Colonia,Hopelchén,Campeche,Hopelchén,Rural,https://postali.app/mx/campeche/hopelchen/san-martin
24600,San Román,Colonia,Hopelchén,Campeche,Hopelchén,Rural,https://postali.app/mx/campeche/hopelchen/san-roman
24600,Santa Cruz,Colonia,Hopelchén,Campeche,Hopelchén,Rural,https://postali.app/mx/campeche/hopelchen/santa-cruz
24604,Crucero San Luis,Pueblo,Hopelchén,Campeche,,Rural,https://postali.app/mx/campeche/hopelchen/crucero-san-luis
24604,El Poste,Ranchería,Hopelchén,Campeche,,Rural,https://postali.app/mx/campeche/hopelchen/el-poste
24604,Ich-Ek,Ejido,Hopelchén,Campeche,,Rural,https://postali.app/mx/campeche/hopelchen/ich-ek
24604,San Francisco Suc-Tuc,Pueblo,Hopelchén,Campeche,,Rural,https://postali.app/mx/campeche/hopelchen/san-francisco-suc-tuc
24604,San Juan Bautista Sahcabchén,Pueblo,Hopelchén,Campeche,,Rural,https://postali.app/mx/campeche/hopelchen/san-juan-bautista-sahcabchen
24604,Santa Fe,Ejido,Hopelchén,Campeche,,Rural,https://postali.app/mx/campeche/hopelchen/santa-fe
24605,Xcupil,Ranchería,Hopelchén,Campeche,,Rural,https://postali.app/mx/campeche/hopelchen/xcupil
24606,Becanchén,Pueblo,Hopelchén,Campeche,,Rural,https://postali.app/mx/campeche/hopelchen/becanchen
24607,Komchén,Ranchería,Hopelchén,Campeche,,Rural,https://postali.app/mx/campeche/hopelchen/komchen
24609,Pakchén,Ranchería,Hopelchén,Campeche,,Rural,https://postali.app/mx/campeche/hopelchen/pakchen
24610,Chencoh,Ranchería,Hopelchén,Campeche,,Rural,https://postali.app/mx/campeche/hopelchen/chencoh
24611,Dzibalchén,Pueblo,Hopelchén,Campeche,,Rural,https://postali.app/mx/campeche/hopelchen/dzibalchen
24612,Cancabchén,Ranchería,Hopelchén,Campeche,,Rural,https://postali.app/mx/campeche/hopelchen/cancabchen
24612,Francisco J. Mújica (Los Ucán),Ranchería,Hopelchén,Campeche,,Rural,https://postali.app/mx/campeche/hopelchen/francisco-j-mujica-los-ucan
24612,San Isidro,Ejido,Hopelchén,Campeche,,Rural,https://postali.app/mx/campeche/hopelchen/san-isidro-24612
24613,Chunchintok,Pueblo,Hopelchén,Campeche,,Rural,https://postali.app/mx/campeche/hopelchen/chunchintok
24615,Ukum,Pueblo,Hopelchén,Campeche,,Rural,https://postali.app/mx/campeche/hopelchen/ukum
24615,Xmejía,Ejido,Hopelchén,Campeche,,Rural,https://postali.app/mx/campeche/hopelchen/xmejia
24620,Bolonchen de Rejón,Pueblo,Hopelchén,Campeche,,Rural,https://postali.app/mx/campeche/hopelchen/bolonchen-de-rejon
24620,Katab,Ejido,Hopelchén,Campeche,,Rural,https://postali.app/mx/campeche/hopelchen/katab
24620,San Bernardo Huechil,Ranchería,Hopelchén,Campeche,,Rural,https://postali.app/mx/campeche/hopelchen/san-bernardo-huechil
24620,Xcalot Akal,Ranchería,Hopelchén,Campeche,,Rural,https://postali.app/mx/campeche/hopelchen/xcalot-akal
24620,Xcanahaltún Huechil Unidos,Ejido,Hopelchén,Campeche,,Rural,https://postali.app/mx/campeche/hopelchen/xcanahaltun-huechil-unidos
24622,Chuncedro,Ranchería,Hopelchén,Campeche,,Rural,https://postali.app/mx/campeche/hopelchen/chuncedro
24622,Chunyaxnic,Ranchería,Hopelchén,Campeche,,Rural,https://postali.app/mx/campeche/hopelchen/chunyaxnic
24622,San Antonio Yaxché,Ranchería,Hopelchén,Campeche,,Rural,https://postali.app/mx/campeche/hopelchen/san-antonio-yaxche
24622,Xculoc,Ranchería,Hopelchén,Campeche,,Rural,https://postali.app/mx/campeche/hopelchen/xculoc
24623,Rancho Sosa,Ejido,Hopelchén,Campeche,,Rural,https://postali.app/mx/campeche/hopelchen/rancho-sosa
24623,Yaxché Akal,Ranchería,Hopelchén,Campeche,,Rural,https://postali.app/mx/campeche/hopelchen/yaxche-akal
24624,Campo Menonita,Ejido,Hopelchén,Campeche,,Rural,https://postali.app/mx/campeche/hopelchen/campo-menonita
24640,10 de Mayo,Colonia,Calakmul,Campeche,,Urbano,https://postali.app/mx/campeche/calakmul/10-de-mayo
24640,Aviación,Colonia,Calakmul,Campeche,,Urbano,https://postali.app/mx/campeche/calakmul/aviacion
24640,Bellavista,Colonia,Calakmul,Campeche,,Urbano,https://postali.app/mx/campeche/calakmul/bellavista
24640,Bugambilias,Colonia,Calakmul,Campeche,,Urbano,https://postali.app/mx/campeche/calakmul/bugambilias
24640,Fundadores,Colonia,Calakmul,Campeche,,Urbano,https://postali.app/mx/campeche/calakmul/fundadores
24640,Jardines,Colonia,Calakmul,Campeche,,Urbano,https://postali.app/mx/campeche/calakmul/jardines
24640,Xpujil,Pueblo,Calakmul,Campeche,,Rural,https://postali.app/mx/campeche/calakmul/xpujil
24643,Becan,Ranchería,Calakmul,Campeche,,Rural,https://postali.app/mx/campeche/calakmul/becan
24643,Chicana,Ranchería,Calakmul,Campeche,,Rural,https://postali.app/mx/campeche/calakmul/chicana
24643,El Chichonal,Ejido,Calakmul,Campeche,,Rural,https://postali.app/mx/campeche/calakmul/el-chichonal
24643,Heriberto Jara Corona,Ejido,Calakmul,Campeche,,Rural,https://postali.app/mx/campeche/calakmul/heriberto-jara-corona
24643,Plan de San Luis,Ejido,Calakmul,Campeche,,Rural,https://postali.app/mx/campeche/calakmul/plan-de-san-luis
24643,Valentín Gómez Farias,Ejido,Calakmul,Campeche,,Rural,https://postali.app/mx/campeche/calakmul/valentin-gomez-farias
24644,Bel-ha,Ranchería,Calakmul,Campeche,,Rural,https://postali.app/mx/campeche/calakmul/bel-ha
24644,Dos Lagunas,Ejido,Calakmul,Campeche,,Rural,https://postali.app/mx/campeche/calakmul/dos-lagunas
24644,El Refugio,Ejido,Calakmul,Campeche,,Rural,https://postali.app/mx/campeche/calakmul/el-refugio
24644,Nueva Vida,Ejido,Calakmul,Campeche,,Rural,https://postali.app/mx/campeche/calakmul/nueva-vida
24644,Nuevo Becal,Ejido,Calakmul,Campeche,,Rural,https://postali.app/mx/campeche/calakmul/nuevo-becal
24644,Ricardo Flores Magón,Ejido,Calakmul,Campeche,,Rural,https://postali.app/mx/campeche/calakmul/ricardo-flores-magon
24644,Tepeyac,Ranchería,Calakmul,Campeche,,Rural,https://postali.app/mx/campeche/calakmul/tepeyac
24644,Unión 20 de Junio,Ranchería,Calakmul,Campeche,,Rural,https://postali.app/mx/campeche/calakmul/union-20-de-junio
24644,Zoh-laguna (alvaro Obregón),Pueblo,Calakmul,Campeche,,Rural,https://postali.app/mx/campeche/calakmul/zoh-laguna-alvaro-obregon
24645,20 de Noviembre,Ejido,Calakmul,Campeche,,Rural,https://postali.app/mx/campeche/calakmul/20-de-noviembre
24645,21 de Mayo (Lechugal),Ejido,Calakmul,Campeche,,Rural,https://postali.app/mx/campeche/calakmul/21-de-mayo-lechugal
24645,Caña Brava,Ejido,Calakmul,Campeche,,Rural,https://postali.app/mx/campeche/calakmul/cana-brava
24645,Cristóbal Colon,Ranchería,Calakmul,Campeche,,Rural,https://postali.app/mx/campeche/calakmul/cristobal-colon
24645,El Carmen II,Ejido,Calakmul,Campeche,,Rural,https://postali.app/mx/campeche/calakmul/el-carmen-ii
24645,El Manantial,Ejido,Calakmul,Campeche,,Rural,https://postali.app/mx/campeche/calakmul/el-manantial
24645,El Porvenir,Ejido,Calakmul,Campeche,,Rural,https://postali.app/mx/campeche/calakmul/el-porvenir
24645,Eugenio Echeverría Castellot (El Carrizal),Ejido,Calakmul,Campeche,,Rural,https://postali.app/mx/campeche/calakmul/eugenio-echeverria-castellot-el-carrizal
24645,Felipe Ángeles,Ranchería,Calakmul,Campeche,,Rural,https://postali.app/mx/campeche/calakmul/felipe-angeles
24645,Gustavo Díaz Ordaz (San Antonio Soda),Ejido,Calakmul,Campeche,,Rural,https://postali.app/mx/campeche/calakmul/gustavo-diaz-ordaz-san-antonio-soda
24645,Hermenegildo Galeana,Ranchería,Calakmul,Campeche,,Rural,https://postali.app/mx/campeche/calakmul/hermenegildo-galeana
24645,Ingeniero Ricardo Payro Jene (Polo Norte),Ranchería,Calakmul,Campeche,,Rural,https://postali.app/mx/campeche/calakmul/ingeniero-ricardo-payro-jene-polo-norte
24645,La Lucha,Ranchería,Calakmul,Campeche,,Rural,https://postali.app/mx/campeche/calakmul/la-lucha
24645,La Victoria,Ejido,Calakmul,Campeche,,Rural,https://postali.app/mx/campeche/calakmul/la-victoria
24645,La Virgencita de La Candelaria,Ejido,Calakmul,Campeche,,Rural,https://postali.app/mx/campeche/calakmul/la-virgencita-de-la-candelaria
24645,Los Ángeles,Ranchería,Calakmul,Campeche,,Rural,https://postali.app/mx/campeche/calakmul/los-angeles
24645,Lucha,Ejido,Calakmul,Campeche,,Rural,https://postali.app/mx/campeche/calakmul/lucha
24645,Manuel Castilla Brito,Ranchería,Calakmul,Campeche,,Rural,https://postali.app/mx/campeche/calakmul/manuel-castilla-brito
24645,Narciso Mendoza,Ejido,Calakmul,Campeche,,Rural,https://postali.app/mx/campeche/calakmul/narciso-mendoza
24645,Niños Héroes,Ranchería,Calakmul,Campeche,,Rural,https://postali.app/mx/campeche/calakmul/ninos-heroes
24645,Nuevo Campanario,Ejido,Calakmul,Campeche,,Rural,https://postali.app/mx/campeche/calakmul/nuevo-campanario
24645,Nuevo Progreso 3,Ranchería,Calakmul,Campeche,,Rural,https://postali.app/mx/campeche/calakmul/nuevo-progreso-3
24645,San José,Ejido,Calakmul,Campeche,,Rural,https://postali.app/mx/campeche/calakmul/san-jose
24645,Tomas Aznar Barbachano,Ejido,Calakmul,Campeche,,Rural,https://postali.app/mx/campeche/calakmul/tomas-aznar-barbachano
24645,Unidad y Trabajo,Ejido,Calakmul,Campeche,,Rural,https://postali.app/mx/campeche/calakmul/unidad-y-trabajo
24646,16 de Septiembre,Ejido,Calakmul,Campeche,,Rural,https://postali.app/mx/campeche/calakmul/16-de-septiembre
24646,Bella Unión de Veracruz,Ejido,Calakmul,Campeche,,Rural,https://postali.app/mx/campeche/calakmul/bella-union-de-veracruz
24646,Blasillo,Ranchería,Calakmul,Campeche,,Rural,https://postali.app/mx/campeche/calakmul/blasillo
24646,Carlos A Madrazo,Ejido,Calakmul,Campeche,,Rural,https://postali.app/mx/campeche/calakmul/carlos-a-madrazo
24646,Cerro de las Flores (Sta. Rosa),Ejido,Calakmul,Campeche,,Rural,https://postali.app/mx/campeche/calakmul/cerro-de-las-flores-sta-rosa
24646,El Tesoro,Ejido,Calakmul,Campeche,,Rural,https://postali.app/mx/campeche/calakmul/el-tesoro
24646,Josefa Ortiz de Domínguez (Icaiché),Ejido,Calakmul,Campeche,,Rural,https://postali.app/mx/campeche/calakmul/josefa-ortiz-de-dominguez-icaiche
24646,Los Alacranes,Ranchería,Calakmul,Campeche,,Rural,https://postali.app/mx/campeche/calakmul/los-alacranes
24646,Los Tambores de Emiliano Zapata,Ranchería,Calakmul,Campeche,,Rural,https://postali.app/mx/campeche/calakmul/los-tambores-de-emiliano-zapata
24646,Lázaro Cárdenas 2 (ojo de Agua),Ranchería,Calakmul,Campeche,,Rural,https://postali.app/mx/campeche/calakmul/lazaro-cardenas-2-ojo-de-agua
24646,Manuel Cresencio Rejón,Ejido,Calakmul,Campeche,,Rural,https://postali.app/mx/campeche/calakmul/manuel-cresencio-rejon
24646,Nuevo San José,Ranchería,Calakmul,Campeche,,Rural,https://postali.app/mx/campeche/calakmul/nuevo-san-jose
24646,Nuevo Veracruz,Ranchería,Calakmul,Campeche,,Rural,https://postali.app/mx/campeche/calakmul/nuevo-veracruz
24646,Pioneros del Río Xnohá,Ejido,Calakmul,Campeche,,Rural,https://postali.app/mx/campeche/calakmul/pioneros-del-rio-xnoha
24646,Plan de Ayala (5 de Mayo),Ejido,Calakmul,Campeche,,Rural,https://postali.app/mx/campeche/calakmul/plan-de-ayala-5-de-mayo
24646,Quiche las Pailas,Ejido,Calakmul,Campeche,,Rural,https://postali.app/mx/campeche/calakmul/quiche-las-pailas
24647,11 de Mayo,Ejido,Calakmul,Campeche,,Rural,https://postali.app/mx/campeche/calakmul/11-de-mayo
24647,Arroyo Negro,Ejido,Calakmul,Campeche,,Rural,https://postali.app/mx/campeche/calakmul/arroyo-negro
24647,Dos Lagunas,Ranchería,Calakmul,Campeche,,Rural,https://postali.app/mx/campeche/calakmul/dos-lagunas-24647
24647,Dos Naciones,Ejido,Calakmul,Campeche,,Rural,https://postali.app/mx/campeche/calakmul/dos-naciones
24647,José Ma. Morelos y Pavón,Ejido,Calakmul,Campeche,,Rural,https://postali.app/mx/campeche/calakmul/jose-ma-morelos-y-pavon
24647,Justo Sierra Méndez,Ejido,Calakmul,Campeche,,Rural,https://postali.app/mx/campeche/calakmul/justo-sierra-mendez
24647,Ley de Fomento Agropecuario (La Misteriosa),Ejido,Calakmul,Campeche,,Rural,https://postali.app/mx/campeche/calakmul/ley-de-fomento-agropecuario-la-misteriosa
24647,San Miguel,Ejido,Calakmul,Campeche,,Rural,https://postali.app/mx/campeche/calakmul/san-miguel
24647,Santo Domingo,Ranchería,Calakmul,Campeche,,Rural,https://postali.app/mx/campeche/calakmul/santo-domingo
24648,Centauro del Norte,Ejido,Calakmul,Campeche,,Rural,https://postali.app/mx/campeche/calakmul/centauro-del-norte
24648,La Guadalupe,Ejido,Calakmul,Campeche,,Rural,https://postali.app/mx/campeche/calakmul/la-guadalupe
24653,Balanku,Ranchería,Calakmul,Campeche,,Rural,https://postali.app/mx/campeche/calakmul/balanku
24653,Nuevo Conhuas,Ejido,Calakmul,Campeche,,Rural,https://postali.app/mx/campeche/calakmul/nuevo-conhuas
24654,Emiliano Zapata,Ejido,Calakmul,Campeche,,Rural,https://postali.app/mx/campeche/calakmul/emiliano-zapata
24654,Felipe Ángeles II,Ejido,Calakmul,Campeche,,Rural,https://postali.app/mx/campeche/calakmul/felipe-angeles-ii
24654,Ingeniero Eugenio Echeverría Castellot,Ejido,Calakmul,Campeche,,Rural,https://postali.app/mx/campeche/calakmul/ingeniero-eugenio-echeverria-castellot
24654,Puebla de Morelia,Ejido,Calakmul,Campeche,,Rural,https://postali.app/mx/campeche/calakmul/puebla-de-morelia
24656,Central Chiclera Villahermosa,Ranchería,Calakmul,Campeche,,Rural,https://postali.app/mx/campeche/calakmul/central-chiclera-villahermosa
24658,Concepción,Ejido,Calakmul,Campeche,,Rural,https://postali.app/mx/campeche/calakmul/concepcion
24658,Constitución,Ranchería,Calakmul,Campeche,,Rural,https://postali.app/mx/campeche/calakmul/constitucion
24658,Pablo García,Ejido,Calakmul,Campeche,,Rural,https://postali.app/mx/campeche/calakmul/pablo-garcia
24658,Santa Lucia,Ejido,Calakmul,Campeche,,Rural,https://postali.app/mx/campeche/calakmul/santa-lucia
24658,Xbonil,Ejido,Calakmul,Campeche,,Rural,https://postali.app/mx/campeche/calakmul/xbonil
24660,Vicente Guerrero,Pueblo,Hopelchén,Campeche,,Rural,https://postali.app/mx/campeche/hopelchen/vicente-guerrero
24663,Ramón Corona,Ejido,Hopelchén,Campeche,,Rural,https://postali.app/mx/campeche/hopelchen/ramon-corona
24667,Nuevo Chan Yaxché,Ejido,Hopelchén,Campeche,,Rural,https://postali.app/mx/campeche/hopelchen/nuevo-chan-yaxche
24667,X-Canhá,Ejido,Hopelchén,Campeche,,Rural,https://postali.app/mx/campeche/hopelchen/x-canha
24668,Chan-Chen,Ejido,Hopelchén,Campeche,,Rural,https://postali.app/mx/campeche/hopelchen/chan-chen
24668,Chun-Ek,Ranchería,Hopelchén,Campeche,,Rural,https://postali.app/mx/campeche/hopelchen/chun-ek
24668,Pachuitz,Ejido,Hopelchén,Campeche,,Rural,https://postali.app/mx/campeche/hopelchen/pachuitz
24670,Xmabén,Ranchería,Hopelchén,Campeche,,Rural,https://postali.app/mx/campeche/hopelchen/xmaben
24700,Tenabo Centro,Colonia,Tenabo,Campeche,Tenabo,Rural,https://postali.app/mx/campeche/tenabo/tenabo-centro
24703,Jacinto Canek,Barrio,Tenabo,Campeche,Tenabo,Rural,https://postali.app/mx/campeche/tenabo/jacinto-canek
24704,San Pedro,Barrio,Tenabo,Campeche,Tenabo,Rural,https://postali.app/mx/campeche/tenabo/san-pedro
24705,Procesadora,Barrio,Tenabo,Campeche,Tenabo,Rural,https://postali.app/mx/campeche/tenabo/procesadora
24706,Ana María Farias,Barrio,Tenabo,Campeche,Tenabo,Rural,https://postali.app/mx/campeche/tenabo/ana-maria-farias
24706,Esperanza,Barrio,Tenabo,Campeche,Tenabo,Rural,https://postali.app/mx/campeche/tenabo/esperanza
24706,Lazareto,Barrio,Tenabo,Campeche,Tenabo,Rural,https://postali.app/mx/campeche/tenabo/lazareto
24707,Guadalupe,Barrio,Tenabo,Campeche,Tenabo,Rural,https://postali.app/mx/campeche/tenabo/guadalupe
24720,Kankí,Pueblo,Tenabo,Campeche,,Rural,https://postali.app/mx/campeche/tenabo/kanki
24723,Chilib,Ejido,Tenabo,Campeche,,Rural,https://postali.app/mx/campeche/tenabo/chilib
24730,Tinún,Pueblo,Tenabo,Campeche,,Rural,https://postali.app/mx/campeche/tenabo/tinun
24732,Emiliano Zapata,Ejido,Tenabo,Campeche,,Rural,https://postali.app/mx/campeche/tenabo/emiliano-zapata
24732,San Pedro Corralché,Ejido,Tenabo,Campeche,,Rural,https://postali.app/mx/campeche/tenabo/san-pedro-corralche
24733,Nachehá,Ejido,Tenabo,Campeche,,Rural,https://postali.app/mx/campeche/tenabo/nacheha
24734,Xkuncheil,Ejido,Tenabo,Campeche,,Rural,https://postali.app/mx/campeche/tenabo/xkuncheil
24740,Santa Rosa,Ejido,Tenabo,Campeche,,Rural,https://postali.app/mx/campeche/tenabo/santa-rosa
24746,Orizaba,Ejido,Tenabo,Campeche,,Rural,https://postali.app/mx/campeche/tenabo/orizaba
24800,Abraham Azar,Fraccionamiento,Hecelchakán,Campeche,Hecelchakán,Rural,https://postali.app/mx/campeche/hecelchakan/abraham-azar
24800,Centro Hecelchakán,Colonia,Hecelchakán,Campeche,Hecelchakán,Rural,https://postali.app/mx/campeche/hecelchakan/centro-hecelchakan
24800,La Conquista,Barrio,Hecelchakán,Campeche,Hecelchakán,Rural,https://postali.app/mx/campeche/hecelchakan/la-conquista
24800,Las Gardenias,Fraccionamiento,Hecelchakán,Campeche,Hecelchakán,Rural,https://postali.app/mx/campeche/hecelchakan/las-gardenias
24800,San Antonio,Barrio,Hecelchakán,Campeche,Hecelchakán,Rural,https://postali.app/mx/campeche/hecelchakan/san-antonio
24800,San Francisco,Colonia,Hecelchakán,Campeche,Hecelchakán,Rural,https://postali.app/mx/campeche/hecelchakan/san-francisco
24800,San Juan,Barrio,Hecelchakán,Campeche,Hecelchakán,Rural,https://postali.app/mx/campeche/hecelchakan/san-juan
24810,Benito Juárez,Colonia,Hecelchakán,Campeche,Pomuch,Rural,https://postali.app/mx/campeche/hecelchakan/benito-juarez
24810,Centro Pomuch,Colonia,Hecelchakán,Campeche,Pomuch,Rural,https://postali.app/mx/campeche/hecelchakan/centro-pomuch
24810,La Soledad,Colonia,Hecelchakán,Campeche,Pomuch,Rural,https://postali.app/mx/campeche/hecelchakan/la-soledad
24810,Nueva,Colonia,Hecelchakán,Campeche,Pomuch,Rural,https://postali.app/mx/campeche/hecelchakan/nueva
24810,Pueblo Nuevo,Colonia,Hecelchakán,Campeche,Pomuch,Urbano,https://postali.app/mx/campeche/hecelchakan/pueblo-nuevo
24810,San Diego,Colonia,Hecelchakán,Campeche,Pomuch,Rural,https://postali.app/mx/campeche/hecelchakan/san-diego
24810,San Francisco,Colonia,Hecelchakán,Campeche,Pomuch,Rural,https://postali.app/mx/campeche/hecelchakan/san-francisco-24810
24810,San Jerónimo,Colonia,Hecelchakán,Campeche,Pomuch,Rural,https://postali.app/mx/campeche/hecelchakan/san-jeronimo
24810,San Pedro,Colonia,Hecelchakán,Campeche,Pomuch,Rural,https://postali.app/mx/campeche/hecelchakan/san-pedro
24810,Santa Cristina,Colonia,Hecelchakán,Campeche,Pomuch,Rural,https://postali.app/mx/campeche/hecelchakan/santa-cristina
24810,Villa Lucrecia,Colonia,Hecelchakán,Campeche,Pomuch,Rural,https://postali.app/mx/campeche/hecelchakan/villa-lucrecia
24813,Zodzil,Pueblo,Hecelchakán,Campeche,,Rural,https://postali.app/mx/campeche/hecelchakan/zodzil
24820,Cumpich,Pueblo,Hecelchakán,Campeche,,Rural,https://postali.app/mx/campeche/hecelchakan/cumpich
24826,Dzotchén,Pueblo,Hecelchakán,Campeche,,Rural,https://postali.app/mx/campeche/hecelchakan/dzotchen
24828,Nohalal,Pueblo,Hecelchakán,Campeche,,Rural,https://postali.app/mx/campeche/hecelchakan/nohalal
24830,Blanca Flor Hacienda,Ejido,Hecelchakán,Campeche,,Rural,https://postali.app/mx/campeche/hecelchakan/blanca-flor-hacienda
24830,Pocboc,Pueblo,Hecelchakán,Campeche,,Rural,https://postali.app/mx/campeche/hecelchakan/pocboc
24831,Chunkanán,Pueblo,Hecelchakán,Campeche,,Rural,https://postali.app/mx/campeche/hecelchakan/chunkanan
24836,Blanca Flor,Pueblo,Hecelchakán,Campeche,,Rural,https://postali.app/mx/campeche/hecelchakan/blanca-flor
24837,San Felipe Tikín,Ejido,Hecelchakán,Campeche,,Rural,https://postali.app/mx/campeche/hecelchakan/san-felipe-tikin
24837,Santa Cruz,Pueblo,Hecelchakán,Campeche,,Rural,https://postali.app/mx/campeche/hecelchakan/santa-cruz
24839,Dzitnup,Pueblo,Hecelchakán,Campeche,,Rural,https://postali.app/mx/campeche/hecelchakan/dzitnup
24860,Campo Menonita Yalnón,Ejido,Hecelchakán,Campeche,,Rural,https://postali.app/mx/campeche/hecelchakan/campo-menonita-yalnon
24863,Campo Menonita Chaví Número Dos,Ejido,Hecelchakán,Campeche,,Rural,https://postali.app/mx/campeche/hecelchakan/campo-menonita-chavi-numero-dos
24863,Campo Menonita Chaví Número Uno,Ejido,Hecelchakán,Campeche,,Rural,https://postali.app/mx/campeche/hecelchakan/campo-menonita-chavi-numero-uno
24863,Monte Bello,Ejido,Hecelchakán,Campeche,,Rural,https://postali.app/mx/campeche/hecelchakan/monte-bello
24900,Calkini Centro,Colonia,Calkiní,Campeche,Calkini,Urbano,https://postali.app/mx/campeche/calkini/calkini-centro
24902,Fervor Patrio FOVISSSTE,Unidad habitacional,Calkiní,Campeche,Calkini,Urbano,https://postali.app/mx/campeche/calkini/fervor-patrio-fovissste
24902,Fátima,Colonia,Calkiní,Campeche,Calkini,Urbano,https://postali.app/mx/campeche/calkini/fatima
24902,San Isidro,Barrio,Calkiní,Campeche,Calkini,Urbano,https://postali.app/mx/campeche/calkini/san-isidro
24902,San Juan,Barrio,Calkiní,Campeche,Calkini,Urbano,https://postali.app/mx/campeche/calkini/san-juan
24902,San Román,Colonia,Calkiní,Campeche,Calkini,Urbano,https://postali.app/mx/campeche/calkini/san-roman
24902,Santa Cruz,Colonia,Calkiní,Campeche,Calkini,Urbano,https://postali.app/mx/campeche/calkini/santa-cruz
24903,La Concepción,Barrio,Calkiní,Campeche,Calkini,Urbano,https://postali.app/mx/campeche/calkini/la-concepcion
24903,La Villa de Guadalupe,Barrio,Calkiní,Campeche,Calkini,Urbano,https://postali.app/mx/campeche/calkini/la-villa-de-guadalupe
24903,Los Jardines,Fraccionamiento,Calkiní,Campeche,Calkini,Urbano,https://postali.app/mx/campeche/calkini/los-jardines
24903,San Luisito,Barrio,Calkiní,Campeche,Calkini,Urbano,https://postali.app/mx/campeche/calkini/san-luisito
24903,San Martín,Barrio,Calkiní,Campeche,Calkini,Urbano,https://postali.app/mx/campeche/calkini/san-martin
24903,San Miguel Kukab,Barrio,Calkiní,Campeche,Calkini,Urbano,https://postali.app/mx/campeche/calkini/san-miguel-kukab
24904,Kilakan,Barrio,Calkiní,Campeche,Calkini,Urbano,https://postali.app/mx/campeche/calkini/kilakan
24904,Las Flores,Fraccionamiento,Calkiní,Campeche,Calkini,Urbano,https://postali.app/mx/campeche/calkini/las-flores
24904,San Luis Obispo,Barrio,Calkiní,Campeche,Calkini,Urbano,https://postali.app/mx/campeche/calkini/san-luis-obispo
24905,Tepakan,Pueblo,Calkiní,Campeche,,Rural,https://postali.app/mx/campeche/calkini/tepakan
24910,El Gato Negro,Colonia,Calkiní,Campeche,,Rural,https://postali.app/mx/campeche/calkini/el-gato-negro
24910,Nunkini,Pueblo,Calkiní,Campeche,,Rural,https://postali.app/mx/campeche/calkini/nunkini
24910,San Román,Colonia,Calkiní,Campeche,,Rural,https://postali.app/mx/campeche/calkini/san-roman-24910
24913,San Antonio Sahcabchén,Ranchería,Calkiní,Campeche,,Rural,https://postali.app/mx/campeche/calkini/san-antonio-sahcabchen
24913,Santa Cruz Pueblo,Pueblo,Calkiní,Campeche,,Rural,https://postali.app/mx/campeche/calkini/santa-cruz-pueblo
24914,Concepción,Pueblo,Calkiní,Campeche,,Rural,https://postali.app/mx/campeche/calkini/concepcion
24914,San Agustín Chunhuás,Ranchería,Calkiní,Campeche,,Rural,https://postali.app/mx/campeche/calkini/san-agustin-chunhuas
24914,Tankuche,Pueblo,Calkiní,Campeche,,Rural,https://postali.app/mx/campeche/calkini/tankuche
24914,Xkakoch,Ejido,Calkiní,Campeche,,Rural,https://postali.app/mx/campeche/calkini/xkakoch
24915,Pucnachen,Pueblo,Calkiní,Campeche,,Rural,https://postali.app/mx/campeche/calkini/pucnachen
24915,Santa María,Hacienda,Calkiní,Campeche,,Rural,https://postali.app/mx/campeche/calkini/santa-maria
24916,Santa Cruz,Exhacienda,Calkiní,Campeche,,Rural,https://postali.app/mx/campeche/calkini/santa-cruz-24916
24917,San Nicolás,Pueblo,Calkiní,Campeche,,Rural,https://postali.app/mx/campeche/calkini/san-nicolas
24919,Isla Arena,Colonia,Calkiní,Campeche,,Rural,https://postali.app/mx/campeche/calkini/isla-arena
24920,Dzitbalché Centro,Pueblo,Dzitbalché,Campeche,,Urbano,https://postali.app/mx/campeche/dzitbalche/dzitbalche-centro
24920,San Feliciano,Colonia,Dzitbalché,Campeche,,Urbano,https://postali.app/mx/campeche/dzitbalche/san-feliciano
24920,San Pedro,Colonia,Dzitbalché,Campeche,,Urbano,https://postali.app/mx/campeche/dzitbalche/san-pedro
24920,Solidaridad,Colonia,Dzitbalché,Campeche,,Urbano,https://postali.app/mx/campeche/dzitbalche/solidaridad
24925,Bacabchén,Pueblo,Dzitbalché,Campeche,,Urbano,https://postali.app/mx/campeche/dzitbalche/bacabchen
24929,Chacnichén (El Pozo),Ejido,Dzitbalché,Campeche,,Rural,https://postali.app/mx/campeche/dzitbalche/chacnichen-el-pozo
24930,Bécal Centro,Colonia,Calkiní,Campeche,Bécal,Rural,https://postali.app/mx/campeche/calkini/becal-centro
24930,Estación,Barrio,Calkiní,Campeche,Bécal,Rural,https://postali.app/mx/campeche/calkini/estacion
24930,Pablo García,Barrio,Calkiní,Campeche,Bécal,Urbano,https://postali.app/mx/campeche/calkini/pablo-garcia
24933,Fátima,Barrio,Calkiní,Campeche,Bécal,Rural,https://postali.app/mx/campeche/calkini/fatima-24933
24933,Los Tres Reyes,Barrio,Calkiní,Campeche,Bécal,Rural,https://postali.app/mx/campeche/calkini/los-tres-reyes
24934,Carlos Rivas,Barrio,Calkiní,Campeche,Bécal,Rural,https://postali.app/mx/campeche/calkini/carlos-rivas
24935,El Pocito,Barrio,Calkiní,Campeche,Bécal,Rural,https://postali.app/mx/campeche/calkini/el-pocito
24935,Limón,Barrio,Calkiní,Campeche,Bécal,Rural,https://postali.app/mx/campeche/calkini/limon
24935,Santa Cruz,Barrio,Calkiní,Campeche,Bécal,Rural,https://postali.app/mx/campeche/calkini/santa-cruz-24935
24936,San Diego,Barrio,Calkiní,Campeche,Bécal,Rural,https://postali.app/mx/campeche/calkini/san-diego
24940,San Roque Xnolán,Ejido,Calkiní,Campeche,,Rural,https://postali.app/mx/campeche/calkini/san-roque-xnolan
