codigo_postal,asentamiento,tipo,municipio,estado,ciudad,zona,url
34000,Dionisio Gallardo,Colonia,Durango,Durango,Victoria de Durango,Urbano,https://postali.app/mx/durango/durango/dionisio-gallardo
34000,Herrera Leyva,Fraccionamiento,Durango,Durango,Victoria de Durango,Urbano,https://postali.app/mx/durango/durango/herrera-leyva
34000,Luis Gómez Zepeda,Colonia,Durango,Durango,Victoria de Durango,Urbano,https://postali.app/mx/durango/durango/luis-gomez-zepeda
34000,Paloma,Fraccionamiento,Durango,Durango,Victoria de Durango,Urbano,https://postali.app/mx/durango/durango/paloma
34000,Rinconada Mascareñas,Fraccionamiento,Durango,Durango,Victoria de Durango,Urbano,https://postali.app/mx/durango/durango/rinconada-mascarenas
34000,Victoria de Durango Centro,Colonia,Durango,Durango,Victoria de Durango,Urbano,https://postali.app/mx/durango/durango/victoria-de-durango-centro
34010,Héctor Mayagoitia Domínguez,Colonia,Durango,Durango,Victoria de Durango,Urbano,https://postali.app/mx/durango/durango/hector-mayagoitia-dominguez
34010,José López Portillo,Colonia,Durango,Durango,Victoria de Durango,Urbano,https://postali.app/mx/durango/durango/jose-lopez-portillo
34010,Morga,Colonia,Durango,Durango,Victoria de Durango,Urbano,https://postali.app/mx/durango/durango/morga
34010,Napoleón Gómez Sada,Fraccionamiento,Durango,Durango,Victoria de Durango,Urbano,https://postali.app/mx/durango/durango/napoleon-gomez-sada
34010,Sergio Méndez Arceo,Colonia,Durango,Durango,Victoria de Durango,Urbano,https://postali.app/mx/durango/durango/sergio-mendez-arceo
34010,Valentín Gómez Farias,Colonia,Durango,Durango,Victoria de Durango,Urbano,https://postali.app/mx/durango/durango/valentin-gomez-farias
34014,Bajío Dorado,Colonia,Durango,Durango,Victoria de Durango,Urbano,https://postali.app/mx/durango/durango/bajio-dorado
34014,Doroteo Arango,Colonia,Durango,Durango,Victoria de Durango,Urbano,https://postali.app/mx/durango/durango/doroteo-arango
34014,Ernesto Che Guevara,Colonia,Durango,Durango,Victoria de Durango,Urbano,https://postali.app/mx/durango/durango/ernesto-che-guevara
34014,Juan Salazar,Colonia,Durango,Durango,Victoria de Durango,Urbano,https://postali.app/mx/durango/durango/juan-salazar
34014,Las Palmas,Colonia,Durango,Durango,Victoria de Durango,Urbano,https://postali.app/mx/durango/durango/las-palmas
34014,Mesa Chula,Colonia,Durango,Durango,Victoria de Durango,Urbano,https://postali.app/mx/durango/durango/mesa-chula
34014,Palma Alta,Colonia,Durango,Durango,Victoria de Durango,Urbano,https://postali.app/mx/durango/durango/palma-alta
34014,Palma Nueva,Colonia,Durango,Durango,Victoria de Durango,Urbano,https://postali.app/mx/durango/durango/palma-nueva
34014,Paseo de la Pradera,Colonia,Durango,Durango,Victoria de Durango,Urbano,https://postali.app/mx/durango/durango/paseo-de-la-pradera
34014,Revolución Mexicana,Colonia,Durango,Durango,Victoria de Durango,Urbano,https://postali.app/mx/durango/durango/revolucion-mexicana
34015,Ampliación Héctor Mayagoitia Domínguez,Colonia,Durango,Durango,Victoria de Durango,Urbano,https://postali.app/mx/durango/durango/ampliacion-hector-mayagoitia-dominguez
34015,Ladera del Pedregal,Colonia,Durango,Durango,Victoria de Durango,Urbano,https://postali.app/mx/durango/durango/ladera-del-pedregal
34016,Amalia Solórzano,Colonia,Durango,Durango,Victoria de Durango,Urbano,https://postali.app/mx/durango/durango/amalia-solorzano
34016,Ciudad San Isidro,Fraccionamiento,Durango,Durango,Victoria de Durango,Urbano,https://postali.app/mx/durango/durango/ciudad-san-isidro
34016,César Guillermo Meraz,Colonia,Durango,Durango,Victoria de Durango,Urbano,https://postali.app/mx/durango/durango/cesar-guillermo-meraz
34016,El Prado,Colonia,Durango,Durango,Victoria de Durango,Urbano,https://postali.app/mx/durango/durango/el-prado
34016,Morelos Norte,Colonia,Durango,Durango,Victoria de Durango,Urbano,https://postali.app/mx/durango/durango/morelos-norte
34016,Rinconada Verde,Colonia,Durango,Durango,Victoria de Durango,Urbano,https://postali.app/mx/durango/durango/rinconada-verde
34017,Ampliación PRI,Colonia,Durango,Durango,Victoria de Durango,Urbano,https://postali.app/mx/durango/durango/ampliacion-pri
34017,Luz y Esperanza,Colonia,Durango,Durango,Victoria de Durango,Urbano,https://postali.app/mx/durango/durango/luz-y-esperanza
34017,PRI,Colonia,Durango,Durango,Victoria de Durango,Urbano,https://postali.app/mx/durango/durango/pri
34018,Ángel Tejada Espino,Colonia,Durango,Durango,Victoria de Durango,Urbano,https://postali.app/mx/durango/durango/angel-tejada-espino
34019,Lázaro Cárdenas,Colonia,Durango,Durango,Victoria de Durango,Urbano,https://postali.app/mx/durango/durango/lazaro-cardenas
34020,Benjamín Méndez,Colonia,Durango,Durango,Victoria de Durango,Urbano,https://postali.app/mx/durango/durango/benjamin-mendez
34020,Cerro de Guadalupe,Colonia,Durango,Durango,Victoria de Durango,Urbano,https://postali.app/mx/durango/durango/cerro-de-guadalupe
34020,Cuadra del Ferrocarril,Colonia,Durango,Durango,Victoria de Durango,Urbano,https://postali.app/mx/durango/durango/cuadra-del-ferrocarril
34020,Guadalupe,Colonia,Durango,Durango,Victoria de Durango,Urbano,https://postali.app/mx/durango/durango/guadalupe
34020,Rosas del Tepeyac,Colonia,Durango,Durango,Victoria de Durango,Urbano,https://postali.app/mx/durango/durango/rosas-del-tepeyac
34024,Planta de Impregnación (Ferrocarrilera),Colonia,Durango,Durango,Victoria de Durango,Urbano,https://postali.app/mx/durango/durango/planta-de-impregnacion-ferrocarrilera
34027,Recuerdos del Pasado,Colonia,Durango,Durango,Victoria de Durango,Urbano,https://postali.app/mx/durango/durango/recuerdos-del-pasado
34027,Unidad Guadalupe,Colonia,Durango,Durango,Victoria de Durango,Urbano,https://postali.app/mx/durango/durango/unidad-guadalupe
34029,Ampliación Rosas del Tepeyac,Colonia,Durango,Durango,Victoria de Durango,Urbano,https://postali.app/mx/durango/durango/ampliacion-rosas-del-tepeyac
34029,Cerro del Mercado,Colonia,Durango,Durango,Victoria de Durango,Urbano,https://postali.app/mx/durango/durango/cerro-del-mercado
34030,16 de Septiembre,Colonia,Durango,Durango,Victoria de Durango,Urbano,https://postali.app/mx/durango/durango/16-de-septiembre
34030,Acereros,Fraccionamiento,Durango,Durango,Victoria de Durango,Urbano,https://postali.app/mx/durango/durango/acereros
34030,El Ciprés (Cerro del Mercado),Colonia,Durango,Durango,Victoria de Durango,Urbano,https://postali.app/mx/durango/durango/el-cipres-cerro-del-mercado
34030,San Ignacio,Fraccionamiento,Durango,Durango,Victoria de Durango,Urbano,https://postali.app/mx/durango/durango/san-ignacio
34030,San Isidro,Colonia,Durango,Durango,Victoria de Durango,Urbano,https://postali.app/mx/durango/durango/san-isidro
34030,San Martín de Porres,Colonia,Durango,Durango,Victoria de Durango,Urbano,https://postali.app/mx/durango/durango/san-martin-de-porres
34034,Campestre las Granjas Dos,Fraccionamiento,Durango,Durango,,Rural,https://postali.app/mx/durango/durango/campestre-las-granjas-dos
34034,Durango Viejo,Colonia,Durango,Durango,,Urbano,https://postali.app/mx/durango/durango/durango-viejo
34034,Ecuestre los Agaves,Fraccionamiento,Durango,Durango,,Rural,https://postali.app/mx/durango/durango/ecuestre-los-agaves
34034,El Paraíso,Colonia,Durango,Durango,,Urbano,https://postali.app/mx/durango/durango/el-paraiso
34034,La Escondida,Colonia,Durango,Durango,,Urbano,https://postali.app/mx/durango/durango/la-escondida
34034,Manuel Rosas,Colonia,Durango,Durango,,Urbano,https://postali.app/mx/durango/durango/manuel-rosas
34034,Predio San Luis,Colonia,Durango,Durango,,Rural,https://postali.app/mx/durango/durango/predio-san-luis
34034,Residencial los Arcos,Fraccionamiento,Durango,Durango,,Rural,https://postali.app/mx/durango/durango/residencial-los-arcos
34038,Cielo Vista,Fraccionamiento,Durango,Durango,Victoria de Durango,Urbano,https://postali.app/mx/durango/durango/cielo-vista
34038,Las Águilas,Fraccionamiento,Durango,Durango,Victoria de Durango,Urbano,https://postali.app/mx/durango/durango/las-aguilas
34038,Residencial la Rioja,Fraccionamiento,Durango,Durango,Victoria de Durango,Urbano,https://postali.app/mx/durango/durango/residencial-la-rioja
34038,Residencial Plaza Alejandra,Fraccionamiento,Durango,Durango,Victoria de Durango,Urbano,https://postali.app/mx/durango/durango/residencial-plaza-alejandra
34038,Residencial Puerta de Hierro,Fraccionamiento,Durango,Durango,Victoria de Durango,Urbano,https://postali.app/mx/durango/durango/residencial-puerta-de-hierro
34039,Alejandra,Colonia,Durango,Durango,Victoria de Durango,Urbano,https://postali.app/mx/durango/durango/alejandra
34039,La Rielera,Colonia,Durango,Durango,Victoria de Durango,Urbano,https://postali.app/mx/durango/durango/la-rielera
34039,Las Encinas,Colonia,Durango,Durango,Victoria de Durango,Urbano,https://postali.app/mx/durango/durango/las-encinas
34039,Terrenos del Ferrocarril,Colonia,Durango,Durango,Victoria de Durango,Urbano,https://postali.app/mx/durango/durango/terrenos-del-ferrocarril
34039,Vallesol,Colonia,Durango,Durango,Victoria de Durango,Urbano,https://postali.app/mx/durango/durango/vallesol
34040,Villa de Guadalupe,Colonia,Durango,Durango,Victoria de Durango,Urbano,https://postali.app/mx/durango/durango/villa-de-guadalupe
34043,Las Cumbres,Colonia,Durango,Durango,Victoria de Durango,Urbano,https://postali.app/mx/durango/durango/las-cumbres
34043,Niños Héroes,Colonia,Durango,Durango,Victoria de Durango,Urbano,https://postali.app/mx/durango/durango/ninos-heroes
34045,Alcaldes,Colonia,Durango,Durango,Victoria de Durango,Urbano,https://postali.app/mx/durango/durango/alcaldes
34045,Antonio Ramírez,Colonia,Durango,Durango,Victoria de Durango,Urbano,https://postali.app/mx/durango/durango/antonio-ramirez
34045,El Rosal,Colonia,Durango,Durango,Victoria de Durango,Urbano,https://postali.app/mx/durango/durango/el-rosal
34045,Gobernadores,Colonia,Durango,Durango,Victoria de Durango,Urbano,https://postali.app/mx/durango/durango/gobernadores
34045,Las Margaritas,Colonia,Durango,Durango,Victoria de Durango,Urbano,https://postali.app/mx/durango/durango/las-margaritas
34045,Parque Sahuatoba,Equipamiento,Durango,Durango,Victoria de Durango,Urbano,https://postali.app/mx/durango/durango/parque-sahuatoba
34045,Paseo del Caballo,Colonia,Durango,Durango,Victoria de Durango,Urbano,https://postali.app/mx/durango/durango/paseo-del-caballo
34045,Valle Dorado,Colonia,Durango,Durango,Victoria de Durango,Urbano,https://postali.app/mx/durango/durango/valle-dorado
34046,Ampliación Miguel de la Madrid,Colonia,Durango,Durango,Victoria de Durango,Urbano,https://postali.app/mx/durango/durango/ampliacion-miguel-de-la-madrid
34046,Cerro de las Rosas,Colonia,Durango,Durango,Victoria de Durango,Urbano,https://postali.app/mx/durango/durango/cerro-de-las-rosas
34046,El Gatuñal,Colonia,Durango,Durango,Victoria de Durango,Urbano,https://postali.app/mx/durango/durango/el-gatunal
34046,El Mirador,Colonia,Durango,Durango,Victoria de Durango,Urbano,https://postali.app/mx/durango/durango/el-mirador
34046,Legisladores Durangueños,Fraccionamiento,Durango,Durango,Victoria de Durango,Urbano,https://postali.app/mx/durango/durango/legisladores-duranguenos
34046,Miguel de La Madrid Hurtado,Colonia,Durango,Durango,Victoria de Durango,Urbano,https://postali.app/mx/durango/durango/miguel-de-la-madrid-hurtado
34046,Partido del Trabajo,Colonia,Durango,Durango,Victoria de Durango,Urbano,https://postali.app/mx/durango/durango/partido-del-trabajo
34046,Raquel Velázquez,Colonia,Durango,Durango,Victoria de Durango,Urbano,https://postali.app/mx/durango/durango/raquel-velazquez
34047,Bella Vista,Colonia,Durango,Durango,Victoria de Durango,Urbano,https://postali.app/mx/durango/durango/bella-vista
34048,Felipe Ángeles,Colonia,Durango,Durango,Victoria de Durango,Urbano,https://postali.app/mx/durango/durango/felipe-angeles
34049,La Virgen,Colonia,Durango,Durango,Victoria de Durango,Urbano,https://postali.app/mx/durango/durango/la-virgen
34049,Privada San Vicente,Fraccionamiento,Durango,Durango,Victoria de Durango,Urbano,https://postali.app/mx/durango/durango/privada-san-vicente
34050,Maderera,Colonia,Durango,Durango,Victoria de Durango,Urbano,https://postali.app/mx/durango/durango/maderera
34050,Santa María,Colonia,Durango,Durango,Victoria de Durango,Urbano,https://postali.app/mx/durango/durango/santa-maria
34058,La Loma,Fraccionamiento,Durango,Durango,Victoria de Durango,Urbano,https://postali.app/mx/durango/durango/la-loma
34060,Fátima,Colonia,Durango,Durango,Victoria de Durango,Urbano,https://postali.app/mx/durango/durango/fatima
34070,Silvestre Dorador,Colonia,Durango,Durango,Victoria de Durango,Urbano,https://postali.app/mx/durango/durango/silvestre-dorador
34074,El Calvario,Barrio,Durango,Durango,Victoria de Durango,Urbano,https://postali.app/mx/durango/durango/el-calvario
34075,Madrazo,Fraccionamiento,Durango,Durango,Victoria de Durango,Urbano,https://postali.app/mx/durango/durango/madrazo
34076,Los Ángeles,Colonia,Durango,Durango,Victoria de Durango,Urbano,https://postali.app/mx/durango/durango/los-angeles
34077,Predio Canoas,Colonia,Durango,Durango,Victoria de Durango,Urbano,https://postali.app/mx/durango/durango/predio-canoas
34080,Del Lago,Fraccionamiento,Durango,Durango,Victoria de Durango,Urbano,https://postali.app/mx/durango/durango/del-lago
34080,Esperanza,Colonia,Durango,Durango,Victoria de Durango,Urbano,https://postali.app/mx/durango/durango/esperanza
34080,Nueva Vizcaya,Colonia,Durango,Durango,Victoria de Durango,Urbano,https://postali.app/mx/durango/durango/nueva-vizcaya
34080,Real del Prado,Colonia,Durango,Durango,Victoria de Durango,Urbano,https://postali.app/mx/durango/durango/real-del-prado
34090,Ciénega,Colonia,Durango,Durango,Victoria de Durango,Urbano,https://postali.app/mx/durango/durango/cienega
34100,Loma Dorada Diamante,Fraccionamiento,Durango,Durango,Victoria de Durango,Urbano,https://postali.app/mx/durango/durango/loma-dorada-diamante
34100,Lomas del Parque,Fraccionamiento,Durango,Durango,Victoria de Durango,Urbano,https://postali.app/mx/durango/durango/lomas-del-parque
34100,Los Remedios,Fraccionamiento,Durango,Durango,Victoria de Durango,Urbano,https://postali.app/mx/durango/durango/los-remedios
34100,Rinconada San Javier,Fraccionamiento,Durango,Durango,Victoria de Durango,Urbano,https://postali.app/mx/durango/durango/rinconada-san-javier
34100,Villa Lomas,Fraccionamiento,Durango,Durango,Victoria de Durango,Urbano,https://postali.app/mx/durango/durango/villa-lomas
34103,Ampliación Tapias,Colonia,Durango,Durango,Victoria de Durango,Urbano,https://postali.app/mx/durango/durango/ampliacion-tapias
34103,Campestre Los Pinos,Colonia,Durango,Durango,Victoria de Durango,Urbano,https://postali.app/mx/durango/durango/campestre-los-pinos
34103,FOS La Virgen,Colonia,Durango,Durango,Victoria de Durango,Urbano,https://postali.app/mx/durango/durango/fos-la-virgen
34104,Loma Dorada,Fraccionamiento,Durango,Durango,Victoria de Durango,Urbano,https://postali.app/mx/durango/durango/loma-dorada
34105,Alexa,Fraccionamiento,Durango,Durango,Victoria de Durango,Urbano,https://postali.app/mx/durango/durango/alexa
34105,Ampliación El Saltito,Colonia,Durango,Durango,Victoria de Durango,Urbano,https://postali.app/mx/durango/durango/ampliacion-el-saltito
34105,Colinas del Saltito,Fraccionamiento,Durango,Durango,Victoria de Durango,Urbano,https://postali.app/mx/durango/durango/colinas-del-saltito
34105,El Saltito,Colonia,Durango,Durango,Victoria de Durango,Urbano,https://postali.app/mx/durango/durango/el-saltito
34105,Esmeralda,Colonia,Durango,Durango,Victoria de Durango,Urbano,https://postali.app/mx/durango/durango/esmeralda
34105,Gardenias Privadas Residencial,Fraccionamiento,Durango,Durango,Victoria de Durango,Urbano,https://postali.app/mx/durango/durango/gardenias-privadas-residencial
34105,General Lázaro Cárdenas (Garabitos Nuevo),Colonia,Durango,Durango,Victoria de Durango,Urbano,https://postali.app/mx/durango/durango/general-lazaro-cardenas-garabitos-nuevo
34105,Lomas,Fraccionamiento,Durango,Durango,Victoria de Durango,Urbano,https://postali.app/mx/durango/durango/lomas
34105,Paseo del Saltito,Fraccionamiento,Durango,Durango,Victoria de Durango,Urbano,https://postali.app/mx/durango/durango/paseo-del-saltito
34105,Residencial Hortencia,Fraccionamiento,Durango,Durango,Victoria de Durango,Urbano,https://postali.app/mx/durango/durango/residencial-hortencia
34105,Santi Residencial,Condominio,Durango,Durango,Victoria de Durango,Urbano,https://postali.app/mx/durango/durango/santi-residencial
34105,Villas de La Salle,Fraccionamiento,Durango,Durango,Victoria de Durango,Urbano,https://postali.app/mx/durango/durango/villas-de-la-salle
34106,15 de Mayo (Tapias),Colonia,Durango,Durango,Victoria de Durango,Urbano,https://postali.app/mx/durango/durango/15-de-mayo-tapias
34106,Campestre Jacarandas,Fraccionamiento,Durango,Durango,Victoria de Durango,Urbano,https://postali.app/mx/durango/durango/campestre-jacarandas
34106,Cerrada Jacarandas,Condominio,Durango,Durango,Victoria de Durango,Urbano,https://postali.app/mx/durango/durango/cerrada-jacarandas
34106,Hacienda Residencial San Fernanda,Fraccionamiento,Durango,Durango,Victoria de Durango,Urbano,https://postali.app/mx/durango/durango/hacienda-residencial-san-fernanda
34106,Las Alamedas,Fraccionamiento,Durango,Durango,Victoria de Durango,Urbano,https://postali.app/mx/durango/durango/las-alamedas
34106,Las Alamedas II,Fraccionamiento,Durango,Durango,Victoria de Durango,Urbano,https://postali.app/mx/durango/durango/las-alamedas-ii
34106,Paseo del Bosque,Fraccionamiento,Durango,Durango,Victoria de Durango,Urbano,https://postali.app/mx/durango/durango/paseo-del-bosque
34106,Privada Alejandro,Fraccionamiento,Durango,Durango,Victoria de Durango,Urbano,https://postali.app/mx/durango/durango/privada-alejandro
34106,Privada Residencial Azul,Fraccionamiento,Durango,Durango,Victoria de Durango,Urbano,https://postali.app/mx/durango/durango/privada-residencial-azul
34106,Privada San Ángel Inn,Fraccionamiento,Durango,Durango,Victoria de Durango,Urbano,https://postali.app/mx/durango/durango/privada-san-angel-inn
34106,Privada Terranova,Fraccionamiento,Durango,Durango,Victoria de Durango,Urbano,https://postali.app/mx/durango/durango/privada-terranova
34106,Residencial Alamedas,Fraccionamiento,Durango,Durango,Victoria de Durango,Urbano,https://postali.app/mx/durango/durango/residencial-alamedas
34106,Residencial San Sebastián,Fraccionamiento,Durango,Durango,Victoria de Durango,Urbano,https://postali.app/mx/durango/durango/residencial-san-sebastian
34106,San Ángel,Fraccionamiento,Durango,Durango,Victoria de Durango,Urbano,https://postali.app/mx/durango/durango/san-angel
34107,Hacienda Residencial la Nogalera,Fraccionamiento,Durango,Durango,Victoria de Durango,Urbano,https://postali.app/mx/durango/durango/hacienda-residencial-la-nogalera
34107,Haciendas el Saltito,Fraccionamiento,Durango,Durango,Victoria de Durango,Urbano,https://postali.app/mx/durango/durango/haciendas-el-saltito
34107,Jacarandas,Rancho,Durango,Durango,,Rural,https://postali.app/mx/durango/durango/jacarandas
34107,La Nogalera,Rancho,Durango,Durango,,Urbano,https://postali.app/mx/durango/durango/la-nogalera
34107,Residencial La Salle,Fraccionamiento,Durango,Durango,Victoria de Durango,Urbano,https://postali.app/mx/durango/durango/residencial-la-salle
34108,Buenos Aires,Colonia,Durango,Durango,Victoria de Durango,Urbano,https://postali.app/mx/durango/durango/buenos-aires
34108,Del Bosque,Colonia,Durango,Durango,Victoria de Durango,Urbano,https://postali.app/mx/durango/durango/del-bosque
34108,Hacienda Alejandro Plus,Fraccionamiento,Durango,Durango,Victoria de Durango,Urbano,https://postali.app/mx/durango/durango/hacienda-alejandro-plus
34108,La Lomita,Fraccionamiento,Durango,Durango,Victoria de Durango,Urbano,https://postali.app/mx/durango/durango/la-lomita
34108,Lomas del Sahuatoba,Fraccionamiento,Durango,Durango,Victoria de Durango,Urbano,https://postali.app/mx/durango/durango/lomas-del-sahuatoba
34108,Pedregal de San Pedro,Fraccionamiento,Durango,Durango,Victoria de Durango,Urbano,https://postali.app/mx/durango/durango/pedregal-de-san-pedro
34108,Rinconada Misión del Pedregal,Fraccionamiento,Durango,Durango,Victoria de Durango,Urbano,https://postali.app/mx/durango/durango/rinconada-mision-del-pedregal
34108,San Fernanda Plus,Fraccionamiento,Durango,Durango,Victoria de Durango,Urbano,https://postali.app/mx/durango/durango/san-fernanda-plus
34109,Privadas del Guadiana,Fraccionamiento,Durango,Durango,Victoria de Durango,Urbano,https://postali.app/mx/durango/durango/privadas-del-guadiana
34109,Privadas del Parque,Fraccionamiento,Durango,Durango,Victoria de Durango,Urbano,https://postali.app/mx/durango/durango/privadas-del-parque
34109,Privadas del Sahuatoba,Fraccionamiento,Durango,Durango,Victoria de Durango,Urbano,https://postali.app/mx/durango/durango/privadas-del-sahuatoba
34109,Real Caletto,Fraccionamiento,Durango,Durango,Victoria de Durango,Urbano,https://postali.app/mx/durango/durango/real-caletto
34109,Real del Lago,Fraccionamiento,Durango,Durango,Victoria de Durango,Urbano,https://postali.app/mx/durango/durango/real-del-lago
34109,Residencial Caletto,Fraccionamiento,Durango,Durango,Victoria de Durango,Urbano,https://postali.app/mx/durango/durango/residencial-caletto
34109,Villa Ecuestre,Fraccionamiento,Durango,Durango,Victoria de Durango,Urbano,https://postali.app/mx/durango/durango/villa-ecuestre
34110,Alexa Plus,Fraccionamiento,Durango,Durango,Victoria de Durango,Urbano,https://postali.app/mx/durango/durango/alexa-plus
34110,Empleado Municipal,Colonia,Durango,Durango,Victoria de Durango,Urbano,https://postali.app/mx/durango/durango/empleado-municipal
34110,Lomas del Guadiana,Fraccionamiento,Durango,Durango,Victoria de Durango,Urbano,https://postali.app/mx/durango/durango/lomas-del-guadiana
34110,Villa los Remedios,Fraccionamiento,Durango,Durango,Victoria de Durango,Urbano,https://postali.app/mx/durango/durango/villa-los-remedios
34113,Ciudad Deportiva,Equipamiento,Durango,Durango,Victoria de Durango,Urbano,https://postali.app/mx/durango/durango/ciudad-deportiva
34113,SARH,Fraccionamiento,Durango,Durango,Victoria de Durango,Urbano,https://postali.app/mx/durango/durango/sarh
34116,Vista Hermosa del Guadiana,Fraccionamiento,Durango,Durango,Victoria de Durango,Urbano,https://postali.app/mx/durango/durango/vista-hermosa-del-guadiana
34119,Predio la Loza,Colonia,Durango,Durango,Victoria de Durango,Urbano,https://postali.app/mx/durango/durango/predio-la-loza
34119,San Roque,Fraccionamiento,Durango,Durango,Victoria de Durango,Urbano,https://postali.app/mx/durango/durango/san-roque
34120,Benito Juárez,Colonia,Durango,Durango,Victoria de Durango,Urbano,https://postali.app/mx/durango/durango/benito-juarez
34120,Gustavo Díaz Ordaz,Colonia,Durango,Durango,Victoria de Durango,Urbano,https://postali.app/mx/durango/durango/gustavo-diaz-ordaz
34120,La Estancia,Fraccionamiento,Durango,Durango,Victoria de Durango,Urbano,https://postali.app/mx/durango/durango/la-estancia
34120,La Granja,Fraccionamiento,Durango,Durango,Victoria de Durango,Urbano,https://postali.app/mx/durango/durango/la-granja
34120,Valle del Sur,Colonia,Durango,Durango,Victoria de Durango,Urbano,https://postali.app/mx/durango/durango/valle-del-sur
34123,9 de Julio,Colonia,Durango,Durango,Victoria de Durango,Urbano,https://postali.app/mx/durango/durango/9-de-julio
34124,12 de Diciembre,Colonia,Durango,Durango,Victoria de Durango,Urbano,https://postali.app/mx/durango/durango/12-de-diciembre
34124,Arco Iris,Colonia,Durango,Durango,Victoria de Durango,Urbano,https://postali.app/mx/durango/durango/arco-iris
34124,Balcón de Tapias,Fraccionamiento,Durango,Durango,Victoria de Durango,Urbano,https://postali.app/mx/durango/durango/balcon-de-tapias
34124,El Rosario,Fraccionamiento,Durango,Durango,Victoria de Durango,Urbano,https://postali.app/mx/durango/durango/el-rosario
34124,El Soliceño,Colonia,Durango,Durango,Victoria de Durango,Urbano,https://postali.app/mx/durango/durango/el-soliceno
34124,Manuel Gómez Morín,Colonia,Durango,Durango,Victoria de Durango,Urbano,https://postali.app/mx/durango/durango/manuel-gomez-morin
34124,Miguel González Avelar,Colonia,Durango,Durango,Victoria de Durango,Urbano,https://postali.app/mx/durango/durango/miguel-gonzalez-avelar
34124,Nuevo Amanecer,Colonia,Durango,Durango,Victoria de Durango,Urbano,https://postali.app/mx/durango/durango/nuevo-amanecer
34124,Puertas del Sol III,Fraccionamiento,Durango,Durango,Victoria de Durango,Urbano,https://postali.app/mx/durango/durango/puertas-del-sol-iii
34124,San Miguel,Colonia,Durango,Durango,Victoria de Durango,Urbano,https://postali.app/mx/durango/durango/san-miguel
34125,1° de Mayo,Colonia,Durango,Durango,Victoria de Durango,Urbano,https://postali.app/mx/durango/durango/1deg-de-mayo
34126,Potreros del Refugio,Fraccionamiento,Durango,Durango,Victoria de Durango,Urbano,https://postali.app/mx/durango/durango/potreros-del-refugio
34127,CNOP,Colonia,Durango,Durango,Victoria de Durango,Urbano,https://postali.app/mx/durango/durango/cnop
34127,Tierra y Libertad,Colonia,Durango,Durango,Victoria de Durango,Urbano,https://postali.app/mx/durango/durango/tierra-y-libertad
34128,Las Flores,Colonia,Durango,Durango,Victoria de Durango,Urbano,https://postali.app/mx/durango/durango/las-flores
34128,Manuel Buendía,Colonia,Durango,Durango,Victoria de Durango,Urbano,https://postali.app/mx/durango/durango/manuel-buendia
34128,Niños Héroes de Chapultepec,Fraccionamiento,Durango,Durango,Victoria de Durango,Urbano,https://postali.app/mx/durango/durango/ninos-heroes-de-chapultepec
34128,Puerta del Sol,Fraccionamiento,Durango,Durango,Victoria de Durango,Urbano,https://postali.app/mx/durango/durango/puerta-del-sol
34128,Puertas del Sol II,Fraccionamiento,Durango,Durango,Victoria de Durango,Urbano,https://postali.app/mx/durango/durango/puertas-del-sol-ii
34129,Aztlán,Fraccionamiento,Durango,Durango,Victoria de Durango,Urbano,https://postali.app/mx/durango/durango/aztlan
34130,Del Valle,Colonia,Durango,Durango,Victoria de Durango,Urbano,https://postali.app/mx/durango/durango/del-valle
34130,Francisco Villa,Colonia,Durango,Durango,Victoria de Durango,Urbano,https://postali.app/mx/durango/durango/francisco-villa
34130,Insurgentes,Colonia,Durango,Durango,Victoria de Durango,Urbano,https://postali.app/mx/durango/durango/insurgentes
34135,Vicente Guerrero,Colonia,Durango,Durango,Victoria de Durango,Urbano,https://postali.app/mx/durango/durango/vicente-guerrero
34136,Ricardo Flores Magón,Colonia,Durango,Durango,Victoria de Durango,Urbano,https://postali.app/mx/durango/durango/ricardo-flores-magon
34137,Picachos,Colonia,Durango,Durango,Victoria de Durango,Urbano,https://postali.app/mx/durango/durango/picachos
34137,Veteranos de La Revolución,Colonia,Durango,Durango,Victoria de Durango,Urbano,https://postali.app/mx/durango/durango/veteranos-de-la-revolucion
34138,De Analco,Barrio,Durango,Durango,Victoria de Durango,Urbano,https://postali.app/mx/durango/durango/de-analco
34138,El Milagro,Fraccionamiento,Durango,Durango,Victoria de Durango,Urbano,https://postali.app/mx/durango/durango/el-milagro
34138,Hernández,Fraccionamiento,Durango,Durango,Victoria de Durango,Urbano,https://postali.app/mx/durango/durango/hernandez
34139,Barrio Tierra Blanca,Colonia,Durango,Durango,Victoria de Durango,Urbano,https://postali.app/mx/durango/durango/barrio-tierra-blanca
34139,Cantarranas,Barrio,Durango,Durango,Victoria de Durango,Urbano,https://postali.app/mx/durango/durango/cantarranas
34139,Cazarco,Fraccionamiento,Durango,Durango,Victoria de Durango,Urbano,https://postali.app/mx/durango/durango/cazarco
34139,El Brillante,Fraccionamiento,Durango,Durango,Victoria de Durango,Urbano,https://postali.app/mx/durango/durango/el-brillante
34139,El Consuelo,Fraccionamiento,Durango,Durango,Victoria de Durango,Urbano,https://postali.app/mx/durango/durango/el-consuelo
34139,Estrella,Colonia,Durango,Durango,Victoria de Durango,Urbano,https://postali.app/mx/durango/durango/estrella
34139,La Esmeralda,Fraccionamiento,Durango,Durango,Victoria de Durango,Urbano,https://postali.app/mx/durango/durango/la-esmeralda
34139,Privada Luna,Fraccionamiento,Durango,Durango,Victoria de Durango,Urbano,https://postali.app/mx/durango/durango/privada-luna
34139,Rinconada Badiola,Fraccionamiento,Durango,Durango,Victoria de Durango,Urbano,https://postali.app/mx/durango/durango/rinconada-badiola
34139,Villa Alegre,Fraccionamiento,Durango,Durango,Victoria de Durango,Urbano,https://postali.app/mx/durango/durango/villa-alegre
34140,Anáhuac,Colonia,Durango,Durango,Victoria de Durango,Urbano,https://postali.app/mx/durango/durango/anahuac
34140,División del Norte,Colonia,Durango,Durango,Victoria de Durango,Urbano,https://postali.app/mx/durango/durango/division-del-norte
34140,Lucio Cabañas,Colonia,Durango,Durango,Victoria de Durango,Urbano,https://postali.app/mx/durango/durango/lucio-cabanas
34143,19 de Marzo,Colonia,Durango,Durango,Victoria de Durango,Urbano,https://postali.app/mx/durango/durango/19-de-marzo
34143,2 de Octubre,Colonia,Durango,Durango,Victoria de Durango,Urbano,https://postali.app/mx/durango/durango/2-de-octubre
34143,2 de Octubre,Colonia,Durango,Durango,Victoria de Durango,Urbano,https://postali.app/mx/durango/durango/2-de-octubre-34143
34143,Ampliación Tlatelolco,Colonia,Durango,Durango,Victoria de Durango,Urbano,https://postali.app/mx/durango/durango/ampliacion-tlatelolco
34143,Bello Atardecer,Unidad habitacional,Durango,Durango,Victoria de Durango,Urbano,https://postali.app/mx/durango/durango/bello-atardecer
34143,El Cisne,Colonia,Durango,Durango,Victoria de Durango,Urbano,https://postali.app/mx/durango/durango/el-cisne
34143,El Cisne II,Colonia,Durango,Durango,Victoria de Durango,Urbano,https://postali.app/mx/durango/durango/el-cisne-ii
34143,El Ensueño,Colonia,Durango,Durango,Victoria de Durango,Urbano,https://postali.app/mx/durango/durango/el-ensueno
34143,El Madroño,Colonia,Durango,Durango,Victoria de Durango,Urbano,https://postali.app/mx/durango/durango/el-madrono
34143,Gaviotas,Colonia,Durango,Durango,Victoria de Durango,Urbano,https://postali.app/mx/durango/durango/gaviotas
34143,Las Mariposas,Colonia,Durango,Durango,Victoria de Durango,Urbano,https://postali.app/mx/durango/durango/las-mariposas
34143,Linda Vista,Colonia,Durango,Durango,Victoria de Durango,Urbano,https://postali.app/mx/durango/durango/linda-vista
34143,Loma del Sur,Colonia,Durango,Durango,Victoria de Durango,Urbano,https://postali.app/mx/durango/durango/loma-del-sur
34143,Manuelito Álvarez,Colonia,Durango,Durango,Victoria de Durango,Urbano,https://postali.app/mx/durango/durango/manuelito-alvarez
34143,Paseo de la Pradera I,Colonia,Durango,Durango,Victoria de Durango,Urbano,https://postali.app/mx/durango/durango/paseo-de-la-pradera-i
34143,Paseo de la Pradera II,Colonia,Durango,Durango,Victoria de Durango,Urbano,https://postali.app/mx/durango/durango/paseo-de-la-pradera-ii
34143,Quinta Real,Colonia,Durango,Durango,Victoria de Durango,Urbano,https://postali.app/mx/durango/durango/quinta-real
34143,Rinconada del Refugio,Colonia,Durango,Durango,Victoria de Durango,Urbano,https://postali.app/mx/durango/durango/rinconada-del-refugio
34143,San José,Colonia,Durango,Durango,Victoria de Durango,Urbano,https://postali.app/mx/durango/durango/san-jose
34143,Tlatelolco,Colonia,Durango,Durango,Victoria de Durango,Urbano,https://postali.app/mx/durango/durango/tlatelolco
34143,Valle Municipal,Colonia,Durango,Durango,Victoria de Durango,Urbano,https://postali.app/mx/durango/durango/valle-municipal
34144,23 de Marzo,Colonia,Durango,Durango,Victoria de Durango,Urbano,https://postali.app/mx/durango/durango/23-de-marzo
34144,Ampliación Nuevo Milenio,Colonia,Durango,Durango,Victoria de Durango,Urbano,https://postali.app/mx/durango/durango/ampliacion-nuevo-milenio
34144,Bello Amanecer,Colonia,Durango,Durango,Victoria de Durango,Urbano,https://postali.app/mx/durango/durango/bello-amanecer
34144,Bosques del Nayar,Colonia,Durango,Durango,Victoria de Durango,Urbano,https://postali.app/mx/durango/durango/bosques-del-nayar
34144,Buena Vista,Colonia,Durango,Durango,Victoria de Durango,Urbano,https://postali.app/mx/durango/durango/buena-vista
34144,Durango Nuevo 1,Colonia,Durango,Durango,Victoria de Durango,Urbano,https://postali.app/mx/durango/durango/durango-nuevo-1
34144,Durango Nuevo II,Colonia,Durango,Durango,Victoria de Durango,Urbano,https://postali.app/mx/durango/durango/durango-nuevo-ii
34144,El Brillante,Colonia,Durango,Durango,Victoria de Durango,Urbano,https://postali.app/mx/durango/durango/el-brillante-34144
34144,El Lucero,Colonia,Durango,Durango,Victoria de Durango,Urbano,https://postali.app/mx/durango/durango/el-lucero
34144,El Nayar,Ejido,Durango,Durango,Victoria de Durango,Urbano,https://postali.app/mx/durango/durango/el-nayar
34144,Jardines del Nayar,Colonia,Durango,Durango,Victoria de Durango,Urbano,https://postali.app/mx/durango/durango/jardines-del-nayar
34144,La Arboleda,Colonia,Durango,Durango,Victoria de Durango,Urbano,https://postali.app/mx/durango/durango/la-arboleda
34144,La Estrella,Colonia,Durango,Durango,Victoria de Durango,Urbano,https://postali.app/mx/durango/durango/la-estrella
34144,Las Calzadas,Fraccionamiento,Durango,Durango,Victoria de Durango,Urbano,https://postali.app/mx/durango/durango/las-calzadas
34144,Pedregal de La Nueva España,Colonia,Durango,Durango,Victoria de Durango,Urbano,https://postali.app/mx/durango/durango/pedregal-de-la-nueva-espana
34144,Rinconada San Antonio,Colonia,Durango,Durango,Victoria de Durango,Urbano,https://postali.app/mx/durango/durango/rinconada-san-antonio
34144,Santa Mónica,Colonia,Durango,Durango,Victoria de Durango,Urbano,https://postali.app/mx/durango/durango/santa-monica
34144,Santillán,Colonia,Durango,Durango,Victoria de Durango,Urbano,https://postali.app/mx/durango/durango/santillan
34144,Veredas,Fraccionamiento,Durango,Durango,Victoria de Durango,Urbano,https://postali.app/mx/durango/durango/veredas
34144,Villa Antigua,Colonia,Durango,Durango,Victoria de Durango,Urbano,https://postali.app/mx/durango/durango/villa-antigua
34144,Villas Doradas,Colonia,Durango,Durango,Victoria de Durango,Urbano,https://postali.app/mx/durango/durango/villas-doradas
34145,Asentamientos Humanos,Colonia,Durango,Durango,Victoria de Durango,Urbano,https://postali.app/mx/durango/durango/asentamientos-humanos
34146,Los Álamos,Colonia,Durango,Durango,Victoria de Durango,Urbano,https://postali.app/mx/durango/durango/los-alamos
34147,Arroyo Seco,Colonia,Durango,Durango,Victoria de Durango,Urbano,https://postali.app/mx/durango/durango/arroyo-seco
34147,Cerrada la Huerta,Fraccionamiento,Durango,Durango,Victoria de Durango,Urbano,https://postali.app/mx/durango/durango/cerrada-la-huerta
34147,El Durazno,Colonia,Durango,Durango,Victoria de Durango,Urbano,https://postali.app/mx/durango/durango/el-durazno
34147,Fundo Legal Arroyo Seco,Colonia,Durango,Durango,Victoria de Durango,Urbano,https://postali.app/mx/durango/durango/fundo-legal-arroyo-seco
34147,Gaviotas II,Colonia,Durango,Durango,Victoria de Durango,Urbano,https://postali.app/mx/durango/durango/gaviotas-ii
34147,Hacienda de Tapias,Fraccionamiento,Durango,Durango,Victoria de Durango,Urbano,https://postali.app/mx/durango/durango/hacienda-de-tapias
34147,Hacienda de Tapias II,Fraccionamiento,Durango,Durango,Victoria de Durango,Urbano,https://postali.app/mx/durango/durango/hacienda-de-tapias-ii
34147,Hacienda de Tapias III,Fraccionamiento,Durango,Durango,Victoria de Durango,Urbano,https://postali.app/mx/durango/durango/hacienda-de-tapias-iii
34147,La Huerta,Fraccionamiento,Durango,Durango,Victoria de Durango,Urbano,https://postali.app/mx/durango/durango/la-huerta
34147,La Moderna,Colonia,Durango,Durango,Victoria de Durango,Urbano,https://postali.app/mx/durango/durango/la-moderna
34147,Las Calandrias,Colonia,Durango,Durango,Victoria de Durango,Urbano,https://postali.app/mx/durango/durango/las-calandrias
34147,Las Gardenias,Colonia,Durango,Durango,Victoria de Durango,Urbano,https://postali.app/mx/durango/durango/las-gardenias
34147,Los Tulipanes,Colonia,Durango,Durango,Victoria de Durango,Urbano,https://postali.app/mx/durango/durango/los-tulipanes
34147,San Fernando,Colonia,Durango,Durango,Victoria de Durango,Urbano,https://postali.app/mx/durango/durango/san-fernando
34147,Tapias Residencial,Fraccionamiento,Durango,Durango,Victoria de Durango,Urbano,https://postali.app/mx/durango/durango/tapias-residencial
34147,Villas del Atardecer,Fraccionamiento,Durango,Durango,Victoria de Durango,Urbano,https://postali.app/mx/durango/durango/villas-del-atardecer
34150,Chapultepec,Fraccionamiento,Durango,Durango,Victoria de Durango,Urbano,https://postali.app/mx/durango/durango/chapultepec
34150,IV Centenario,Colonia,Durango,Durango,Victoria de Durango,Urbano,https://postali.app/mx/durango/durango/iv-centenario
34150,Juan de La Barrera,Colonia,Durango,Durango,Victoria de Durango,Urbano,https://postali.app/mx/durango/durango/juan-de-la-barrera
34150,Privada Paraíso,Fraccionamiento,Durango,Durango,Victoria de Durango,Urbano,https://postali.app/mx/durango/durango/privada-paraiso
34150,Silvestre Revueltas,Fraccionamiento,Durango,Durango,Victoria de Durango,Urbano,https://postali.app/mx/durango/durango/silvestre-revueltas
34150,Villas Santa Teresa,Fraccionamiento,Durango,Durango,Victoria de Durango,Urbano,https://postali.app/mx/durango/durango/villas-santa-teresa
34156,Ocampo,Fraccionamiento,Durango,Durango,Victoria de Durango,Urbano,https://postali.app/mx/durango/durango/ocampo
34157,Francisco González de La Vega,Fraccionamiento,Durango,Durango,Victoria de Durango,Urbano,https://postali.app/mx/durango/durango/francisco-gonzalez-de-la-vega
34157,San Diego,Fraccionamiento,Durango,Durango,Victoria de Durango,Urbano,https://postali.app/mx/durango/durango/san-diego
34158,La Pradera,Fraccionamiento,Durango,Durango,Victoria de Durango,Urbano,https://postali.app/mx/durango/durango/la-pradera
34159,Francisco I Madero,Fraccionamiento,Durango,Durango,Victoria de Durango,Urbano,https://postali.app/mx/durango/durango/francisco-i-madero
34160,Azcapotzalco,Colonia,Durango,Durango,Victoria de Durango,Urbano,https://postali.app/mx/durango/durango/azcapotzalco
34160,El Edén,Fraccionamiento,Durango,Durango,Victoria de Durango,Urbano,https://postali.app/mx/durango/durango/el-eden
34160,Huizache I,Fraccionamiento,Durango,Durango,Victoria de Durango,Urbano,https://postali.app/mx/durango/durango/huizache-i
34160,Huizache II,Fraccionamiento,Durango,Durango,Victoria de Durango,Urbano,https://postali.app/mx/durango/durango/huizache-ii
34160,Plaza Real del Sur,Zona comercial,Durango,Durango,Victoria de Durango,Urbano,https://postali.app/mx/durango/durango/plaza-real-del-sur
34160,Villas el Edén,Fraccionamiento,Durango,Durango,Victoria de Durango,Urbano,https://postali.app/mx/durango/durango/villas-el-eden
34162,Las Milpas,Fraccionamiento,Durango,Durango,Victoria de Durango,Urbano,https://postali.app/mx/durango/durango/las-milpas
34162,Los Nogales,Fraccionamiento,Durango,Durango,Victoria de Durango,Urbano,https://postali.app/mx/durango/durango/los-nogales
34162,Los Pinos Residencial,Fraccionamiento,Durango,Durango,Victoria de Durango,Urbano,https://postali.app/mx/durango/durango/los-pinos-residencial
34162,Margarita Maza de Juárez,Fraccionamiento,Durango,Durango,Victoria de Durango,Urbano,https://postali.app/mx/durango/durango/margarita-maza-de-juarez
34162,Nueva Providencia,Fraccionamiento,Durango,Durango,Victoria de Durango,Urbano,https://postali.app/mx/durango/durango/nueva-providencia
34162,Nuevo Durango I,Fraccionamiento,Durango,Durango,Victoria de Durango,Urbano,https://postali.app/mx/durango/durango/nuevo-durango-i
34162,Real del Country,Fraccionamiento,Durango,Durango,Victoria de Durango,Urbano,https://postali.app/mx/durango/durango/real-del-country
34162,Residencial Santa Teresa,Fraccionamiento,Durango,Durango,Victoria de Durango,Urbano,https://postali.app/mx/durango/durango/residencial-santa-teresa
34162,Solidaridad,Colonia,Durango,Durango,Victoria de Durango,Urbano,https://postali.app/mx/durango/durango/solidaridad
34162,Valle del Mezquital I,Fraccionamiento,Durango,Durango,Victoria de Durango,Urbano,https://postali.app/mx/durango/durango/valle-del-mezquital-i
34162,Valle del Mezquital II,Fraccionamiento,Durango,Durango,Victoria de Durango,Urbano,https://postali.app/mx/durango/durango/valle-del-mezquital-ii
34163,Benito Juárez,Colonia,Durango,Durango,Victoria de Durango,Urbano,https://postali.app/mx/durango/durango/benito-juarez-34163
34164,Alianza por Durango,Colonia,Durango,Durango,Victoria de Durango,Urbano,https://postali.app/mx/durango/durango/alianza-por-durango
34164,Altamira,Fraccionamiento,Durango,Durango,Victoria de Durango,Urbano,https://postali.app/mx/durango/durango/altamira
34164,Ampliación Luz del Carmen,Colonia,Durango,Durango,Victoria de Durango,Urbano,https://postali.app/mx/durango/durango/ampliacion-luz-del-carmen
34164,Carril 2000,Colonia,Durango,Durango,Victoria de Durango,Urbano,https://postali.app/mx/durango/durango/carril-2000
34164,Cristóbal Colón,Fraccionamiento,Durango,Durango,Victoria de Durango,Urbano,https://postali.app/mx/durango/durango/cristobal-colon
34164,Humberto Gutiérrez,Colonia,Durango,Durango,Victoria de Durango,Urbano,https://postali.app/mx/durango/durango/humberto-gutierrez
34164,Luz del Carmen,Colonia,Durango,Durango,Victoria de Durango,Urbano,https://postali.app/mx/durango/durango/luz-del-carmen
34164,Lázaro Serrano Montes,Colonia,Durango,Durango,Victoria de Durango,Urbano,https://postali.app/mx/durango/durango/lazaro-serrano-montes
34164,Miguel Cruz José,Colonia,Durango,Durango,Victoria de Durango,Urbano,https://postali.app/mx/durango/durango/miguel-cruz-jose
34164,Milenio 450 II,Fraccionamiento,Durango,Durango,Victoria de Durango,Urbano,https://postali.app/mx/durango/durango/milenio-450-ii
34164,Nueva España,Colonia,Durango,Durango,Victoria de Durango,Urbano,https://postali.app/mx/durango/durango/nueva-espana
34164,Nuevo Milenio,Fraccionamiento,Durango,Durango,Victoria de Durango,Urbano,https://postali.app/mx/durango/durango/nuevo-milenio
34164,Tierra Prometida,Colonia,Durango,Durango,Victoria de Durango,Urbano,https://postali.app/mx/durango/durango/tierra-prometida
34165,Los Sauces,Colonia,Durango,Durango,Victoria de Durango,Urbano,https://postali.app/mx/durango/durango/los-sauces
34165,Universal,Colonia,Durango,Durango,Victoria de Durango,Urbano,https://postali.app/mx/durango/durango/universal
34166,Centauro del Norte,Fraccionamiento,Durango,Durango,Victoria de Durango,Urbano,https://postali.app/mx/durango/durango/centauro-del-norte
34166,Hacienda las Flores,Fraccionamiento,Durango,Durango,Victoria de Durango,Urbano,https://postali.app/mx/durango/durango/hacienda-las-flores
34166,Las Flores III,Fraccionamiento,Durango,Durango,Victoria de Durango,Urbano,https://postali.app/mx/durango/durango/las-flores-iii
34166,Nuevo Durango II,Fraccionamiento,Durango,Durango,Victoria de Durango,Urbano,https://postali.app/mx/durango/durango/nuevo-durango-ii
34166,Nuevo Durango III,Fraccionamiento,Durango,Durango,Victoria de Durango,Urbano,https://postali.app/mx/durango/durango/nuevo-durango-iii
34166,Primer Presidente,Fraccionamiento,Durango,Durango,Victoria de Durango,Urbano,https://postali.app/mx/durango/durango/primer-presidente
34166,Real del Trébol,Fraccionamiento,Durango,Durango,Victoria de Durango,Urbano,https://postali.app/mx/durango/durango/real-del-trebol
34166,Rinconada del Ángel,Fraccionamiento,Durango,Durango,Victoria de Durango,Urbano,https://postali.app/mx/durango/durango/rinconada-del-angel
34166,Santa Teresa,Fraccionamiento,Durango,Durango,Victoria de Durango,Urbano,https://postali.app/mx/durango/durango/santa-teresa
34166,SEDUE,Fraccionamiento,Durango,Durango,Victoria de Durango,Urbano,https://postali.app/mx/durango/durango/sedue
34166,Valle del Guadiana,Colonia,Durango,Durango,Victoria de Durango,Urbano,https://postali.app/mx/durango/durango/valle-del-guadiana
34167,Aranza,Fraccionamiento,Durango,Durango,Victoria de Durango,Urbano,https://postali.app/mx/durango/durango/aranza
34167,Baluarte,Fraccionamiento,Durango,Durango,Victoria de Durango,Urbano,https://postali.app/mx/durango/durango/baluarte
34167,Barcelona,Fraccionamiento,Durango,Durango,Victoria de Durango,Urbano,https://postali.app/mx/durango/durango/barcelona
34167,Benito Juárez,Fraccionamiento,Durango,Durango,Victoria de Durango,Urbano,https://postali.app/mx/durango/durango/benito-juarez-34167
34167,Benito Juárez,Ejido,Durango,Durango,Victoria de Durango,Urbano,https://postali.app/mx/durango/durango/benito-juarez-34167-0594
34167,Bicentenario,Fraccionamiento,Durango,Durango,Victoria de Durango,Urbano,https://postali.app/mx/durango/durango/bicentenario
34167,Circuito Emperadores,Colonia,Durango,Durango,Victoria de Durango,Urbano,https://postali.app/mx/durango/durango/circuito-emperadores
34167,Circuito Español,Condominio,Durango,Durango,Victoria de Durango,Urbano,https://postali.app/mx/durango/durango/circuito-espanol
34167,Colibrí,Fraccionamiento,Durango,Durango,Victoria de Durango,Urbano,https://postali.app/mx/durango/durango/colibri
34167,Colibrí II,Fraccionamiento,Durango,Durango,Victoria de Durango,Urbano,https://postali.app/mx/durango/durango/colibri-ii
34167,Constituyentes,Fraccionamiento,Durango,Durango,Victoria de Durango,Urbano,https://postali.app/mx/durango/durango/constituyentes
34167,Don Francisco,Colonia,Durango,Durango,Victoria de Durango,Urbano,https://postali.app/mx/durango/durango/don-francisco
34167,Edmundo Ravelo Duarte,Colonia,Durango,Durango,Victoria de Durango,Urbano,https://postali.app/mx/durango/durango/edmundo-ravelo-duarte
34167,El Alacrán,Colonia,Durango,Durango,Victoria de Durango,Urbano,https://postali.app/mx/durango/durango/el-alacran
34167,Galicia,Fraccionamiento,Durango,Durango,Victoria de Durango,Urbano,https://postali.app/mx/durango/durango/galicia
34167,Geraldine,Fraccionamiento,Durango,Durango,Victoria de Durango,Urbano,https://postali.app/mx/durango/durango/geraldine
34167,Ignacio Zaragoza,Colonia,Durango,Durango,Victoria de Durango,Urbano,https://postali.app/mx/durango/durango/ignacio-zaragoza
34167,Isabel Almanza,Colonia,Durango,Durango,Victoria de Durango,Urbano,https://postali.app/mx/durango/durango/isabel-almanza
34167,Jardines de Cancún,Colonia,Durango,Durango,Victoria de Durango,Urbano,https://postali.app/mx/durango/durango/jardines-de-cancun
34167,Las Magdalenas,Fraccionamiento,Durango,Durango,Victoria de Durango,Urbano,https://postali.app/mx/durango/durango/las-magdalenas
34167,Locutores,Fraccionamiento,Durango,Durango,Victoria de Durango,Urbano,https://postali.app/mx/durango/durango/locutores
34167,Milenio 450,Fraccionamiento,Durango,Durango,Victoria de Durango,Urbano,https://postali.app/mx/durango/durango/milenio-450
34167,Orquídea,Fraccionamiento,Durango,Durango,Victoria de Durango,Urbano,https://postali.app/mx/durango/durango/orquidea
34167,Privada Colón,Colonia,Durango,Durango,Victoria de Durango,Urbano,https://postali.app/mx/durango/durango/privada-colon
34167,Privada San Martín,Fraccionamiento,Durango,Durango,Victoria de Durango,Urbano,https://postali.app/mx/durango/durango/privada-san-martin
34167,Toledo,Fraccionamiento,Durango,Durango,Victoria de Durango,Urbano,https://postali.app/mx/durango/durango/toledo
34167,Unión Fraternidad y Lucha,Colonia,Durango,Durango,Victoria de Durango,Urbano,https://postali.app/mx/durango/durango/union-fraternidad-y-lucha
34167,Victoria de Durango,Colonia,Durango,Durango,Victoria de Durango,Urbano,https://postali.app/mx/durango/durango/victoria-de-durango
34167,Vivah Reforma I,Fraccionamiento,Durango,Durango,Victoria de Durango,Urbano,https://postali.app/mx/durango/durango/vivah-reforma-i
34168,Ampliación Las Rosas,Colonia,Durango,Durango,Victoria de Durango,Urbano,https://postali.app/mx/durango/durango/ampliacion-las-rosas
34168,Bicentenario,Fraccionamiento,Durango,Durango,Victoria de Durango,Urbano,https://postali.app/mx/durango/durango/bicentenario-34168
34168,Frida Kahlo,Fraccionamiento,Durango,Durango,Victoria de Durango,Urbano,https://postali.app/mx/durango/durango/frida-kahlo
34168,Las Rosas,Colonia,Durango,Durango,Victoria de Durango,Urbano,https://postali.app/mx/durango/durango/las-rosas
34168,Paraíso,Colonia,Durango,Durango,Victoria de Durango,Urbano,https://postali.app/mx/durango/durango/paraiso
34168,Real Victoria II,Fraccionamiento,Durango,Durango,Victoria de Durango,Urbano,https://postali.app/mx/durango/durango/real-victoria-ii
34168,Real Vizcaya,Condominio,Durango,Durango,Victoria de Durango,Urbano,https://postali.app/mx/durango/durango/real-vizcaya
34168,San Carlos,Colonia,Durango,Durango,Victoria de Durango,Urbano,https://postali.app/mx/durango/durango/san-carlos
34169,Genaro Vázquez,Colonia,Durango,Durango,Victoria de Durango,Urbano,https://postali.app/mx/durango/durango/genaro-vazquez
34169,Miramar,Colonia,Durango,Durango,Victoria de Durango,Urbano,https://postali.app/mx/durango/durango/miramar
34170,Camino Real,Fraccionamiento,Durango,Durango,Victoria de Durango,Urbano,https://postali.app/mx/durango/durango/camino-real
34170,El Refugio,Colonia,Durango,Durango,Victoria de Durango,Urbano,https://postali.app/mx/durango/durango/el-refugio
34170,Jalisco,Colonia,Durango,Durango,Victoria de Durango,Urbano,https://postali.app/mx/durango/durango/jalisco
34170,Las Misiones Residencial,Condominio,Durango,Durango,Victoria de Durango,Urbano,https://postali.app/mx/durango/durango/las-misiones-residencial
34170,Los Fuentes,Fraccionamiento,Durango,Durango,Victoria de Durango,Urbano,https://postali.app/mx/durango/durango/los-fuentes
34170,Privada las Quintas,Fraccionamiento,Durango,Durango,Victoria de Durango,Urbano,https://postali.app/mx/durango/durango/privada-las-quintas
34175,José Martí,Colonia,Durango,Durango,Victoria de Durango,Urbano,https://postali.app/mx/durango/durango/jose-marti
34176,Privada Casuarinas,Fraccionamiento,Durango,Durango,Victoria de Durango,Urbano,https://postali.app/mx/durango/durango/privada-casuarinas
34176,Providencia FOVISSSTE,Fraccionamiento,Durango,Durango,Victoria de Durango,Urbano,https://postali.app/mx/durango/durango/providencia-fovissste
34176,Villas Alpinas,Fraccionamiento,Durango,Durango,Victoria de Durango,Urbano,https://postali.app/mx/durango/durango/villas-alpinas
34179,Providencia,Fraccionamiento,Durango,Durango,Victoria de Durango,Urbano,https://postali.app/mx/durango/durango/providencia
34180,Domingo Arrieta,Fraccionamiento,Durango,Durango,Victoria de Durango,Urbano,https://postali.app/mx/durango/durango/domingo-arrieta
34185,Las Quintas,Fraccionamiento,Durango,Durango,Victoria de Durango,Urbano,https://postali.app/mx/durango/durango/las-quintas
34185,Real de Privanzas,Fraccionamiento,Durango,Durango,Victoria de Durango,Urbano,https://postali.app/mx/durango/durango/real-de-privanzas
34185,Senderos,Fraccionamiento,Durango,Durango,Victoria de Durango,Urbano,https://postali.app/mx/durango/durango/senderos
34185,Sierra Alta,Fraccionamiento,Durango,Durango,Victoria de Durango,Urbano,https://postali.app/mx/durango/durango/sierra-alta
34185,Torres Toscana,Condominio,Durango,Durango,Victoria de Durango,Urbano,https://postali.app/mx/durango/durango/torres-toscana
34186,Campo Alegre,Fraccionamiento,Durango,Durango,Victoria de Durango,Urbano,https://postali.app/mx/durango/durango/campo-alegre
34186,Cerrada las Privanzas,Fraccionamiento,Durango,Durango,Victoria de Durango,Urbano,https://postali.app/mx/durango/durango/cerrada-las-privanzas
34186,Claveles I,Colonia,Durango,Durango,Victoria de Durango,Urbano,https://postali.app/mx/durango/durango/claveles-i
34186,Claveles II,Colonia,Durango,Durango,Victoria de Durango,Urbano,https://postali.app/mx/durango/durango/claveles-ii
34186,Diana Laura R de Colosio,Colonia,Durango,Durango,Victoria de Durango,Urbano,https://postali.app/mx/durango/durango/diana-laura-r-de-colosio
34186,La Cantera,Fraccionamiento,Durango,Durango,Victoria de Durango,Urbano,https://postali.app/mx/durango/durango/la-cantera
34186,Las Esperanzas,Fraccionamiento,Durango,Durango,Victoria de Durango,Urbano,https://postali.app/mx/durango/durango/las-esperanzas
34186,Las Privanzas,Fraccionamiento,Durango,Durango,Victoria de Durango,Urbano,https://postali.app/mx/durango/durango/las-privanzas
34186,Mireles,Colonia,Durango,Durango,Victoria de Durango,Urbano,https://postali.app/mx/durango/durango/mireles
34186,Valle Alegre,Colonia,Durango,Durango,Victoria de Durango,Urbano,https://postali.app/mx/durango/durango/valle-alegre
34186,Villa Jardín,Colonia,Durango,Durango,Victoria de Durango,Urbano,https://postali.app/mx/durango/durango/villa-jardin
34186,Villas Alpinas,Colonia,Durango,Durango,Victoria de Durango,Urbano,https://postali.app/mx/durango/durango/villas-alpinas-34186
34186,Villas Doradas II,Colonia,Durango,Durango,Victoria de Durango,Urbano,https://postali.app/mx/durango/durango/villas-doradas-ii
34187,Ejidal,Colonia,Durango,Durango,Victoria de Durango,Urbano,https://postali.app/mx/durango/durango/ejidal
34188,Constitución,Colonia,Durango,Durango,Victoria de Durango,Urbano,https://postali.app/mx/durango/durango/constitucion
34188,Dolores del Río,Colonia,Durango,Durango,Victoria de Durango,Urbano,https://postali.app/mx/durango/durango/dolores-del-rio
34188,Jesús María,Colonia,Durango,Durango,Victoria de Durango,Urbano,https://postali.app/mx/durango/durango/jesus-maria
34188,Juan Lira Bracho,Colonia,Durango,Durango,Victoria de Durango,Urbano,https://postali.app/mx/durango/durango/juan-lira-bracho
34188,La Joya,Colonia,Durango,Durango,Victoria de Durango,Urbano,https://postali.app/mx/durango/durango/la-joya
34188,Las Auroras,Colonia,Durango,Durango,Victoria de Durango,Urbano,https://postali.app/mx/durango/durango/las-auroras
34188,Luis Donaldo Colosio,Colonia,Durango,Durango,Victoria de Durango,Urbano,https://postali.app/mx/durango/durango/luis-donaldo-colosio
34188,Niños Héroes,Fraccionamiento,Durango,Durango,Victoria de Durango,Urbano,https://postali.app/mx/durango/durango/ninos-heroes-34188
34189,La Arboleda,Fraccionamiento,Durango,Durango,Victoria de Durango,Urbano,https://postali.app/mx/durango/durango/la-arboleda-34189
34190,Azteca,Colonia,Durango,Durango,Victoria de Durango,Urbano,https://postali.app/mx/durango/durango/azteca
34190,El Naranjal,Fraccionamiento,Durango,Durango,Victoria de Durango,Urbano,https://postali.app/mx/durango/durango/el-naranjal
34190,Granja Graciela,Fraccionamiento,Durango,Durango,Victoria de Durango,Urbano,https://postali.app/mx/durango/durango/granja-graciela
34190,Real del Naranjal,Fraccionamiento,Durango,Durango,Victoria de Durango,Urbano,https://postali.app/mx/durango/durango/real-del-naranjal
34190,SAHOP,Fraccionamiento,Durango,Durango,Victoria de Durango,Urbano,https://postali.app/mx/durango/durango/sahop
34193,Cotto de Asturias,Fraccionamiento,Durango,Durango,Victoria de Durango,Urbano,https://postali.app/mx/durango/durango/cotto-de-asturias
34193,El Atardecer Residencial,Fraccionamiento,Durango,Durango,Victoria de Durango,Urbano,https://postali.app/mx/durango/durango/el-atardecer-residencial
34193,El Atardecer V,Fraccionamiento,Durango,Durango,Victoria de Durango,Urbano,https://postali.app/mx/durango/durango/el-atardecer-v
34193,El Bosque Residencial,Fraccionamiento,Durango,Durango,Victoria de Durango,Urbano,https://postali.app/mx/durango/durango/el-bosque-residencial
34193,El Lago,Fraccionamiento,Durango,Durango,Victoria de Durango,Urbano,https://postali.app/mx/durango/durango/el-lago
34193,El Roble Residencial,Fraccionamiento,Durango,Durango,Victoria de Durango,Urbano,https://postali.app/mx/durango/durango/el-roble-residencial
34193,Embotelladora de Coca Cola,Zona industrial,Durango,Durango,Victoria de Durango,Urbano,https://postali.app/mx/durango/durango/embotelladora-de-coca-cola
34193,Linda Vista,Fraccionamiento,Durango,Durango,Victoria de Durango,Urbano,https://postali.app/mx/durango/durango/linda-vista-34193
34193,Los Cedros Residencial,Fraccionamiento,Durango,Durango,Victoria de Durango,Urbano,https://postali.app/mx/durango/durango/los-cedros-residencial
34193,Los Laureles Residencial,Fraccionamiento,Durango,Durango,Victoria de Durango,Urbano,https://postali.app/mx/durango/durango/los-laureles-residencial
34193,Los Nogales Residencial,Fraccionamiento,Durango,Durango,Victoria de Durango,Urbano,https://postali.app/mx/durango/durango/los-nogales-residencial
34193,Potrero los Abonos,Colonia,Durango,Durango,Victoria de Durango,Urbano,https://postali.app/mx/durango/durango/potrero-los-abonos
34193,Residencial Villa Dorada,Fraccionamiento,Durango,Durango,Victoria de Durango,Urbano,https://postali.app/mx/durango/durango/residencial-villa-dorada
34193,Santa Rosa,Fraccionamiento,Durango,Durango,Victoria de Durango,Urbano,https://postali.app/mx/durango/durango/santa-rosa
34193,Scorpio 5-1,Fraccionamiento,Durango,Durango,Victoria de Durango,Urbano,https://postali.app/mx/durango/durango/scorpio-5-1
34194,Arantzazú,Fraccionamiento,Durango,Durango,Victoria de Durango,Urbano,https://postali.app/mx/durango/durango/arantzazu
34194,Arantzazú II,Fraccionamiento,Durango,Durango,Victoria de Durango,Urbano,https://postali.app/mx/durango/durango/arantzazu-ii
34194,Artemisas,Fraccionamiento,Durango,Durango,Victoria de Durango,Urbano,https://postali.app/mx/durango/durango/artemisas
34194,Campestre Amanecer,Fraccionamiento,Durango,Durango,Victoria de Durango,Urbano,https://postali.app/mx/durango/durango/campestre-amanecer
34194,Campestre de Durango,Fraccionamiento,Durango,Durango,Victoria de Durango,Urbano,https://postali.app/mx/durango/durango/campestre-de-durango
34194,Campestre la Martinica,Fraccionamiento,Durango,Durango,Victoria de Durango,Urbano,https://postali.app/mx/durango/durango/campestre-la-martinica
34194,El Ensueño,Colonia,Durango,Durango,Victoria de Durango,Urbano,https://postali.app/mx/durango/durango/el-ensueno-34194
34194,Girasoles,Colonia,Durango,Durango,Victoria de Durango,Urbano,https://postali.app/mx/durango/durango/girasoles
34194,Hacendara Residencial,Fraccionamiento,Durango,Durango,Victoria de Durango,Urbano,https://postali.app/mx/durango/durango/hacendara-residencial
34194,Hacienda del Nogal,Fraccionamiento,Durango,Durango,Victoria de Durango,Urbano,https://postali.app/mx/durango/durango/hacienda-del-nogal
34194,Haciendas del Campestre,Fraccionamiento,Durango,Durango,Victoria de Durango,Urbano,https://postali.app/mx/durango/durango/haciendas-del-campestre
34194,Haciendas del Cedro,Fraccionamiento,Durango,Durango,Victoria de Durango,Urbano,https://postali.app/mx/durango/durango/haciendas-del-cedro
34194,Independencia,Colonia,Durango,Durango,Victoria de Durango,Urbano,https://postali.app/mx/durango/durango/independencia
34194,Justicia Social,Colonia,Durango,Durango,Victoria de Durango,Urbano,https://postali.app/mx/durango/durango/justicia-social
34194,Las Flores Sur,Colonia,Durango,Durango,Victoria de Durango,Urbano,https://postali.app/mx/durango/durango/las-flores-sur
34194,México,Colonia,Durango,Durango,Victoria de Durango,Urbano,https://postali.app/mx/durango/durango/mexico
34194,O DAM,Fraccionamiento,Durango,Durango,Victoria de Durango,Urbano,https://postali.app/mx/durango/durango/o-dam
34194,Rancho San Miguel,Fraccionamiento,Durango,Durango,Victoria de Durango,Urbano,https://postali.app/mx/durango/durango/rancho-san-miguel
34194,Real Campestre,Fraccionamiento,Durango,Durango,Victoria de Durango,Urbano,https://postali.app/mx/durango/durango/real-campestre
34194,San Vicente,Colonia,Durango,Durango,Victoria de Durango,Urbano,https://postali.app/mx/durango/durango/san-vicente
34194,Santa Anita,Fraccionamiento,Durango,Durango,Victoria de Durango,Urbano,https://postali.app/mx/durango/durango/santa-anita
34194,Valle de México,Colonia,Durango,Durango,Victoria de Durango,Urbano,https://postali.app/mx/durango/durango/valle-de-mexico
34194,Valle Verde Sur,Colonia,Durango,Durango,Victoria de Durango,Urbano,https://postali.app/mx/durango/durango/valle-verde-sur
34194,Villas Campestre,Fraccionamiento,Durango,Durango,Victoria de Durango,Urbano,https://postali.app/mx/durango/durango/villas-campestre
34195,Benigno Montoya,Colonia,Durango,Durango,Victoria de Durango,Urbano,https://postali.app/mx/durango/durango/benigno-montoya
34195,Ricardo Rosales,Fraccionamiento,Durango,Durango,Victoria de Durango,Urbano,https://postali.app/mx/durango/durango/ricardo-rosales
34195,Villa Universitaria,Fraccionamiento,Durango,Durango,Victoria de Durango,Urbano,https://postali.app/mx/durango/durango/villa-universitaria
34196,8 de Septiembre,Colonia,Durango,Durango,Victoria de Durango,Urbano,https://postali.app/mx/durango/durango/8-de-septiembre
34196,Rinconada Bugambilias,Fraccionamiento,Durango,Durango,Victoria de Durango,Urbano,https://postali.app/mx/durango/durango/rinconada-bugambilias
34197,Ampliación Morelos Sur,Colonia,Durango,Durango,Victoria de Durango,Urbano,https://postali.app/mx/durango/durango/ampliacion-morelos-sur
34197,Loma Bonita,Fraccionamiento,Durango,Durango,Victoria de Durango,Urbano,https://postali.app/mx/durango/durango/loma-bonita
34197,Los Ángeles Villas,Fraccionamiento,Durango,Durango,Victoria de Durango,Urbano,https://postali.app/mx/durango/durango/los-angeles-villas
34197,Morelos Sur,Colonia,Durango,Durango,Victoria de Durango,Urbano,https://postali.app/mx/durango/durango/morelos-sur
34197,Praderas del Sur,Colonia,Durango,Durango,Victoria de Durango,Urbano,https://postali.app/mx/durango/durango/praderas-del-sur
34197,Residencial Santa Cruz,Fraccionamiento,Durango,Durango,Victoria de Durango,Urbano,https://postali.app/mx/durango/durango/residencial-santa-cruz
34198,Alicante,Fraccionamiento,Durango,Durango,,Urbano,https://postali.app/mx/durango/durango/alicante
34198,Ancira,Fraccionamiento,Durango,Durango,,Urbano,https://postali.app/mx/durango/durango/ancira
34198,Clara Córdoba,Colonia,Durango,Durango,,Urbano,https://postali.app/mx/durango/durango/clara-cordoba
34198,Emperadores,Colonia,Durango,Durango,,Urbano,https://postali.app/mx/durango/durango/emperadores
34198,Guadalupe (Natera),Granja,Durango,Durango,,Urbano,https://postali.app/mx/durango/durango/guadalupe-natera
34198,La Casita,Granja,Durango,Durango,,Rural,https://postali.app/mx/durango/durango/la-casita
34198,La Ciénaga,Fraccionamiento,Durango,Durango,Victoria de Durango,Urbano,https://postali.app/mx/durango/durango/la-cienaga
34198,La Ciénaga II,Fraccionamiento,Durango,Durango,,Urbano,https://postali.app/mx/durango/durango/la-cienaga-ii
34198,Laura,Granja,Durango,Durango,,Rural,https://postali.app/mx/durango/durango/laura
34198,Los Betabeles,Colonia,Durango,Durango,Victoria de Durango,Urbano,https://postali.app/mx/durango/durango/los-betabeles
34198,Madrid,Fraccionamiento,Durango,Durango,,Urbano,https://postali.app/mx/durango/durango/madrid
34198,Marbella,Fraccionamiento,Durango,Durango,,Urbano,https://postali.app/mx/durango/durango/marbella
34198,Misión Real Castilla,Fraccionamiento,Durango,Durango,Victoria de Durango,Urbano,https://postali.app/mx/durango/durango/mision-real-castilla
34198,Rancho Alaska 1,Ranchería,Durango,Durango,,Rural,https://postali.app/mx/durango/durango/rancho-alaska-1
34198,Rancho las Nubes,Ranchería,Durango,Durango,,Rural,https://postali.app/mx/durango/durango/rancho-las-nubes
34198,Rancho San Francisco de Calleros,Ranchería,Durango,Durango,,Rural,https://postali.app/mx/durango/durango/rancho-san-francisco-de-calleros
34198,Salamanca,Fraccionamiento,Durango,Durango,,Urbano,https://postali.app/mx/durango/durango/salamanca
34198,Santa Sabina,Colonia,Durango,Durango,,Urbano,https://postali.app/mx/durango/durango/santa-sabina
34198,Sevilla,Fraccionamiento,Durango,Durango,,Urbano,https://postali.app/mx/durango/durango/sevilla
34198,Universidad Tecnológica de Durango,Equipamiento,Durango,Durango,,Urbano,https://postali.app/mx/durango/durango/universidad-tecnologica-de-durango
34198,Valencia,Fraccionamiento,Durango,Durango,,Urbano,https://postali.app/mx/durango/durango/valencia
34198,Valladolid,Fraccionamiento,Durango,Durango,,Urbano,https://postali.app/mx/durango/durango/valladolid
34198,Veranda,Fraccionamiento,Durango,Durango,Victoria de Durango,Urbano,https://postali.app/mx/durango/durango/veranda
34198,Villas del Manantial,Fraccionamiento,Durango,Durango,Victoria de Durango,Urbano,https://postali.app/mx/durango/durango/villas-del-manantial
34199,El Potrero (Los Parra),Rancho,Durango,Durango,,Urbano,https://postali.app/mx/durango/durango/el-potrero-los-parra
34199,Privada Vista del Sol,Fraccionamiento,Durango,Durango,Victoria de Durango,Urbano,https://postali.app/mx/durango/durango/privada-vista-del-sol
34199,Real del Mezquital,Fraccionamiento,Durango,Durango,Victoria de Durango,Urbano,https://postali.app/mx/durango/durango/real-del-mezquital
34199,Villa Jacarandas,Fraccionamiento,Durango,Durango,Victoria de Durango,Urbano,https://postali.app/mx/durango/durango/villa-jacarandas
34200,Hacienda de Fray Diego,Fraccionamiento,Durango,Durango,Victoria de Durango,Urbano,https://postali.app/mx/durango/durango/hacienda-de-fray-diego
34200,Jardines de Durango,Fraccionamiento,Durango,Durango,Victoria de Durango,Urbano,https://postali.app/mx/durango/durango/jardines-de-durango
34200,Las Américas,Fraccionamiento,Durango,Durango,Victoria de Durango,Urbano,https://postali.app/mx/durango/durango/las-americas
34204,20 de Noviembre,Colonia,Durango,Durango,Victoria de Durango,Urbano,https://postali.app/mx/durango/durango/20-de-noviembre
34204,Acueducto,Fraccionamiento,Durango,Durango,Victoria de Durango,Urbano,https://postali.app/mx/durango/durango/acueducto
34204,Cerrada las Torres,Fraccionamiento,Durango,Durango,Victoria de Durango,Urbano,https://postali.app/mx/durango/durango/cerrada-las-torres
34204,FSTSE,Fraccionamiento,Durango,Durango,Victoria de Durango,Urbano,https://postali.app/mx/durango/durango/fstse
34204,La Cima,Fraccionamiento,Durango,Durango,Victoria de Durango,Urbano,https://postali.app/mx/durango/durango/la-cima
34204,Los Eucaliptos,Fraccionamiento,Durango,Durango,Victoria de Durango,Urbano,https://postali.app/mx/durango/durango/los-eucaliptos
34204,Paso Real,Fraccionamiento,Durango,Durango,Victoria de Durango,Urbano,https://postali.app/mx/durango/durango/paso-real
34204,Privadas San Ignacio,Fraccionamiento,Durango,Durango,Victoria de Durango,Urbano,https://postali.app/mx/durango/durango/privadas-san-ignacio
34204,Puerta de San Ignacio,Fraccionamiento,Durango,Durango,Victoria de Durango,Urbano,https://postali.app/mx/durango/durango/puerta-de-san-ignacio
34204,San Carlo,Fraccionamiento,Durango,Durango,Victoria de Durango,Urbano,https://postali.app/mx/durango/durango/san-carlo
34204,San Daniel,Fraccionamiento,Durango,Durango,Victoria de Durango,Urbano,https://postali.app/mx/durango/durango/san-daniel
34204,San José I,Fraccionamiento,Durango,Durango,Victoria de Durango,Urbano,https://postali.app/mx/durango/durango/san-jose-i
34204,San José II,Fraccionamiento,Durango,Durango,Victoria de Durango,Urbano,https://postali.app/mx/durango/durango/san-jose-ii
34204,Villas de Zambrano,Fraccionamiento,Durango,Durango,Victoria de Durango,Urbano,https://postali.app/mx/durango/durango/villas-de-zambrano
34205,Carlos Luna,Colonia,Durango,Durango,Victoria de Durango,Urbano,https://postali.app/mx/durango/durango/carlos-luna
34205,San José III,Fraccionamiento,Durango,Durango,Victoria de Durango,Urbano,https://postali.app/mx/durango/durango/san-jose-iii
34205,Santa Amelia,Fraccionamiento,Durango,Durango,Victoria de Durango,Urbano,https://postali.app/mx/durango/durango/santa-amelia
34205,Versalles,Fraccionamiento,Durango,Durango,Victoria de Durango,Urbano,https://postali.app/mx/durango/durango/versalles
34205,Villa Napolitana,Fraccionamiento,Durango,Durango,Victoria de Durango,Urbano,https://postali.app/mx/durango/durango/villa-napolitana
34205,Villas San Ignacio,Fraccionamiento,Durango,Durango,Victoria de Durango,Urbano,https://postali.app/mx/durango/durango/villas-san-ignacio
34206,José Ángel Leal,Colonia,Durango,Durango,Victoria de Durango,Urbano,https://postali.app/mx/durango/durango/jose-angel-leal
34207,La Glorieta,Fraccionamiento,Durango,Durango,Victoria de Durango,Urbano,https://postali.app/mx/durango/durango/la-glorieta
34208,Ciudad Industrial,Fraccionamiento,Durango,Durango,Victoria de Durango,Urbano,https://postali.app/mx/durango/durango/ciudad-industrial
34208,San Juan,Fraccionamiento,Durango,Durango,Victoria de Durango,Urbano,https://postali.app/mx/durango/durango/san-juan
34208,San Juan,Colonia,Durango,Durango,Victoria de Durango,Urbano,https://postali.app/mx/durango/durango/san-juan-34208
34208,Villa Blanca,Fraccionamiento,Durango,Durango,Victoria de Durango,Urbano,https://postali.app/mx/durango/durango/villa-blanca
34209,Jardines de Alejandría,Condominio,Durango,Durango,Victoria de Durango,Urbano,https://postali.app/mx/durango/durango/jardines-de-alejandria
34209,Predio Tayafe,Zona comercial,Durango,Durango,Victoria de Durango,Urbano,https://postali.app/mx/durango/durango/predio-tayafe
34209,Residencial Español,Fraccionamiento,Durango,Durango,Victoria de Durango,Urbano,https://postali.app/mx/durango/durango/residencial-espanol
34209,Tres Misiones,Fraccionamiento,Durango,Durango,Victoria de Durango,Urbano,https://postali.app/mx/durango/durango/tres-misiones
34210,Adolfo López Mateos,Colonia,Durango,Durango,Victoria de Durango,Urbano,https://postali.app/mx/durango/durango/adolfo-lopez-mateos
34210,Aserradero,Fraccionamiento,Durango,Durango,Victoria de Durango,Urbano,https://postali.app/mx/durango/durango/aserradero
34210,Francisco Zarco,Colonia,Durango,Durango,Victoria de Durango,Urbano,https://postali.app/mx/durango/durango/francisco-zarco
34214,Armando del Castillo Franco,Colonia,Durango,Durango,Victoria de Durango,Urbano,https://postali.app/mx/durango/durango/armando-del-castillo-franco
34214,Francisco Sarabia,Fraccionamiento,Durango,Durango,Victoria de Durango,Urbano,https://postali.app/mx/durango/durango/francisco-sarabia
34215,Bosques de Puerta Norte,Fraccionamiento,Durango,Durango,Victoria de Durango,Urbano,https://postali.app/mx/durango/durango/bosques-de-puerta-norte
34215,Cortijo Residencial,Fraccionamiento,Durango,Durango,Victoria de Durango,Urbano,https://postali.app/mx/durango/durango/cortijo-residencial
34215,Cortijo Residencial Plus,Fraccionamiento,Durango,Durango,Victoria de Durango,Urbano,https://postali.app/mx/durango/durango/cortijo-residencial-plus
34215,Cumbres Residencial,Fraccionamiento,Durango,Durango,Victoria de Durango,Urbano,https://postali.app/mx/durango/durango/cumbres-residencial
34215,Cumbres Residencial III,Fraccionamiento,Durango,Durango,Victoria de Durango,Urbano,https://postali.app/mx/durango/durango/cumbres-residencial-iii
34215,Fundo Legal San Ignacio,Fraccionamiento,Durango,Durango,Victoria de Durango,Urbano,https://postali.app/mx/durango/durango/fundo-legal-san-ignacio
34215,La Sauceda,Fraccionamiento,Durango,Durango,Victoria de Durango,Urbano,https://postali.app/mx/durango/durango/la-sauceda
34215,Las Huertas,Colonia,Durango,Durango,Victoria de Durango,Urbano,https://postali.app/mx/durango/durango/las-huertas
34215,Lomas de San Ignacio,Colonia,Durango,Durango,Victoria de Durango,Urbano,https://postali.app/mx/durango/durango/lomas-de-san-ignacio
34215,Privadas de Puerta Norte 1,Fraccionamiento,Durango,Durango,Victoria de Durango,Urbano,https://postali.app/mx/durango/durango/privadas-de-puerta-norte-1
34215,Privadas de Puerta Norte 2,Fraccionamiento,Durango,Durango,Victoria de Durango,Urbano,https://postali.app/mx/durango/durango/privadas-de-puerta-norte-2
34215,Privadas de Puerta Norte 3,Fraccionamiento,Durango,Durango,Victoria de Durango,Urbano,https://postali.app/mx/durango/durango/privadas-de-puerta-norte-3
34215,Privadas de Puerta Norte 4,Fraccionamiento,Durango,Durango,Victoria de Durango,Urbano,https://postali.app/mx/durango/durango/privadas-de-puerta-norte-4
34215,Rincón del Lobo,Colonia,Durango,Durango,Victoria de Durango,Urbano,https://postali.app/mx/durango/durango/rincon-del-lobo
34215,San Ignacio de Loyola,Colonia,Durango,Durango,Victoria de Durango,Urbano,https://postali.app/mx/durango/durango/san-ignacio-de-loyola
34215,San Patricio,Fraccionamiento,Durango,Durango,Victoria de Durango,Urbano,https://postali.app/mx/durango/durango/san-patricio
34215,San Ramón,Fraccionamiento,Durango,Durango,Victoria de Durango,Urbano,https://postali.app/mx/durango/durango/san-ramon
34216,Fray Diego de La Cadena,Colonia,Durango,Durango,Victoria de Durango,Urbano,https://postali.app/mx/durango/durango/fray-diego-de-la-cadena
34217,Abetos,Fraccionamiento,Durango,Durango,Victoria de Durango,Urbano,https://postali.app/mx/durango/durango/abetos
34217,Boodamtam,Fraccionamiento,Durango,Durango,Victoria de Durango,Urbano,https://postali.app/mx/durango/durango/boodamtam
34217,Cerrada Rosas,Unidad habitacional,Durango,Durango,Victoria de Durango,Urbano,https://postali.app/mx/durango/durango/cerrada-rosas
34217,Chulas Fronteras,Colonia,Durango,Durango,Victoria de Durango,Urbano,https://postali.app/mx/durango/durango/chulas-fronteras
34217,El Ciprés,Colonia,Durango,Durango,Victoria de Durango,Urbano,https://postali.app/mx/durango/durango/el-cipres
34217,Haciendas,Fraccionamiento,Durango,Durango,Victoria de Durango,Urbano,https://postali.app/mx/durango/durango/haciendas
34217,Industrial Korian,Fraccionamiento,Durango,Durango,Victoria de Durango,Urbano,https://postali.app/mx/durango/durango/industrial-korian
34217,Industrial Nuevo Durango,Fraccionamiento,Durango,Durango,Victoria de Durango,Urbano,https://postali.app/mx/durango/durango/industrial-nuevo-durango
34217,Juan Escutia,Colonia,Durango,Durango,Victoria de Durango,Urbano,https://postali.app/mx/durango/durango/juan-escutia
34217,La Forestal,Fraccionamiento,Durango,Durango,Victoria de Durango,Urbano,https://postali.app/mx/durango/durango/la-forestal
34217,La Ponderosa,Colonia,Durango,Durango,Victoria de Durango,Urbano,https://postali.app/mx/durango/durango/la-ponderosa
34217,Massie,Colonia,Durango,Durango,Victoria de Durango,Urbano,https://postali.app/mx/durango/durango/massie
34217,Predio el Ciprés,Colonia,Durango,Durango,Victoria de Durango,Urbano,https://postali.app/mx/durango/durango/predio-el-cipres
34217,Predio el Tule,Colonia,Durango,Durango,Victoria de Durango,Urbano,https://postali.app/mx/durango/durango/predio-el-tule
34217,Predio Rústico la Tinaja y los Lugos,Fraccionamiento,Durango,Durango,Victoria de Durango,Urbano,https://postali.app/mx/durango/durango/predio-rustico-la-tinaja-y-los-lugos
34217,Santa Elena,Fraccionamiento,Durango,Durango,Victoria de Durango,Urbano,https://postali.app/mx/durango/durango/santa-elena
34218,Arturo Gámiz,Colonia,Durango,Durango,Victoria de Durango,Urbano,https://postali.app/mx/durango/durango/arturo-gamiz
34219,José Revueltas,Colonia,Durango,Durango,Victoria de Durango,Urbano,https://postali.app/mx/durango/durango/jose-revueltas
34220,Almendros,Fraccionamiento,Durango,Durango,Victoria de Durango,Urbano,https://postali.app/mx/durango/durango/almendros
34220,Cibeles,Fraccionamiento,Durango,Durango,Victoria de Durango,Urbano,https://postali.app/mx/durango/durango/cibeles
34220,Guadalupe,Fraccionamiento,Durango,Durango,Victoria de Durango,Urbano,https://postali.app/mx/durango/durango/guadalupe-34220
34220,Guadalupe Victoria INFONAVIT,Fraccionamiento,Durango,Durango,Victoria de Durango,Urbano,https://postali.app/mx/durango/durango/guadalupe-victoria-infonavit
34220,Las Fuentes,Fraccionamiento,Durango,Durango,Victoria de Durango,Urbano,https://postali.app/mx/durango/durango/las-fuentes
34220,Predio Granados,Fraccionamiento,Durango,Durango,Victoria de Durango,Urbano,https://postali.app/mx/durango/durango/predio-granados
34220,Privada Alejandrina,Fraccionamiento,Durango,Durango,Victoria de Durango,Urbano,https://postali.app/mx/durango/durango/privada-alejandrina
34220,Privada Villa Jardín,Fraccionamiento,Durango,Durango,Victoria de Durango,Urbano,https://postali.app/mx/durango/durango/privada-villa-jardin
34224,El Renacimiento,Fraccionamiento,Durango,Durango,Victoria de Durango,Urbano,https://postali.app/mx/durango/durango/el-renacimiento
34224,Las Nubes,Fraccionamiento,Durango,Durango,Victoria de Durango,Urbano,https://postali.app/mx/durango/durango/las-nubes
34224,Las Vegas,Fraccionamiento,Durango,Durango,Victoria de Durango,Urbano,https://postali.app/mx/durango/durango/las-vegas
34224,Los Arbolitos I,Fraccionamiento,Durango,Durango,Victoria de Durango,Urbano,https://postali.app/mx/durango/durango/los-arbolitos-i
34224,Los Arbolitos III,Fraccionamiento,Durango,Durango,Victoria de Durango,Urbano,https://postali.app/mx/durango/durango/los-arbolitos-iii
34224,María Luisa,Fraccionamiento,Durango,Durango,Victoria de Durango,Urbano,https://postali.app/mx/durango/durango/maria-luisa
34224,Nuevo Pedregal III,Fraccionamiento,Durango,Durango,Victoria de Durango,Urbano,https://postali.app/mx/durango/durango/nuevo-pedregal-iii
34224,Paladio,Fraccionamiento,Durango,Durango,Victoria de Durango,Urbano,https://postali.app/mx/durango/durango/paladio
34224,Privada Mariana,Fraccionamiento,Durango,Durango,Victoria de Durango,Urbano,https://postali.app/mx/durango/durango/privada-mariana
34224,San Luis,Fraccionamiento,Durango,Durango,Victoria de Durango,Urbano,https://postali.app/mx/durango/durango/san-luis
34224,Tenochtitlan,Fraccionamiento,Durango,Durango,Victoria de Durango,Urbano,https://postali.app/mx/durango/durango/tenochtitlan
34224,Une,Colonia,Durango,Durango,Victoria de Durango,Urbano,https://postali.app/mx/durango/durango/une
34224,Valle de Guadalupe,Fraccionamiento,Durango,Durango,Victoria de Durango,Urbano,https://postali.app/mx/durango/durango/valle-de-guadalupe
34224,Valle Oriente,Fraccionamiento,Durango,Durango,Victoria de Durango,Urbano,https://postali.app/mx/durango/durango/valle-oriente
34224,Villas del Guadiana I,Fraccionamiento,Durango,Durango,Victoria de Durango,Urbano,https://postali.app/mx/durango/durango/villas-del-guadiana-i
34224,Villas del Guadiana II,Fraccionamiento,Durango,Durango,Victoria de Durango,Urbano,https://postali.app/mx/durango/durango/villas-del-guadiana-ii
34224,Villas del Guadiana III,Fraccionamiento,Durango,Durango,Victoria de Durango,Urbano,https://postali.app/mx/durango/durango/villas-del-guadiana-iii
34224,Villas del Guadiana IV,Fraccionamiento,Durango,Durango,Victoria de Durango,Urbano,https://postali.app/mx/durango/durango/villas-del-guadiana-iv
34224,Villas del Guadiana V,Fraccionamiento,Durango,Durango,Victoria de Durango,Urbano,https://postali.app/mx/durango/durango/villas-del-guadiana-v
34224,Villas del Guadiana VI,Fraccionamiento,Durango,Durango,Victoria de Durango,Urbano,https://postali.app/mx/durango/durango/villas-del-guadiana-vi
34224,Villas del Guadiana VII,Fraccionamiento,Durango,Durango,Victoria de Durango,Urbano,https://postali.app/mx/durango/durango/villas-del-guadiana-vii
34225,Jardines del Real,Fraccionamiento,Durango,Durango,Victoria de Durango,Urbano,https://postali.app/mx/durango/durango/jardines-del-real
34225,La Luz,Fraccionamiento,Durango,Durango,Victoria de Durango,Urbano,https://postali.app/mx/durango/durango/la-luz
34225,Los Arbolitos II,Fraccionamiento,Durango,Durango,Victoria de Durango,Urbano,https://postali.app/mx/durango/durango/los-arbolitos-ii
34225,Los Encinos,Fraccionamiento,Durango,Durango,Victoria de Durango,Urbano,https://postali.app/mx/durango/durango/los-encinos
34225,Nuevo Imperio,Fraccionamiento,Durango,Durango,Victoria de Durango,Urbano,https://postali.app/mx/durango/durango/nuevo-imperio
34225,Nuevo Valle,Fraccionamiento,Durango,Durango,Victoria de Durango,Urbano,https://postali.app/mx/durango/durango/nuevo-valle
34225,San Fernando,Fraccionamiento,Durango,Durango,Victoria de Durango,Urbano,https://postali.app/mx/durango/durango/san-fernando-34225
34225,San Marcos,Fraccionamiento,Durango,Durango,Victoria de Durango,Urbano,https://postali.app/mx/durango/durango/san-marcos
34225,San Mateo,Fraccionamiento,Durango,Durango,Victoria de Durango,Urbano,https://postali.app/mx/durango/durango/san-mateo
34225,Valle de Cristo,Fraccionamiento,Durango,Durango,Victoria de Durango,Urbano,https://postali.app/mx/durango/durango/valle-de-cristo
34225,Valle del Paseo,Fraccionamiento,Durango,Durango,Victoria de Durango,Urbano,https://postali.app/mx/durango/durango/valle-del-paseo
34225,Valle del Rocío,Fraccionamiento,Durango,Durango,Victoria de Durango,Urbano,https://postali.app/mx/durango/durango/valle-del-rocio
34225,Villas Emperador,Colonia,Durango,Durango,Victoria de Durango,Urbano,https://postali.app/mx/durango/durango/villas-emperador
34226,Los Girasoles,Fraccionamiento,Durango,Durango,Victoria de Durango,Urbano,https://postali.app/mx/durango/durango/los-girasoles
34226,Roma,Fraccionamiento,Durango,Durango,Victoria de Durango,Urbano,https://postali.app/mx/durango/durango/roma
34227,Bosques del Valle,Fraccionamiento,Durango,Durango,Victoria de Durango,Urbano,https://postali.app/mx/durango/durango/bosques-del-valle
34227,Jardines de San Antonio I,Fraccionamiento,Durango,Durango,Victoria de Durango,Urbano,https://postali.app/mx/durango/durango/jardines-de-san-antonio-i
34227,Los Agaves,Fraccionamiento,Durango,Durango,Victoria de Durango,Urbano,https://postali.app/mx/durango/durango/los-agaves
34227,Rinconada del Paraíso,Fraccionamiento,Durango,Durango,Victoria de Durango,Urbano,https://postali.app/mx/durango/durango/rinconada-del-paraiso
34227,Villas del Carmen,Fraccionamiento,Durango,Durango,Victoria de Durango,Urbano,https://postali.app/mx/durango/durango/villas-del-carmen
34227,Villas del Pedregal I,Fraccionamiento,Durango,Durango,Victoria de Durango,Urbano,https://postali.app/mx/durango/durango/villas-del-pedregal-i
34227,Villas del Pedregal II,Fraccionamiento,Durango,Durango,Victoria de Durango,Urbano,https://postali.app/mx/durango/durango/villas-del-pedregal-ii
34228,Rinconada Sol,Fraccionamiento,Durango,Durango,Victoria de Durango,Urbano,https://postali.app/mx/durango/durango/rinconada-sol
34229,Fideicomiso Ciudad Industrial,Fraccionamiento,Durango,Durango,Victoria de Durango,Urbano,https://postali.app/mx/durango/durango/fideicomiso-ciudad-industrial
34229,Fidel Velázquez I,Fraccionamiento,Durango,Durango,Victoria de Durango,Urbano,https://postali.app/mx/durango/durango/fidel-velazquez-i
34229,Fidel Velázquez II,Fraccionamiento,Durango,Durango,Victoria de Durango,Urbano,https://postali.app/mx/durango/durango/fidel-velazquez-ii
34229,Real de Villas,Fraccionamiento,Durango,Durango,Victoria de Durango,Urbano,https://postali.app/mx/durango/durango/real-de-villas
34230,Emiliano Zapata,Colonia,Durango,Durango,Victoria de Durango,Urbano,https://postali.app/mx/durango/durango/emiliano-zapata
34230,Máximo Gamiz Fernández,Colonia,Durango,Durango,Victoria de Durango,Urbano,https://postali.app/mx/durango/durango/maximo-gamiz-fernandez
34233,Bosques,Fraccionamiento,Durango,Durango,Victoria de Durango,Urbano,https://postali.app/mx/durango/durango/bosques
34233,Las Brisas,Fraccionamiento,Durango,Durango,Victoria de Durango,Urbano,https://postali.app/mx/durango/durango/las-brisas
34234,20 de Noviembre II,Fraccionamiento,Durango,Durango,Victoria de Durango,Urbano,https://postali.app/mx/durango/durango/20-de-noviembre-ii
34234,California,Fraccionamiento,Durango,Durango,Victoria de Durango,Urbano,https://postali.app/mx/durango/durango/california
34234,Democracia Sindical,Colonia,Durango,Durango,Victoria de Durango,Urbano,https://postali.app/mx/durango/durango/democracia-sindical
34234,Las Bugambilias,Fraccionamiento,Durango,Durango,Victoria de Durango,Urbano,https://postali.app/mx/durango/durango/las-bugambilias
34234,Las Bugambilias II,Fraccionamiento,Durango,Durango,Victoria de Durango,Urbano,https://postali.app/mx/durango/durango/las-bugambilias-ii
34234,Octavio Paz,Colonia,Durango,Durango,Victoria de Durango,Urbano,https://postali.app/mx/durango/durango/octavio-paz
34234,Residencial del Valle,Fraccionamiento,Durango,Durango,Victoria de Durango,Urbano,https://postali.app/mx/durango/durango/residencial-del-valle
34234,Valle Florido,Fraccionamiento,Durango,Durango,Victoria de Durango,Urbano,https://postali.app/mx/durango/durango/valle-florido
34235,Aranjuez,Fraccionamiento,Durango,Durango,Victoria de Durango,Urbano,https://postali.app/mx/durango/durango/aranjuez
34235,Atenas,Fraccionamiento,Durango,Durango,Victoria de Durango,Urbano,https://postali.app/mx/durango/durango/atenas
34235,Brisas Diamante,Fraccionamiento,Durango,Durango,Victoria de Durango,Urbano,https://postali.app/mx/durango/durango/brisas-diamante
34235,Quintas del Real,Fraccionamiento,Durango,Durango,Victoria de Durango,Urbano,https://postali.app/mx/durango/durango/quintas-del-real
34235,Residencial del Marqués,Fraccionamiento,Durango,Durango,Victoria de Durango,Urbano,https://postali.app/mx/durango/durango/residencial-del-marques
34235,Unidad Habitacional Labor de Guadalupe,Fraccionamiento,Durango,Durango,Victoria de Durango,Urbano,https://postali.app/mx/durango/durango/unidad-habitacional-labor-de-guadalupe
34236,20 de Noviembre,Colonia,Durango,Durango,,Urbano,https://postali.app/mx/durango/durango/20-de-noviembre-34236
34236,20 de Noviembre Fundo Legal,Colonia,Durango,Durango,Victoria de Durango,Urbano,https://postali.app/mx/durango/durango/20-de-noviembre-fundo-legal
34236,Ampliación 20 de Noviembre,Colonia,Durango,Durango,Victoria de Durango,Urbano,https://postali.app/mx/durango/durango/ampliacion-20-de-noviembre
34236,Caminos del Sol,Fraccionamiento,Durango,Durango,Victoria de Durango,Urbano,https://postali.app/mx/durango/durango/caminos-del-sol
34236,Fraccionamiento Industrial Scorpio,Zona industrial,Durango,Durango,Victoria de Durango,Urbano,https://postali.app/mx/durango/durango/fraccionamiento-industrial-scorpio
34236,Hacienda Don Alberto,Fraccionamiento,Durango,Durango,,Urbano,https://postali.app/mx/durango/durango/hacienda-don-alberto
34236,Haciendas del Pedregal I,Fraccionamiento,Durango,Durango,Victoria de Durango,Urbano,https://postali.app/mx/durango/durango/haciendas-del-pedregal-i
34236,Haciendas del Pedregal II,Fraccionamiento,Durango,Durango,Victoria de Durango,Urbano,https://postali.app/mx/durango/durango/haciendas-del-pedregal-ii
34236,Los Agaves,Colonia,Durango,Durango,Victoria de Durango,Urbano,https://postali.app/mx/durango/durango/los-agaves-34236
34236,Los Duraznos,Fraccionamiento,Durango,Durango,Victoria de Durango,Urbano,https://postali.app/mx/durango/durango/los-duraznos
34236,Nuevo Pedregal,Fraccionamiento,Durango,Durango,Victoria de Durango,Urbano,https://postali.app/mx/durango/durango/nuevo-pedregal
34236,Residencial Santa Clara,Fraccionamiento,Durango,Durango,Victoria de Durango,Urbano,https://postali.app/mx/durango/durango/residencial-santa-clara
34236,Rinconada Haciendas,Fraccionamiento,Durango,Durango,,Urbano,https://postali.app/mx/durango/durango/rinconada-haciendas
34236,Rinconada las Flores,Colonia,Durango,Durango,Victoria de Durango,Urbano,https://postali.app/mx/durango/durango/rinconada-las-flores
34237,Conjunto Habitacional Departamentos Jade,Fraccionamiento,Durango,Durango,Victoria de Durango,Urbano,https://postali.app/mx/durango/durango/conjunto-habitacional-departamentos-jade
34237,Joyas del Valle,Fraccionamiento,Durango,Durango,Victoria de Durango,Urbano,https://postali.app/mx/durango/durango/joyas-del-valle
34237,La Noria,Fraccionamiento,Durango,Durango,Victoria de Durango,Urbano,https://postali.app/mx/durango/durango/la-noria
34237,Las Alamedas MT,Fraccionamiento,Durango,Durango,Victoria de Durango,Urbano,https://postali.app/mx/durango/durango/las-alamedas-mt
34237,Las Bugambilias III,Fraccionamiento,Durango,Durango,Victoria de Durango,Urbano,https://postali.app/mx/durango/durango/las-bugambilias-iii
34237,Monte Bello,Fraccionamiento,Durango,Durango,Victoria de Durango,Urbano,https://postali.app/mx/durango/durango/monte-bello
34237,Privada Casa Blanca,Fraccionamiento,Durango,Durango,Victoria de Durango,Urbano,https://postali.app/mx/durango/durango/privada-casa-blanca
34237,Privada San Vicente II,Fraccionamiento,Durango,Durango,Victoria de Durango,Urbano,https://postali.app/mx/durango/durango/privada-san-vicente-ii
34237,San Gabriel,Fraccionamiento,Durango,Durango,Victoria de Durango,Urbano,https://postali.app/mx/durango/durango/san-gabriel
34237,San Jorge,Fraccionamiento,Durango,Durango,Victoria de Durango,Urbano,https://postali.app/mx/durango/durango/san-jorge
34237,Villas del Sol,Fraccionamiento,Durango,Durango,Victoria de Durango,Urbano,https://postali.app/mx/durango/durango/villas-del-sol
34237,Ágata,Fraccionamiento,Durango,Durango,Victoria de Durango,Urbano,https://postali.app/mx/durango/durango/agata
34238,La Hacienda,Fraccionamiento,Durango,Durango,Victoria de Durango,Urbano,https://postali.app/mx/durango/durango/la-hacienda
34239,Privada California,Fraccionamiento,Durango,Durango,Victoria de Durango,Urbano,https://postali.app/mx/durango/durango/privada-california
34239,Privada las Hortencias,Fraccionamiento,Durango,Durango,Victoria de Durango,Urbano,https://postali.app/mx/durango/durango/privada-las-hortencias
34239,Provincial,Fraccionamiento,Durango,Durango,Victoria de Durango,Urbano,https://postali.app/mx/durango/durango/provincial
34240,Del Maestro,Colonia,Durango,Durango,Victoria de Durango,Urbano,https://postali.app/mx/durango/durango/del-maestro
34240,Santa Fe,Colonia,Durango,Durango,Victoria de Durango,Urbano,https://postali.app/mx/durango/durango/santa-fe
34250,Luis Echeverría Álvarez,Colonia,Durango,Durango,Victoria de Durango,Urbano,https://postali.app/mx/durango/durango/luis-echeverria-alvarez
34260,Las Playas,Fraccionamiento,Durango,Durango,Victoria de Durango,Urbano,https://postali.app/mx/durango/durango/las-playas
34260,Porfirio Díaz,Colonia,Durango,Durango,Victoria de Durango,Urbano,https://postali.app/mx/durango/durango/porfirio-diaz
34260,Rincón de Agricultura,Fraccionamiento,Durango,Durango,Victoria de Durango,Urbano,https://postali.app/mx/durango/durango/rincon-de-agricultura
34269,Vergel del Desierto,Fraccionamiento,Durango,Durango,Victoria de Durango,Urbano,https://postali.app/mx/durango/durango/vergel-del-desierto
34270,Guillermina,Colonia,Durango,Durango,Victoria de Durango,Urbano,https://postali.app/mx/durango/durango/guillermina
34270,Heberto Castillo,Colonia,Durango,Durango,Victoria de Durango,Urbano,https://postali.app/mx/durango/durango/heberto-castillo
34270,Hipódromo,Colonia,Durango,Durango,Victoria de Durango,Urbano,https://postali.app/mx/durango/durango/hipodromo
34270,Olga Margarita,Colonia,Durango,Durango,Victoria de Durango,Urbano,https://postali.app/mx/durango/durango/olga-margarita
34277,Reforma,Fraccionamiento,Durango,Durango,Victoria de Durango,Urbano,https://postali.app/mx/durango/durango/reforma
34278,Nazas,Fraccionamiento,Durango,Durango,Victoria de Durango,Urbano,https://postali.app/mx/durango/durango/nazas
34279,Burócrata,Colonia,Durango,Durango,Victoria de Durango,Urbano,https://postali.app/mx/durango/durango/burocrata
34279,Privada del Sahuaro,Fraccionamiento,Durango,Durango,Victoria de Durango,Urbano,https://postali.app/mx/durango/durango/privada-del-sahuaro
34280,J Guadalupe Rodriguez,Colonia,Durango,Durango,Victoria de Durango,Urbano,https://postali.app/mx/durango/durango/j-guadalupe-rodriguez
34284,Adonai,Colonia,Durango,Durango,Victoria de Durango,Urbano,https://postali.app/mx/durango/durango/adonai
34284,Pedro Ávila Nevárez,Colonia,Durango,Durango,Victoria de Durango,Urbano,https://postali.app/mx/durango/durango/pedro-avila-nevarez
34284,San Martina (Los Electricistas),Fraccionamiento,Durango,Durango,Victoria de Durango,Urbano,https://postali.app/mx/durango/durango/san-martina-los-electricistas
34284,Valle Verde,Colonia,Durango,Durango,Victoria de Durango,Urbano,https://postali.app/mx/durango/durango/valle-verde
34284,Valle Verde Oriente,Colonia,Durango,Durango,Victoria de Durango,Urbano,https://postali.app/mx/durango/durango/valle-verde-oriente
34285,Los Fresnos,Fraccionamiento,Durango,Durango,Victoria de Durango,Urbano,https://postali.app/mx/durango/durango/los-fresnos
34285,Privada San Lorenzo,Fraccionamiento,Durango,Durango,Victoria de Durango,Urbano,https://postali.app/mx/durango/durango/privada-san-lorenzo
34286,22 de Septiembre,Fraccionamiento,Durango,Durango,Victoria de Durango,Urbano,https://postali.app/mx/durango/durango/22-de-septiembre
34287,Cerrada los Olivos,Condominio,Durango,Durango,Victoria de Durango,Urbano,https://postali.app/mx/durango/durango/cerrada-los-olivos
34287,Cielo Azul,Colonia,Durango,Durango,Victoria de Durango,Urbano,https://postali.app/mx/durango/durango/cielo-azul
34287,Hogares del Parque,Fraccionamiento,Durango,Durango,Victoria de Durango,Urbano,https://postali.app/mx/durango/durango/hogares-del-parque
34287,Jorge Herrera Delgado,Fraccionamiento,Durango,Durango,Victoria de Durango,Urbano,https://postali.app/mx/durango/durango/jorge-herrera-delgado
34287,La Coruña,Fraccionamiento,Durango,Durango,Victoria de Durango,Urbano,https://postali.app/mx/durango/durango/la-coruna
34287,Las Lomas (20 de Noviembre),Fraccionamiento,Durango,Durango,Victoria de Durango,Urbano,https://postali.app/mx/durango/durango/las-lomas-20-de-noviembre
34287,Liberación Social,Colonia,Durango,Durango,Victoria de Durango,Urbano,https://postali.app/mx/durango/durango/liberacion-social
34287,Los Viñedos,Fraccionamiento,Durango,Durango,Victoria de Durango,Urbano,https://postali.app/mx/durango/durango/los-vinedos
34287,Los Viñedos II,Fraccionamiento,Durango,Durango,Victoria de Durango,Urbano,https://postali.app/mx/durango/durango/los-vinedos-ii
34287,Pirineos,Fraccionamiento,Durango,Durango,Victoria de Durango,Urbano,https://postali.app/mx/durango/durango/pirineos
34287,Privada Aserradero,Fraccionamiento,Durango,Durango,Victoria de Durango,Urbano,https://postali.app/mx/durango/durango/privada-aserradero
34287,Real Victoria I,Fraccionamiento,Durango,Durango,Victoria de Durango,Urbano,https://postali.app/mx/durango/durango/real-victoria-i
34287,Residencial las Palmas,Fraccionamiento,Durango,Durango,Victoria de Durango,Urbano,https://postali.app/mx/durango/durango/residencial-las-palmas
34287,Solares 20 de Noviembre,Colonia,Durango,Durango,Victoria de Durango,Urbano,https://postali.app/mx/durango/durango/solares-20-de-noviembre
34287,Tecnológico,Fraccionamiento,Durango,Durango,Victoria de Durango,Urbano,https://postali.app/mx/durango/durango/tecnologico
34287,Terrasol,Colonia,Durango,Durango,Victoria de Durango,Urbano,https://postali.app/mx/durango/durango/terrasol
34287,Villas de San Francisco,Fraccionamiento,Durango,Durango,Victoria de Durango,Urbano,https://postali.app/mx/durango/durango/villas-de-san-francisco
34287,Villas San José,Fraccionamiento,Durango,Durango,Victoria de Durango,Urbano,https://postali.app/mx/durango/durango/villas-san-jose
34289,Industrial Ladrillera,Colonia,Durango,Durango,Victoria de Durango,Urbano,https://postali.app/mx/durango/durango/industrial-ladrillera
34290,Canelas,Fraccionamiento,Durango,Durango,Victoria de Durango,Urbano,https://postali.app/mx/durango/durango/canelas
34298,Patria Libre,Colonia,Durango,Durango,Victoria de Durango,Urbano,https://postali.app/mx/durango/durango/patria-libre
34298,Rinconada los Álamos,Colonia,Durango,Durango,Victoria de Durango,Urbano,https://postali.app/mx/durango/durango/rinconada-los-alamos
34299,Alamitos,Fraccionamiento,Durango,Durango,Victoria de Durango,Urbano,https://postali.app/mx/durango/durango/alamitos
34299,Los Álamos,Fraccionamiento,Durango,Durango,Victoria de Durango,Urbano,https://postali.app/mx/durango/durango/los-alamos-34299
34300,Rancho el Canelo,Ranchería,Durango,Durango,,Rural,https://postali.app/mx/durango/durango/rancho-el-canelo
34300,Rancho la Parcela,Ranchería,Durango,Durango,,Rural,https://postali.app/mx/durango/durango/rancho-la-parcela
34300,Rancho los Torres,Ranchería,Durango,Durango,,Rural,https://postali.app/mx/durango/durango/rancho-los-torres
34300,Rancho Madrid,Ranchería,Durango,Durango,,Rural,https://postali.app/mx/durango/durango/rancho-madrid
34300,Rancho San Vicente,Ranchería,Durango,Durango,,Rural,https://postali.app/mx/durango/durango/rancho-san-vicente
34300,San Andrés [Granja],Granja,Durango,Durango,,Rural,https://postali.app/mx/durango/durango/san-andres-granja
34300,Santa Teresa [Granja],Granja,Durango,Durango,,Rural,https://postali.app/mx/durango/durango/santa-teresa-granja
34303,El Jacalón,Rancho,Durango,Durango,,Rural,https://postali.app/mx/durango/durango/el-jacalon
34303,Labor de Guadalupe,Pueblo,Durango,Durango,,Rural,https://postali.app/mx/durango/durango/labor-de-guadalupe
34303,Rancho el Fresno,Ranchería,Durango,Durango,,Rural,https://postali.app/mx/durango/durango/rancho-el-fresno
34303,Rancho el Norteño,Ranchería,Durango,Durango,,Rural,https://postali.app/mx/durango/durango/rancho-el-norteno
34303,Rancho el Sauz,Ranchería,Durango,Durango,,Rural,https://postali.app/mx/durango/durango/rancho-el-sauz
34304,Centro Logístico Industrial de Durango,Zona industrial,Durango,Durango,,Rural,https://postali.app/mx/durango/durango/centro-logistico-industrial-de-durango
34304,Don Luis Sandoval [Granja],Granja,Durango,Durango,,Rural,https://postali.app/mx/durango/durango/don-luis-sandoval-granja
34304,La Quinta,Ejido,Durango,Durango,,Rural,https://postali.app/mx/durango/durango/la-quinta
34304,Málaga,Ranchería,Durango,Durango,,Rural,https://postali.app/mx/durango/durango/malaga
34304,Rancho California,Ranchería,Durango,Durango,,Rural,https://postali.app/mx/durango/durango/rancho-california
34304,Rancho Dos Hermanos,Ranchería,Durango,Durango,,Rural,https://postali.app/mx/durango/durango/rancho-dos-hermanos
34304,Rancho el Apuro,Ranchería,Durango,Durango,,Rural,https://postali.app/mx/durango/durango/rancho-el-apuro
34304,Rancho el Arco Iris,Ranchería,Durango,Durango,,Rural,https://postali.app/mx/durango/durango/rancho-el-arco-iris
34304,Rancho el Consuelo,Ranchería,Durango,Durango,,Rural,https://postali.app/mx/durango/durango/rancho-el-consuelo
34304,Rancho el Giro,Ranchería,Durango,Durango,,Rural,https://postali.app/mx/durango/durango/rancho-el-giro
34304,Rancho el Monte,Ranchería,Durango,Durango,,Rural,https://postali.app/mx/durango/durango/rancho-el-monte
34304,Rancho la Abundancia (El Venado),Ranchería,Durango,Durango,,Rural,https://postali.app/mx/durango/durango/rancho-la-abundancia-el-venado
34304,Rancho la Noria,Ranchería,Durango,Durango,,Rural,https://postali.app/mx/durango/durango/rancho-la-noria
34304,Rancho las Nubes,Ranchería,Durango,Durango,,Rural,https://postali.app/mx/durango/durango/rancho-las-nubes-34304
34304,Rancho Lorena,Ranchería,Durango,Durango,,Rural,https://postali.app/mx/durango/durango/rancho-lorena
34304,Rancho los Corrales,Ranchería,Durango,Durango,,Rural,https://postali.app/mx/durango/durango/rancho-los-corrales
34304,Rancho los Ángeles,Ranchería,Durango,Durango,,Rural,https://postali.app/mx/durango/durango/rancho-los-angeles
34304,Rancho María Esther,Ranchería,Durango,Durango,,Rural,https://postali.app/mx/durango/durango/rancho-maria-esther
34304,Rancho Santa Lucía,Ranchería,Durango,Durango,,Rural,https://postali.app/mx/durango/durango/rancho-santa-lucia
34304,Rancho Tierra Limpia,Ranchería,Durango,Durango,,Rural,https://postali.app/mx/durango/durango/rancho-tierra-limpia
34305,Calera,Colonia,Durango,Durango,,Urbano,https://postali.app/mx/durango/durango/calera
34305,Cinco de Mayo,Pueblo,Durango,Durango,,Urbano,https://postali.app/mx/durango/durango/cinco-de-mayo
34305,Durango (Presidente Guadalupe Victoria),Aeropuerto,Durango,Durango,,Rural,https://postali.app/mx/durango/durango/durango-presidente-guadalupe-victoria
34305,El Condado,Fraccionamiento,Durango,Durango,,Rural,https://postali.app/mx/durango/durango/el-condado
34305,El Mezquite,Rancho,Durango,Durango,,Rural,https://postali.app/mx/durango/durango/el-mezquite
34305,Fray Francisco Montes de Oca,Colonia,Durango,Durango,,Rural,https://postali.app/mx/durango/durango/fray-francisco-montes-de-oca
34305,General Lázaro Cárdenas,Pueblo,Durango,Durango,,Rural,https://postali.app/mx/durango/durango/general-lazaro-cardenas
34305,Granjas del Río,Granja,Durango,Durango,,Rural,https://postali.app/mx/durango/durango/granjas-del-rio
34305,La Cruz (Sayula),Ranchería,Durango,Durango,,Rural,https://postali.app/mx/durango/durango/la-cruz-sayula
34305,La Huerta,Granja,Durango,Durango,,Rural,https://postali.app/mx/durango/durango/la-huerta-34305
34305,La Picota,Rancho,Durango,Durango,,Rural,https://postali.app/mx/durango/durango/la-picota
34305,Rancho el Tecolote,Ranchería,Durango,Durango,,Rural,https://postali.app/mx/durango/durango/rancho-el-tecolote
34305,Rancho Esperanza,Ranchería,Durango,Durango,,Rural,https://postali.app/mx/durango/durango/rancho-esperanza
34305,Rancho Hidalgo,Ranchería,Durango,Durango,,Rural,https://postali.app/mx/durango/durango/rancho-hidalgo
34305,Rancho Nuevo Monterrey,Ranchería,Durango,Durango,,Rural,https://postali.app/mx/durango/durango/rancho-nuevo-monterrey
34305,Rancho Ramos Vázquez,Ranchería,Durango,Durango,,Rural,https://postali.app/mx/durango/durango/rancho-ramos-vazquez
34305,San Francisco,Ranchería,Durango,Durango,,Rural,https://postali.app/mx/durango/durango/san-francisco
34305,Santa Cruz del Río,Ejido,Durango,Durango,,Rural,https://postali.app/mx/durango/durango/santa-cruz-del-rio
34305,Santa Rita,Granja,Durango,Durango,,Rural,https://postali.app/mx/durango/durango/santa-rita
34306,Antonio Castillo,Ejido,Durango,Durango,,Rural,https://postali.app/mx/durango/durango/antonio-castillo
34306,Betania [Granja],Granja,Durango,Durango,,Rural,https://postali.app/mx/durango/durango/betania-granja
34306,Contreras,Pueblo,Durango,Durango,,Rural,https://postali.app/mx/durango/durango/contreras
34306,Cristóbal Colón,Ejido,Durango,Durango,,Rural,https://postali.app/mx/durango/durango/cristobal-colon-34306
34306,Dos Arbolitos [Granja],Granja,Durango,Durango,,Rural,https://postali.app/mx/durango/durango/dos-arbolitos-granja
34306,El Peligro,Granja,Durango,Durango,,Rural,https://postali.app/mx/durango/durango/el-peligro
34306,El Tepetate,Pueblo,Durango,Durango,,Rural,https://postali.app/mx/durango/durango/el-tepetate
34306,Finca las Flores,Finca,Durango,Durango,,Rural,https://postali.app/mx/durango/durango/finca-las-flores
34306,Gas Plus,Rancho,Durango,Durango,,Rural,https://postali.app/mx/durango/durango/gas-plus
34306,Hacienda San Martina,Hacienda,Durango,Durango,,Rural,https://postali.app/mx/durango/durango/hacienda-san-martina
34306,Hermanos Flores,Granja,Durango,Durango,,Rural,https://postali.app/mx/durango/durango/hermanos-flores
34306,La Campana,Colonia,Durango,Durango,,Urbano,https://postali.app/mx/durango/durango/la-campana
34306,La Campana,Ranchería,Durango,Durango,,Rural,https://postali.app/mx/durango/durango/la-campana-34306
34306,La Maroma [Granja],Granja,Durango,Durango,,Rural,https://postali.app/mx/durango/durango/la-maroma-granja
34306,Las Avestruces,Ranchería,Durango,Durango,,Rural,https://postali.app/mx/durango/durango/las-avestruces
34306,Las Gabrielas [Rancho],Granja,Durango,Durango,,Rural,https://postali.app/mx/durango/durango/las-gabrielas-rancho
34306,Las Minitas,Colonia,Durango,Durango,,Rural,https://postali.app/mx/durango/durango/las-minitas
34306,Las Morenitas,Colonia,Durango,Durango,,Rural,https://postali.app/mx/durango/durango/las-morenitas
34306,Los Arcos [Granja],Granja,Durango,Durango,,Rural,https://postali.app/mx/durango/durango/los-arcos-granja
34306,Quince de Octubre,Pueblo,Durango,Durango,,Rural,https://postali.app/mx/durango/durango/quince-de-octubre
34306,Rancho Dalila,Ranchería,Durango,Durango,,Rural,https://postali.app/mx/durango/durango/rancho-dalila
34306,Rancho el Maguey,Ranchería,Durango,Durango,,Rural,https://postali.app/mx/durango/durango/rancho-el-maguey
34306,Rancho Huichapa,Ranchería,Durango,Durango,,Rural,https://postali.app/mx/durango/durango/rancho-huichapa
34306,Rancho la Presa de Navacoyán,Ranchería,Durango,Durango,,Rural,https://postali.app/mx/durango/durango/rancho-la-presa-de-navacoyan
34306,Rancho los Portales Cabalgantes,Ranchería,Durango,Durango,,Rural,https://postali.app/mx/durango/durango/rancho-los-portales-cabalgantes
34306,Rancho Nativitas,Ranchería,Durango,Durango,,Rural,https://postali.app/mx/durango/durango/rancho-nativitas
34306,San Carlos,Ranchería,Durango,Durango,,Rural,https://postali.app/mx/durango/durango/san-carlos-34306
34307,Dolores Hidalgo,Pueblo,Durango,Durango,,Rural,https://postali.app/mx/durango/durango/dolores-hidalgo
34307,El Capitán,Ranchería,Durango,Durango,,Rural,https://postali.app/mx/durango/durango/el-capitan
34307,El Cielo,Fraccionamiento,Durango,Durango,,Urbano,https://postali.app/mx/durango/durango/el-cielo
34307,Gabino Santillán,Pueblo,Durango,Durango,,Rural,https://postali.app/mx/durango/durango/gabino-santillan
34307,Jovana [Granja],Granja,Durango,Durango,,Rural,https://postali.app/mx/durango/durango/jovana-granja
34307,La Nogalera,Ranchería,Durango,Durango,,Rural,https://postali.app/mx/durango/durango/la-nogalera-34307
34307,Martínez [Granja],Granja,Durango,Durango,,Rural,https://postali.app/mx/durango/durango/martinez-granja
34307,María Luisa [Granja],Granja,Durango,Durango,,Rural,https://postali.app/mx/durango/durango/maria-luisa-granja
34307,Rancho el Mezquite,Ranchería,Durango,Durango,,Rural,https://postali.app/mx/durango/durango/rancho-el-mezquite
34307,Rancho el Paraíso,Ranchería,Durango,Durango,,Rural,https://postali.app/mx/durango/durango/rancho-el-paraiso
34307,Rancho las Flores,Ranchería,Durango,Durango,,Rural,https://postali.app/mx/durango/durango/rancho-las-flores
34307,Rancho las Águilas,Ranchería,Durango,Durango,,Rural,https://postali.app/mx/durango/durango/rancho-las-aguilas
34307,Rancho los Colorines,Ranchería,Durango,Durango,,Rural,https://postali.app/mx/durango/durango/rancho-los-colorines
34307,Rancho los Pelícanos,Ranchería,Durango,Durango,,Rural,https://postali.app/mx/durango/durango/rancho-los-pelicanos
34307,Residencial San Felipe,Fraccionamiento,Durango,Durango,,Urbano,https://postali.app/mx/durango/durango/residencial-san-felipe
34307,Revueltas [Rancho],Ranchería,Durango,Durango,,Rural,https://postali.app/mx/durango/durango/revueltas-rancho
34307,Río Dorado,Fraccionamiento,Durango,Durango,,Urbano,https://postali.app/mx/durango/durango/rio-dorado
34307,San Miguel,Granja,Durango,Durango,,Rural,https://postali.app/mx/durango/durango/san-miguel-34307
34307,Villa Italiana Residencial,Fraccionamiento,Durango,Durango,,Urbano,https://postali.app/mx/durango/durango/villa-italiana-residencial
34308,Alejandra,Granja,Durango,Durango,,Rural,https://postali.app/mx/durango/durango/alejandra-34308
34308,Cristy [Granja],Granja,Durango,Durango,,Rural,https://postali.app/mx/durango/durango/cristy-granja
34308,El Rosario [Granja],Granja,Durango,Durango,,Rural,https://postali.app/mx/durango/durango/el-rosario-granja
34308,Las Cuadras Country Club,Fraccionamiento,Durango,Durango,,Rural,https://postali.app/mx/durango/durango/las-cuadras-country-club
34308,Reserva Icandria,Fraccionamiento,Durango,Durango,,Rural,https://postali.app/mx/durango/durango/reserva-icandria
34308,San Miguel [Granja],Granja,Durango,Durango,,Rural,https://postali.app/mx/durango/durango/san-miguel-granja
34308,Veintiocho de Septiembre,Ejido,Durango,Durango,,Rural,https://postali.app/mx/durango/durango/veintiocho-de-septiembre
34310,Belisario Domínguez,Pueblo,Durango,Durango,,Rural,https://postali.app/mx/durango/durango/belisario-dominguez
34310,Cinco de Febrero,Ejido,Durango,Durango,,Rural,https://postali.app/mx/durango/durango/cinco-de-febrero
34310,El Arenal (San Jerónimo),Pueblo,Durango,Durango,,Rural,https://postali.app/mx/durango/durango/el-arenal-san-jeronimo
34310,Francisco Villa Nuevo,Ejido,Durango,Durango,,Rural,https://postali.app/mx/durango/durango/francisco-villa-nuevo
34310,Francisco Villa Viejo,Ejido,Durango,Durango,,Rural,https://postali.app/mx/durango/durango/francisco-villa-viejo
34310,Hidalgo,Pueblo,Durango,Durango,,Rural,https://postali.app/mx/durango/durango/hidalgo
34310,Rancho los Pinos,Ranchería,Durango,Durango,,Rural,https://postali.app/mx/durango/durango/rancho-los-pinos
34313,Rancho Chapultepec,Ranchería,Durango,Durango,,Rural,https://postali.app/mx/durango/durango/rancho-chapultepec
34314,Las Huertas,Ejido,Durango,Durango,,Rural,https://postali.app/mx/durango/durango/las-huertas-34314
34314,Metates,Colonia,Durango,Durango,,Rural,https://postali.app/mx/durango/durango/metates
34314,Rancho Tinajas,Ranchería,Durango,Durango,,Rural,https://postali.app/mx/durango/durango/rancho-tinajas
34316,El Asturiano,Rancho,Durango,Durango,,Rural,https://postali.app/mx/durango/durango/el-asturiano
34316,La Pila,Hacienda,Durango,Durango,,Rural,https://postali.app/mx/durango/durango/la-pila
34317,Héroe de Nacozari,Pueblo,Durango,Durango,,Rural,https://postali.app/mx/durango/durango/heroe-de-nacozari
34317,Independencia y Libertad,Pueblo,Durango,Durango,,Rural,https://postali.app/mx/durango/durango/independencia-y-libertad
34317,Primero de Mayo,Ejido,Durango,Durango,,Rural,https://postali.app/mx/durango/durango/primero-de-mayo
34320,Aquiles Serdán,Ejido,Durango,Durango,,Rural,https://postali.app/mx/durango/durango/aquiles-serdan
34320,El Faisán,Ranchería,Durango,Durango,,Rural,https://postali.app/mx/durango/durango/el-faisan
34320,General Felipe Ángeles,Colonia,Durango,Durango,,Rural,https://postali.app/mx/durango/durango/general-felipe-angeles
34320,Praxedis G Guerrero Nuevo (La Loma),Pueblo,Durango,Durango,,Rural,https://postali.app/mx/durango/durango/praxedis-g-guerrero-nuevo-la-loma
34320,Praxedis G Guerrero Viejo,Pueblo,Durango,Durango,,Rural,https://postali.app/mx/durango/durango/praxedis-g-guerrero-viejo
34320,Quince de Septiembre,Ranchería,Durango,Durango,,Rural,https://postali.app/mx/durango/durango/quince-de-septiembre
34320,San Lorenzo,Hacienda,Durango,Durango,,Rural,https://postali.app/mx/durango/durango/san-lorenzo
34320,San Luis [Granja],Granja,Durango,Durango,,Rural,https://postali.app/mx/durango/durango/san-luis-granja
34323,Antonio Gaxiola (La Carreta),Pueblo,Durango,Durango,,Rural,https://postali.app/mx/durango/durango/antonio-gaxiola-la-carreta
34323,José Refugio Salcido,Pueblo,Durango,Durango,,Rural,https://postali.app/mx/durango/durango/jose-refugio-salcido
34323,Juan Aldama,Ejido,Durango,Durango,,Rural,https://postali.app/mx/durango/durango/juan-aldama
34323,Los Membrillos,Rancho,Durango,Durango,,Rural,https://postali.app/mx/durango/durango/los-membrillos
34323,Parras de la Fuente,Pueblo,Durango,Durango,,Rural,https://postali.app/mx/durango/durango/parras-de-la-fuente
34323,Rancho la Galera,Ranchería,Durango,Durango,,Rural,https://postali.app/mx/durango/durango/rancho-la-galera
34324,Balleza (José Irigoyen),Rancho,Durango,Durango,,Rural,https://postali.app/mx/durango/durango/balleza-jose-irigoyen
34324,General Felipe Ángeles (Ejido),Pueblo,Durango,Durango,,Rural,https://postali.app/mx/durango/durango/general-felipe-angeles-ejido
34324,Ignacio López Rayón,Ejido,Durango,Durango,,Rural,https://postali.app/mx/durango/durango/ignacio-lopez-rayon
34324,José María Pino Suárez,Pueblo,Durango,Durango,,Rural,https://postali.app/mx/durango/durango/jose-maria-pino-suarez
34324,Los 3 Potrillos,Granja,Durango,Durango,,Rural,https://postali.app/mx/durango/durango/los-3-potrillos
34324,Los Arcos del Vergel [Rancho],Ranchería,Durango,Durango,,Rural,https://postali.app/mx/durango/durango/los-arcos-del-vergel-rancho
34324,Los Duraznos,Rancho,Durango,Durango,,Rural,https://postali.app/mx/durango/durango/los-duraznos-34324
34324,Minerva,Colonia,Durango,Durango,,Rural,https://postali.app/mx/durango/durango/minerva
34324,Parque Industrial Ladrillero,Zona industrial,Durango,Durango,,Rural,https://postali.app/mx/durango/durango/parque-industrial-ladrillero
34324,Plan de Ayala,Pueblo,Durango,Durango,,Rural,https://postali.app/mx/durango/durango/plan-de-ayala
34324,San Francisco del Manzanal,Ejido,Durango,Durango,,Rural,https://postali.app/mx/durango/durango/san-francisco-del-manzanal
34325,Dieciocho de Marzo,Ejido,Durango,Durango,,Rural,https://postali.app/mx/durango/durango/dieciocho-de-marzo
34325,General Mariano Matamoros,Ejido,Durango,Durango,,Rural,https://postali.app/mx/durango/durango/general-mariano-matamoros
34325,La Boca del Mezquital,Ejido,Durango,Durango,,Rural,https://postali.app/mx/durango/durango/la-boca-del-mezquital
34325,Rancho Santa Anita,Ranchería,Durango,Durango,,Rural,https://postali.app/mx/durango/durango/rancho-santa-anita
34326,Nicolás Romero,Ejido,Durango,Durango,,Rural,https://postali.app/mx/durango/durango/nicolas-romero
34326,Rancho de la Cruz,Ranchería,Durango,Durango,,Rural,https://postali.app/mx/durango/durango/rancho-de-la-cruz
34326,Tomás Urbina,Ejido,Durango,Durango,,Rural,https://postali.app/mx/durango/durango/tomas-urbina
34326,Valle Florido,Ejido,Durango,Durango,,Rural,https://postali.app/mx/durango/durango/valle-florido-34326
34330,El Nayar,Pueblo,Durango,Durango,,Urbano,https://postali.app/mx/durango/durango/el-nayar-34330
34330,El Pilar,Granja,Durango,Durango,,Rural,https://postali.app/mx/durango/durango/el-pilar
34330,La Ferrería (Cuatro de Octubre),Pueblo,Durango,Durango,,Rural,https://postali.app/mx/durango/durango/la-ferreria-cuatro-de-octubre
34330,La Puerta de Santiago Bayacora (Puerta Chica),Rancho,Durango,Durango,,Rural,https://postali.app/mx/durango/durango/la-puerta-de-santiago-bayacora-puerta-chica
34330,Las Villas,Fraccionamiento,Durango,Durango,,Rural,https://postali.app/mx/durango/durango/las-villas
34330,Pilar de Zaragoza,Ejido,Durango,Durango,,Rural,https://postali.app/mx/durango/durango/pilar-de-zaragoza
34330,Puerta de la Cantera,Pueblo,Durango,Durango,,Rural,https://postali.app/mx/durango/durango/puerta-de-la-cantera
34330,Rancho los Cuevas,Ranchería,Durango,Durango,,Rural,https://postali.app/mx/durango/durango/rancho-los-cuevas
34330,Río Escondido (La Loma),Ranchería,Durango,Durango,,Rural,https://postali.app/mx/durango/durango/rio-escondido-la-loma
34330,San Carlos (Las Fresas),Ranchería,Durango,Durango,,Rural,https://postali.app/mx/durango/durango/san-carlos-las-fresas
34330,San Francisco [Rancho],Ranchería,Durango,Durango,,Rural,https://postali.app/mx/durango/durango/san-francisco-rancho
34330,San José de la Vinata,Ejido,Durango,Durango,,Rural,https://postali.app/mx/durango/durango/san-jose-de-la-vinata
34330,San Miguel de las Maravillas de Abajo,Ranchería,Durango,Durango,,Rural,https://postali.app/mx/durango/durango/san-miguel-de-las-maravillas-de-abajo
34330,San Miguel de las Maravillas de Arriba,Ranchería,Durango,Durango,,Rural,https://postali.app/mx/durango/durango/san-miguel-de-las-maravillas-de-arriba
34330,Santiago Bayacora,Pueblo,Durango,Durango,,Rural,https://postali.app/mx/durango/durango/santiago-bayacora
34330,Sebastián Lerdo de Tejada,Ejido,Durango,Durango,,Rural,https://postali.app/mx/durango/durango/sebastian-lerdo-de-tejada
34334,La Flor,Rancho,Durango,Durango,,Rural,https://postali.app/mx/durango/durango/la-flor
34334,Las Bayas,Ejido,Durango,Durango,,Rural,https://postali.app/mx/durango/durango/las-bayas
34340,El Durazno,Colonia,Durango,Durango,,Rural,https://postali.app/mx/durango/durango/el-durazno-34340
34340,El Pueblito,Pueblo,Durango,Durango,,Rural,https://postali.app/mx/durango/durango/el-pueblito
34340,El Refugio (El Conejo),Ranchería,Durango,Durango,,Rural,https://postali.app/mx/durango/durango/el-refugio-el-conejo
34340,El Tunal,Ejido,Durango,Durango,,Rural,https://postali.app/mx/durango/durango/el-tunal
34345,El Encinal,Ejido,Durango,Durango,,Rural,https://postali.app/mx/durango/durango/el-encinal
34345,Molinillos,Ranchería,Durango,Durango,,Rural,https://postali.app/mx/durango/durango/molinillos
34345,Navacoyán,Colonia,Durango,Durango,,Rural,https://postali.app/mx/durango/durango/navacoyan
34345,San Isidro,Ejido,Durango,Durango,,Rural,https://postali.app/mx/durango/durango/san-isidro-34345
34346,Echeverría de la Sierra,Ejido,Durango,Durango,,Rural,https://postali.app/mx/durango/durango/echeverria-de-la-sierra
34350,Campestre Residencial Navíos,Fraccionamiento,Durango,Durango,,Rural,https://postali.app/mx/durango/durango/campestre-residencial-navios
34350,El Madroño,Ranchería,Durango,Durango,,Rural,https://postali.app/mx/durango/durango/el-madrono-34350
34350,Estación Empalme Purísima,Paraje,Durango,Durango,,Rural,https://postali.app/mx/durango/durango/estacion-empalme-purisima
34350,La Luna,Rancho,Durango,Durango,,Rural,https://postali.app/mx/durango/durango/la-luna
34350,Navajas,Ejido,Durango,Durango,,Rural,https://postali.app/mx/durango/durango/navajas
34350,Navíos,Colonia,Durango,Durango,,Rural,https://postali.app/mx/durango/durango/navios
34350,Rancho Macías,Ranchería,Durango,Durango,,Rural,https://postali.app/mx/durango/durango/rancho-macias
34354,Estación Regocijo,Paraje,Durango,Durango,,Rural,https://postali.app/mx/durango/durango/estacion-regocijo
34357,Bosques de Llano Grande,Fraccionamiento,Durango,Durango,,Rural,https://postali.app/mx/durango/durango/bosques-de-llano-grande
34357,Las Cumbres,Ejido,Durango,Durango,,Rural,https://postali.app/mx/durango/durango/las-cumbres-34357
34357,Llano Grande,Pueblo,Durango,Durango,,Rural,https://postali.app/mx/durango/durango/llano-grande
34357,Rancho San Pedro (San Juan),Ranchería,Durango,Durango,,Rural,https://postali.app/mx/durango/durango/rancho-san-pedro-san-juan
34358,Martínez,Granja,Durango,Durango,,Rural,https://postali.app/mx/durango/durango/martinez
34358,Ojo de Agua del Cazador (Cruz de Piedra),Ranchería,Durango,Durango,,Rural,https://postali.app/mx/durango/durango/ojo-de-agua-del-cazador-cruz-de-piedra
34358,Paraíso de la Sierra,Fraccionamiento,Durango,Durango,,Rural,https://postali.app/mx/durango/durango/paraiso-de-la-sierra
34360,Corral de Barranco,Ejido,Durango,Durango,,Rural,https://postali.app/mx/durango/durango/corral-de-barranco
34360,General Domingo Arrieta (Pastores),Ejido,Durango,Durango,,Rural,https://postali.app/mx/durango/durango/general-domingo-arrieta-pastores
34360,Presitas,Rancho,Durango,Durango,,Rural,https://postali.app/mx/durango/durango/presitas
34363,Banderas del Águila,Ejido,Durango,Durango,,Rural,https://postali.app/mx/durango/durango/banderas-del-aguila
34364,Unidos Venceremos,Ejido,Durango,Durango,,Rural,https://postali.app/mx/durango/durango/unidos-venceremos
34365,Los Yesqueros,Ranchería,Durango,Durango,,Rural,https://postali.app/mx/durango/durango/los-yesqueros
34365,Nueva Patria (Santo Domingo),Ejido,Durango,Durango,,Rural,https://postali.app/mx/durango/durango/nueva-patria-santo-domingo
34365,San José de Ánimas,Ejido,Durango,Durango,,Rural,https://postali.app/mx/durango/durango/san-jose-de-animas
34365,Santa Lucía,Ejido,Durango,Durango,,Rural,https://postali.app/mx/durango/durango/santa-lucia
34366,Cerro Prieto,Ejido,Durango,Durango,,Rural,https://postali.app/mx/durango/durango/cerro-prieto
34371,Villa Montemorelos,Pueblo,Durango,Durango,,Rural,https://postali.app/mx/durango/durango/villa-montemorelos
34373,La Colorada,Ranchería,Durango,Durango,,Rural,https://postali.app/mx/durango/durango/la-colorada
34373,Laguna Colorada de los López,Rancho,Durango,Durango,,Rural,https://postali.app/mx/durango/durango/laguna-colorada-de-los-lopez
34373,Mi Patria es Primero (Mesa del Cuervo),Ranchería,Durango,Durango,,Rural,https://postali.app/mx/durango/durango/mi-patria-es-primero-mesa-del-cuervo
34375,Mesas de Urbina,Ranchería,Durango,Durango,,Rural,https://postali.app/mx/durango/durango/mesas-de-urbina
34376,Ignacio Zaragoza,Pueblo,Durango,Durango,,Rural,https://postali.app/mx/durango/durango/ignacio-zaragoza-34376
34377,Rancho el Manzano,Ranchería,Durango,Durango,,Rural,https://postali.app/mx/durango/durango/rancho-el-manzano
34377,Rancho la Víbora,Ranchería,Durango,Durango,,Rural,https://postali.app/mx/durango/durango/rancho-la-vibora
34377,Rodríguez Puebla,Ejido,Durango,Durango,,Rural,https://postali.app/mx/durango/durango/rodriguez-puebla
34378,La Luz,Ejido,Durango,Durango,,Rural,https://postali.app/mx/durango/durango/la-luz-34378
34378,Río Verde,Ejido,Durango,Durango,,Rural,https://postali.app/mx/durango/durango/rio-verde
34378,San Benito,Ejido,Durango,Durango,,Rural,https://postali.app/mx/durango/durango/san-benito
34378,Unión de Rodríguez,Ejido,Durango,Durango,,Rural,https://postali.app/mx/durango/durango/union-de-rodriguez
34380,Dieciséis de Septiembre (Cieneguita de Fullman),Ranchería,Durango,Durango,,Rural,https://postali.app/mx/durango/durango/dieciseis-de-septiembre-cieneguita-de-fullman
34380,El Carrizo,Ejido,Durango,Durango,,Rural,https://postali.app/mx/durango/durango/el-carrizo
34380,Espino [Pequeña Propiedad],Ranchería,Durango,Durango,,Rural,https://postali.app/mx/durango/durango/espino-pequena-propiedad
34380,General Lázaro Cárdenas (Garabito Viejo),Ejido,Durango,Durango,,Rural,https://postali.app/mx/durango/durango/general-lazaro-cardenas-garabito-viejo
34380,General Máximo García (El Pino),Pueblo,Durango,Durango,,Rural,https://postali.app/mx/durango/durango/general-maximo-garcia-el-pino
34380,La Laguna,Rancho,Durango,Durango,,Rural,https://postali.app/mx/durango/durango/la-laguna
34380,La Piedra,Rancho,Durango,Durango,,Rural,https://postali.app/mx/durango/durango/la-piedra
34380,Las 3 Potrancas,Rancho,Durango,Durango,,Rural,https://postali.app/mx/durango/durango/las-3-potrancas
34380,Metates (Tenchontle),Colonia,Durango,Durango,,Rural,https://postali.app/mx/durango/durango/metates-tenchontle
34380,Rancho el Escalón,Ranchería,Durango,Durango,,Rural,https://postali.app/mx/durango/durango/rancho-el-escalon
34380,San Nicolás,Ranchería,Durango,Durango,,Rural,https://postali.app/mx/durango/durango/san-nicolas
34383,El Refugio (El Cazador),Granja,Durango,Durango,,Rural,https://postali.app/mx/durango/durango/el-refugio-el-cazador
34383,El Soldado,Ranchería,Durango,Durango,,Rural,https://postali.app/mx/durango/durango/el-soldado
34383,El Soldado,Rancho,Durango,Durango,,Rural,https://postali.app/mx/durango/durango/el-soldado-34383
34383,Finca el Tlalpeño,Rancho,Durango,Durango,,Rural,https://postali.app/mx/durango/durango/finca-el-tlalpeno
34383,Las Quebradas,Fraccionamiento,Durango,Durango,,Rural,https://postali.app/mx/durango/durango/las-quebradas
34383,Los Mimbres,Ejido,Durango,Durango,,Rural,https://postali.app/mx/durango/durango/los-mimbres
34384,Antigua Hacienda de Otinapa Club Campestre,Fraccionamiento,Durango,Durango,,Rural,https://postali.app/mx/durango/durango/antigua-hacienda-de-otinapa-club-campestre
34384,Otinapa,Pueblo,Durango,Durango,,Rural,https://postali.app/mx/durango/durango/otinapa
34384,Rancho Agua Zarca,Ranchería,Durango,Durango,,Rural,https://postali.app/mx/durango/durango/rancho-agua-zarca
34385,Bosques de Montesión,Fraccionamiento,Durango,Durango,,Rural,https://postali.app/mx/durango/durango/bosques-de-montesion
34385,Presidente Salvador Allende,Ejido,Durango,Durango,,Rural,https://postali.app/mx/durango/durango/presidente-salvador-allende
34386,Jesús González Ortega (Pericos),Ejido,Durango,Durango,,Rural,https://postali.app/mx/durango/durango/jesus-gonzalez-ortega-pericos
34386,La Quinta,Ejido,Durango,Durango,,Rural,https://postali.app/mx/durango/durango/la-quinta-34386
34386,Otinapa,Hacienda,Durango,Durango,,Rural,https://postali.app/mx/durango/durango/otinapa-34386
34386,San Pedro de la Máquina,Ejido,Durango,Durango,,Rural,https://postali.app/mx/durango/durango/san-pedro-de-la-maquina
34386,Santa Cruz de San Javier,Ejido,Durango,Durango,,Rural,https://postali.app/mx/durango/durango/santa-cruz-de-san-javier
34387,Santa Isabel de Batres,Ejido,Durango,Durango,,Rural,https://postali.app/mx/durango/durango/santa-isabel-de-batres
34390,José María Morelos y Pavón (La Tinaja),Ranchería,Durango,Durango,,Rural,https://postali.app/mx/durango/durango/jose-maria-morelos-y-pavon-la-tinaja
34393,Juan B Ceballos,Ejido,Durango,Durango,,Rural,https://postali.app/mx/durango/durango/juan-b-ceballos
34393,Morcillo,Pueblo,Durango,Durango,,Rural,https://postali.app/mx/durango/durango/morcillo
34393,Rancho el Durazno,Ranchería,Durango,Durango,,Rural,https://postali.app/mx/durango/durango/rancho-el-durazno
34393,Rancho el Pilón,Ranchería,Durango,Durango,,Rural,https://postali.app/mx/durango/durango/rancho-el-pilon
34393,San José del Molino,Ejido,Durango,Durango,,Rural,https://postali.app/mx/durango/durango/san-jose-del-molino
34394,Campestre las Granjas Uno,Fraccionamiento,Durango,Durango,,Rural,https://postali.app/mx/durango/durango/campestre-las-granjas-uno
34394,Los Cedros,Fraccionamiento,Durango,Durango,,Rural,https://postali.app/mx/durango/durango/los-cedros
34394,Rancho el Paraíso,Ranchería,Durango,Durango,,Rural,https://postali.app/mx/durango/durango/rancho-el-paraiso-34394
34394,San Miguel de Casa Blanca 2,Fraccionamiento,Durango,Durango,,Rural,https://postali.app/mx/durango/durango/san-miguel-de-casa-blanca-2
34394,San Salvador de Casa Blanca,Colonia,Durango,Durango,,Rural,https://postali.app/mx/durango/durango/san-salvador-de-casa-blanca
34394,San Vicente de Chupaderos,Pueblo,Durango,Durango,,Rural,https://postali.app/mx/durango/durango/san-vicente-de-chupaderos
34395,El Carmen y Anexos,Ranchería,Durango,Durango,,Rural,https://postali.app/mx/durango/durango/el-carmen-y-anexos
34395,La Joya,Ranchería,Durango,Durango,,Rural,https://postali.app/mx/durango/durango/la-joya-34395
34395,La Perla (Salcido),Rancho,Durango,Durango,,Rural,https://postali.app/mx/durango/durango/la-perla-salcido
34395,Las Maravillas (Magueycitos),Rancho,Durango,Durango,,Rural,https://postali.app/mx/durango/durango/las-maravillas-magueycitos
34395,Los Altares (La Casa Blanca),Ranchería,Durango,Durango,,Rural,https://postali.app/mx/durango/durango/los-altares-la-casa-blanca
34395,Rancho Corral de Piedra (Postes Negros),Ranchería,Durango,Durango,,Rural,https://postali.app/mx/durango/durango/rancho-corral-de-piedra-postes-negros
34395,Rancho la Joya,Ranchería,Durango,Durango,,Rural,https://postali.app/mx/durango/durango/rancho-la-joya
34397,General Carlos Real,Ejido,Durango,Durango,,Rural,https://postali.app/mx/durango/durango/general-carlos-real
34397,Hacienda el Chorro,Hacienda,Durango,Durango,,Rural,https://postali.app/mx/durango/durango/hacienda-el-chorro
34397,José María Morelos,Colonia,Durango,Durango,,Rural,https://postali.app/mx/durango/durango/jose-maria-morelos
34397,Rancho las Sanjuaneras,Ranchería,Durango,Durango,,Rural,https://postali.app/mx/durango/durango/rancho-las-sanjuaneras
34397,Rancho Viborillas,Ranchería,Durango,Durango,,Rural,https://postali.app/mx/durango/durango/rancho-viborillas
34397,Vicente Suárez,Ejido,Durango,Durango,,Rural,https://postali.app/mx/durango/durango/vicente-suarez
34398,Abraham González,Pueblo,Durango,Durango,,Rural,https://postali.app/mx/durango/durango/abraham-gonzalez
34398,CEFERESO Número 1,Equipamiento,Durango,Durango,,Rural,https://postali.app/mx/durango/durango/cefereso-numero-1
34398,El Toboso,Ranchería,Durango,Durango,,Rural,https://postali.app/mx/durango/durango/el-toboso
34398,Veintisiete de Noviembre,Pueblo,Durango,Durango,,Rural,https://postali.app/mx/durango/durango/veintisiete-de-noviembre
34400,Canoas,Ranchería,Canatlán,Durango,,Rural,https://postali.app/mx/durango/canatlan/canoas
34400,Colorado (Rancho el Cura),Rancho,Canatlán,Durango,,Rural,https://postali.app/mx/durango/canatlan/colorado-rancho-el-cura
34400,Francisco Zarco (Las Delicias),Pueblo,Canatlán,Durango,,Rural,https://postali.app/mx/durango/canatlan/francisco-zarco-las-delicias
34400,Los Herrera (La Esperanza),Rancho,Canatlán,Durango,,Rural,https://postali.app/mx/durango/canatlan/los-herrera-la-esperanza
34400,Rancho del Cura,Ranchería,Canatlán,Durango,,Rural,https://postali.app/mx/durango/canatlan/rancho-del-cura
34400,Santa Teresa de los Pinos,Pueblo,Canatlán,Durango,,Rural,https://postali.app/mx/durango/canatlan/santa-teresa-de-los-pinos
34403,Altamira,Ranchería,Canatlán,Durango,,Rural,https://postali.app/mx/durango/canatlan/altamira
34403,Arnulfo R Gómez (Los Sauces),Pueblo,Canatlán,Durango,,Rural,https://postali.app/mx/durango/canatlan/arnulfo-r-gomez-los-sauces
34403,Buenavista,Ranchería,Canatlán,Durango,,Rural,https://postali.app/mx/durango/canatlan/buenavista
34403,El Capricho,Ranchería,Canatlán,Durango,,Rural,https://postali.app/mx/durango/canatlan/el-capricho
34403,El Menón,Ranchería,Canatlán,Durango,,Rural,https://postali.app/mx/durango/canatlan/el-menon
34403,El Progreso (Los Pinos),Ranchería,Canatlán,Durango,,Rural,https://postali.app/mx/durango/canatlan/el-progreso-los-pinos
34403,El Vergel de Sauces,Ranchería,Canatlán,Durango,,Rural,https://postali.app/mx/durango/canatlan/el-vergel-de-sauces
34403,Francisco Merino (San Bernardino),Ranchería,Canatlán,Durango,,Rural,https://postali.app/mx/durango/canatlan/francisco-merino-san-bernardino
34403,Hacienda los Pinos,Exhacienda,Canatlán,Durango,,Rural,https://postali.app/mx/durango/canatlan/hacienda-los-pinos
34403,La Abeja,Ranchería,Canatlán,Durango,,Rural,https://postali.app/mx/durango/canatlan/la-abeja
34403,La Soledad,Pueblo,Canatlán,Durango,,Rural,https://postali.app/mx/durango/canatlan/la-soledad
34403,Los Herrera,Ranchería,Canatlán,Durango,,Rural,https://postali.app/mx/durango/canatlan/los-herrera
34403,Los Lirios,Pueblo,Canatlán,Durango,,Rural,https://postali.app/mx/durango/canatlan/los-lirios
34403,Los Monos,Ranchería,Canatlán,Durango,,Rural,https://postali.app/mx/durango/canatlan/los-monos
34403,Los Pinos,Ranchería,Canatlán,Durango,,Rural,https://postali.app/mx/durango/canatlan/los-pinos
34403,Piedra Encimada,Ranchería,Canatlán,Durango,,Rural,https://postali.app/mx/durango/canatlan/piedra-encimada
34403,San Agustín,Rancho,Canatlán,Durango,,Rural,https://postali.app/mx/durango/canatlan/san-agustin
34403,Santa Susana,Ranchería,Canatlán,Durango,,Rural,https://postali.app/mx/durango/canatlan/santa-susana
34404,El Papalote,Rancho,Canatlán,Durango,,Rural,https://postali.app/mx/durango/canatlan/el-papalote
34404,José Cruz Gálvez (Cañas),Pueblo,Canatlán,Durango,,Rural,https://postali.app/mx/durango/canatlan/jose-cruz-galvez-canas
34404,Puerto de Cañas (La Noria),Ranchería,Canatlán,Durango,,Rural,https://postali.app/mx/durango/canatlan/puerto-de-canas-la-noria
34405,Blanco,Rancho,Canatlán,Durango,,Rural,https://postali.app/mx/durango/canatlan/blanco
34405,Charco Largo,Ranchería,Canatlán,Durango,,Rural,https://postali.app/mx/durango/canatlan/charco-largo
34405,El Chaparro (Los Méndez),Ranchería,Canatlán,Durango,,Rural,https://postali.app/mx/durango/canatlan/el-chaparro-los-mendez
34405,El Chaparro de los Rivera,Ranchería,Canatlán,Durango,,Rural,https://postali.app/mx/durango/canatlan/el-chaparro-de-los-rivera
34405,El Álamo,Ranchería,Canatlán,Durango,,Rural,https://postali.app/mx/durango/canatlan/el-alamo
34405,Ignacio Manuel Altamirano (La Luz),Pueblo,Canatlán,Durango,,Rural,https://postali.app/mx/durango/canatlan/ignacio-manuel-altamirano-la-luz
34405,La Esperanza,Ranchería,Canatlán,Durango,,Rural,https://postali.app/mx/durango/canatlan/la-esperanza
34405,La Estancia de Ibarra (La Estancia),Ranchería,Canatlán,Durango,,Rural,https://postali.app/mx/durango/canatlan/la-estancia-de-ibarra-la-estancia
34405,Los Nieves,Ranchería,Canatlán,Durango,,Rural,https://postali.app/mx/durango/canatlan/los-nieves
34405,Miguel Hidalgo (Viborillas),Pueblo,Canatlán,Durango,,Rural,https://postali.app/mx/durango/canatlan/miguel-hidalgo-viborillas
34405,San Francisco Dos,Ranchería,Canatlán,Durango,,Rural,https://postali.app/mx/durango/canatlan/san-francisco-dos
34406,Cuatillos,Ranchería,Canatlán,Durango,,Rural,https://postali.app/mx/durango/canatlan/cuatillos
34406,Dolores Hidalgo (Gogogito),Pueblo,Canatlán,Durango,,Rural,https://postali.app/mx/durango/canatlan/dolores-hidalgo-gogogito
34406,Donato Guerra,Pueblo,Canatlán,Durango,,Rural,https://postali.app/mx/durango/canatlan/donato-guerra
34406,Medina,Pueblo,Canatlán,Durango,,Rural,https://postali.app/mx/durango/canatlan/medina
34407,Crucero del Ojo de Agua del Mezquital,Ranchería,Canatlán,Durango,,Rural,https://postali.app/mx/durango/canatlan/crucero-del-ojo-de-agua-del-mezquital
34407,El Pozole,Pueblo,Canatlán,Durango,,Rural,https://postali.app/mx/durango/canatlan/el-pozole
34407,La Cañada,Ranchería,Canatlán,Durango,,Rural,https://postali.app/mx/durango/canatlan/la-canada
34407,La Loma,Ranchería,Canatlán,Durango,,Rural,https://postali.app/mx/durango/canatlan/la-loma
34407,Las Cocinas,Ranchería,Canatlán,Durango,,Rural,https://postali.app/mx/durango/canatlan/las-cocinas
34407,Manuel Jiménez (Rancho Seco),Colonia,Canatlán,Durango,,Rural,https://postali.app/mx/durango/canatlan/manuel-jimenez-rancho-seco
34407,Ojo de Agua,Ranchería,Canatlán,Durango,,Rural,https://postali.app/mx/durango/canatlan/ojo-de-agua
34407,Ojo de Agua del Mezquital,Ranchería,Canatlán,Durango,,Rural,https://postali.app/mx/durango/canatlan/ojo-de-agua-del-mezquital
34407,Predio Colima,Ranchería,Canatlán,Durango,,Rural,https://postali.app/mx/durango/canatlan/predio-colima
34407,Predio el Pozole,Pueblo,Canatlán,Durango,,Rural,https://postali.app/mx/durango/canatlan/predio-el-pozole
34407,Predio Potrero de Barrera,Ranchería,Canatlán,Durango,,Rural,https://postali.app/mx/durango/canatlan/predio-potrero-de-barrera
34407,Predio Potrero del Huizachal,Ranchería,Canatlán,Durango,,Rural,https://postali.app/mx/durango/canatlan/predio-potrero-del-huizachal
34407,Predio Potrero Nuevo,Pueblo,Canatlán,Durango,,Rural,https://postali.app/mx/durango/canatlan/predio-potrero-nuevo
34407,Predio Santa Cruz de las Huertas,Pueblo,Canatlán,Durango,,Rural,https://postali.app/mx/durango/canatlan/predio-santa-cruz-de-las-huertas
34407,Rancho San Daniel,Ranchería,Canatlán,Durango,,Rural,https://postali.app/mx/durango/canatlan/rancho-san-daniel
34410,Nuevo Ideal Centro,Colonia,Nuevo Ideal,Durango,,Urbano,https://postali.app/mx/durango/nuevo-ideal/nuevo-ideal-centro
34413,Arroyo del Gato,Barrio,Nuevo Ideal,Durango,,Urbano,https://postali.app/mx/durango/nuevo-ideal/arroyo-del-gato
34413,Las Ladrilleras,Colonia,Nuevo Ideal,Durango,,Urbano,https://postali.app/mx/durango/nuevo-ideal/las-ladrilleras
34413,Santa Cecilia,Fraccionamiento,Nuevo Ideal,Durango,,Urbano,https://postali.app/mx/durango/nuevo-ideal/santa-cecilia
34414,Emiliano Zapata,Colonia,Nuevo Ideal,Durango,,Urbano,https://postali.app/mx/durango/nuevo-ideal/emiliano-zapata
34414,Felipe Pescador,Colonia,Nuevo Ideal,Durango,,Urbano,https://postali.app/mx/durango/nuevo-ideal/felipe-pescador
34414,Libertad,Colonia,Nuevo Ideal,Durango,,Urbano,https://postali.app/mx/durango/nuevo-ideal/libertad
34414,Profesor Rafael Ramírez,Fraccionamiento,Nuevo Ideal,Durango,,Urbano,https://postali.app/mx/durango/nuevo-ideal/profesor-rafael-ramirez
34414,Revolucionaria,Colonia,Nuevo Ideal,Durango,,Urbano,https://postali.app/mx/durango/nuevo-ideal/revolucionaria
34415,"Corredor Industrial, Comercial y de Servicios",Colonia,Nuevo Ideal,Durango,,Urbano,https://postali.app/mx/durango/nuevo-ideal/corredor-industrial-comercial-y-de-servicios
34416,El Establo,Barrio,Nuevo Ideal,Durango,,Urbano,https://postali.app/mx/durango/nuevo-ideal/el-establo
34416,La Magdalena,Colonia,Nuevo Ideal,Durango,,Urbano,https://postali.app/mx/durango/nuevo-ideal/la-magdalena
34416,La Magdalena,Fraccionamiento,Nuevo Ideal,Durango,,Urbano,https://postali.app/mx/durango/nuevo-ideal/la-magdalena-34416
34416,VIVAH,Fraccionamiento,Nuevo Ideal,Durango,,Urbano,https://postali.app/mx/durango/nuevo-ideal/vivah
34417,Ejidal,Colonia,Nuevo Ideal,Durango,,Urbano,https://postali.app/mx/durango/nuevo-ideal/ejidal
34417,San Isidro,Barrio,Nuevo Ideal,Durango,,Urbano,https://postali.app/mx/durango/nuevo-ideal/san-isidro
34420,Ciénega de San Isidro,Ejido,Nuevo Ideal,Durango,,Rural,https://postali.app/mx/durango/nuevo-ideal/cienega-de-san-isidro
34420,Villa Hermosa,Pueblo,Nuevo Ideal,Durango,,Rural,https://postali.app/mx/durango/nuevo-ideal/villa-hermosa
34423,Bajío Verde,Colonia,Nuevo Ideal,Durango,,Rural,https://postali.app/mx/durango/nuevo-ideal/bajio-verde
34423,Campo Alto,Colonia,Nuevo Ideal,Durango,,Rural,https://postali.app/mx/durango/nuevo-ideal/campo-alto
34423,Campo de Verano,Colonia,Nuevo Ideal,Durango,,Rural,https://postali.app/mx/durango/nuevo-ideal/campo-de-verano
34423,Campo Hermoso,Colonia,Nuevo Ideal,Durango,,Rural,https://postali.app/mx/durango/nuevo-ideal/campo-hermoso
34423,Campo Limpio,Colonia,Nuevo Ideal,Durango,,Rural,https://postali.app/mx/durango/nuevo-ideal/campo-limpio
34423,Campo Pradera Hermosa,Colonia,Nuevo Ideal,Durango,,Rural,https://postali.app/mx/durango/nuevo-ideal/campo-pradera-hermosa
34423,Hogar de Flores,Colonia,Nuevo Ideal,Durango,,Rural,https://postali.app/mx/durango/nuevo-ideal/hogar-de-flores
34423,La Concha,Ranchería,Nuevo Ideal,Durango,,Rural,https://postali.app/mx/durango/nuevo-ideal/la-concha
34423,La Esperanza,Ejido,Nuevo Ideal,Durango,,Rural,https://postali.app/mx/durango/nuevo-ideal/la-esperanza
34423,La Purísima,Colonia,Nuevo Ideal,Durango,,Rural,https://postali.app/mx/durango/nuevo-ideal/la-purisima
34423,Las Cruces,Ejido,Nuevo Ideal,Durango,,Rural,https://postali.app/mx/durango/nuevo-ideal/las-cruces
34423,Lugar de Rosas (El Toboso),Colonia,Nuevo Ideal,Durango,,Rural,https://postali.app/mx/durango/nuevo-ideal/lugar-de-rosas-el-toboso
34423,Nueva York,Colonia,Nuevo Ideal,Durango,,Rural,https://postali.app/mx/durango/nuevo-ideal/nueva-york
34423,Nuevo Campo Alto,Colonia,Nuevo Ideal,Durango,,Rural,https://postali.app/mx/durango/nuevo-ideal/nuevo-campo-alto
34423,Nuevo Lugar de Rosas,Colonia,Nuevo Ideal,Durango,,Rural,https://postali.app/mx/durango/nuevo-ideal/nuevo-lugar-de-rosas
34423,Nuevo Patio de Flores,Colonia,Nuevo Ideal,Durango,,Rural,https://postali.app/mx/durango/nuevo-ideal/nuevo-patio-de-flores
34423,Nuevo Sitio Nuevo,Colonia,Nuevo Ideal,Durango,,Rural,https://postali.app/mx/durango/nuevo-ideal/nuevo-sitio-nuevo
34423,Patio de Flores,Colonia,Nuevo Ideal,Durango,,Rural,https://postali.app/mx/durango/nuevo-ideal/patio-de-flores
34423,Pinos Altos,Pueblo,Nuevo Ideal,Durango,,Rural,https://postali.app/mx/durango/nuevo-ideal/pinos-altos
34423,San José de Vargas,Ejido,Nuevo Ideal,Durango,,Rural,https://postali.app/mx/durango/nuevo-ideal/san-jose-de-vargas
34423,Santo Domingo,Pueblo,Nuevo Ideal,Durango,,Rural,https://postali.app/mx/durango/nuevo-ideal/santo-domingo
34423,Sitio Alto (Las Pomas),Colonia,Nuevo Ideal,Durango,,Rural,https://postali.app/mx/durango/nuevo-ideal/sitio-alto-las-pomas
34423,Sitio Nuevo,Colonia,Nuevo Ideal,Durango,,Rural,https://postali.app/mx/durango/nuevo-ideal/sitio-nuevo
34423,Valle de Rosas,Colonia,Nuevo Ideal,Durango,,Rural,https://postali.app/mx/durango/nuevo-ideal/valle-de-rosas
34424,Benito Juárez (Juárez de Abajo),Pueblo,Nuevo Ideal,Durango,,Rural,https://postali.app/mx/durango/nuevo-ideal/benito-juarez-juarez-de-abajo
34424,Buena Unión,Pueblo,Nuevo Ideal,Durango,,Rural,https://postali.app/mx/durango/nuevo-ideal/buena-union
34424,Corona del Valle (San Juan Nuevo),Colonia,Nuevo Ideal,Durango,,Rural,https://postali.app/mx/durango/nuevo-ideal/corona-del-valle-san-juan-nuevo
34424,Huerta San Juan,Ranchería,Nuevo Ideal,Durango,,Rural,https://postali.app/mx/durango/nuevo-ideal/huerta-san-juan
34424,Los Laureles,Ranchería,Nuevo Ideal,Durango,,Rural,https://postali.app/mx/durango/nuevo-ideal/los-laureles
34424,Modesto Quezada (Juárez de Arriba),Pueblo,Nuevo Ideal,Durango,,Rural,https://postali.app/mx/durango/nuevo-ideal/modesto-quezada-juarez-de-arriba
34424,Nueva Tierra Limpia (San Isidro),Colonia,Nuevo Ideal,Durango,,Rural,https://postali.app/mx/durango/nuevo-ideal/nueva-tierra-limpia-san-isidro
34424,Patio de Rosas (Campo 20),Colonia,Nuevo Ideal,Durango,,Rural,https://postali.app/mx/durango/nuevo-ideal/patio-de-rosas-campo-20
34424,San Isidro (Los Medrano),Ejido,Nuevo Ideal,Durango,,Rural,https://postali.app/mx/durango/nuevo-ideal/san-isidro-los-medrano
34425,Campo de Flores,Colonia,Nuevo Ideal,Durango,,Rural,https://postali.app/mx/durango/nuevo-ideal/campo-de-flores
34425,Campo de Gracia,Colonia,Nuevo Ideal,Durango,,Rural,https://postali.app/mx/durango/nuevo-ideal/campo-de-gracia
34425,Campo de Rosas,Colonia,Nuevo Ideal,Durango,,Rural,https://postali.app/mx/durango/nuevo-ideal/campo-de-rosas
34425,Doctor Castillo del Valle (Las Huertas),Pueblo,Nuevo Ideal,Durango,,Rural,https://postali.app/mx/durango/nuevo-ideal/doctor-castillo-del-valle-las-huertas
34425,El Maguey,Ejido,Nuevo Ideal,Durango,,Rural,https://postali.app/mx/durango/nuevo-ideal/el-maguey
34425,El Trébol,Ejido,Nuevo Ideal,Durango,,Rural,https://postali.app/mx/durango/nuevo-ideal/el-trebol
34425,Jardín de Flores,Colonia,Nuevo Ideal,Durango,,Rural,https://postali.app/mx/durango/nuevo-ideal/jardin-de-flores
34425,La Casita Blanca,Ranchería,Nuevo Ideal,Durango,,Rural,https://postali.app/mx/durango/nuevo-ideal/la-casita-blanca
34425,La Esperanza,Ejido,Nuevo Ideal,Durango,,Rural,https://postali.app/mx/durango/nuevo-ideal/la-esperanza-34425
34425,La Zeta,Ejido,Nuevo Ideal,Durango,,Rural,https://postali.app/mx/durango/nuevo-ideal/la-zeta
34425,Miguel Negrete (El Toboso),Pueblo,Nuevo Ideal,Durango,,Rural,https://postali.app/mx/durango/nuevo-ideal/miguel-negrete-el-toboso
34425,Nueva Instalación,Colonia,Nuevo Ideal,Durango,,Rural,https://postali.app/mx/durango/nuevo-ideal/nueva-instalacion
34425,Rancho Nevárez,Ranchería,Nuevo Ideal,Durango,,Rural,https://postali.app/mx/durango/nuevo-ideal/rancho-nevarez
34425,San José de Morillitos (La Perla),Pueblo,Nuevo Ideal,Durango,,Rural,https://postali.app/mx/durango/nuevo-ideal/san-jose-de-morillitos-la-perla
34425,San Miguel de Allende,Pueblo,Nuevo Ideal,Durango,,Rural,https://postali.app/mx/durango/nuevo-ideal/san-miguel-de-allende
34425,Tierra Limpia,Colonia,Nuevo Ideal,Durango,,Rural,https://postali.app/mx/durango/nuevo-ideal/tierra-limpia
34425,Valle de Flores (Cantarranas),Colonia,Nuevo Ideal,Durango,,Rural,https://postali.app/mx/durango/nuevo-ideal/valle-de-flores-cantarranas
34426,Chapala,Pueblo,Nuevo Ideal,Durango,,Rural,https://postali.app/mx/durango/nuevo-ideal/chapala
34426,Fuente del Llano (Santiaguillo),Pueblo,Nuevo Ideal,Durango,,Rural,https://postali.app/mx/durango/nuevo-ideal/fuente-del-llano-santiaguillo
34426,La Escondida,Pueblo,Nuevo Ideal,Durango,,Rural,https://postali.app/mx/durango/nuevo-ideal/la-escondida
34426,Melchor Ocampo (El Trébol),Pueblo,Nuevo Ideal,Durango,,Rural,https://postali.app/mx/durango/nuevo-ideal/melchor-ocampo-el-trebol
34426,Once de Marzo (Trincheras),Pueblo,Nuevo Ideal,Durango,,Rural,https://postali.app/mx/durango/nuevo-ideal/once-de-marzo-trincheras
34426,Valle Florido (El Refugio),Pueblo,Nuevo Ideal,Durango,,Rural,https://postali.app/mx/durango/nuevo-ideal/valle-florido-el-refugio
34427,Bellavista,Ranchería,Nuevo Ideal,Durango,,Rural,https://postali.app/mx/durango/nuevo-ideal/bellavista
34427,Bellavista 2,Ranchería,Nuevo Ideal,Durango,,Rural,https://postali.app/mx/durango/nuevo-ideal/bellavista-2
34427,Espaldas Bellavista,Ejido,Nuevo Ideal,Durango,,Rural,https://postali.app/mx/durango/nuevo-ideal/espaldas-bellavista
34427,Guatimapé,Pueblo,Nuevo Ideal,Durango,,Rural,https://postali.app/mx/durango/nuevo-ideal/guatimape
34427,Heide,Ejido,Nuevo Ideal,Durango,,Rural,https://postali.app/mx/durango/nuevo-ideal/heide
34427,La Esperanza,Ejido,Nuevo Ideal,Durango,,Rural,https://postali.app/mx/durango/nuevo-ideal/la-esperanza-34427
34427,Libertadores del Llano (Santa Sofía),Pueblo,Nuevo Ideal,Durango,,Rural,https://postali.app/mx/durango/nuevo-ideal/libertadores-del-llano-santa-sofia
34427,Llano Hermoso,Colonia,Nuevo Ideal,Durango,,Rural,https://postali.app/mx/durango/nuevo-ideal/llano-hermoso
34427,Rancho del Valle,Ranchería,Nuevo Ideal,Durango,,Rural,https://postali.app/mx/durango/nuevo-ideal/rancho-del-valle
34427,Rancho Gandarilla,Ranchería,Nuevo Ideal,Durango,,Rural,https://postali.app/mx/durango/nuevo-ideal/rancho-gandarilla
34427,Rancho Tremillo,Ranchería,Nuevo Ideal,Durango,,Rural,https://postali.app/mx/durango/nuevo-ideal/rancho-tremillo
34427,Valle Hermoso (Campo Grey),Colonia,Nuevo Ideal,Durango,,Rural,https://postali.app/mx/durango/nuevo-ideal/valle-hermoso-campo-grey
34430,Campo Verde,Ranchería,Nuevo Ideal,Durango,,Rural,https://postali.app/mx/durango/nuevo-ideal/campo-verde
34430,Cartagena,Pueblo,Nuevo Ideal,Durango,,Rural,https://postali.app/mx/durango/nuevo-ideal/cartagena
34430,El Nuevo Porvenir,Pueblo,Nuevo Ideal,Durango,,Rural,https://postali.app/mx/durango/nuevo-ideal/el-nuevo-porvenir
34430,Esfuerzos Unidos,Pueblo,Nuevo Ideal,Durango,,Rural,https://postali.app/mx/durango/nuevo-ideal/esfuerzos-unidos
34430,Guillermo Prieto,Pueblo,Nuevo Ideal,Durango,,Rural,https://postali.app/mx/durango/nuevo-ideal/guillermo-prieto
34430,Hamburgo,Colonia,Nuevo Ideal,Durango,,Rural,https://postali.app/mx/durango/nuevo-ideal/hamburgo
34430,Los Alisos,Ranchería,Nuevo Ideal,Durango,,Rural,https://postali.app/mx/durango/nuevo-ideal/los-alisos
34430,Nueva Esperanza (Cuernavaca),Colonia,Nuevo Ideal,Durango,,Rural,https://postali.app/mx/durango/nuevo-ideal/nueva-esperanza-cuernavaca
34430,Rancho Cuernavaca,Ranchería,Nuevo Ideal,Durango,,Rural,https://postali.app/mx/durango/nuevo-ideal/rancho-cuernavaca
34430,Rancho el Tres,Ranchería,Nuevo Ideal,Durango,,Rural,https://postali.app/mx/durango/nuevo-ideal/rancho-el-tres
34430,Santa Fe,Ejido,Nuevo Ideal,Durango,,Rural,https://postali.app/mx/durango/nuevo-ideal/santa-fe
34433,El Molino,Pueblo,Nuevo Ideal,Durango,,Rural,https://postali.app/mx/durango/nuevo-ideal/el-molino
34433,Estación Guatimapé,Ejido,Nuevo Ideal,Durango,,Rural,https://postali.app/mx/durango/nuevo-ideal/estacion-guatimape
34433,Las Margaritas,Ejido,Nuevo Ideal,Durango,,Rural,https://postali.app/mx/durango/nuevo-ideal/las-margaritas
34433,Los Arcos,Ranchería,Nuevo Ideal,Durango,,Rural,https://postali.app/mx/durango/nuevo-ideal/los-arcos
34433,San José,Ejido,Nuevo Ideal,Durango,,Rural,https://postali.app/mx/durango/nuevo-ideal/san-jose
34433,San Nicolás,Ejido,Nuevo Ideal,Durango,,Rural,https://postali.app/mx/durango/nuevo-ideal/san-nicolas
34433,Santa Beatriz [Granja],Ranchería,Nuevo Ideal,Durango,,Rural,https://postali.app/mx/durango/nuevo-ideal/santa-beatriz-granja
34434,La Ciénega de la Casa,Ranchería,Nuevo Ideal,Durango,,Rural,https://postali.app/mx/durango/nuevo-ideal/la-cienega-de-la-casa
34435,Astilleros de Abajo,Pueblo,Nuevo Ideal,Durango,,Rural,https://postali.app/mx/durango/nuevo-ideal/astilleros-de-abajo
34435,Raúl Madero,Pueblo,Nuevo Ideal,Durango,,Rural,https://postali.app/mx/durango/nuevo-ideal/raul-madero
34436,Tejamen,Pueblo,Nuevo Ideal,Durango,,Rural,https://postali.app/mx/durango/nuevo-ideal/tejamen
34437,Guajolotes de Abajo,Ranchería,Nuevo Ideal,Durango,,Rural,https://postali.app/mx/durango/nuevo-ideal/guajolotes-de-abajo
34440,Los Ángeles (Predio la Esperanza),Ranchería,Canatlán,Durango,,Rural,https://postali.app/mx/durango/canatlan/los-angeles-predio-la-esperanza
34440,Mesa de Guadalupe,Rancho,Canatlán,Durango,,Rural,https://postali.app/mx/durango/canatlan/mesa-de-guadalupe
34440,San Diego de Alcalá,Pueblo,Canatlán,Durango,,Rural,https://postali.app/mx/durango/canatlan/san-diego-de-alcala
34440,San Jerónimo de Jacales,Pueblo,Canatlán,Durango,,Rural,https://postali.app/mx/durango/canatlan/san-jeronimo-de-jacales
34443,La Plazuela (El Rayo),Pueblo,Canatlán,Durango,,Rural,https://postali.app/mx/durango/canatlan/la-plazuela-el-rayo
34443,Las Canoas,Rancho,Canatlán,Durango,,Rural,https://postali.app/mx/durango/canatlan/las-canoas
34443,Marquesotes de Guadalupe (Canelas),Pueblo,Canatlán,Durango,,Rural,https://postali.app/mx/durango/canatlan/marquesotes-de-guadalupe-canelas
34443,Marquezotes de Guadalupe (Los Ojitos),Pueblo,Canatlán,Durango,,Rural,https://postali.app/mx/durango/canatlan/marquezotes-de-guadalupe-los-ojitos
34443,San Lorenzo,Ranchería,Canatlán,Durango,,Rural,https://postali.app/mx/durango/canatlan/san-lorenzo
34444,El Ranchito,Ranchería,Canatlán,Durango,,Rural,https://postali.app/mx/durango/canatlan/el-ranchito
34444,La Joya de los Quiotes,Ranchería,Canatlán,Durango,,Rural,https://postali.app/mx/durango/canatlan/la-joya-de-los-quiotes
34444,Lirios de la Sierra,Pueblo,Canatlán,Durango,,Rural,https://postali.app/mx/durango/canatlan/lirios-de-la-sierra
34445,De Martín,Rancho,Canatlán,Durango,,Rural,https://postali.app/mx/durango/canatlan/de-martin
34445,Diez Hermanos (Las Tapias),Ranchería,Canatlán,Durango,,Rural,https://postali.app/mx/durango/canatlan/diez-hermanos-las-tapias
34445,El Faisán de las Tapias,Ranchería,Canatlán,Durango,,Rural,https://postali.app/mx/durango/canatlan/el-faisan-de-las-tapias
34445,El Saucillal,Ranchería,Canatlán,Durango,,Rural,https://postali.app/mx/durango/canatlan/el-saucillal
34445,El Tule,Pueblo,Canatlán,Durango,,Rural,https://postali.app/mx/durango/canatlan/el-tule
34445,Gomelia,Pueblo,Canatlán,Durango,,Rural,https://postali.app/mx/durango/canatlan/gomelia
34445,La Boquilla,Ranchería,Canatlán,Durango,,Rural,https://postali.app/mx/durango/canatlan/la-boquilla
34445,Las Latas,Ranchería,Canatlán,Durango,,Rural,https://postali.app/mx/durango/canatlan/las-latas
34445,Maymorita,Pueblo,Canatlán,Durango,,Rural,https://postali.app/mx/durango/canatlan/maymorita
34445,Santa Rosa de Escamillas,Pueblo,Canatlán,Durango,,Rural,https://postali.app/mx/durango/canatlan/santa-rosa-de-escamillas
34446,Cieneguitas,Pueblo,Canatlán,Durango,,Rural,https://postali.app/mx/durango/canatlan/cieneguitas
34446,Ojo de Agua de la Vieja,Ranchería,Canatlán,Durango,,Rural,https://postali.app/mx/durango/canatlan/ojo-de-agua-de-la-vieja
34446,Terranova,Ranchería,Canatlán,Durango,,Rural,https://postali.app/mx/durango/canatlan/terranova
34450,Canatlán Centro,Colonia,Canatlán,Durango,Canatlán,Urbano,https://postali.app/mx/durango/canatlan/canatlan-centro
34453,Arboledas,Fraccionamiento,Canatlán,Durango,Canatlán,Urbano,https://postali.app/mx/durango/canatlan/arboledas
34453,Ayuntamiento,Colonia,Canatlán,Durango,Canatlán,Urbano,https://postali.app/mx/durango/canatlan/ayuntamiento
34453,Los Manzanos,Fraccionamiento,Canatlán,Durango,Canatlán,Urbano,https://postali.app/mx/durango/canatlan/los-manzanos
34453,Los Perales,Colonia,Canatlán,Durango,Canatlán,Urbano,https://postali.app/mx/durango/canatlan/los-perales
34453,Mijares,Fraccionamiento,Canatlán,Durango,Canatlán,Urbano,https://postali.app/mx/durango/canatlan/mijares
34453,Paso Real,Colonia,Canatlán,Durango,Canatlán,Urbano,https://postali.app/mx/durango/canatlan/paso-real
34453,Plutarco Elías Calles,Colonia,Canatlán,Durango,Canatlán,Urbano,https://postali.app/mx/durango/canatlan/plutarco-elias-calles
34453,Predio Mundo Engañoso,Ranchería,Canatlán,Durango,,Rural,https://postali.app/mx/durango/canatlan/predio-mundo-enganoso
34453,Real del Valle,Fraccionamiento,Canatlán,Durango,Canatlán,Urbano,https://postali.app/mx/durango/canatlan/real-del-valle
34453,Residencial Jardines,Fraccionamiento,Canatlán,Durango,Canatlán,Urbano,https://postali.app/mx/durango/canatlan/residencial-jardines
34453,Roma,Colonia,Canatlán,Durango,Canatlán,Urbano,https://postali.app/mx/durango/canatlan/roma
34453,Soledad Álvarez,Fraccionamiento,Canatlán,Durango,Canatlán,Urbano,https://postali.app/mx/durango/canatlan/soledad-alvarez
34454,Ejidal,Colonia,Canatlán,Durango,Canatlán,Urbano,https://postali.app/mx/durango/canatlan/ejidal
34454,Los Nogales,Fraccionamiento,Canatlán,Durango,Canatlán,Urbano,https://postali.app/mx/durango/canatlan/los-nogales
34454,Paraíso Paso Real,Fraccionamiento,Canatlán,Durango,Canatlán,Urbano,https://postali.app/mx/durango/canatlan/paraiso-paso-real
34455,11 de Julio,Colonia,Canatlán,Durango,Canatlán,Urbano,https://postali.app/mx/durango/canatlan/11-de-julio
34455,Valenzuela,Colonia,Canatlán,Durango,Canatlán,Urbano,https://postali.app/mx/durango/canatlan/valenzuela
34456,El Presidio,Colonia,Canatlán,Durango,Canatlán,Urbano,https://postali.app/mx/durango/canatlan/el-presidio
34456,Las Brisas,Fraccionamiento,Canatlán,Durango,Canatlán,Urbano,https://postali.app/mx/durango/canatlan/las-brisas
34456,Progresista,Colonia,Canatlán,Durango,Canatlán,Urbano,https://postali.app/mx/durango/canatlan/progresista
34456,San Diego,Colonia,Canatlán,Durango,Canatlán,Urbano,https://postali.app/mx/durango/canatlan/san-diego
34457,30 Viejos,Barrio,Canatlán,Durango,Canatlán,Urbano,https://postali.app/mx/durango/canatlan/30-viejos
34457,Bellavista,Colonia,Canatlán,Durango,Canatlán,Urbano,https://postali.app/mx/durango/canatlan/bellavista
34457,Canatlán Viejo,Barrio,Canatlán,Durango,,Rural,https://postali.app/mx/durango/canatlan/canatlan-viejo
34460,Agrícola Ganadera Bravo (San Rafael),Ranchería,Canatlán,Durango,,Rural,https://postali.app/mx/durango/canatlan/agricola-ganadera-bravo-san-rafael
34460,Benjamín Aranda (San Rafael),Pueblo,Canatlán,Durango,,Rural,https://postali.app/mx/durango/canatlan/benjamin-aranda-san-rafael
34460,Charoláis los Sauces I,Ranchería,Canatlán,Durango,,Rural,https://postali.app/mx/durango/canatlan/charolais-los-sauces-i
34460,Charoláis los Sauces II,Ranchería,Canatlán,Durango,,Rural,https://postali.app/mx/durango/canatlan/charolais-los-sauces-ii
34460,El Coyote (Ojo del Coyote),Ranchería,Canatlán,Durango,,Rural,https://postali.app/mx/durango/canatlan/el-coyote-ojo-del-coyote
34460,El Nocebe,Ranchería,Canatlán,Durango,,Rural,https://postali.app/mx/durango/canatlan/el-nocebe
34460,El Porvenir (Casas Coloradas),Ranchería,Canatlán,Durango,,Rural,https://postali.app/mx/durango/canatlan/el-porvenir-casas-coloradas
34460,El Refugio (El Moradito),Ranchería,Canatlán,Durango,,Rural,https://postali.app/mx/durango/canatlan/el-refugio-el-moradito
34460,El Refugio (La Esperanza),Ranchería,Canatlán,Durango,,Rural,https://postali.app/mx/durango/canatlan/el-refugio-la-esperanza
34460,El Sauz (Gustavo Silerio),Pueblo,Canatlán,Durango,,Rural,https://postali.app/mx/durango/canatlan/el-sauz-gustavo-silerio
34460,Hacienda San Rafael,Exhacienda,Canatlán,Durango,,Rural,https://postali.app/mx/durango/canatlan/hacienda-san-rafael
34460,Hermenegildo Galeana,Ranchería,Canatlán,Durango,,Rural,https://postali.app/mx/durango/canatlan/hermenegildo-galeana
34460,La Alcancía,Ranchería,Canatlán,Durango,,Rural,https://postali.app/mx/durango/canatlan/la-alcancia
34460,Las Tres M (Los Nevárez),Ranchería,Canatlán,Durango,,Rural,https://postali.app/mx/durango/canatlan/las-tres-m-los-nevarez
34460,Los Ojuelos,Ranchería,Canatlán,Durango,,Rural,https://postali.app/mx/durango/canatlan/los-ojuelos
34460,Nicolás Bravo,Pueblo,Canatlán,Durango,,Rural,https://postali.app/mx/durango/canatlan/nicolas-bravo
34460,San Antonio de los Reyes,Ranchería,Canatlán,Durango,,Rural,https://postali.app/mx/durango/canatlan/san-antonio-de-los-reyes
34460,San Carlos de los Reyes,Ranchería,Canatlán,Durango,,Rural,https://postali.app/mx/durango/canatlan/san-carlos-de-los-reyes
34460,Veintidós de Mayo,Pueblo,Canatlán,Durango,,Rural,https://postali.app/mx/durango/canatlan/veintidos-de-mayo
34463,Las Pomas,Ranchería,Canatlán,Durango,,Rural,https://postali.app/mx/durango/canatlan/las-pomas
34463,Magueycitos,Ranchería,Canatlán,Durango,,Rural,https://postali.app/mx/durango/canatlan/magueycitos
34464,Durangueño (Corralitos),Ranchería,Canatlán,Durango,,Rural,https://postali.app/mx/durango/canatlan/durangueno-corralitos
34464,Guadalupe los Nogales (Las Papas),Ranchería,Canatlán,Durango,,Rural,https://postali.app/mx/durango/canatlan/guadalupe-los-nogales-las-papas
34465,Alfredo González Arámbula,Ranchería,Canatlán,Durango,,Rural,https://postali.app/mx/durango/canatlan/alfredo-gonzalez-arambula
34465,Artemio Ramos Alvarado,Ranchería,Canatlán,Durango,,Rural,https://postali.app/mx/durango/canatlan/artemio-ramos-alvarado
34465,Cerro Gordo,Pueblo,Canatlán,Durango,,Rural,https://postali.app/mx/durango/canatlan/cerro-gordo
34465,El Capricho,Ranchería,Canatlán,Durango,,Rural,https://postali.app/mx/durango/canatlan/el-capricho-34465
34465,El Regreso,Ranchería,Canatlán,Durango,,Rural,https://postali.app/mx/durango/canatlan/el-regreso
34465,El Río (Los García),Ranchería,Canatlán,Durango,,Rural,https://postali.app/mx/durango/canatlan/el-rio-los-garcia
34465,El Sauz Bendito,Ranchería,Canatlán,Durango,,Rural,https://postali.app/mx/durango/canatlan/el-sauz-bendito
34465,Elisa,Ranchería,Canatlán,Durango,,Rural,https://postali.app/mx/durango/canatlan/elisa
34465,Elizondo,Rancho,Canatlán,Durango,,Rural,https://postali.app/mx/durango/canatlan/elizondo
34465,Enrique Medrano,Ranchería,Canatlán,Durango,,Rural,https://postali.app/mx/durango/canatlan/enrique-medrano
34465,Esteban Vargas Betancourt,Ranchería,Canatlán,Durango,,Rural,https://postali.app/mx/durango/canatlan/esteban-vargas-betancourt
34465,Gaspar Valles,Ranchería,Canatlán,Durango,,Rural,https://postali.app/mx/durango/canatlan/gaspar-valles
34465,General Martín López,Pueblo,Canatlán,Durango,,Rural,https://postali.app/mx/durango/canatlan/general-martin-lopez
34465,Huerta el Llano,Ranchería,Canatlán,Durango,,Rural,https://postali.app/mx/durango/canatlan/huerta-el-llano
34465,Huerta Varela,Ranchería,Canatlán,Durango,,Rural,https://postali.app/mx/durango/canatlan/huerta-varela
34465,Joaquín Ibarra,Ranchería,Canatlán,Durango,,Rural,https://postali.app/mx/durango/canatlan/joaquin-ibarra
34465,José Guadalupe Aguilera (La Granja),Equipamiento,Canatlán,Durango,,Rural,https://postali.app/mx/durango/canatlan/jose-guadalupe-aguilera-la-granja
34465,José Guadalupe Aguilera (Santa Lucía),Pueblo,Canatlán,Durango,,Rural,https://postali.app/mx/durango/canatlan/jose-guadalupe-aguilera-santa-lucia
34465,La Ganadera,Ranchería,Canatlán,Durango,,Rural,https://postali.app/mx/durango/canatlan/la-ganadera
34465,La Guarnición (La Pequeña),Ranchería,Canatlán,Durango,,Rural,https://postali.app/mx/durango/canatlan/la-guarnicion-la-pequena
34465,La Norteña,Ranchería,Canatlán,Durango,,Rural,https://postali.app/mx/durango/canatlan/la-nortena
34465,La Perseverancia,Ranchería,Canatlán,Durango,,Rural,https://postali.app/mx/durango/canatlan/la-perseverancia
34465,Lalo Acuña,Ranchería,Canatlán,Durango,,Rural,https://postali.app/mx/durango/canatlan/lalo-acuna
34465,Los Aniegos,Ranchería,Canatlán,Durango,,Rural,https://postali.app/mx/durango/canatlan/los-aniegos
34465,Los Arcos,Ranchería,Canatlán,Durango,,Rural,https://postali.app/mx/durango/canatlan/los-arcos
34465,Los Enríquez,Ranchería,Canatlán,Durango,,Rural,https://postali.app/mx/durango/canatlan/los-enriquez
34465,Los Juárez,Ranchería,Canatlán,Durango,,Rural,https://postali.app/mx/durango/canatlan/los-juarez
34465,Manuel Ortega,Ranchería,Canatlán,Durango,,Rural,https://postali.app/mx/durango/canatlan/manuel-ortega
34465,Michirame,Ranchería,Canatlán,Durango,,Rural,https://postali.app/mx/durango/canatlan/michirame
34465,Nogales,Pueblo,Canatlán,Durango,,Rural,https://postali.app/mx/durango/canatlan/nogales
34465,Pedro Muñoz,Ranchería,Canatlán,Durango,,Rural,https://postali.app/mx/durango/canatlan/pedro-munoz
34465,Perales,Rancho,Canatlán,Durango,,Rural,https://postali.app/mx/durango/canatlan/perales
34465,Predio las Macheras,Ranchería,Canatlán,Durango,,Rural,https://postali.app/mx/durango/canatlan/predio-las-macheras
34465,San Felipe,Rancho,Canatlán,Durango,,Rural,https://postali.app/mx/durango/canatlan/san-felipe
34465,San Felipe,Ranchería,Canatlán,Durango,,Rural,https://postali.app/mx/durango/canatlan/san-felipe-34465
34465,San Javier,Ranchería,Canatlán,Durango,,Rural,https://postali.app/mx/durango/canatlan/san-javier
34465,San José de Gracia,Pueblo,Canatlán,Durango,,Rural,https://postali.app/mx/durango/canatlan/san-jose-de-gracia
34465,San Juan,Ranchería,Canatlán,Durango,,Rural,https://postali.app/mx/durango/canatlan/san-juan
34465,Santa Isabel,Ranchería,Canatlán,Durango,,Rural,https://postali.app/mx/durango/canatlan/santa-isabel
34466,Bruno Martínez (San Bartolo),Pueblo,Canatlán,Durango,,Rural,https://postali.app/mx/durango/canatlan/bruno-martinez-san-bartolo
34466,Don Chema,Ranchería,Canatlán,Durango,,Rural,https://postali.app/mx/durango/canatlan/don-chema
34466,Huerta Santa Cecilia,Ranchería,Canatlán,Durango,,Rural,https://postali.app/mx/durango/canatlan/huerta-santa-cecilia
34466,La Sauceda,Pueblo,Canatlán,Durango,,Rural,https://postali.app/mx/durango/canatlan/la-sauceda
34466,Predio la Sauceda,Ranchería,Canatlán,Durango,,Rural,https://postali.app/mx/durango/canatlan/predio-la-sauceda
34466,Predio las Tlazoleras,Pueblo,Canatlán,Durango,,Rural,https://postali.app/mx/durango/canatlan/predio-las-tlazoleras
34466,Predio Potrero del Trigo,Ranchería,Canatlán,Durango,,Rural,https://postali.app/mx/durango/canatlan/predio-potrero-del-trigo
34466,Predio San Rafael,Ranchería,Canatlán,Durango,,Rural,https://postali.app/mx/durango/canatlan/predio-san-rafael
34466,San Antonio,Ranchería,Canatlán,Durango,,Rural,https://postali.app/mx/durango/canatlan/san-antonio
34466,Sarita,Ranchería,Canatlán,Durango,,Rural,https://postali.app/mx/durango/canatlan/sarita
34466,Venustiano Carranza (Ocotán),Pueblo,Canatlán,Durango,,Rural,https://postali.app/mx/durango/canatlan/venustiano-carranza-ocotan
34467,Anáhuac (Palo Blanco),Pueblo,Canatlán,Durango,,Rural,https://postali.app/mx/durango/canatlan/anahuac-palo-blanco
34467,La Casita del Potrero Nuevo,Ranchería,Canatlán,Durango,,Rural,https://postali.app/mx/durango/canatlan/la-casita-del-potrero-nuevo
34467,La Preciosa,Ranchería,Canatlán,Durango,,Rural,https://postali.app/mx/durango/canatlan/la-preciosa
34467,Las Conchitas,Ranchería,Canatlán,Durango,,Rural,https://postali.app/mx/durango/canatlan/las-conchitas
34467,Ricardo Flores Magón,Pueblo,Canatlán,Durango,,Rural,https://postali.app/mx/durango/canatlan/ricardo-flores-magon
34467,Tres Potrillos (Manuel Mancha),Rancho,Canatlán,Durango,,Rural,https://postali.app/mx/durango/canatlan/tres-potrillos-manuel-mancha
34470,Anastasio Batres,Colonia,Coneto de Comonfort,Durango,,Rural,https://postali.app/mx/durango/coneto-de-comonfort/anastasio-batres
34470,Coneto de Comonfort,Pueblo,Coneto de Comonfort,Durango,,Rural,https://postali.app/mx/durango/coneto-de-comonfort/coneto-de-comonfort
34473,Las Morenas (La Rosa),Ranchería,Coneto de Comonfort,Durango,,Rural,https://postali.app/mx/durango/coneto-de-comonfort/las-morenas-la-rosa
34473,Nogales,Pueblo,Coneto de Comonfort,Durango,,Rural,https://postali.app/mx/durango/coneto-de-comonfort/nogales
34474,El Carmen (Chorreños),Ejido,Coneto de Comonfort,Durango,,Rural,https://postali.app/mx/durango/coneto-de-comonfort/el-carmen-chorrenos
34474,Ignacio Zaragoza (Potrillos),Ranchería,Coneto de Comonfort,Durango,,Rural,https://postali.app/mx/durango/coneto-de-comonfort/ignacio-zaragoza-potrillos
34474,Las Américas,Ejido,Coneto de Comonfort,Durango,,Rural,https://postali.app/mx/durango/coneto-de-comonfort/las-americas
34475,El Amparo,Ejido,Coneto de Comonfort,Durango,,Rural,https://postali.app/mx/durango/coneto-de-comonfort/el-amparo
34475,El Porvenir,Ranchería,Coneto de Comonfort,Durango,,Rural,https://postali.app/mx/durango/coneto-de-comonfort/el-porvenir
34475,El Rincón,Ejido,Coneto de Comonfort,Durango,,Rural,https://postali.app/mx/durango/coneto-de-comonfort/el-rincon
34475,La Joya,Ejido,Coneto de Comonfort,Durango,,Rural,https://postali.app/mx/durango/coneto-de-comonfort/la-joya
34475,La Venada,Ejido,Coneto de Comonfort,Durango,,Rural,https://postali.app/mx/durango/coneto-de-comonfort/la-venada
34475,Paso del Oro,Ejido,Coneto de Comonfort,Durango,,Rural,https://postali.app/mx/durango/coneto-de-comonfort/paso-del-oro
34475,San José de Basoco,Ranchería,Coneto de Comonfort,Durango,,Rural,https://postali.app/mx/durango/coneto-de-comonfort/san-jose-de-basoco
34475,San Rafael del Salto,Ejido,Coneto de Comonfort,Durango,,Rural,https://postali.app/mx/durango/coneto-de-comonfort/san-rafael-del-salto
34475,Sapioris,Ranchería,Coneto de Comonfort,Durango,,Rural,https://postali.app/mx/durango/coneto-de-comonfort/sapioris
34475,Vizcaíno,Ranchería,Coneto de Comonfort,Durango,,Rural,https://postali.app/mx/durango/coneto-de-comonfort/vizcaino
34476,Colorines,Ejido,Coneto de Comonfort,Durango,,Rural,https://postali.app/mx/durango/coneto-de-comonfort/colorines
34476,El Mexicano,Ejido,Coneto de Comonfort,Durango,,Rural,https://postali.app/mx/durango/coneto-de-comonfort/el-mexicano
34476,El Ranchito,Ejido,Coneto de Comonfort,Durango,,Rural,https://postali.app/mx/durango/coneto-de-comonfort/el-ranchito
34476,El Saucito,Ejido,Coneto de Comonfort,Durango,,Rural,https://postali.app/mx/durango/coneto-de-comonfort/el-saucito
34476,El Tepozán,Ejido,Coneto de Comonfort,Durango,,Rural,https://postali.app/mx/durango/coneto-de-comonfort/el-tepozan
34476,La Pradera,Ejido,Coneto de Comonfort,Durango,,Rural,https://postali.app/mx/durango/coneto-de-comonfort/la-pradera
34476,Los Ojitos,Ejido,Coneto de Comonfort,Durango,,Rural,https://postali.app/mx/durango/coneto-de-comonfort/los-ojitos
34476,Pípila (Chiganayo),Ranchería,Coneto de Comonfort,Durango,,Rural,https://postali.app/mx/durango/coneto-de-comonfort/pipila-chiganayo
34476,San Antonio de Indeje,Ejido,Coneto de Comonfort,Durango,,Rural,https://postali.app/mx/durango/coneto-de-comonfort/san-antonio-de-indeje
34476,Saucitos,Ejido,Coneto de Comonfort,Durango,,Rural,https://postali.app/mx/durango/coneto-de-comonfort/saucitos
34477,Arroyo del Caballo,Ejido,Coneto de Comonfort,Durango,,Rural,https://postali.app/mx/durango/coneto-de-comonfort/arroyo-del-caballo
34477,El Chaparral,Ranchería,Coneto de Comonfort,Durango,,Rural,https://postali.app/mx/durango/coneto-de-comonfort/el-chaparral
34477,Las Playas (El Mono),Ejido,Coneto de Comonfort,Durango,,Rural,https://postali.app/mx/durango/coneto-de-comonfort/las-playas-el-mono
34477,Los Alhelíes,Ejido,Coneto de Comonfort,Durango,,Rural,https://postali.app/mx/durango/coneto-de-comonfort/los-alhelies
34477,Peñolitos,Ejido,Coneto de Comonfort,Durango,,Rural,https://postali.app/mx/durango/coneto-de-comonfort/penolitos
34477,San Francisco Javier de Lajas (Lajas),Ranchería,Coneto de Comonfort,Durango,,Rural,https://postali.app/mx/durango/coneto-de-comonfort/san-francisco-javier-de-lajas-lajas
34480,La Alberca,Ejido,San Juan del Río,Durango,,Rural,https://postali.app/mx/durango/san-juan-del-rio/la-alberca
34480,San Juan del Río del Centauro del Norte Centro,Colonia,San Juan del Río,Durango,San Juan del Río del Centauro del Norte,Urbano,https://postali.app/mx/durango/san-juan-del-rio/san-juan-del-rio-del-centauro-del-norte-centro
34482,Cañada Segunda,Colonia,San Juan del Río,Durango,San Juan del Río del Centauro del Norte,Urbano,https://postali.app/mx/durango/san-juan-del-rio/canada-segunda
34482,La Cañada (Cañada Primera),Colonia,San Juan del Río,Durango,San Juan del Río del Centauro del Norte,Urbano,https://postali.app/mx/durango/san-juan-del-rio/la-canada-canada-primera
34482,La Cañadita,Colonia,San Juan del Río,Durango,San Juan del Río del Centauro del Norte,Urbano,https://postali.app/mx/durango/san-juan-del-rio/la-canadita
34482,La Haciendita,Colonia,San Juan del Río,Durango,San Juan del Río del Centauro del Norte,Urbano,https://postali.app/mx/durango/san-juan-del-rio/la-haciendita
34482,La Loma,Barrio,San Juan del Río,Durango,San Juan del Río del Centauro del Norte,Urbano,https://postali.app/mx/durango/san-juan-del-rio/la-loma
34482,San Rafael del Salto,Colonia,San Juan del Río,Durango,San Juan del Río del Centauro del Norte,Urbano,https://postali.app/mx/durango/san-juan-del-rio/san-rafael-del-salto
34483,Cerro de los Remedios,Colonia,San Juan del Río,Durango,San Juan del Río del Centauro del Norte,Urbano,https://postali.app/mx/durango/san-juan-del-rio/cerro-de-los-remedios
34483,La Pila,Colonia,San Juan del Río,Durango,San Juan del Río del Centauro del Norte,Urbano,https://postali.app/mx/durango/san-juan-del-rio/la-pila
34483,Las Nubes,Fraccionamiento,San Juan del Río,Durango,San Juan del Río del Centauro del Norte,Urbano,https://postali.app/mx/durango/san-juan-del-rio/las-nubes
34483,Puerto del Aire,Colonia,San Juan del Río,Durango,San Juan del Río del Centauro del Norte,Rural,https://postali.app/mx/durango/san-juan-del-rio/puerto-del-aire
34485,Centauro del Norte,Fraccionamiento,San Juan del Río,Durango,San Juan del Río del Centauro del Norte,Urbano,https://postali.app/mx/durango/san-juan-del-rio/centauro-del-norte
34485,Chapultepec,Colonia,San Juan del Río,Durango,San Juan del Río del Centauro del Norte,Urbano,https://postali.app/mx/durango/san-juan-del-rio/chapultepec
34485,Del Grillo,Barrio,San Juan del Río,Durango,San Juan del Río del Centauro del Norte,Urbano,https://postali.app/mx/durango/san-juan-del-rio/del-grillo
34485,Francisco Villa,Colonia,San Juan del Río,Durango,San Juan del Río del Centauro del Norte,Urbano,https://postali.app/mx/durango/san-juan-del-rio/francisco-villa
34485,La Eta,Colonia,San Juan del Río,Durango,San Juan del Río del Centauro del Norte,Urbano,https://postali.app/mx/durango/san-juan-del-rio/la-eta
34485,La Quinta,Colonia,San Juan del Río,Durango,San Juan del Río del Centauro del Norte,Urbano,https://postali.app/mx/durango/san-juan-del-rio/la-quinta
34485,Las Peñas,Colonia,San Juan del Río,Durango,San Juan del Río del Centauro del Norte,Urbano,https://postali.app/mx/durango/san-juan-del-rio/las-penas
34486,Benito Juárez,Colonia,San Juan del Río,Durango,,Rural,https://postali.app/mx/durango/san-juan-del-rio/benito-juarez
34486,Ciénega de Pastores,Ejido,San Juan del Río,Durango,,Rural,https://postali.app/mx/durango/san-juan-del-rio/cienega-de-pastores
34486,Francisco Primo Verdad (Menores de Abajo),Ranchería,San Juan del Río,Durango,,Rural,https://postali.app/mx/durango/san-juan-del-rio/francisco-primo-verdad-menores-de-abajo
34486,González Ortega (Santa Rosalía),Ranchería,San Juan del Río,Durango,,Rural,https://postali.app/mx/durango/san-juan-del-rio/gonzalez-ortega-santa-rosalia
34486,Ignacio López Rayón (Potrero de los Higos),Ranchería,San Juan del Río,Durango,,Rural,https://postali.app/mx/durango/san-juan-del-rio/ignacio-lopez-rayon-potrero-de-los-higos
34486,José María Patoni (Menores de Arriba),Pueblo,San Juan del Río,Durango,,Rural,https://postali.app/mx/durango/san-juan-del-rio/jose-maria-patoni-menores-de-arriba
34486,La Casita,Ejido,San Juan del Río,Durango,,Rural,https://postali.app/mx/durango/san-juan-del-rio/la-casita
34486,La Virgen,Ejido,San Juan del Río,Durango,,Rural,https://postali.app/mx/durango/san-juan-del-rio/la-virgen
34486,Los Picachos,Ejido,San Juan del Río,Durango,,Rural,https://postali.app/mx/durango/san-juan-del-rio/los-picachos
34486,San José de la Vieja,Ranchería,San Juan del Río,Durango,,Rural,https://postali.app/mx/durango/san-juan-del-rio/san-jose-de-la-vieja
34486,San José del Rincón,Ejido,San Juan del Río,Durango,,Rural,https://postali.app/mx/durango/san-juan-del-rio/san-jose-del-rincon
34486,Trincheras de Arriba,Ejido,San Juan del Río,Durango,,Rural,https://postali.app/mx/durango/san-juan-del-rio/trincheras-de-arriba
34487,Atotonilco,Ejido,San Juan del Río,Durango,,Rural,https://postali.app/mx/durango/san-juan-del-rio/atotonilco
34487,Cinco Hermanos,Ranchería,San Juan del Río,Durango,,Rural,https://postali.app/mx/durango/san-juan-del-rio/cinco-hermanos
34487,El Agostadero,Ejido,San Juan del Río,Durango,,Rural,https://postali.app/mx/durango/san-juan-del-rio/el-agostadero
34487,Mesa de Carretas,Ejido,San Juan del Río,Durango,,Rural,https://postali.app/mx/durango/san-juan-del-rio/mesa-de-carretas
34487,Presa García,Ejido,San Juan del Río,Durango,,Rural,https://postali.app/mx/durango/san-juan-del-rio/presa-garcia
34487,Santa Gertrudis,Ranchería,San Juan del Río,Durango,,Rural,https://postali.app/mx/durango/san-juan-del-rio/santa-gertrudis
34488,El Ciento Diez,Ejido,San Juan del Río,Durango,,Rural,https://postali.app/mx/durango/san-juan-del-rio/el-ciento-diez
34488,El Papalote,Ejido,San Juan del Río,Durango,,Rural,https://postali.app/mx/durango/san-juan-del-rio/el-papalote
34488,Estancia Blanca,Ejido,San Juan del Río,Durango,,Rural,https://postali.app/mx/durango/san-juan-del-rio/estancia-blanca
34488,Los Charcos,Ranchería,San Juan del Río,Durango,,Rural,https://postali.app/mx/durango/san-juan-del-rio/los-charcos
34488,Los Charcos (Las Minas),Ranchería,San Juan del Río,Durango,,Rural,https://postali.app/mx/durango/san-juan-del-rio/los-charcos-las-minas
34488,Otilio Montaño (La Boquilla),Ranchería,San Juan del Río,Durango,,Rural,https://postali.app/mx/durango/san-juan-del-rio/otilio-montano-la-boquilla
34488,Puerto del Apartadero,Ejido,San Juan del Río,Durango,,Rural,https://postali.app/mx/durango/san-juan-del-rio/puerto-del-apartadero
34488,Rancho Grande,Ranchería,San Juan del Río,Durango,,Rural,https://postali.app/mx/durango/san-juan-del-rio/rancho-grande
34488,Toledo,Ranchería,San Juan del Río,Durango,,Rural,https://postali.app/mx/durango/san-juan-del-rio/toledo
34490,Corrales Blancos,Ejido,San Juan del Río,Durango,,Rural,https://postali.app/mx/durango/san-juan-del-rio/corrales-blancos
34490,Diez de Octubre (San Lucas de Ocampo),Pueblo,San Juan del Río,Durango,,Rural,https://postali.app/mx/durango/san-juan-del-rio/diez-de-octubre-san-lucas-de-ocampo
34490,El Ojo Caliente (La Alberca),Ejido,San Juan del Río,Durango,,Rural,https://postali.app/mx/durango/san-juan-del-rio/el-ojo-caliente-la-alberca
34490,El Soldadito,Ejido,San Juan del Río,Durango,,Rural,https://postali.app/mx/durango/san-juan-del-rio/el-soldadito
34490,La Mesa,Ejido,San Juan del Río,Durango,,Rural,https://postali.app/mx/durango/san-juan-del-rio/la-mesa
34490,Los Soldaditos,Ejido,San Juan del Río,Durango,,Rural,https://postali.app/mx/durango/san-juan-del-rio/los-soldaditos
34490,Rancho San Pablo,Ranchería,San Juan del Río,Durango,,Rural,https://postali.app/mx/durango/san-juan-del-rio/rancho-san-pablo
34490,San Agustín de Ocampo,Ranchería,San Juan del Río,Durango,,Rural,https://postali.app/mx/durango/san-juan-del-rio/san-agustin-de-ocampo
34493,El Carmen,Ejido,San Juan del Río,Durango,,Rural,https://postali.app/mx/durango/san-juan-del-rio/el-carmen
34493,El Suspiro,Ejido,San Juan del Río,Durango,,Rural,https://postali.app/mx/durango/san-juan-del-rio/el-suspiro
34493,Las Cruces,Ejido,San Juan del Río,Durango,,Rural,https://postali.app/mx/durango/san-juan-del-rio/las-cruces
34493,Los Mimbres,Ejido,San Juan del Río,Durango,,Rural,https://postali.app/mx/durango/san-juan-del-rio/los-mimbres
34494,Arroyo la Estancia,Ejido,San Juan del Río,Durango,,Rural,https://postali.app/mx/durango/san-juan-del-rio/arroyo-la-estancia
34494,Ciénega Grande,Ranchería,San Juan del Río,Durango,,Rural,https://postali.app/mx/durango/san-juan-del-rio/cienega-grande
34494,El Resbalón,Ranchería,San Juan del Río,Durango,,Rural,https://postali.app/mx/durango/san-juan-del-rio/el-resbalon
34494,El Tanque,Ejido,San Juan del Río,Durango,,Rural,https://postali.app/mx/durango/san-juan-del-rio/el-tanque
34494,Felipe Gallegos Quiñones,Ejido,San Juan del Río,Durango,,Rural,https://postali.app/mx/durango/san-juan-del-rio/felipe-gallegos-quinones
34494,Francisco de Ibarra (El Ranchito),Ranchería,San Juan del Río,Durango,,Rural,https://postali.app/mx/durango/san-juan-del-rio/francisco-de-ibarra-el-ranchito
34494,José del Rosario (Rancho de los Rocha),Ranchería,San Juan del Río,Durango,,Rural,https://postali.app/mx/durango/san-juan-del-rio/jose-del-rosario-rancho-de-los-rocha
34494,Los Borjas [Rancho],Ranchería,San Juan del Río,Durango,,Rural,https://postali.app/mx/durango/san-juan-del-rio/los-borjas-rancho
34494,Los Frijoles,Ranchería,San Juan del Río,Durango,,Rural,https://postali.app/mx/durango/san-juan-del-rio/los-frijoles
34494,Pueblo Nuevo Francisco de Ibarra (El Crucero),Ranchería,San Juan del Río,Durango,,Rural,https://postali.app/mx/durango/san-juan-del-rio/pueblo-nuevo-francisco-de-ibarra-el-crucero
34495,El Barranco Colorado,Ejido,San Juan del Río,Durango,,Rural,https://postali.app/mx/durango/san-juan-del-rio/el-barranco-colorado
34495,El Cerro de la Ventana (Las Burras),Ranchería,San Juan del Río,Durango,,Rural,https://postali.app/mx/durango/san-juan-del-rio/el-cerro-de-la-ventana-las-burras
34495,El Chabacano,Ranchería,San Juan del Río,Durango,,Rural,https://postali.app/mx/durango/san-juan-del-rio/el-chabacano
34495,El Huizache,Ejido,San Juan del Río,Durango,,Rural,https://postali.app/mx/durango/san-juan-del-rio/el-huizache
34495,El Mezquite,Ranchería,San Juan del Río,Durango,,Rural,https://postali.app/mx/durango/san-juan-del-rio/el-mezquite
34495,La Boca del Reliz (El Bajío),Ejido,San Juan del Río,Durango,,Rural,https://postali.app/mx/durango/san-juan-del-rio/la-boca-del-reliz-el-bajio
34495,La Casita (La Laborcita),Ranchería,San Juan del Río,Durango,,Rural,https://postali.app/mx/durango/san-juan-del-rio/la-casita-la-laborcita
34495,Leona Vicario,Pueblo,San Juan del Río,Durango,,Rural,https://postali.app/mx/durango/san-juan-del-rio/leona-vicario
34495,Santa Cruz,Ejido,San Juan del Río,Durango,,Rural,https://postali.app/mx/durango/san-juan-del-rio/santa-cruz
34496,Charco Hondo,Ranchería,San Juan del Río,Durango,,Rural,https://postali.app/mx/durango/san-juan-del-rio/charco-hondo
34496,El Aguaje,Ranchería,San Juan del Río,Durango,,Rural,https://postali.app/mx/durango/san-juan-del-rio/el-aguaje
34496,El Saucito,Ranchería,San Juan del Río,Durango,,Rural,https://postali.app/mx/durango/san-juan-del-rio/el-saucito
34496,Llano del Pino,Pueblo,San Juan del Río,Durango,,Rural,https://postali.app/mx/durango/san-juan-del-rio/llano-del-pino
34496,Rancho el Tepozán,Ranchería,San Juan del Río,Durango,,Rural,https://postali.app/mx/durango/san-juan-del-rio/rancho-el-tepozan
34496,Rancho las Flores,Ranchería,San Juan del Río,Durango,,Rural,https://postali.app/mx/durango/san-juan-del-rio/rancho-las-flores
34496,Sauz de Abajo,Ranchería,San Juan del Río,Durango,,Rural,https://postali.app/mx/durango/san-juan-del-rio/sauz-de-abajo
34496,Sauz de Arriba,Ranchería,San Juan del Río,Durango,,Rural,https://postali.app/mx/durango/san-juan-del-rio/sauz-de-arriba
34496,Tesvino,Ranchería,San Juan del Río,Durango,,Rural,https://postali.app/mx/durango/san-juan-del-rio/tesvino
34497,Doroteo Arango (Ciénega de Basoco),Ejido,San Juan del Río,Durango,,Rural,https://postali.app/mx/durango/san-juan-del-rio/doroteo-arango-cienega-de-basoco
34497,El Molino Tercero,Ejido,San Juan del Río,Durango,,Rural,https://postali.app/mx/durango/san-juan-del-rio/el-molino-tercero
34497,El Terrero,Ranchería,San Juan del Río,Durango,,Rural,https://postali.app/mx/durango/san-juan-del-rio/el-terrero
34497,La Bolsa,Ejido,San Juan del Río,Durango,,Rural,https://postali.app/mx/durango/san-juan-del-rio/la-bolsa
34497,La Coyotada,Ejido,San Juan del Río,Durango,,Rural,https://postali.app/mx/durango/san-juan-del-rio/la-coyotada
34497,Las Palmas,Ranchería,San Juan del Río,Durango,,Rural,https://postali.app/mx/durango/san-juan-del-rio/las-palmas
34497,Los Ojitos [Rancho],Ranchería,San Juan del Río,Durango,,Rural,https://postali.app/mx/durango/san-juan-del-rio/los-ojitos-rancho
34497,Río Grande,Ejido,San Juan del Río,Durango,,Rural,https://postali.app/mx/durango/san-juan-del-rio/rio-grande
34500,Canelas,Pueblo,Canelas,Durango,,Urbano,https://postali.app/mx/durango/canelas/canelas
34510,Carboneras,Ranchería,Canelas,Durango,,Rural,https://postali.app/mx/durango/canelas/carboneras
34510,El Aguaje,Ranchería,Canelas,Durango,,Rural,https://postali.app/mx/durango/canelas/el-aguaje
34510,El Molino,Ranchería,Canelas,Durango,,Rural,https://postali.app/mx/durango/canelas/el-molino
34510,El Ranchito,Ranchería,Canelas,Durango,,Rural,https://postali.app/mx/durango/canelas/el-ranchito
34510,La Cañada del Macho,Ranchería,Canelas,Durango,,Rural,https://postali.app/mx/durango/canelas/la-canada-del-macho
34510,La Lajita,Ranchería,Canelas,Durango,,Rural,https://postali.app/mx/durango/canelas/la-lajita
34510,La Mesa de Coroneles,Ranchería,Canelas,Durango,,Rural,https://postali.app/mx/durango/canelas/la-mesa-de-coroneles
34510,La Mesa de los Mateos,Ranchería,Canelas,Durango,,Rural,https://postali.app/mx/durango/canelas/la-mesa-de-los-mateos
34510,La Peña,Ranchería,Canelas,Durango,,Rural,https://postali.app/mx/durango/canelas/la-pena
34510,La Ramada,Ranchería,Canelas,Durango,,Rural,https://postali.app/mx/durango/canelas/la-ramada
34510,La Yerbabuena,Pueblo,Canelas,Durango,,Rural,https://postali.app/mx/durango/canelas/la-yerbabuena
34510,Los Fresnos,Ranchería,Canelas,Durango,,Rural,https://postali.app/mx/durango/canelas/los-fresnos
34510,Los Robles,Ranchería,Canelas,Durango,,Rural,https://postali.app/mx/durango/canelas/los-robles
34510,Papudos,Ranchería,Canelas,Durango,,Rural,https://postali.app/mx/durango/canelas/papudos
34510,Pino Alto,Ranchería,Canelas,Durango,,Rural,https://postali.app/mx/durango/canelas/pino-alto
34510,Tierra Azul,Ranchería,Canelas,Durango,,Rural,https://postali.app/mx/durango/canelas/tierra-azul
34510,Ventanitas,Ranchería,Canelas,Durango,,Rural,https://postali.app/mx/durango/canelas/ventanitas
34513,Agua Blanca de Avitia,Ranchería,Canelas,Durango,,Rural,https://postali.app/mx/durango/canelas/agua-blanca-de-avitia
34513,Birimoa,Ranchería,Canelas,Durango,,Rural,https://postali.app/mx/durango/canelas/birimoa
34513,Colorado,Rancho,Canelas,Durango,,Rural,https://postali.app/mx/durango/canelas/colorado
34513,El Aguacate,Ranchería,Canelas,Durango,,Rural,https://postali.app/mx/durango/canelas/el-aguacate
34513,El Carrizo,Ranchería,Canelas,Durango,,Rural,https://postali.app/mx/durango/canelas/el-carrizo
34513,El Durazno de Beltrán,Ranchería,Canelas,Durango,,Rural,https://postali.app/mx/durango/canelas/el-durazno-de-beltran
34513,El Guasimal,Ranchería,Canelas,Durango,,Rural,https://postali.app/mx/durango/canelas/el-guasimal
34513,El Laurelito,Ranchería,Canelas,Durango,,Rural,https://postali.app/mx/durango/canelas/el-laurelito
34513,El Llano,Ranchería,Canelas,Durango,,Rural,https://postali.app/mx/durango/canelas/el-llano
34513,El Oro,Ranchería,Canelas,Durango,,Rural,https://postali.app/mx/durango/canelas/el-oro
34513,El Potrerito de Valles,Ranchería,Canelas,Durango,,Rural,https://postali.app/mx/durango/canelas/el-potrerito-de-valles
34513,El Saucito,Ranchería,Canelas,Durango,,Rural,https://postali.app/mx/durango/canelas/el-saucito
34513,El Tablón,Ranchería,Canelas,Durango,,Rural,https://postali.app/mx/durango/canelas/el-tablon
34513,La Angostura,Ranchería,Canelas,Durango,,Rural,https://postali.app/mx/durango/canelas/la-angostura
34513,La Cañita,Ranchería,Canelas,Durango,,Rural,https://postali.app/mx/durango/canelas/la-canita
34513,La Tijera,Ranchería,Canelas,Durango,,Rural,https://postali.app/mx/durango/canelas/la-tijera
34513,Las Papas,Ranchería,Canelas,Durango,,Rural,https://postali.app/mx/durango/canelas/las-papas
34513,Los Chirimoyos,Ranchería,Canelas,Durango,,Rural,https://postali.app/mx/durango/canelas/los-chirimoyos
34513,Mesa de Chirimoyo,Ranchería,Canelas,Durango,,Rural,https://postali.app/mx/durango/canelas/mesa-de-chirimoyo
34513,Mirasolar,Ranchería,Canelas,Durango,,Rural,https://postali.app/mx/durango/canelas/mirasolar
34513,Puerto de los Hernández,Ranchería,Canelas,Durango,,Rural,https://postali.app/mx/durango/canelas/puerto-de-los-hernandez
34513,San Francisco,Ranchería,Canelas,Durango,,Rural,https://postali.app/mx/durango/canelas/san-francisco
34513,San Miguel,Ranchería,Canelas,Durango,,Rural,https://postali.app/mx/durango/canelas/san-miguel
34513,San Nicolás,Ranchería,Canelas,Durango,,Rural,https://postali.app/mx/durango/canelas/san-nicolas
34513,Zapotes de Valencia,Ranchería,Canelas,Durango,,Rural,https://postali.app/mx/durango/canelas/zapotes-de-valencia
34514,Cerco de Piedra,Ranchería,Canelas,Durango,,Rural,https://postali.app/mx/durango/canelas/cerco-de-piedra
34514,El Comedero del Rodeo,Ranchería,Canelas,Durango,,Rural,https://postali.app/mx/durango/canelas/el-comedero-del-rodeo
34514,El Huesquelite,Ranchería,Canelas,Durango,,Rural,https://postali.app/mx/durango/canelas/el-huesquelite
34514,El Pinal,Ranchería,Canelas,Durango,,Rural,https://postali.app/mx/durango/canelas/el-pinal
34514,Jojobitos,Ranchería,Canelas,Durango,,Rural,https://postali.app/mx/durango/canelas/jojobitos
34514,La Cuchilla,Ranchería,Canelas,Durango,,Rural,https://postali.app/mx/durango/canelas/la-cuchilla
34514,La Ermita,Ranchería,Canelas,Durango,,Rural,https://postali.app/mx/durango/canelas/la-ermita
34514,La Joya,Ranchería,Canelas,Durango,,Rural,https://postali.app/mx/durango/canelas/la-joya
34514,La Laguna,Ranchería,Canelas,Durango,,Rural,https://postali.app/mx/durango/canelas/la-laguna
34514,La Mora (Cuesta de Pinitos),Ranchería,Canelas,Durango,,Rural,https://postali.app/mx/durango/canelas/la-mora-cuesta-de-pinitos
34514,Los Alisos,Ranchería,Canelas,Durango,,Rural,https://postali.app/mx/durango/canelas/los-alisos
34514,Los Otates,Ranchería,Canelas,Durango,,Rural,https://postali.app/mx/durango/canelas/los-otates
34514,Los Tanques,Ranchería,Canelas,Durango,,Rural,https://postali.app/mx/durango/canelas/los-tanques
34514,Rancho Viejo,Ranchería,Canelas,Durango,,Rural,https://postali.app/mx/durango/canelas/rancho-viejo
34514,Santa Rosa,Ranchería,Canelas,Durango,,Rural,https://postali.app/mx/durango/canelas/santa-rosa
34514,Zapotes de Rodríguez,Ranchería,Canelas,Durango,,Rural,https://postali.app/mx/durango/canelas/zapotes-de-rodriguez
34515,El Granadillo,Ranchería,Canelas,Durango,,Rural,https://postali.app/mx/durango/canelas/el-granadillo
34515,Las Manzanillas,Ranchería,Canelas,Durango,,Rural,https://postali.app/mx/durango/canelas/las-manzanillas
34515,Los Mangos,Ranchería,Canelas,Durango,,Rural,https://postali.app/mx/durango/canelas/los-mangos
34515,Santas Marías,Ranchería,Canelas,Durango,,Rural,https://postali.app/mx/durango/canelas/santas-marias
34520,Cebollas Grandes,Ranchería,Canelas,Durango,,Rural,https://postali.app/mx/durango/canelas/cebollas-grandes
34520,Cebollitas,Ranchería,Canelas,Durango,,Rural,https://postali.app/mx/durango/canelas/cebollitas
34520,El Pinal,Ranchería,Canelas,Durango,,Rural,https://postali.app/mx/durango/canelas/el-pinal-34520
34520,El Sobaco,Ranchería,Canelas,Durango,,Rural,https://postali.app/mx/durango/canelas/el-sobaco
34520,La Esperanza,Ranchería,Canelas,Durango,,Rural,https://postali.app/mx/durango/canelas/la-esperanza
34520,Potrero Grande,Ranchería,Canelas,Durango,,Rural,https://postali.app/mx/durango/canelas/potrero-grande
34520,Ramblas,Ranchería,Canelas,Durango,,Rural,https://postali.app/mx/durango/canelas/ramblas
34520,San José de Llanitos,Ranchería,Canelas,Durango,,Rural,https://postali.app/mx/durango/canelas/san-jose-de-llanitos
34520,San Ramón,Ranchería,Canelas,Durango,,Rural,https://postali.app/mx/durango/canelas/san-ramon
34520,Tecolotes,Ranchería,Canelas,Durango,,Rural,https://postali.app/mx/durango/canelas/tecolotes
34523,Los Lobos,Ranchería,Canelas,Durango,,Rural,https://postali.app/mx/durango/canelas/los-lobos
34523,Mesa de Guadalupe,Ranchería,Canelas,Durango,,Rural,https://postali.app/mx/durango/canelas/mesa-de-guadalupe
34524,Arroyo Grande,Ejido,Canelas,Durango,,Rural,https://postali.app/mx/durango/canelas/arroyo-grande
34524,El Granadito,Ranchería,Canelas,Durango,,Rural,https://postali.app/mx/durango/canelas/el-granadito
34524,El Madroño,Ranchería,Canelas,Durango,,Rural,https://postali.app/mx/durango/canelas/el-madrono
34524,El Madroño (La Cueva),Ranchería,Canelas,Durango,,Rural,https://postali.app/mx/durango/canelas/el-madrono-la-cueva
34524,El Río,Ranchería,Canelas,Durango,,Rural,https://postali.app/mx/durango/canelas/el-rio
34524,La Soledad,Ranchería,Canelas,Durango,,Rural,https://postali.app/mx/durango/canelas/la-soledad
34524,Los Sauces de Arroyo Grande,Ranchería,Canelas,Durango,,Rural,https://postali.app/mx/durango/canelas/los-sauces-de-arroyo-grande
34524,Los Sauces del Granadito,Ranchería,Canelas,Durango,,Rural,https://postali.app/mx/durango/canelas/los-sauces-del-granadito
34524,Salsipuedes,Ranchería,Canelas,Durango,,Rural,https://postali.app/mx/durango/canelas/salsipuedes
34524,San Juan de Huichacán,Ranchería,Canelas,Durango,,Rural,https://postali.app/mx/durango/canelas/san-juan-de-huichacan
34525,El Carrizo,Ranchería,Canelas,Durango,,Rural,https://postali.app/mx/durango/canelas/el-carrizo-34525
34525,El Derrumbe,Ranchería,Canelas,Durango,,Rural,https://postali.app/mx/durango/canelas/el-derrumbe
34525,El Durazno de los López,Ranchería,Canelas,Durango,,Rural,https://postali.app/mx/durango/canelas/el-durazno-de-los-lopez
34525,El Sauz,Ranchería,Canelas,Durango,,Rural,https://postali.app/mx/durango/canelas/el-sauz
34525,La Caña,Ranchería,Canelas,Durango,,Rural,https://postali.app/mx/durango/canelas/la-cana
34525,La Ciénega,Ranchería,Canelas,Durango,,Rural,https://postali.app/mx/durango/canelas/la-cienega
34525,La Hacienda,Rancho,Canelas,Durango,,Rural,https://postali.app/mx/durango/canelas/la-hacienda
34525,La Mesa de los Quiotes,Ranchería,Canelas,Durango,,Rural,https://postali.app/mx/durango/canelas/la-mesa-de-los-quiotes
34525,La Tembladora,Ranchería,Canelas,Durango,,Rural,https://postali.app/mx/durango/canelas/la-tembladora
34525,Los Veranos,Ranchería,Canelas,Durango,,Rural,https://postali.app/mx/durango/canelas/los-veranos
34525,Martín Avitia Carrasco,Ranchería,Canelas,Durango,,Rural,https://postali.app/mx/durango/canelas/martin-avitia-carrasco
34525,Potrerito de Carrasco,Ranchería,Canelas,Durango,,Rural,https://postali.app/mx/durango/canelas/potrerito-de-carrasco
34525,Rancho Escondido,Ranchería,Canelas,Durango,,Rural,https://postali.app/mx/durango/canelas/rancho-escondido
34526,Monte Negro,Ranchería,Canelas,Durango,,Rural,https://postali.app/mx/durango/canelas/monte-negro
34527,Brasiles,Ranchería,Canelas,Durango,,Rural,https://postali.app/mx/durango/canelas/brasiles
34527,Buenavista,Ranchería,Canelas,Durango,,Rural,https://postali.app/mx/durango/canelas/buenavista
34527,El Cajoncito,Ranchería,Canelas,Durango,,Rural,https://postali.app/mx/durango/canelas/el-cajoncito
34527,El Cajón,Ranchería,Canelas,Durango,,Rural,https://postali.app/mx/durango/canelas/el-cajon
34527,El Mautal,Ranchería,Canelas,Durango,,Rural,https://postali.app/mx/durango/canelas/el-mautal
34527,El Mecatal,Ranchería,Canelas,Durango,,Rural,https://postali.app/mx/durango/canelas/el-mecatal
34527,El Potrero de Birimoa,Ranchería,Canelas,Durango,,Rural,https://postali.app/mx/durango/canelas/el-potrero-de-birimoa
34527,El Potrero de los Cháidez,Ranchería,Canelas,Durango,,Rural,https://postali.app/mx/durango/canelas/el-potrero-de-los-chaidez
34527,El Ranchito de Birimoa,Ranchería,Canelas,Durango,,Rural,https://postali.app/mx/durango/canelas/el-ranchito-de-birimoa
34527,El Rancho Nuevo,Ranchería,Canelas,Durango,,Rural,https://postali.app/mx/durango/canelas/el-rancho-nuevo
34527,El Tepehuaje,Ranchería,Canelas,Durango,,Rural,https://postali.app/mx/durango/canelas/el-tepehuaje
34527,Guachapure,Ranchería,Canelas,Durango,,Rural,https://postali.app/mx/durango/canelas/guachapure
34527,La Plomosa,Rancho,Canelas,Durango,,Rural,https://postali.app/mx/durango/canelas/la-plomosa
34527,Las Trojas,Ranchería,Canelas,Durango,,Rural,https://postali.app/mx/durango/canelas/las-trojas
34527,Mesa de la Caña,Ranchería,Canelas,Durango,,Rural,https://postali.app/mx/durango/canelas/mesa-de-la-cana
34527,Pascuas,Ranchería,Canelas,Durango,,Rural,https://postali.app/mx/durango/canelas/pascuas
34530,Camellones,Ranchería,Canelas,Durango,,Rural,https://postali.app/mx/durango/canelas/camellones
34530,El Manzanillo,Ranchería,Canelas,Durango,,Rural,https://postali.app/mx/durango/canelas/el-manzanillo
34530,El Ojito de Camellones,Pueblo,Canelas,Durango,,Rural,https://postali.app/mx/durango/canelas/el-ojito-de-camellones
34530,El Salto de Camellones,Ranchería,Canelas,Durango,,Rural,https://postali.app/mx/durango/canelas/el-salto-de-camellones
34530,La Cieneguita,Ranchería,Canelas,Durango,,Rural,https://postali.app/mx/durango/canelas/la-cieneguita
34530,La Escondida,Ranchería,Canelas,Durango,,Rural,https://postali.app/mx/durango/canelas/la-escondida
34530,La Quebradita,Ranchería,Canelas,Durango,,Rural,https://postali.app/mx/durango/canelas/la-quebradita
34530,La Traspana,Ranchería,Canelas,Durango,,Rural,https://postali.app/mx/durango/canelas/la-traspana
34530,Las Adjuntas (La Junta),Ranchería,Canelas,Durango,,Rural,https://postali.app/mx/durango/canelas/las-adjuntas-la-junta
34530,Las Joyas,Ranchería,Canelas,Durango,,Rural,https://postali.app/mx/durango/canelas/las-joyas
34533,La Cebadilla,Ranchería,Canelas,Durango,,Rural,https://postali.app/mx/durango/canelas/la-cebadilla
34533,La Rosita,Ranchería,Canelas,Durango,,Rural,https://postali.app/mx/durango/canelas/la-rosita
34533,Santa Cruz,Ranchería,Canelas,Durango,,Rural,https://postali.app/mx/durango/canelas/santa-cruz
34533,Valuarte,Ranchería,Canelas,Durango,,Rural,https://postali.app/mx/durango/canelas/valuarte
34533,Vascogil,Ranchería,Canelas,Durango,,Rural,https://postali.app/mx/durango/canelas/vascogil
34535,El Puerto la Esperanza,Ranchería,Canelas,Durango,,Rural,https://postali.app/mx/durango/canelas/el-puerto-la-esperanza
34535,Galeancita,Ranchería,Canelas,Durango,,Rural,https://postali.app/mx/durango/canelas/galeancita
34535,Minitas de Palomas,Ranchería,Canelas,Durango,,Rural,https://postali.app/mx/durango/canelas/minitas-de-palomas
34535,Rancho Santo Niño,Ranchería,Canelas,Durango,,Rural,https://postali.app/mx/durango/canelas/rancho-santo-nino
34535,Taunitas,Ranchería,Canelas,Durango,,Rural,https://postali.app/mx/durango/canelas/taunitas
34537,La Aurora,Ranchería,Canelas,Durango,,Rural,https://postali.app/mx/durango/canelas/la-aurora
34537,La Quebrada de los Núñez,Rancho,Canelas,Durango,,Rural,https://postali.app/mx/durango/canelas/la-quebrada-de-los-nunez
34537,La Tembladora,Ranchería,Canelas,Durango,,Rural,https://postali.app/mx/durango/canelas/la-tembladora-34537
34540,Lajas,Barrio,Topia,Durango,,Urbano,https://postali.app/mx/durango/topia/lajas
34540,Topia Centro,Colonia,Topia,Durango,,Urbano,https://postali.app/mx/durango/topia/topia-centro
34543,Arado del Gallo,Ranchería,Topia,Durango,,Rural,https://postali.app/mx/durango/topia/arado-del-gallo
34543,Chapusas,Ranchería,Topia,Durango,,Rural,https://postali.app/mx/durango/topia/chapusas
34543,El Aguaje de Recio,Ranchería,Topia,Durango,,Rural,https://postali.app/mx/durango/topia/el-aguaje-de-recio
34543,El Calabazal,Ranchería,Topia,Durango,,Rural,https://postali.app/mx/durango/topia/el-calabazal
34543,El Carrizo,Ranchería,Topia,Durango,,Rural,https://postali.app/mx/durango/topia/el-carrizo
34543,El Picacho,Ranchería,Topia,Durango,,Rural,https://postali.app/mx/durango/topia/el-picacho
34543,La Cocha,Ranchería,Topia,Durango,,Rural,https://postali.app/mx/durango/topia/la-cocha
34543,La Huertecilla,Ranchería,Topia,Durango,,Rural,https://postali.app/mx/durango/topia/la-huertecilla
34543,La Manzanilla (La Amarilla),Ranchería,Topia,Durango,,Rural,https://postali.app/mx/durango/topia/la-manzanilla-la-amarilla
34543,La Ojeda,Pueblo,Topia,Durango,,Rural,https://postali.app/mx/durango/topia/la-ojeda
34543,La Pasadita (La Pasadita del Pino Real),Ranchería,Topia,Durango,,Rural,https://postali.app/mx/durango/topia/la-pasadita-la-pasadita-del-pino-real
34543,La Prieta,Ranchería,Topia,Durango,,Rural,https://postali.app/mx/durango/topia/la-prieta
34543,Los Guayabos,Ranchería,Topia,Durango,,Rural,https://postali.app/mx/durango/topia/los-guayabos
34543,Perros Bravos,Ranchería,Topia,Durango,,Rural,https://postali.app/mx/durango/topia/perros-bravos
34543,Santa Ana,Ranchería,Topia,Durango,,Rural,https://postali.app/mx/durango/topia/santa-ana
34543,Tepaltaue,Ranchería,Topia,Durango,,Rural,https://postali.app/mx/durango/topia/tepaltaue
34544,Aguaje de los Ángeles,Ranchería,Topia,Durango,,Rural,https://postali.app/mx/durango/topia/aguaje-de-los-angeles
34544,Avino,Ranchería,Topia,Durango,,Rural,https://postali.app/mx/durango/topia/avino
34544,Becerras,Ranchería,Topia,Durango,,Rural,https://postali.app/mx/durango/topia/becerras
34544,El Chilillar,Ranchería,Topia,Durango,,Rural,https://postali.app/mx/durango/topia/el-chilillar
34544,El Potrero sin Agua,Ranchería,Topia,Durango,,Rural,https://postali.app/mx/durango/topia/el-potrero-sin-agua
34544,El Rodeo,Ranchería,Topia,Durango,,Rural,https://postali.app/mx/durango/topia/el-rodeo
34544,La Candelaria,Ranchería,Topia,Durango,,Rural,https://postali.app/mx/durango/topia/la-candelaria
34544,La Carreta,Ranchería,Topia,Durango,,Rural,https://postali.app/mx/durango/topia/la-carreta
34544,La Cieneguita,Rancho,Topia,Durango,,Rural,https://postali.app/mx/durango/topia/la-cieneguita
34544,La Junta,Ranchería,Topia,Durango,,Rural,https://postali.app/mx/durango/topia/la-junta
34544,La Laguna,Ranchería,Topia,Durango,,Rural,https://postali.app/mx/durango/topia/la-laguna
34544,La Lagunita,Ranchería,Topia,Durango,,Rural,https://postali.app/mx/durango/topia/la-lagunita
34544,La Mesa Rosada,Ranchería,Topia,Durango,,Rural,https://postali.app/mx/durango/topia/la-mesa-rosada
34544,La Mesita,Ranchería,Topia,Durango,,Rural,https://postali.app/mx/durango/topia/la-mesita
34544,La Rinconada (La Labor),Ranchería,Topia,Durango,,Rural,https://postali.app/mx/durango/topia/la-rinconada-la-labor
34544,Las Papas,Ejido,Topia,Durango,,Rural,https://postali.app/mx/durango/topia/las-papas
34544,Los Pinos,Pueblo,Topia,Durango,,Rural,https://postali.app/mx/durango/topia/los-pinos
34544,Los Ángeles,Ranchería,Topia,Durango,,Rural,https://postali.app/mx/durango/topia/los-angeles
34544,Ojo de Agua,Ranchería,Topia,Durango,,Rural,https://postali.app/mx/durango/topia/ojo-de-agua
34544,Potrero de Manuel,Ranchería,Topia,Durango,,Rural,https://postali.app/mx/durango/topia/potrero-de-manuel
34544,Puerto de Jerusalén,Ranchería,Topia,Durango,,Rural,https://postali.app/mx/durango/topia/puerto-de-jerusalen
34544,San Antonio,Ranchería,Topia,Durango,,Rural,https://postali.app/mx/durango/topia/san-antonio
34544,San Bernabé,Ranchería,Topia,Durango,,Rural,https://postali.app/mx/durango/topia/san-bernabe
34544,San Francisco,Ranchería,Topia,Durango,,Rural,https://postali.app/mx/durango/topia/san-francisco
34544,San Juan de Minas,Ranchería,Topia,Durango,,Rural,https://postali.app/mx/durango/topia/san-juan-de-minas
34544,Santa Lucía,Ranchería,Topia,Durango,,Rural,https://postali.app/mx/durango/topia/santa-lucia
34544,Santiaguillo,Ranchería,Topia,Durango,,Rural,https://postali.app/mx/durango/topia/santiaguillo
34544,Torance,Ranchería,Topia,Durango,,Rural,https://postali.app/mx/durango/topia/torance
34544,Zapotito,Ranchería,Topia,Durango,,Rural,https://postali.app/mx/durango/topia/zapotito
34545,Agua Escondida,Ranchería,Topia,Durango,,Rural,https://postali.app/mx/durango/topia/agua-escondida
34545,El Carmen,Ranchería,Topia,Durango,,Rural,https://postali.app/mx/durango/topia/el-carmen
34545,El Llano,Ranchería,Topia,Durango,,Rural,https://postali.app/mx/durango/topia/el-llano
34545,El Ranchito,Ranchería,Topia,Durango,,Rural,https://postali.app/mx/durango/topia/el-ranchito
34545,El Saucito,Ranchería,Topia,Durango,,Rural,https://postali.app/mx/durango/topia/el-saucito
34545,La Cieneguita,Ranchería,Topia,Durango,,Rural,https://postali.app/mx/durango/topia/la-cieneguita-34545
34545,La Colmena,Ranchería,Topia,Durango,,Rural,https://postali.app/mx/durango/topia/la-colmena
34545,La Joya,Ranchería,Topia,Durango,,Rural,https://postali.app/mx/durango/topia/la-joya
34545,La Pedregosa,Ranchería,Topia,Durango,,Rural,https://postali.app/mx/durango/topia/la-pedregosa
34545,La Tinaja,Ranchería,Topia,Durango,,Rural,https://postali.app/mx/durango/topia/la-tinaja
34545,La Vinata,Ranchería,Topia,Durango,,Rural,https://postali.app/mx/durango/topia/la-vinata
34545,Las Mesitas,Ranchería,Topia,Durango,,Rural,https://postali.app/mx/durango/topia/las-mesitas
34545,Las Patillas,Ranchería,Topia,Durango,,Rural,https://postali.app/mx/durango/topia/las-patillas
34545,Las Trojas,Ranchería,Topia,Durango,,Rural,https://postali.app/mx/durango/topia/las-trojas
34545,Los Laureles,Ranchería,Topia,Durango,,Rural,https://postali.app/mx/durango/topia/los-laureles
34545,Los Manzanos,Ranchería,Topia,Durango,,Rural,https://postali.app/mx/durango/topia/los-manzanos
34545,Manzanilla,Ranchería,Topia,Durango,,Rural,https://postali.app/mx/durango/topia/manzanilla
34545,Piedras de Alumbre,Ranchería,Topia,Durango,,Rural,https://postali.app/mx/durango/topia/piedras-de-alumbre
34545,Potrero de las Yeguas,Rancho,Topia,Durango,,Rural,https://postali.app/mx/durango/topia/potrero-de-las-yeguas
34545,Rancho de Abajo,Ranchería,Topia,Durango,,Rural,https://postali.app/mx/durango/topia/rancho-de-abajo
34545,Rancho de Tío Juan,Ranchería,Topia,Durango,,Rural,https://postali.app/mx/durango/topia/rancho-de-tio-juan
34545,San José,Ranchería,Topia,Durango,,Rural,https://postali.app/mx/durango/topia/san-jose
34546,Chocolistagua,Ranchería,Topia,Durango,,Rural,https://postali.app/mx/durango/topia/chocolistagua
34546,El Rincón,Ranchería,Topia,Durango,,Rural,https://postali.app/mx/durango/topia/el-rincon
34546,Huesquelite,Ranchería,Topia,Durango,,Rural,https://postali.app/mx/durango/topia/huesquelite
34546,La Curtiduría,Ranchería,Topia,Durango,,Rural,https://postali.app/mx/durango/topia/la-curtiduria
34546,Los Vasitos,Ranchería,Topia,Durango,,Rural,https://postali.app/mx/durango/topia/los-vasitos
34546,Pie de la Cuesta,Ranchería,Topia,Durango,,Rural,https://postali.app/mx/durango/topia/pie-de-la-cuesta
34546,Valle de Topia,Pueblo,Topia,Durango,,Rural,https://postali.app/mx/durango/topia/valle-de-topia
34546,Vega Redonda,Ranchería,Topia,Durango,,Rural,https://postali.app/mx/durango/topia/vega-redonda
34547,El Potrero de Hernández (San Serapio),Ranchería,Topia,Durango,,Rural,https://postali.app/mx/durango/topia/el-potrero-de-hernandez-san-serapio
34548,El Ancón,Ranchería,Topia,Durango,,Rural,https://postali.app/mx/durango/topia/el-ancon
34548,La Cueva del Gallo,Ranchería,Topia,Durango,,Rural,https://postali.app/mx/durango/topia/la-cueva-del-gallo
34548,Los Alisos,Ranchería,Topia,Durango,,Rural,https://postali.app/mx/durango/topia/los-alisos
34548,Puerto de Cuevecillas,Ranchería,Topia,Durango,,Rural,https://postali.app/mx/durango/topia/puerto-de-cuevecillas
34548,Quebrada Honda,Ranchería,Topia,Durango,,Rural,https://postali.app/mx/durango/topia/quebrada-honda
34548,San José de los Manzanos (Mineral),Ranchería,Topia,Durango,,Rural,https://postali.app/mx/durango/topia/san-jose-de-los-manzanos-mineral
34550,Agua Blanca de los Rocha,Ranchería,Topia,Durango,,Rural,https://postali.app/mx/durango/topia/agua-blanca-de-los-rocha
34550,El Guacimal,Ranchería,Topia,Durango,,Rural,https://postali.app/mx/durango/topia/el-guacimal
34550,El Pino,Ranchería,Topia,Durango,,Rural,https://postali.app/mx/durango/topia/el-pino
34550,La Cupía,Ranchería,Topia,Durango,,Rural,https://postali.app/mx/durango/topia/la-cupia
34550,La Estanzuela,Pueblo,Topia,Durango,,Rural,https://postali.app/mx/durango/topia/la-estanzuela
34550,La Junta de los Hernández (La Junta),Ranchería,Topia,Durango,,Rural,https://postali.app/mx/durango/topia/la-junta-de-los-hernandez-la-junta
34550,Las Higueras,Ranchería,Topia,Durango,,Rural,https://postali.app/mx/durango/topia/las-higueras
34550,Las Trancas,Ranchería,Topia,Durango,,Rural,https://postali.app/mx/durango/topia/las-trancas
34550,Molinos,Ranchería,Topia,Durango,,Rural,https://postali.app/mx/durango/topia/molinos
34550,Pie de la Cuesta,Ranchería,Topia,Durango,,Rural,https://postali.app/mx/durango/topia/pie-de-la-cuesta-34550
34550,Vanegas,Ranchería,Topia,Durango,,Rural,https://postali.app/mx/durango/topia/vanegas
34553,Los Fresnos,Ranchería,Topia,Durango,,Rural,https://postali.app/mx/durango/topia/los-fresnos
34553,Los Laureles,Ranchería,Topia,Durango,,Rural,https://postali.app/mx/durango/topia/los-laureles-34553
34554,Agua Prieta,Ranchería,Topia,Durango,,Rural,https://postali.app/mx/durango/topia/agua-prieta
34554,Arroyo Seco,Ranchería,Topia,Durango,,Rural,https://postali.app/mx/durango/topia/arroyo-seco
34554,Boca del Arroyo Seco,Ranchería,Topia,Durango,,Rural,https://postali.app/mx/durango/topia/boca-del-arroyo-seco
34554,Cerro Blanco,Ranchería,Topia,Durango,,Rural,https://postali.app/mx/durango/topia/cerro-blanco
34554,Divisadero de Galancita,Ranchería,Topia,Durango,,Rural,https://postali.app/mx/durango/topia/divisadero-de-galancita
34554,El Arrayanal,Ranchería,Topia,Durango,,Rural,https://postali.app/mx/durango/topia/el-arrayanal
34554,El Barranco (San José de los Barrancos),Ranchería,Topia,Durango,,Rural,https://postali.app/mx/durango/topia/el-barranco-san-jose-de-los-barrancos
34554,El Bledal,Ranchería,Topia,Durango,,Rural,https://postali.app/mx/durango/topia/el-bledal
34554,El Castillito,Ranchería,Topia,Durango,,Rural,https://postali.app/mx/durango/topia/el-castillito
34554,El Destierro,Pueblo,Topia,Durango,,Rural,https://postali.app/mx/durango/topia/el-destierro
34554,El Encinal,Ranchería,Topia,Durango,,Rural,https://postali.app/mx/durango/topia/el-encinal
34554,El Guayabal,Ranchería,Topia,Durango,,Rural,https://postali.app/mx/durango/topia/el-guayabal
34554,El Llano Grande,Ranchería,Topia,Durango,,Rural,https://postali.app/mx/durango/topia/el-llano-grande
34554,El Manchón,Ranchería,Topia,Durango,,Rural,https://postali.app/mx/durango/topia/el-manchon
34554,El Muerto,Ranchería,Topia,Durango,,Rural,https://postali.app/mx/durango/topia/el-muerto
34554,El Nogal,Ranchería,Topia,Durango,,Rural,https://postali.app/mx/durango/topia/el-nogal
34554,El Nuritillo,Ranchería,Topia,Durango,,Rural,https://postali.app/mx/durango/topia/el-nuritillo
34554,El Nurito,Ranchería,Topia,Durango,,Rural,https://postali.app/mx/durango/topia/el-nurito
34554,El Palmillal,Ranchería,Topia,Durango,,Rural,https://postali.app/mx/durango/topia/el-palmillal
34554,El Palo Prieto (Chirimollo),Ranchería,Topia,Durango,,Rural,https://postali.app/mx/durango/topia/el-palo-prieto-chirimollo
34554,El Paraje,Ranchería,Topia,Durango,,Rural,https://postali.app/mx/durango/topia/el-paraje
34554,El Potrerito (Potrerillos),Ranchería,Topia,Durango,,Rural,https://postali.app/mx/durango/topia/el-potrerito-potrerillos
34554,El Ranchito de Sianori,Ranchería,Topia,Durango,,Rural,https://postali.app/mx/durango/topia/el-ranchito-de-sianori
34554,El Rincón de Galancita (El Rincón de los Alisos),Ranchería,Topia,Durango,,Rural,https://postali.app/mx/durango/topia/el-rincon-de-galancita-el-rincon-de-los-alisos
34554,El Roblar,Ranchería,Topia,Durango,,Rural,https://postali.app/mx/durango/topia/el-roblar
34554,El Saucito,Ranchería,Topia,Durango,,Rural,https://postali.app/mx/durango/topia/el-saucito-34554
34554,El Sauz,Ranchería,Topia,Durango,,Rural,https://postali.app/mx/durango/topia/el-sauz
34554,El Taste,Ranchería,Topia,Durango,,Rural,https://postali.app/mx/durango/topia/el-taste
34554,El Venado,Ranchería,Topia,Durango,,Rural,https://postali.app/mx/durango/topia/el-venado
34554,Encino Gordo,Ranchería,Topia,Durango,,Rural,https://postali.app/mx/durango/topia/encino-gordo
34554,Guamuchilito,Ranchería,Topia,Durango,,Rural,https://postali.app/mx/durango/topia/guamuchilito
34554,Guasimillas,Ranchería,Topia,Durango,,Rural,https://postali.app/mx/durango/topia/guasimillas
34554,Jojobos,Ranchería,Topia,Durango,,Rural,https://postali.app/mx/durango/topia/jojobos
34554,La Cañita,Ranchería,Topia,Durango,,Rural,https://postali.app/mx/durango/topia/la-canita
34554,La Joya,Ranchería,Topia,Durango,,Rural,https://postali.app/mx/durango/topia/la-joya-34554
34554,La Mesa del Barranco,Ranchería,Topia,Durango,,Rural,https://postali.app/mx/durango/topia/la-mesa-del-barranco
34554,La Morita (El Ciruelito),Ranchería,Topia,Durango,,Rural,https://postali.app/mx/durango/topia/la-morita-el-ciruelito
34554,La Pasadita,Ranchería,Topia,Durango,,Rural,https://postali.app/mx/durango/topia/la-pasadita
34554,La Resaga,Ranchería,Topia,Durango,,Rural,https://postali.app/mx/durango/topia/la-resaga
34554,La Sierrita de Monclova (La Sierrita),Ranchería,Topia,Durango,,Rural,https://postali.app/mx/durango/topia/la-sierrita-de-monclova-la-sierrita
34554,La Tarasca,Ranchería,Topia,Durango,,Rural,https://postali.app/mx/durango/topia/la-tarasca
34554,La Trampa,Ranchería,Topia,Durango,,Rural,https://postali.app/mx/durango/topia/la-trampa
34554,La Zorra,Ranchería,Topia,Durango,,Rural,https://postali.app/mx/durango/topia/la-zorra
34554,Las Cuevas,Ranchería,Topia,Durango,,Rural,https://postali.app/mx/durango/topia/las-cuevas
34554,Las Cupías,Ranchería,Topia,Durango,,Rural,https://postali.app/mx/durango/topia/las-cupias
34554,Las Guásimas,Ranchería,Topia,Durango,,Rural,https://postali.app/mx/durango/topia/las-guasimas
34554,Los Chirimoyos,Ranchería,Topia,Durango,,Rural,https://postali.app/mx/durango/topia/los-chirimoyos
34554,Los Madriles,Ranchería,Topia,Durango,,Rural,https://postali.app/mx/durango/topia/los-madriles
34554,Los Platanitos,Ranchería,Topia,Durango,,Rural,https://postali.app/mx/durango/topia/los-platanitos
34554,Potrero de Jojobos,Ranchería,Topia,Durango,,Rural,https://postali.app/mx/durango/topia/potrero-de-jojobos
34554,Rincón de Sianori (Rincón Viejo),Pueblo,Topia,Durango,,Rural,https://postali.app/mx/durango/topia/rincon-de-sianori-rincon-viejo
34555,Arroyo de la Galancita,Ranchería,Topia,Durango,,Rural,https://postali.app/mx/durango/topia/arroyo-de-la-galancita
34555,Arroyo el Rodeo,Ranchería,Topia,Durango,,Rural,https://postali.app/mx/durango/topia/arroyo-el-rodeo
34555,El Amolillo,Ranchería,Topia,Durango,,Rural,https://postali.app/mx/durango/topia/el-amolillo
34555,El Ayale,Ranchería,Topia,Durango,,Rural,https://postali.app/mx/durango/topia/el-ayale
34555,El Carrizo,Ranchería,Topia,Durango,,Rural,https://postali.app/mx/durango/topia/el-carrizo-34555
34555,El Duraznito,Ranchería,Topia,Durango,,Rural,https://postali.app/mx/durango/topia/el-duraznito
34555,El Nogalar,Ranchería,Topia,Durango,,Rural,https://postali.app/mx/durango/topia/el-nogalar
34555,El Palmarejito,Ranchería,Topia,Durango,,Rural,https://postali.app/mx/durango/topia/el-palmarejito
34555,El Palmarejo de Sianori,Ranchería,Topia,Durango,,Rural,https://postali.app/mx/durango/topia/el-palmarejo-de-sianori
34555,El Pedregal,Ranchería,Topia,Durango,,Rural,https://postali.app/mx/durango/topia/el-pedregal
34555,El Platanar de Sianori,Ranchería,Topia,Durango,,Rural,https://postali.app/mx/durango/topia/el-platanar-de-sianori
34555,El Rincón de la Puebla,Ranchería,Topia,Durango,,Rural,https://postali.app/mx/durango/topia/el-rincon-de-la-puebla
34555,El Rodeo,Ranchería,Topia,Durango,,Rural,https://postali.app/mx/durango/topia/el-rodeo-34555
34555,El Silloncito,Ranchería,Topia,Durango,,Rural,https://postali.app/mx/durango/topia/el-silloncito
34555,El Tarahumar,Ranchería,Topia,Durango,,Rural,https://postali.app/mx/durango/topia/el-tarahumar
34555,El Tastito,Ranchería,Topia,Durango,,Rural,https://postali.app/mx/durango/topia/el-tastito
34555,El Tular,Ranchería,Topia,Durango,,Rural,https://postali.app/mx/durango/topia/el-tular
34555,Galancita,Ranchería,Topia,Durango,,Rural,https://postali.app/mx/durango/topia/galancita
34555,Huismoras,Ranchería,Topia,Durango,,Rural,https://postali.app/mx/durango/topia/huismoras
34555,La Higuerita,Ranchería,Topia,Durango,,Rural,https://postali.app/mx/durango/topia/la-higuerita
34555,La Maroma,Ranchería,Topia,Durango,,Rural,https://postali.app/mx/durango/topia/la-maroma
34555,La Palma,Ranchería,Topia,Durango,,Rural,https://postali.app/mx/durango/topia/la-palma
34555,La Toledana,Ranchería,Topia,Durango,,Rural,https://postali.app/mx/durango/topia/la-toledana
34555,La Yerbabuena,Ranchería,Topia,Durango,,Rural,https://postali.app/mx/durango/topia/la-yerbabuena
34555,Las Adjuntas,Ranchería,Topia,Durango,,Rural,https://postali.app/mx/durango/topia/las-adjuntas
34555,Las Cardonas,Ranchería,Topia,Durango,,Rural,https://postali.app/mx/durango/topia/las-cardonas
34555,Las Cruces,Ranchería,Topia,Durango,,Rural,https://postali.app/mx/durango/topia/las-cruces
34555,Las Higueritas,Ranchería,Topia,Durango,,Rural,https://postali.app/mx/durango/topia/las-higueritas
34555,Las Huachinas,Ranchería,Topia,Durango,,Rural,https://postali.app/mx/durango/topia/las-huachinas
34555,Las Lajitas,Ranchería,Topia,Durango,,Rural,https://postali.app/mx/durango/topia/las-lajitas
34555,Los Aguajitos,Ranchería,Topia,Durango,,Rural,https://postali.app/mx/durango/topia/los-aguajitos
34555,Los de Diarte,Ranchería,Topia,Durango,,Rural,https://postali.app/mx/durango/topia/los-de-diarte
34555,Los Llanos de la Puebla,Ranchería,Topia,Durango,,Rural,https://postali.app/mx/durango/topia/los-llanos-de-la-puebla
34555,Los Mangos,Ranchería,Topia,Durango,,Rural,https://postali.app/mx/durango/topia/los-mangos
34555,Los Nogales,Ranchería,Topia,Durango,,Rural,https://postali.app/mx/durango/topia/los-nogales
34555,Los Platanitos,Ranchería,Topia,Durango,,Rural,https://postali.app/mx/durango/topia/los-platanitos-34555
34555,Los Ranchitos,Ranchería,Topia,Durango,,Rural,https://postali.app/mx/durango/topia/los-ranchitos
34555,Los Sauces,Ranchería,Topia,Durango,,Rural,https://postali.app/mx/durango/topia/los-sauces
34555,Los Verdenases,Ranchería,Topia,Durango,,Rural,https://postali.app/mx/durango/topia/los-verdenases
34555,Piedra Ancha,Ranchería,Topia,Durango,,Rural,https://postali.app/mx/durango/topia/piedra-ancha
34555,Puerto de la Gallina,Ranchería,Topia,Durango,,Rural,https://postali.app/mx/durango/topia/puerto-de-la-gallina
34556,El Salto,Ranchería,Topia,Durango,,Rural,https://postali.app/mx/durango/topia/el-salto
34556,La Canelita,Ranchería,Topia,Durango,,Rural,https://postali.app/mx/durango/topia/la-canelita
34556,La Mesa del Jardín,Ranchería,Topia,Durango,,Rural,https://postali.app/mx/durango/topia/la-mesa-del-jardin
34556,La Prieta,Ranchería,Topia,Durango,,Rural,https://postali.app/mx/durango/topia/la-prieta-34556
34556,La Vega,Ranchería,Topia,Durango,,Rural,https://postali.app/mx/durango/topia/la-vega
34556,Las Leonas,Ranchería,Topia,Durango,,Rural,https://postali.app/mx/durango/topia/las-leonas
34556,Pie de la Cuesta de Sianori,Ranchería,Topia,Durango,,Rural,https://postali.app/mx/durango/topia/pie-de-la-cuesta-de-sianori
34556,Ramos,Ranchería,Topia,Durango,,Rural,https://postali.app/mx/durango/topia/ramos
34556,San Antonio de Sianori,Ranchería,Topia,Durango,,Rural,https://postali.app/mx/durango/topia/san-antonio-de-sianori
34557,El Durazno,Ranchería,Topia,Durango,,Rural,https://postali.app/mx/durango/topia/el-durazno
34557,El Ventoso,Ranchería,Topia,Durango,,Rural,https://postali.app/mx/durango/topia/el-ventoso
34560,Buenos Aires,Ranchería,Topia,Durango,,Rural,https://postali.app/mx/durango/topia/buenos-aires
34560,El Campo,Ranchería,Topia,Durango,,Rural,https://postali.app/mx/durango/topia/el-campo
34560,El Llano,Ranchería,Topia,Durango,,Rural,https://postali.app/mx/durango/topia/el-llano-34560
34560,El Oso,Ranchería,Topia,Durango,,Rural,https://postali.app/mx/durango/topia/el-oso
34560,El Pirami,Ranchería,Topia,Durango,,Rural,https://postali.app/mx/durango/topia/el-pirami
34560,El Pitayal,Ranchería,Topia,Durango,,Rural,https://postali.app/mx/durango/topia/el-pitayal
34560,El Puerto,Ranchería,Topia,Durango,,Rural,https://postali.app/mx/durango/topia/el-puerto
34560,El Saucito,Ranchería,Topia,Durango,,Rural,https://postali.app/mx/durango/topia/el-saucito-34560
34560,El Tejamanil,Ranchería,Topia,Durango,,Rural,https://postali.app/mx/durango/topia/el-tejamanil
34560,El Zapote (Chapote),Ranchería,Topia,Durango,,Rural,https://postali.app/mx/durango/topia/el-zapote-chapote
34560,La Agua Amarilla,Ranchería,Topia,Durango,,Rural,https://postali.app/mx/durango/topia/la-agua-amarilla
34560,La Huerta,Ranchería,Topia,Durango,,Rural,https://postali.app/mx/durango/topia/la-huerta
34560,La Nopalera,Ranchería,Topia,Durango,,Rural,https://postali.app/mx/durango/topia/la-nopalera
34560,La Vega del Oso,Pueblo,Topia,Durango,,Rural,https://postali.app/mx/durango/topia/la-vega-del-oso
34560,Las Trojitas,Ranchería,Topia,Durango,,Rural,https://postali.app/mx/durango/topia/las-trojitas
34560,Los Altitos (Mesa de los Paredones),Ranchería,Topia,Durango,,Rural,https://postali.app/mx/durango/topia/los-altitos-mesa-de-los-paredones
34560,San Rafael,Ranchería,Topia,Durango,,Rural,https://postali.app/mx/durango/topia/san-rafael
34560,Vallecillos,Ranchería,Topia,Durango,,Rural,https://postali.app/mx/durango/topia/vallecillos
34563,Cuevecillas,Ranchería,Topia,Durango,,Rural,https://postali.app/mx/durango/topia/cuevecillas
34563,El Cajoncito,Ranchería,Topia,Durango,,Rural,https://postali.app/mx/durango/topia/el-cajoncito
34563,El Carrizo de Sianori,Ranchería,Topia,Durango,,Rural,https://postali.app/mx/durango/topia/el-carrizo-de-sianori
34563,El Ciruelito,Ranchería,Topia,Durango,,Rural,https://postali.app/mx/durango/topia/el-ciruelito
34563,El Potrerillo,Ranchería,Topia,Durango,,Rural,https://postali.app/mx/durango/topia/el-potrerillo
34563,El Potrero,Ranchería,Topia,Durango,,Rural,https://postali.app/mx/durango/topia/el-potrero
34563,El Taxte,Ranchería,Topia,Durango,,Rural,https://postali.app/mx/durango/topia/el-taxte
34563,El Vaso,Ranchería,Topia,Durango,,Rural,https://postali.app/mx/durango/topia/el-vaso
34563,La Caña,Ranchería,Topia,Durango,,Rural,https://postali.app/mx/durango/topia/la-cana
34563,La Hacienda,Ranchería,Topia,Durango,,Rural,https://postali.app/mx/durango/topia/la-hacienda
34563,La Higuera Chata,Ranchería,Topia,Durango,,Rural,https://postali.app/mx/durango/topia/la-higuera-chata
34563,La Ladrillera,Ranchería,Topia,Durango,,Rural,https://postali.app/mx/durango/topia/la-ladrillera
34563,Los Chilillos,Ranchería,Topia,Durango,,Rural,https://postali.app/mx/durango/topia/los-chilillos
34563,Pie de la Cuesta,Ranchería,Topia,Durango,,Rural,https://postali.app/mx/durango/topia/pie-de-la-cuesta-34563
34563,Rentería,Ranchería,Topia,Durango,,Rural,https://postali.app/mx/durango/topia/renteria
34563,San Ramón (El Ciruelito),Ranchería,Topia,Durango,,Rural,https://postali.app/mx/durango/topia/san-ramon-el-ciruelito
34563,Sianori,Ranchería,Topia,Durango,,Rural,https://postali.app/mx/durango/topia/sianori
34564,Casas Viejas,Ranchería,Topia,Durango,,Rural,https://postali.app/mx/durango/topia/casas-viejas
34564,El Comedero,Ranchería,Topia,Durango,,Rural,https://postali.app/mx/durango/topia/el-comedero
34564,El Laurel,Ranchería,Topia,Durango,,Rural,https://postali.app/mx/durango/topia/el-laurel
34564,El Mecatal,Ranchería,Topia,Durango,,Rural,https://postali.app/mx/durango/topia/el-mecatal
34564,El Roblar,Ranchería,Topia,Durango,,Rural,https://postali.app/mx/durango/topia/el-roblar-34564
34564,Jaboneral,Ranchería,Topia,Durango,,Rural,https://postali.app/mx/durango/topia/jaboneral
34564,La Aguililla,Ranchería,Topia,Durango,,Rural,https://postali.app/mx/durango/topia/la-aguililla
34564,La Pista,Ranchería,Topia,Durango,,Rural,https://postali.app/mx/durango/topia/la-pista
34564,La Sierrita de Santa Bárbara,Ranchería,Topia,Durango,,Rural,https://postali.app/mx/durango/topia/la-sierrita-de-santa-barbara
34564,La Vega Larga,Ranchería,Topia,Durango,,Rural,https://postali.app/mx/durango/topia/la-vega-larga
34564,Las Cruces (Entrada de las Cruces),Ranchería,Topia,Durango,,Rural,https://postali.app/mx/durango/topia/las-cruces-entrada-de-las-cruces
34564,Las Cuevas,Ranchería,Topia,Durango,,Rural,https://postali.app/mx/durango/topia/las-cuevas-34564
34564,Las Mulas,Ranchería,Topia,Durango,,Rural,https://postali.app/mx/durango/topia/las-mulas
34564,Rancho Viejo I,Ranchería,Topia,Durango,,Rural,https://postali.app/mx/durango/topia/rancho-viejo-i
34564,Rincón de Cruces,Ranchería,Topia,Durango,,Rural,https://postali.app/mx/durango/topia/rincon-de-cruces
34564,San Miguel,Ranchería,Topia,Durango,,Rural,https://postali.app/mx/durango/topia/san-miguel
34564,Viejo II,Rancho,Topia,Durango,,Rural,https://postali.app/mx/durango/topia/viejo-ii
34566,El Cuiche,Ranchería,Topia,Durango,,Rural,https://postali.app/mx/durango/topia/el-cuiche
34566,El Higueral,Ranchería,Topia,Durango,,Rural,https://postali.app/mx/durango/topia/el-higueral
34566,El Jarillal,Ranchería,Topia,Durango,,Rural,https://postali.app/mx/durango/topia/el-jarillal
34566,El Potrero II,Ranchería,Topia,Durango,,Rural,https://postali.app/mx/durango/topia/el-potrero-ii
34566,El Pueblo Nuevo,Pueblo,Topia,Durango,,Rural,https://postali.app/mx/durango/topia/el-pueblo-nuevo
34566,La Cejita de la Joya,Ranchería,Topia,Durango,,Rural,https://postali.app/mx/durango/topia/la-cejita-de-la-joya
34566,La Estrellita,Ranchería,Topia,Durango,,Rural,https://postali.app/mx/durango/topia/la-estrellita
34566,Las Mesas del Jarillal,Ranchería,Topia,Durango,,Rural,https://postali.app/mx/durango/topia/las-mesas-del-jarillal
34566,Los Brasiles,Ranchería,Topia,Durango,,Rural,https://postali.app/mx/durango/topia/los-brasiles
34567,Hacienda de Rueda,Exhacienda,Topia,Durango,,Rural,https://postali.app/mx/durango/topia/hacienda-de-rueda
34570,Carricitos,Ranchería,Tamazula,Durango,,Rural,https://postali.app/mx/durango/tamazula/carricitos
34570,Dolores,Ranchería,Tamazula,Durango,,Rural,https://postali.app/mx/durango/tamazula/dolores
34570,Doloritas,Ranchería,Tamazula,Durango,,Rural,https://postali.app/mx/durango/tamazula/doloritas
34570,El Aguajito,Ranchería,Tamazula,Durango,,Rural,https://postali.app/mx/durango/tamazula/el-aguajito
34570,El Alizal (La Mesa del Alizal),Ranchería,Tamazula,Durango,,Rural,https://postali.app/mx/durango/tamazula/el-alizal-la-mesa-del-alizal
34570,El Alto de la Alameda,Ranchería,Tamazula,Durango,,Rural,https://postali.app/mx/durango/tamazula/el-alto-de-la-alameda
34570,El Alto del Rodeo,Ranchería,Tamazula,Durango,,Rural,https://postali.app/mx/durango/tamazula/el-alto-del-rodeo
34570,El Barro (Las Milpillas de Arriba),Ranchería,Tamazula,Durango,,Rural,https://postali.app/mx/durango/tamazula/el-barro-las-milpillas-de-arriba
34570,El Caporal,Ranchería,Tamazula,Durango,,Rural,https://postali.app/mx/durango/tamazula/el-caporal
34570,El Capulín de Abajo,Ranchería,Tamazula,Durango,,Rural,https://postali.app/mx/durango/tamazula/el-capulin-de-abajo
34570,El Capulín de Arriba,Ranchería,Tamazula,Durango,,Rural,https://postali.app/mx/durango/tamazula/el-capulin-de-arriba
34570,El Durazno,Ejido,Tamazula,Durango,,Rural,https://postali.app/mx/durango/tamazula/el-durazno
34570,El Durazno,Ranchería,Tamazula,Durango,,Rural,https://postali.app/mx/durango/tamazula/el-durazno-34570
34570,El Gavilán,Ranchería,Tamazula,Durango,,Rural,https://postali.app/mx/durango/tamazula/el-gavilan
34570,El Jagüital,Ranchería,Tamazula,Durango,,Rural,https://postali.app/mx/durango/tamazula/el-jaguital
34570,El Llano,Ranchería,Tamazula,Durango,,Rural,https://postali.app/mx/durango/tamazula/el-llano
34570,El Perico,Ranchería,Tamazula,Durango,,Rural,https://postali.app/mx/durango/tamazula/el-perico
34570,El Poleyal de Abajo,Ranchería,Tamazula,Durango,,Rural,https://postali.app/mx/durango/tamazula/el-poleyal-de-abajo
34570,El Poleyal de Arriba,Ranchería,Tamazula,Durango,,Rural,https://postali.app/mx/durango/tamazula/el-poleyal-de-arriba
34570,El Potrero,Ranchería,Tamazula,Durango,,Rural,https://postali.app/mx/durango/tamazula/el-potrero
34570,El Puertecito,Ranchería,Tamazula,Durango,,Rural,https://postali.app/mx/durango/tamazula/el-puertecito
34570,El Puerto de Félix,Ranchería,Tamazula,Durango,,Rural,https://postali.app/mx/durango/tamazula/el-puerto-de-felix
34570,El Puerto de la Cebadilla,Ranchería,Tamazula,Durango,,Rural,https://postali.app/mx/durango/tamazula/el-puerto-de-la-cebadilla
34570,El Puerto de la Tableta,Ranchería,Tamazula,Durango,,Rural,https://postali.app/mx/durango/tamazula/el-puerto-de-la-tableta
34570,El Ranchito,Ranchería,Tamazula,Durango,,Rural,https://postali.app/mx/durango/tamazula/el-ranchito
34570,El Ranchito (El Ranchito de Núñez),Ranchería,Tamazula,Durango,,Rural,https://postali.app/mx/durango/tamazula/el-ranchito-el-ranchito-de-nunez
34570,El Ranchito de Dolores,Ranchería,Tamazula,Durango,,Rural,https://postali.app/mx/durango/tamazula/el-ranchito-de-dolores
34570,El Ranchito de Piedras de Lumbre,Ranchería,Tamazula,Durango,,Rural,https://postali.app/mx/durango/tamazula/el-ranchito-de-piedras-de-lumbre
34570,El Rebaje,Ranchería,Tamazula,Durango,,Rural,https://postali.app/mx/durango/tamazula/el-rebaje
34570,El Salto de las Cuevas de Abajo,Ranchería,Tamazula,Durango,,Rural,https://postali.app/mx/durango/tamazula/el-salto-de-las-cuevas-de-abajo
34570,El Saucito,Ranchería,Tamazula,Durango,,Rural,https://postali.app/mx/durango/tamazula/el-saucito
34570,El Sobaco,Ranchería,Tamazula,Durango,,Rural,https://postali.app/mx/durango/tamazula/el-sobaco
34570,El Sudadero,Ranchería,Tamazula,Durango,,Rural,https://postali.app/mx/durango/tamazula/el-sudadero
34570,Escarbaderos,Ranchería,Tamazula,Durango,,Rural,https://postali.app/mx/durango/tamazula/escarbaderos
34570,La Alameda,Ranchería,Tamazula,Durango,,Rural,https://postali.app/mx/durango/tamazula/la-alameda
34570,La Balanza,Ranchería,Tamazula,Durango,,Rural,https://postali.app/mx/durango/tamazula/la-balanza
34570,La Banqueta,Ranchería,Tamazula,Durango,,Rural,https://postali.app/mx/durango/tamazula/la-banqueta
34570,La Cebadilla,Ranchería,Tamazula,Durango,,Rural,https://postali.app/mx/durango/tamazula/la-cebadilla
34570,La Ciénega,Ranchería,Tamazula,Durango,,Rural,https://postali.app/mx/durango/tamazula/la-cienega
34570,La Ciénega,Pueblo,Tamazula,Durango,,Rural,https://postali.app/mx/durango/tamazula/la-cienega-34570
34570,La Cruz,Ranchería,Tamazula,Durango,,Rural,https://postali.app/mx/durango/tamazula/la-cruz
34570,La Cruz,Pueblo,Tamazula,Durango,,Rural,https://postali.app/mx/durango/tamazula/la-cruz-34570
34570,La India,Ranchería,Tamazula,Durango,,Rural,https://postali.app/mx/durango/tamazula/la-india
34570,La Joya,Ranchería,Tamazula,Durango,,Rural,https://postali.app/mx/durango/tamazula/la-joya
34570,La Joyita,Ranchería,Tamazula,Durango,,Rural,https://postali.app/mx/durango/tamazula/la-joyita
34570,La Laguna (El Catrín),Ranchería,Tamazula,Durango,,Rural,https://postali.app/mx/durango/tamazula/la-laguna-el-catrin
34570,La Mesa,Ranchería,Tamazula,Durango,,Rural,https://postali.app/mx/durango/tamazula/la-mesa
34570,La Mesa,Pueblo,Tamazula,Durango,,Rural,https://postali.app/mx/durango/tamazula/la-mesa-34570
34570,La Mesa Ancha,Ranchería,Tamazula,Durango,,Rural,https://postali.app/mx/durango/tamazula/la-mesa-ancha
34570,La Mesa de Becerros (La Joya),Ranchería,Tamazula,Durango,,Rural,https://postali.app/mx/durango/tamazula/la-mesa-de-becerros-la-joya
34570,La Mesa de las Milpas,Ranchería,Tamazula,Durango,,Rural,https://postali.app/mx/durango/tamazula/la-mesa-de-las-milpas
34570,La Mesa de Rafel,Ranchería,Tamazula,Durango,,Rural,https://postali.app/mx/durango/tamazula/la-mesa-de-rafel
34570,La Mesa del Ocote (Mesa Ancha),Ranchería,Tamazula,Durango,,Rural,https://postali.app/mx/durango/tamazula/la-mesa-del-ocote-mesa-ancha
34570,La Mesa del Oso,Ranchería,Tamazula,Durango,,Rural,https://postali.app/mx/durango/tamazula/la-mesa-del-oso
34570,La Mesa Morena,Ranchería,Tamazula,Durango,,Rural,https://postali.app/mx/durango/tamazula/la-mesa-morena
34570,La Paleta,Ranchería,Tamazula,Durango,,Rural,https://postali.app/mx/durango/tamazula/la-paleta
34570,La Rinconada,Ranchería,Tamazula,Durango,,Rural,https://postali.app/mx/durango/tamazula/la-rinconada
34570,La Rosa,Ranchería,Tamazula,Durango,,Rural,https://postali.app/mx/durango/tamazula/la-rosa
34570,La Rosa,Pueblo,Tamazula,Durango,,Rural,https://postali.app/mx/durango/tamazula/la-rosa-34570
34570,La Rosita Nueva,Ranchería,Tamazula,Durango,,Rural,https://postali.app/mx/durango/tamazula/la-rosita-nueva
34570,La Soledad,Ranchería,Tamazula,Durango,,Rural,https://postali.app/mx/durango/tamazula/la-soledad
34570,La Tijerita,Ranchería,Tamazula,Durango,,Rural,https://postali.app/mx/durango/tamazula/la-tijerita
34570,La Trampa,Ranchería,Tamazula,Durango,,Rural,https://postali.app/mx/durango/tamazula/la-trampa
34570,La Trampa,Pueblo,Tamazula,Durango,,Rural,https://postali.app/mx/durango/tamazula/la-trampa-34570
34570,Las Guásimas,Ranchería,Tamazula,Durango,,Rural,https://postali.app/mx/durango/tamazula/las-guasimas
34570,Las Joyas de Arriba,Ranchería,Tamazula,Durango,,Rural,https://postali.app/mx/durango/tamazula/las-joyas-de-arriba
34570,Las Joyitas,Ranchería,Tamazula,Durango,,Rural,https://postali.app/mx/durango/tamazula/las-joyitas
34570,Las Mesitas,Ranchería,Tamazula,Durango,,Rural,https://postali.app/mx/durango/tamazula/las-mesitas
34570,Las Milpas [Aserradero],Ranchería,Tamazula,Durango,,Rural,https://postali.app/mx/durango/tamazula/las-milpas-aserradero
34570,Las Milpas de Abajo,Ranchería,Tamazula,Durango,,Rural,https://postali.app/mx/durango/tamazula/las-milpas-de-abajo
34570,Las Milpas de Arriba,Ranchería,Tamazula,Durango,,Rural,https://postali.app/mx/durango/tamazula/las-milpas-de-arriba
34570,Las Milpas de Enmedio,Ranchería,Tamazula,Durango,,Rural,https://postali.app/mx/durango/tamazula/las-milpas-de-enmedio
34570,Las Papas (Pinos Altos),Ranchería,Tamazula,Durango,,Rural,https://postali.app/mx/durango/tamazula/las-papas-pinos-altos
34570,Los Aguajitos,Ranchería,Tamazula,Durango,,Rural,https://postali.app/mx/durango/tamazula/los-aguajitos
34570,Los Arbolitos,Ranchería,Tamazula,Durango,,Rural,https://postali.app/mx/durango/tamazula/los-arbolitos
34570,Los Barandales,Ranchería,Tamazula,Durango,,Rural,https://postali.app/mx/durango/tamazula/los-barandales
34570,Los Llanitos,Ranchería,Tamazula,Durango,,Rural,https://postali.app/mx/durango/tamazula/los-llanitos
34570,Los Oreganitos,Ranchería,Tamazula,Durango,,Rural,https://postali.app/mx/durango/tamazula/los-oreganitos
34570,Los Tejabanes,Ranchería,Tamazula,Durango,,Rural,https://postali.app/mx/durango/tamazula/los-tejabanes
34570,Los Ángeles,Ranchería,Tamazula,Durango,,Rural,https://postali.app/mx/durango/tamazula/los-angeles
34570,Marroquín de Abajo,Ranchería,Tamazula,Durango,,Rural,https://postali.app/mx/durango/tamazula/marroquin-de-abajo
34570,Mesa de la Tableta,Ranchería,Tamazula,Durango,,Rural,https://postali.app/mx/durango/tamazula/mesa-de-la-tableta
34570,Mesa de los Becerros,Ranchería,Tamazula,Durango,,Rural,https://postali.app/mx/durango/tamazula/mesa-de-los-becerros
34570,Mesa del Barro,Ranchería,Tamazula,Durango,,Rural,https://postali.app/mx/durango/tamazula/mesa-del-barro
34570,Mesa del Refugio (El Terrero),Ranchería,Tamazula,Durango,,Rural,https://postali.app/mx/durango/tamazula/mesa-del-refugio-el-terrero
34570,Nombre de Dios,Ranchería,Tamazula,Durango,,Rural,https://postali.app/mx/durango/tamazula/nombre-de-dios
34570,Palmillas (Casas Grandes),Ranchería,Tamazula,Durango,,Rural,https://postali.app/mx/durango/tamazula/palmillas-casas-grandes
34570,Pericos,Ranchería,Tamazula,Durango,,Rural,https://postali.app/mx/durango/tamazula/pericos
34570,Piedras de Lumbre,Ranchería,Tamazula,Durango,,Rural,https://postali.app/mx/durango/tamazula/piedras-de-lumbre
34570,Ranchito Nuevo,Ranchería,Tamazula,Durango,,Rural,https://postali.app/mx/durango/tamazula/ranchito-nuevo
34570,Ranchito Quemado,Ranchería,Tamazula,Durango,,Rural,https://postali.app/mx/durango/tamazula/ranchito-quemado
34570,San Cayetano,Ranchería,Tamazula,Durango,,Rural,https://postali.app/mx/durango/tamazula/san-cayetano
34570,San Cayetano de Pericos,Ranchería,Tamazula,Durango,,Rural,https://postali.app/mx/durango/tamazula/san-cayetano-de-pericos
34570,San Cesáreo,Ranchería,Tamazula,Durango,,Rural,https://postali.app/mx/durango/tamazula/san-cesareo
34570,San Ignacio,Ranchería,Tamazula,Durango,,Rural,https://postali.app/mx/durango/tamazula/san-ignacio
34570,San Isidro,Ranchería,Tamazula,Durango,,Rural,https://postali.app/mx/durango/tamazula/san-isidro
34570,San Luisito,Ranchería,Tamazula,Durango,,Rural,https://postali.app/mx/durango/tamazula/san-luisito
34570,San Rafael,Ranchería,Tamazula,Durango,,Rural,https://postali.app/mx/durango/tamazula/san-rafael
34570,San Román,Ranchería,Tamazula,Durango,,Rural,https://postali.app/mx/durango/tamazula/san-roman
34570,Santa Cruz,Ranchería,Tamazula,Durango,,Rural,https://postali.app/mx/durango/tamazula/santa-cruz
34570,Santa Águeda,Ranchería,Tamazula,Durango,,Rural,https://postali.app/mx/durango/tamazula/santa-agueda
34570,Todos Santos,Ranchería,Tamazula,Durango,,Rural,https://postali.app/mx/durango/tamazula/todos-santos
34570,Vallecillos,Ranchería,Tamazula,Durango,,Rural,https://postali.app/mx/durango/tamazula/vallecillos
34573,Arroyo del Oso,Ranchería,Tamazula,Durango,,Rural,https://postali.app/mx/durango/tamazula/arroyo-del-oso
34573,El Aguaje,Ranchería,Tamazula,Durango,,Rural,https://postali.app/mx/durango/tamazula/el-aguaje
34573,El Arroyo del Oso,Ranchería,Tamazula,Durango,,Rural,https://postali.app/mx/durango/tamazula/el-arroyo-del-oso
34573,El Gatuñal,Ranchería,Tamazula,Durango,,Rural,https://postali.app/mx/durango/tamazula/el-gatunal
34573,El Poleyal de Santa Ana,Ranchería,Tamazula,Durango,,Rural,https://postali.app/mx/durango/tamazula/el-poleyal-de-santa-ana
34573,El Potrerito,Ranchería,Tamazula,Durango,,Rural,https://postali.app/mx/durango/tamazula/el-potrerito
34573,El Puerto de la Ciénega,Ranchería,Tamazula,Durango,,Rural,https://postali.app/mx/durango/tamazula/el-puerto-de-la-cienega
34573,El Ranchito,Pueblo,Tamazula,Durango,,Rural,https://postali.app/mx/durango/tamazula/el-ranchito-34573
34573,El Ranchito,Ranchería,Tamazula,Durango,,Rural,https://postali.app/mx/durango/tamazula/el-ranchito-34573-5507
34573,El Salto,Ranchería,Tamazula,Durango,,Rural,https://postali.app/mx/durango/tamazula/el-salto
34573,El Vainillo,Ranchería,Tamazula,Durango,,Rural,https://postali.app/mx/durango/tamazula/el-vainillo
34573,Hacienda de Camarones,Rancho,Tamazula,Durango,,Rural,https://postali.app/mx/durango/tamazula/hacienda-de-camarones
34573,La Acequia (Quebrada de los Lora),Ranchería,Tamazula,Durango,,Rural,https://postali.app/mx/durango/tamazula/la-acequia-quebrada-de-los-lora
34573,La Cañada,Ranchería,Tamazula,Durango,,Rural,https://postali.app/mx/durango/tamazula/la-canada
34573,La Cebadilla,Ranchería,Tamazula,Durango,,Rural,https://postali.app/mx/durango/tamazula/la-cebadilla-34573
34573,La Cebadillita,Ranchería,Tamazula,Durango,,Rural,https://postali.app/mx/durango/tamazula/la-cebadillita
34573,La Cieneguita,Ranchería,Tamazula,Durango,,Rural,https://postali.app/mx/durango/tamazula/la-cieneguita
34573,La Ciénega,Ranchería,Tamazula,Durango,,Rural,https://postali.app/mx/durango/tamazula/la-cienega-34573
34573,La Ciénega de la Sirena,Ranchería,Tamazula,Durango,,Rural,https://postali.app/mx/durango/tamazula/la-cienega-de-la-sirena
34573,La Contrayerba,Ranchería,Tamazula,Durango,,Rural,https://postali.app/mx/durango/tamazula/la-contrayerba
34573,La Haciendita,Ranchería,Tamazula,Durango,,Rural,https://postali.app/mx/durango/tamazula/la-haciendita
34573,La Joya de Abajo,Ranchería,Tamazula,Durango,,Rural,https://postali.app/mx/durango/tamazula/la-joya-de-abajo
34573,La Mesita de Santa Ana,Ranchería,Tamazula,Durango,,Rural,https://postali.app/mx/durango/tamazula/la-mesita-de-santa-ana
34573,La Rosita,Ranchería,Tamazula,Durango,,Rural,https://postali.app/mx/durango/tamazula/la-rosita
34573,La Sirena,Ranchería,Tamazula,Durango,,Rural,https://postali.app/mx/durango/tamazula/la-sirena
34573,Las Habas,Ranchería,Tamazula,Durango,,Rural,https://postali.app/mx/durango/tamazula/las-habas
34573,Las Mesas de la Concepción,Ranchería,Tamazula,Durango,,Rural,https://postali.app/mx/durango/tamazula/las-mesas-de-la-concepcion
34573,Los Aguajes,Ranchería,Tamazula,Durango,,Rural,https://postali.app/mx/durango/tamazula/los-aguajes
34573,Los Aguajitos,Ranchería,Tamazula,Durango,,Rural,https://postali.app/mx/durango/tamazula/los-aguajitos-34573
34573,Los Desmontes,Ranchería,Tamazula,Durango,,Rural,https://postali.app/mx/durango/tamazula/los-desmontes
34573,Los Inmortales,Ranchería,Tamazula,Durango,,Rural,https://postali.app/mx/durango/tamazula/los-inmortales
34573,Los Laureles,Ranchería,Tamazula,Durango,,Rural,https://postali.app/mx/durango/tamazula/los-laureles
34573,Los Parajes,Ranchería,Tamazula,Durango,,Rural,https://postali.app/mx/durango/tamazula/los-parajes
34573,Mesa de las Palmas,Ranchería,Tamazula,Durango,,Rural,https://postali.app/mx/durango/tamazula/mesa-de-las-palmas
34573,Osos Bravos,Ranchería,Tamazula,Durango,,Rural,https://postali.app/mx/durango/tamazula/osos-bravos
34573,Rancho Escondido,Ranchería,Tamazula,Durango,,Rural,https://postali.app/mx/durango/tamazula/rancho-escondido
34573,San Anatolio,Ranchería,Tamazula,Durango,,Rural,https://postali.app/mx/durango/tamazula/san-anatolio
34573,San Darío,Ranchería,Tamazula,Durango,,Rural,https://postali.app/mx/durango/tamazula/san-dario
34573,Santa Ana,Ranchería,Tamazula,Durango,,Rural,https://postali.app/mx/durango/tamazula/santa-ana
34573,Santa Gertrudis,Ranchería,Tamazula,Durango,,Rural,https://postali.app/mx/durango/tamazula/santa-gertrudis
34573,Santa Rosita,Ranchería,Tamazula,Durango,,Rural,https://postali.app/mx/durango/tamazula/santa-rosita
34574,El Chilar,Ranchería,Tamazula,Durango,,Rural,https://postali.app/mx/durango/tamazula/el-chilar
34574,El Filtro,Ranchería,Tamazula,Durango,,Rural,https://postali.app/mx/durango/tamazula/el-filtro
34574,El Gato,Ranchería,Tamazula,Durango,,Rural,https://postali.app/mx/durango/tamazula/el-gato
34574,El Guasimal,Ranchería,Tamazula,Durango,,Rural,https://postali.app/mx/durango/tamazula/el-guasimal
34574,El Guayabito,Ranchería,Tamazula,Durango,,Rural,https://postali.app/mx/durango/tamazula/el-guayabito
34574,El Limón,Ranchería,Tamazula,Durango,,Rural,https://postali.app/mx/durango/tamazula/el-limon
34574,El Magistral,Ranchería,Tamazula,Durango,,Rural,https://postali.app/mx/durango/tamazula/el-magistral
34574,El Naranjo de San Juan,Ranchería,Tamazula,Durango,,Rural,https://postali.app/mx/durango/tamazula/el-naranjo-de-san-juan
34574,El Palmarejo,Ranchería,Tamazula,Durango,,Rural,https://postali.app/mx/durango/tamazula/el-palmarejo
34574,El Platanar,Ranchería,Tamazula,Durango,,Rural,https://postali.app/mx/durango/tamazula/el-platanar
34574,El Potrerillo,Ranchería,Tamazula,Durango,,Rural,https://postali.app/mx/durango/tamazula/el-potrerillo
34574,El Tigre,Ranchería,Tamazula,Durango,,Rural,https://postali.app/mx/durango/tamazula/el-tigre
34574,El Trompillal,Ranchería,Tamazula,Durango,,Rural,https://postali.app/mx/durango/tamazula/el-trompillal
34574,La Ciénega de Acatita Grande,Ranchería,Tamazula,Durango,,Rural,https://postali.app/mx/durango/tamazula/la-cienega-de-acatita-grande
34574,La Junta del Norotal,Ranchería,Tamazula,Durango,,Rural,https://postali.app/mx/durango/tamazula/la-junta-del-norotal
34574,La Mesa Pinosa,Ranchería,Tamazula,Durango,,Rural,https://postali.app/mx/durango/tamazula/la-mesa-pinosa
34574,La Vainilla,Ranchería,Tamazula,Durango,,Rural,https://postali.app/mx/durango/tamazula/la-vainilla
34574,Las Cañitas,Ranchería,Tamazula,Durango,,Rural,https://postali.app/mx/durango/tamazula/las-canitas
34574,Las Cruces,Ranchería,Tamazula,Durango,,Rural,https://postali.app/mx/durango/tamazula/las-cruces
34574,Las Palmas,Ranchería,Tamazula,Durango,,Rural,https://postali.app/mx/durango/tamazula/las-palmas
34574,Las Vinatas,Ranchería,Tamazula,Durango,,Rural,https://postali.app/mx/durango/tamazula/las-vinatas
34574,Los Llanos,Ranchería,Tamazula,Durango,,Rural,https://postali.app/mx/durango/tamazula/los-llanos
34574,Los Vasitos,Ranchería,Tamazula,Durango,,Rural,https://postali.app/mx/durango/tamazula/los-vasitos
34574,Norotal,Ranchería,Tamazula,Durango,,Rural,https://postali.app/mx/durango/tamazula/norotal
34574,Pie de la Cuesta,Ranchería,Tamazula,Durango,,Rural,https://postali.app/mx/durango/tamazula/pie-de-la-cuesta
34574,Portezuelo,Pueblo,Tamazula,Durango,,Rural,https://postali.app/mx/durango/tamazula/portezuelo
34574,Potrerillo,Ranchería,Tamazula,Durango,,Rural,https://postali.app/mx/durango/tamazula/potrerillo
34574,Potrero del Agua Blanca,Ranchería,Tamazula,Durango,,Rural,https://postali.app/mx/durango/tamazula/potrero-del-agua-blanca
34574,San Antonio,Ranchería,Tamazula,Durango,,Rural,https://postali.app/mx/durango/tamazula/san-antonio
34574,San Jerónimo,Ranchería,Tamazula,Durango,,Rural,https://postali.app/mx/durango/tamazula/san-jeronimo
34574,San Jorge,Ranchería,Tamazula,Durango,,Rural,https://postali.app/mx/durango/tamazula/san-jorge
34574,San Juan,Pueblo,Tamazula,Durango,,Rural,https://postali.app/mx/durango/tamazula/san-juan
34574,San Luisito (Tecolotes),Ranchería,Tamazula,Durango,,Rural,https://postali.app/mx/durango/tamazula/san-luisito-tecolotes
34574,San Miguel,Ranchería,Tamazula,Durango,,Rural,https://postali.app/mx/durango/tamazula/san-miguel
34575,Agua Caliente,Ranchería,Tamazula,Durango,,Rural,https://postali.app/mx/durango/tamazula/agua-caliente
34575,Arroyo Verde (Los Toros),Ranchería,Tamazula,Durango,,Rural,https://postali.app/mx/durango/tamazula/arroyo-verde-los-toros
34575,Bastantitas de Abajo,Ranchería,Tamazula,Durango,,Rural,https://postali.app/mx/durango/tamazula/bastantitas-de-abajo
34575,Bastantitas de Arriba,Ranchería,Tamazula,Durango,,Rural,https://postali.app/mx/durango/tamazula/bastantitas-de-arriba
34575,Boca de Arroyo del Zapote,Ranchería,Tamazula,Durango,,Rural,https://postali.app/mx/durango/tamazula/boca-de-arroyo-del-zapote
34575,Carricitos,Ranchería,Tamazula,Durango,,Rural,https://postali.app/mx/durango/tamazula/carricitos-34575
34575,Casas Viejas,Ranchería,Tamazula,Durango,,Rural,https://postali.app/mx/durango/tamazula/casas-viejas
34575,El Ayali,Ranchería,Tamazula,Durango,,Rural,https://postali.app/mx/durango/tamazula/el-ayali
34575,El Barco,Ranchería,Tamazula,Durango,,Rural,https://postali.app/mx/durango/tamazula/el-barco
34575,El Chonteco,Ranchería,Tamazula,Durango,,Rural,https://postali.app/mx/durango/tamazula/el-chonteco
34575,El Espíritu,Ranchería,Tamazula,Durango,,Rural,https://postali.app/mx/durango/tamazula/el-espiritu
34575,El Galerón,Ranchería,Tamazula,Durango,,Rural,https://postali.app/mx/durango/tamazula/el-galeron
34575,El Guamuchilar,Ranchería,Tamazula,Durango,,Rural,https://postali.app/mx/durango/tamazula/el-guamuchilar
34575,El Melón,Ranchería,Tamazula,Durango,,Rural,https://postali.app/mx/durango/tamazula/el-melon
34575,El Palmito,Ranchería,Tamazula,Durango,,Rural,https://postali.app/mx/durango/tamazula/el-palmito
34575,El Portezuelo (El Limoncito),Ranchería,Tamazula,Durango,,Rural,https://postali.app/mx/durango/tamazula/el-portezuelo-el-limoncito
34575,El Pueblito,Ranchería,Tamazula,Durango,,Rural,https://postali.app/mx/durango/tamazula/el-pueblito
34575,El Pueblo Nuevo,Pueblo,Tamazula,Durango,,Rural,https://postali.app/mx/durango/tamazula/el-pueblo-nuevo
34575,El Salto de Tabahueto,Ranchería,Tamazula,Durango,,Rural,https://postali.app/mx/durango/tamazula/el-salto-de-tabahueto
34575,El Zalate,Ranchería,Tamazula,Durango,,Rural,https://postali.app/mx/durango/tamazula/el-zalate
34575,La Higuerita (La Buena Vista),Ranchería,Tamazula,Durango,,Rural,https://postali.app/mx/durango/tamazula/la-higuerita-la-buena-vista
34575,La Mesa Colorada,Ranchería,Tamazula,Durango,,Rural,https://postali.app/mx/durango/tamazula/la-mesa-colorada
34575,La Palma Cuata,Ranchería,Tamazula,Durango,,Rural,https://postali.app/mx/durango/tamazula/la-palma-cuata
34575,La Sierrita del Alto,Ranchería,Tamazula,Durango,,Rural,https://postali.app/mx/durango/tamazula/la-sierrita-del-alto
34575,La Soledad,Ranchería,Tamazula,Durango,,Rural,https://postali.app/mx/durango/tamazula/la-soledad-34575
34575,La Vainilla,Ranchería,Tamazula,Durango,,Rural,https://postali.app/mx/durango/tamazula/la-vainilla-34575
34575,Las Juntas de Tabahueto,Ranchería,Tamazula,Durango,,Rural,https://postali.app/mx/durango/tamazula/las-juntas-de-tabahueto
34575,Las Juntitas,Ranchería,Tamazula,Durango,,Rural,https://postali.app/mx/durango/tamazula/las-juntitas
34575,Las Palmas,Ranchería,Tamazula,Durango,,Rural,https://postali.app/mx/durango/tamazula/las-palmas-34575
34575,Las Tahonas de San Fernando,Ranchería,Tamazula,Durango,,Rural,https://postali.app/mx/durango/tamazula/las-tahonas-de-san-fernando
34575,Los Guajolotes,Ranchería,Tamazula,Durango,,Rural,https://postali.app/mx/durango/tamazula/los-guajolotes
34575,Los Limones,Ranchería,Tamazula,Durango,,Rural,https://postali.app/mx/durango/tamazula/los-limones
34575,Los Llanos de Tabahueto,Ranchería,Tamazula,Durango,,Rural,https://postali.app/mx/durango/tamazula/los-llanos-de-tabahueto
34575,Peña Blanca,Ranchería,Tamazula,Durango,,Rural,https://postali.app/mx/durango/tamazula/pena-blanca
34575,Quebrada Honda de San Jorge,Ranchería,Tamazula,Durango,,Rural,https://postali.app/mx/durango/tamazula/quebrada-honda-de-san-jorge
34575,San Antonio,Ranchería,Tamazula,Durango,,Rural,https://postali.app/mx/durango/tamazula/san-antonio-34575
34575,San Fernando,Ranchería,Tamazula,Durango,,Rural,https://postali.app/mx/durango/tamazula/san-fernando
34575,San José de Tabahueto,Ranchería,Tamazula,Durango,,Rural,https://postali.app/mx/durango/tamazula/san-jose-de-tabahueto
34575,San Juachín,Ranchería,Tamazula,Durango,,Rural,https://postali.app/mx/durango/tamazula/san-juachin
34575,San Juan de las Palmas,Ranchería,Tamazula,Durango,,Rural,https://postali.app/mx/durango/tamazula/san-juan-de-las-palmas
34575,Santa Fe de San Fernando,Ranchería,Tamazula,Durango,,Rural,https://postali.app/mx/durango/tamazula/santa-fe-de-san-fernando
34575,Santa Rosa,Ranchería,Tamazula,Durango,,Rural,https://postali.app/mx/durango/tamazula/santa-rosa
34575,Sierrita del Cerro Solo,Ranchería,Tamazula,Durango,,Rural,https://postali.app/mx/durango/tamazula/sierrita-del-cerro-solo
34575,Zapotillo,Ranchería,Tamazula,Durango,,Rural,https://postali.app/mx/durango/tamazula/zapotillo
34576,Agua Azul,Ranchería,Tamazula,Durango,,Rural,https://postali.app/mx/durango/tamazula/agua-azul
34576,Chihuahuilla,Ranchería,Tamazula,Durango,,Rural,https://postali.app/mx/durango/tamazula/chihuahuilla
34576,El Aguaje Copalquín,Ranchería,Tamazula,Durango,,Rural,https://postali.app/mx/durango/tamazula/el-aguaje-copalquin
34576,El Charco Verde,Ranchería,Tamazula,Durango,,Rural,https://postali.app/mx/durango/tamazula/el-charco-verde
34576,El Cordón,Ranchería,Tamazula,Durango,,Rural,https://postali.app/mx/durango/tamazula/el-cordon
34576,El Duraznal,Ranchería,Tamazula,Durango,,Rural,https://postali.app/mx/durango/tamazula/el-duraznal
34576,El Limoncito,Ranchería,Tamazula,Durango,,Rural,https://postali.app/mx/durango/tamazula/el-limoncito
34576,El Limón de Copalquín,Ranchería,Tamazula,Durango,,Rural,https://postali.app/mx/durango/tamazula/el-limon-de-copalquin
34576,El Perote,Ranchería,Tamazula,Durango,,Rural,https://postali.app/mx/durango/tamazula/el-perote
34576,El Perú,Ranchería,Tamazula,Durango,,Rural,https://postali.app/mx/durango/tamazula/el-peru
34576,El Pinito,Ranchería,Tamazula,Durango,,Rural,https://postali.app/mx/durango/tamazula/el-pinito
34576,El Plátano,Ranchería,Tamazula,Durango,,Rural,https://postali.app/mx/durango/tamazula/el-platano
34576,El Pueblito,Ranchería,Tamazula,Durango,,Rural,https://postali.app/mx/durango/tamazula/el-pueblito-34576
34576,La Casa Vieja,Ranchería,Tamazula,Durango,,Rural,https://postali.app/mx/durango/tamazula/la-casa-vieja
34576,La Mesita,Ranchería,Tamazula,Durango,,Rural,https://postali.app/mx/durango/tamazula/la-mesita
34576,La Máquina,Ranchería,Tamazula,Durango,,Rural,https://postali.app/mx/durango/tamazula/la-maquina
34576,La Soledad,Ranchería,Tamazula,Durango,,Rural,https://postali.app/mx/durango/tamazula/la-soledad-34576
34576,La Ventana,Ranchería,Tamazula,Durango,,Rural,https://postali.app/mx/durango/tamazula/la-ventana
34576,La Víbora,Ranchería,Tamazula,Durango,,Rural,https://postali.app/mx/durango/tamazula/la-vibora
34576,Las Higueras,Ranchería,Tamazula,Durango,,Rural,https://postali.app/mx/durango/tamazula/las-higueras
34576,Las Juntas,Ranchería,Tamazula,Durango,,Rural,https://postali.app/mx/durango/tamazula/las-juntas
34576,Los Arrayanes,Ranchería,Tamazula,Durango,,Rural,https://postali.app/mx/durango/tamazula/los-arrayanes
34576,Los Ocotes,Ranchería,Tamazula,Durango,,Rural,https://postali.app/mx/durango/tamazula/los-ocotes
34576,Los Pinitos,Ranchería,Tamazula,Durango,,Rural,https://postali.app/mx/durango/tamazula/los-pinitos
34576,Los Reyes de Copalquín,Ranchería,Tamazula,Durango,,Rural,https://postali.app/mx/durango/tamazula/los-reyes-de-copalquin
34576,Los Riscos,Ranchería,Tamazula,Durango,,Rural,https://postali.app/mx/durango/tamazula/los-riscos
34576,Pie de la Cuesta,Ranchería,Tamazula,Durango,,Rural,https://postali.app/mx/durango/tamazula/pie-de-la-cuesta-34576
34576,Salsipuedes,Ranchería,Tamazula,Durango,,Rural,https://postali.app/mx/durango/tamazula/salsipuedes
34576,San Alfonso,Ranchería,Tamazula,Durango,,Rural,https://postali.app/mx/durango/tamazula/san-alfonso
34576,San Antonio,Ranchería,Tamazula,Durango,,Rural,https://postali.app/mx/durango/tamazula/san-antonio-34576
34576,San Gregorio,Ranchería,Tamazula,Durango,,Rural,https://postali.app/mx/durango/tamazula/san-gregorio
34576,San José,Ranchería,Tamazula,Durango,,Rural,https://postali.app/mx/durango/tamazula/san-jose
34577,Arroyo de la Cueva del Indio,Ranchería,Tamazula,Durango,,Rural,https://postali.app/mx/durango/tamazula/arroyo-de-la-cueva-del-indio
34577,Bajío la Yegua,Ranchería,Tamazula,Durango,,Rural,https://postali.app/mx/durango/tamazula/bajio-la-yegua
34577,Corral de Piedra,Ranchería,Tamazula,Durango,,Rural,https://postali.app/mx/durango/tamazula/corral-de-piedra
34577,Cueva Gacha,Ranchería,Tamazula,Durango,,Rural,https://postali.app/mx/durango/tamazula/cueva-gacha
34577,El Bajío Redondo,Ranchería,Tamazula,Durango,,Rural,https://postali.app/mx/durango/tamazula/el-bajio-redondo
34577,El Bañadero,Ranchería,Tamazula,Durango,,Rural,https://postali.app/mx/durango/tamazula/el-banadero
34577,El Desmonte,Ranchería,Tamazula,Durango,,Rural,https://postali.app/mx/durango/tamazula/el-desmonte
34577,El Muertecito,Ranchería,Tamazula,Durango,,Rural,https://postali.app/mx/durango/tamazula/el-muertecito
34577,El Noventa y Nueve,Ranchería,Tamazula,Durango,,Rural,https://postali.app/mx/durango/tamazula/el-noventa-y-nueve
34577,El Pie de la Cuesta,Ranchería,Tamazula,Durango,,Rural,https://postali.app/mx/durango/tamazula/el-pie-de-la-cuesta
34577,El Salitre,Ranchería,Tamazula,Durango,,Rural,https://postali.app/mx/durango/tamazula/el-salitre
34577,El Tecuán,Ranchería,Tamazula,Durango,,Rural,https://postali.app/mx/durango/tamazula/el-tecuan
34577,El Zacatito,Ranchería,Tamazula,Durango,,Rural,https://postali.app/mx/durango/tamazula/el-zacatito
34577,Guajolotes,Ranchería,Tamazula,Durango,,Rural,https://postali.app/mx/durango/tamazula/guajolotes
34577,La Agua Escondida,Ranchería,Tamazula,Durango,,Rural,https://postali.app/mx/durango/tamazula/la-agua-escondida
34577,La Aguateca,Ranchería,Tamazula,Durango,,Rural,https://postali.app/mx/durango/tamazula/la-aguateca
34577,La Cañada,Ranchería,Tamazula,Durango,,Rural,https://postali.app/mx/durango/tamazula/la-canada-34577
34577,La Cañada,Pueblo,Tamazula,Durango,,Rural,https://postali.app/mx/durango/tamazula/la-canada-34577-5579
34577,La Cumbre,Ranchería,Tamazula,Durango,,Rural,https://postali.app/mx/durango/tamazula/la-cumbre
34577,La Manga,Ranchería,Tamazula,Durango,,Rural,https://postali.app/mx/durango/tamazula/la-manga
34577,La Mesa del Venado,Ranchería,Tamazula,Durango,,Rural,https://postali.app/mx/durango/tamazula/la-mesa-del-venado
34577,La Retumbadora,Ranchería,Tamazula,Durango,,Rural,https://postali.app/mx/durango/tamazula/la-retumbadora
34577,La Soledad,Ranchería,Tamazula,Durango,,Rural,https://postali.app/mx/durango/tamazula/la-soledad-34577
34577,La Tableta,Ranchería,Tamazula,Durango,,Rural,https://postali.app/mx/durango/tamazula/la-tableta
34577,La Trampa,Ranchería,Tamazula,Durango,,Rural,https://postali.app/mx/durango/tamazula/la-trampa-34577
34577,La Trampa,Pueblo,Tamazula,Durango,,Rural,https://postali.app/mx/durango/tamazula/la-trampa-34577-5695
34577,Las Banquetas,Ranchería,Tamazula,Durango,,Rural,https://postali.app/mx/durango/tamazula/las-banquetas
34577,Las Cuevas,Ranchería,Tamazula,Durango,,Rural,https://postali.app/mx/durango/tamazula/las-cuevas
34577,Las Cuevas de Abajo,Ranchería,Tamazula,Durango,,Rural,https://postali.app/mx/durango/tamazula/las-cuevas-de-abajo
34577,Las Cuevas de Enmedio,Ranchería,Tamazula,Durango,,Rural,https://postali.app/mx/durango/tamazula/las-cuevas-de-enmedio
34577,Las Pilas,Ranchería,Tamazula,Durango,,Rural,https://postali.app/mx/durango/tamazula/las-pilas
34577,Los Bajíos,Ranchería,Tamazula,Durango,,Rural,https://postali.app/mx/durango/tamazula/los-bajios
34577,Los Frailes,Ranchería,Tamazula,Durango,,Rural,https://postali.app/mx/durango/tamazula/los-frailes
34577,Los Frailitos,Ranchería,Tamazula,Durango,,Rural,https://postali.app/mx/durango/tamazula/los-frailitos
34577,Mesa del Corral de Piedra,Ranchería,Tamazula,Durango,,Rural,https://postali.app/mx/durango/tamazula/mesa-del-corral-de-piedra
34577,Pitorreal,Ranchería,Tamazula,Durango,,Rural,https://postali.app/mx/durango/tamazula/pitorreal
34577,Pitorrealito,Ranchería,Tamazula,Durango,,Rural,https://postali.app/mx/durango/tamazula/pitorrealito
34577,San Juan del Tecuan,Ranchería,Tamazula,Durango,,Rural,https://postali.app/mx/durango/tamazula/san-juan-del-tecuan
34577,San Rafael,Ranchería,Tamazula,Durango,,Rural,https://postali.app/mx/durango/tamazula/san-rafael-34577
34577,Vallecillos,Ranchería,Tamazula,Durango,,Rural,https://postali.app/mx/durango/tamazula/vallecillos-34577
34580,Tamazula de Victoria,Pueblo,Tamazula,Durango,,Urbano,https://postali.app/mx/durango/tamazula/tamazula-de-victoria
34583,Acachuane,Ranchería,Tamazula,Durango,,Rural,https://postali.app/mx/durango/tamazula/acachuane
34583,Acatita Grande (Acatita),Ranchería,Tamazula,Durango,,Rural,https://postali.app/mx/durango/tamazula/acatita-grande-acatita
34583,Agua Caliente,Pueblo,Tamazula,Durango,,Rural,https://postali.app/mx/durango/tamazula/agua-caliente-34583
34583,Amacuable,Ranchería,Tamazula,Durango,,Rural,https://postali.app/mx/durango/tamazula/amacuable
34583,Chacoal,Ranchería,Tamazula,Durango,,Rural,https://postali.app/mx/durango/tamazula/chacoal
34583,El Bledal,Ranchería,Tamazula,Durango,,Rural,https://postali.app/mx/durango/tamazula/el-bledal
34583,El Carrizal,Ranchería,Tamazula,Durango,,Rural,https://postali.app/mx/durango/tamazula/el-carrizal
34583,El Castillo,Ranchería,Tamazula,Durango,,Rural,https://postali.app/mx/durango/tamazula/el-castillo
34583,El Muerto,Ranchería,Tamazula,Durango,,Rural,https://postali.app/mx/durango/tamazula/el-muerto
34583,El Otatal,Ranchería,Tamazula,Durango,,Rural,https://postali.app/mx/durango/tamazula/el-otatal
34583,El Salto,Ranchería,Tamazula,Durango,,Rural,https://postali.app/mx/durango/tamazula/el-salto-34583
34583,El Tecomate,Ranchería,Tamazula,Durango,,Rural,https://postali.app/mx/durango/tamazula/el-tecomate
34583,Huizolixta,Ranchería,Tamazula,Durango,,Rural,https://postali.app/mx/durango/tamazula/huizolixta
34583,La Ciénega de Otates,Ranchería,Tamazula,Durango,,Rural,https://postali.app/mx/durango/tamazula/la-cienega-de-otates
34583,La Enramada,Ranchería,Tamazula,Durango,,Rural,https://postali.app/mx/durango/tamazula/la-enramada
34583,La Junta,Ranchería,Tamazula,Durango,,Rural,https://postali.app/mx/durango/tamazula/la-junta
34583,La Laguna,Ranchería,Tamazula,Durango,,Rural,https://postali.app/mx/durango/tamazula/la-laguna
34583,La Lajita,Ranchería,Tamazula,Durango,,Rural,https://postali.app/mx/durango/tamazula/la-lajita
34583,Las Higueritas,Ranchería,Tamazula,Durango,,Rural,https://postali.app/mx/durango/tamazula/las-higueritas
34583,Las Trancas,Ranchería,Tamazula,Durango,,Rural,https://postali.app/mx/durango/tamazula/las-trancas
34583,Los Aguajitos,Ranchería,Tamazula,Durango,,Rural,https://postali.app/mx/durango/tamazula/los-aguajitos-34583
34583,Los Arrayanes,Ranchería,Tamazula,Durango,,Rural,https://postali.app/mx/durango/tamazula/los-arrayanes-34583
34583,Los Chapotes,Ranchería,Tamazula,Durango,,Rural,https://postali.app/mx/durango/tamazula/los-chapotes
34583,Los Coyotes,Ranchería,Tamazula,Durango,,Rural,https://postali.app/mx/durango/tamazula/los-coyotes
34583,Los Medios,Ranchería,Tamazula,Durango,,Rural,https://postali.app/mx/durango/tamazula/los-medios
34583,Los Otates,Ranchería,Tamazula,Durango,,Rural,https://postali.app/mx/durango/tamazula/los-otates
34583,Palos Verdes,Ranchería,Tamazula,Durango,,Rural,https://postali.app/mx/durango/tamazula/palos-verdes
34583,Potrerillo,Ranchería,Tamazula,Durango,,Rural,https://postali.app/mx/durango/tamazula/potrerillo-34583
34583,San José del Rancho,Ranchería,Tamazula,Durango,,Rural,https://postali.app/mx/durango/tamazula/san-jose-del-rancho
34583,Tacuitapa,Ranchería,Tamazula,Durango,,Rural,https://postali.app/mx/durango/tamazula/tacuitapa
34583,Topiba,Ranchería,Tamazula,Durango,,Rural,https://postali.app/mx/durango/tamazula/topiba
34584,Arroyo Grande de Matavacas,Ranchería,Tamazula,Durango,,Rural,https://postali.app/mx/durango/tamazula/arroyo-grande-de-matavacas
34584,Boca del Arroyo,Ranchería,Tamazula,Durango,,Rural,https://postali.app/mx/durango/tamazula/boca-del-arroyo
34584,Casas Viejas,Ranchería,Tamazula,Durango,,Rural,https://postali.app/mx/durango/tamazula/casas-viejas-34584
34584,Cerro Blanco,Ranchería,Tamazula,Durango,,Rural,https://postali.app/mx/durango/tamazula/cerro-blanco
34584,Coluta,Ejido,Tamazula,Durango,,Rural,https://postali.app/mx/durango/tamazula/coluta
34584,Colutilla,Ranchería,Tamazula,Durango,,Rural,https://postali.app/mx/durango/tamazula/colutilla
34584,El Aguaje,Ranchería,Tamazula,Durango,,Rural,https://postali.app/mx/durango/tamazula/el-aguaje-34584
34584,El Arrayanal,Ranchería,Tamazula,Durango,,Rural,https://postali.app/mx/durango/tamazula/el-arrayanal
34584,El Cajón,Ranchería,Tamazula,Durango,,Rural,https://postali.app/mx/durango/tamazula/el-cajon
34584,El Carrizal de Coluta,Ranchería,Tamazula,Durango,,Rural,https://postali.app/mx/durango/tamazula/el-carrizal-de-coluta
34584,El Chalatón,Ranchería,Tamazula,Durango,,Rural,https://postali.app/mx/durango/tamazula/el-chalaton
34584,El Ciruelito,Ranchería,Tamazula,Durango,,Rural,https://postali.app/mx/durango/tamazula/el-ciruelito
34584,El Cucharo,Ranchería,Tamazula,Durango,,Rural,https://postali.app/mx/durango/tamazula/el-cucharo
34584,El Frijolar,Ranchería,Tamazula,Durango,,Rural,https://postali.app/mx/durango/tamazula/el-frijolar
34584,El Gachupín,Ranchería,Tamazula,Durango,,Rural,https://postali.app/mx/durango/tamazula/el-gachupin
34584,El Guamúchil,Ranchería,Tamazula,Durango,,Rural,https://postali.app/mx/durango/tamazula/el-guamuchil
34584,El Guayabito,Ranchería,Tamazula,Durango,,Rural,https://postali.app/mx/durango/tamazula/el-guayabito-34584
34584,El Igualamo,Ranchería,Tamazula,Durango,,Rural,https://postali.app/mx/durango/tamazula/el-igualamo
34584,El Melón,Ranchería,Tamazula,Durango,,Rural,https://postali.app/mx/durango/tamazula/el-melon-34584
34584,El Molino de la Ventana,Ranchería,Tamazula,Durango,,Rural,https://postali.app/mx/durango/tamazula/el-molino-de-la-ventana
34584,El Ojito,Ranchería,Tamazula,Durango,,Rural,https://postali.app/mx/durango/tamazula/el-ojito
34584,El Oso,Ranchería,Tamazula,Durango,,Rural,https://postali.app/mx/durango/tamazula/el-oso
34584,El Palmarejo,Ranchería,Tamazula,Durango,,Rural,https://postali.app/mx/durango/tamazula/el-palmarejo-34584
34584,El Pinal,Ranchería,Tamazula,Durango,,Rural,https://postali.app/mx/durango/tamazula/el-pinal
34584,El Platanar,Ranchería,Tamazula,Durango,,Rural,https://postali.app/mx/durango/tamazula/el-platanar-34584
34584,El Potrerillo,Ranchería,Tamazula,Durango,,Rural,https://postali.app/mx/durango/tamazula/el-potrerillo-34584
34584,El Potrero de Guasimillas,Ranchería,Tamazula,Durango,,Rural,https://postali.app/mx/durango/tamazula/el-potrero-de-guasimillas
34584,El Potrero de la Ventana,Ranchería,Tamazula,Durango,,Rural,https://postali.app/mx/durango/tamazula/el-potrero-de-la-ventana
34584,El Pueblito del Aguaje,Ranchería,Tamazula,Durango,,Rural,https://postali.app/mx/durango/tamazula/el-pueblito-del-aguaje
34584,El Quemado,Ranchería,Tamazula,Durango,,Rural,https://postali.app/mx/durango/tamazula/el-quemado
34584,El Ranchito,Ranchería,Tamazula,Durango,,Rural,https://postali.app/mx/durango/tamazula/el-ranchito-34584
34584,El Realito de la Ventana,Ranchería,Tamazula,Durango,,Rural,https://postali.app/mx/durango/tamazula/el-realito-de-la-ventana
34584,El Recodo,Ranchería,Tamazula,Durango,,Rural,https://postali.app/mx/durango/tamazula/el-recodo
34584,El Sabino,Ranchería,Tamazula,Durango,,Rural,https://postali.app/mx/durango/tamazula/el-sabino
34584,El Sobaco,Ranchería,Tamazula,Durango,,Rural,https://postali.app/mx/durango/tamazula/el-sobaco-34584
34584,El Tápale,Ranchería,Tamazula,Durango,,Rural,https://postali.app/mx/durango/tamazula/el-tapale
34584,Guadalupe de Urrea,Ranchería,Tamazula,Durango,,Rural,https://postali.app/mx/durango/tamazula/guadalupe-de-urrea
34584,Guasimillas,Ranchería,Tamazula,Durango,,Rural,https://postali.app/mx/durango/tamazula/guasimillas
34584,Huejotita,Ranchería,Tamazula,Durango,,Rural,https://postali.app/mx/durango/tamazula/huejotita
34584,La Boca del Arroyo,Ranchería,Tamazula,Durango,,Rural,https://postali.app/mx/durango/tamazula/la-boca-del-arroyo
34584,La Dura,Ranchería,Tamazula,Durango,,Rural,https://postali.app/mx/durango/tamazula/la-dura
34584,La Haciendita,Ranchería,Tamazula,Durango,,Rural,https://postali.app/mx/durango/tamazula/la-haciendita-34584
34584,La Higuerita,Ranchería,Tamazula,Durango,,Rural,https://postali.app/mx/durango/tamazula/la-higuerita
34584,La Huerta de Coluta,Ranchería,Tamazula,Durango,,Rural,https://postali.app/mx/durango/tamazula/la-huerta-de-coluta
34584,La Joya,Ranchería,Tamazula,Durango,,Rural,https://postali.app/mx/durango/tamazula/la-joya-34584
34584,La Mesa de la Perra,Ranchería,Tamazula,Durango,,Rural,https://postali.app/mx/durango/tamazula/la-mesa-de-la-perra
34584,La Palma,Ranchería,Tamazula,Durango,,Rural,https://postali.app/mx/durango/tamazula/la-palma
34584,La Palmita,Ranchería,Tamazula,Durango,,Rural,https://postali.app/mx/durango/tamazula/la-palmita
34584,La Taunita,Ranchería,Tamazula,Durango,,Rural,https://postali.app/mx/durango/tamazula/la-taunita
34584,La Vinatería,Ranchería,Tamazula,Durango,,Rural,https://postali.app/mx/durango/tamazula/la-vinateria
34584,Las Chicuritas,Ranchería,Tamazula,Durango,,Rural,https://postali.app/mx/durango/tamazula/las-chicuritas
34584,Las Juntas de los Arroyos,Ranchería,Tamazula,Durango,,Rural,https://postali.app/mx/durango/tamazula/las-juntas-de-los-arroyos
34584,Las Juntas del Santo Niño,Ranchería,Tamazula,Durango,,Rural,https://postali.app/mx/durango/tamazula/las-juntas-del-santo-nino
34584,Las Mesas de Coluta,Ranchería,Tamazula,Durango,,Rural,https://postali.app/mx/durango/tamazula/las-mesas-de-coluta
34584,Los Aguacates,Ranchería,Tamazula,Durango,,Rural,https://postali.app/mx/durango/tamazula/los-aguacates
34584,Los Algodones,Ranchería,Tamazula,Durango,,Rural,https://postali.app/mx/durango/tamazula/los-algodones
34584,Los Arrayanes,Ranchería,Tamazula,Durango,,Rural,https://postali.app/mx/durango/tamazula/los-arrayanes-34584
34584,Los Carrizos,Ranchería,Tamazula,Durango,,Rural,https://postali.app/mx/durango/tamazula/los-carrizos
34584,Los Limones,Ranchería,Tamazula,Durango,,Rural,https://postali.app/mx/durango/tamazula/los-limones-34584
34584,Los Pantanos,Ranchería,Tamazula,Durango,,Rural,https://postali.app/mx/durango/tamazula/los-pantanos
34584,Los Pinos de Guasimillas,Ranchería,Tamazula,Durango,,Rural,https://postali.app/mx/durango/tamazula/los-pinos-de-guasimillas
34584,Los Vasitos,Ranchería,Tamazula,Durango,,Rural,https://postali.app/mx/durango/tamazula/los-vasitos-34584
34584,Monte Largo,Ranchería,Tamazula,Durango,,Rural,https://postali.app/mx/durango/tamazula/monte-largo
34584,Otatillos,Ranchería,Tamazula,Durango,,Rural,https://postali.app/mx/durango/tamazula/otatillos
34584,Pie de la Cuesta,Ranchería,Tamazula,Durango,,Rural,https://postali.app/mx/durango/tamazula/pie-de-la-cuesta-34584
34584,Rancho Viejo,Ranchería,Tamazula,Durango,,Rural,https://postali.app/mx/durango/tamazula/rancho-viejo
34584,San Javier,Ranchería,Tamazula,Durango,,Rural,https://postali.app/mx/durango/tamazula/san-javier
34584,San José de Chiqueritos,Ranchería,Tamazula,Durango,,Rural,https://postali.app/mx/durango/tamazula/san-jose-de-chiqueritos
34584,San José de la Bajada,Ranchería,Tamazula,Durango,,Rural,https://postali.app/mx/durango/tamazula/san-jose-de-la-bajada
34584,Tachichinque,Ranchería,Tamazula,Durango,,Rural,https://postali.app/mx/durango/tamazula/tachichinque
34585,El Aguaje de la Tierra,Ranchería,Tamazula,Durango,,Rural,https://postali.app/mx/durango/tamazula/el-aguaje-de-la-tierra
34585,El Cabuchal,Ranchería,Tamazula,Durango,,Rural,https://postali.app/mx/durango/tamazula/el-cabuchal
34585,El Guayabo del Rodeo,Ranchería,Tamazula,Durango,,Rural,https://postali.app/mx/durango/tamazula/el-guayabo-del-rodeo
34585,El Llano de Palmillas,Ranchería,Tamazula,Durango,,Rural,https://postali.app/mx/durango/tamazula/el-llano-de-palmillas
34585,El Pando Grande,Ranchería,Tamazula,Durango,,Rural,https://postali.app/mx/durango/tamazula/el-pando-grande
34585,El Ranchito,Ranchería,Tamazula,Durango,,Rural,https://postali.app/mx/durango/tamazula/el-ranchito-34585
34585,El Remudadero,Ranchería,Tamazula,Durango,,Rural,https://postali.app/mx/durango/tamazula/el-remudadero
34585,El Rodeo,Ranchería,Tamazula,Durango,,Rural,https://postali.app/mx/durango/tamazula/el-rodeo
34585,El Taste,Ranchería,Tamazula,Durango,,Rural,https://postali.app/mx/durango/tamazula/el-taste
34585,El Tastito,Ranchería,Tamazula,Durango,,Rural,https://postali.app/mx/durango/tamazula/el-tastito
34585,El Tastito de Sicairos,Ranchería,Tamazula,Durango,,Rural,https://postali.app/mx/durango/tamazula/el-tastito-de-sicairos
34585,El Toro,Ranchería,Tamazula,Durango,,Rural,https://postali.app/mx/durango/tamazula/el-toro
34585,La Calera,Ranchería,Tamazula,Durango,,Rural,https://postali.app/mx/durango/tamazula/la-calera
34585,La Mantecosa,Ranchería,Tamazula,Durango,,Rural,https://postali.app/mx/durango/tamazula/la-mantecosa
34585,La Mesa Colorada,Ranchería,Tamazula,Durango,,Rural,https://postali.app/mx/durango/tamazula/la-mesa-colorada-34585
34585,La Mocha,Ranchería,Tamazula,Durango,,Rural,https://postali.app/mx/durango/tamazula/la-mocha
34585,La Pantera,Ranchería,Tamazula,Durango,,Rural,https://postali.app/mx/durango/tamazula/la-pantera
34585,La Reforma,Ranchería,Tamazula,Durango,,Rural,https://postali.app/mx/durango/tamazula/la-reforma
34585,La Vainilla,Ranchería,Tamazula,Durango,,Rural,https://postali.app/mx/durango/tamazula/la-vainilla-34585
34585,Las Guásimas,Ranchería,Tamazula,Durango,,Rural,https://postali.app/mx/durango/tamazula/las-guasimas-34585
34585,Las Quebradas,Ranchería,Tamazula,Durango,,Rural,https://postali.app/mx/durango/tamazula/las-quebradas
34585,Los Braceros,Ranchería,Tamazula,Durango,,Rural,https://postali.app/mx/durango/tamazula/los-braceros
34585,Los Copalitos,Ranchería,Tamazula,Durango,,Rural,https://postali.app/mx/durango/tamazula/los-copalitos
34585,Sahuatenipa,Ranchería,Tamazula,Durango,,Rural,https://postali.app/mx/durango/tamazula/sahuatenipa
34586,Aguaje Grande,Ranchería,Tamazula,Durango,,Rural,https://postali.app/mx/durango/tamazula/aguaje-grande
34586,El Bajío,Ranchería,Tamazula,Durango,,Rural,https://postali.app/mx/durango/tamazula/el-bajio
34586,El Guayabito,Ranchería,Tamazula,Durango,,Rural,https://postali.app/mx/durango/tamazula/el-guayabito-34586
34586,El Guzmán,Ranchería,Tamazula,Durango,,Rural,https://postali.app/mx/durango/tamazula/el-guzman
34586,El Picacho,Ranchería,Tamazula,Durango,,Rural,https://postali.app/mx/durango/tamazula/el-picacho
34586,El Taste,Ranchería,Tamazula,Durango,,Rural,https://postali.app/mx/durango/tamazula/el-taste-34586
34586,El Tosiguay,Ranchería,Tamazula,Durango,,Rural,https://postali.app/mx/durango/tamazula/el-tosiguay
34586,La Cieneguita,Ranchería,Tamazula,Durango,,Rural,https://postali.app/mx/durango/tamazula/la-cieneguita-34586
34586,La Ciénega de los Caballos,Ranchería,Tamazula,Durango,,Rural,https://postali.app/mx/durango/tamazula/la-cienega-de-los-caballos
34586,La Ciénega de Tosiguay,Ranchería,Tamazula,Durango,,Rural,https://postali.app/mx/durango/tamazula/la-cienega-de-tosiguay
34586,La Ciénega del Tule,Ranchería,Tamazula,Durango,,Rural,https://postali.app/mx/durango/tamazula/la-cienega-del-tule
34586,La Cruz de Ocote,Ranchería,Tamazula,Durango,,Rural,https://postali.app/mx/durango/tamazula/la-cruz-de-ocote
34586,La Huerta,Ranchería,Tamazula,Durango,,Rural,https://postali.app/mx/durango/tamazula/la-huerta
34586,La Laguna del Carrizo,Ranchería,Tamazula,Durango,,Rural,https://postali.app/mx/durango/tamazula/la-laguna-del-carrizo
34586,La Mesa del Vaso,Ranchería,Tamazula,Durango,,Rural,https://postali.app/mx/durango/tamazula/la-mesa-del-vaso
34586,La Nueva Rosita Morada,Ranchería,Tamazula,Durango,,Rural,https://postali.app/mx/durango/tamazula/la-nueva-rosita-morada
34586,La Sauceda,Ranchería,Tamazula,Durango,,Rural,https://postali.app/mx/durango/tamazula/la-sauceda
34586,Las Cupías,Ranchería,Tamazula,Durango,,Rural,https://postali.app/mx/durango/tamazula/las-cupias
34586,Las Juntitas,Ranchería,Tamazula,Durango,,Rural,https://postali.app/mx/durango/tamazula/las-juntitas-34586
34586,Las Papas,Ranchería,Tamazula,Durango,,Rural,https://postali.app/mx/durango/tamazula/las-papas
34586,Las Trancas,Ranchería,Tamazula,Durango,,Rural,https://postali.app/mx/durango/tamazula/las-trancas-34586
34586,Lo de Silva,Ranchería,Tamazula,Durango,,Rural,https://postali.app/mx/durango/tamazula/lo-de-silva
34586,Los Ayuches (Los Ayutes),Ranchería,Tamazula,Durango,,Rural,https://postali.app/mx/durango/tamazula/los-ayuches-los-ayutes
34586,Los Tigres,Ranchería,Tamazula,Durango,,Rural,https://postali.app/mx/durango/tamazula/los-tigres
34586,Mautal,Ranchería,Tamazula,Durango,,Rural,https://postali.app/mx/durango/tamazula/mautal
34586,Pinos Altos,Ranchería,Tamazula,Durango,,Rural,https://postali.app/mx/durango/tamazula/pinos-altos
34586,San Antonio de la Cueva,Ranchería,Tamazula,Durango,,Rural,https://postali.app/mx/durango/tamazula/san-antonio-de-la-cueva
34587,Carricitos,Pueblo,Tamazula,Durango,,Rural,https://postali.app/mx/durango/tamazula/carricitos-34587
34587,Chacala,Pueblo,Tamazula,Durango,,Rural,https://postali.app/mx/durango/tamazula/chacala
34587,El Guamuchilito,Ranchería,Tamazula,Durango,,Rural,https://postali.app/mx/durango/tamazula/el-guamuchilito
34587,El Potrerillo de Chacala,Ranchería,Tamazula,Durango,,Rural,https://postali.app/mx/durango/tamazula/el-potrerillo-de-chacala
34587,El Sauce,Ranchería,Tamazula,Durango,,Rural,https://postali.app/mx/durango/tamazula/el-sauce
34587,El Tastito,Ranchería,Tamazula,Durango,,Rural,https://postali.app/mx/durango/tamazula/el-tastito-34587
34587,La Mesa del Rodeo,Ranchería,Tamazula,Durango,,Rural,https://postali.app/mx/durango/tamazula/la-mesa-del-rodeo
34587,Las Mesas de Chacala,Ranchería,Tamazula,Durango,,Rural,https://postali.app/mx/durango/tamazula/las-mesas-de-chacala
34587,Los Chapotes,Ranchería,Tamazula,Durango,,Rural,https://postali.app/mx/durango/tamazula/los-chapotes-34587
34587,Otatillos,Ranchería,Tamazula,Durango,,Rural,https://postali.app/mx/durango/tamazula/otatillos-34587
34587,Quebrada Honda,Ranchería,Tamazula,Durango,,Rural,https://postali.app/mx/durango/tamazula/quebrada-honda
34587,Tapichahua,Ranchería,Tamazula,Durango,,Rural,https://postali.app/mx/durango/tamazula/tapichahua
34588,Acatitán,Pueblo,Tamazula,Durango,,Rural,https://postali.app/mx/durango/tamazula/acatitan
34588,Chapotán,Pueblo,Tamazula,Durango,,Rural,https://postali.app/mx/durango/tamazula/chapotan
34588,Coloma,Ranchería,Tamazula,Durango,,Rural,https://postali.app/mx/durango/tamazula/coloma
34588,Colomita,Ranchería,Tamazula,Durango,,Rural,https://postali.app/mx/durango/tamazula/colomita
34588,El Guayabo,Ranchería,Tamazula,Durango,,Rural,https://postali.app/mx/durango/tamazula/el-guayabo
34588,El Parralito,Ranchería,Tamazula,Durango,,Rural,https://postali.app/mx/durango/tamazula/el-parralito
34588,El Potrerillo de Chapotán,Ranchería,Tamazula,Durango,,Rural,https://postali.app/mx/durango/tamazula/el-potrerillo-de-chapotan
34588,El Remolino,Ranchería,Tamazula,Durango,,Rural,https://postali.app/mx/durango/tamazula/el-remolino
34588,El Rincón,Ranchería,Tamazula,Durango,,Rural,https://postali.app/mx/durango/tamazula/el-rincon
34588,Jala,Pueblo,Tamazula,Durango,,Rural,https://postali.app/mx/durango/tamazula/jala
34588,La Cruz,Ranchería,Tamazula,Durango,,Rural,https://postali.app/mx/durango/tamazula/la-cruz-34588
34588,Las Higueras,Ranchería,Tamazula,Durango,,Rural,https://postali.app/mx/durango/tamazula/las-higueras-34588
34588,Palmillas,Pueblo,Tamazula,Durango,,Rural,https://postali.app/mx/durango/tamazula/palmillas
34588,Pie de la Cuesta de Palmillas,Ranchería,Tamazula,Durango,,Rural,https://postali.app/mx/durango/tamazula/pie-de-la-cuesta-de-palmillas
34588,Potrero de Jala,Ranchería,Tamazula,Durango,,Rural,https://postali.app/mx/durango/tamazula/potrero-de-jala
34588,San Isidro,Ranchería,Tamazula,Durango,,Rural,https://postali.app/mx/durango/tamazula/san-isidro-34588
34590,Chapotillos,Ranchería,Tamazula,Durango,,Rural,https://postali.app/mx/durango/tamazula/chapotillos
34590,Chinacatita,Ranchería,Tamazula,Durango,,Rural,https://postali.app/mx/durango/tamazula/chinacatita
34590,Ciénega de los Beltranes,Ranchería,Tamazula,Durango,,Rural,https://postali.app/mx/durango/tamazula/cienega-de-los-beltranes
34590,Corpus,Ranchería,Tamazula,Durango,,Rural,https://postali.app/mx/durango/tamazula/corpus
34590,El Arado,Ranchería,Tamazula,Durango,,Rural,https://postali.app/mx/durango/tamazula/el-arado
34590,El Carricillo de los Núñez,Ranchería,Tamazula,Durango,,Rural,https://postali.app/mx/durango/tamazula/el-carricillo-de-los-nunez
34590,El Carrizo de la Petaca,Ranchería,Tamazula,Durango,,Rural,https://postali.app/mx/durango/tamazula/el-carrizo-de-la-petaca
34590,El Durazno,Ranchería,Tamazula,Durango,,Rural,https://postali.app/mx/durango/tamazula/el-durazno-34590
34590,El Limón,Ranchería,Tamazula,Durango,,Rural,https://postali.app/mx/durango/tamazula/el-limon-34590
34590,El Llano,Ranchería,Tamazula,Durango,,Rural,https://postali.app/mx/durango/tamazula/el-llano-34590
34590,El Llano,Pueblo,Tamazula,Durango,,Rural,https://postali.app/mx/durango/tamazula/el-llano-34590-5438
34590,El Platanar,Ranchería,Tamazula,Durango,,Rural,https://postali.app/mx/durango/tamazula/el-platanar-34590
34590,El Potrero,Ranchería,Tamazula,Durango,,Rural,https://postali.app/mx/durango/tamazula/el-potrero-34590
34590,El Salto,Ranchería,Tamazula,Durango,,Rural,https://postali.app/mx/durango/tamazula/el-salto-34590
34590,El Zapatero,Ranchería,Tamazula,Durango,,Rural,https://postali.app/mx/durango/tamazula/el-zapatero
34590,La Belleza,Ranchería,Tamazula,Durango,,Rural,https://postali.app/mx/durango/tamazula/la-belleza
34590,La Campana,Ranchería,Tamazula,Durango,,Rural,https://postali.app/mx/durango/tamazula/la-campana
34590,La Sidra,Ranchería,Tamazula,Durango,,Rural,https://postali.app/mx/durango/tamazula/la-sidra
34590,Las Juntitas,Ranchería,Tamazula,Durango,,Rural,https://postali.app/mx/durango/tamazula/las-juntitas-34590
34590,Las Lajitas,Ranchería,Tamazula,Durango,,Rural,https://postali.app/mx/durango/tamazula/las-lajitas
34590,Las Mesas,Ranchería,Tamazula,Durango,,Rural,https://postali.app/mx/durango/tamazula/las-mesas
34590,Los Remedios,Pueblo,Tamazula,Durango,,Rural,https://postali.app/mx/durango/tamazula/los-remedios
34590,Los Reyes,Zona federal,Tamazula,Durango,,Rural,https://postali.app/mx/durango/tamazula/los-reyes
34590,Los Sauces,Ranchería,Tamazula,Durango,,Rural,https://postali.app/mx/durango/tamazula/los-sauces
34590,Los Tomates,Ranchería,Tamazula,Durango,,Rural,https://postali.app/mx/durango/tamazula/los-tomates
34590,Palo Dulce,Ranchería,Tamazula,Durango,,Rural,https://postali.app/mx/durango/tamazula/palo-dulce
34590,San Antonio,Ranchería,Tamazula,Durango,,Rural,https://postali.app/mx/durango/tamazula/san-antonio-34590
34590,San Julián,Ranchería,Tamazula,Durango,,Rural,https://postali.app/mx/durango/tamazula/san-julian
34590,Santa Catarina,Ranchería,Tamazula,Durango,,Rural,https://postali.app/mx/durango/tamazula/santa-catarina
34590,Santa Fe,Ranchería,Tamazula,Durango,,Rural,https://postali.app/mx/durango/tamazula/santa-fe
34590,Santa María de los Remedios,Ranchería,Tamazula,Durango,,Rural,https://postali.app/mx/durango/tamazula/santa-maria-de-los-remedios
34593,El Cedrito,Ranchería,Tamazula,Durango,,Rural,https://postali.app/mx/durango/tamazula/el-cedrito
34593,El Ciruelito,Ranchería,Tamazula,Durango,,Rural,https://postali.app/mx/durango/tamazula/el-ciruelito-34593
34593,El Ciruelo,Ranchería,Tamazula,Durango,,Rural,https://postali.app/mx/durango/tamazula/el-ciruelo
34593,El Gorgoyón,Ranchería,Tamazula,Durango,,Rural,https://postali.app/mx/durango/tamazula/el-gorgoyon
34593,El Pino,Ranchería,Tamazula,Durango,,Rural,https://postali.app/mx/durango/tamazula/el-pino
34593,El Platanar,Ranchería,Tamazula,Durango,,Rural,https://postali.app/mx/durango/tamazula/el-platanar-34593
34593,El Potrero,Ranchería,Tamazula,Durango,,Rural,https://postali.app/mx/durango/tamazula/el-potrero-34593
34593,El Sauce,Ranchería,Tamazula,Durango,,Rural,https://postali.app/mx/durango/tamazula/el-sauce-34593
34593,Guayabastita,Ranchería,Tamazula,Durango,,Rural,https://postali.app/mx/durango/tamazula/guayabastita
34593,La Cofradía,Ranchería,Tamazula,Durango,,Rural,https://postali.app/mx/durango/tamazula/la-cofradia
34593,La Guacamaya,Ranchería,Tamazula,Durango,,Rural,https://postali.app/mx/durango/tamazula/la-guacamaya
34593,La Palma,Ranchería,Tamazula,Durango,,Rural,https://postali.app/mx/durango/tamazula/la-palma-34593
34593,La Toma,Ranchería,Tamazula,Durango,,Rural,https://postali.app/mx/durango/tamazula/la-toma
34593,Las Iglesias,Ranchería,Tamazula,Durango,,Rural,https://postali.app/mx/durango/tamazula/las-iglesias
34593,Las Joyas,Ranchería,Tamazula,Durango,,Rural,https://postali.app/mx/durango/tamazula/las-joyas
34593,Los Arrayanes,Ranchería,Tamazula,Durango,,Rural,https://postali.app/mx/durango/tamazula/los-arrayanes-34593
34593,Los Cimientos,Ranchería,Tamazula,Durango,,Rural,https://postali.app/mx/durango/tamazula/los-cimientos
34593,Los Robles,Ranchería,Tamazula,Durango,,Rural,https://postali.app/mx/durango/tamazula/los-robles
34593,Sabanas Altas,Ranchería,Tamazula,Durango,,Rural,https://postali.app/mx/durango/tamazula/sabanas-altas
34593,San Isidro,Ranchería,Tamazula,Durango,,Rural,https://postali.app/mx/durango/tamazula/san-isidro-34593
34593,San José de Viborillas,Ranchería,Tamazula,Durango,,Rural,https://postali.app/mx/durango/tamazula/san-jose-de-viborillas
34593,San Juan de los Frailes,Ranchería,Tamazula,Durango,,Rural,https://postali.app/mx/durango/tamazula/san-juan-de-los-frailes
34593,Santa Gertrudis,Ranchería,Tamazula,Durango,,Rural,https://postali.app/mx/durango/tamazula/santa-gertrudis-34593
34593,Tanibol,Ranchería,Tamazula,Durango,,Rural,https://postali.app/mx/durango/tamazula/tanibol
34593,Viborillas,Ranchería,Tamazula,Durango,,Rural,https://postali.app/mx/durango/tamazula/viborillas
34594,El Bolas,Ranchería,Tamazula,Durango,,Rural,https://postali.app/mx/durango/tamazula/el-bolas
34594,El Duraznito,Ranchería,Tamazula,Durango,,Rural,https://postali.app/mx/durango/tamazula/el-duraznito
34594,El Embudo,Ranchería,Tamazula,Durango,,Rural,https://postali.app/mx/durango/tamazula/el-embudo
34594,El Limón,Ranchería,Tamazula,Durango,,Rural,https://postali.app/mx/durango/tamazula/el-limon-34594
34594,El Salto,Ranchería,Tamazula,Durango,,Rural,https://postali.app/mx/durango/tamazula/el-salto-34594
34594,El Tachinole,Ranchería,Tamazula,Durango,,Rural,https://postali.app/mx/durango/tamazula/el-tachinole
34594,El Verano,Ranchería,Tamazula,Durango,,Rural,https://postali.app/mx/durango/tamazula/el-verano
34594,El Zapote,Ranchería,Tamazula,Durango,,Rural,https://postali.app/mx/durango/tamazula/el-zapote
34594,La Gloria,Ranchería,Tamazula,Durango,,Rural,https://postali.app/mx/durango/tamazula/la-gloria
34594,La Huerta,Ranchería,Tamazula,Durango,,Rural,https://postali.app/mx/durango/tamazula/la-huerta-34594
34594,La Lagunita,Ranchería,Tamazula,Durango,,Rural,https://postali.app/mx/durango/tamazula/la-lagunita
34594,La Piedrosa,Ranchería,Tamazula,Durango,,Rural,https://postali.app/mx/durango/tamazula/la-piedrosa
34594,La Sierrita,Ranchería,Tamazula,Durango,,Rural,https://postali.app/mx/durango/tamazula/la-sierrita
34594,La Tableta,Ranchería,Tamazula,Durango,,Rural,https://postali.app/mx/durango/tamazula/la-tableta-34594
34594,Las Carreras,Ranchería,Tamazula,Durango,,Rural,https://postali.app/mx/durango/tamazula/las-carreras
34594,Las Iglesias,Ranchería,Tamazula,Durango,,Rural,https://postali.app/mx/durango/tamazula/las-iglesias-34594
34594,Las Milpas,Ranchería,Tamazula,Durango,,Rural,https://postali.app/mx/durango/tamazula/las-milpas
34594,Los Cuates,Ranchería,Tamazula,Durango,,Rural,https://postali.app/mx/durango/tamazula/los-cuates
34594,Los Jacales,Ranchería,Tamazula,Durango,,Rural,https://postali.app/mx/durango/tamazula/los-jacales
34594,Los Laureles,Ranchería,Tamazula,Durango,,Rural,https://postali.app/mx/durango/tamazula/los-laureles-34594
34594,Pinos Altos,Ranchería,Tamazula,Durango,,Rural,https://postali.app/mx/durango/tamazula/pinos-altos-34594
34594,Río de los Barragán,Ranchería,Tamazula,Durango,,Rural,https://postali.app/mx/durango/tamazula/rio-de-los-barragan
34594,Tabacotes,Ranchería,Tamazula,Durango,,Rural,https://postali.app/mx/durango/tamazula/tabacotes
34595,Cananea,Ranchería,Tamazula,Durango,,Rural,https://postali.app/mx/durango/tamazula/cananea
34595,Cantarranas,Ranchería,Tamazula,Durango,,Rural,https://postali.app/mx/durango/tamazula/cantarranas
34595,Coacoyole,Ranchería,Tamazula,Durango,,Rural,https://postali.app/mx/durango/tamazula/coacoyole
34595,Cuesta Blanca,Ranchería,Tamazula,Durango,,Rural,https://postali.app/mx/durango/tamazula/cuesta-blanca
34595,El Chicural,Ranchería,Tamazula,Durango,,Rural,https://postali.app/mx/durango/tamazula/el-chicural
34595,El Chirimoyo,Ranchería,Tamazula,Durango,,Rural,https://postali.app/mx/durango/tamazula/el-chirimoyo
34595,El Naranjo,Ranchería,Tamazula,Durango,,Rural,https://postali.app/mx/durango/tamazula/el-naranjo
34595,El Parían,Ranchería,Tamazula,Durango,,Rural,https://postali.app/mx/durango/tamazula/el-parian
34595,El Saltillo,Ranchería,Tamazula,Durango,,Rural,https://postali.app/mx/durango/tamazula/el-saltillo
34595,La Boquilla,Ranchería,Tamazula,Durango,,Rural,https://postali.app/mx/durango/tamazula/la-boquilla
34595,La Borrega,Ranchería,Tamazula,Durango,,Rural,https://postali.app/mx/durango/tamazula/la-borrega
34595,La Higuera Hueca,Ranchería,Tamazula,Durango,,Rural,https://postali.app/mx/durango/tamazula/la-higuera-hueca
34595,La Iguana,Ranchería,Tamazula,Durango,,Rural,https://postali.app/mx/durango/tamazula/la-iguana
34595,La Piedra Bola,Ranchería,Tamazula,Durango,,Rural,https://postali.app/mx/durango/tamazula/la-piedra-bola
34595,La Sierrita,Ranchería,Tamazula,Durango,,Rural,https://postali.app/mx/durango/tamazula/la-sierrita-34595
34595,Las Haciendas,Ranchería,Tamazula,Durango,,Rural,https://postali.app/mx/durango/tamazula/las-haciendas
34595,Las Juntas,Ranchería,Tamazula,Durango,,Rural,https://postali.app/mx/durango/tamazula/las-juntas-34595
34595,Las Moras,Ranchería,Tamazula,Durango,,Rural,https://postali.app/mx/durango/tamazula/las-moras
34595,Los Tacotes,Ranchería,Tamazula,Durango,,Rural,https://postali.app/mx/durango/tamazula/los-tacotes
34595,Quebrada de los Durán,Ranchería,Tamazula,Durango,,Rural,https://postali.app/mx/durango/tamazula/quebrada-de-los-duran
34595,Quebrada de los Sánchez,Ranchería,Tamazula,Durango,,Rural,https://postali.app/mx/durango/tamazula/quebrada-de-los-sanchez
34595,Rancho Viejo,Ranchería,Tamazula,Durango,,Rural,https://postali.app/mx/durango/tamazula/rancho-viejo-34595
34595,Rincón de los Macedo,Ranchería,Tamazula,Durango,,Rural,https://postali.app/mx/durango/tamazula/rincon-de-los-macedo
34595,San Javier,Ranchería,Tamazula,Durango,,Rural,https://postali.app/mx/durango/tamazula/san-javier-34595
34595,Santa Ana,Ranchería,Tamazula,Durango,,Rural,https://postali.app/mx/durango/tamazula/santa-ana-34595
34595,Vetillas,Ranchería,Tamazula,Durango,,Rural,https://postali.app/mx/durango/tamazula/vetillas
34596,Amaculí,Ranchería,Tamazula,Durango,,Rural,https://postali.app/mx/durango/tamazula/amaculi
34596,Coloma,Ranchería,Tamazula,Durango,,Rural,https://postali.app/mx/durango/tamazula/coloma-34596
34596,Dos de Abril,Ranchería,Tamazula,Durango,,Rural,https://postali.app/mx/durango/tamazula/dos-de-abril
34596,El Aguaje,Ranchería,Tamazula,Durango,,Rural,https://postali.app/mx/durango/tamazula/el-aguaje-34596
34596,El Carrizo de Amaculí,Ranchería,Tamazula,Durango,,Rural,https://postali.app/mx/durango/tamazula/el-carrizo-de-amaculi
34596,El Cedral,Ranchería,Tamazula,Durango,,Rural,https://postali.app/mx/durango/tamazula/el-cedral
34596,El Frijolar,Ranchería,Tamazula,Durango,,Rural,https://postali.app/mx/durango/tamazula/el-frijolar-34596
34596,El Llano Redondo,Ranchería,Tamazula,Durango,,Rural,https://postali.app/mx/durango/tamazula/el-llano-redondo
34596,El Potrero,Ranchería,Tamazula,Durango,,Rural,https://postali.app/mx/durango/tamazula/el-potrero-34596
34596,El Reparo,Ranchería,Tamazula,Durango,,Rural,https://postali.app/mx/durango/tamazula/el-reparo
34596,El Tigre,Ranchería,Tamazula,Durango,,Rural,https://postali.app/mx/durango/tamazula/el-tigre-34596
34596,La Boca del Arroyo,Ranchería,Tamazula,Durango,,Rural,https://postali.app/mx/durango/tamazula/la-boca-del-arroyo-34596
34596,La Cañada,Ranchería,Tamazula,Durango,,Rural,https://postali.app/mx/durango/tamazula/la-canada-34596
34596,La Cueva Santa,Ranchería,Tamazula,Durango,,Rural,https://postali.app/mx/durango/tamazula/la-cueva-santa
34596,La Güichi,Ranchería,Tamazula,Durango,,Rural,https://postali.app/mx/durango/tamazula/la-guichi
34596,La Mesa,Ranchería,Tamazula,Durango,,Rural,https://postali.app/mx/durango/tamazula/la-mesa-34596
34596,Las Apomas,Ranchería,Tamazula,Durango,,Rural,https://postali.app/mx/durango/tamazula/las-apomas
34596,Las Calabazas,Ranchería,Tamazula,Durango,,Rural,https://postali.app/mx/durango/tamazula/las-calabazas
34596,Las Coloraditas,Ranchería,Tamazula,Durango,,Rural,https://postali.app/mx/durango/tamazula/las-coloraditas
34596,Las Duras,Ranchería,Tamazula,Durango,,Rural,https://postali.app/mx/durango/tamazula/las-duras
34596,Las Juntas de Amaculi,Ranchería,Tamazula,Durango,,Rural,https://postali.app/mx/durango/tamazula/las-juntas-de-amaculi
34596,Las Palmas,Ranchería,Tamazula,Durango,,Rural,https://postali.app/mx/durango/tamazula/las-palmas-34596
34596,Los Giotes,Ranchería,Tamazula,Durango,,Rural,https://postali.app/mx/durango/tamazula/los-giotes
34596,Los Ocotes,Ranchería,Tamazula,Durango,,Rural,https://postali.app/mx/durango/tamazula/los-ocotes-34596
34596,Los Tepeguajes,Ranchería,Tamazula,Durango,,Rural,https://postali.app/mx/durango/tamazula/los-tepeguajes
34596,Los Velarde,Ranchería,Tamazula,Durango,,Rural,https://postali.app/mx/durango/tamazula/los-velarde
34596,Pito Real,Ranchería,Tamazula,Durango,,Rural,https://postali.app/mx/durango/tamazula/pito-real
34596,Pueblo Viejo,Ranchería,Tamazula,Durango,,Rural,https://postali.app/mx/durango/tamazula/pueblo-viejo
34596,Santa Bárbara,Ranchería,Tamazula,Durango,,Rural,https://postali.app/mx/durango/tamazula/santa-barbara
34596,Santa Elena (La Monte),Ranchería,Tamazula,Durango,,Rural,https://postali.app/mx/durango/tamazula/santa-elena-la-monte
34597,Casas Viejas,Ranchería,Tamazula,Durango,,Rural,https://postali.app/mx/durango/tamazula/casas-viejas-34597
34597,El Confital,Ranchería,Tamazula,Durango,,Rural,https://postali.app/mx/durango/tamazula/el-confital
34597,El Igualamo,Ranchería,Tamazula,Durango,,Rural,https://postali.app/mx/durango/tamazula/el-igualamo-34597
34597,El Limón,Ranchería,Tamazula,Durango,,Rural,https://postali.app/mx/durango/tamazula/el-limon-34597
34597,El Llano,Ranchería,Tamazula,Durango,,Rural,https://postali.app/mx/durango/tamazula/el-llano-34597
34597,El Papagayo,Ranchería,Tamazula,Durango,,Rural,https://postali.app/mx/durango/tamazula/el-papagayo
34597,El Potrero de Macabresto,Ranchería,Tamazula,Durango,,Rural,https://postali.app/mx/durango/tamazula/el-potrero-de-macabresto
34597,El Verdú,Ranchería,Tamazula,Durango,,Rural,https://postali.app/mx/durango/tamazula/el-verdu
34597,La Ciénega de los Camberos,Ranchería,Tamazula,Durango,,Rural,https://postali.app/mx/durango/tamazula/la-cienega-de-los-camberos
34597,La Mesa de San José,Ranchería,Tamazula,Durango,,Rural,https://postali.app/mx/durango/tamazula/la-mesa-de-san-jose
34597,La Mesa del Ingeniero,Ranchería,Tamazula,Durango,,Rural,https://postali.app/mx/durango/tamazula/la-mesa-del-ingeniero
34597,La Piedra,Ranchería,Tamazula,Durango,,Rural,https://postali.app/mx/durango/tamazula/la-piedra
34597,Las Coloradas,Ranchería,Tamazula,Durango,,Rural,https://postali.app/mx/durango/tamazula/las-coloradas
34597,Las Coloradas de Arriba,Ranchería,Tamazula,Durango,,Rural,https://postali.app/mx/durango/tamazula/las-coloradas-de-arriba
34597,Los Plátanos,Ranchería,Tamazula,Durango,,Rural,https://postali.app/mx/durango/tamazula/los-platanos
34597,Piedra Cerrada,Ranchería,Tamazula,Durango,,Rural,https://postali.app/mx/durango/tamazula/piedra-cerrada
34597,San José,Ranchería,Tamazula,Durango,,Rural,https://postali.app/mx/durango/tamazula/san-jose-34597
34598,Agua Caliente,Ranchería,Tamazula,Durango,,Rural,https://postali.app/mx/durango/tamazula/agua-caliente-34598
34598,Aguatita,Ranchería,Tamazula,Durango,,Rural,https://postali.app/mx/durango/tamazula/aguatita
34598,Arroyo Grande,Ranchería,Tamazula,Durango,,Rural,https://postali.app/mx/durango/tamazula/arroyo-grande
34598,Carricitos,Ranchería,Tamazula,Durango,,Rural,https://postali.app/mx/durango/tamazula/carricitos-34598
34598,El Chapalote,Ranchería,Tamazula,Durango,,Rural,https://postali.app/mx/durango/tamazula/el-chapalote
34598,El Chapote,Ranchería,Tamazula,Durango,,Rural,https://postali.app/mx/durango/tamazula/el-chapote
34598,El Guayabón,Ranchería,Tamazula,Durango,,Rural,https://postali.app/mx/durango/tamazula/el-guayabon
34598,El Judío,Ranchería,Tamazula,Durango,,Rural,https://postali.app/mx/durango/tamazula/el-judio
34598,El Palmar,Ranchería,Tamazula,Durango,,Rural,https://postali.app/mx/durango/tamazula/el-palmar
34598,El Palmarejo,Ranchería,Tamazula,Durango,,Rural,https://postali.app/mx/durango/tamazula/el-palmarejo-34598
34598,El Potrero de Abajo,Ranchería,Tamazula,Durango,,Rural,https://postali.app/mx/durango/tamazula/el-potrero-de-abajo
34598,El Potrero de Arriba,Ranchería,Tamazula,Durango,,Rural,https://postali.app/mx/durango/tamazula/el-potrero-de-arriba
34598,El Rincón,Ranchería,Tamazula,Durango,,Rural,https://postali.app/mx/durango/tamazula/el-rincon-34598
34598,El Tule,Ranchería,Tamazula,Durango,,Rural,https://postali.app/mx/durango/tamazula/el-tule
34598,Jomulco,Ranchería,Tamazula,Durango,,Rural,https://postali.app/mx/durango/tamazula/jomulco
34598,La Cruz,Ranchería,Tamazula,Durango,,Rural,https://postali.app/mx/durango/tamazula/la-cruz-34598
34598,La Cupía,Ranchería,Tamazula,Durango,,Rural,https://postali.app/mx/durango/tamazula/la-cupia
34598,La Higuera,Ranchería,Tamazula,Durango,,Rural,https://postali.app/mx/durango/tamazula/la-higuera
34598,La Presa,Ranchería,Tamazula,Durango,,Rural,https://postali.app/mx/durango/tamazula/la-presa
34598,Las Garrochas,Ranchería,Tamazula,Durango,,Rural,https://postali.app/mx/durango/tamazula/las-garrochas
34598,Las Lajas,Ranchería,Tamazula,Durango,,Rural,https://postali.app/mx/durango/tamazula/las-lajas
34598,Mesa del Pino,Ranchería,Tamazula,Durango,,Rural,https://postali.app/mx/durango/tamazula/mesa-del-pino
34598,Quenibas,Ranchería,Tamazula,Durango,,Rural,https://postali.app/mx/durango/tamazula/quenibas
34598,Rancho San Diego,Ranchería,Tamazula,Durango,,Rural,https://postali.app/mx/durango/tamazula/rancho-san-diego
34600,Barrazas,Ejido,Santiago Papasquiaro,Durango,,Rural,https://postali.app/mx/durango/santiago-papasquiaro/barrazas
34600,Centro Distrital de Reinserción Social,Equipamiento,Santiago Papasquiaro,Durango,,Rural,https://postali.app/mx/durango/santiago-papasquiaro/centro-distrital-de-reinsercion-social
34600,Del Bosque [Grupo Empresarial],Ranchería,Santiago Papasquiaro,Durango,,Rural,https://postali.app/mx/durango/santiago-papasquiaro/del-bosque-grupo-empresarial
34600,El Cazadero,Pueblo,Santiago Papasquiaro,Durango,,Rural,https://postali.app/mx/durango/santiago-papasquiaro/el-cazadero
34600,El Cerrito,Ranchería,Santiago Papasquiaro,Durango,,Rural,https://postali.app/mx/durango/santiago-papasquiaro/el-cerrito
34600,El Conejo,Ranchería,Santiago Papasquiaro,Durango,,Rural,https://postali.app/mx/durango/santiago-papasquiaro/el-conejo
34600,El Entronque,Ranchería,Santiago Papasquiaro,Durango,,Rural,https://postali.app/mx/durango/santiago-papasquiaro/el-entronque
34600,El Lucero,Ranchería,Santiago Papasquiaro,Durango,,Rural,https://postali.app/mx/durango/santiago-papasquiaro/el-lucero
34600,El Rincón,Ranchería,Santiago Papasquiaro,Durango,,Rural,https://postali.app/mx/durango/santiago-papasquiaro/el-rincon
34600,El Torreón,Ranchería,Santiago Papasquiaro,Durango,,Rural,https://postali.app/mx/durango/santiago-papasquiaro/el-torreon
34600,Emiliano Zapata [Vivero Forestal],Ranchería,Santiago Papasquiaro,Durango,,Rural,https://postali.app/mx/durango/santiago-papasquiaro/emiliano-zapata-vivero-forestal
34600,Giselle [Aserradero],Ranchería,Santiago Papasquiaro,Durango,,Rural,https://postali.app/mx/durango/santiago-papasquiaro/giselle-aserradero
34600,Hervideros,Ranchería,Santiago Papasquiaro,Durango,,Rural,https://postali.app/mx/durango/santiago-papasquiaro/hervideros
34600,La Herradura,Ranchería,Santiago Papasquiaro,Durango,,Rural,https://postali.app/mx/durango/santiago-papasquiaro/la-herradura
34600,La Loma,Ranchería,Santiago Papasquiaro,Durango,,Rural,https://postali.app/mx/durango/santiago-papasquiaro/la-loma
34600,La Soledad,Ranchería,Santiago Papasquiaro,Durango,,Rural,https://postali.app/mx/durango/santiago-papasquiaro/la-soledad
34600,La Trinidad,Ranchería,Santiago Papasquiaro,Durango,,Rural,https://postali.app/mx/durango/santiago-papasquiaro/la-trinidad
34600,Las Cruces,Ranchería,Santiago Papasquiaro,Durango,,Rural,https://postali.app/mx/durango/santiago-papasquiaro/las-cruces
34600,Lomas del Río [Rancho],Ranchería,Santiago Papasquiaro,Durango,,Rural,https://postali.app/mx/durango/santiago-papasquiaro/lomas-del-rio-rancho
34600,Los Charcos,Ranchería,Santiago Papasquiaro,Durango,,Rural,https://postali.app/mx/durango/santiago-papasquiaro/los-charcos
34600,Los Herrera,Pueblo,Santiago Papasquiaro,Durango,,Rural,https://postali.app/mx/durango/santiago-papasquiaro/los-herrera
34600,Los Pascuales,Rancho,Santiago Papasquiaro,Durango,,Rural,https://postali.app/mx/durango/santiago-papasquiaro/los-pascuales
34600,Los Sauces [Club],Ranchería,Santiago Papasquiaro,Durango,,Rural,https://postali.app/mx/durango/santiago-papasquiaro/los-sauces-club
34600,Meleros,Ranchería,Santiago Papasquiaro,Durango,,Rural,https://postali.app/mx/durango/santiago-papasquiaro/meleros
34600,Porfirio Corral Chaidez [Aserradero],Ranchería,Santiago Papasquiaro,Durango,,Rural,https://postali.app/mx/durango/santiago-papasquiaro/porfirio-corral-chaidez-aserradero
34600,Rancho el 33,Ranchería,Santiago Papasquiaro,Durango,,Rural,https://postali.app/mx/durango/santiago-papasquiaro/rancho-el-33
34600,Real de San Diego,Ranchería,Santiago Papasquiaro,Durango,,Rural,https://postali.app/mx/durango/santiago-papasquiaro/real-de-san-diego
34600,San Antonio (La Loma Larga) [Rancho],Ranchería,Santiago Papasquiaro,Durango,,Rural,https://postali.app/mx/durango/santiago-papasquiaro/san-antonio-la-loma-larga-rancho
34600,San Isidro,Ranchería,Santiago Papasquiaro,Durango,,Rural,https://postali.app/mx/durango/santiago-papasquiaro/san-isidro
34603,Atotonilco,Pueblo,Santiago Papasquiaro,Durango,,Rural,https://postali.app/mx/durango/santiago-papasquiaro/atotonilco
34603,El Barreal,Ranchería,Santiago Papasquiaro,Durango,,Rural,https://postali.app/mx/durango/santiago-papasquiaro/el-barreal
34603,José Salomé Acosta (El Olote),Ranchería,Santiago Papasquiaro,Durango,,Rural,https://postali.app/mx/durango/santiago-papasquiaro/jose-salome-acosta-el-olote
34603,Potrero de los Indios,Ranchería,Santiago Papasquiaro,Durango,,Rural,https://postali.app/mx/durango/santiago-papasquiaro/potrero-de-los-indios
34604,El Cáñamo,Ranchería,Santiago Papasquiaro,Durango,,Rural,https://postali.app/mx/durango/santiago-papasquiaro/el-canamo
34604,El Salitre,Ranchería,Santiago Papasquiaro,Durango,,Rural,https://postali.app/mx/durango/santiago-papasquiaro/el-salitre
34604,Los Sauces,Ranchería,Santiago Papasquiaro,Durango,,Rural,https://postali.app/mx/durango/santiago-papasquiaro/los-sauces
34604,Melchor Ocampo,Ranchería,Santiago Papasquiaro,Durango,,Rural,https://postali.app/mx/durango/santiago-papasquiaro/melchor-ocampo
34604,Rancho Santa Elena,Ranchería,Santiago Papasquiaro,Durango,,Rural,https://postali.app/mx/durango/santiago-papasquiaro/rancho-santa-elena
34604,San José de Cañas (Cañas),Ranchería,Santiago Papasquiaro,Durango,,Rural,https://postali.app/mx/durango/santiago-papasquiaro/san-jose-de-canas-canas
34605,Ciénega de Guadalupe,Ranchería,Santiago Papasquiaro,Durango,,Rural,https://postali.app/mx/durango/santiago-papasquiaro/cienega-de-guadalupe
34605,El Atascadero,Ranchería,Santiago Papasquiaro,Durango,,Rural,https://postali.app/mx/durango/santiago-papasquiaro/el-atascadero
34605,El Correo,Ranchería,Santiago Papasquiaro,Durango,,Rural,https://postali.app/mx/durango/santiago-papasquiaro/el-correo
34605,El Pino,Ranchería,Santiago Papasquiaro,Durango,,Rural,https://postali.app/mx/durango/santiago-papasquiaro/el-pino
34605,El Refugio,Ranchería,Santiago Papasquiaro,Durango,,Rural,https://postali.app/mx/durango/santiago-papasquiaro/el-refugio
34605,El Tambor,Ranchería,Santiago Papasquiaro,Durango,,Rural,https://postali.app/mx/durango/santiago-papasquiaro/el-tambor
34605,La Ciénega de Aguapinole,Ranchería,Santiago Papasquiaro,Durango,,Rural,https://postali.app/mx/durango/santiago-papasquiaro/la-cienega-de-aguapinole
34605,La Ciénega de San José,Ranchería,Santiago Papasquiaro,Durango,,Rural,https://postali.app/mx/durango/santiago-papasquiaro/la-cienega-de-san-jose
34605,La Ciénega del Correo,Ranchería,Santiago Papasquiaro,Durango,,Rural,https://postali.app/mx/durango/santiago-papasquiaro/la-cienega-del-correo
34605,La Estancia,Ejido,Santiago Papasquiaro,Durango,,Rural,https://postali.app/mx/durango/santiago-papasquiaro/la-estancia
34605,La Yerbabuena,Ranchería,Santiago Papasquiaro,Durango,,Rural,https://postali.app/mx/durango/santiago-papasquiaro/la-yerbabuena
34605,Martínez de Abajo,Ranchería,Santiago Papasquiaro,Durango,,Rural,https://postali.app/mx/durango/santiago-papasquiaro/martinez-de-abajo
34605,Martínez de Arriba,Ranchería,Santiago Papasquiaro,Durango,,Rural,https://postali.app/mx/durango/santiago-papasquiaro/martinez-de-arriba
34605,Rancho Nuevo,Ranchería,Santiago Papasquiaro,Durango,,Rural,https://postali.app/mx/durango/santiago-papasquiaro/rancho-nuevo
34605,San José del Pedernal,Ranchería,Santiago Papasquiaro,Durango,,Rural,https://postali.app/mx/durango/santiago-papasquiaro/san-jose-del-pedernal
34605,San Julián,Colonia,Santiago Papasquiaro,Durango,,Rural,https://postali.app/mx/durango/santiago-papasquiaro/san-julian
34605,San Miguel de los Pinos (Rancho Viejo),Ranchería,Santiago Papasquiaro,Durango,,Rural,https://postali.app/mx/durango/santiago-papasquiaro/san-miguel-de-los-pinos-rancho-viejo
34606,Balcones,Ranchería,Santiago Papasquiaro,Durango,,Rural,https://postali.app/mx/durango/santiago-papasquiaro/balcones
34606,Cuatro Hermanos,Ranchería,Santiago Papasquiaro,Durango,,Rural,https://postali.app/mx/durango/santiago-papasquiaro/cuatro-hermanos
34606,El Encinal,Ranchería,Santiago Papasquiaro,Durango,,Rural,https://postali.app/mx/durango/santiago-papasquiaro/el-encinal
34606,El Salvador,Ejido,Santiago Papasquiaro,Durango,,Rural,https://postali.app/mx/durango/santiago-papasquiaro/el-salvador
34606,Guadalupe Guerrero,Ranchería,Santiago Papasquiaro,Durango,,Rural,https://postali.app/mx/durango/santiago-papasquiaro/guadalupe-guerrero
34606,La Palestina,Pueblo,Santiago Papasquiaro,Durango,,Rural,https://postali.app/mx/durango/santiago-papasquiaro/la-palestina
34606,Las Margaritas,Ranchería,Santiago Papasquiaro,Durango,,Rural,https://postali.app/mx/durango/santiago-papasquiaro/las-margaritas
34606,Los Nogales,Ranchería,Santiago Papasquiaro,Durango,,Rural,https://postali.app/mx/durango/santiago-papasquiaro/los-nogales
34606,Lozano Zavala (La Campana),Pueblo,Santiago Papasquiaro,Durango,,Rural,https://postali.app/mx/durango/santiago-papasquiaro/lozano-zavala-la-campana
34606,Luna González,Ejido,Santiago Papasquiaro,Durango,,Rural,https://postali.app/mx/durango/santiago-papasquiaro/luna-gonzalez
34606,Providencia,Ranchería,Santiago Papasquiaro,Durango,,Rural,https://postali.app/mx/durango/santiago-papasquiaro/providencia
34606,San Antonio (Las Huertas),Ranchería,Santiago Papasquiaro,Durango,,Rural,https://postali.app/mx/durango/santiago-papasquiaro/san-antonio-las-huertas
34606,San Ignacio,Ranchería,Santiago Papasquiaro,Durango,,Rural,https://postali.app/mx/durango/santiago-papasquiaro/san-ignacio
34606,Santa Rita,Ranchería,Santiago Papasquiaro,Durango,,Rural,https://postali.app/mx/durango/santiago-papasquiaro/santa-rita
34606,Santa Teresa del Llano,Ranchería,Santiago Papasquiaro,Durango,,Rural,https://postali.app/mx/durango/santiago-papasquiaro/santa-teresa-del-llano
34607,Cuevecillas,Ranchería,Santiago Papasquiaro,Durango,,Rural,https://postali.app/mx/durango/santiago-papasquiaro/cuevecillas
34607,El Aguajito,Ranchería,Santiago Papasquiaro,Durango,,Rural,https://postali.app/mx/durango/santiago-papasquiaro/el-aguajito
34607,El Papalote,Ranchería,Santiago Papasquiaro,Durango,,Rural,https://postali.app/mx/durango/santiago-papasquiaro/el-papalote
34607,Francisco Javier Leyva,Pueblo,Santiago Papasquiaro,Durango,,Rural,https://postali.app/mx/durango/santiago-papasquiaro/francisco-javier-leyva
34607,José María Morelos (Chinacates),Pueblo,Santiago Papasquiaro,Durango,,Rural,https://postali.app/mx/durango/santiago-papasquiaro/jose-maria-morelos-chinacates
34607,José Ramón Valdez (El Jagüey),Pueblo,Santiago Papasquiaro,Durango,,Rural,https://postali.app/mx/durango/santiago-papasquiaro/jose-ramon-valdez-el-jaguey
34607,La Ulama,Ranchería,Santiago Papasquiaro,Durango,,Rural,https://postali.app/mx/durango/santiago-papasquiaro/la-ulama
34607,Las Palmas,Ranchería,Santiago Papasquiaro,Durango,,Rural,https://postali.app/mx/durango/santiago-papasquiaro/las-palmas
34607,Los Alamitos,Ranchería,Santiago Papasquiaro,Durango,,Rural,https://postali.app/mx/durango/santiago-papasquiaro/los-alamitos
34607,Rancho de Miguel,Ranchería,Santiago Papasquiaro,Durango,,Rural,https://postali.app/mx/durango/santiago-papasquiaro/rancho-de-miguel
34607,San Isidro,Ranchería,Santiago Papasquiaro,Durango,,Rural,https://postali.app/mx/durango/santiago-papasquiaro/san-isidro-34607
34607,San José de las Flores (Las Flores),Ranchería,Santiago Papasquiaro,Durango,,Rural,https://postali.app/mx/durango/santiago-papasquiaro/san-jose-de-las-flores-las-flores
34607,San Luisito,Ranchería,Santiago Papasquiaro,Durango,,Rural,https://postali.app/mx/durango/santiago-papasquiaro/san-luisito
34607,San Miguel,Ranchería,Santiago Papasquiaro,Durango,,Rural,https://postali.app/mx/durango/santiago-papasquiaro/san-miguel
34610,Aranas,Ranchería,Santiago Papasquiaro,Durango,,Rural,https://postali.app/mx/durango/santiago-papasquiaro/aranas
34610,Barrancos Blancos,Ranchería,Santiago Papasquiaro,Durango,,Rural,https://postali.app/mx/durango/santiago-papasquiaro/barrancos-blancos
34610,Canatán,Ranchería,Santiago Papasquiaro,Durango,,Rural,https://postali.app/mx/durango/santiago-papasquiaro/canatan
34610,Coyotillos,Ranchería,Santiago Papasquiaro,Durango,,Rural,https://postali.app/mx/durango/santiago-papasquiaro/coyotillos
34610,El Agua Caliente,Ranchería,Santiago Papasquiaro,Durango,,Rural,https://postali.app/mx/durango/santiago-papasquiaro/el-agua-caliente
34610,El Arco,Ranchería,Santiago Papasquiaro,Durango,,Rural,https://postali.app/mx/durango/santiago-papasquiaro/el-arco
34610,El Cáñamo,Ranchería,Santiago Papasquiaro,Durango,,Rural,https://postali.app/mx/durango/santiago-papasquiaro/el-canamo-34610
34610,El Olvido,Ranchería,Santiago Papasquiaro,Durango,,Rural,https://postali.app/mx/durango/santiago-papasquiaro/el-olvido
34610,El Terrero,Ranchería,Santiago Papasquiaro,Durango,,Rural,https://postali.app/mx/durango/santiago-papasquiaro/el-terrero
34610,La Bolsa,Ranchería,Santiago Papasquiaro,Durango,,Rural,https://postali.app/mx/durango/santiago-papasquiaro/la-bolsa
34610,La Ciénega de Camarena,Ranchería,Santiago Papasquiaro,Durango,,Rural,https://postali.app/mx/durango/santiago-papasquiaro/la-cienega-de-camarena
34610,La Enramada de Abajo,Ranchería,Santiago Papasquiaro,Durango,,Rural,https://postali.app/mx/durango/santiago-papasquiaro/la-enramada-de-abajo
34610,La Enramada de Enmedio,Ranchería,Santiago Papasquiaro,Durango,,Rural,https://postali.app/mx/durango/santiago-papasquiaro/la-enramada-de-enmedio
34610,La Lagunita,Ranchería,Santiago Papasquiaro,Durango,,Rural,https://postali.app/mx/durango/santiago-papasquiaro/la-lagunita
34610,Las Cieneguitas,Ranchería,Santiago Papasquiaro,Durango,,Rural,https://postali.app/mx/durango/santiago-papasquiaro/las-cieneguitas
34610,Las Tapias,Ranchería,Santiago Papasquiaro,Durango,,Rural,https://postali.app/mx/durango/santiago-papasquiaro/las-tapias
34610,Llano Prieto,Ranchería,Santiago Papasquiaro,Durango,,Rural,https://postali.app/mx/durango/santiago-papasquiaro/llano-prieto
34610,Rincón de Nevárez,Ranchería,Santiago Papasquiaro,Durango,,Rural,https://postali.app/mx/durango/santiago-papasquiaro/rincon-de-nevarez
34610,San Antonio de Nevárez,Ranchería,Santiago Papasquiaro,Durango,,Rural,https://postali.app/mx/durango/santiago-papasquiaro/san-antonio-de-nevarez
34610,San José de Favelas (Favelas),Ranchería,Santiago Papasquiaro,Durango,,Rural,https://postali.app/mx/durango/santiago-papasquiaro/san-jose-de-favelas-favelas
34610,San José del Ranchito,Ranchería,Santiago Papasquiaro,Durango,,Rural,https://postali.app/mx/durango/santiago-papasquiaro/san-jose-del-ranchito
34610,San Nicolás,Ranchería,Santiago Papasquiaro,Durango,,Rural,https://postali.app/mx/durango/santiago-papasquiaro/san-nicolas
34610,Sandovales,Ranchería,Santiago Papasquiaro,Durango,,Rural,https://postali.app/mx/durango/santiago-papasquiaro/sandovales
34613,Bacatame,Ranchería,Santiago Papasquiaro,Durango,,Rural,https://postali.app/mx/durango/santiago-papasquiaro/bacatame
34613,El Aventadero,Ranchería,Santiago Papasquiaro,Durango,,Rural,https://postali.app/mx/durango/santiago-papasquiaro/el-aventadero
34613,La Alameda,Ranchería,Santiago Papasquiaro,Durango,,Rural,https://postali.app/mx/durango/santiago-papasquiaro/la-alameda
34613,La Campana,Ranchería,Santiago Papasquiaro,Durango,,Rural,https://postali.app/mx/durango/santiago-papasquiaro/la-campana
34613,Las Taunitas,Ranchería,Santiago Papasquiaro,Durango,,Rural,https://postali.app/mx/durango/santiago-papasquiaro/las-taunitas
34613,Los Alisos,Ranchería,Santiago Papasquiaro,Durango,,Rural,https://postali.app/mx/durango/santiago-papasquiaro/los-alisos
34613,Palos Colorados,Ranchería,Santiago Papasquiaro,Durango,,Rural,https://postali.app/mx/durango/santiago-papasquiaro/palos-colorados
34613,San Agustín del Fresno (El Hipazote),Ranchería,Santiago Papasquiaro,Durango,,Rural,https://postali.app/mx/durango/santiago-papasquiaro/san-agustin-del-fresno-el-hipazote
34613,San Antonio,Ranchería,Santiago Papasquiaro,Durango,,Rural,https://postali.app/mx/durango/santiago-papasquiaro/san-antonio
34613,San Ignacio,Ranchería,Santiago Papasquiaro,Durango,,Rural,https://postali.app/mx/durango/santiago-papasquiaro/san-ignacio-34613
34613,San José del Pachón,Ejido,Santiago Papasquiaro,Durango,,Rural,https://postali.app/mx/durango/santiago-papasquiaro/san-jose-del-pachon
34613,San Manuel de la Galera,Ranchería,Santiago Papasquiaro,Durango,,Rural,https://postali.app/mx/durango/santiago-papasquiaro/san-manuel-de-la-galera
34613,San Miguel de Papasquiaro,Pueblo,Santiago Papasquiaro,Durango,,Rural,https://postali.app/mx/durango/santiago-papasquiaro/san-miguel-de-papasquiaro
34613,San Pedro de Tenerapa,Ranchería,Santiago Papasquiaro,Durango,,Rural,https://postali.app/mx/durango/santiago-papasquiaro/san-pedro-de-tenerapa
34613,Santa Cruz de los Ojitos (Los Ojitos),Ranchería,Santiago Papasquiaro,Durango,,Rural,https://postali.app/mx/durango/santiago-papasquiaro/santa-cruz-de-los-ojitos-los-ojitos
34613,Santa Rita del Pachón (Santa Rita),Colonia,Santiago Papasquiaro,Durango,,Rural,https://postali.app/mx/durango/santiago-papasquiaro/santa-rita-del-pachon-santa-rita
34613,Santa Teresa del Pachón (Santa Teresa),Ranchería,Santiago Papasquiaro,Durango,,Rural,https://postali.app/mx/durango/santiago-papasquiaro/santa-teresa-del-pachon-santa-teresa
34614,Arroyo de las Iglesias,Pueblo,Santiago Papasquiaro,Durango,,Rural,https://postali.app/mx/durango/santiago-papasquiaro/arroyo-de-las-iglesias
34614,Bajío de San Cristóbal,Ranchería,Santiago Papasquiaro,Durango,,Rural,https://postali.app/mx/durango/santiago-papasquiaro/bajio-de-san-cristobal
34614,Boca del Potrero,Pueblo,Santiago Papasquiaro,Durango,,Rural,https://postali.app/mx/durango/santiago-papasquiaro/boca-del-potrero
34614,Juan Ángel,Ranchería,Santiago Papasquiaro,Durango,,Rural,https://postali.app/mx/durango/santiago-papasquiaro/juan-angel
34614,La Chita,Ranchería,Santiago Papasquiaro,Durango,,Rural,https://postali.app/mx/durango/santiago-papasquiaro/la-chita
34614,La Mocha,Ranchería,Santiago Papasquiaro,Durango,,Rural,https://postali.app/mx/durango/santiago-papasquiaro/la-mocha
34614,Las Güeritas,Ranchería,Santiago Papasquiaro,Durango,,Rural,https://postali.app/mx/durango/santiago-papasquiaro/las-gueritas
34614,Piedra de Amolar,Ranchería,Santiago Papasquiaro,Durango,,Rural,https://postali.app/mx/durango/santiago-papasquiaro/piedra-de-amolar
34614,Ranchito de Juan Ángel (La Hielera),Ranchería,Santiago Papasquiaro,Durango,,Rural,https://postali.app/mx/durango/santiago-papasquiaro/ranchito-de-juan-angel-la-hielera
34614,Ranchito de Saucedo,Ranchería,Santiago Papasquiaro,Durango,,Rural,https://postali.app/mx/durango/santiago-papasquiaro/ranchito-de-saucedo
34614,Santa Marina,Ranchería,Santiago Papasquiaro,Durango,,Rural,https://postali.app/mx/durango/santiago-papasquiaro/santa-marina
34614,Saucedo (La Cueva de Saucedo),Ranchería,Santiago Papasquiaro,Durango,,Rural,https://postali.app/mx/durango/santiago-papasquiaro/saucedo-la-cueva-de-saucedo
34615,Alamillos,Ranchería,Santiago Papasquiaro,Durango,,Rural,https://postali.app/mx/durango/santiago-papasquiaro/alamillos
34615,Baldoquines,Ranchería,Santiago Papasquiaro,Durango,,Rural,https://postali.app/mx/durango/santiago-papasquiaro/baldoquines
34615,La Garameña,Ranchería,Santiago Papasquiaro,Durango,,Rural,https://postali.app/mx/durango/santiago-papasquiaro/la-garamena
34615,La Mesa de Potrerillos,Ranchería,Santiago Papasquiaro,Durango,,Rural,https://postali.app/mx/durango/santiago-papasquiaro/la-mesa-de-potrerillos
34615,Mimbres,Ranchería,Santiago Papasquiaro,Durango,,Rural,https://postali.app/mx/durango/santiago-papasquiaro/mimbres
34615,Panales,Ranchería,Santiago Papasquiaro,Durango,,Rural,https://postali.app/mx/durango/santiago-papasquiaro/panales
34615,Potrerillos,Ranchería,Santiago Papasquiaro,Durango,,Rural,https://postali.app/mx/durango/santiago-papasquiaro/potrerillos
34615,Punta del Agua,Ranchería,Santiago Papasquiaro,Durango,,Rural,https://postali.app/mx/durango/santiago-papasquiaro/punta-del-agua
34615,San Antonio de la Sierra,Ranchería,Santiago Papasquiaro,Durango,,Rural,https://postali.app/mx/durango/santiago-papasquiaro/san-antonio-de-la-sierra
34615,San José Buenavista,Ranchería,Santiago Papasquiaro,Durango,,Rural,https://postali.app/mx/durango/santiago-papasquiaro/san-jose-buenavista
34615,San Miguel,Ranchería,Santiago Papasquiaro,Durango,,Rural,https://postali.app/mx/durango/santiago-papasquiaro/san-miguel-34615
34615,Tablas Grandes,Ranchería,Santiago Papasquiaro,Durango,,Rural,https://postali.app/mx/durango/santiago-papasquiaro/tablas-grandes
34616,Arroyo los Toros,Ranchería,Santiago Papasquiaro,Durango,,Rural,https://postali.app/mx/durango/santiago-papasquiaro/arroyo-los-toros
34616,Bajíos del Pinto,Ranchería,Santiago Papasquiaro,Durango,,Rural,https://postali.app/mx/durango/santiago-papasquiaro/bajios-del-pinto
34616,El Púlpito,Ranchería,Santiago Papasquiaro,Durango,,Rural,https://postali.app/mx/durango/santiago-papasquiaro/el-pulpito
34616,El Serrucho,Ranchería,Santiago Papasquiaro,Durango,,Rural,https://postali.app/mx/durango/santiago-papasquiaro/el-serrucho
34616,Garame de Abajo,Pueblo,Santiago Papasquiaro,Durango,,Rural,https://postali.app/mx/durango/santiago-papasquiaro/garame-de-abajo
34616,Garame de Arriba,Pueblo,Santiago Papasquiaro,Durango,,Rural,https://postali.app/mx/durango/santiago-papasquiaro/garame-de-arriba
34616,Granja Quebrada Honda,Ranchería,Santiago Papasquiaro,Durango,,Rural,https://postali.app/mx/durango/santiago-papasquiaro/granja-quebrada-honda
34616,Las Trochileras,Ranchería,Santiago Papasquiaro,Durango,,Rural,https://postali.app/mx/durango/santiago-papasquiaro/las-trochileras
34616,Los Adobes,Ranchería,Santiago Papasquiaro,Durango,,Rural,https://postali.app/mx/durango/santiago-papasquiaro/los-adobes
34616,Presa de la Máquina,Ranchería,Santiago Papasquiaro,Durango,,Rural,https://postali.app/mx/durango/santiago-papasquiaro/presa-de-la-maquina
34616,Quebrada Honda,Ranchería,Santiago Papasquiaro,Durango,,Rural,https://postali.app/mx/durango/santiago-papasquiaro/quebrada-honda
34616,San José de la Chaparra,Ranchería,Santiago Papasquiaro,Durango,,Rural,https://postali.app/mx/durango/santiago-papasquiaro/san-jose-de-la-chaparra
34616,San José del Bonete (El Bonete),Ranchería,Santiago Papasquiaro,Durango,,Rural,https://postali.app/mx/durango/santiago-papasquiaro/san-jose-del-bonete-el-bonete
34616,Tarimoro de Arriba,Ranchería,Santiago Papasquiaro,Durango,,Rural,https://postali.app/mx/durango/santiago-papasquiaro/tarimoro-de-arriba
34617,Ciénega de Salpica el Agua,Ejido,Santiago Papasquiaro,Durango,,Rural,https://postali.app/mx/durango/santiago-papasquiaro/cienega-de-salpica-el-agua
34617,Laguna de la Chaparra (Ranas),Ranchería,Santiago Papasquiaro,Durango,,Rural,https://postali.app/mx/durango/santiago-papasquiaro/laguna-de-la-chaparra-ranas
34617,Los Ojitos (El Yaqui),Pueblo,Santiago Papasquiaro,Durango,,Rural,https://postali.app/mx/durango/santiago-papasquiaro/los-ojitos-el-yaqui
34617,Salsipuedes (Mesa del Corral),Ranchería,Santiago Papasquiaro,Durango,,Rural,https://postali.app/mx/durango/santiago-papasquiaro/salsipuedes-mesa-del-corral
34620,Campo Alvarado,Ranchería,Santiago Papasquiaro,Durango,,Rural,https://postali.app/mx/durango/santiago-papasquiaro/campo-alvarado
34620,Canoas,Ranchería,Santiago Papasquiaro,Durango,,Rural,https://postali.app/mx/durango/santiago-papasquiaro/canoas
34620,Carricitos,Ranchería,Santiago Papasquiaro,Durango,,Rural,https://postali.app/mx/durango/santiago-papasquiaro/carricitos
34620,Ciénega de Nuestra Señora de Guadalupe,Pueblo,Santiago Papasquiaro,Durango,,Rural,https://postali.app/mx/durango/santiago-papasquiaro/cienega-de-nuestra-senora-de-guadalupe
34620,Cordón del Tabaco,Ranchería,Santiago Papasquiaro,Durango,,Rural,https://postali.app/mx/durango/santiago-papasquiaro/cordon-del-tabaco
34620,Corrales Blancos,Ranchería,Santiago Papasquiaro,Durango,,Rural,https://postali.app/mx/durango/santiago-papasquiaro/corrales-blancos
34620,El Boletero,Ranchería,Santiago Papasquiaro,Durango,,Rural,https://postali.app/mx/durango/santiago-papasquiaro/el-boletero
34620,El Comedero,Ranchería,Santiago Papasquiaro,Durango,,Rural,https://postali.app/mx/durango/santiago-papasquiaro/el-comedero
34620,El Duraznito,Ranchería,Santiago Papasquiaro,Durango,,Rural,https://postali.app/mx/durango/santiago-papasquiaro/el-duraznito
34620,El Ranchito,Ranchería,Santiago Papasquiaro,Durango,,Rural,https://postali.app/mx/durango/santiago-papasquiaro/el-ranchito
34620,El Terminal,Ranchería,Santiago Papasquiaro,Durango,,Rural,https://postali.app/mx/durango/santiago-papasquiaro/el-terminal
34620,Joya de Laureles,Ranchería,Santiago Papasquiaro,Durango,,Rural,https://postali.app/mx/durango/santiago-papasquiaro/joya-de-laureles
34620,Joya de Montoros,Ranchería,Santiago Papasquiaro,Durango,,Rural,https://postali.app/mx/durango/santiago-papasquiaro/joya-de-montoros
34620,La Cuchilla,Ranchería,Santiago Papasquiaro,Durango,,Rural,https://postali.app/mx/durango/santiago-papasquiaro/la-cuchilla
34620,La Huerta,Ranchería,Santiago Papasquiaro,Durango,,Rural,https://postali.app/mx/durango/santiago-papasquiaro/la-huerta
34620,La Joya de los Laureles,Ranchería,Santiago Papasquiaro,Durango,,Rural,https://postali.app/mx/durango/santiago-papasquiaro/la-joya-de-los-laureles
34620,La Lajita,Ranchería,Santiago Papasquiaro,Durango,,Rural,https://postali.app/mx/durango/santiago-papasquiaro/la-lajita
34620,La Peña,Ranchería,Santiago Papasquiaro,Durango,,Rural,https://postali.app/mx/durango/santiago-papasquiaro/la-pena
34620,La Próspera,Ranchería,Santiago Papasquiaro,Durango,,Rural,https://postali.app/mx/durango/santiago-papasquiaro/la-prospera
34620,La Rinconada,Ranchería,Santiago Papasquiaro,Durango,,Rural,https://postali.app/mx/durango/santiago-papasquiaro/la-rinconada
34620,La Sidra,Ranchería,Santiago Papasquiaro,Durango,,Rural,https://postali.app/mx/durango/santiago-papasquiaro/la-sidra
34620,La Trementina,Ranchería,Santiago Papasquiaro,Durango,,Rural,https://postali.app/mx/durango/santiago-papasquiaro/la-trementina
34620,La Tuna,Ranchería,Santiago Papasquiaro,Durango,,Rural,https://postali.app/mx/durango/santiago-papasquiaro/la-tuna
34620,Los Laureles,Ranchería,Santiago Papasquiaro,Durango,,Rural,https://postali.app/mx/durango/santiago-papasquiaro/los-laureles
34620,Machado,Ranchería,Santiago Papasquiaro,Durango,,Rural,https://postali.app/mx/durango/santiago-papasquiaro/machado
34620,Madroño (El Madroño),Ranchería,Santiago Papasquiaro,Durango,,Rural,https://postali.app/mx/durango/santiago-papasquiaro/madrono-el-madrono
34620,Manila,Ranchería,Santiago Papasquiaro,Durango,,Rural,https://postali.app/mx/durango/santiago-papasquiaro/manila
34620,Manzanillas,Ranchería,Santiago Papasquiaro,Durango,,Rural,https://postali.app/mx/durango/santiago-papasquiaro/manzanillas
34620,Mesteñas,Ranchería,Santiago Papasquiaro,Durango,,Rural,https://postali.app/mx/durango/santiago-papasquiaro/mestenas
34620,Piedra Bola,Ranchería,Santiago Papasquiaro,Durango,,Rural,https://postali.app/mx/durango/santiago-papasquiaro/piedra-bola
34620,Potrerillos,Ranchería,Santiago Papasquiaro,Durango,,Rural,https://postali.app/mx/durango/santiago-papasquiaro/potrerillos-34620
34620,Rincón de Temascales,Ranchería,Santiago Papasquiaro,Durango,,Rural,https://postali.app/mx/durango/santiago-papasquiaro/rincon-de-temascales
34620,San Andrés de la Sierra,Ranchería,Santiago Papasquiaro,Durango,,Rural,https://postali.app/mx/durango/santiago-papasquiaro/san-andres-de-la-sierra
34620,San Bartolo,Ranchería,Santiago Papasquiaro,Durango,,Rural,https://postali.app/mx/durango/santiago-papasquiaro/san-bartolo
34620,San Miguel del Cantil,Zona federal,Santiago Papasquiaro,Durango,,Rural,https://postali.app/mx/durango/santiago-papasquiaro/san-miguel-del-cantil
34620,San Rafael,Ranchería,Santiago Papasquiaro,Durango,,Rural,https://postali.app/mx/durango/santiago-papasquiaro/san-rafael
34623,Arroyo Grande,Ranchería,Santiago Papasquiaro,Durango,,Rural,https://postali.app/mx/durango/santiago-papasquiaro/arroyo-grande
34623,El Aguaje,Ranchería,Santiago Papasquiaro,Durango,,Rural,https://postali.app/mx/durango/santiago-papasquiaro/el-aguaje
34623,El Colorado,Ranchería,Santiago Papasquiaro,Durango,,Rural,https://postali.app/mx/durango/santiago-papasquiaro/el-colorado
34623,La China,Ranchería,Santiago Papasquiaro,Durango,,Rural,https://postali.app/mx/durango/santiago-papasquiaro/la-china
34623,Las Mesitas,Ranchería,Santiago Papasquiaro,Durango,,Rural,https://postali.app/mx/durango/santiago-papasquiaro/las-mesitas
34623,Montoros,Ranchería,Santiago Papasquiaro,Durango,,Rural,https://postali.app/mx/durango/santiago-papasquiaro/montoros
34623,Piedras de Amolar,Ranchería,Santiago Papasquiaro,Durango,,Rural,https://postali.app/mx/durango/santiago-papasquiaro/piedras-de-amolar
34623,San Diego de Tenzaens,Ranchería,Santiago Papasquiaro,Durango,,Rural,https://postali.app/mx/durango/santiago-papasquiaro/san-diego-de-tenzaens
34623,Tapascual,Ranchería,Santiago Papasquiaro,Durango,,Rural,https://postali.app/mx/durango/santiago-papasquiaro/tapascual
34623,Vasitos,Ranchería,Santiago Papasquiaro,Durango,,Rural,https://postali.app/mx/durango/santiago-papasquiaro/vasitos
34624,Cerro Nevado,Ranchería,Santiago Papasquiaro,Durango,,Rural,https://postali.app/mx/durango/santiago-papasquiaro/cerro-nevado
34624,El Alamito,Ranchería,Santiago Papasquiaro,Durango,,Rural,https://postali.app/mx/durango/santiago-papasquiaro/el-alamito
34624,El Alazán,Ranchería,Santiago Papasquiaro,Durango,,Rural,https://postali.app/mx/durango/santiago-papasquiaro/el-alazan
34624,El Crucero,Ranchería,Santiago Papasquiaro,Durango,,Rural,https://postali.app/mx/durango/santiago-papasquiaro/el-crucero
34624,Joya de Golondrinas,Ranchería,Santiago Papasquiaro,Durango,,Rural,https://postali.app/mx/durango/santiago-papasquiaro/joya-de-golondrinas
34624,Joya de la Soledad,Ranchería,Santiago Papasquiaro,Durango,,Rural,https://postali.app/mx/durango/santiago-papasquiaro/joya-de-la-soledad
34624,La Cañada de San Miguel,Ranchería,Santiago Papasquiaro,Durango,,Rural,https://postali.app/mx/durango/santiago-papasquiaro/la-canada-de-san-miguel
34624,La Joyita,Ranchería,Santiago Papasquiaro,Durango,,Rural,https://postali.app/mx/durango/santiago-papasquiaro/la-joyita
34624,La Soledad,Ranchería,Santiago Papasquiaro,Durango,,Rural,https://postali.app/mx/durango/santiago-papasquiaro/la-soledad-34624
34624,Las Cruces,Ranchería,Santiago Papasquiaro,Durango,,Rural,https://postali.app/mx/durango/santiago-papasquiaro/las-cruces-34624
34624,Mesa del Venado,Ranchería,Santiago Papasquiaro,Durango,,Rural,https://postali.app/mx/durango/santiago-papasquiaro/mesa-del-venado
34624,San Pablo,Ranchería,Santiago Papasquiaro,Durango,,Rural,https://postali.app/mx/durango/santiago-papasquiaro/san-pablo
34624,Santa Cruz,Ranchería,Santiago Papasquiaro,Durango,,Rural,https://postali.app/mx/durango/santiago-papasquiaro/santa-cruz
34625,Acatita,Ranchería,Santiago Papasquiaro,Durango,,Rural,https://postali.app/mx/durango/santiago-papasquiaro/acatita
34625,El Patio de Altares,Pueblo,Santiago Papasquiaro,Durango,,Rural,https://postali.app/mx/durango/santiago-papasquiaro/el-patio-de-altares
34625,Los Altares,Ranchería,Santiago Papasquiaro,Durango,,Rural,https://postali.app/mx/durango/santiago-papasquiaro/los-altares
34625,Nuevo San Diego (El Caballo),Ranchería,Santiago Papasquiaro,Durango,,Rural,https://postali.app/mx/durango/santiago-papasquiaro/nuevo-san-diego-el-caballo
34625,Rancho Golondrinas,Ranchería,Santiago Papasquiaro,Durango,,Rural,https://postali.app/mx/durango/santiago-papasquiaro/rancho-golondrinas
34626,El Durazno,Ranchería,Santiago Papasquiaro,Durango,,Rural,https://postali.app/mx/durango/santiago-papasquiaro/el-durazno
34626,El Porvenir,Ranchería,Santiago Papasquiaro,Durango,,Rural,https://postali.app/mx/durango/santiago-papasquiaro/el-porvenir
34626,El Torreoncito,Ranchería,Santiago Papasquiaro,Durango,,Rural,https://postali.app/mx/durango/santiago-papasquiaro/el-torreoncito
34626,La Joya,Ranchería,Santiago Papasquiaro,Durango,,Rural,https://postali.app/mx/durango/santiago-papasquiaro/la-joya
34626,La Villita,Ranchería,Santiago Papasquiaro,Durango,,Rural,https://postali.app/mx/durango/santiago-papasquiaro/la-villita
34626,Rancho Viejo,Ranchería,Santiago Papasquiaro,Durango,,Rural,https://postali.app/mx/durango/santiago-papasquiaro/rancho-viejo
34626,San Gregorio de Bosós,Ranchería,Santiago Papasquiaro,Durango,,Rural,https://postali.app/mx/durango/santiago-papasquiaro/san-gregorio-de-bosos
34626,San Javier,Pueblo,Santiago Papasquiaro,Durango,,Rural,https://postali.app/mx/durango/santiago-papasquiaro/san-javier
34626,San Martín,Ranchería,Santiago Papasquiaro,Durango,,Rural,https://postali.app/mx/durango/santiago-papasquiaro/san-martin
34626,Santa Cruz de Macos,Ranchería,Santiago Papasquiaro,Durango,,Rural,https://postali.app/mx/durango/santiago-papasquiaro/santa-cruz-de-macos
34626,Santa Efigenia,Ranchería,Santiago Papasquiaro,Durango,,Rural,https://postali.app/mx/durango/santiago-papasquiaro/santa-efigenia
34626,Soyupa,Ranchería,Santiago Papasquiaro,Durango,,Rural,https://postali.app/mx/durango/santiago-papasquiaro/soyupa
34627,Charco Verde,Ranchería,Santiago Papasquiaro,Durango,,Rural,https://postali.app/mx/durango/santiago-papasquiaro/charco-verde
34627,El Chicural,Ranchería,Santiago Papasquiaro,Durango,,Rural,https://postali.app/mx/durango/santiago-papasquiaro/el-chicural
34627,El Guamúchil,Ranchería,Santiago Papasquiaro,Durango,,Rural,https://postali.app/mx/durango/santiago-papasquiaro/el-guamuchil
34627,El Naranjito,Ranchería,Santiago Papasquiaro,Durango,,Rural,https://postali.app/mx/durango/santiago-papasquiaro/el-naranjito
34627,La Guacamaya,Ranchería,Santiago Papasquiaro,Durango,,Rural,https://postali.app/mx/durango/santiago-papasquiaro/la-guacamaya
34627,La Sierrita,Ranchería,Santiago Papasquiaro,Durango,,Rural,https://postali.app/mx/durango/santiago-papasquiaro/la-sierrita
34627,Las Flores,Ranchería,Santiago Papasquiaro,Durango,,Rural,https://postali.app/mx/durango/santiago-papasquiaro/las-flores
34627,Las Papas (Rancho Nuevo),Ranchería,Santiago Papasquiaro,Durango,,Rural,https://postali.app/mx/durango/santiago-papasquiaro/las-papas-rancho-nuevo
34627,Llano Blanco,Ranchería,Santiago Papasquiaro,Durango,,Rural,https://postali.app/mx/durango/santiago-papasquiaro/llano-blanco
34627,Los Algodones,Ranchería,Santiago Papasquiaro,Durango,,Rural,https://postali.app/mx/durango/santiago-papasquiaro/los-algodones
34627,Metates,Ranchería,Santiago Papasquiaro,Durango,,Rural,https://postali.app/mx/durango/santiago-papasquiaro/metates
34627,Piedra Gorda,Ranchería,Santiago Papasquiaro,Durango,,Rural,https://postali.app/mx/durango/santiago-papasquiaro/piedra-gorda
34627,Rincón de Huajupa,Pueblo,Santiago Papasquiaro,Durango,,Rural,https://postali.app/mx/durango/santiago-papasquiaro/rincon-de-huajupa
34627,San José de Cañas,Ranchería,Santiago Papasquiaro,Durango,,Rural,https://postali.app/mx/durango/santiago-papasquiaro/san-jose-de-canas
34627,San Juan de Camarones,Ranchería,Santiago Papasquiaro,Durango,,Rural,https://postali.app/mx/durango/santiago-papasquiaro/san-juan-de-camarones
34627,San Juan Viejo,Ranchería,Santiago Papasquiaro,Durango,,Rural,https://postali.app/mx/durango/santiago-papasquiaro/san-juan-viejo
34627,San Miguel del Alto,Pueblo,Santiago Papasquiaro,Durango,,Rural,https://postali.app/mx/durango/santiago-papasquiaro/san-miguel-del-alto
34627,Vascogil,Colonia,Santiago Papasquiaro,Durango,,Rural,https://postali.app/mx/durango/santiago-papasquiaro/vascogil
34630,Santiago Papasquiaro Centro,Colonia,Santiago Papasquiaro,Durango,Santiago Papasquiaro,Urbano,https://postali.app/mx/durango/santiago-papasquiaro/santiago-papasquiaro-centro
34634,10 de Abril,Colonia,Santiago Papasquiaro,Durango,Santiago Papasquiaro,Urbano,https://postali.app/mx/durango/santiago-papasquiaro/10-de-abril
34634,Altavista,Colonia,Santiago Papasquiaro,Durango,Santiago Papasquiaro,Urbano,https://postali.app/mx/durango/santiago-papasquiaro/altavista
34634,Colinas de Santiago,Colonia,Santiago Papasquiaro,Durango,Santiago Papasquiaro,Urbano,https://postali.app/mx/durango/santiago-papasquiaro/colinas-de-santiago
34634,Lomas de Santiago,Fraccionamiento,Santiago Papasquiaro,Durango,Santiago Papasquiaro,Urbano,https://postali.app/mx/durango/santiago-papasquiaro/lomas-de-santiago
34634,Santa Mónica,Colonia,Santiago Papasquiaro,Durango,Santiago Papasquiaro,Urbano,https://postali.app/mx/durango/santiago-papasquiaro/santa-monica
34635,Altamira,Colonia,Santiago Papasquiaro,Durango,Santiago Papasquiaro,Urbano,https://postali.app/mx/durango/santiago-papasquiaro/altamira
34635,Campestre,Colonia,Santiago Papasquiaro,Durango,Santiago Papasquiaro,Urbano,https://postali.app/mx/durango/santiago-papasquiaro/campestre
34635,Lomas de la Cruz,Colonia,Santiago Papasquiaro,Durango,Santiago Papasquiaro,Urbano,https://postali.app/mx/durango/santiago-papasquiaro/lomas-de-la-cruz
34635,Lomas de San Juan,Colonia,Santiago Papasquiaro,Durango,Santiago Papasquiaro,Urbano,https://postali.app/mx/durango/santiago-papasquiaro/lomas-de-san-juan
34635,Villas del Mirador,Fraccionamiento,Santiago Papasquiaro,Durango,Santiago Papasquiaro,Urbano,https://postali.app/mx/durango/santiago-papasquiaro/villas-del-mirador
34636,Hermanos Revueltas,Colonia,Santiago Papasquiaro,Durango,Santiago Papasquiaro,Urbano,https://postali.app/mx/durango/santiago-papasquiaro/hermanos-revueltas
34636,La Haciendita,Colonia,Santiago Papasquiaro,Durango,Santiago Papasquiaro,Urbano,https://postali.app/mx/durango/santiago-papasquiaro/la-haciendita
34636,La Haciendita,Fraccionamiento,Santiago Papasquiaro,Durango,Santiago Papasquiaro,Urbano,https://postali.app/mx/durango/santiago-papasquiaro/la-haciendita-34636
34636,Los Nogales,Colonia,Santiago Papasquiaro,Durango,Santiago Papasquiaro,Urbano,https://postali.app/mx/durango/santiago-papasquiaro/los-nogales-34636
34637,Esperanza,Colonia,Santiago Papasquiaro,Durango,Santiago Papasquiaro,Urbano,https://postali.app/mx/durango/santiago-papasquiaro/esperanza
34637,La Esmeralda,Colonia,Santiago Papasquiaro,Durango,Santiago Papasquiaro,Urbano,https://postali.app/mx/durango/santiago-papasquiaro/la-esmeralda
34637,San Francisco,Colonia,Santiago Papasquiaro,Durango,Santiago Papasquiaro,Urbano,https://postali.app/mx/durango/santiago-papasquiaro/san-francisco
34637,Silvestre Revueltas,Colonia,Santiago Papasquiaro,Durango,Santiago Papasquiaro,Urbano,https://postali.app/mx/durango/santiago-papasquiaro/silvestre-revueltas
34637,Solidaridad,Colonia,Santiago Papasquiaro,Durango,Santiago Papasquiaro,Urbano,https://postali.app/mx/durango/santiago-papasquiaro/solidaridad
34638,El Terrero,Colonia,Santiago Papasquiaro,Durango,Santiago Papasquiaro,Urbano,https://postali.app/mx/durango/santiago-papasquiaro/el-terrero-34638
34638,Francisco Villa,Colonia,Santiago Papasquiaro,Durango,Santiago Papasquiaro,Urbano,https://postali.app/mx/durango/santiago-papasquiaro/francisco-villa
34638,Jardines del Valle,Colonia,Santiago Papasquiaro,Durango,Santiago Papasquiaro,Urbano,https://postali.app/mx/durango/santiago-papasquiaro/jardines-del-valle
34638,Las Margaritas,Colonia,Santiago Papasquiaro,Durango,Santiago Papasquiaro,Urbano,https://postali.app/mx/durango/santiago-papasquiaro/las-margaritas-34638
34638,Maderas,Colonia,Santiago Papasquiaro,Durango,Santiago Papasquiaro,Urbano,https://postali.app/mx/durango/santiago-papasquiaro/maderas
34638,Magisterial,Fraccionamiento,Santiago Papasquiaro,Durango,Santiago Papasquiaro,Urbano,https://postali.app/mx/durango/santiago-papasquiaro/magisterial
34638,Proformex,Fraccionamiento,Santiago Papasquiaro,Durango,Santiago Papasquiaro,Urbano,https://postali.app/mx/durango/santiago-papasquiaro/proformex
34638,Real del Pino,Fraccionamiento,Santiago Papasquiaro,Durango,Santiago Papasquiaro,Urbano,https://postali.app/mx/durango/santiago-papasquiaro/real-del-pino
34638,Sierra Bonita,Fraccionamiento,Santiago Papasquiaro,Durango,Santiago Papasquiaro,Urbano,https://postali.app/mx/durango/santiago-papasquiaro/sierra-bonita
34638,Valle del Tagarete,Fraccionamiento,Santiago Papasquiaro,Durango,Santiago Papasquiaro,Urbano,https://postali.app/mx/durango/santiago-papasquiaro/valle-del-tagarete
34638,Valle Dorado,Fraccionamiento,Santiago Papasquiaro,Durango,Santiago Papasquiaro,Urbano,https://postali.app/mx/durango/santiago-papasquiaro/valle-dorado
34639,Bosque,Colonia,Santiago Papasquiaro,Durango,Santiago Papasquiaro,Urbano,https://postali.app/mx/durango/santiago-papasquiaro/bosque
34639,Emiliano Zapata,Colonia,Santiago Papasquiaro,Durango,Santiago Papasquiaro,Urbano,https://postali.app/mx/durango/santiago-papasquiaro/emiliano-zapata
34639,Heberto Castillo,Colonia,Santiago Papasquiaro,Durango,Santiago Papasquiaro,Urbano,https://postali.app/mx/durango/santiago-papasquiaro/heberto-castillo
34639,Las Vegas,Colonia,Santiago Papasquiaro,Durango,Santiago Papasquiaro,Urbano,https://postali.app/mx/durango/santiago-papasquiaro/las-vegas
34639,PRI,Colonia,Santiago Papasquiaro,Durango,Santiago Papasquiaro,Urbano,https://postali.app/mx/durango/santiago-papasquiaro/pri
34639,San Diego Tenzaens,Colonia,Santiago Papasquiaro,Durango,Santiago Papasquiaro,Urbano,https://postali.app/mx/durango/santiago-papasquiaro/san-diego-tenzaens
34640,Azteca,Colonia,Santiago Papasquiaro,Durango,Santiago Papasquiaro,Urbano,https://postali.app/mx/durango/santiago-papasquiaro/azteca
34640,La Sierra,Colonia,Santiago Papasquiaro,Durango,Santiago Papasquiaro,Urbano,https://postali.app/mx/durango/santiago-papasquiaro/la-sierra
34640,Lomas del Tepeyac,Colonia,Santiago Papasquiaro,Durango,Santiago Papasquiaro,Urbano,https://postali.app/mx/durango/santiago-papasquiaro/lomas-del-tepeyac
34640,Providencia,Colonia,Santiago Papasquiaro,Durango,Santiago Papasquiaro,Urbano,https://postali.app/mx/durango/santiago-papasquiaro/providencia-34640
34644,Turbina,Colonia,Santiago Papasquiaro,Durango,Santiago Papasquiaro,Urbano,https://postali.app/mx/durango/santiago-papasquiaro/turbina
34645,El Progreso,Colonia,Santiago Papasquiaro,Durango,Santiago Papasquiaro,Urbano,https://postali.app/mx/durango/santiago-papasquiaro/el-progreso
34645,La Estrella,Colonia,Santiago Papasquiaro,Durango,Santiago Papasquiaro,Urbano,https://postali.app/mx/durango/santiago-papasquiaro/la-estrella
34645,Real de Santiago,Colonia,Santiago Papasquiaro,Durango,Santiago Papasquiaro,Urbano,https://postali.app/mx/durango/santiago-papasquiaro/real-de-santiago
34646,Arroyo del Tagarete,Colonia,Santiago Papasquiaro,Durango,Santiago Papasquiaro,Urbano,https://postali.app/mx/durango/santiago-papasquiaro/arroyo-del-tagarete
34646,CNOP,Colonia,Santiago Papasquiaro,Durango,Santiago Papasquiaro,Urbano,https://postali.app/mx/durango/santiago-papasquiaro/cnop
34646,El Paraíso,Colonia,Santiago Papasquiaro,Durango,Santiago Papasquiaro,Urbano,https://postali.app/mx/durango/santiago-papasquiaro/el-paraiso
34646,Independencia,Colonia,Santiago Papasquiaro,Durango,Santiago Papasquiaro,Urbano,https://postali.app/mx/durango/santiago-papasquiaro/independencia
34646,La Noria,Colonia,Santiago Papasquiaro,Durango,Santiago Papasquiaro,Urbano,https://postali.app/mx/durango/santiago-papasquiaro/la-noria
34647,El Milagro,Colonia,Santiago Papasquiaro,Durango,Santiago Papasquiaro,Urbano,https://postali.app/mx/durango/santiago-papasquiaro/el-milagro
34647,España,Colonia,Santiago Papasquiaro,Durango,Santiago Papasquiaro,Urbano,https://postali.app/mx/durango/santiago-papasquiaro/espana
34647,Lienzo Charro Domingo Corral,Equipamiento,Santiago Papasquiaro,Durango,Santiago Papasquiaro,Urbano,https://postali.app/mx/durango/santiago-papasquiaro/lienzo-charro-domingo-corral
34647,Loma Linda,Fraccionamiento,Santiago Papasquiaro,Durango,Santiago Papasquiaro,Urbano,https://postali.app/mx/durango/santiago-papasquiaro/loma-linda
34647,Real Campestre,Colonia,Santiago Papasquiaro,Durango,Santiago Papasquiaro,Urbano,https://postali.app/mx/durango/santiago-papasquiaro/real-campestre
34648,Mineral de Santiago,Colonia,Santiago Papasquiaro,Durango,Santiago Papasquiaro,Urbano,https://postali.app/mx/durango/santiago-papasquiaro/mineral-de-santiago
34649,El Pueblo,Colonia,Santiago Papasquiaro,Durango,Santiago Papasquiaro,Urbano,https://postali.app/mx/durango/santiago-papasquiaro/el-pueblo
34649,Quinta Magisterial,Colonia,Santiago Papasquiaro,Durango,Santiago Papasquiaro,Urbano,https://postali.app/mx/durango/santiago-papasquiaro/quinta-magisterial
34650,Otáez,Pueblo,Otáez,Durango,,Urbano,https://postali.app/mx/durango/otaez/otaez
34651,La Cieneguita,Ranchería,Otáez,Durango,,Rural,https://postali.app/mx/durango/otaez/la-cieneguita
34652,Arranca Barbas (Nuevo Porvenir),Ranchería,Otáez,Durango,,Rural,https://postali.app/mx/durango/otaez/arranca-barbas-nuevo-porvenir
34653,Banome,Pueblo,Otáez,Durango,,Rural,https://postali.app/mx/durango/otaez/banome
34653,San Marcos,Ranchería,Otáez,Durango,,Rural,https://postali.app/mx/durango/otaez/san-marcos
34653,Zapotes,Pueblo,Otáez,Durango,,Rural,https://postali.app/mx/durango/otaez/zapotes
34654,Campanillas,Ejido,Otáez,Durango,,Rural,https://postali.app/mx/durango/otaez/campanillas
34654,La Sierrita,Ranchería,Otáez,Durango,,Rural,https://postali.app/mx/durango/otaez/la-sierrita
34655,Coanas,Ranchería,Otáez,Durango,,Rural,https://postali.app/mx/durango/otaez/coanas
34656,El Puerto de San Rafael,Rancho,Otáez,Durango,,Rural,https://postali.app/mx/durango/otaez/el-puerto-de-san-rafael
34657,El Montón de Piedras,Rancho,Otáez,Durango,,Rural,https://postali.app/mx/durango/otaez/el-monton-de-piedras
34657,La Mesa de México,Rancho,Otáez,Durango,,Rural,https://postali.app/mx/durango/otaez/la-mesa-de-mexico
34657,Los Sauces,Ranchería,Otáez,Durango,,Rural,https://postali.app/mx/durango/otaez/los-sauces
34657,Santiago de Bozos (Bozos),Ranchería,Otáez,Durango,,Rural,https://postali.app/mx/durango/otaez/santiago-de-bozos-bozos
34658,Macho Bayo,Rancho,Otáez,Durango,,Rural,https://postali.app/mx/durango/otaez/macho-bayo
34658,San José de la Laguna,Ranchería,Otáez,Durango,,Rural,https://postali.app/mx/durango/otaez/san-jose-de-la-laguna
34658,San Pedro de Azafranes,Pueblo,Otáez,Durango,,Rural,https://postali.app/mx/durango/otaez/san-pedro-de-azafranes
34659,El Rincón,Ranchería,Otáez,Durango,,Rural,https://postali.app/mx/durango/otaez/el-rincon
34659,Mesitas,Ranchería,Otáez,Durango,,Rural,https://postali.app/mx/durango/otaez/mesitas
34659,Tepocatita,Ranchería,Otáez,Durango,,Rural,https://postali.app/mx/durango/otaez/tepocatita
34663,San José de la Cruz,Ranchería,Otáez,Durango,,Rural,https://postali.app/mx/durango/otaez/san-jose-de-la-cruz
34664,Las Hacienditas,Ranchería,Otáez,Durango,,Rural,https://postali.app/mx/durango/otaez/las-hacienditas
34665,Los Cardos,Ranchería,Otáez,Durango,,Rural,https://postali.app/mx/durango/otaez/los-cardos
34665,San José de Bacis,Rancho,Otáez,Durango,,Rural,https://postali.app/mx/durango/otaez/san-jose-de-bacis
34666,San Miguel de Piélagos,Rancho,Otáez,Durango,,Rural,https://postali.app/mx/durango/otaez/san-miguel-de-pielagos
34667,La Trinidad,Ranchería,Otáez,Durango,,Rural,https://postali.app/mx/durango/otaez/la-trinidad
34667,San Ignacio de Huapipuje,Ranchería,Otáez,Durango,,Rural,https://postali.app/mx/durango/otaez/san-ignacio-de-huapipuje
34668,Ciénega de Olivos,Ranchería,Otáez,Durango,,Rural,https://postali.app/mx/durango/otaez/cienega-de-olivos
34668,Sierra Santa,Ranchería,Otáez,Durango,,Rural,https://postali.app/mx/durango/otaez/sierra-santa
34669,Bajío de Vacas (Bajío de Atocha),Pueblo,Otáez,Durango,,Rural,https://postali.app/mx/durango/otaez/bajio-de-vacas-bajio-de-atocha
34670,Apolonio Madriles,Ranchería,San Dimas,Durango,,Rural,https://postali.app/mx/durango/san-dimas/apolonio-madriles
34670,Atoyaderos,Ranchería,San Dimas,Durango,,Rural,https://postali.app/mx/durango/san-dimas/atoyaderos
34670,Coscomates,Ranchería,San Dimas,Durango,,Rural,https://postali.app/mx/durango/san-dimas/coscomates
34670,Cuevecillas,Ranchería,San Dimas,Durango,,Rural,https://postali.app/mx/durango/san-dimas/cuevecillas
34670,Cuevecillas,Rancho,San Dimas,Durango,,Rural,https://postali.app/mx/durango/san-dimas/cuevecillas-34670
34670,Duranguito,Ranchería,San Dimas,Durango,,Rural,https://postali.app/mx/durango/san-dimas/duranguito
34670,El Bañadero,Ranchería,San Dimas,Durango,,Rural,https://postali.app/mx/durango/san-dimas/el-banadero
34670,El Huehuento,Ranchería,San Dimas,Durango,,Rural,https://postali.app/mx/durango/san-dimas/el-huehuento
34670,El Pajonal,Ranchería,San Dimas,Durango,,Rural,https://postali.app/mx/durango/san-dimas/el-pajonal
34670,Huahuapan,Pueblo,San Dimas,Durango,,Rural,https://postali.app/mx/durango/san-dimas/huahuapan
34670,La Borcelana,Ranchería,San Dimas,Durango,,Rural,https://postali.app/mx/durango/san-dimas/la-borcelana
34670,La Canal de la Borrega,Ranchería,San Dimas,Durango,,Rural,https://postali.app/mx/durango/san-dimas/la-canal-de-la-borrega
34670,La Mora,Pueblo,San Dimas,Durango,,Rural,https://postali.app/mx/durango/san-dimas/la-mora
34670,Morillitos,Pueblo,San Dimas,Durango,,Rural,https://postali.app/mx/durango/san-dimas/morillitos
34670,Piedras de Lumbre,Ranchería,San Dimas,Durango,,Rural,https://postali.app/mx/durango/san-dimas/piedras-de-lumbre
34670,Rancho Viejo,Ranchería,San Dimas,Durango,,Rural,https://postali.app/mx/durango/san-dimas/rancho-viejo
34670,San Ignacio de Abajo,Ranchería,San Dimas,Durango,,Rural,https://postali.app/mx/durango/san-dimas/san-ignacio-de-abajo
34670,San Ignacio de Arriba,Ranchería,San Dimas,Durango,,Rural,https://postali.app/mx/durango/san-dimas/san-ignacio-de-arriba
34670,San Ignacio de Enmedio,Ranchería,San Dimas,Durango,,Rural,https://postali.app/mx/durango/san-dimas/san-ignacio-de-enmedio
34670,San Juan,Ranchería,San Dimas,Durango,,Rural,https://postali.app/mx/durango/san-dimas/san-juan
34670,San Miguel de Cruces,Pueblo,San Dimas,Durango,,Rural,https://postali.app/mx/durango/san-dimas/san-miguel-de-cruces
34670,Sapiorís,Ranchería,San Dimas,Durango,,Rural,https://postali.app/mx/durango/san-dimas/sapioris
34670,Toluanda,Ranchería,San Dimas,Durango,,Rural,https://postali.app/mx/durango/san-dimas/toluanda
34670,Yerbaníz,Ranchería,San Dimas,Durango,,Rural,https://postali.app/mx/durango/san-dimas/yerbaniz
34673,Cruces,Ranchería,San Dimas,Durango,,Rural,https://postali.app/mx/durango/san-dimas/cruces
34673,El Arroyito Colorado,Ranchería,San Dimas,Durango,,Rural,https://postali.app/mx/durango/san-dimas/el-arroyito-colorado
34673,El Aviadero,Ranchería,San Dimas,Durango,,Rural,https://postali.app/mx/durango/san-dimas/el-aviadero
34673,El Becerro,Ranchería,San Dimas,Durango,,Rural,https://postali.app/mx/durango/san-dimas/el-becerro
34673,El Cebo,Ranchería,San Dimas,Durango,,Rural,https://postali.app/mx/durango/san-dimas/el-cebo
34673,El Centenario [Rancho],Ranchería,San Dimas,Durango,,Rural,https://postali.app/mx/durango/san-dimas/el-centenario-rancho
34673,El Pilar,Ranchería,San Dimas,Durango,,Rural,https://postali.app/mx/durango/san-dimas/el-pilar
34673,El Rincón,Ranchería,San Dimas,Durango,,Rural,https://postali.app/mx/durango/san-dimas/el-rincon
34673,La Aduana,Ranchería,San Dimas,Durango,,Rural,https://postali.app/mx/durango/san-dimas/la-aduana
34673,La Alisosa,Ranchería,San Dimas,Durango,,Rural,https://postali.app/mx/durango/san-dimas/la-alisosa
34673,La Cebadilla,Ranchería,San Dimas,Durango,,Rural,https://postali.app/mx/durango/san-dimas/la-cebadilla
34673,La Flor,Ranchería,San Dimas,Durango,,Rural,https://postali.app/mx/durango/san-dimas/la-flor
34673,La Mesa del León,Ranchería,San Dimas,Durango,,Rural,https://postali.app/mx/durango/san-dimas/la-mesa-del-leon
34673,Los Manzanos (Rancho Viejo),Ranchería,San Dimas,Durango,,Rural,https://postali.app/mx/durango/san-dimas/los-manzanos-rancho-viejo
34673,Los Ojitos,Ranchería,San Dimas,Durango,,Rural,https://postali.app/mx/durango/san-dimas/los-ojitos
34673,Nogales,Ranchería,San Dimas,Durango,,Rural,https://postali.app/mx/durango/san-dimas/nogales
34673,Rancho Viejo,Ranchería,San Dimas,Durango,,Rural,https://postali.app/mx/durango/san-dimas/rancho-viejo-34673
34673,San José,Ranchería,San Dimas,Durango,,Rural,https://postali.app/mx/durango/san-dimas/san-jose
34673,San Rafael de Abajo,Ranchería,San Dimas,Durango,,Rural,https://postali.app/mx/durango/san-dimas/san-rafael-de-abajo
34673,San Rafael de Arriba,Ranchería,San Dimas,Durango,,Rural,https://postali.app/mx/durango/san-dimas/san-rafael-de-arriba
34673,San Vicente,Ranchería,San Dimas,Durango,,Rural,https://postali.app/mx/durango/san-dimas/san-vicente
34673,Santa Ana,Ranchería,San Dimas,Durango,,Rural,https://postali.app/mx/durango/san-dimas/santa-ana
34673,Santa Rosa,Ranchería,San Dimas,Durango,,Rural,https://postali.app/mx/durango/san-dimas/santa-rosa
34674,Bainorito,Ranchería,San Dimas,Durango,,Rural,https://postali.app/mx/durango/san-dimas/bainorito
34674,Corral de Piedra,Ranchería,San Dimas,Durango,,Rural,https://postali.app/mx/durango/san-dimas/corral-de-piedra
34674,El Astillero,Ranchería,San Dimas,Durango,,Rural,https://postali.app/mx/durango/san-dimas/el-astillero
34674,El Chicural,Ranchería,San Dimas,Durango,,Rural,https://postali.app/mx/durango/san-dimas/el-chicural
34674,El Desecho,Ranchería,San Dimas,Durango,,Rural,https://postali.app/mx/durango/san-dimas/el-desecho
34674,El Duraznito del Oro,Ranchería,San Dimas,Durango,,Rural,https://postali.app/mx/durango/san-dimas/el-duraznito-del-oro
34674,El Limoncito,Ranchería,San Dimas,Durango,,Rural,https://postali.app/mx/durango/san-dimas/el-limoncito
34674,El Llano,Ranchería,San Dimas,Durango,,Rural,https://postali.app/mx/durango/san-dimas/el-llano
34674,El Madroño,Ranchería,San Dimas,Durango,,Rural,https://postali.app/mx/durango/san-dimas/el-madrono
34674,El Manzanillo,Ranchería,San Dimas,Durango,,Rural,https://postali.app/mx/durango/san-dimas/el-manzanillo
34674,El Pinto,Ranchería,San Dimas,Durango,,Rural,https://postali.app/mx/durango/san-dimas/el-pinto
34674,El Pueblo,Ranchería,San Dimas,Durango,,Rural,https://postali.app/mx/durango/san-dimas/el-pueblo
34674,El Quemado,Ranchería,San Dimas,Durango,,Rural,https://postali.app/mx/durango/san-dimas/el-quemado
34674,El Ranchito,Ranchería,San Dimas,Durango,,Rural,https://postali.app/mx/durango/san-dimas/el-ranchito
34674,El Rancho de Marcos,Ranchería,San Dimas,Durango,,Rural,https://postali.app/mx/durango/san-dimas/el-rancho-de-marcos
34674,El Roble,Ranchería,San Dimas,Durango,,Rural,https://postali.app/mx/durango/san-dimas/el-roble
34674,El Tepozán,Ranchería,San Dimas,Durango,,Rural,https://postali.app/mx/durango/san-dimas/el-tepozan
34674,Gavilanes,Pueblo,San Dimas,Durango,,Rural,https://postali.app/mx/durango/san-dimas/gavilanes
34674,Huachichiles,Pueblo,San Dimas,Durango,,Rural,https://postali.app/mx/durango/san-dimas/huachichiles
34674,La Guajolota,Ranchería,San Dimas,Durango,,Rural,https://postali.app/mx/durango/san-dimas/la-guajolota
34674,La Vega de Marines,Ranchería,San Dimas,Durango,,Rural,https://postali.app/mx/durango/san-dimas/la-vega-de-marines
34674,Las Cebollas,Ranchería,San Dimas,Durango,,Rural,https://postali.app/mx/durango/san-dimas/las-cebollas
34674,Las Moras,Ranchería,San Dimas,Durango,,Rural,https://postali.app/mx/durango/san-dimas/las-moras
34674,Las Orejas,Ranchería,San Dimas,Durango,,Rural,https://postali.app/mx/durango/san-dimas/las-orejas
34674,Las Tinajas,Ranchería,San Dimas,Durango,,Rural,https://postali.app/mx/durango/san-dimas/las-tinajas
34674,Los Amoles,Ranchería,San Dimas,Durango,,Rural,https://postali.app/mx/durango/san-dimas/los-amoles
34674,Los Cardos,Ranchería,San Dimas,Durango,,Rural,https://postali.app/mx/durango/san-dimas/los-cardos
34674,Los Ojitos,Ranchería,San Dimas,Durango,,Rural,https://postali.app/mx/durango/san-dimas/los-ojitos-34674
34674,Los Tanques,Ranchería,San Dimas,Durango,,Rural,https://postali.app/mx/durango/san-dimas/los-tanques
34674,Marungo,Ranchería,San Dimas,Durango,,Rural,https://postali.app/mx/durango/san-dimas/marungo
34674,Temehuaya,Ranchería,San Dimas,Durango,,Rural,https://postali.app/mx/durango/san-dimas/temehuaya
34675,Agua Caliente,Ranchería,San Dimas,Durango,,Rural,https://postali.app/mx/durango/san-dimas/agua-caliente
34675,Carboneras,Pueblo,San Dimas,Durango,,Rural,https://postali.app/mx/durango/san-dimas/carboneras
34675,Carpintería,Ranchería,San Dimas,Durango,,Rural,https://postali.app/mx/durango/san-dimas/carpinteria
34675,Cerro Blanco,Ranchería,San Dimas,Durango,,Rural,https://postali.app/mx/durango/san-dimas/cerro-blanco
34675,El Alamito,Ranchería,San Dimas,Durango,,Rural,https://postali.app/mx/durango/san-dimas/el-alamito
34675,El Ancón,Ranchería,San Dimas,Durango,,Rural,https://postali.app/mx/durango/san-dimas/el-ancon
34675,El Broto,Ranchería,San Dimas,Durango,,Rural,https://postali.app/mx/durango/san-dimas/el-broto
34675,El Ciruelo,Ranchería,San Dimas,Durango,,Rural,https://postali.app/mx/durango/san-dimas/el-ciruelo
34675,El Comisario,Ranchería,San Dimas,Durango,,Rural,https://postali.app/mx/durango/san-dimas/el-comisario
34675,El Gallo,Ranchería,San Dimas,Durango,,Rural,https://postali.app/mx/durango/san-dimas/el-gallo
34675,El Granizo,Ranchería,San Dimas,Durango,,Rural,https://postali.app/mx/durango/san-dimas/el-granizo
34675,El Huizachal,Ranchería,San Dimas,Durango,,Rural,https://postali.app/mx/durango/san-dimas/el-huizachal
34675,El Llanito,Ranchería,San Dimas,Durango,,Rural,https://postali.app/mx/durango/san-dimas/el-llanito
34675,El Muerto,Ranchería,San Dimas,Durango,,Rural,https://postali.app/mx/durango/san-dimas/el-muerto
34675,El Puerto,Ranchería,San Dimas,Durango,,Rural,https://postali.app/mx/durango/san-dimas/el-puerto
34675,El Ranchito,Ranchería,San Dimas,Durango,,Rural,https://postali.app/mx/durango/san-dimas/el-ranchito-34675
34675,El Ranchito,Rancho,San Dimas,Durango,,Rural,https://postali.app/mx/durango/san-dimas/el-ranchito-34675-4094
34675,Espadañal de San Jerónimo,Pueblo,San Dimas,Durango,,Rural,https://postali.app/mx/durango/san-dimas/espadanal-de-san-jeronimo
34675,Guarisamey,Pueblo,San Dimas,Durango,,Rural,https://postali.app/mx/durango/san-dimas/guarisamey
34675,Jacales,Ranchería,San Dimas,Durango,,Rural,https://postali.app/mx/durango/san-dimas/jacales
34675,La Canoa,Ranchería,San Dimas,Durango,,Rural,https://postali.app/mx/durango/san-dimas/la-canoa
34675,La Estación,Ranchería,San Dimas,Durango,,Rural,https://postali.app/mx/durango/san-dimas/la-estacion
34675,La Gloria,Ranchería,San Dimas,Durango,,Rural,https://postali.app/mx/durango/san-dimas/la-gloria
34675,La Joya,Ranchería,San Dimas,Durango,,Rural,https://postali.app/mx/durango/san-dimas/la-joya
34675,La Lajita,Ranchería,San Dimas,Durango,,Rural,https://postali.app/mx/durango/san-dimas/la-lajita
34675,La Mesa,Ranchería,San Dimas,Durango,,Rural,https://postali.app/mx/durango/san-dimas/la-mesa
34675,La Palma,Pueblo,San Dimas,Durango,,Rural,https://postali.app/mx/durango/san-dimas/la-palma
34675,La Presa,Ranchería,San Dimas,Durango,,Rural,https://postali.app/mx/durango/san-dimas/la-presa
34675,La Quebrada,Ranchería,San Dimas,Durango,,Rural,https://postali.app/mx/durango/san-dimas/la-quebrada
34675,La Trinidad,Ranchería,San Dimas,Durango,,Rural,https://postali.app/mx/durango/san-dimas/la-trinidad
34675,La Vinata,Rancho,San Dimas,Durango,,Rural,https://postali.app/mx/durango/san-dimas/la-vinata
34675,Las Adjuntas del Río,Ranchería,San Dimas,Durango,,Rural,https://postali.app/mx/durango/san-dimas/las-adjuntas-del-rio
34675,Las Huertas,Pueblo,San Dimas,Durango,,Rural,https://postali.app/mx/durango/san-dimas/las-huertas
34675,Las Seguidillas,Ranchería,San Dimas,Durango,,Rural,https://postali.app/mx/durango/san-dimas/las-seguidillas
34675,Los Robles,Ranchería,San Dimas,Durango,,Rural,https://postali.app/mx/durango/san-dimas/los-robles
34675,Memelujo,Pueblo,San Dimas,Durango,,Rural,https://postali.app/mx/durango/san-dimas/memelujo
34675,Pericos,Ranchería,San Dimas,Durango,,Rural,https://postali.app/mx/durango/san-dimas/pericos
34675,Puentecillas,Pueblo,San Dimas,Durango,,Rural,https://postali.app/mx/durango/san-dimas/puentecillas
34675,San Jerónimo,Ranchería,San Dimas,Durango,,Rural,https://postali.app/mx/durango/san-dimas/san-jeronimo
34675,San Rafael,Ranchería,San Dimas,Durango,,Rural,https://postali.app/mx/durango/san-dimas/san-rafael
34675,Santa Ana,Ranchería,San Dimas,Durango,,Rural,https://postali.app/mx/durango/san-dimas/santa-ana-34675
34675,Santa Rita,Ranchería,San Dimas,Durango,,Rural,https://postali.app/mx/durango/san-dimas/santa-rita
34675,Yamoriba,Ranchería,San Dimas,Durango,,Rural,https://postali.app/mx/durango/san-dimas/yamoriba
34676,Coyotes,Ranchería,San Dimas,Durango,,Rural,https://postali.app/mx/durango/san-dimas/coyotes
34676,El Chorro,Ranchería,San Dimas,Durango,,Rural,https://postali.app/mx/durango/san-dimas/el-chorro
34676,El Maguey,Ranchería,San Dimas,Durango,,Rural,https://postali.app/mx/durango/san-dimas/el-maguey
34676,El Trigo,Ranchería,San Dimas,Durango,,Rural,https://postali.app/mx/durango/san-dimas/el-trigo
34676,La Anqueta,Ranchería,San Dimas,Durango,,Rural,https://postali.app/mx/durango/san-dimas/la-anqueta
34676,La Ciudad,Ranchería,San Dimas,Durango,,Rural,https://postali.app/mx/durango/san-dimas/la-ciudad
34676,La Traspana,Ranchería,San Dimas,Durango,,Rural,https://postali.app/mx/durango/san-dimas/la-traspana
34676,La Vega,Ranchería,San Dimas,Durango,,Rural,https://postali.app/mx/durango/san-dimas/la-vega
34676,Las Güeras,Ranchería,San Dimas,Durango,,Rural,https://postali.app/mx/durango/san-dimas/las-gueras
34676,Las Lagunas,Ranchería,San Dimas,Durango,,Rural,https://postali.app/mx/durango/san-dimas/las-lagunas
34676,Los Laureles,Ranchería,San Dimas,Durango,,Rural,https://postali.app/mx/durango/san-dimas/los-laureles
34676,San Rafael,Ranchería,San Dimas,Durango,,Rural,https://postali.app/mx/durango/san-dimas/san-rafael-34676
34677,Calerita,Ranchería,San Dimas,Durango,,Rural,https://postali.app/mx/durango/san-dimas/calerita
34677,El Cuadro,Ranchería,San Dimas,Durango,,Rural,https://postali.app/mx/durango/san-dimas/el-cuadro
34677,El Granizo,Ranchería,San Dimas,Durango,,Rural,https://postali.app/mx/durango/san-dimas/el-granizo-34677
34677,El Granizo de Abajo,Ranchería,San Dimas,Durango,,Rural,https://postali.app/mx/durango/san-dimas/el-granizo-de-abajo
34677,El Palmito,Pueblo,San Dimas,Durango,,Rural,https://postali.app/mx/durango/san-dimas/el-palmito
34677,El Pueblo,Rancho,San Dimas,Durango,,Rural,https://postali.app/mx/durango/san-dimas/el-pueblo-34677
34677,El Rayo,Ranchería,San Dimas,Durango,,Rural,https://postali.app/mx/durango/san-dimas/el-rayo
34677,El Remudadero,Ranchería,San Dimas,Durango,,Rural,https://postali.app/mx/durango/san-dimas/el-remudadero
34677,El Sacrificio,Pueblo,San Dimas,Durango,,Rural,https://postali.app/mx/durango/san-dimas/el-sacrificio
34677,Feliciano Meléndez,Ranchería,San Dimas,Durango,,Rural,https://postali.app/mx/durango/san-dimas/feliciano-melendez
34677,Huachimetas de Abajo,Pueblo,San Dimas,Durango,,Rural,https://postali.app/mx/durango/san-dimas/huachimetas-de-abajo
34677,Huachimetas de Arriba,Pueblo,San Dimas,Durango,,Rural,https://postali.app/mx/durango/san-dimas/huachimetas-de-arriba
34677,La Bolsa,Ranchería,San Dimas,Durango,,Rural,https://postali.app/mx/durango/san-dimas/la-bolsa
34677,La Cueva,Ranchería,San Dimas,Durango,,Rural,https://postali.app/mx/durango/san-dimas/la-cueva
34677,La Joya,Ranchería,San Dimas,Durango,,Rural,https://postali.app/mx/durango/san-dimas/la-joya-34677
34677,La Labor,Ranchería,San Dimas,Durango,,Rural,https://postali.app/mx/durango/san-dimas/la-labor
34677,La Manga de Abajo,Ranchería,San Dimas,Durango,,Rural,https://postali.app/mx/durango/san-dimas/la-manga-de-abajo
34677,La Manga de Arriba,Ranchería,San Dimas,Durango,,Rural,https://postali.app/mx/durango/san-dimas/la-manga-de-arriba
34677,La Mona,Pueblo,San Dimas,Durango,,Rural,https://postali.app/mx/durango/san-dimas/la-mona
34677,La Pinaloza,Pueblo,San Dimas,Durango,,Rural,https://postali.app/mx/durango/san-dimas/la-pinaloza
34677,La Quebrada,Ranchería,San Dimas,Durango,,Rural,https://postali.app/mx/durango/san-dimas/la-quebrada-34677
34677,La Ramada,Ranchería,San Dimas,Durango,,Rural,https://postali.app/mx/durango/san-dimas/la-ramada
34677,La Vinata,Ranchería,San Dimas,Durango,,Rural,https://postali.app/mx/durango/san-dimas/la-vinata-34677
34677,Las Cebollas,Pueblo,San Dimas,Durango,,Rural,https://postali.app/mx/durango/san-dimas/las-cebollas-34677
34677,Las Delicias,Ranchería,San Dimas,Durango,,Rural,https://postali.app/mx/durango/san-dimas/las-delicias
34677,Las Lagunetas,Ranchería,San Dimas,Durango,,Rural,https://postali.app/mx/durango/san-dimas/las-lagunetas
34677,Las Truchas,Pueblo,San Dimas,Durango,,Rural,https://postali.app/mx/durango/san-dimas/las-truchas
34677,Los Caliches,Ranchería,San Dimas,Durango,,Rural,https://postali.app/mx/durango/san-dimas/los-caliches
34677,Los Estanques,Ranchería,San Dimas,Durango,,Rural,https://postali.app/mx/durango/san-dimas/los-estanques
34677,Los Estanques (Silviano Soto),Ranchería,San Dimas,Durango,,Rural,https://postali.app/mx/durango/san-dimas/los-estanques-silviano-soto
34677,Los Lobos,Ranchería,San Dimas,Durango,,Rural,https://postali.app/mx/durango/san-dimas/los-lobos
34677,Parajes,Ranchería,San Dimas,Durango,,Rural,https://postali.app/mx/durango/san-dimas/parajes
34677,San Antonio de las Truchas,Ranchería,San Dimas,Durango,,Rural,https://postali.app/mx/durango/san-dimas/san-antonio-de-las-truchas
34677,San Blas,Ranchería,San Dimas,Durango,,Rural,https://postali.app/mx/durango/san-dimas/san-blas
34677,San Francisco de los Lobos,Pueblo,San Dimas,Durango,,Rural,https://postali.app/mx/durango/san-dimas/san-francisco-de-los-lobos
34677,San Miguelito,Ranchería,San Dimas,Durango,,Rural,https://postali.app/mx/durango/san-dimas/san-miguelito
34680,Agua Blanca,Ranchería,San Dimas,Durango,,Rural,https://postali.app/mx/durango/san-dimas/agua-blanca
34680,Cibeles,Ranchería,San Dimas,Durango,,Rural,https://postali.app/mx/durango/san-dimas/cibeles
34680,Crucero a las Flores,Ranchería,San Dimas,Durango,,Rural,https://postali.app/mx/durango/san-dimas/crucero-a-las-flores
34680,Cruces,Ranchería,San Dimas,Durango,,Rural,https://postali.app/mx/durango/san-dimas/cruces-34680
34680,El Casco,Ranchería,San Dimas,Durango,,Rural,https://postali.app/mx/durango/san-dimas/el-casco
34680,El Cócono,Ranchería,San Dimas,Durango,,Rural,https://postali.app/mx/durango/san-dimas/el-cocono
34680,El Gato,Ranchería,San Dimas,Durango,,Rural,https://postali.app/mx/durango/san-dimas/el-gato
34680,El Purgatorio,Ranchería,San Dimas,Durango,,Rural,https://postali.app/mx/durango/san-dimas/el-purgatorio
34680,El Ranchito,Ranchería,San Dimas,Durango,,Rural,https://postali.app/mx/durango/san-dimas/el-ranchito-34680
34680,El Saltito,Ranchería,San Dimas,Durango,,Rural,https://postali.app/mx/durango/san-dimas/el-saltito
34680,El Tecolote,Ranchería,San Dimas,Durango,,Rural,https://postali.app/mx/durango/san-dimas/el-tecolote
34680,El Yaqui,Ranchería,San Dimas,Durango,,Rural,https://postali.app/mx/durango/san-dimas/el-yaqui
34680,La Angostura,Ranchería,San Dimas,Durango,,Rural,https://postali.app/mx/durango/san-dimas/la-angostura
34680,La Aplastada,Ranchería,San Dimas,Durango,,Rural,https://postali.app/mx/durango/san-dimas/la-aplastada
34680,La Bolsa,Ranchería,San Dimas,Durango,,Rural,https://postali.app/mx/durango/san-dimas/la-bolsa-34680
34680,La Flor (Sanjoncito),Ranchería,San Dimas,Durango,,Rural,https://postali.app/mx/durango/san-dimas/la-flor-sanjoncito
34680,La Hedionda,Ranchería,San Dimas,Durango,,Rural,https://postali.app/mx/durango/san-dimas/la-hedionda
34680,La Medalla,Ranchería,San Dimas,Durango,,Rural,https://postali.app/mx/durango/san-dimas/la-medalla
34680,La Mesa de los Caballos,Ranchería,San Dimas,Durango,,Rural,https://postali.app/mx/durango/san-dimas/la-mesa-de-los-caballos
34680,La Obscuridad,Pueblo,San Dimas,Durango,,Rural,https://postali.app/mx/durango/san-dimas/la-obscuridad
34680,La Pasadita,Pueblo,San Dimas,Durango,,Rural,https://postali.app/mx/durango/san-dimas/la-pasadita
34680,La Tableta,Ranchería,San Dimas,Durango,,Rural,https://postali.app/mx/durango/san-dimas/la-tableta
34680,Las Flores,Ranchería,San Dimas,Durango,,Rural,https://postali.app/mx/durango/san-dimas/las-flores
34680,Los Alamillos,Ranchería,San Dimas,Durango,,Rural,https://postali.app/mx/durango/san-dimas/los-alamillos
34680,Los Altares,Ranchería,San Dimas,Durango,,Rural,https://postali.app/mx/durango/san-dimas/los-altares
34680,Los Estanques,Ranchería,San Dimas,Durango,,Rural,https://postali.app/mx/durango/san-dimas/los-estanques-34680
34680,Los Frailecitos,Ranchería,San Dimas,Durango,,Rural,https://postali.app/mx/durango/san-dimas/los-frailecitos
34680,Palos Caídos,Ranchería,San Dimas,Durango,,Rural,https://postali.app/mx/durango/san-dimas/palos-caidos
34680,San Ignacio,Ranchería,San Dimas,Durango,,Rural,https://postali.app/mx/durango/san-dimas/san-ignacio
34680,San Ignacio de la Guitarra,Ranchería,San Dimas,Durango,,Rural,https://postali.app/mx/durango/san-dimas/san-ignacio-de-la-guitarra
34680,San Juan de Agua Blanca (Las Paridas),Ranchería,San Dimas,Durango,,Rural,https://postali.app/mx/durango/san-dimas/san-juan-de-agua-blanca-las-paridas
34680,Vencedores,Pueblo,San Dimas,Durango,,Rural,https://postali.app/mx/durango/san-dimas/vencedores
34683,Arroyo el Saucillal (Rancho Tomas),Ranchería,San Dimas,Durango,,Rural,https://postali.app/mx/durango/san-dimas/arroyo-el-saucillal-rancho-tomas
34683,Bajío Seco,Ranchería,San Dimas,Durango,,Rural,https://postali.app/mx/durango/san-dimas/bajio-seco
34683,Cuatro Caminos,Ranchería,San Dimas,Durango,,Rural,https://postali.app/mx/durango/san-dimas/cuatro-caminos
34683,El Alacrán,Ranchería,San Dimas,Durango,,Rural,https://postali.app/mx/durango/san-dimas/el-alacran
34683,El Arroyo del Saucillal,Ranchería,San Dimas,Durango,,Rural,https://postali.app/mx/durango/san-dimas/el-arroyo-del-saucillal
34683,El Coyote de Abajo,Ranchería,San Dimas,Durango,,Rural,https://postali.app/mx/durango/san-dimas/el-coyote-de-abajo
34683,El Coyote de Arriba,Ranchería,San Dimas,Durango,,Rural,https://postali.app/mx/durango/san-dimas/el-coyote-de-arriba
34683,El Maguey de la Calavera,Pueblo,San Dimas,Durango,,Rural,https://postali.app/mx/durango/san-dimas/el-maguey-de-la-calavera
34683,El Ojo del Lobo,Ranchería,San Dimas,Durango,,Rural,https://postali.app/mx/durango/san-dimas/el-ojo-del-lobo
34683,El Ranchito de Cornelio,Ranchería,San Dimas,Durango,,Rural,https://postali.app/mx/durango/san-dimas/el-ranchito-de-cornelio
34683,El Sobaco,Ranchería,San Dimas,Durango,,Rural,https://postali.app/mx/durango/san-dimas/el-sobaco
34683,El Tule,Ranchería,San Dimas,Durango,,Rural,https://postali.app/mx/durango/san-dimas/el-tule
34683,El Vetarrón,Ranchería,San Dimas,Durango,,Rural,https://postali.app/mx/durango/san-dimas/el-vetarron
34683,La Bellota,Ranchería,San Dimas,Durango,,Rural,https://postali.app/mx/durango/san-dimas/la-bellota
34683,La Ciénega,Ranchería,San Dimas,Durango,,Rural,https://postali.app/mx/durango/san-dimas/la-cienega
34683,La Flor del Campo,Ranchería,San Dimas,Durango,,Rural,https://postali.app/mx/durango/san-dimas/la-flor-del-campo
34683,La Gatuñenta,Ranchería,San Dimas,Durango,,Rural,https://postali.app/mx/durango/san-dimas/la-gatunenta
34683,La Laguna del Tular,Ranchería,San Dimas,Durango,,Rural,https://postali.app/mx/durango/san-dimas/la-laguna-del-tular
34683,La Quebradita de Galindo,Ranchería,San Dimas,Durango,,Rural,https://postali.app/mx/durango/san-dimas/la-quebradita-de-galindo
34683,Los Aguajitos,Ranchería,San Dimas,Durango,,Rural,https://postali.app/mx/durango/san-dimas/los-aguajitos
34683,Los Alamillos,Ranchería,San Dimas,Durango,,Rural,https://postali.app/mx/durango/san-dimas/los-alamillos-34683
34683,Los Bueyes de Arriba,Ranchería,San Dimas,Durango,,Rural,https://postali.app/mx/durango/san-dimas/los-bueyes-de-arriba
34683,Los Charcos,Ranchería,San Dimas,Durango,,Rural,https://postali.app/mx/durango/san-dimas/los-charcos
34683,Los Fresnos,Ranchería,San Dimas,Durango,,Rural,https://postali.app/mx/durango/san-dimas/los-fresnos
34683,Los Macías,Ranchería,San Dimas,Durango,,Rural,https://postali.app/mx/durango/san-dimas/los-macias
34683,Los Macías de Abajo,Ranchería,San Dimas,Durango,,Rural,https://postali.app/mx/durango/san-dimas/los-macias-de-abajo
34683,Metatitos,Ranchería,San Dimas,Durango,,Rural,https://postali.app/mx/durango/san-dimas/metatitos
34683,Peñuelas,Ranchería,San Dimas,Durango,,Rural,https://postali.app/mx/durango/san-dimas/penuelas
34683,Potrerillos,Ranchería,San Dimas,Durango,,Rural,https://postali.app/mx/durango/san-dimas/potrerillos
34683,Potreros de Bueyes,Ranchería,San Dimas,Durango,,Rural,https://postali.app/mx/durango/san-dimas/potreros-de-bueyes
34683,Rancho Viejo,Ranchería,San Dimas,Durango,,Rural,https://postali.app/mx/durango/san-dimas/rancho-viejo-34683
34683,San Isidro de las Lomas (La Cueva Agujerada),Ranchería,San Dimas,Durango,,Rural,https://postali.app/mx/durango/san-dimas/san-isidro-de-las-lomas-la-cueva-agujerada
34683,San José de la Puentecilla,Ranchería,San Dimas,Durango,,Rural,https://postali.app/mx/durango/san-dimas/san-jose-de-la-puentecilla
34683,San José del Olvido,Ranchería,San Dimas,Durango,,Rural,https://postali.app/mx/durango/san-dimas/san-jose-del-olvido
34683,Sotolitos de Carrasco,Ranchería,San Dimas,Durango,,Rural,https://postali.app/mx/durango/san-dimas/sotolitos-de-carrasco
34683,Sotolitos de la Puerta,Ranchería,San Dimas,Durango,,Rural,https://postali.app/mx/durango/san-dimas/sotolitos-de-la-puerta
34683,Unión Modelo (El Pueblito),Pueblo,San Dimas,Durango,,Rural,https://postali.app/mx/durango/san-dimas/union-modelo-el-pueblito
34683,Veracruz de la Sierra (El Pueblo),Ranchería,San Dimas,Durango,,Rural,https://postali.app/mx/durango/san-dimas/veracruz-de-la-sierra-el-pueblo
34684,Agua Tibia,Ejido,San Dimas,Durango,,Rural,https://postali.app/mx/durango/san-dimas/agua-tibia
34684,Canta Ranas,Ranchería,San Dimas,Durango,,Rural,https://postali.app/mx/durango/san-dimas/canta-ranas
34684,Chavarría de Abajo,Ranchería,San Dimas,Durango,,Rural,https://postali.app/mx/durango/san-dimas/chavarria-de-abajo
34684,Chavarría de Arriba,Ranchería,San Dimas,Durango,,Rural,https://postali.app/mx/durango/san-dimas/chavarria-de-arriba
34684,Doce de Mayo,Pueblo,San Dimas,Durango,,Rural,https://postali.app/mx/durango/san-dimas/doce-de-mayo
34684,El Barroso,Ejido,San Dimas,Durango,,Rural,https://postali.app/mx/durango/san-dimas/el-barroso
34684,El Chino,Ranchería,San Dimas,Durango,,Rural,https://postali.app/mx/durango/san-dimas/el-chino
34684,El Oso,Ranchería,San Dimas,Durango,,Rural,https://postali.app/mx/durango/san-dimas/el-oso
34684,El Rosillo,Pueblo,San Dimas,Durango,,Rural,https://postali.app/mx/durango/san-dimas/el-rosillo
34684,La Ciénega,Ranchería,San Dimas,Durango,,Rural,https://postali.app/mx/durango/san-dimas/la-cienega-34684
34684,La Esperanza,Ranchería,San Dimas,Durango,,Rural,https://postali.app/mx/durango/san-dimas/la-esperanza
34684,La Frontera,Ejido,San Dimas,Durango,,Rural,https://postali.app/mx/durango/san-dimas/la-frontera
34684,La Plazuela,Ejido,San Dimas,Durango,,Rural,https://postali.app/mx/durango/san-dimas/la-plazuela
34684,La Quinta,Ranchería,San Dimas,Durango,,Rural,https://postali.app/mx/durango/san-dimas/la-quinta
34684,Las Güeritas,Ranchería,San Dimas,Durango,,Rural,https://postali.app/mx/durango/san-dimas/las-gueritas
34684,Las Vueltas,Ranchería,San Dimas,Durango,,Rural,https://postali.app/mx/durango/san-dimas/las-vueltas
34684,Los Charcos,Ranchería,San Dimas,Durango,,Rural,https://postali.app/mx/durango/san-dimas/los-charcos-34684
34684,Los Laureles,Ranchería,San Dimas,Durango,,Rural,https://postali.app/mx/durango/san-dimas/los-laureles-34684
34684,Los Pavos,Ranchería,San Dimas,Durango,,Rural,https://postali.app/mx/durango/san-dimas/los-pavos
34684,Los Sótanos,Ranchería,San Dimas,Durango,,Rural,https://postali.app/mx/durango/san-dimas/los-sotanos
34684,Rancho Nuevo,Ranchería,San Dimas,Durango,,Rural,https://postali.app/mx/durango/san-dimas/rancho-nuevo
34684,Rancho Solo,Ranchería,San Dimas,Durango,,Rural,https://postali.app/mx/durango/san-dimas/rancho-solo
34684,Río de Miravalles,Pueblo,San Dimas,Durango,,Rural,https://postali.app/mx/durango/san-dimas/rio-de-miravalles
34684,San Pedro,Ejido,San Dimas,Durango,,Rural,https://postali.app/mx/durango/san-dimas/san-pedro
34684,Tinajuelas,Ranchería,San Dimas,Durango,,Rural,https://postali.app/mx/durango/san-dimas/tinajuelas
34685,Calaveras,Ranchería,San Dimas,Durango,,Rural,https://postali.app/mx/durango/san-dimas/calaveras
34685,El Jaral,Ranchería,San Dimas,Durango,,Rural,https://postali.app/mx/durango/san-dimas/el-jaral
34685,El Ranchito,Ranchería,San Dimas,Durango,,Rural,https://postali.app/mx/durango/san-dimas/el-ranchito-34685
34685,La Crucita,Ranchería,San Dimas,Durango,,Rural,https://postali.app/mx/durango/san-dimas/la-crucita
34685,La Joya Alegre,Ranchería,San Dimas,Durango,,Rural,https://postali.app/mx/durango/san-dimas/la-joya-alegre
34685,La Moneda,Pueblo,San Dimas,Durango,,Rural,https://postali.app/mx/durango/san-dimas/la-moneda
34685,La Paloma,Pueblo,San Dimas,Durango,,Rural,https://postali.app/mx/durango/san-dimas/la-paloma
34685,La Peña,Pueblo,San Dimas,Durango,,Rural,https://postali.app/mx/durango/san-dimas/la-pena
34685,La Querencia,Ranchería,San Dimas,Durango,,Rural,https://postali.app/mx/durango/san-dimas/la-querencia
34685,Lagunas del Refugio,Pueblo,San Dimas,Durango,,Rural,https://postali.app/mx/durango/san-dimas/lagunas-del-refugio
34685,Las Águilas de Abajo,Ranchería,San Dimas,Durango,,Rural,https://postali.app/mx/durango/san-dimas/las-aguilas-de-abajo
34685,Las Águilas de Arriba,Ranchería,San Dimas,Durango,,Rural,https://postali.app/mx/durango/san-dimas/las-aguilas-de-arriba
34685,Los Alazanes,Ranchería,San Dimas,Durango,,Rural,https://postali.app/mx/durango/san-dimas/los-alazanes
34685,Los Alazanes Dos (El Quelite),Ranchería,San Dimas,Durango,,Rural,https://postali.app/mx/durango/san-dimas/los-alazanes-dos-el-quelite
34685,Los Alegres,Ranchería,San Dimas,Durango,,Rural,https://postali.app/mx/durango/san-dimas/los-alegres
34685,Los Ojitos,Ranchería,San Dimas,Durango,,Rural,https://postali.app/mx/durango/san-dimas/los-ojitos-34685
34685,Los Oscuros,Ranchería,San Dimas,Durango,,Rural,https://postali.app/mx/durango/san-dimas/los-oscuros
34685,Rancho de Cuca,Ranchería,San Dimas,Durango,,Rural,https://postali.app/mx/durango/san-dimas/rancho-de-cuca
34685,Río Escondido,Ranchería,San Dimas,Durango,,Rural,https://postali.app/mx/durango/san-dimas/rio-escondido
34685,San Antonio de la Cruz,Ranchería,San Dimas,Durango,,Rural,https://postali.app/mx/durango/san-dimas/san-antonio-de-la-cruz
34685,San Bartolo,Ranchería,San Dimas,Durango,,Rural,https://postali.app/mx/durango/san-dimas/san-bartolo
34685,San José de Miravalles,Ranchería,San Dimas,Durango,,Rural,https://postali.app/mx/durango/san-dimas/san-jose-de-miravalles
34685,San José de Miravalles (El Baluarte),Pueblo,San Dimas,Durango,,Rural,https://postali.app/mx/durango/san-dimas/san-jose-de-miravalles-el-baluarte
34685,Tambores de Abajo (Las Vegas),Pueblo,San Dimas,Durango,,Rural,https://postali.app/mx/durango/san-dimas/tambores-de-abajo-las-vegas
34685,Tambores de Arriba,Ranchería,San Dimas,Durango,,Rural,https://postali.app/mx/durango/san-dimas/tambores-de-arriba
34685,Vázquez,Ranchería,San Dimas,Durango,,Rural,https://postali.app/mx/durango/san-dimas/vazquez
34686,Bajío Largo,Ranchería,San Dimas,Durango,,Rural,https://postali.app/mx/durango/san-dimas/bajio-largo
34686,Ciénega del Madroño,Ranchería,San Dimas,Durango,,Rural,https://postali.app/mx/durango/san-dimas/cienega-del-madrono
34686,El Aseteado,Ranchería,San Dimas,Durango,,Rural,https://postali.app/mx/durango/san-dimas/el-aseteado
34686,El Rusio,Pueblo,San Dimas,Durango,,Rural,https://postali.app/mx/durango/san-dimas/el-rusio
34686,El Tazcate,Ranchería,San Dimas,Durango,,Rural,https://postali.app/mx/durango/san-dimas/el-tazcate
34686,El Trigo,Ranchería,San Dimas,Durango,,Rural,https://postali.app/mx/durango/san-dimas/el-trigo-34686
34686,El Yesquero,Ranchería,San Dimas,Durango,,Rural,https://postali.app/mx/durango/san-dimas/el-yesquero
34686,La Boquilla de San Luis,Pueblo,San Dimas,Durango,,Rural,https://postali.app/mx/durango/san-dimas/la-boquilla-de-san-luis
34686,La Cabra,Ranchería,San Dimas,Durango,,Rural,https://postali.app/mx/durango/san-dimas/la-cabra
34686,La Cartera (Los Olvidados),Ranchería,San Dimas,Durango,,Rural,https://postali.app/mx/durango/san-dimas/la-cartera-los-olvidados
34686,La Cueva de la Tierra,Ranchería,San Dimas,Durango,,Rural,https://postali.app/mx/durango/san-dimas/la-cueva-de-la-tierra
34686,La Florida,Ranchería,San Dimas,Durango,,Rural,https://postali.app/mx/durango/san-dimas/la-florida
34686,La Silla,Ranchería,San Dimas,Durango,,Rural,https://postali.app/mx/durango/san-dimas/la-silla
34686,Las Adjuntas,Pueblo,San Dimas,Durango,,Rural,https://postali.app/mx/durango/san-dimas/las-adjuntas
34686,Las Flechas,Pueblo,San Dimas,Durango,,Rural,https://postali.app/mx/durango/san-dimas/las-flechas
34686,Las Pintas,Pueblo,San Dimas,Durango,,Rural,https://postali.app/mx/durango/san-dimas/las-pintas
34686,Los Ojitos,Ranchería,San Dimas,Durango,,Rural,https://postali.app/mx/durango/san-dimas/los-ojitos-34686
34686,Piedra Rajada,Ranchería,San Dimas,Durango,,Rural,https://postali.app/mx/durango/san-dimas/piedra-rajada
34686,Puerto de Flechas,Ranchería,San Dimas,Durango,,Rural,https://postali.app/mx/durango/san-dimas/puerto-de-flechas
34686,San José,Ranchería,San Dimas,Durango,,Rural,https://postali.app/mx/durango/san-dimas/san-jose-34686
34686,San Vicente,Ranchería,San Dimas,Durango,,Rural,https://postali.app/mx/durango/san-dimas/san-vicente-34686
34686,Santa Rita,Pueblo,San Dimas,Durango,,Rural,https://postali.app/mx/durango/san-dimas/santa-rita-34686
34687,Ciénega de la Providencia,Ranchería,San Dimas,Durango,,Rural,https://postali.app/mx/durango/san-dimas/cienega-de-la-providencia
34687,El Campo Amoroso,Ranchería,San Dimas,Durango,,Rural,https://postali.app/mx/durango/san-dimas/el-campo-amoroso
34687,El Jaralito de Abajo,Ranchería,San Dimas,Durango,,Rural,https://postali.app/mx/durango/san-dimas/el-jaralito-de-abajo
34687,El Lucero,Ranchería,San Dimas,Durango,,Rural,https://postali.app/mx/durango/san-dimas/el-lucero
34687,La Bandera,Ranchería,San Dimas,Durango,,Rural,https://postali.app/mx/durango/san-dimas/la-bandera
34687,La Escondida,Ranchería,San Dimas,Durango,,Rural,https://postali.app/mx/durango/san-dimas/la-escondida
34687,La Guitarra,Ranchería,San Dimas,Durango,,Rural,https://postali.app/mx/durango/san-dimas/la-guitarra
34687,La Joya,Ranchería,San Dimas,Durango,,Rural,https://postali.app/mx/durango/san-dimas/la-joya-34687
34687,Las Meladas,Pueblo,San Dimas,Durango,,Rural,https://postali.app/mx/durango/san-dimas/las-meladas
34687,Los Obscuros de Abajo,Ranchería,San Dimas,Durango,,Rural,https://postali.app/mx/durango/san-dimas/los-obscuros-de-abajo
34687,New York Escondido,Ranchería,San Dimas,Durango,,Rural,https://postali.app/mx/durango/san-dimas/new-york-escondido
34687,Nuevo,Rancho,San Dimas,Durango,,Rural,https://postali.app/mx/durango/san-dimas/nuevo
34690,Americana,Colonia,San Dimas,Durango,,Urbano,https://postali.app/mx/durango/san-dimas/americana
34690,Buenavista,Colonia,San Dimas,Durango,,Urbano,https://postali.app/mx/durango/san-dimas/buenavista
34690,Duranguito,Colonia,San Dimas,Durango,,Urbano,https://postali.app/mx/durango/san-dimas/duranguito-34690
34690,El Arenal,Colonia,San Dimas,Durango,,Urbano,https://postali.app/mx/durango/san-dimas/el-arenal
34690,El Hospital,Colonia,San Dimas,Durango,,Urbano,https://postali.app/mx/durango/san-dimas/el-hospital
34690,El Pitayo,Colonia,San Dimas,Durango,,Urbano,https://postali.app/mx/durango/san-dimas/el-pitayo
34690,El Reventón,Colonia,San Dimas,Durango,,Urbano,https://postali.app/mx/durango/san-dimas/el-reventon
34690,El Toril,Colonia,San Dimas,Durango,,Urbano,https://postali.app/mx/durango/san-dimas/el-toril
34690,El Tunel,Colonia,San Dimas,Durango,,Urbano,https://postali.app/mx/durango/san-dimas/el-tunel
34690,La Curva,Colonia,San Dimas,Durango,,Urbano,https://postali.app/mx/durango/san-dimas/la-curva
34690,La Juárez,Colonia,San Dimas,Durango,,Urbano,https://postali.app/mx/durango/san-dimas/la-juarez
34690,La Plazuela,Colonia,San Dimas,Durango,,Urbano,https://postali.app/mx/durango/san-dimas/la-plazuela-34690
34690,Los Fresnos,Colonia,San Dimas,Durango,,Urbano,https://postali.app/mx/durango/san-dimas/los-fresnos-34690
34690,Nuevo Zocabon,Colonia,San Dimas,Durango,,Urbano,https://postali.app/mx/durango/san-dimas/nuevo-zocabon
34690,Obrera,Colonia,San Dimas,Durango,,Urbano,https://postali.app/mx/durango/san-dimas/obrera
34690,Piaxtla,Colonia,San Dimas,Durango,,Urbano,https://postali.app/mx/durango/san-dimas/piaxtla
34690,Servicoy,Colonia,San Dimas,Durango,,Urbano,https://postali.app/mx/durango/san-dimas/servicoy
34690,Tapacoya,Colonia,San Dimas,Durango,,Urbano,https://postali.app/mx/durango/san-dimas/tapacoya
34690,Tayoltita Centro,Colonia,San Dimas,Durango,,Urbano,https://postali.app/mx/durango/san-dimas/tayoltita-centro
34693,Arroyo del Oro,Ranchería,San Dimas,Durango,,Rural,https://postali.app/mx/durango/san-dimas/arroyo-del-oro
34693,Carboneras (Santa Rosa de los Alvarados),Ranchería,San Dimas,Durango,,Rural,https://postali.app/mx/durango/san-dimas/carboneras-santa-rosa-de-los-alvarados
34693,Carboneritas,Ranchería,San Dimas,Durango,,Rural,https://postali.app/mx/durango/san-dimas/carboneritas
34693,Ceniceros,Ranchería,San Dimas,Durango,,Rural,https://postali.app/mx/durango/san-dimas/ceniceros
34693,Cinco Señores,Ranchería,San Dimas,Durango,,Rural,https://postali.app/mx/durango/san-dimas/cinco-senores
34693,El Apomito,Ranchería,San Dimas,Durango,,Rural,https://postali.app/mx/durango/san-dimas/el-apomito
34693,El Arroyo de Tejas,Ranchería,San Dimas,Durango,,Rural,https://postali.app/mx/durango/san-dimas/el-arroyo-de-tejas
34693,El Capulín,Ranchería,San Dimas,Durango,,Rural,https://postali.app/mx/durango/san-dimas/el-capulin
34693,El Chirimoyo,Ranchería,San Dimas,Durango,,Rural,https://postali.app/mx/durango/san-dimas/el-chirimoyo
34693,El Ciruelito,Ranchería,San Dimas,Durango,,Rural,https://postali.app/mx/durango/san-dimas/el-ciruelito
34693,El Limoncito,Ranchería,San Dimas,Durango,,Rural,https://postali.app/mx/durango/san-dimas/el-limoncito-34693
34693,El Pilar,Ranchería,San Dimas,Durango,,Rural,https://postali.app/mx/durango/san-dimas/el-pilar-34693
34693,El Ranchito,Ranchería,San Dimas,Durango,,Rural,https://postali.app/mx/durango/san-dimas/el-ranchito-34693
34693,El Tastito,Ranchería,San Dimas,Durango,,Rural,https://postali.app/mx/durango/san-dimas/el-tastito
34693,El Venadillo,Ranchería,San Dimas,Durango,,Rural,https://postali.app/mx/durango/san-dimas/el-venadillo
34693,General Rafael Buelna (Socavón),Pueblo,San Dimas,Durango,,Rural,https://postali.app/mx/durango/san-dimas/general-rafael-buelna-socavon
34693,Guamúchil,Ranchería,San Dimas,Durango,,Rural,https://postali.app/mx/durango/san-dimas/guamuchil
34693,La Curva,Ranchería,San Dimas,Durango,,Rural,https://postali.app/mx/durango/san-dimas/la-curva-34693
34693,La Espinaloza,Ranchería,San Dimas,Durango,,Rural,https://postali.app/mx/durango/san-dimas/la-espinaloza
34693,La Piedra Amolar,Pueblo,San Dimas,Durango,,Rural,https://postali.app/mx/durango/san-dimas/la-piedra-amolar
34693,La Puerta,Ranchería,San Dimas,Durango,,Rural,https://postali.app/mx/durango/san-dimas/la-puerta
34693,La Soledad,Ranchería,San Dimas,Durango,,Rural,https://postali.app/mx/durango/san-dimas/la-soledad
34693,La Tecolota,Ranchería,San Dimas,Durango,,Rural,https://postali.app/mx/durango/san-dimas/la-tecolota
34693,Las Palmas,Pueblo,San Dimas,Durango,,Rural,https://postali.app/mx/durango/san-dimas/las-palmas
34693,Los Chapotes,Ranchería,San Dimas,Durango,,Rural,https://postali.app/mx/durango/san-dimas/los-chapotes
34693,Los Cimientos,Ranchería,San Dimas,Durango,,Rural,https://postali.app/mx/durango/san-dimas/los-cimientos
34693,Los Negritos,Ranchería,San Dimas,Durango,,Rural,https://postali.app/mx/durango/san-dimas/los-negritos
34693,Los Parajes,Ranchería,San Dimas,Durango,,Rural,https://postali.app/mx/durango/san-dimas/los-parajes
34693,Los Potreros,Ranchería,San Dimas,Durango,,Rural,https://postali.app/mx/durango/san-dimas/los-potreros
34693,Noche Buena,Ranchería,San Dimas,Durango,,Rural,https://postali.app/mx/durango/san-dimas/noche-buena
34693,Palo Prieto,Ranchería,San Dimas,Durango,,Rural,https://postali.app/mx/durango/san-dimas/palo-prieto
34693,San Dimas,Pueblo,San Dimas,Durango,,Rural,https://postali.app/mx/durango/san-dimas/san-dimas
34693,Santo Niño,Ranchería,San Dimas,Durango,,Rural,https://postali.app/mx/durango/san-dimas/santo-nino
34693,Valderrama,Ranchería,San Dimas,Durango,,Rural,https://postali.app/mx/durango/san-dimas/valderrama
34694,Agua Zarca,Ranchería,San Dimas,Durango,,Rural,https://postali.app/mx/durango/san-dimas/agua-zarca
34694,Buenavista,Pueblo,San Dimas,Durango,,Rural,https://postali.app/mx/durango/san-dimas/buenavista-34694
34694,El Carrizo,Ranchería,San Dimas,Durango,,Rural,https://postali.app/mx/durango/san-dimas/el-carrizo
34694,El Chirimoyo,Ranchería,San Dimas,Durango,,Rural,https://postali.app/mx/durango/san-dimas/el-chirimoyo-34694
34694,El Gavilán,Ranchería,San Dimas,Durango,,Rural,https://postali.app/mx/durango/san-dimas/el-gavilan
34694,El Hundido,Ranchería,San Dimas,Durango,,Rural,https://postali.app/mx/durango/san-dimas/el-hundido
34694,El Limoncito,Ranchería,San Dimas,Durango,,Rural,https://postali.app/mx/durango/san-dimas/el-limoncito-34694
34694,El Limón,Ranchería,San Dimas,Durango,,Rural,https://postali.app/mx/durango/san-dimas/el-limon
34694,El Muerto,Ranchería,San Dimas,Durango,,Rural,https://postali.app/mx/durango/san-dimas/el-muerto-34694
34694,El Palmar,Ranchería,San Dimas,Durango,,Rural,https://postali.app/mx/durango/san-dimas/el-palmar
34694,El Paso,Ranchería,San Dimas,Durango,,Rural,https://postali.app/mx/durango/san-dimas/el-paso
34694,El Polillar,Ranchería,San Dimas,Durango,,Rural,https://postali.app/mx/durango/san-dimas/el-polillar
34694,El Potrero,Ranchería,San Dimas,Durango,,Rural,https://postali.app/mx/durango/san-dimas/el-potrero
34694,El Zapote,Ranchería,San Dimas,Durango,,Rural,https://postali.app/mx/durango/san-dimas/el-zapote
34694,El Zapote,Rancho,San Dimas,Durango,,Rural,https://postali.app/mx/durango/san-dimas/el-zapote-34694
34694,El Zapote (Los Chapotes),Ranchería,San Dimas,Durango,,Rural,https://postali.app/mx/durango/san-dimas/el-zapote-los-chapotes
34694,La Ciénega,Ranchería,San Dimas,Durango,,Rural,https://postali.app/mx/durango/san-dimas/la-cienega-34694
34694,La Desmontada,Ranchería,San Dimas,Durango,,Rural,https://postali.app/mx/durango/san-dimas/la-desmontada
34694,La Esmeralda (El Alacrán),Ranchería,San Dimas,Durango,,Rural,https://postali.app/mx/durango/san-dimas/la-esmeralda-el-alacran
34694,La Pinalosa,Pueblo,San Dimas,Durango,,Rural,https://postali.app/mx/durango/san-dimas/la-pinalosa
34694,La Quebrada,Ranchería,San Dimas,Durango,,Rural,https://postali.app/mx/durango/san-dimas/la-quebrada-34694
34694,La Tijera,Ranchería,San Dimas,Durango,,Rural,https://postali.app/mx/durango/san-dimas/la-tijera
34694,La Valenciana,Ranchería,San Dimas,Durango,,Rural,https://postali.app/mx/durango/san-dimas/la-valenciana
34694,Las Camichinas,Ranchería,San Dimas,Durango,,Rural,https://postali.app/mx/durango/san-dimas/las-camichinas
34694,Las Joyas,Ranchería,San Dimas,Durango,,Rural,https://postali.app/mx/durango/san-dimas/las-joyas
34694,Las Ranas,Ranchería,San Dimas,Durango,,Rural,https://postali.app/mx/durango/san-dimas/las-ranas
34694,Las Tahonitas,Ranchería,San Dimas,Durango,,Rural,https://postali.app/mx/durango/san-dimas/las-tahonitas
34694,Las Vegas,Ranchería,San Dimas,Durango,,Rural,https://postali.app/mx/durango/san-dimas/las-vegas
34694,Los Plátanos,Ranchería,San Dimas,Durango,,Rural,https://postali.app/mx/durango/san-dimas/los-platanos
34694,Mala Noche,Pueblo,San Dimas,Durango,,Rural,https://postali.app/mx/durango/san-dimas/mala-noche
34694,San Francisco,Pueblo,San Dimas,Durango,,Rural,https://postali.app/mx/durango/san-dimas/san-francisco
34694,San José de las Causas,Ranchería,San Dimas,Durango,,Rural,https://postali.app/mx/durango/san-dimas/san-jose-de-las-causas
34694,San Pedro de Villa Corona,Pueblo,San Dimas,Durango,,Rural,https://postali.app/mx/durango/san-dimas/san-pedro-de-villa-corona
34694,Sutiga,Ranchería,San Dimas,Durango,,Rural,https://postali.app/mx/durango/san-dimas/sutiga
34695,Cieneguita,Ranchería,San Dimas,Durango,,Rural,https://postali.app/mx/durango/san-dimas/cieneguita
34695,El Bajío,Ranchería,San Dimas,Durango,,Rural,https://postali.app/mx/durango/san-dimas/el-bajio
34695,El Palmar,Ranchería,San Dimas,Durango,,Rural,https://postali.app/mx/durango/san-dimas/el-palmar-34695
34695,El Platanar,Ranchería,San Dimas,Durango,,Rural,https://postali.app/mx/durango/san-dimas/el-platanar
34695,El Puerto de la Travesía,Ranchería,San Dimas,Durango,,Rural,https://postali.app/mx/durango/san-dimas/el-puerto-de-la-travesia
34695,El Río de San Luis (El Riyito),Ranchería,San Dimas,Durango,,Rural,https://postali.app/mx/durango/san-dimas/el-rio-de-san-luis-el-riyito
34695,El Zanjón,Ranchería,San Dimas,Durango,,Rural,https://postali.app/mx/durango/san-dimas/el-zanjon
34695,La Laguna del Progreso,Ranchería,San Dimas,Durango,,Rural,https://postali.app/mx/durango/san-dimas/la-laguna-del-progreso
34695,La Lobera,Ranchería,San Dimas,Durango,,Rural,https://postali.app/mx/durango/san-dimas/la-lobera
34695,La Pedregoza,Pueblo,San Dimas,Durango,,Rural,https://postali.app/mx/durango/san-dimas/la-pedregoza
34695,La Zorra,Pueblo,San Dimas,Durango,,Rural,https://postali.app/mx/durango/san-dimas/la-zorra
34695,Los Toriles,Ranchería,San Dimas,Durango,,Rural,https://postali.app/mx/durango/san-dimas/los-toriles
34695,Piedra Cargada,Ranchería,San Dimas,Durango,,Rural,https://postali.app/mx/durango/san-dimas/piedra-cargada
34695,San Luis de Villa Corona,Ejido,San Dimas,Durango,,Rural,https://postali.app/mx/durango/san-dimas/san-luis-de-villa-corona
34695,San Manuel de Villa Corona,Pueblo,San Dimas,Durango,,Rural,https://postali.app/mx/durango/san-dimas/san-manuel-de-villa-corona
34695,Temporales,Ranchería,San Dimas,Durango,,Rural,https://postali.app/mx/durango/san-dimas/temporales
34695,Yerbaníz,Ranchería,San Dimas,Durango,,Rural,https://postali.app/mx/durango/san-dimas/yerbaniz-34695
34696,Arroyo del Agua,Ranchería,San Dimas,Durango,,Rural,https://postali.app/mx/durango/san-dimas/arroyo-del-agua
34696,Cacaxtles,Ranchería,San Dimas,Durango,,Rural,https://postali.app/mx/durango/san-dimas/cacaxtles
34696,El Camarón,Ranchería,San Dimas,Durango,,Rural,https://postali.app/mx/durango/san-dimas/el-camaron
34696,El Caracol,Ranchería,San Dimas,Durango,,Rural,https://postali.app/mx/durango/san-dimas/el-caracol
34696,El Gato,Ranchería,San Dimas,Durango,,Rural,https://postali.app/mx/durango/san-dimas/el-gato-34696
34696,El Ojito,Ranchería,San Dimas,Durango,,Rural,https://postali.app/mx/durango/san-dimas/el-ojito
34696,El Palmarito,Pueblo,San Dimas,Durango,,Rural,https://postali.app/mx/durango/san-dimas/el-palmarito
34696,El Pandito,Ranchería,San Dimas,Durango,,Rural,https://postali.app/mx/durango/san-dimas/el-pandito
34696,El Paso del Arroyo,Ranchería,San Dimas,Durango,,Rural,https://postali.app/mx/durango/san-dimas/el-paso-del-arroyo
34696,El Potrero,Ranchería,San Dimas,Durango,,Rural,https://postali.app/mx/durango/san-dimas/el-potrero-34696
34696,El Rancho de Tierra Blanca,Ranchería,San Dimas,Durango,,Rural,https://postali.app/mx/durango/san-dimas/el-rancho-de-tierra-blanca
34696,El Rincón,Ranchería,San Dimas,Durango,,Rural,https://postali.app/mx/durango/san-dimas/el-rincon-34696
34696,El Saucito,Ranchería,San Dimas,Durango,,Rural,https://postali.app/mx/durango/san-dimas/el-saucito
34696,El Tablón,Ranchería,San Dimas,Durango,,Rural,https://postali.app/mx/durango/san-dimas/el-tablon
34696,La Choza,Ranchería,San Dimas,Durango,,Rural,https://postali.app/mx/durango/san-dimas/la-choza
34696,La Nopalera,Pueblo,San Dimas,Durango,,Rural,https://postali.app/mx/durango/san-dimas/la-nopalera
34696,Los Parajes del Faisán,Ranchería,San Dimas,Durango,,Rural,https://postali.app/mx/durango/san-dimas/los-parajes-del-faisan
34696,Neveros,Pueblo,San Dimas,Durango,,Rural,https://postali.app/mx/durango/san-dimas/neveros
34696,Piedra Gorda,Ranchería,San Dimas,Durango,,Rural,https://postali.app/mx/durango/san-dimas/piedra-gorda
34696,San José del Favor,Ranchería,San Dimas,Durango,,Rural,https://postali.app/mx/durango/san-dimas/san-jose-del-favor
34696,Tepalcates,Ranchería,San Dimas,Durango,,Rural,https://postali.app/mx/durango/san-dimas/tepalcates
34696,Varones,Ranchería,San Dimas,Durango,,Rural,https://postali.app/mx/durango/san-dimas/varones
34696,Villa Corona (Ventanas),Ranchería,San Dimas,Durango,,Rural,https://postali.app/mx/durango/san-dimas/villa-corona-ventanas
34697,Belenes,Ranchería,San Dimas,Durango,,Rural,https://postali.app/mx/durango/san-dimas/belenes
34697,El Cajón,Ranchería,San Dimas,Durango,,Rural,https://postali.app/mx/durango/san-dimas/el-cajon
34697,El Carrizo,Ranchería,San Dimas,Durango,,Rural,https://postali.app/mx/durango/san-dimas/el-carrizo-34697
34697,El Chiquerito,Ranchería,San Dimas,Durango,,Rural,https://postali.app/mx/durango/san-dimas/el-chiquerito
34697,El Corpo,Ranchería,San Dimas,Durango,,Rural,https://postali.app/mx/durango/san-dimas/el-corpo
34697,El Duraznito,Pueblo,San Dimas,Durango,,Rural,https://postali.app/mx/durango/san-dimas/el-duraznito
34697,El Faisán,Ranchería,San Dimas,Durango,,Rural,https://postali.app/mx/durango/san-dimas/el-faisan
34697,El Guamúchil,Ranchería,San Dimas,Durango,,Rural,https://postali.app/mx/durango/san-dimas/el-guamuchil
34697,El Guayabo,Ranchería,San Dimas,Durango,,Rural,https://postali.app/mx/durango/san-dimas/el-guayabo
34697,El Hachazo,Ranchería,San Dimas,Durango,,Rural,https://postali.app/mx/durango/san-dimas/el-hachazo
34697,El Huizachal,Ranchería,San Dimas,Durango,,Rural,https://postali.app/mx/durango/san-dimas/el-huizachal-34697
34697,El Palmillar,Ranchería,San Dimas,Durango,,Rural,https://postali.app/mx/durango/san-dimas/el-palmillar
34697,El Ranchito,Ranchería,San Dimas,Durango,,Rural,https://postali.app/mx/durango/san-dimas/el-ranchito-34697
34697,El Rincón de Tierra Blanca,Ranchería,San Dimas,Durango,,Rural,https://postali.app/mx/durango/san-dimas/el-rincon-de-tierra-blanca
34697,Huachochi,Ranchería,San Dimas,Durango,,Rural,https://postali.app/mx/durango/san-dimas/huachochi
34697,Huízar,Pueblo,San Dimas,Durango,,Rural,https://postali.app/mx/durango/san-dimas/huizar
34697,La Ceja Amarilla,Ranchería,San Dimas,Durango,,Rural,https://postali.app/mx/durango/san-dimas/la-ceja-amarilla
34697,La Cobriza,Ranchería,San Dimas,Durango,,Rural,https://postali.app/mx/durango/san-dimas/la-cobriza
34697,La Mesa de la Cobriza,Ranchería,San Dimas,Durango,,Rural,https://postali.app/mx/durango/san-dimas/la-mesa-de-la-cobriza
34697,La Mesa de los Negros,Ranchería,San Dimas,Durango,,Rural,https://postali.app/mx/durango/san-dimas/la-mesa-de-los-negros
34697,La Mesa Pinaloza,Pueblo,San Dimas,Durango,,Rural,https://postali.app/mx/durango/san-dimas/la-mesa-pinaloza
34697,La Mesa Verde,Pueblo,San Dimas,Durango,,Rural,https://postali.app/mx/durango/san-dimas/la-mesa-verde
34697,La Quebrada,Ranchería,San Dimas,Durango,,Rural,https://postali.app/mx/durango/san-dimas/la-quebrada-34697
34697,La Ventana,Ranchería,San Dimas,Durango,,Rural,https://postali.app/mx/durango/san-dimas/la-ventana
34697,La Yerbabuena,Ranchería,San Dimas,Durango,,Rural,https://postali.app/mx/durango/san-dimas/la-yerbabuena
34697,Las Aguilillas,Ranchería,San Dimas,Durango,,Rural,https://postali.app/mx/durango/san-dimas/las-aguilillas
34697,Las Cuevas,Ranchería,San Dimas,Durango,,Rural,https://postali.app/mx/durango/san-dimas/las-cuevas
34697,Los Baños,Ranchería,San Dimas,Durango,,Rural,https://postali.app/mx/durango/san-dimas/los-banos
34697,Los Desmontes,Ranchería,San Dimas,Durango,,Rural,https://postali.app/mx/durango/san-dimas/los-desmontes
34697,Los Monos,Ranchería,San Dimas,Durango,,Rural,https://postali.app/mx/durango/san-dimas/los-monos
34697,Los Naranjitos,Ranchería,San Dimas,Durango,,Rural,https://postali.app/mx/durango/san-dimas/los-naranjitos
34697,Los Pinos,Ranchería,San Dimas,Durango,,Rural,https://postali.app/mx/durango/san-dimas/los-pinos
34697,Los Ángeles,Ranchería,San Dimas,Durango,,Rural,https://postali.app/mx/durango/san-dimas/los-angeles
34697,Los Ángeles de Arriba,Ranchería,San Dimas,Durango,,Rural,https://postali.app/mx/durango/san-dimas/los-angeles-de-arriba
34697,Mesa Verde,Ranchería,San Dimas,Durango,,Rural,https://postali.app/mx/durango/san-dimas/mesa-verde
34697,Navarrete,Pueblo,San Dimas,Durango,,Rural,https://postali.app/mx/durango/san-dimas/navarrete
34697,Ojo de Agua,Ranchería,San Dimas,Durango,,Rural,https://postali.app/mx/durango/san-dimas/ojo-de-agua
34697,Picachos,Ranchería,San Dimas,Durango,,Rural,https://postali.app/mx/durango/san-dimas/picachos
34697,Revolcaderos,Pueblo,San Dimas,Durango,,Rural,https://postali.app/mx/durango/san-dimas/revolcaderos
34697,San José,Ranchería,San Dimas,Durango,,Rural,https://postali.app/mx/durango/san-dimas/san-jose-34697
34700,Guadalupe Victoria Centro,Colonia,Guadalupe Victoria,Durango,,Urbano,https://postali.app/mx/durango/guadalupe-victoria/guadalupe-victoria-centro
34703,Isidro de Flores,Colonia,Guadalupe Victoria,Durango,,Urbano,https://postali.app/mx/durango/guadalupe-victoria/isidro-de-flores
34703,La Hacienda,Colonia,Guadalupe Victoria,Durango,,Urbano,https://postali.app/mx/durango/guadalupe-victoria/la-hacienda
34703,La Noria,Colonia,Guadalupe Victoria,Durango,,Urbano,https://postali.app/mx/durango/guadalupe-victoria/la-noria
34703,Loma Bonita,Fraccionamiento,Guadalupe Victoria,Durango,,Urbano,https://postali.app/mx/durango/guadalupe-victoria/loma-bonita
34703,Loma Verde,Colonia,Guadalupe Victoria,Durango,,Urbano,https://postali.app/mx/durango/guadalupe-victoria/loma-verde
34704,5a Santa Elena,Fraccionamiento,Guadalupe Victoria,Durango,,Urbano,https://postali.app/mx/durango/guadalupe-victoria/5a-santa-elena
34704,INFONAVIT,Colonia,Guadalupe Victoria,Durango,,Urbano,https://postali.app/mx/durango/guadalupe-victoria/infonavit
34704,Las Culecas,Colonia,Guadalupe Victoria,Durango,,Urbano,https://postali.app/mx/durango/guadalupe-victoria/las-culecas
34704,Mi Ranchito,Colonia,Guadalupe Victoria,Durango,,Urbano,https://postali.app/mx/durango/guadalupe-victoria/mi-ranchito
34705,La Estación,Colonia,Guadalupe Victoria,Durango,,Urbano,https://postali.app/mx/durango/guadalupe-victoria/la-estacion
34705,Las Flores,Colonia,Guadalupe Victoria,Durango,,Urbano,https://postali.app/mx/durango/guadalupe-victoria/las-flores
34705,Villas del Sur,Colonia,Guadalupe Victoria,Durango,,Urbano,https://postali.app/mx/durango/guadalupe-victoria/villas-del-sur
34706,Ejidal,Colonia,Guadalupe Victoria,Durango,,Urbano,https://postali.app/mx/durango/guadalupe-victoria/ejidal
34706,José María Martínez,Fraccionamiento,Guadalupe Victoria,Durango,,Urbano,https://postali.app/mx/durango/guadalupe-victoria/jose-maria-martinez
34707,Bicentenario,Fraccionamiento,Guadalupe Victoria,Durango,,Urbano,https://postali.app/mx/durango/guadalupe-victoria/bicentenario
34707,El Alacrán,Colonia,Guadalupe Victoria,Durango,,Urbano,https://postali.app/mx/durango/guadalupe-victoria/el-alacran
34707,El Hormiguero,Colonia,Guadalupe Victoria,Durango,,Urbano,https://postali.app/mx/durango/guadalupe-victoria/el-hormiguero
34710,Cantarranas,Ranchería,Guadalupe Victoria,Durango,,Rural,https://postali.app/mx/durango/guadalupe-victoria/cantarranas
34710,La Gavia,Ranchería,Guadalupe Victoria,Durango,,Rural,https://postali.app/mx/durango/guadalupe-victoria/la-gavia
34710,Los Eucaliptos,Ranchería,Guadalupe Victoria,Durango,,Rural,https://postali.app/mx/durango/guadalupe-victoria/los-eucaliptos
34710,Lucio Saldívar,Ranchería,Guadalupe Victoria,Durango,,Rural,https://postali.app/mx/durango/guadalupe-victoria/lucio-saldivar
34710,Rancho María Isabel,Ranchería,Guadalupe Victoria,Durango,,Rural,https://postali.app/mx/durango/guadalupe-victoria/rancho-maria-isabel
34713,Centro de Readaptación Social Número 3 (Cereso),Equipamiento,Guadalupe Victoria,Durango,,Rural,https://postali.app/mx/durango/guadalupe-victoria/centro-de-readaptacion-social-numero-3-cereso
34713,Juan Aldama (Magueyes),Pueblo,Guadalupe Victoria,Durango,,Rural,https://postali.app/mx/durango/guadalupe-victoria/juan-aldama-magueyes
34713,Rancho la Biznaga (Rancho Tinoco),Ranchería,Guadalupe Victoria,Durango,,Rural,https://postali.app/mx/durango/guadalupe-victoria/rancho-la-biznaga-rancho-tinoco
34714,El Corazón,Ranchería,Guadalupe Victoria,Durango,,Rural,https://postali.app/mx/durango/guadalupe-victoria/el-corazon
34714,La Bocona (Plomo y Plata),Ranchería,Guadalupe Victoria,Durango,,Rural,https://postali.app/mx/durango/guadalupe-victoria/la-bocona-plomo-y-plata
34715,Santa Catalina de Siena,Pueblo,Guadalupe Victoria,Durango,,Rural,https://postali.app/mx/durango/guadalupe-victoria/santa-catalina-de-siena
34716,San Salvador,Ranchería,Guadalupe Victoria,Durango,,Rural,https://postali.app/mx/durango/guadalupe-victoria/san-salvador
34716,San Salvador (El Golfo),Ranchería,Guadalupe Victoria,Durango,,Rural,https://postali.app/mx/durango/guadalupe-victoria/san-salvador-el-golfo
34717,San Francisco de la Palmita (La Palmita),Pueblo,Guadalupe Victoria,Durango,,Rural,https://postali.app/mx/durango/guadalupe-victoria/san-francisco-de-la-palmita-la-palmita
34720,El Espejo,Ranchería,Guadalupe Victoria,Durango,,Rural,https://postali.app/mx/durango/guadalupe-victoria/el-espejo
34720,General Álvaro Obregón,Pueblo,Guadalupe Victoria,Durango,,Rural,https://postali.app/mx/durango/guadalupe-victoria/general-alvaro-obregon
34720,Ignacio Ramírez,Pueblo,Guadalupe Victoria,Durango,,Urbano,https://postali.app/mx/durango/guadalupe-victoria/ignacio-ramirez
34723,Ignacio Allende,Pueblo,Guadalupe Victoria,Durango,,Urbano,https://postali.app/mx/durango/guadalupe-victoria/ignacio-allende
34724,General Calixto Contreras (Colorada),Pueblo,Guadalupe Victoria,Durango,,Rural,https://postali.app/mx/durango/guadalupe-victoria/general-calixto-contreras-colorada
34725,Guadalupe,Granja,Guadalupe Victoria,Durango,,Rural,https://postali.app/mx/durango/guadalupe-victoria/guadalupe
34725,José María Pino Suárez (Providencia),Pueblo,Guadalupe Victoria,Durango,,Rural,https://postali.app/mx/durango/guadalupe-victoria/jose-maria-pino-suarez-providencia
34725,Rancho la Luz,Ranchería,Guadalupe Victoria,Durango,,Rural,https://postali.app/mx/durango/guadalupe-victoria/rancho-la-luz
34725,Rancho la Morena,Ranchería,Guadalupe Victoria,Durango,,Rural,https://postali.app/mx/durango/guadalupe-victoria/rancho-la-morena
34725,Rancho San Jorge,Ranchería,Guadalupe Victoria,Durango,,Rural,https://postali.app/mx/durango/guadalupe-victoria/rancho-san-jorge
34726,El Chorrito,Ranchería,Guadalupe Victoria,Durango,,Rural,https://postali.app/mx/durango/guadalupe-victoria/el-chorrito
34726,Las Lules (Juan Francisco Elizalde Mercado),Ranchería,Guadalupe Victoria,Durango,,Rural,https://postali.app/mx/durango/guadalupe-victoria/las-lules-juan-francisco-elizalde-mercado
34726,Rancho el Bajío (Rancho el Albur),Ranchería,Guadalupe Victoria,Durango,,Rural,https://postali.app/mx/durango/guadalupe-victoria/rancho-el-bajio-rancho-el-albur
34726,Rancho la Loma (Rancho Antuna),Ranchería,Guadalupe Victoria,Durango,,Rural,https://postali.app/mx/durango/guadalupe-victoria/rancho-la-loma-rancho-antuna
34726,Rancho los 3 Panchos (Rancho Pancho Elizalde),Ranchería,Guadalupe Victoria,Durango,,Rural,https://postali.app/mx/durango/guadalupe-victoria/rancho-los-3-panchos-rancho-pancho-elizalde
34726,Rancho Santa María (Las Margaritas),Ranchería,Guadalupe Victoria,Durango,,Rural,https://postali.app/mx/durango/guadalupe-victoria/rancho-santa-maria-las-margaritas
34727,El Jaral,Ranchería,Guadalupe Victoria,Durango,,Rural,https://postali.app/mx/durango/guadalupe-victoria/el-jaral
34727,Santa Esperanza,Ranchería,Guadalupe Victoria,Durango,,Rural,https://postali.app/mx/durango/guadalupe-victoria/santa-esperanza
34730,Antonio Amaro (Saucillo),Pueblo,Guadalupe Victoria,Durango,,Urbano,https://postali.app/mx/durango/guadalupe-victoria/antonio-amaro-saucillo
34730,Casa Blanca,Ranchería,Guadalupe Victoria,Durango,,Rural,https://postali.app/mx/durango/guadalupe-victoria/casa-blanca
34730,San José de los Herreras,Ranchería,Guadalupe Victoria,Durango,,Rural,https://postali.app/mx/durango/guadalupe-victoria/san-jose-de-los-herreras
34733,Felipe Carrillo Puerto (Tarabillas),Pueblo,Guadalupe Victoria,Durango,,Rural,https://postali.app/mx/durango/guadalupe-victoria/felipe-carrillo-puerto-tarabillas
34734,Dos de Abril,Pueblo,Guadalupe Victoria,Durango,,Rural,https://postali.app/mx/durango/guadalupe-victoria/dos-de-abril
34734,Santa Bárbara [Rancho],Ranchería,Guadalupe Victoria,Durango,,Rural,https://postali.app/mx/durango/guadalupe-victoria/santa-barbara-rancho
34734,Santa Elena,Pueblo,Guadalupe Victoria,Durango,,Rural,https://postali.app/mx/durango/guadalupe-victoria/santa-elena
34735,Carboneras,Pueblo,Guadalupe Victoria,Durango,,Rural,https://postali.app/mx/durango/guadalupe-victoria/carboneras
34736,José Guadalupe Rodríguez (Peñuelas),Pueblo,Guadalupe Victoria,Durango,,Rural,https://postali.app/mx/durango/guadalupe-victoria/jose-guadalupe-rodriguez-penuelas
34736,La Puerta,Pueblo,Guadalupe Victoria,Durango,,Rural,https://postali.app/mx/durango/guadalupe-victoria/la-puerta
34737,Dos Hermanos,Ranchería,Guadalupe Victoria,Durango,,Rural,https://postali.app/mx/durango/guadalupe-victoria/dos-hermanos
34737,La Herradura,Ranchería,Guadalupe Victoria,Durango,,Rural,https://postali.app/mx/durango/guadalupe-victoria/la-herradura
34737,Laguna de Nuestra Señora (Buenavista),Ranchería,Guadalupe Victoria,Durango,,Rural,https://postali.app/mx/durango/guadalupe-victoria/laguna-de-nuestra-senora-buenavista
34737,Los Corrales,Ranchería,Guadalupe Victoria,Durango,,Rural,https://postali.app/mx/durango/guadalupe-victoria/los-corrales
34737,Los Ángeles [Rancho],Ranchería,Guadalupe Victoria,Durango,,Rural,https://postali.app/mx/durango/guadalupe-victoria/los-angeles-rancho
34737,Rancho San Miguel (Rancho Bugarim),Ranchería,Guadalupe Victoria,Durango,,Rural,https://postali.app/mx/durango/guadalupe-victoria/rancho-san-miguel-rancho-bugarim
34737,San José,Ranchería,Guadalupe Victoria,Durango,,Rural,https://postali.app/mx/durango/guadalupe-victoria/san-jose
34737,San Juan de Pinos (Chepinque),Ranchería,Guadalupe Victoria,Durango,,Rural,https://postali.app/mx/durango/guadalupe-victoria/san-juan-de-pinos-chepinque
34737,San Pedro [Rancho],Ranchería,Guadalupe Victoria,Durango,,Rural,https://postali.app/mx/durango/guadalupe-victoria/san-pedro-rancho
34740,El Ojito del Indio,Ranchería,Peñón Blanco,Durango,,Rural,https://postali.app/mx/durango/penon-blanco/el-ojito-del-indio
34740,El Tulillo,Ranchería,Peñón Blanco,Durango,,Rural,https://postali.app/mx/durango/penon-blanco/el-tulillo
34743,El Polvo (Las Peras),Ranchería,Peñón Blanco,Durango,,Rural,https://postali.app/mx/durango/penon-blanco/el-polvo-las-peras
34743,Juárez,Ranchería,Peñón Blanco,Durango,,Rural,https://postali.app/mx/durango/penon-blanco/juarez
34743,La Flor,Ranchería,Peñón Blanco,Durango,,Rural,https://postali.app/mx/durango/penon-blanco/la-flor
34743,Las Cruces,Ranchería,Peñón Blanco,Durango,,Rural,https://postali.app/mx/durango/penon-blanco/las-cruces
34743,Las Enramadas,Rancho,Peñón Blanco,Durango,,Rural,https://postali.app/mx/durango/penon-blanco/las-enramadas
34743,San Antonio de los Fresnos,Rancho,Peñón Blanco,Durango,,Rural,https://postali.app/mx/durango/penon-blanco/san-antonio-de-los-fresnos
34744,Belem (Sombra del Paraíso),Ranchería,Peñón Blanco,Durango,,Rural,https://postali.app/mx/durango/penon-blanco/belem-sombra-del-paraiso
34744,Guajotita,Ranchería,Peñón Blanco,Durango,,Rural,https://postali.app/mx/durango/penon-blanco/guajotita
34744,La Concha,Ranchería,Peñón Blanco,Durango,,Rural,https://postali.app/mx/durango/penon-blanco/la-concha
34744,Los Castillos,Ranchería,Peñón Blanco,Durango,,Rural,https://postali.app/mx/durango/penon-blanco/los-castillos
34744,Los Hoyos,Ranchería,Peñón Blanco,Durango,,Rural,https://postali.app/mx/durango/penon-blanco/los-hoyos
34745,Acatita,Ranchería,Peñón Blanco,Durango,,Rural,https://postali.app/mx/durango/penon-blanco/acatita
34745,El Bajío (Estancia Yerbaníz),Ranchería,Peñón Blanco,Durango,,Rural,https://postali.app/mx/durango/penon-blanco/el-bajio-estancia-yerbaniz
34745,El Roble,Ranchería,Peñón Blanco,Durango,,Rural,https://postali.app/mx/durango/penon-blanco/el-roble
34745,San Pedro del Álamo (El Álamo),Ranchería,Peñón Blanco,Durango,,Rural,https://postali.app/mx/durango/penon-blanco/san-pedro-del-alamo-el-alamo
34745,Yerbanís,Ranchería,Peñón Blanco,Durango,,Rural,https://postali.app/mx/durango/penon-blanco/yerbanis
34745,Yerbaníz Fracción Cinco(HaciendaAtotonilco),Exhacienda,Peñón Blanco,Durango,,Rural,https://postali.app/mx/durango/penon-blanco/yerbaniz-fraccion-cinco-haciendaatotonilco
34746,Agua Nueva,Ranchería,Peñón Blanco,Durango,,Rural,https://postali.app/mx/durango/penon-blanco/agua-nueva
34746,El Faro,Ranchería,Peñón Blanco,Durango,,Rural,https://postali.app/mx/durango/penon-blanco/el-faro
34746,El Lucero,Ranchería,Peñón Blanco,Durango,,Rural,https://postali.app/mx/durango/penon-blanco/el-lucero
34746,El Tecolote,Ranchería,Peñón Blanco,Durango,,Rural,https://postali.app/mx/durango/penon-blanco/el-tecolote
34746,Escuadrón Doscientos Uno,Ranchería,Peñón Blanco,Durango,,Rural,https://postali.app/mx/durango/penon-blanco/escuadron-doscientos-uno
34746,General Jesús Agustín Castro (Independencia),Ejido,Peñón Blanco,Durango,,Rural,https://postali.app/mx/durango/penon-blanco/general-jesus-agustin-castro-independencia
34746,La Rivera [El Divisadero],Ranchería,Peñón Blanco,Durango,,Rural,https://postali.app/mx/durango/penon-blanco/la-rivera-el-divisadero
34746,Los Pirules,Ranchería,Peñón Blanco,Durango,,Rural,https://postali.app/mx/durango/penon-blanco/los-pirules
34746,Los Sauces (Casas Viejas),Ranchería,Peñón Blanco,Durango,,Rural,https://postali.app/mx/durango/penon-blanco/los-sauces-casas-viejas
34746,Rancho la Soledad,Ranchería,Peñón Blanco,Durango,,Rural,https://postali.app/mx/durango/penon-blanco/rancho-la-soledad
34747,La Campana,Ranchería,Peñón Blanco,Durango,,Rural,https://postali.app/mx/durango/penon-blanco/la-campana
34747,Luis Moya (San Isidro),Ranchería,Peñón Blanco,Durango,,Rural,https://postali.app/mx/durango/penon-blanco/luis-moya-san-isidro
34747,Rancho de Gerardo,Ranchería,Peñón Blanco,Durango,,Rural,https://postali.app/mx/durango/penon-blanco/rancho-de-gerardo
34747,Rancho la Piedra,Ranchería,Peñón Blanco,Durango,,Rural,https://postali.app/mx/durango/penon-blanco/rancho-la-piedra
34748,Santa Elena,Ranchería,Peñón Blanco,Durango,,Rural,https://postali.app/mx/durango/penon-blanco/santa-elena
34753,Covadonga,Ejido,Peñón Blanco,Durango,,Rural,https://postali.app/mx/durango/penon-blanco/covadonga
34753,La Boquilla,Ranchería,Peñón Blanco,Durango,,Rural,https://postali.app/mx/durango/penon-blanco/la-boquilla
34753,La Cumbre,Ranchería,Peñón Blanco,Durango,,Rural,https://postali.app/mx/durango/penon-blanco/la-cumbre
34753,Santa Cruz,Ranchería,Peñón Blanco,Durango,,Rural,https://postali.app/mx/durango/penon-blanco/santa-cruz
34753,Víctor Manuel Sánchez (Jacales),Ranchería,Peñón Blanco,Durango,,Rural,https://postali.app/mx/durango/penon-blanco/victor-manuel-sanchez-jacales
34754,Nuevo Covadonga,Pueblo,Peñón Blanco,Durango,,Rural,https://postali.app/mx/durango/penon-blanco/nuevo-covadonga
34755,El Espejo,Ranchería,Peñón Blanco,Durango,,Rural,https://postali.app/mx/durango/penon-blanco/el-espejo
34755,San Pedro de los Encinos,Colonia,Peñón Blanco,Durango,,Rural,https://postali.app/mx/durango/penon-blanco/san-pedro-de-los-encinos
34757,El Chaparral (La Tinaja),Ranchería,Peñón Blanco,Durango,,Rural,https://postali.app/mx/durango/penon-blanco/el-chaparral-la-tinaja
34757,Ignacio Zaragoza (San Pablo),Ranchería,Peñón Blanco,Durango,,Rural,https://postali.app/mx/durango/penon-blanco/ignacio-zaragoza-san-pablo
34757,San Jorge (El Papalote),Ranchería,Peñón Blanco,Durango,,Rural,https://postali.app/mx/durango/penon-blanco/san-jorge-el-papalote
34760,Peñón Blanco Centro,Colonia,Peñón Blanco,Durango,Peñón Blanco,Urbano,https://postali.app/mx/durango/penon-blanco/penon-blanco-centro
34763,Guadalupe Victoria,Colonia,Peñón Blanco,Durango,Peñón Blanco,Urbano,https://postali.app/mx/durango/penon-blanco/guadalupe-victoria
34763,Jesús María,Barrio,Peñón Blanco,Durango,Peñón Blanco,Urbano,https://postali.app/mx/durango/penon-blanco/jesus-maria
34764,12 de Diciembre,Colonia,Peñón Blanco,Durango,Peñón Blanco,Urbano,https://postali.app/mx/durango/penon-blanco/12-de-diciembre
34764,De la Cruz,Colonia,Peñón Blanco,Durango,Peñón Blanco,Urbano,https://postali.app/mx/durango/penon-blanco/de-la-cruz
34765,Altavista,Colonia,Peñón Blanco,Durango,Peñón Blanco,Urbano,https://postali.app/mx/durango/penon-blanco/altavista
34765,Emiliano Zapata,Colonia,Peñón Blanco,Durango,Peñón Blanco,Urbano,https://postali.app/mx/durango/penon-blanco/emiliano-zapata
34765,La Luz del Día,Colonia,Peñón Blanco,Durango,Peñón Blanco,Urbano,https://postali.app/mx/durango/penon-blanco/la-luz-del-dia
34765,Los Santiagos,Barrio,Peñón Blanco,Durango,Peñón Blanco,Urbano,https://postali.app/mx/durango/penon-blanco/los-santiagos
34766,El Refugio,Colonia,Peñón Blanco,Durango,Peñón Blanco,Urbano,https://postali.app/mx/durango/penon-blanco/el-refugio
34767,El Espejo,Colonia,Peñón Blanco,Durango,Peñón Blanco,Urbano,https://postali.app/mx/durango/penon-blanco/el-espejo-34767
34767,La Calzada,Barrio,Peñón Blanco,Durango,Peñón Blanco,Urbano,https://postali.app/mx/durango/penon-blanco/la-calzada
34767,Santa Lucia,Barrio,Peñón Blanco,Durango,Peñón Blanco,Urbano,https://postali.app/mx/durango/penon-blanco/santa-lucia
34768,Felipe Ángeles,Colonia,Peñón Blanco,Durango,Peñón Blanco,Urbano,https://postali.app/mx/durango/penon-blanco/felipe-angeles
34768,Los Lunas,Barrio,Peñón Blanco,Durango,Peñón Blanco,Urbano,https://postali.app/mx/durango/penon-blanco/los-lunas
34768,San Isidro,Colonia,Peñón Blanco,Durango,Peñón Blanco,Urbano,https://postali.app/mx/durango/penon-blanco/san-isidro
34770,José Librado Rivera,Ranchería,Pánuco de Coronado,Durango,,Rural,https://postali.app/mx/durango/panuco-de-coronado/jose-librado-rivera
34773,Alianza Santa Rita,Ranchería,Pánuco de Coronado,Durango,,Rural,https://postali.app/mx/durango/panuco-de-coronado/alianza-santa-rita
34773,Anseras,Ranchería,Pánuco de Coronado,Durango,,Rural,https://postali.app/mx/durango/panuco-de-coronado/anseras
34773,El Garañón,Ranchería,Pánuco de Coronado,Durango,,Rural,https://postali.app/mx/durango/panuco-de-coronado/el-garanon
34773,José Jerónimo Hernández (Porfías),Ranchería,Pánuco de Coronado,Durango,,Rural,https://postali.app/mx/durango/panuco-de-coronado/jose-jeronimo-hernandez-porfias
34773,La Alianza Nueva,Ranchería,Pánuco de Coronado,Durango,,Rural,https://postali.app/mx/durango/panuco-de-coronado/la-alianza-nueva
34773,La Alianza Vieja,Ranchería,Pánuco de Coronado,Durango,,Rural,https://postali.app/mx/durango/panuco-de-coronado/la-alianza-vieja
34773,La Noria de Nuestra Señora,Ranchería,Pánuco de Coronado,Durango,,Rural,https://postali.app/mx/durango/panuco-de-coronado/la-noria-de-nuestra-senora
34773,Los Amaro,Ranchería,Pánuco de Coronado,Durango,,Rural,https://postali.app/mx/durango/panuco-de-coronado/los-amaro
34773,Los Mimbres,Ranchería,Pánuco de Coronado,Durango,,Rural,https://postali.app/mx/durango/panuco-de-coronado/los-mimbres
34773,San Isidro,Ranchería,Pánuco de Coronado,Durango,,Rural,https://postali.app/mx/durango/panuco-de-coronado/san-isidro
34774,Guadalajara,Ranchería,Pánuco de Coronado,Durango,,Rural,https://postali.app/mx/durango/panuco-de-coronado/guadalajara
34774,Veintiocho de Mayo (Santa Rita),Ranchería,Pánuco de Coronado,Durango,,Rural,https://postali.app/mx/durango/panuco-de-coronado/veintiocho-de-mayo-santa-rita
34775,El Refugio (La Manga),Ranchería,Pánuco de Coronado,Durango,,Rural,https://postali.app/mx/durango/panuco-de-coronado/el-refugio-la-manga
34775,Enrique Calderón Rodríguez,Ranchería,Pánuco de Coronado,Durango,,Rural,https://postali.app/mx/durango/panuco-de-coronado/enrique-calderon-rodriguez
34775,General Arturo Bernal,Pueblo,Pánuco de Coronado,Durango,,Rural,https://postali.app/mx/durango/panuco-de-coronado/general-arturo-bernal
34776,La Flor de Mayo,Ranchería,Pánuco de Coronado,Durango,,Rural,https://postali.app/mx/durango/panuco-de-coronado/la-flor-de-mayo
34777,Doctor Francisco Castillo Nájera,Ranchería,Pánuco de Coronado,Durango,,Rural,https://postali.app/mx/durango/panuco-de-coronado/doctor-francisco-castillo-najera
34777,Juan Antonio Domínguez (La Morena),Ranchería,Pánuco de Coronado,Durango,,Rural,https://postali.app/mx/durango/panuco-de-coronado/juan-antonio-dominguez-la-morena
34780,El Paraíso,Colonia,Pánuco de Coronado,Durango,Francisco I. Madero,Urbano,https://postali.app/mx/durango/panuco-de-coronado/el-paraiso
34780,Francisco I Madero Centro,Colonia,Pánuco de Coronado,Durango,Francisco I. Madero,Urbano,https://postali.app/mx/durango/panuco-de-coronado/francisco-i-madero-centro
34780,Olas Altas,Colonia,Pánuco de Coronado,Durango,Francisco I. Madero,Urbano,https://postali.app/mx/durango/panuco-de-coronado/olas-altas
34782,División del Norte,Colonia,Pánuco de Coronado,Durango,Francisco I. Madero,Urbano,https://postali.app/mx/durango/panuco-de-coronado/division-del-norte
34783,Miguel Meza,Colonia,Pánuco de Coronado,Durango,Francisco I. Madero,Urbano,https://postali.app/mx/durango/panuco-de-coronado/miguel-meza
34785,Azteca,Colonia,Pánuco de Coronado,Durango,Francisco I. Madero,Urbano,https://postali.app/mx/durango/panuco-de-coronado/azteca
34787,Bellavista,Colonia,Pánuco de Coronado,Durango,Francisco I. Madero,Urbano,https://postali.app/mx/durango/panuco-de-coronado/bellavista
34788,Francisco Villa,Colonia,Pánuco de Coronado,Durango,Francisco I. Madero,Urbano,https://postali.app/mx/durango/panuco-de-coronado/francisco-villa
34790,De Arriba,Barrio,Pánuco de Coronado,Durango,,Rural,https://postali.app/mx/durango/panuco-de-coronado/de-arriba
34790,La Loma,Barrio,Pánuco de Coronado,Durango,,Urbano,https://postali.app/mx/durango/panuco-de-coronado/la-loma
34790,Pánuco de Coronado,Pueblo,Pánuco de Coronado,Durango,,Rural,https://postali.app/mx/durango/panuco-de-coronado/panuco-de-coronado
34790,San José de Avino,Ranchería,Pánuco de Coronado,Durango,,Rural,https://postali.app/mx/durango/panuco-de-coronado/san-jose-de-avino
34793,Francisco Rueda Serrano,Ranchería,Pánuco de Coronado,Durango,,Rural,https://postali.app/mx/durango/panuco-de-coronado/francisco-rueda-serrano
34793,General Ignacio Zaragoza,Pueblo,Pánuco de Coronado,Durango,,Rural,https://postali.app/mx/durango/panuco-de-coronado/general-ignacio-zaragoza
34793,General Lázaro Cárdenas,Pueblo,Pánuco de Coronado,Durango,,Rural,https://postali.app/mx/durango/panuco-de-coronado/general-lazaro-cardenas
34793,Los Campos,Ranchería,Pánuco de Coronado,Durango,,Rural,https://postali.app/mx/durango/panuco-de-coronado/los-campos
34793,Noria de San Juan (Noria de Palos),Ranchería,Pánuco de Coronado,Durango,,Rural,https://postali.app/mx/durango/panuco-de-coronado/noria-de-san-juan-noria-de-palos
34794,Adolfo López Mateos (Aguinaldo),Pueblo,Pánuco de Coronado,Durango,,Rural,https://postali.app/mx/durango/panuco-de-coronado/adolfo-lopez-mateos-aguinaldo
34794,Francisco Javier Mina (Corralejo),Ranchería,Pánuco de Coronado,Durango,,Rural,https://postali.app/mx/durango/panuco-de-coronado/francisco-javier-mina-corralejo
34795,Hermenegildo Galeana,Pueblo,Pánuco de Coronado,Durango,,Rural,https://postali.app/mx/durango/panuco-de-coronado/hermenegildo-galeana
34795,Los Lobos,Ranchería,Pánuco de Coronado,Durango,,Rural,https://postali.app/mx/durango/panuco-de-coronado/los-lobos
34800,División,Ranchería,Poanas,Durango,,Rural,https://postali.app/mx/durango/poanas/division
34800,El Paraíso,Colonia,Poanas,Durango,,Urbano,https://postali.app/mx/durango/poanas/el-paraiso
34800,El Refugio,Colonia,Poanas,Durango,,Urbano,https://postali.app/mx/durango/poanas/el-refugio
34800,Pueblo Nuevo,Colonia,Poanas,Durango,,Urbano,https://postali.app/mx/durango/poanas/pueblo-nuevo
34800,Villa Unión,Pueblo,Poanas,Durango,,Urbano,https://postali.app/mx/durango/poanas/villa-union
34800,Villas de Guadalupe,Fraccionamiento,Poanas,Durango,,Urbano,https://postali.app/mx/durango/poanas/villas-de-guadalupe
34803,Felipe Ángeles (Salitrillo),Ejido,Poanas,Durango,,Rural,https://postali.app/mx/durango/poanas/felipe-angeles-salitrillo
34803,La Noria del Ojo,Ejido,Poanas,Durango,,Rural,https://postali.app/mx/durango/poanas/la-noria-del-ojo
34803,Rancho el Porvenir,Ejido,Poanas,Durango,,Rural,https://postali.app/mx/durango/poanas/rancho-el-porvenir
34803,Rancho Lerma,Ejido,Poanas,Durango,,Rural,https://postali.app/mx/durango/poanas/rancho-lerma
34803,Rancho los Pérez,Ejido,Poanas,Durango,,Rural,https://postali.app/mx/durango/poanas/rancho-los-perez
34804,18 de Agosto,Ejido,Poanas,Durango,,Rural,https://postali.app/mx/durango/poanas/18-de-agosto
34804,San Martín,Pueblo,Poanas,Durango,,Rural,https://postali.app/mx/durango/poanas/san-martin
34806,Francisco Zarco,Pueblo,Poanas,Durango,,Rural,https://postali.app/mx/durango/poanas/francisco-zarco
34806,Ojo del Milagro,Exhacienda,Poanas,Durango,,Rural,https://postali.app/mx/durango/poanas/ojo-del-milagro
34810,San Atenógenes (La Villita),Pueblo,Poanas,Durango,,Rural,https://postali.app/mx/durango/poanas/san-atenogenes-la-villita
34813,Cieneguilla,Pueblo,Poanas,Durango,,Rural,https://postali.app/mx/durango/poanas/cieneguilla
34813,El Carmen,Ranchería,Poanas,Durango,,Rural,https://postali.app/mx/durango/poanas/el-carmen
34816,Narciso Mendoza,Pueblo,Poanas,Durango,,Rural,https://postali.app/mx/durango/poanas/narciso-mendoza
34816,Presa Francisco Villa (La Presa),Ejido,Poanas,Durango,,Rural,https://postali.app/mx/durango/poanas/presa-francisco-villa-la-presa
34820,Damián Carmona,Ejido,Poanas,Durango,,Rural,https://postali.app/mx/durango/poanas/damian-carmona
34820,El Potosí,Pueblo,Poanas,Durango,,Rural,https://postali.app/mx/durango/poanas/el-potosi
34820,El Ranchito,Ranchería,Poanas,Durango,,Rural,https://postali.app/mx/durango/poanas/el-ranchito
34820,Estación Poanas,Pueblo,Poanas,Durango,,Rural,https://postali.app/mx/durango/poanas/estacion-poanas
34820,Los Molinos,Ranchería,Poanas,Durango,,Rural,https://postali.app/mx/durango/poanas/los-molinos
34820,Los Ángeles,Pueblo,Poanas,Durango,,Rural,https://postali.app/mx/durango/poanas/los-angeles
34823,Orizaba,Ejido,Poanas,Durango,,Rural,https://postali.app/mx/durango/poanas/orizaba
34825,Noria de los Pilares,Ejido,Poanas,Durango,,Rural,https://postali.app/mx/durango/poanas/noria-de-los-pilares
34826,La Joya,Pueblo,Poanas,Durango,,Rural,https://postali.app/mx/durango/poanas/la-joya
34830,La Ochoa,Pueblo,Poanas,Durango,,Rural,https://postali.app/mx/durango/poanas/la-ochoa
34830,Veracruz,Pueblo,Poanas,Durango,,Rural,https://postali.app/mx/durango/poanas/veracruz
34837,El Alamillo,Ranchería,Poanas,Durango,,Rural,https://postali.app/mx/durango/poanas/el-alamillo
34840,Nombre de Dios Centro,Colonia,Nombre de Dios,Durango,Nombre de Dios,Urbano,https://postali.app/mx/durango/nombre-de-dios/nombre-de-dios-centro
34842,Esperanza,Colonia,Nombre de Dios,Durango,Nombre de Dios,Urbano,https://postali.app/mx/durango/nombre-de-dios/esperanza
34843,Ejidal,Colonia,Nombre de Dios,Durango,Nombre de Dios,Urbano,https://postali.app/mx/durango/nombre-de-dios/ejidal
34843,El Santuario,Colonia,Nombre de Dios,Durango,Nombre de Dios,Urbano,https://postali.app/mx/durango/nombre-de-dios/el-santuario
34844,El Renacimiento,Colonia,Nombre de Dios,Durango,Nombre de Dios,Urbano,https://postali.app/mx/durango/nombre-de-dios/el-renacimiento
34844,Gilberto Reyes Campa,Colonia,Nombre de Dios,Durango,Nombre de Dios,Urbano,https://postali.app/mx/durango/nombre-de-dios/gilberto-reyes-campa
34844,Las Trojes,Fraccionamiento,Nombre de Dios,Durango,Nombre de Dios,Urbano,https://postali.app/mx/durango/nombre-de-dios/las-trojes
34845,Aarón (Los Orona),Rancho,Nombre de Dios,Durango,,Rural,https://postali.app/mx/durango/nombre-de-dios/aaron-los-orona
34845,Breceda,Colonia,Nombre de Dios,Durango,Nombre de Dios,Urbano,https://postali.app/mx/durango/nombre-de-dios/breceda
34846,El Pueblo,Colonia,Nombre de Dios,Durango,Nombre de Dios,Urbano,https://postali.app/mx/durango/nombre-de-dios/el-pueblo
34847,Santa Mónica,Colonia,Nombre de Dios,Durango,Nombre de Dios,Urbano,https://postali.app/mx/durango/nombre-de-dios/santa-monica
34848,San Francisco,Colonia,Nombre de Dios,Durango,Nombre de Dios,Urbano,https://postali.app/mx/durango/nombre-de-dios/san-francisco
34850,Cardenchos,Ranchería,Nombre de Dios,Durango,,Rural,https://postali.app/mx/durango/nombre-de-dios/cardenchos
34850,Cueva Blanca,Ranchería,Nombre de Dios,Durango,,Rural,https://postali.app/mx/durango/nombre-de-dios/cueva-blanca
34850,El Llano,Pueblo,Nombre de Dios,Durango,,Rural,https://postali.app/mx/durango/nombre-de-dios/el-llano
34850,El Molino del Pueblo,Ranchería,Nombre de Dios,Durango,,Rural,https://postali.app/mx/durango/nombre-de-dios/el-molino-del-pueblo
34850,El Segundo Molino (El Molino Dos),Pueblo,Nombre de Dios,Durango,,Rural,https://postali.app/mx/durango/nombre-de-dios/el-segundo-molino-el-molino-dos
34850,Entronque al Venado,Ranchería,Nombre de Dios,Durango,,Rural,https://postali.app/mx/durango/nombre-de-dios/entronque-al-venado
34850,Ignacio Zaragoza (Las Cotorras),Ejido,Nombre de Dios,Durango,,Rural,https://postali.app/mx/durango/nombre-de-dios/ignacio-zaragoza-las-cotorras
34850,La Escondida,Ranchería,Nombre de Dios,Durango,,Rural,https://postali.app/mx/durango/nombre-de-dios/la-escondida
34850,La Joya,Ranchería,Nombre de Dios,Durango,,Rural,https://postali.app/mx/durango/nombre-de-dios/la-joya
34850,Las Guacamayas,Ranchería,Nombre de Dios,Durango,,Rural,https://postali.app/mx/durango/nombre-de-dios/las-guacamayas
34850,Leyva Chávez [Rancho],Ranchería,Nombre de Dios,Durango,,Rural,https://postali.app/mx/durango/nombre-de-dios/leyva-chavez-rancho
34850,Lumbreras,Pueblo,Nombre de Dios,Durango,,Rural,https://postali.app/mx/durango/nombre-de-dios/lumbreras
34850,Nixtalpan,Pueblo,Nombre de Dios,Durango,,Rural,https://postali.app/mx/durango/nombre-de-dios/nixtalpan
34850,Río Seco [Rancho],Ranchería,Nombre de Dios,Durango,,Rural,https://postali.app/mx/durango/nombre-de-dios/rio-seco-rancho
34850,Santa Martha,Ranchería,Nombre de Dios,Durango,,Rural,https://postali.app/mx/durango/nombre-de-dios/santa-martha
34850,Tiquimilpa,Ranchería,Nombre de Dios,Durango,,Rural,https://postali.app/mx/durango/nombre-de-dios/tiquimilpa
34854,El Clavo Dos,Ranchería,Nombre de Dios,Durango,,Rural,https://postali.app/mx/durango/nombre-de-dios/el-clavo-dos
34854,El Clavo Uno,Ranchería,Nombre de Dios,Durango,,Rural,https://postali.app/mx/durango/nombre-de-dios/el-clavo-uno
34855,Tuitán (San José de Tuitán),Pueblo,Nombre de Dios,Durango,,Rural,https://postali.app/mx/durango/nombre-de-dios/tuitan-san-jose-de-tuitan
34856,La Arena (San Francisco de las Arenas),Ranchería,Nombre de Dios,Durango,,Rural,https://postali.app/mx/durango/nombre-de-dios/la-arena-san-francisco-de-las-arenas
34856,Ojo de Agua de San Juan,Pueblo,Nombre de Dios,Durango,,Rural,https://postali.app/mx/durango/nombre-de-dios/ojo-de-agua-de-san-juan
34857,El Partidor,Ranchería,Nombre de Dios,Durango,,Rural,https://postali.app/mx/durango/nombre-de-dios/el-partidor
34857,El Pueblito Veinte de Noviembre (La Fábrica),Pueblo,Nombre de Dios,Durango,,Rural,https://postali.app/mx/durango/nombre-de-dios/el-pueblito-veinte-de-noviembre-la-fabrica
34857,Francisco Villa (San Isidro),Ranchería,Nombre de Dios,Durango,,Rural,https://postali.app/mx/durango/nombre-de-dios/francisco-villa-san-isidro
34857,General Francisco Villa (Paso Real),Pueblo,Nombre de Dios,Durango,,Rural,https://postali.app/mx/durango/nombre-de-dios/general-francisco-villa-paso-real
34857,La Constancia,Pueblo,Nombre de Dios,Durango,,Rural,https://postali.app/mx/durango/nombre-de-dios/la-constancia
34857,Las Corrientes,Ranchería,Nombre de Dios,Durango,,Rural,https://postali.app/mx/durango/nombre-de-dios/las-corrientes
34857,Ojo de Agua los Berros (Los Berros),Pueblo,Nombre de Dios,Durango,,Rural,https://postali.app/mx/durango/nombre-de-dios/ojo-de-agua-los-berros-los-berros
34857,Sevilla,Ranchería,Nombre de Dios,Durango,,Rural,https://postali.app/mx/durango/nombre-de-dios/sevilla
34857,Texcalillo,Pueblo,Nombre de Dios,Durango,,Rural,https://postali.app/mx/durango/nombre-de-dios/texcalillo
34857,Veintitrés de Abril,Ranchería,Nombre de Dios,Durango,,Rural,https://postali.app/mx/durango/nombre-de-dios/veintitres-de-abril
34860,Derramadero (Fidel Pérez),Ranchería,Nombre de Dios,Durango,,Rural,https://postali.app/mx/durango/nombre-de-dios/derramadero-fidel-perez
34860,El Bajío de la Trinidad,Ranchería,Nombre de Dios,Durango,,Rural,https://postali.app/mx/durango/nombre-de-dios/el-bajio-de-la-trinidad
34860,El Socorro,Ranchería,Nombre de Dios,Durango,,Rural,https://postali.app/mx/durango/nombre-de-dios/el-socorro
34860,El Tobe,Ejido,Nombre de Dios,Durango,,Rural,https://postali.app/mx/durango/nombre-de-dios/el-tobe
34860,General Francisco Murguía,Pueblo,Nombre de Dios,Durango,,Rural,https://postali.app/mx/durango/nombre-de-dios/general-francisco-murguia
34860,Huíjolas de Grullas,Ranchería,Nombre de Dios,Durango,,Rural,https://postali.app/mx/durango/nombre-de-dios/huijolas-de-grullas
34860,La Esperanza,Ranchería,Nombre de Dios,Durango,,Rural,https://postali.app/mx/durango/nombre-de-dios/la-esperanza
34860,Las Huíjolas,Ranchería,Nombre de Dios,Durango,,Rural,https://postali.app/mx/durango/nombre-de-dios/las-huijolas
34860,San Cayetano,Ranchería,Nombre de Dios,Durango,,Rural,https://postali.app/mx/durango/nombre-de-dios/san-cayetano
34863,San José de la Parrilla (La Parrilla),Pueblo,Nombre de Dios,Durango,,Rural,https://postali.app/mx/durango/nombre-de-dios/san-jose-de-la-parrilla-la-parrilla
34864,Amado Nervo,Ejido,Nombre de Dios,Durango,,Rural,https://postali.app/mx/durango/nombre-de-dios/amado-nervo
34864,Palmira [Rancho],Ranchería,Nombre de Dios,Durango,,Rural,https://postali.app/mx/durango/nombre-de-dios/palmira-rancho
34864,Santa Cruz de Guadalupe,Ranchería,Nombre de Dios,Durango,,Rural,https://postali.app/mx/durango/nombre-de-dios/santa-cruz-de-guadalupe
34865,Emilio Portes Gil,Ejido,Nombre de Dios,Durango,,Rural,https://postali.app/mx/durango/nombre-de-dios/emilio-portes-gil
34865,Lauro del Villar,Pueblo,Nombre de Dios,Durango,,Rural,https://postali.app/mx/durango/nombre-de-dios/lauro-del-villar
34866,Rojas,Ejido,Nombre de Dios,Durango,,Rural,https://postali.app/mx/durango/nombre-de-dios/rojas
34867,Gabriel Hernández (Mancinas),Ejido,Nombre de Dios,Durango,,Rural,https://postali.app/mx/durango/nombre-de-dios/gabriel-hernandez-mancinas
34867,Tres Hermanos,Ranchería,Nombre de Dios,Durango,,Rural,https://postali.app/mx/durango/nombre-de-dios/tres-hermanos
34873,Bolsa de Fierro,Ranchería,Nombre de Dios,Durango,,Rural,https://postali.app/mx/durango/nombre-de-dios/bolsa-de-fierro
34873,Revolución Social,Ejido,Nombre de Dios,Durango,,Rural,https://postali.app/mx/durango/nombre-de-dios/revolucion-social
34873,Yuriria,Ranchería,Nombre de Dios,Durango,,Rural,https://postali.app/mx/durango/nombre-de-dios/yuriria
34880,El Carrizal,Ranchería,Nombre de Dios,Durango,,Rural,https://postali.app/mx/durango/nombre-de-dios/el-carrizal
34885,Jalpa,Ranchería,Nombre de Dios,Durango,,Rural,https://postali.app/mx/durango/nombre-de-dios/jalpa
34885,La Pequeña,Ranchería,Nombre de Dios,Durango,,Rural,https://postali.app/mx/durango/nombre-de-dios/la-pequena
34885,San José de Acevedo (La Galera),Ejido,Nombre de Dios,Durango,,Rural,https://postali.app/mx/durango/nombre-de-dios/san-jose-de-acevedo-la-galera
34887,El Tejamanil,Ranchería,Nombre de Dios,Durango,,Rural,https://postali.app/mx/durango/nombre-de-dios/el-tejamanil
34887,El Venado,Ejido,Nombre de Dios,Durango,,Rural,https://postali.app/mx/durango/nombre-de-dios/el-venado
34887,El Venado (La Agüita),Pueblo,Nombre de Dios,Durango,,Rural,https://postali.app/mx/durango/nombre-de-dios/el-venado-la-aguita
34887,Las Adjuntas,Ranchería,Nombre de Dios,Durango,,Rural,https://postali.app/mx/durango/nombre-de-dios/las-adjuntas
34890,Negrete,Barrio,Vicente Guerrero,Durango,Vicente Guerrero,Urbano,https://postali.app/mx/durango/vicente-guerrero/negrete
34890,Vicente Guerrero Centro,Colonia,Vicente Guerrero,Durango,Vicente Guerrero,Urbano,https://postali.app/mx/durango/vicente-guerrero/vicente-guerrero-centro
34892,Chicago,Colonia,Vicente Guerrero,Durango,Vicente Guerrero,Urbano,https://postali.app/mx/durango/vicente-guerrero/chicago
34892,Los Ángeles,Colonia,Vicente Guerrero,Durango,Vicente Guerrero,Urbano,https://postali.app/mx/durango/vicente-guerrero/los-angeles
34892,Revolución,Colonia,Vicente Guerrero,Durango,Vicente Guerrero,Urbano,https://postali.app/mx/durango/vicente-guerrero/revolucion
34892,San Antonio,Colonia,Vicente Guerrero,Durango,Vicente Guerrero,Urbano,https://postali.app/mx/durango/vicente-guerrero/san-antonio
34893,CNOP Parte Dos,Colonia,Vicente Guerrero,Durango,Vicente Guerrero,Urbano,https://postali.app/mx/durango/vicente-guerrero/cnop-parte-dos
34893,CNOP Parte Uno,Colonia,Vicente Guerrero,Durango,Vicente Guerrero,Urbano,https://postali.app/mx/durango/vicente-guerrero/cnop-parte-uno
34893,Daniel Soto,Colonia,Vicente Guerrero,Durango,Vicente Guerrero,Urbano,https://postali.app/mx/durango/vicente-guerrero/daniel-soto
34893,Emiliano Zapata,Colonia,Vicente Guerrero,Durango,Vicente Guerrero,Urbano,https://postali.app/mx/durango/vicente-guerrero/emiliano-zapata
34893,INFONAVIT,Fraccionamiento,Vicente Guerrero,Durango,Vicente Guerrero,Urbano,https://postali.app/mx/durango/vicente-guerrero/infonavit
34893,Juan Francisco,Colonia,Vicente Guerrero,Durango,Vicente Guerrero,Urbano,https://postali.app/mx/durango/vicente-guerrero/juan-francisco
34893,Justicia Social,Colonia,Vicente Guerrero,Durango,Vicente Guerrero,Urbano,https://postali.app/mx/durango/vicente-guerrero/justicia-social
34893,Las Américas Dos,Colonia,Vicente Guerrero,Durango,Vicente Guerrero,Urbano,https://postali.app/mx/durango/vicente-guerrero/las-americas-dos
34893,Las Américas Uno,Colonia,Vicente Guerrero,Durango,Vicente Guerrero,Urbano,https://postali.app/mx/durango/vicente-guerrero/las-americas-uno
34893,Magisterial (FOVI),Fraccionamiento,Vicente Guerrero,Durango,Vicente Guerrero,Urbano,https://postali.app/mx/durango/vicente-guerrero/magisterial-fovi
34893,Margarita de Gortari,Colonia,Vicente Guerrero,Durango,Vicente Guerrero,Urbano,https://postali.app/mx/durango/vicente-guerrero/margarita-de-gortari
34893,Nueva España,Colonia,Vicente Guerrero,Durango,Vicente Guerrero,Urbano,https://postali.app/mx/durango/vicente-guerrero/nueva-espana
34893,Nuevo Guerrero,Colonia,Vicente Guerrero,Durango,Vicente Guerrero,Urbano,https://postali.app/mx/durango/vicente-guerrero/nuevo-guerrero
34893,Santa Rita,Colonia,Vicente Guerrero,Durango,Vicente Guerrero,Urbano,https://postali.app/mx/durango/vicente-guerrero/santa-rita
34893,UNE,Fraccionamiento,Vicente Guerrero,Durango,Vicente Guerrero,Urbano,https://postali.app/mx/durango/vicente-guerrero/une
34893,Valle de San Antonio,Fraccionamiento,Vicente Guerrero,Durango,Vicente Guerrero,Urbano,https://postali.app/mx/durango/vicente-guerrero/valle-de-san-antonio
34893,Villas San Diego,Colonia,Vicente Guerrero,Durango,Vicente Guerrero,Urbano,https://postali.app/mx/durango/vicente-guerrero/villas-san-diego
34894,6 de Enero,Colonia,Vicente Guerrero,Durango,Vicente Guerrero,Urbano,https://postali.app/mx/durango/vicente-guerrero/6-de-enero
34894,Ejidal José Guadalupe Rodríguez,Colonia,Vicente Guerrero,Durango,Vicente Guerrero,Urbano,https://postali.app/mx/durango/vicente-guerrero/ejidal-jose-guadalupe-rodriguez
34894,El Refugio,Colonia,Vicente Guerrero,Durango,Vicente Guerrero,Urbano,https://postali.app/mx/durango/vicente-guerrero/el-refugio
34894,Escritores,Fraccionamiento,Vicente Guerrero,Durango,Vicente Guerrero,Urbano,https://postali.app/mx/durango/vicente-guerrero/escritores
34894,Felipe Ángeles,Colonia,Vicente Guerrero,Durango,Vicente Guerrero,Urbano,https://postali.app/mx/durango/vicente-guerrero/felipe-angeles
34894,Independencia Dos,Colonia,Vicente Guerrero,Durango,Vicente Guerrero,Urbano,https://postali.app/mx/durango/vicente-guerrero/independencia-dos
34894,Independencia Uno,Colonia,Vicente Guerrero,Durango,Vicente Guerrero,Urbano,https://postali.app/mx/durango/vicente-guerrero/independencia-uno
34894,La Perla,Colonia,Vicente Guerrero,Durango,Vicente Guerrero,Urbano,https://postali.app/mx/durango/vicente-guerrero/la-perla
34894,Las Flores,Colonia,Vicente Guerrero,Durango,Vicente Guerrero,Urbano,https://postali.app/mx/durango/vicente-guerrero/las-flores
34894,Linda Vista,Colonia,Vicente Guerrero,Durango,Vicente Guerrero,Urbano,https://postali.app/mx/durango/vicente-guerrero/linda-vista
34894,Loma Bonita,Colonia,Vicente Guerrero,Durango,Vicente Guerrero,Urbano,https://postali.app/mx/durango/vicente-guerrero/loma-bonita
34894,Loma Bonita,Fraccionamiento,Vicente Guerrero,Durango,Vicente Guerrero,Urbano,https://postali.app/mx/durango/vicente-guerrero/loma-bonita-34894
34894,Los Nogales,Colonia,Vicente Guerrero,Durango,Vicente Guerrero,Urbano,https://postali.app/mx/durango/vicente-guerrero/los-nogales
34894,Lázaro Cárdenas,Colonia,Vicente Guerrero,Durango,Vicente Guerrero,Urbano,https://postali.app/mx/durango/vicente-guerrero/lazaro-cardenas
34894,San Miguel,Colonia,Vicente Guerrero,Durango,Vicente Guerrero,Urbano,https://postali.app/mx/durango/vicente-guerrero/san-miguel
34894,Santa Elena,Colonia,Vicente Guerrero,Durango,Vicente Guerrero,Urbano,https://postali.app/mx/durango/vicente-guerrero/santa-elena
34896,La Parada,Ranchería,Vicente Guerrero,Durango,,Rural,https://postali.app/mx/durango/vicente-guerrero/la-parada
34896,San José de las Corrientes,Ejido,Vicente Guerrero,Durango,,Rural,https://postali.app/mx/durango/vicente-guerrero/san-jose-de-las-corrientes
34897,Alfredo V Bonfil (Pompeya),Ejido,Vicente Guerrero,Durango,,Rural,https://postali.app/mx/durango/vicente-guerrero/alfredo-v-bonfil-pompeya
34897,Tonalas,Ranchería,Vicente Guerrero,Durango,,Rural,https://postali.app/mx/durango/vicente-guerrero/tonalas
34898,El Ancón,Ranchería,Vicente Guerrero,Durango,,Rural,https://postali.app/mx/durango/vicente-guerrero/el-ancon
34898,El Duraznito,Ejido,Vicente Guerrero,Durango,,Rural,https://postali.app/mx/durango/vicente-guerrero/el-duraznito
34898,El Durazno,Ranchería,Vicente Guerrero,Durango,,Rural,https://postali.app/mx/durango/vicente-guerrero/el-durazno
34898,El Potrero,Ranchería,Vicente Guerrero,Durango,,Rural,https://postali.app/mx/durango/vicente-guerrero/el-potrero
34898,El Pozo,Ranchería,Vicente Guerrero,Durango,,Rural,https://postali.app/mx/durango/vicente-guerrero/el-pozo
34898,El Vergel,Ranchería,Vicente Guerrero,Durango,,Rural,https://postali.app/mx/durango/vicente-guerrero/el-vergel
34898,Estación Vicente Guerrero,Paraje,Vicente Guerrero,Durango,,Rural,https://postali.app/mx/durango/vicente-guerrero/estacion-vicente-guerrero
34898,Graceros,Pueblo,Vicente Guerrero,Durango,,Rural,https://postali.app/mx/durango/vicente-guerrero/graceros
34898,Los Compadres,Ranchería,Vicente Guerrero,Durango,,Rural,https://postali.app/mx/durango/vicente-guerrero/los-compadres
34898,San Francisco Javier,Ejido,Vicente Guerrero,Durango,,Rural,https://postali.app/mx/durango/vicente-guerrero/san-francisco-javier
34898,San Isidro de Murillos,Ejido,Vicente Guerrero,Durango,,Rural,https://postali.app/mx/durango/vicente-guerrero/san-isidro-de-murillos
34898,San José del Molino,Ejido,Vicente Guerrero,Durango,,Rural,https://postali.app/mx/durango/vicente-guerrero/san-jose-del-molino
34898,San Pedro Alcántara,Ejido,Vicente Guerrero,Durango,,Rural,https://postali.app/mx/durango/vicente-guerrero/san-pedro-alcantara
34898,Santa Bárbara (Máximo Rodarte Hinojosa),Ranchería,Vicente Guerrero,Durango,,Rural,https://postali.app/mx/durango/vicente-guerrero/santa-barbara-maximo-rodarte-hinojosa
34900,Súchil Centro,Colonia,Súchil,Durango,,Urbano,https://postali.app/mx/durango/suchil/suchil-centro
34903,Francisco Villa,Colonia,Súchil,Durango,,Urbano,https://postali.app/mx/durango/suchil/francisco-villa
34903,Los Lavaderos,Colonia,Súchil,Durango,,Urbano,https://postali.app/mx/durango/suchil/los-lavaderos
34904,Francisco I Madero,Colonia,Súchil,Durango,,Urbano,https://postali.app/mx/durango/suchil/francisco-i-madero
34905,La Tijera,Colonia,Súchil,Durango,,Urbano,https://postali.app/mx/durango/suchil/la-tijera
34905,Santa Cruz,Ranchería,Súchil,Durango,,Rural,https://postali.app/mx/durango/suchil/santa-cruz
34906,El Mezquite,Colonia,Súchil,Durango,,Urbano,https://postali.app/mx/durango/suchil/el-mezquite
34906,Emiliano Zapata,Colonia,Súchil,Durango,,Urbano,https://postali.app/mx/durango/suchil/emiliano-zapata
34907,El Pilancon,Colonia,Súchil,Durango,,Urbano,https://postali.app/mx/durango/suchil/el-pilancon
34907,Lindavista,Colonia,Súchil,Durango,,Urbano,https://postali.app/mx/durango/suchil/lindavista
34910,Nuevo Mortero,Ranchería,Súchil,Durango,,Rural,https://postali.app/mx/durango/suchil/nuevo-mortero
34913,Alejandro,Ejido,Súchil,Durango,,Rural,https://postali.app/mx/durango/suchil/alejandro
34913,Berlín,Ranchería,Súchil,Durango,,Rural,https://postali.app/mx/durango/suchil/berlin
34913,Hacienda el Mortero,Hacienda,Súchil,Durango,,Rural,https://postali.app/mx/durango/suchil/hacienda-el-mortero
34913,San Luis,Ranchería,Súchil,Durango,,Rural,https://postali.app/mx/durango/suchil/san-luis
34913,San Martín de Camellones,Ranchería,Súchil,Durango,,Rural,https://postali.app/mx/durango/suchil/san-martin-de-camellones
34915,Potrerillo (El Resbalón),Ranchería,Súchil,Durango,,Rural,https://postali.app/mx/durango/suchil/potrerillo-el-resbalon
34917,La Soledad,Ejido,Súchil,Durango,,Rural,https://postali.app/mx/durango/suchil/la-soledad
34917,San Miguel de la Michilía,Ranchería,Súchil,Durango,,Rural,https://postali.app/mx/durango/suchil/san-miguel-de-la-michilia
34920,Los Corrales,Ranchería,Súchil,Durango,,Rural,https://postali.app/mx/durango/suchil/los-corrales
34920,San Juan de Michis,Ejido,Súchil,Durango,,Rural,https://postali.app/mx/durango/suchil/san-juan-de-michis
34923,La Puerta del Temazcal,Ranchería,Súchil,Durango,,Rural,https://postali.app/mx/durango/suchil/la-puerta-del-temazcal
34923,Rancho de la Peña,Ranchería,Súchil,Durango,,Rural,https://postali.app/mx/durango/suchil/rancho-de-la-pena
34926,Emiliano Zapata (Los Coconos),Ranchería,Súchil,Durango,,Rural,https://postali.app/mx/durango/suchil/emiliano-zapata-los-coconos
34926,San Francisco Javier (Los Ojitos),Ranchería,Súchil,Durango,,Rural,https://postali.app/mx/durango/suchil/san-francisco-javier-los-ojitos
34926,Santa Adriana (El Jabalí),Ranchería,Súchil,Durango,,Rural,https://postali.app/mx/durango/suchil/santa-adriana-el-jabali
34927,Corralitos,Ranchería,Súchil,Durango,,Rural,https://postali.app/mx/durango/suchil/corralitos
34930,El Temazcal,Ranchería,Súchil,Durango,,Rural,https://postali.app/mx/durango/suchil/el-temazcal
34933,Las Margaritas,Ranchería,Súchil,Durango,,Rural,https://postali.app/mx/durango/suchil/las-margaritas
34933,Luis Echeverría (La Quemada),Ranchería,Súchil,Durango,,Rural,https://postali.app/mx/durango/suchil/luis-echeverria-la-quemada
34934,Los Aguajitos,Ranchería,Súchil,Durango,,Rural,https://postali.app/mx/durango/suchil/los-aguajitos
34934,Los Bajíos,Ranchería,Súchil,Durango,,Rural,https://postali.app/mx/durango/suchil/los-bajios
34934,Mesa el Cardo Santo,Ranchería,Súchil,Durango,,Rural,https://postali.app/mx/durango/suchil/mesa-el-cardo-santo
34934,Puerta de Guanajuatillo,Ranchería,Súchil,Durango,,Rural,https://postali.app/mx/durango/suchil/puerta-de-guanajuatillo
34935,El Salvaje,Ranchería,Súchil,Durango,,Rural,https://postali.app/mx/durango/suchil/el-salvaje
34935,Los Bordos (El Atole),Ranchería,Súchil,Durango,,Rural,https://postali.app/mx/durango/suchil/los-bordos-el-atole
34935,Mesa de San Antonio (El Llano),Ranchería,Súchil,Durango,,Rural,https://postali.app/mx/durango/suchil/mesa-de-san-antonio-el-llano
34936,El Alemán (El Alemán Nuevo),Ranchería,Súchil,Durango,,Rural,https://postali.app/mx/durango/suchil/el-aleman-el-aleman-nuevo
34936,Mesa de Tabacos,Ranchería,Súchil,Durango,,Rural,https://postali.app/mx/durango/suchil/mesa-de-tabacos
34937,Alemán (Alemán Viejo),Ranchería,Súchil,Durango,,Rural,https://postali.app/mx/durango/suchil/aleman-aleman-viejo
34940,El Salto Centro,Colonia,Pueblo Nuevo,Durango,El Salto,Urbano,https://postali.app/mx/durango/pueblo-nuevo/el-salto-centro
34942,Aztecas,Colonia,Pueblo Nuevo,Durango,El Salto,Urbano,https://postali.app/mx/durango/pueblo-nuevo/aztecas
34942,Forestal,Colonia,Pueblo Nuevo,Durango,El Salto,Urbano,https://postali.app/mx/durango/pueblo-nuevo/forestal
34942,Francisco I Madero,Colonia,Pueblo Nuevo,Durango,El Salto,Urbano,https://postali.app/mx/durango/pueblo-nuevo/francisco-i-madero
34942,Insurgentes,Colonia,Pueblo Nuevo,Durango,El Salto,Urbano,https://postali.app/mx/durango/pueblo-nuevo/insurgentes
34942,Jardines,Colonia,Pueblo Nuevo,Durango,El Salto,Urbano,https://postali.app/mx/durango/pueblo-nuevo/jardines
34942,Puente Negro,Colonia,Pueblo Nuevo,Durango,El Salto,Urbano,https://postali.app/mx/durango/pueblo-nuevo/puente-negro
34945,Ayuntamiento,Colonia,Pueblo Nuevo,Durango,El Salto,Urbano,https://postali.app/mx/durango/pueblo-nuevo/ayuntamiento
34945,Chapultepec,Colonia,Pueblo Nuevo,Durango,El Salto,Urbano,https://postali.app/mx/durango/pueblo-nuevo/chapultepec
34945,El Brillante,Colonia,Pueblo Nuevo,Durango,El Salto,Urbano,https://postali.app/mx/durango/pueblo-nuevo/el-brillante
34945,El Mirador,Colonia,Pueblo Nuevo,Durango,El Salto,Urbano,https://postali.app/mx/durango/pueblo-nuevo/el-mirador
34945,San Isidro,Colonia,Pueblo Nuevo,Durango,El Salto,Urbano,https://postali.app/mx/durango/pueblo-nuevo/san-isidro
34946,Buenavista,Colonia,Pueblo Nuevo,Durango,El Salto,Urbano,https://postali.app/mx/durango/pueblo-nuevo/buenavista
34946,Militar,Colonia,Pueblo Nuevo,Durango,El Salto,Urbano,https://postali.app/mx/durango/pueblo-nuevo/militar
34946,Plutarco Elías Calles,Colonia,Pueblo Nuevo,Durango,El Salto,Urbano,https://postali.app/mx/durango/pueblo-nuevo/plutarco-elias-calles
34946,San Francisco,Colonia,Pueblo Nuevo,Durango,El Salto,Urbano,https://postali.app/mx/durango/pueblo-nuevo/san-francisco
34946,Álvaro Obregón,Colonia,Pueblo Nuevo,Durango,El Salto,Urbano,https://postali.app/mx/durango/pueblo-nuevo/alvaro-obregon
34947,Aterrizaje,Colonia,Pueblo Nuevo,Durango,El Salto,Urbano,https://postali.app/mx/durango/pueblo-nuevo/aterrizaje
34947,Del Bosque,Colonia,Pueblo Nuevo,Durango,El Salto,Urbano,https://postali.app/mx/durango/pueblo-nuevo/del-bosque
34947,José María Morelos,Colonia,Pueblo Nuevo,Durango,El Salto,Urbano,https://postali.app/mx/durango/pueblo-nuevo/jose-maria-morelos
34947,La Victoria,Colonia,Pueblo Nuevo,Durango,El Salto,Urbano,https://postali.app/mx/durango/pueblo-nuevo/la-victoria
34947,Maderera,Colonia,Pueblo Nuevo,Durango,El Salto,Urbano,https://postali.app/mx/durango/pueblo-nuevo/maderera
34947,Pueblo Nuevo,Colonia,Pueblo Nuevo,Durango,El Salto,Urbano,https://postali.app/mx/durango/pueblo-nuevo/pueblo-nuevo
34948,Americana,Colonia,Pueblo Nuevo,Durango,El Salto,Urbano,https://postali.app/mx/durango/pueblo-nuevo/americana
34948,Vicente Guerrero,Colonia,Pueblo Nuevo,Durango,El Salto,Urbano,https://postali.app/mx/durango/pueblo-nuevo/vicente-guerrero
34950,Adolfo Ruiz Cortines (Marraneras),Ejido,Pueblo Nuevo,Durango,,Rural,https://postali.app/mx/durango/pueblo-nuevo/adolfo-ruiz-cortines-marraneras
34950,Alejandro Torres,Ranchería,Pueblo Nuevo,Durango,,Rural,https://postali.app/mx/durango/pueblo-nuevo/alejandro-torres
34950,Bajío Atascoso,Ranchería,Pueblo Nuevo,Durango,,Rural,https://postali.app/mx/durango/pueblo-nuevo/bajio-atascoso
34950,Chilchota,Ranchería,Pueblo Nuevo,Durango,,Rural,https://postali.app/mx/durango/pueblo-nuevo/chilchota
34950,Coyotes (Ojo de Agua de Coyotes),Ranchería,Pueblo Nuevo,Durango,,Rural,https://postali.app/mx/durango/pueblo-nuevo/coyotes-ojo-de-agua-de-coyotes
34950,El Chaparral (Palo Enterrado),Ranchería,Pueblo Nuevo,Durango,,Rural,https://postali.app/mx/durango/pueblo-nuevo/el-chaparral-palo-enterrado
34950,Estación Coyotes (José María Morelos),Ranchería,Pueblo Nuevo,Durango,,Rural,https://postali.app/mx/durango/pueblo-nuevo/estacion-coyotes-jose-maria-morelos
34950,Hacienda Coyotes,Ranchería,Pueblo Nuevo,Durango,,Rural,https://postali.app/mx/durango/pueblo-nuevo/hacienda-coyotes
34950,La Herradura,Ranchería,Pueblo Nuevo,Durango,,Rural,https://postali.app/mx/durango/pueblo-nuevo/la-herradura
34950,La Montosa,Ranchería,Pueblo Nuevo,Durango,,Rural,https://postali.app/mx/durango/pueblo-nuevo/la-montosa
34950,La Pompa,Ranchería,Pueblo Nuevo,Durango,,Rural,https://postali.app/mx/durango/pueblo-nuevo/la-pompa
34950,La Trampa,Ranchería,Pueblo Nuevo,Durango,,Rural,https://postali.app/mx/durango/pueblo-nuevo/la-trampa
34950,Lajas Chinas,Fraccionamiento,Pueblo Nuevo,Durango,,Rural,https://postali.app/mx/durango/pueblo-nuevo/lajas-chinas
34950,Las Cebollas,Ranchería,Pueblo Nuevo,Durango,,Rural,https://postali.app/mx/durango/pueblo-nuevo/las-cebollas
34950,Las Mexteñas,Ranchería,Pueblo Nuevo,Durango,,Rural,https://postali.app/mx/durango/pueblo-nuevo/las-mextenas
34950,Los Negros,Ranchería,Pueblo Nuevo,Durango,,Rural,https://postali.app/mx/durango/pueblo-nuevo/los-negros
34950,Los Tanques,Ranchería,Pueblo Nuevo,Durango,,Rural,https://postali.app/mx/durango/pueblo-nuevo/los-tanques
34950,Rancho Nuevo,Ranchería,Pueblo Nuevo,Durango,,Rural,https://postali.app/mx/durango/pueblo-nuevo/rancho-nuevo
34950,San Antonio y Anexos,Ejido,Pueblo Nuevo,Durango,,Rural,https://postali.app/mx/durango/pueblo-nuevo/san-antonio-y-anexos
34950,San Isidro,Ranchería,Pueblo Nuevo,Durango,,Rural,https://postali.app/mx/durango/pueblo-nuevo/san-isidro-34950
34953,El Mentidero,Ranchería,Pueblo Nuevo,Durango,,Rural,https://postali.app/mx/durango/pueblo-nuevo/el-mentidero
34953,El Oso,Ranchería,Pueblo Nuevo,Durango,,Rural,https://postali.app/mx/durango/pueblo-nuevo/el-oso
34953,La Cueva [Ejido],Ranchería,Pueblo Nuevo,Durango,,Rural,https://postali.app/mx/durango/pueblo-nuevo/la-cueva-ejido
34953,La Peña,Ranchería,Pueblo Nuevo,Durango,,Rural,https://postali.app/mx/durango/pueblo-nuevo/la-pena
34953,Las Cruces,Ranchería,Pueblo Nuevo,Durango,,Rural,https://postali.app/mx/durango/pueblo-nuevo/las-cruces
34953,Los Ángeles de Abajo,Ranchería,Pueblo Nuevo,Durango,,Rural,https://postali.app/mx/durango/pueblo-nuevo/los-angeles-de-abajo
34953,Pericos [De la Peña],Ranchería,Pueblo Nuevo,Durango,,Rural,https://postali.app/mx/durango/pueblo-nuevo/pericos-de-la-pena
34953,Santa Lucía,Ranchería,Pueblo Nuevo,Durango,,Rural,https://postali.app/mx/durango/pueblo-nuevo/santa-lucia
34954,El Chapote,Ranchería,Pueblo Nuevo,Durango,,Rural,https://postali.app/mx/durango/pueblo-nuevo/el-chapote
34954,El Desmonte [De la Enrramada],Ranchería,Pueblo Nuevo,Durango,,Rural,https://postali.app/mx/durango/pueblo-nuevo/el-desmonte-de-la-enrramada
34954,El Limonal,Ranchería,Pueblo Nuevo,Durango,,Rural,https://postali.app/mx/durango/pueblo-nuevo/el-limonal
34954,El Ranchito (Panteón Viejo),Ranchería,Pueblo Nuevo,Durango,,Rural,https://postali.app/mx/durango/pueblo-nuevo/el-ranchito-panteon-viejo
34954,Golondrinas [De Chavarria],Ranchería,Pueblo Nuevo,Durango,,Rural,https://postali.app/mx/durango/pueblo-nuevo/golondrinas-de-chavarria
34954,La Calera [De Pino Gordo],Ranchería,Pueblo Nuevo,Durango,,Rural,https://postali.app/mx/durango/pueblo-nuevo/la-calera-de-pino-gordo
34954,La Enramada,Ranchería,Pueblo Nuevo,Durango,,Rural,https://postali.app/mx/durango/pueblo-nuevo/la-enramada
34954,La Soledad [De Pino Gordo],Ranchería,Pueblo Nuevo,Durango,,Rural,https://postali.app/mx/durango/pueblo-nuevo/la-soledad-de-pino-gordo
34954,Paso de Piedra,Ranchería,Pueblo Nuevo,Durango,,Rural,https://postali.app/mx/durango/pueblo-nuevo/paso-de-piedra
34954,Pino Gordo,Ranchería,Pueblo Nuevo,Durango,,Rural,https://postali.app/mx/durango/pueblo-nuevo/pino-gordo
34954,Rancho los Gachupines,Ranchería,Pueblo Nuevo,Durango,,Rural,https://postali.app/mx/durango/pueblo-nuevo/rancho-los-gachupines
34954,San Antonio [De Pino Gordo],Ranchería,Pueblo Nuevo,Durango,,Rural,https://postali.app/mx/durango/pueblo-nuevo/san-antonio-de-pino-gordo
34954,Valle de la Bufa (El Ranchito),Ranchería,Pueblo Nuevo,Durango,,Rural,https://postali.app/mx/durango/pueblo-nuevo/valle-de-la-bufa-el-ranchito
34955,Borbollones,Pueblo,Pueblo Nuevo,Durango,,Rural,https://postali.app/mx/durango/pueblo-nuevo/borbollones
34955,Buenos Aires,Ranchería,Pueblo Nuevo,Durango,,Rural,https://postali.app/mx/durango/pueblo-nuevo/buenos-aires
34955,Chavarría Nuevo,Ejido,Pueblo Nuevo,Durango,,Rural,https://postali.app/mx/durango/pueblo-nuevo/chavarria-nuevo
34955,Chavarría Viejo,Ranchería,Pueblo Nuevo,Durango,,Rural,https://postali.app/mx/durango/pueblo-nuevo/chavarria-viejo
34955,Coscomate [De Chavarria],Ejido,Pueblo Nuevo,Durango,,Rural,https://postali.app/mx/durango/pueblo-nuevo/coscomate-de-chavarria
34955,Deportiva,Colonia,Pueblo Nuevo,Durango,,Rural,https://postali.app/mx/durango/pueblo-nuevo/deportiva
34955,El Carrizo [De Chavarría],Ranchería,Pueblo Nuevo,Durango,,Rural,https://postali.app/mx/durango/pueblo-nuevo/el-carrizo-de-chavarria
34955,El Ranchero [Restaurante],Ranchería,Pueblo Nuevo,Durango,,Rural,https://postali.app/mx/durango/pueblo-nuevo/el-ranchero-restaurante
34955,El Taller,Ranchería,Pueblo Nuevo,Durango,,Rural,https://postali.app/mx/durango/pueblo-nuevo/el-taller
34955,El Tule,Ranchería,Pueblo Nuevo,Durango,,Rural,https://postali.app/mx/durango/pueblo-nuevo/el-tule
34955,El Zorongo,Ranchería,Pueblo Nuevo,Durango,,Rural,https://postali.app/mx/durango/pueblo-nuevo/el-zorongo
34955,Estadio,Colonia,Pueblo Nuevo,Durango,,Urbano,https://postali.app/mx/durango/pueblo-nuevo/estadio
34955,Industrial,Colonia,Pueblo Nuevo,Durango,,Urbano,https://postali.app/mx/durango/pueblo-nuevo/industrial
34955,La Amistad,Colonia,Pueblo Nuevo,Durango,,Urbano,https://postali.app/mx/durango/pueblo-nuevo/la-amistad
34955,La Ciudad,Pueblo,Pueblo Nuevo,Durango,,Rural,https://postali.app/mx/durango/pueblo-nuevo/la-ciudad
34955,La Ciénega [De los Bancos],Ranchería,Pueblo Nuevo,Durango,,Rural,https://postali.app/mx/durango/pueblo-nuevo/la-cienega-de-los-bancos
34955,La Cueva [De Chavarria],Ranchería,Pueblo Nuevo,Durango,,Rural,https://postali.app/mx/durango/pueblo-nuevo/la-cueva-de-chavarria
34955,La Ermita,Ranchería,Pueblo Nuevo,Durango,,Rural,https://postali.app/mx/durango/pueblo-nuevo/la-ermita
34955,Los Bancos,Ejido,Pueblo Nuevo,Durango,,Rural,https://postali.app/mx/durango/pueblo-nuevo/los-bancos
34955,Los Estanques,Ranchería,Pueblo Nuevo,Durango,,Rural,https://postali.app/mx/durango/pueblo-nuevo/los-estanques
34955,Los Guindos,Ranchería,Pueblo Nuevo,Durango,,Rural,https://postali.app/mx/durango/pueblo-nuevo/los-guindos
34955,Los Pinos,Colonia,Pueblo Nuevo,Durango,,Urbano,https://postali.app/mx/durango/pueblo-nuevo/los-pinos
34955,Pericos [De el Puerto del Jarro],Ranchería,Pueblo Nuevo,Durango,,Rural,https://postali.app/mx/durango/pueblo-nuevo/pericos-de-el-puerto-del-jarro
34955,Puerto del Jarro,Ranchería,Pueblo Nuevo,Durango,,Rural,https://postali.app/mx/durango/pueblo-nuevo/puerto-del-jarro
34955,Rinconcito,Colonia,Pueblo Nuevo,Durango,,Urbano,https://postali.app/mx/durango/pueblo-nuevo/rinconcito
34955,Uva [Restaurante],Ranchería,Pueblo Nuevo,Durango,,Rural,https://postali.app/mx/durango/pueblo-nuevo/uva-restaurante
34956,El Almagre,Ranchería,Pueblo Nuevo,Durango,,Rural,https://postali.app/mx/durango/pueblo-nuevo/el-almagre
34956,El Amole,Ranchería,Pueblo Nuevo,Durango,,Rural,https://postali.app/mx/durango/pueblo-nuevo/el-amole
34956,El Ciprés,Ranchería,Pueblo Nuevo,Durango,,Rural,https://postali.app/mx/durango/pueblo-nuevo/el-cipres
34956,El Colorín,Ranchería,Pueblo Nuevo,Durango,,Rural,https://postali.app/mx/durango/pueblo-nuevo/el-colorin
34956,El Durazno (Ejido San Pablo),Ranchería,Pueblo Nuevo,Durango,,Rural,https://postali.app/mx/durango/pueblo-nuevo/el-durazno-ejido-san-pablo
34956,El Mil Diez,Ejido,Pueblo Nuevo,Durango,,Rural,https://postali.app/mx/durango/pueblo-nuevo/el-mil-diez
34956,El Mil Ocho,Ranchería,Pueblo Nuevo,Durango,,Rural,https://postali.app/mx/durango/pueblo-nuevo/el-mil-ocho
34956,El Ranchito (De San Pablo),Ranchería,Pueblo Nuevo,Durango,,Rural,https://postali.app/mx/durango/pueblo-nuevo/el-ranchito-de-san-pablo
34956,El Tapextle,Ranchería,Pueblo Nuevo,Durango,,Rural,https://postali.app/mx/durango/pueblo-nuevo/el-tapextle
34956,El Tepehuaje,Ranchería,Pueblo Nuevo,Durango,,Rural,https://postali.app/mx/durango/pueblo-nuevo/el-tepehuaje
34956,El Terrero [1 del Mil Diez],Ranchería,Pueblo Nuevo,Durango,,Rural,https://postali.app/mx/durango/pueblo-nuevo/el-terrero-1-del-mil-diez
34956,El Terrero [2 del Mil Diez],Ranchería,Pueblo Nuevo,Durango,,Rural,https://postali.app/mx/durango/pueblo-nuevo/el-terrero-2-del-mil-diez
34956,El Yerbaníz [Del Mil Diez],Ranchería,Pueblo Nuevo,Durango,,Rural,https://postali.app/mx/durango/pueblo-nuevo/el-yerbaniz-del-mil-diez
34956,El Zapote (El Chapote),Ranchería,Pueblo Nuevo,Durango,,Rural,https://postali.app/mx/durango/pueblo-nuevo/el-zapote-el-chapote
34956,La Escondida (De San Pablo),Ranchería,Pueblo Nuevo,Durango,,Rural,https://postali.app/mx/durango/pueblo-nuevo/la-escondida-de-san-pablo
34956,La Joya (De San Esteban),Ranchería,Pueblo Nuevo,Durango,,Rural,https://postali.app/mx/durango/pueblo-nuevo/la-joya-de-san-esteban
34956,La Laguna (De San Pablo),Ranchería,Pueblo Nuevo,Durango,,Rural,https://postali.app/mx/durango/pueblo-nuevo/la-laguna-de-san-pablo
34956,La Laja,Ranchería,Pueblo Nuevo,Durango,,Rural,https://postali.app/mx/durango/pueblo-nuevo/la-laja
34956,La Manga,Ranchería,Pueblo Nuevo,Durango,,Rural,https://postali.app/mx/durango/pueblo-nuevo/la-manga
34956,La Mesa (De San Pablo),Ranchería,Pueblo Nuevo,Durango,,Rural,https://postali.app/mx/durango/pueblo-nuevo/la-mesa-de-san-pablo
34956,La Mesa de los Osos,Ranchería,Pueblo Nuevo,Durango,,Rural,https://postali.app/mx/durango/pueblo-nuevo/la-mesa-de-los-osos
34956,La Soledad (De San Pablo),Ranchería,Pueblo Nuevo,Durango,,Rural,https://postali.app/mx/durango/pueblo-nuevo/la-soledad-de-san-pablo
34956,Las Carreras,Ranchería,Pueblo Nuevo,Durango,,Rural,https://postali.app/mx/durango/pueblo-nuevo/las-carreras
34956,Las Pintas,Ranchería,Pueblo Nuevo,Durango,,Rural,https://postali.app/mx/durango/pueblo-nuevo/las-pintas
34956,Los Bueyeros,Ranchería,Pueblo Nuevo,Durango,,Rural,https://postali.app/mx/durango/pueblo-nuevo/los-bueyeros
34956,Los Charcos,Ranchería,Pueblo Nuevo,Durango,,Rural,https://postali.app/mx/durango/pueblo-nuevo/los-charcos
34956,Los Peloncitos,Ranchería,Pueblo Nuevo,Durango,,Rural,https://postali.app/mx/durango/pueblo-nuevo/los-peloncitos
34956,Los Tres Pasitos,Ranchería,Pueblo Nuevo,Durango,,Rural,https://postali.app/mx/durango/pueblo-nuevo/los-tres-pasitos
34956,Ojo de Agua (De San Pablo),Ranchería,Pueblo Nuevo,Durango,,Rural,https://postali.app/mx/durango/pueblo-nuevo/ojo-de-agua-de-san-pablo
34956,San Esteban,Ranchería,Pueblo Nuevo,Durango,,Rural,https://postali.app/mx/durango/pueblo-nuevo/san-esteban
34956,San Jerónimo,Pueblo,Pueblo Nuevo,Durango,,Rural,https://postali.app/mx/durango/pueblo-nuevo/san-jeronimo
34956,San Pablo,Ejido,Pueblo Nuevo,Durango,,Rural,https://postali.app/mx/durango/pueblo-nuevo/san-pablo
34956,Texcalama,Ranchería,Pueblo Nuevo,Durango,,Rural,https://postali.app/mx/durango/pueblo-nuevo/texcalama
34957,Arroyo del Agua,Ranchería,Pueblo Nuevo,Durango,,Rural,https://postali.app/mx/durango/pueblo-nuevo/arroyo-del-agua
34957,El Pájaro,Ranchería,Pueblo Nuevo,Durango,,Rural,https://postali.app/mx/durango/pueblo-nuevo/el-pajaro
34957,La Campana [De San Jerónimo],Ranchería,Pueblo Nuevo,Durango,,Rural,https://postali.app/mx/durango/pueblo-nuevo/la-campana-de-san-jeronimo
34957,La Cañada,Ranchería,Pueblo Nuevo,Durango,,Rural,https://postali.app/mx/durango/pueblo-nuevo/la-canada
34957,La Pirámide,Ejido,Pueblo Nuevo,Durango,,Rural,https://postali.app/mx/durango/pueblo-nuevo/la-piramide
34957,La Victoria [Centro Trutícola],Ranchería,Pueblo Nuevo,Durango,,Rural,https://postali.app/mx/durango/pueblo-nuevo/la-victoria-centro-truticola
34957,Las Adjuntas,Ejido,Pueblo Nuevo,Durango,,Rural,https://postali.app/mx/durango/pueblo-nuevo/las-adjuntas
34957,Las Adjuntas (Aserradero),Ranchería,Pueblo Nuevo,Durango,,Rural,https://postali.app/mx/durango/pueblo-nuevo/las-adjuntas-aserradero
34957,Las Biznagas,Ranchería,Pueblo Nuevo,Durango,,Rural,https://postali.app/mx/durango/pueblo-nuevo/las-biznagas
34957,Las Joyas [De Chomonques],Ranchería,Pueblo Nuevo,Durango,,Rural,https://postali.app/mx/durango/pueblo-nuevo/las-joyas-de-chomonques
34957,Las Rusias,Ranchería,Pueblo Nuevo,Durango,,Rural,https://postali.app/mx/durango/pueblo-nuevo/las-rusias
34957,Lechería,Ranchería,Pueblo Nuevo,Durango,,Rural,https://postali.app/mx/durango/pueblo-nuevo/lecheria
34957,San Juan [Del Mil Diez],Ranchería,Pueblo Nuevo,Durango,,Rural,https://postali.app/mx/durango/pueblo-nuevo/san-juan-del-mil-diez
34960,Carricíllos,Ranchería,Pueblo Nuevo,Durango,,Rural,https://postali.app/mx/durango/pueblo-nuevo/carricillos
34960,Corralitos [De Pueblo Nuevo],Ranchería,Pueblo Nuevo,Durango,,Rural,https://postali.app/mx/durango/pueblo-nuevo/corralitos-de-pueblo-nuevo
34960,El Coscomate [De Pueblo Nuevo],Ranchería,Pueblo Nuevo,Durango,,Rural,https://postali.app/mx/durango/pueblo-nuevo/el-coscomate-de-pueblo-nuevo
34960,El Ranchito [De Portales de Milpillas],Ranchería,Pueblo Nuevo,Durango,,Rural,https://postali.app/mx/durango/pueblo-nuevo/el-ranchito-de-portales-de-milpillas
34960,El Triángulo,Ranchería,Pueblo Nuevo,Durango,,Rural,https://postali.app/mx/durango/pueblo-nuevo/el-triangulo
34960,El Zapote [De Pueblo Nuevo],Ranchería,Pueblo Nuevo,Durango,,Rural,https://postali.app/mx/durango/pueblo-nuevo/el-zapote-de-pueblo-nuevo
34960,Jagüeyes,Ranchería,Pueblo Nuevo,Durango,,Rural,https://postali.app/mx/durango/pueblo-nuevo/jagueyes
34960,La Escondida [De Corralitos],Ranchería,Pueblo Nuevo,Durango,,Rural,https://postali.app/mx/durango/pueblo-nuevo/la-escondida-de-corralitos
34960,La Puerta,Ranchería,Pueblo Nuevo,Durango,,Rural,https://postali.app/mx/durango/pueblo-nuevo/la-puerta
34960,Las Flores,Ranchería,Pueblo Nuevo,Durango,,Rural,https://postali.app/mx/durango/pueblo-nuevo/las-flores
34960,Los Barbechos,Ranchería,Pueblo Nuevo,Durango,,Rural,https://postali.app/mx/durango/pueblo-nuevo/los-barbechos
34960,Palo Gordo,Ranchería,Pueblo Nuevo,Durango,,Rural,https://postali.app/mx/durango/pueblo-nuevo/palo-gordo
34960,Pie de Cuesta,Ranchería,Pueblo Nuevo,Durango,,Rural,https://postali.app/mx/durango/pueblo-nuevo/pie-de-cuesta
34960,Piedra Ancha,Ranchería,Pueblo Nuevo,Durango,,Rural,https://postali.app/mx/durango/pueblo-nuevo/piedra-ancha
34960,Portales de Milpillas,Ranchería,Pueblo Nuevo,Durango,,Rural,https://postali.app/mx/durango/pueblo-nuevo/portales-de-milpillas
34960,Pueblo Nuevo (Pueblo de Caña),Pueblo,Pueblo Nuevo,Durango,,Rural,https://postali.app/mx/durango/pueblo-nuevo/pueblo-nuevo-pueblo-de-cana
34960,Vaquería Dos,Ranchería,Pueblo Nuevo,Durango,,Rural,https://postali.app/mx/durango/pueblo-nuevo/vaqueria-dos
34963,Barbechos,Ranchería,Pueblo Nuevo,Durango,,Rural,https://postali.app/mx/durango/pueblo-nuevo/barbechos
34963,Capomal,Ranchería,Pueblo Nuevo,Durango,,Rural,https://postali.app/mx/durango/pueblo-nuevo/capomal
34963,Chicharras,Ranchería,Pueblo Nuevo,Durango,,Rural,https://postali.app/mx/durango/pueblo-nuevo/chicharras
34963,Corralitos [De Milpillas],Ranchería,Pueblo Nuevo,Durango,,Rural,https://postali.app/mx/durango/pueblo-nuevo/corralitos-de-milpillas
34963,Curachas,Ranchería,Pueblo Nuevo,Durango,,Rural,https://postali.app/mx/durango/pueblo-nuevo/curachas
34963,El Bajío,Ranchería,Pueblo Nuevo,Durango,,Rural,https://postali.app/mx/durango/pueblo-nuevo/el-bajio
34963,El Capulin [De Milpillas],Ranchería,Pueblo Nuevo,Durango,,Rural,https://postali.app/mx/durango/pueblo-nuevo/el-capulin-de-milpillas
34963,El Carrizo [De la Cumbre de Milpillas],Ranchería,Pueblo Nuevo,Durango,,Rural,https://postali.app/mx/durango/pueblo-nuevo/el-carrizo-de-la-cumbre-de-milpillas
34963,El Comal,Ranchería,Pueblo Nuevo,Durango,,Rural,https://postali.app/mx/durango/pueblo-nuevo/el-comal
34963,El Encino Gacho,Ranchería,Pueblo Nuevo,Durango,,Rural,https://postali.app/mx/durango/pueblo-nuevo/el-encino-gacho
34963,El Picudo,Ranchería,Pueblo Nuevo,Durango,,Rural,https://postali.app/mx/durango/pueblo-nuevo/el-picudo
34963,El Saucito [De Curachas],Ranchería,Pueblo Nuevo,Durango,,Rural,https://postali.app/mx/durango/pueblo-nuevo/el-saucito-de-curachas
34963,El Tempisque,Ranchería,Pueblo Nuevo,Durango,,Rural,https://postali.app/mx/durango/pueblo-nuevo/el-tempisque
34963,El Yerbanís [De Milpillas],Ranchería,Pueblo Nuevo,Durango,,Rural,https://postali.app/mx/durango/pueblo-nuevo/el-yerbanis-de-milpillas
34963,El Zancudo,Ranchería,Pueblo Nuevo,Durango,,Rural,https://postali.app/mx/durango/pueblo-nuevo/el-zancudo
34963,Golondrinas [De Lajas],Ranchería,Pueblo Nuevo,Durango,,Rural,https://postali.app/mx/durango/pueblo-nuevo/golondrinas-de-lajas
34963,Guajolotes,Ranchería,Pueblo Nuevo,Durango,,Rural,https://postali.app/mx/durango/pueblo-nuevo/guajolotes
34963,La Ciénega [1 de la Cumbre de Milpillas],Ranchería,Pueblo Nuevo,Durango,,Rural,https://postali.app/mx/durango/pueblo-nuevo/la-cienega-1-de-la-cumbre-de-milpillas
34963,La Ciénega [2 de la Cumbre de Milpillas],Ranchería,Pueblo Nuevo,Durango,,Rural,https://postali.app/mx/durango/pueblo-nuevo/la-cienega-2-de-la-cumbre-de-milpillas
34963,La Cruz [De Milpillas],Ranchería,Pueblo Nuevo,Durango,,Rural,https://postali.app/mx/durango/pueblo-nuevo/la-cruz-de-milpillas
34963,La Cueva del Panadero,Ranchería,Pueblo Nuevo,Durango,,Rural,https://postali.app/mx/durango/pueblo-nuevo/la-cueva-del-panadero
34963,La Cueva Mojada,Ranchería,Pueblo Nuevo,Durango,,Rural,https://postali.app/mx/durango/pueblo-nuevo/la-cueva-mojada
34963,La Cumbre [De Milpillas],Ranchería,Pueblo Nuevo,Durango,,Rural,https://postali.app/mx/durango/pueblo-nuevo/la-cumbre-de-milpillas
34963,La Escalera,Ranchería,Pueblo Nuevo,Durango,,Rural,https://postali.app/mx/durango/pueblo-nuevo/la-escalera
34963,La Laguna de Milpillas,Ranchería,Pueblo Nuevo,Durango,,Rural,https://postali.app/mx/durango/pueblo-nuevo/la-laguna-de-milpillas
34963,La Laja Parda,Ranchería,Pueblo Nuevo,Durango,,Rural,https://postali.app/mx/durango/pueblo-nuevo/la-laja-parda
34963,La Mano,Ranchería,Pueblo Nuevo,Durango,,Rural,https://postali.app/mx/durango/pueblo-nuevo/la-mano
34963,Las Cargas,Ranchería,Pueblo Nuevo,Durango,,Rural,https://postali.app/mx/durango/pueblo-nuevo/las-cargas
34963,Las Higueras [De Milpillas],Ranchería,Pueblo Nuevo,Durango,,Rural,https://postali.app/mx/durango/pueblo-nuevo/las-higueras-de-milpillas
34963,Las Joyas [De San Bernardino de Milpillas],Ranchería,Pueblo Nuevo,Durango,,Rural,https://postali.app/mx/durango/pueblo-nuevo/las-joyas-de-san-bernardino-de-milpillas
34963,Las Pulgas,Ranchería,Pueblo Nuevo,Durango,,Rural,https://postali.app/mx/durango/pueblo-nuevo/las-pulgas
34963,Los Lirios 1,Ranchería,Pueblo Nuevo,Durango,,Rural,https://postali.app/mx/durango/pueblo-nuevo/los-lirios-1
34963,Palo Verde,Ranchería,Pueblo Nuevo,Durango,,Rural,https://postali.app/mx/durango/pueblo-nuevo/palo-verde
34963,Piedra Bola,Ranchería,Pueblo Nuevo,Durango,,Rural,https://postali.app/mx/durango/pueblo-nuevo/piedra-bola
34963,Piloncillos [De Milpillas],Ranchería,Pueblo Nuevo,Durango,,Rural,https://postali.app/mx/durango/pueblo-nuevo/piloncillos-de-milpillas
34963,San Bernardino de Milpillas Chico,Pueblo,Pueblo Nuevo,Durango,,Rural,https://postali.app/mx/durango/pueblo-nuevo/san-bernardino-de-milpillas-chico
34963,San Pedro,Ranchería,Pueblo Nuevo,Durango,,Rural,https://postali.app/mx/durango/pueblo-nuevo/san-pedro
34963,Tapias,Ranchería,Pueblo Nuevo,Durango,,Rural,https://postali.app/mx/durango/pueblo-nuevo/tapias
34963,Tierra Blanca [De Lajas],Ranchería,Pueblo Nuevo,Durango,,Rural,https://postali.app/mx/durango/pueblo-nuevo/tierra-blanca-de-lajas
34963,Tierras Blancas,Ranchería,Pueblo Nuevo,Durango,,Rural,https://postali.app/mx/durango/pueblo-nuevo/tierras-blancas
34963,Tierras Coloradas [De la Cumbre],Ranchería,Pueblo Nuevo,Durango,,Rural,https://postali.app/mx/durango/pueblo-nuevo/tierras-coloradas-de-la-cumbre
34963,Tortugas,Ranchería,Pueblo Nuevo,Durango,,Rural,https://postali.app/mx/durango/pueblo-nuevo/tortugas
34963,Yerbabuena de Milpillas,Ranchería,Pueblo Nuevo,Durango,,Rural,https://postali.app/mx/durango/pueblo-nuevo/yerbabuena-de-milpillas
34964,Arroyo Hondo,Ranchería,Pueblo Nuevo,Durango,,Rural,https://postali.app/mx/durango/pueblo-nuevo/arroyo-hondo
34964,Carboneras,Ranchería,Pueblo Nuevo,Durango,,Rural,https://postali.app/mx/durango/pueblo-nuevo/carboneras
34964,Cebollas,Ranchería,Pueblo Nuevo,Durango,,Rural,https://postali.app/mx/durango/pueblo-nuevo/cebollas
34964,El Güero de Milpillas,Ranchería,Pueblo Nuevo,Durango,,Rural,https://postali.app/mx/durango/pueblo-nuevo/el-guero-de-milpillas
34964,Llano Grande de Milpillas Chico,Pueblo,Pueblo Nuevo,Durango,,Rural,https://postali.app/mx/durango/pueblo-nuevo/llano-grande-de-milpillas-chico
34964,Los Mimbres [De Milpillas],Ranchería,Pueblo Nuevo,Durango,,Rural,https://postali.app/mx/durango/pueblo-nuevo/los-mimbres-de-milpillas
34964,Maguey [De Milpillas],Ranchería,Pueblo Nuevo,Durango,,Rural,https://postali.app/mx/durango/pueblo-nuevo/maguey-de-milpillas
34964,Rancho Cuevecillas y Culebras,Ranchería,Pueblo Nuevo,Durango,,Rural,https://postali.app/mx/durango/pueblo-nuevo/rancho-cuevecillas-y-culebras
34964,San Felipe,Ranchería,Pueblo Nuevo,Durango,,Rural,https://postali.app/mx/durango/pueblo-nuevo/san-felipe
34964,San Manuel,Ranchería,Pueblo Nuevo,Durango,,Rural,https://postali.app/mx/durango/pueblo-nuevo/san-manuel
34964,San Rafael,Ranchería,Pueblo Nuevo,Durango,,Rural,https://postali.app/mx/durango/pueblo-nuevo/san-rafael
34964,Tres Lagunas,Ranchería,Pueblo Nuevo,Durango,,Rural,https://postali.app/mx/durango/pueblo-nuevo/tres-lagunas
34965,Calabazas,Ranchería,Pueblo Nuevo,Durango,,Rural,https://postali.app/mx/durango/pueblo-nuevo/calabazas
34965,Carrizos,Ranchería,Pueblo Nuevo,Durango,,Rural,https://postali.app/mx/durango/pueblo-nuevo/carrizos
34965,Cerro Pelón,Ranchería,Pueblo Nuevo,Durango,,Rural,https://postali.app/mx/durango/pueblo-nuevo/cerro-pelon
34965,Cruz Bendita,Ranchería,Pueblo Nuevo,Durango,,Rural,https://postali.app/mx/durango/pueblo-nuevo/cruz-bendita
34965,Cueva Mojada,Ranchería,Pueblo Nuevo,Durango,,Rural,https://postali.app/mx/durango/pueblo-nuevo/cueva-mojada
34965,El Carrizo [De Tierras Coloradas de Maíz Gordo],Ranchería,Pueblo Nuevo,Durango,,Rural,https://postali.app/mx/durango/pueblo-nuevo/el-carrizo-de-tierras-coloradas-de-maiz-gordo
34965,El Cerro del Oso,Rancho,Pueblo Nuevo,Durango,,Rural,https://postali.app/mx/durango/pueblo-nuevo/el-cerro-del-oso
34965,El Rancho,Ranchería,Pueblo Nuevo,Durango,,Rural,https://postali.app/mx/durango/pueblo-nuevo/el-rancho
34965,El Tecolote,Ranchería,Pueblo Nuevo,Durango,,Rural,https://postali.app/mx/durango/pueblo-nuevo/el-tecolote
34965,El Yerbanís [De Maíz Gordo],Ranchería,Pueblo Nuevo,Durango,,Rural,https://postali.app/mx/durango/pueblo-nuevo/el-yerbanis-de-maiz-gordo
34965,Hoja Ancha,Ranchería,Pueblo Nuevo,Durango,,Rural,https://postali.app/mx/durango/pueblo-nuevo/hoja-ancha
34965,La Cumbre [De Sarcillos],Ranchería,Pueblo Nuevo,Durango,,Rural,https://postali.app/mx/durango/pueblo-nuevo/la-cumbre-de-sarcillos
34965,La Flor,Ranchería,Pueblo Nuevo,Durango,,Rural,https://postali.app/mx/durango/pueblo-nuevo/la-flor
34965,La Laguna [De Lajas],Ranchería,Pueblo Nuevo,Durango,,Rural,https://postali.app/mx/durango/pueblo-nuevo/la-laguna-de-lajas
34965,La Unión (La Pera),Ranchería,Pueblo Nuevo,Durango,,Rural,https://postali.app/mx/durango/pueblo-nuevo/la-union-la-pera
34965,La Ventana [De Sarcillos],Ranchería,Pueblo Nuevo,Durango,,Rural,https://postali.app/mx/durango/pueblo-nuevo/la-ventana-de-sarcillos
34965,La Ventana [De Tierras Coloradas],Pueblo,Pueblo Nuevo,Durango,,Rural,https://postali.app/mx/durango/pueblo-nuevo/la-ventana-de-tierras-coloradas
34965,Las Latas,Ranchería,Pueblo Nuevo,Durango,,Rural,https://postali.app/mx/durango/pueblo-nuevo/las-latas
34965,Las Murallas,Ranchería,Pueblo Nuevo,Durango,,Rural,https://postali.app/mx/durango/pueblo-nuevo/las-murallas
34965,Las Pitacas,Ranchería,Pueblo Nuevo,Durango,,Rural,https://postali.app/mx/durango/pueblo-nuevo/las-pitacas
34965,Los Aguilares,Ranchería,Pueblo Nuevo,Durango,,Rural,https://postali.app/mx/durango/pueblo-nuevo/los-aguilares
34965,Los Arcos,Ranchería,Pueblo Nuevo,Durango,,Rural,https://postali.app/mx/durango/pueblo-nuevo/los-arcos
34965,Los Bules,Ranchería,Pueblo Nuevo,Durango,,Rural,https://postali.app/mx/durango/pueblo-nuevo/los-bules
34965,Los Encinos,Ranchería,Pueblo Nuevo,Durango,,Rural,https://postali.app/mx/durango/pueblo-nuevo/los-encinos
34965,Los Henequenes,Ranchería,Pueblo Nuevo,Durango,,Rural,https://postali.app/mx/durango/pueblo-nuevo/los-henequenes
34965,Los Plátanos,Ranchería,Pueblo Nuevo,Durango,,Rural,https://postali.app/mx/durango/pueblo-nuevo/los-platanos
34965,Maíz Gordo,Ranchería,Pueblo Nuevo,Durango,,Rural,https://postali.app/mx/durango/pueblo-nuevo/maiz-gordo
34965,San Antonio [De Milpillas],Ranchería,Pueblo Nuevo,Durango,,Rural,https://postali.app/mx/durango/pueblo-nuevo/san-antonio-de-milpillas
34965,Sarcillos,Ranchería,Pueblo Nuevo,Durango,,Rural,https://postali.app/mx/durango/pueblo-nuevo/sarcillos
34965,Tierras Coloradas [De Maíz Gordo],Ranchería,Pueblo Nuevo,Durango,,Rural,https://postali.app/mx/durango/pueblo-nuevo/tierras-coloradas-de-maiz-gordo
34966,Agua Verde,Ranchería,Pueblo Nuevo,Durango,,Rural,https://postali.app/mx/durango/pueblo-nuevo/agua-verde
34966,Balontita,Ranchería,Pueblo Nuevo,Durango,,Rural,https://postali.app/mx/durango/pueblo-nuevo/balontita
34966,Camarones,Ranchería,Pueblo Nuevo,Durango,,Rural,https://postali.app/mx/durango/pueblo-nuevo/camarones
34966,Campamento Chiqueros,Ranchería,Pueblo Nuevo,Durango,,Rural,https://postali.app/mx/durango/pueblo-nuevo/campamento-chiqueros
34966,Cobortita,Ranchería,Pueblo Nuevo,Durango,,Rural,https://postali.app/mx/durango/pueblo-nuevo/cobortita
34966,Corral de Piedra,Ranchería,Pueblo Nuevo,Durango,,Rural,https://postali.app/mx/durango/pueblo-nuevo/corral-de-piedra
34966,Cueva Rasposa,Ranchería,Pueblo Nuevo,Durango,,Rural,https://postali.app/mx/durango/pueblo-nuevo/cueva-rasposa
34966,El Aguacate,Ranchería,Pueblo Nuevo,Durango,,Rural,https://postali.app/mx/durango/pueblo-nuevo/el-aguacate
34966,El Caracol,Ranchería,Pueblo Nuevo,Durango,,Rural,https://postali.app/mx/durango/pueblo-nuevo/el-caracol
34966,El Carrizo [De Lajas],Ranchería,Pueblo Nuevo,Durango,,Rural,https://postali.app/mx/durango/pueblo-nuevo/el-carrizo-de-lajas
34966,El Desmonte [De Calaveras],Ranchería,Pueblo Nuevo,Durango,,Rural,https://postali.app/mx/durango/pueblo-nuevo/el-desmonte-de-calaveras
34966,El Huizache de Lajas,Ranchería,Pueblo Nuevo,Durango,,Rural,https://postali.app/mx/durango/pueblo-nuevo/el-huizache-de-lajas
34966,El Jocuistle Amarillo,Ranchería,Pueblo Nuevo,Durango,,Rural,https://postali.app/mx/durango/pueblo-nuevo/el-jocuistle-amarillo
34966,El Masparillo,Ranchería,Pueblo Nuevo,Durango,,Rural,https://postali.app/mx/durango/pueblo-nuevo/el-masparillo
34966,El Saucito [De Lajas],Ranchería,Pueblo Nuevo,Durango,,Rural,https://postali.app/mx/durango/pueblo-nuevo/el-saucito-de-lajas
34966,El Terrero [De Lajas],Ranchería,Pueblo Nuevo,Durango,,Rural,https://postali.app/mx/durango/pueblo-nuevo/el-terrero-de-lajas
34966,El Tuche,Ranchería,Pueblo Nuevo,Durango,,Rural,https://postali.app/mx/durango/pueblo-nuevo/el-tuche
34966,El Tunal,Ranchería,Pueblo Nuevo,Durango,,Rural,https://postali.app/mx/durango/pueblo-nuevo/el-tunal
34966,El Verano,Ranchería,Pueblo Nuevo,Durango,,Rural,https://postali.app/mx/durango/pueblo-nuevo/el-verano
34966,La Ciénega [De Lajas],Ranchería,Pueblo Nuevo,Durango,,Rural,https://postali.app/mx/durango/pueblo-nuevo/la-cienega-de-lajas
34966,La Cruz de Lajas,Ranchería,Pueblo Nuevo,Durango,,Rural,https://postali.app/mx/durango/pueblo-nuevo/la-cruz-de-lajas
34966,La Guacamaya,Ranchería,Pueblo Nuevo,Durango,,Rural,https://postali.app/mx/durango/pueblo-nuevo/la-guacamaya
34966,La Laguna [De Yerbabuena de Milpillas],Ranchería,Pueblo Nuevo,Durango,,Rural,https://postali.app/mx/durango/pueblo-nuevo/la-laguna-de-yerbabuena-de-milpillas
34966,La Laguna de Coyotes,Ranchería,Pueblo Nuevo,Durango,,Rural,https://postali.app/mx/durango/pueblo-nuevo/la-laguna-de-coyotes
34966,La Lagunita (La Joya),Ranchería,Pueblo Nuevo,Durango,,Rural,https://postali.app/mx/durango/pueblo-nuevo/la-lagunita-la-joya
34966,La Vaca,Ranchería,Pueblo Nuevo,Durango,,Rural,https://postali.app/mx/durango/pueblo-nuevo/la-vaca
34966,La Vinata,Ranchería,Pueblo Nuevo,Durango,,Rural,https://postali.app/mx/durango/pueblo-nuevo/la-vinata
34966,La Yerbabuena [De Balontita],Ranchería,Pueblo Nuevo,Durango,,Rural,https://postali.app/mx/durango/pueblo-nuevo/la-yerbabuena-de-balontita
34966,Las Cañas,Ranchería,Pueblo Nuevo,Durango,,Rural,https://postali.app/mx/durango/pueblo-nuevo/las-canas
34966,Las Moras (De Balontita),Ranchería,Pueblo Nuevo,Durango,,Rural,https://postali.app/mx/durango/pueblo-nuevo/las-moras-de-balontita
34966,Los Aguacates,Ranchería,Pueblo Nuevo,Durango,,Rural,https://postali.app/mx/durango/pueblo-nuevo/los-aguacates
34966,Los Bagres,Ranchería,Pueblo Nuevo,Durango,,Rural,https://postali.app/mx/durango/pueblo-nuevo/los-bagres
34966,Peñasco Blanco 1 (Las Pilas),Ranchería,Pueblo Nuevo,Durango,,Rural,https://postali.app/mx/durango/pueblo-nuevo/penasco-blanco-1-las-pilas
34966,Peñasco Redondo,Ranchería,Pueblo Nuevo,Durango,,Rural,https://postali.app/mx/durango/pueblo-nuevo/penasco-redondo
34966,Piedra Gacha,Ranchería,Pueblo Nuevo,Durango,,Rural,https://postali.app/mx/durango/pueblo-nuevo/piedra-gacha
34966,San Francisco de Lajas (Lajas),Ranchería,Pueblo Nuevo,Durango,,Rural,https://postali.app/mx/durango/pueblo-nuevo/san-francisco-de-lajas-lajas
34966,Tierra Blanca [De Calaveras],Ranchería,Pueblo Nuevo,Durango,,Rural,https://postali.app/mx/durango/pueblo-nuevo/tierra-blanca-de-calaveras
34967,Agua Caliente,Ranchería,Pueblo Nuevo,Durango,,Rural,https://postali.app/mx/durango/pueblo-nuevo/agua-caliente
34967,Calaveras,Ranchería,Pueblo Nuevo,Durango,,Rural,https://postali.app/mx/durango/pueblo-nuevo/calaveras
34967,Cerro Blanco [De las Negras],Ranchería,Pueblo Nuevo,Durango,,Rural,https://postali.app/mx/durango/pueblo-nuevo/cerro-blanco-de-las-negras
34967,Clavellinitas,Ranchería,Pueblo Nuevo,Durango,,Rural,https://postali.app/mx/durango/pueblo-nuevo/clavellinitas
34967,Cofradía,Ranchería,Pueblo Nuevo,Durango,,Rural,https://postali.app/mx/durango/pueblo-nuevo/cofradia
34967,El Asoleadero,Ranchería,Pueblo Nuevo,Durango,,Rural,https://postali.app/mx/durango/pueblo-nuevo/el-asoleadero
34967,El Carrizo [Anexo a Pueblo Nuevo],Ranchería,Pueblo Nuevo,Durango,,Rural,https://postali.app/mx/durango/pueblo-nuevo/el-carrizo-anexo-a-pueblo-nuevo
34967,El Carrizo [De los Ángeles],Ranchería,Pueblo Nuevo,Durango,,Rural,https://postali.app/mx/durango/pueblo-nuevo/el-carrizo-de-los-angeles
34967,El Carrizo [Del Jocuixtle],Ranchería,Pueblo Nuevo,Durango,,Rural,https://postali.app/mx/durango/pueblo-nuevo/el-carrizo-del-jocuixtle
34967,El Chorreado,Ranchería,Pueblo Nuevo,Durango,,Rural,https://postali.app/mx/durango/pueblo-nuevo/el-chorreado
34967,El Coco,Ranchería,Pueblo Nuevo,Durango,,Rural,https://postali.app/mx/durango/pueblo-nuevo/el-coco
34967,El Durazno [De los Ángeles],Ranchería,Pueblo Nuevo,Durango,,Rural,https://postali.app/mx/durango/pueblo-nuevo/el-durazno-de-los-angeles
34967,El Encinal (Tres Encinos),Ranchería,Pueblo Nuevo,Durango,,Rural,https://postali.app/mx/durango/pueblo-nuevo/el-encinal-tres-encinos
34967,El Gallito,Ranchería,Pueblo Nuevo,Durango,,Rural,https://postali.app/mx/durango/pueblo-nuevo/el-gallito
34967,El Gallo,Ranchería,Pueblo Nuevo,Durango,,Rural,https://postali.app/mx/durango/pueblo-nuevo/el-gallo
34967,El Guayabal,Ranchería,Pueblo Nuevo,Durango,,Rural,https://postali.app/mx/durango/pueblo-nuevo/el-guayabal
34967,El Habal,Ranchería,Pueblo Nuevo,Durango,,Rural,https://postali.app/mx/durango/pueblo-nuevo/el-habal
34967,El Huizachal,Ranchería,Pueblo Nuevo,Durango,,Rural,https://postali.app/mx/durango/pueblo-nuevo/el-huizachal
34967,El Jocuixtle,Ranchería,Pueblo Nuevo,Durango,,Rural,https://postali.app/mx/durango/pueblo-nuevo/el-jocuixtle
34967,El Maguey (De los Naranjos),Ranchería,Pueblo Nuevo,Durango,,Rural,https://postali.app/mx/durango/pueblo-nuevo/el-maguey-de-los-naranjos
34967,El Maguey [Del Jocuixtle],Ranchería,Pueblo Nuevo,Durango,,Rural,https://postali.app/mx/durango/pueblo-nuevo/el-maguey-del-jocuixtle
34967,El Naranjito [Del Jocuixtle],Ranchería,Pueblo Nuevo,Durango,,Rural,https://postali.app/mx/durango/pueblo-nuevo/el-naranjito-del-jocuixtle
34967,El Ojo de Agua [De Agua Caliente],Ranchería,Pueblo Nuevo,Durango,,Rural,https://postali.app/mx/durango/pueblo-nuevo/el-ojo-de-agua-de-agua-caliente
34967,El Ojo de Agua [De Laguna de Tortugas],Ranchería,Pueblo Nuevo,Durango,,Rural,https://postali.app/mx/durango/pueblo-nuevo/el-ojo-de-agua-de-laguna-de-tortugas
34967,El Oro Fino,Ranchería,Pueblo Nuevo,Durango,,Rural,https://postali.app/mx/durango/pueblo-nuevo/el-oro-fino
34967,El Pinal (De los Naranjos),Ranchería,Pueblo Nuevo,Durango,,Rural,https://postali.app/mx/durango/pueblo-nuevo/el-pinal-de-los-naranjos
34967,El Pinal [De las Negras],Ranchería,Pueblo Nuevo,Durango,,Rural,https://postali.app/mx/durango/pueblo-nuevo/el-pinal-de-las-negras
34967,El Pinalito,Ranchería,Pueblo Nuevo,Durango,,Rural,https://postali.app/mx/durango/pueblo-nuevo/el-pinalito
34967,El Platanito,Ranchería,Pueblo Nuevo,Durango,,Rural,https://postali.app/mx/durango/pueblo-nuevo/el-platanito
34967,El Zapotillo,Ranchería,Pueblo Nuevo,Durango,,Rural,https://postali.app/mx/durango/pueblo-nuevo/el-zapotillo
34967,La Angostura,Ranchería,Pueblo Nuevo,Durango,,Rural,https://postali.app/mx/durango/pueblo-nuevo/la-angostura
34967,La Calera [De los Ángeles],Ranchería,Pueblo Nuevo,Durango,,Rural,https://postali.app/mx/durango/pueblo-nuevo/la-calera-de-los-angeles
34967,La Colorada,Ranchería,Pueblo Nuevo,Durango,,Rural,https://postali.app/mx/durango/pueblo-nuevo/la-colorada
34967,La Escondida [De Calaveras],Ranchería,Pueblo Nuevo,Durango,,Rural,https://postali.app/mx/durango/pueblo-nuevo/la-escondida-de-calaveras
34967,La Lajita,Ranchería,Pueblo Nuevo,Durango,,Rural,https://postali.app/mx/durango/pueblo-nuevo/la-lajita
34967,La Lluvia de Oro,Ranchería,Pueblo Nuevo,Durango,,Rural,https://postali.app/mx/durango/pueblo-nuevo/la-lluvia-de-oro
34967,La Mesa [De los Ángeles],Ranchería,Pueblo Nuevo,Durango,,Rural,https://postali.app/mx/durango/pueblo-nuevo/la-mesa-de-los-angeles
34967,La Mesa de la Sierrita,Ranchería,Pueblo Nuevo,Durango,,Rural,https://postali.app/mx/durango/pueblo-nuevo/la-mesa-de-la-sierrita
34967,La Sierrita (El Toril),Ranchería,Pueblo Nuevo,Durango,,Rural,https://postali.app/mx/durango/pueblo-nuevo/la-sierrita-el-toril
34967,La Vuelta,Ranchería,Pueblo Nuevo,Durango,,Rural,https://postali.app/mx/durango/pueblo-nuevo/la-vuelta
34967,La Yerbabuena [De las Negras],Ranchería,Pueblo Nuevo,Durango,,Rural,https://postali.app/mx/durango/pueblo-nuevo/la-yerbabuena-de-las-negras
34967,Laguna de Tortugas,Ranchería,Pueblo Nuevo,Durango,,Rural,https://postali.app/mx/durango/pueblo-nuevo/laguna-de-tortugas
34967,Las Higueras [De los Naranjos],Ranchería,Pueblo Nuevo,Durango,,Rural,https://postali.app/mx/durango/pueblo-nuevo/las-higueras-de-los-naranjos
34967,Las Mesitas,Ranchería,Pueblo Nuevo,Durango,,Rural,https://postali.app/mx/durango/pueblo-nuevo/las-mesitas
34967,Las Negras,Ranchería,Pueblo Nuevo,Durango,,Rural,https://postali.app/mx/durango/pueblo-nuevo/las-negras
34967,Llano Parejo,Ranchería,Pueblo Nuevo,Durango,,Rural,https://postali.app/mx/durango/pueblo-nuevo/llano-parejo
34967,Los Brotos,Ranchería,Pueblo Nuevo,Durango,,Rural,https://postali.app/mx/durango/pueblo-nuevo/los-brotos
34967,Los Chirimoyos,Ranchería,Pueblo Nuevo,Durango,,Rural,https://postali.app/mx/durango/pueblo-nuevo/los-chirimoyos
34967,Los Laureles [De los Naranjos],Ranchería,Pueblo Nuevo,Durango,,Rural,https://postali.app/mx/durango/pueblo-nuevo/los-laureles-de-los-naranjos
34967,Los Limones [De los Naranjos],Ranchería,Pueblo Nuevo,Durango,,Rural,https://postali.app/mx/durango/pueblo-nuevo/los-limones-de-los-naranjos
34967,Los Naranjos,Ranchería,Pueblo Nuevo,Durango,,Rural,https://postali.app/mx/durango/pueblo-nuevo/los-naranjos
34967,Los Tepalcates,Ranchería,Pueblo Nuevo,Durango,,Rural,https://postali.app/mx/durango/pueblo-nuevo/los-tepalcates
34967,Los Ángeles,Ranchería,Pueblo Nuevo,Durango,,Rural,https://postali.app/mx/durango/pueblo-nuevo/los-angeles
34967,Rincón de Agua Caliente,Ranchería,Pueblo Nuevo,Durango,,Rural,https://postali.app/mx/durango/pueblo-nuevo/rincon-de-agua-caliente
34967,San Nicolás,Ranchería,Pueblo Nuevo,Durango,,Rural,https://postali.app/mx/durango/pueblo-nuevo/san-nicolas
34967,San Patricio [De los Naranjos],Ranchería,Pueblo Nuevo,Durango,,Rural,https://postali.app/mx/durango/pueblo-nuevo/san-patricio-de-los-naranjos
34968,Agua Zarca [De Chomonques],Ranchería,Pueblo Nuevo,Durango,,Rural,https://postali.app/mx/durango/pueblo-nuevo/agua-zarca-de-chomonques
34968,Cerro Colorado,Ranchería,Pueblo Nuevo,Durango,,Rural,https://postali.app/mx/durango/pueblo-nuevo/cerro-colorado
34968,Chavarría del Campamento,Ranchería,Pueblo Nuevo,Durango,,Rural,https://postali.app/mx/durango/pueblo-nuevo/chavarria-del-campamento
34968,El Arrayán,Ranchería,Pueblo Nuevo,Durango,,Rural,https://postali.app/mx/durango/pueblo-nuevo/el-arrayan
34968,El Campamento,Ranchería,Pueblo Nuevo,Durango,,Rural,https://postali.app/mx/durango/pueblo-nuevo/el-campamento
34968,El Carrizo [De la Mesa de San Pedro],Ranchería,Pueblo Nuevo,Durango,,Rural,https://postali.app/mx/durango/pueblo-nuevo/el-carrizo-de-la-mesa-de-san-pedro
34968,El Cóscate,Ranchería,Pueblo Nuevo,Durango,,Rural,https://postali.app/mx/durango/pueblo-nuevo/el-coscate
34968,El Encinal [De la Escondida],Ranchería,Pueblo Nuevo,Durango,,Rural,https://postali.app/mx/durango/pueblo-nuevo/el-encinal-de-la-escondida
34968,El Encinal de los González,Ranchería,Pueblo Nuevo,Durango,,Rural,https://postali.app/mx/durango/pueblo-nuevo/el-encinal-de-los-gonzalez
34968,El Güinacastle,Ranchería,Pueblo Nuevo,Durango,,Rural,https://postali.app/mx/durango/pueblo-nuevo/el-guinacastle
34968,El Molino,Ranchería,Pueblo Nuevo,Durango,,Rural,https://postali.app/mx/durango/pueblo-nuevo/el-molino
34968,El Naranjito [Del Campamento],Ranchería,Pueblo Nuevo,Durango,,Rural,https://postali.app/mx/durango/pueblo-nuevo/el-naranjito-del-campamento
34968,El Ojo de Agua [Del Molino],Ranchería,Pueblo Nuevo,Durango,,Rural,https://postali.app/mx/durango/pueblo-nuevo/el-ojo-de-agua-del-molino
34968,El Palmar,Ranchería,Pueblo Nuevo,Durango,,Rural,https://postali.app/mx/durango/pueblo-nuevo/el-palmar
34968,El Parejo,Ranchería,Pueblo Nuevo,Durango,,Rural,https://postali.app/mx/durango/pueblo-nuevo/el-parejo
34968,El Pinal [Del Campamento],Ejido,Pueblo Nuevo,Durango,,Rural,https://postali.app/mx/durango/pueblo-nuevo/el-pinal-del-campamento
34968,El Puerto de las Ardillas,Ranchería,Pueblo Nuevo,Durango,,Rural,https://postali.app/mx/durango/pueblo-nuevo/el-puerto-de-las-ardillas
34968,El Tastito,Ranchería,Pueblo Nuevo,Durango,,Rural,https://postali.app/mx/durango/pueblo-nuevo/el-tastito
34968,El Vainillo,Ranchería,Pueblo Nuevo,Durango,,Rural,https://postali.app/mx/durango/pueblo-nuevo/el-vainillo
34968,El Zacatal,Ranchería,Pueblo Nuevo,Durango,,Rural,https://postali.app/mx/durango/pueblo-nuevo/el-zacatal
34968,El Zapote [Del Campamento],Ranchería,Pueblo Nuevo,Durango,,Rural,https://postali.app/mx/durango/pueblo-nuevo/el-zapote-del-campamento
34968,La Escondida [De la Mesa de San Pedro],Ranchería,Pueblo Nuevo,Durango,,Rural,https://postali.app/mx/durango/pueblo-nuevo/la-escondida-de-la-mesa-de-san-pedro
34968,La Formación,Ranchería,Pueblo Nuevo,Durango,,Rural,https://postali.app/mx/durango/pueblo-nuevo/la-formacion
34968,La Joya [De la Puerta],Ranchería,Pueblo Nuevo,Durango,,Rural,https://postali.app/mx/durango/pueblo-nuevo/la-joya-de-la-puerta
34968,La Laguna [De la Puerta],Ranchería,Pueblo Nuevo,Durango,,Rural,https://postali.app/mx/durango/pueblo-nuevo/la-laguna-de-la-puerta
34968,La Lagunita [De Cerro Prieto],Ranchería,Pueblo Nuevo,Durango,,Rural,https://postali.app/mx/durango/pueblo-nuevo/la-lagunita-de-cerro-prieto
34968,La Liendrilla,Ranchería,Pueblo Nuevo,Durango,,Rural,https://postali.app/mx/durango/pueblo-nuevo/la-liendrilla
34968,La Palma,Ranchería,Pueblo Nuevo,Durango,,Rural,https://postali.app/mx/durango/pueblo-nuevo/la-palma
34968,La Puerta del Gallo,Ranchería,Pueblo Nuevo,Durango,,Rural,https://postali.app/mx/durango/pueblo-nuevo/la-puerta-del-gallo
34968,La Puertita,Ranchería,Pueblo Nuevo,Durango,,Rural,https://postali.app/mx/durango/pueblo-nuevo/la-puertita
34968,La Sierrita,Ranchería,Pueblo Nuevo,Durango,,Rural,https://postali.app/mx/durango/pueblo-nuevo/la-sierrita
34968,La Vinata del Cerro Prieto,Ranchería,Pueblo Nuevo,Durango,,Rural,https://postali.app/mx/durango/pueblo-nuevo/la-vinata-del-cerro-prieto
34968,La Yerbabuena y Anexos,Ranchería,Pueblo Nuevo,Durango,,Rural,https://postali.app/mx/durango/pueblo-nuevo/la-yerbabuena-y-anexos
34968,Las Labores,Ranchería,Pueblo Nuevo,Durango,,Rural,https://postali.app/mx/durango/pueblo-nuevo/las-labores
34968,Las Lagunas,Ranchería,Pueblo Nuevo,Durango,,Rural,https://postali.app/mx/durango/pueblo-nuevo/las-lagunas
34968,Los Cedros,Ranchería,Pueblo Nuevo,Durango,,Rural,https://postali.app/mx/durango/pueblo-nuevo/los-cedros
34968,Los Cerritos,Ranchería,Pueblo Nuevo,Durango,,Rural,https://postali.app/mx/durango/pueblo-nuevo/los-cerritos
34968,Los Fresnos,Ranchería,Pueblo Nuevo,Durango,,Rural,https://postali.app/mx/durango/pueblo-nuevo/los-fresnos
34968,Los Guayabos,Ranchería,Pueblo Nuevo,Durango,,Rural,https://postali.app/mx/durango/pueblo-nuevo/los-guayabos
34968,Los Mangles,Ranchería,Pueblo Nuevo,Durango,,Rural,https://postali.app/mx/durango/pueblo-nuevo/los-mangles
34968,Los Mangos,Ranchería,Pueblo Nuevo,Durango,,Rural,https://postali.app/mx/durango/pueblo-nuevo/los-mangos
34968,Los Mimbres [De la Mesa de San Pedro],Ranchería,Pueblo Nuevo,Durango,,Rural,https://postali.app/mx/durango/pueblo-nuevo/los-mimbres-de-la-mesa-de-san-pedro
34968,Los Ojos de Agua,Ranchería,Pueblo Nuevo,Durango,,Rural,https://postali.app/mx/durango/pueblo-nuevo/los-ojos-de-agua
34968,Los Otates (Arroyo Colorado),Ranchería,Pueblo Nuevo,Durango,,Rural,https://postali.app/mx/durango/pueblo-nuevo/los-otates-arroyo-colorado
34968,Los Pericos,Ranchería,Pueblo Nuevo,Durango,,Rural,https://postali.app/mx/durango/pueblo-nuevo/los-pericos
34968,Mesa de San Pedro,Ranchería,Pueblo Nuevo,Durango,,Rural,https://postali.app/mx/durango/pueblo-nuevo/mesa-de-san-pedro
34968,Providencia,Ranchería,Pueblo Nuevo,Durango,,Rural,https://postali.app/mx/durango/pueblo-nuevo/providencia
34968,Quebrada del Campamento,Ranchería,Pueblo Nuevo,Durango,,Rural,https://postali.app/mx/durango/pueblo-nuevo/quebrada-del-campamento
34968,Rancho los Mancinas (Chomonques),Ranchería,Pueblo Nuevo,Durango,,Rural,https://postali.app/mx/durango/pueblo-nuevo/rancho-los-mancinas-chomonques
34968,San Antonio de Ánimas,Ranchería,Pueblo Nuevo,Durango,,Rural,https://postali.app/mx/durango/pueblo-nuevo/san-antonio-de-animas
34968,San Bartolo,Ranchería,Pueblo Nuevo,Durango,,Rural,https://postali.app/mx/durango/pueblo-nuevo/san-bartolo
34968,Tierra Blanca [De la Mesa de San Pedro],Rancho,Pueblo Nuevo,Durango,,Rural,https://postali.app/mx/durango/pueblo-nuevo/tierra-blanca-de-la-mesa-de-san-pedro
34970,San Francisco del Mezquital,Pueblo,Mezquital,Durango,,Urbano,https://postali.app/mx/durango/mezquital/san-francisco-del-mezquital
34973,Arrieros,Ejido,Mezquital,Durango,,Rural,https://postali.app/mx/durango/mezquital/arrieros
34973,Chachacuaxtle,Ranchería,Mezquital,Durango,,Rural,https://postali.app/mx/durango/mezquital/chachacuaxtle
34973,El Pintonte,Ranchería,Mezquital,Durango,,Rural,https://postali.app/mx/durango/mezquital/el-pintonte
34973,El Refugio,Pueblo,Mezquital,Durango,,Rural,https://postali.app/mx/durango/mezquital/el-refugio
34973,Góngora,Ranchería,Mezquital,Durango,,Rural,https://postali.app/mx/durango/mezquital/gongora
34973,La Culata,Ranchería,Mezquital,Durango,,Rural,https://postali.app/mx/durango/mezquital/la-culata
34973,La Esperanza,Ranchería,Mezquital,Durango,,Rural,https://postali.app/mx/durango/mezquital/la-esperanza
34973,La Joya de Atotonilco (Atotonilco),Ranchería,Mezquital,Durango,,Rural,https://postali.app/mx/durango/mezquital/la-joya-de-atotonilco-atotonilco
34973,La Tinaja,Ranchería,Mezquital,Durango,,Rural,https://postali.app/mx/durango/mezquital/la-tinaja
34973,La Tinajita,Ranchería,Mezquital,Durango,,Rural,https://postali.app/mx/durango/mezquital/la-tinajita
34973,Las Palmas,Ranchería,Mezquital,Durango,,Rural,https://postali.app/mx/durango/mezquital/las-palmas
34973,Las Presas,Ranchería,Mezquital,Durango,,Rural,https://postali.app/mx/durango/mezquital/las-presas
34973,Los Alacranes,Ranchería,Mezquital,Durango,,Rural,https://postali.app/mx/durango/mezquital/los-alacranes
34973,Los Pinitos,Ranchería,Mezquital,Durango,,Rural,https://postali.app/mx/durango/mezquital/los-pinitos
34973,María Brígida,Ranchería,Mezquital,Durango,,Rural,https://postali.app/mx/durango/mezquital/maria-brigida
34973,Oasis Acatita,Ejido,Mezquital,Durango,,Rural,https://postali.app/mx/durango/mezquital/oasis-acatita
34973,Ojito Colorado,Ranchería,Mezquital,Durango,,Rural,https://postali.app/mx/durango/mezquital/ojito-colorado
34973,Ojitos de Orizaba,Ranchería,Mezquital,Durango,,Rural,https://postali.app/mx/durango/mezquital/ojitos-de-orizaba
34973,Paura,Ranchería,Mezquital,Durango,,Rural,https://postali.app/mx/durango/mezquital/paura
34973,San Antonio de los Órganos (Las Atargeas),Ranchería,Mezquital,Durango,,Rural,https://postali.app/mx/durango/mezquital/san-antonio-de-los-organos-las-atargeas
34973,San Gerónimo,Ranchería,Mezquital,Durango,,Rural,https://postali.app/mx/durango/mezquital/san-geronimo
34973,San José de García (El Quemado),Ranchería,Mezquital,Durango,,Rural,https://postali.app/mx/durango/mezquital/san-jose-de-garcia-el-quemado
34973,San José del Ranchito (El Ranchito),Ranchería,Mezquital,Durango,,Rural,https://postali.app/mx/durango/mezquital/san-jose-del-ranchito-el-ranchito
34973,Santa Elenita,Ranchería,Mezquital,Durango,,Rural,https://postali.app/mx/durango/mezquital/santa-elenita
34973,Santa Gertrudis,Ranchería,Mezquital,Durango,,Rural,https://postali.app/mx/durango/mezquital/santa-gertrudis
34973,Santa Mónica,Ranchería,Mezquital,Durango,,Rural,https://postali.app/mx/durango/mezquital/santa-monica
34973,Santo Niño,Ranchería,Mezquital,Durango,,Rural,https://postali.app/mx/durango/mezquital/santo-nino
34973,Sardinas,Ranchería,Mezquital,Durango,,Rural,https://postali.app/mx/durango/mezquital/sardinas
34973,Siete Hermanos (El Frío),Ranchería,Mezquital,Durango,,Rural,https://postali.app/mx/durango/mezquital/siete-hermanos-el-frio
34973,Tortuguillas,Ranchería,Mezquital,Durango,,Rural,https://postali.app/mx/durango/mezquital/tortuguillas
34974,Agostadero el Coyote,Ejido,Mezquital,Durango,,Rural,https://postali.app/mx/durango/mezquital/agostadero-el-coyote
34974,Agua Caliente,Ejido,Mezquital,Durango,,Rural,https://postali.app/mx/durango/mezquital/agua-caliente
34974,Cardosanto,Ranchería,Mezquital,Durango,,Rural,https://postali.app/mx/durango/mezquital/cardosanto
34974,El Agua Caliente,Ranchería,Mezquital,Durango,,Rural,https://postali.app/mx/durango/mezquital/el-agua-caliente
34974,El Apago,Ranchería,Mezquital,Durango,,Rural,https://postali.app/mx/durango/mezquital/el-apago
34974,El Coleadero,Ranchería,Mezquital,Durango,,Rural,https://postali.app/mx/durango/mezquital/el-coleadero
34974,El Convento,Ranchería,Mezquital,Durango,,Rural,https://postali.app/mx/durango/mezquital/el-convento
34974,El Cortador,Ranchería,Mezquital,Durango,,Rural,https://postali.app/mx/durango/mezquital/el-cortador
34974,El Descanso,Ranchería,Mezquital,Durango,,Rural,https://postali.app/mx/durango/mezquital/el-descanso
34974,El Limón,Ranchería,Mezquital,Durango,,Rural,https://postali.app/mx/durango/mezquital/el-limon
34974,El Llanito,Ranchería,Mezquital,Durango,,Rural,https://postali.app/mx/durango/mezquital/el-llanito
34974,El Polvorín,Ranchería,Mezquital,Durango,,Rural,https://postali.app/mx/durango/mezquital/el-polvorin
34974,El Salitre,Ranchería,Mezquital,Durango,,Rural,https://postali.app/mx/durango/mezquital/el-salitre
34974,El Silvancito,Ranchería,Mezquital,Durango,,Rural,https://postali.app/mx/durango/mezquital/el-silvancito
34974,El Troncón,Ranchería,Mezquital,Durango,,Rural,https://postali.app/mx/durango/mezquital/el-troncon
34974,El Yaqui,Ranchería,Mezquital,Durango,,Rural,https://postali.app/mx/durango/mezquital/el-yaqui
34974,Jaripa de Arriba,Ranchería,Mezquital,Durango,,Rural,https://postali.app/mx/durango/mezquital/jaripa-de-arriba
34974,La Cocona,Ranchería,Mezquital,Durango,,Rural,https://postali.app/mx/durango/mezquital/la-cocona
34974,La Laja,Ranchería,Mezquital,Durango,,Rural,https://postali.app/mx/durango/mezquital/la-laja
34974,La Leonera,Ranchería,Mezquital,Durango,,Rural,https://postali.app/mx/durango/mezquital/la-leonera
34974,La Mesa de las Escobas,Ranchería,Mezquital,Durango,,Rural,https://postali.app/mx/durango/mezquital/la-mesa-de-las-escobas
34974,La Presa,Ranchería,Mezquital,Durango,,Rural,https://postali.app/mx/durango/mezquital/la-presa
34974,La Tijera,Ranchería,Mezquital,Durango,,Rural,https://postali.app/mx/durango/mezquital/la-tijera
34974,La Tinaja,Ranchería,Mezquital,Durango,,Rural,https://postali.app/mx/durango/mezquital/la-tinaja-34974
34974,Las Boticas,Ranchería,Mezquital,Durango,,Rural,https://postali.app/mx/durango/mezquital/las-boticas
34974,Las Milpas,Ranchería,Mezquital,Durango,,Rural,https://postali.app/mx/durango/mezquital/las-milpas
34974,Los Alisos,Ranchería,Mezquital,Durango,,Rural,https://postali.app/mx/durango/mezquital/los-alisos
34974,Los Amoles,Ranchería,Mezquital,Durango,,Rural,https://postali.app/mx/durango/mezquital/los-amoles
34974,Mesa de la Madera,Ranchería,Mezquital,Durango,,Rural,https://postali.app/mx/durango/mezquital/mesa-de-la-madera
34974,Mesa del Burro,Ranchería,Mezquital,Durango,,Rural,https://postali.app/mx/durango/mezquital/mesa-del-burro
34974,Morga,Ranchería,Mezquital,Durango,,Rural,https://postali.app/mx/durango/mezquital/morga
34974,Santa Elena del Río,Ranchería,Mezquital,Durango,,Rural,https://postali.app/mx/durango/mezquital/santa-elena-del-rio
34974,Sotoles,Ranchería,Mezquital,Durango,,Rural,https://postali.app/mx/durango/mezquital/sotoles
34974,Soyates,Ranchería,Mezquital,Durango,,Rural,https://postali.app/mx/durango/mezquital/soyates
34975,El Chino,Ranchería,Mezquital,Durango,,Rural,https://postali.app/mx/durango/mezquital/el-chino
34975,El Rosario,Ranchería,Mezquital,Durango,,Rural,https://postali.app/mx/durango/mezquital/el-rosario
34975,La Amapola,Ranchería,Mezquital,Durango,,Rural,https://postali.app/mx/durango/mezquital/la-amapola
34975,La Guacamayita,Ranchería,Mezquital,Durango,,Rural,https://postali.app/mx/durango/mezquital/la-guacamayita
34975,Las Bonitas,Ranchería,Mezquital,Durango,,Rural,https://postali.app/mx/durango/mezquital/las-bonitas
34975,Los Pocitos,Ranchería,Mezquital,Durango,,Rural,https://postali.app/mx/durango/mezquital/los-pocitos
34975,Pelillos,Ranchería,Mezquital,Durango,,Rural,https://postali.app/mx/durango/mezquital/pelillos
34975,San Miguel de las Espinas,Ranchería,Mezquital,Durango,,Rural,https://postali.app/mx/durango/mezquital/san-miguel-de-las-espinas
34976,Charco Largo,Ranchería,Mezquital,Durango,,Rural,https://postali.app/mx/durango/mezquital/charco-largo
34976,Cuesta Blanca (Agüita Escondida),Ranchería,Mezquital,Durango,,Rural,https://postali.app/mx/durango/mezquital/cuesta-blanca-aguita-escondida
34976,El Chapotito,Ranchería,Mezquital,Durango,,Rural,https://postali.app/mx/durango/mezquital/el-chapotito
34976,El Duraznito,Ranchería,Mezquital,Durango,,Rural,https://postali.app/mx/durango/mezquital/el-duraznito
34976,El Llano,Ranchería,Mezquital,Durango,,Rural,https://postali.app/mx/durango/mezquital/el-llano
34976,El Rincón,Ranchería,Mezquital,Durango,,Rural,https://postali.app/mx/durango/mezquital/el-rincon
34976,El Venado,Ranchería,Mezquital,Durango,,Rural,https://postali.app/mx/durango/mezquital/el-venado
34976,La Candelaria,Ranchería,Mezquital,Durango,,Rural,https://postali.app/mx/durango/mezquital/la-candelaria
34976,La Joya,Ranchería,Mezquital,Durango,,Rural,https://postali.app/mx/durango/mezquital/la-joya
34976,La Lagunita,Ranchería,Mezquital,Durango,,Rural,https://postali.app/mx/durango/mezquital/la-lagunita
34976,La Montoya (Ranchito de la Mesa),Ranchería,Mezquital,Durango,,Rural,https://postali.app/mx/durango/mezquital/la-montoya-ranchito-de-la-mesa
34976,La Redonda,Ranchería,Mezquital,Durango,,Rural,https://postali.app/mx/durango/mezquital/la-redonda
34976,Las Mesas de Xoconoxtle,Ranchería,Mezquital,Durango,,Rural,https://postali.app/mx/durango/mezquital/las-mesas-de-xoconoxtle
34976,Los Aguacates,Ranchería,Mezquital,Durango,,Rural,https://postali.app/mx/durango/mezquital/los-aguacates
34976,Los Escalones,Ranchería,Mezquital,Durango,,Rural,https://postali.app/mx/durango/mezquital/los-escalones
34976,Los Lobos (El Rincón),Ranchería,Mezquital,Durango,,Rural,https://postali.app/mx/durango/mezquital/los-lobos-el-rincon
34976,Los Robles,Ranchería,Mezquital,Durango,,Rural,https://postali.app/mx/durango/mezquital/los-robles
34976,San Isidro,Ranchería,Mezquital,Durango,,Rural,https://postali.app/mx/durango/mezquital/san-isidro
34976,Tampico,Ranchería,Mezquital,Durango,,Rural,https://postali.app/mx/durango/mezquital/tampico
34976,Xoconoxtle,Ranchería,Mezquital,Durango,,Rural,https://postali.app/mx/durango/mezquital/xoconoxtle
34977,Agua Zarca,Ranchería,Mezquital,Durango,,Rural,https://postali.app/mx/durango/mezquital/agua-zarca
34977,Arroyo Hondo,Ejido,Mezquital,Durango,,Rural,https://postali.app/mx/durango/mezquital/arroyo-hondo
34977,Carrizos,Ranchería,Mezquital,Durango,,Rural,https://postali.app/mx/durango/mezquital/carrizos
34977,El Banquito (Las Papas),Ranchería,Mezquital,Durango,,Rural,https://postali.app/mx/durango/mezquital/el-banquito-las-papas
34977,El Carrizal,Ranchería,Mezquital,Durango,,Rural,https://postali.app/mx/durango/mezquital/el-carrizal
34977,El Cerro de la Flor,Ranchería,Mezquital,Durango,,Rural,https://postali.app/mx/durango/mezquital/el-cerro-de-la-flor
34977,El Charco Verde,Ranchería,Mezquital,Durango,,Rural,https://postali.app/mx/durango/mezquital/el-charco-verde
34977,El Duraznito,Ranchería,Mezquital,Durango,,Rural,https://postali.app/mx/durango/mezquital/el-duraznito-34977
34977,El Magueyal,Ranchería,Mezquital,Durango,,Rural,https://postali.app/mx/durango/mezquital/el-magueyal
34977,El Reventón,Ranchería,Mezquital,Durango,,Rural,https://postali.app/mx/durango/mezquital/el-reventon
34977,El Saucito,Ranchería,Mezquital,Durango,,Rural,https://postali.app/mx/durango/mezquital/el-saucito
34977,Joyas de Guamúchil,Ejido,Mezquital,Durango,,Rural,https://postali.app/mx/durango/mezquital/joyas-de-guamuchil
34977,La Buenavista,Ranchería,Mezquital,Durango,,Rural,https://postali.app/mx/durango/mezquital/la-buenavista
34977,La Chía,Ranchería,Mezquital,Durango,,Rural,https://postali.app/mx/durango/mezquital/la-chia
34977,La Cueva,Ranchería,Mezquital,Durango,,Rural,https://postali.app/mx/durango/mezquital/la-cueva
34977,La Laguna,Ranchería,Mezquital,Durango,,Rural,https://postali.app/mx/durango/mezquital/la-laguna
34977,La Mesa del Jacal,Ranchería,Mezquital,Durango,,Rural,https://postali.app/mx/durango/mezquital/la-mesa-del-jacal
34977,La Pista,Ranchería,Mezquital,Durango,,Rural,https://postali.app/mx/durango/mezquital/la-pista
34977,La Pista de San Lucas,Ranchería,Mezquital,Durango,,Rural,https://postali.app/mx/durango/mezquital/la-pista-de-san-lucas
34977,Las Coloradas,Ranchería,Mezquital,Durango,,Rural,https://postali.app/mx/durango/mezquital/las-coloradas
34977,Las Joyas,Ejido,Mezquital,Durango,,Rural,https://postali.app/mx/durango/mezquital/las-joyas
34977,Las Mesas,Ranchería,Mezquital,Durango,,Rural,https://postali.app/mx/durango/mezquital/las-mesas
34977,Las Tortugas,Ranchería,Mezquital,Durango,,Rural,https://postali.app/mx/durango/mezquital/las-tortugas
34977,Las Trementinas,Ranchería,Mezquital,Durango,,Rural,https://postali.app/mx/durango/mezquital/las-trementinas
34977,Los Capulines,Ranchería,Mezquital,Durango,,Rural,https://postali.app/mx/durango/mezquital/los-capulines
34977,Los Pedernales,Ranchería,Mezquital,Durango,,Rural,https://postali.app/mx/durango/mezquital/los-pedernales
34977,Puerto el Colorado,Ranchería,Mezquital,Durango,,Rural,https://postali.app/mx/durango/mezquital/puerto-el-colorado
34977,Puerto la Cantera,Ranchería,Mezquital,Durango,,Rural,https://postali.app/mx/durango/mezquital/puerto-la-cantera
34977,San Miguel de Temohaya,Ranchería,Mezquital,Durango,,Rural,https://postali.app/mx/durango/mezquital/san-miguel-de-temohaya
34977,Santa María Magdalena de Taxicaringa,Ranchería,Mezquital,Durango,,Rural,https://postali.app/mx/durango/mezquital/santa-maria-magdalena-de-taxicaringa
34977,Yonora,Ranchería,Mezquital,Durango,,Rural,https://postali.app/mx/durango/mezquital/yonora
34978,Agua Zarca,Ranchería,Mezquital,Durango,,Rural,https://postali.app/mx/durango/mezquital/agua-zarca-34978
34978,Arroyo de Borrados,Ejido,Mezquital,Durango,,Rural,https://postali.app/mx/durango/mezquital/arroyo-de-borrados
34978,El Manchón,Ranchería,Mezquital,Durango,,Rural,https://postali.app/mx/durango/mezquital/el-manchon
34978,El Toro,Ranchería,Mezquital,Durango,,Rural,https://postali.app/mx/durango/mezquital/el-toro
34978,Gualdrias,Ranchería,Mezquital,Durango,,Rural,https://postali.app/mx/durango/mezquital/gualdrias
34978,La Gatuña,Ranchería,Mezquital,Durango,,Rural,https://postali.app/mx/durango/mezquital/la-gatuna
34978,La Mesa de los Caballos,Ranchería,Mezquital,Durango,,Rural,https://postali.app/mx/durango/mezquital/la-mesa-de-los-caballos
34978,La Mesa del Toro,Ranchería,Mezquital,Durango,,Rural,https://postali.app/mx/durango/mezquital/la-mesa-del-toro
34978,Minas Negras,Ranchería,Mezquital,Durango,,Rural,https://postali.app/mx/durango/mezquital/minas-negras
34978,San Juan del Mezquital (San Juan),Ranchería,Mezquital,Durango,,Rural,https://postali.app/mx/durango/mezquital/san-juan-del-mezquital-san-juan
34980,Bajío de Carrizales,Ejido,Mezquital,Durango,,Rural,https://postali.app/mx/durango/mezquital/bajio-de-carrizales
34980,Catarino Solís Márquez,Ranchería,Mezquital,Durango,,Rural,https://postali.app/mx/durango/mezquital/catarino-solis-marquez
34980,Ceja de Pericos,Ranchería,Mezquital,Durango,,Rural,https://postali.app/mx/durango/mezquital/ceja-de-pericos
34980,Ceja de Toyana,Ranchería,Mezquital,Durango,,Rural,https://postali.app/mx/durango/mezquital/ceja-de-toyana
34980,Cerro Amarillo,Ranchería,Mezquital,Durango,,Rural,https://postali.app/mx/durango/mezquital/cerro-amarillo
34980,Cerro de la Vaca,Ranchería,Mezquital,Durango,,Rural,https://postali.app/mx/durango/mezquital/cerro-de-la-vaca
34980,Ciénega de los Carrizos,Ranchería,Mezquital,Durango,,Rural,https://postali.app/mx/durango/mezquital/cienega-de-los-carrizos
34980,El Agostadero,Ranchería,Mezquital,Durango,,Rural,https://postali.app/mx/durango/mezquital/el-agostadero
34980,El Alacrán,Ranchería,Mezquital,Durango,,Rural,https://postali.app/mx/durango/mezquital/el-alacran
34980,El Sombrero,Ranchería,Mezquital,Durango,,Rural,https://postali.app/mx/durango/mezquital/el-sombrero
34980,Encinos Chaparros,Ranchería,Mezquital,Durango,,Rural,https://postali.app/mx/durango/mezquital/encinos-chaparros
34980,La Ceja,Ranchería,Mezquital,Durango,,Rural,https://postali.app/mx/durango/mezquital/la-ceja
34980,La Cieneguita,Ranchería,Mezquital,Durango,,Rural,https://postali.app/mx/durango/mezquital/la-cieneguita
34980,La Guacamayita,Ranchería,Mezquital,Durango,,Rural,https://postali.app/mx/durango/mezquital/la-guacamayita-34980
34980,La Joya del Agostadero,Ranchería,Mezquital,Durango,,Rural,https://postali.app/mx/durango/mezquital/la-joya-del-agostadero
34980,La Mesa del Jabalí (Marrano Parado),Ranchería,Mezquital,Durango,,Rural,https://postali.app/mx/durango/mezquital/la-mesa-del-jabali-marrano-parado
34980,Las Astas,Ranchería,Mezquital,Durango,,Rural,https://postali.app/mx/durango/mezquital/las-astas
34980,Las Bonitas,Ranchería,Mezquital,Durango,,Rural,https://postali.app/mx/durango/mezquital/las-bonitas-34980
34980,Las Ciruelas,Ranchería,Mezquital,Durango,,Rural,https://postali.app/mx/durango/mezquital/las-ciruelas
34980,Las Colmenas,Ranchería,Mezquital,Durango,,Rural,https://postali.app/mx/durango/mezquital/las-colmenas
34980,Las Flores,Ranchería,Mezquital,Durango,,Rural,https://postali.app/mx/durango/mezquital/las-flores
34980,Las Joyitas,Ranchería,Mezquital,Durango,,Rural,https://postali.app/mx/durango/mezquital/las-joyitas
34980,Las Mesas del Bajío,Ranchería,Mezquital,Durango,,Rural,https://postali.app/mx/durango/mezquital/las-mesas-del-bajio
34980,Las Minas (Las Minitas),Ranchería,Mezquital,Durango,,Rural,https://postali.app/mx/durango/mezquital/las-minas-las-minitas
34980,Las Palomas,Rancho,Mezquital,Durango,,Rural,https://postali.app/mx/durango/mezquital/las-palomas
34980,Las Quebradas,Ranchería,Mezquital,Durango,,Rural,https://postali.app/mx/durango/mezquital/las-quebradas
34980,Las Ramadas,Ranchería,Mezquital,Durango,,Rural,https://postali.app/mx/durango/mezquital/las-ramadas
34980,Las Águilas,Ranchería,Mezquital,Durango,,Rural,https://postali.app/mx/durango/mezquital/las-aguilas
34980,Los Altos,Ranchería,Mezquital,Durango,,Rural,https://postali.app/mx/durango/mezquital/los-altos
34980,Los Altos de las Quebradas,Ranchería,Mezquital,Durango,,Rural,https://postali.app/mx/durango/mezquital/los-altos-de-las-quebradas
34980,Los Maniados,Ranchería,Mezquital,Durango,,Rural,https://postali.app/mx/durango/mezquital/los-maniados
34980,Los Marranos,Ranchería,Mezquital,Durango,,Rural,https://postali.app/mx/durango/mezquital/los-marranos
34980,Los Soyates (El Chapulín),Ranchería,Mezquital,Durango,,Rural,https://postali.app/mx/durango/mezquital/los-soyates-el-chapulin
34980,Mesa de Alamitos,Ranchería,Mezquital,Durango,,Rural,https://postali.app/mx/durango/mezquital/mesa-de-alamitos
34980,Mesa de las Nieves,Ranchería,Mezquital,Durango,,Rural,https://postali.app/mx/durango/mezquital/mesa-de-las-nieves
34980,Mesa de los Diablos,Ranchería,Mezquital,Durango,,Rural,https://postali.app/mx/durango/mezquital/mesa-de-los-diablos
34980,Mesa de Tierras Coloradas,Ranchería,Mezquital,Durango,,Rural,https://postali.app/mx/durango/mezquital/mesa-de-tierras-coloradas
34980,Mesa del Pájaro,Ranchería,Mezquital,Durango,,Rural,https://postali.app/mx/durango/mezquital/mesa-del-pajaro
34980,Mesa del Venado (Sombrero Quemado),Ranchería,Mezquital,Durango,,Rural,https://postali.app/mx/durango/mezquital/mesa-del-venado-sombrero-quemado
34980,Piedras Planas,Ranchería,Mezquital,Durango,,Rural,https://postali.app/mx/durango/mezquital/piedras-planas
34980,Pino Real de Jabalín,Ranchería,Mezquital,Durango,,Rural,https://postali.app/mx/durango/mezquital/pino-real-de-jabalin
34980,Puerto México,Ranchería,Mezquital,Durango,,Rural,https://postali.app/mx/durango/mezquital/puerto-mexico
34980,Rancho Nuevo,Ranchería,Mezquital,Durango,,Rural,https://postali.app/mx/durango/mezquital/rancho-nuevo
34980,San Lucas,Ranchería,Mezquital,Durango,,Rural,https://postali.app/mx/durango/mezquital/san-lucas
34980,Santa María de las Flores,Ranchería,Mezquital,Durango,,Rural,https://postali.app/mx/durango/mezquital/santa-maria-de-las-flores
34980,Senaido Soto,Ranchería,Mezquital,Durango,,Rural,https://postali.app/mx/durango/mezquital/senaido-soto
34980,Tepetates Colorados,Ranchería,Mezquital,Durango,,Rural,https://postali.app/mx/durango/mezquital/tepetates-colorados
34980,Tierra Blanca (Peñascos Blancos),Ranchería,Mezquital,Durango,,Rural,https://postali.app/mx/durango/mezquital/tierra-blanca-penascos-blancos
34980,Tierras Coloradas,Ranchería,Mezquital,Durango,,Rural,https://postali.app/mx/durango/mezquital/tierras-coloradas
34980,Toyana,Ranchería,Mezquital,Durango,,Rural,https://postali.app/mx/durango/mezquital/toyana
34980,Zacatecas,Ranchería,Mezquital,Durango,,Rural,https://postali.app/mx/durango/mezquital/zacatecas
34983,Agua Prieta,Ranchería,Mezquital,Durango,,Rural,https://postali.app/mx/durango/mezquital/agua-prieta
34983,Agua Prieta Chico,Ejido,Mezquital,Durango,,Rural,https://postali.app/mx/durango/mezquital/agua-prieta-chico
34983,Agua Zarca,Ejido,Mezquital,Durango,,Rural,https://postali.app/mx/durango/mezquital/agua-zarca-34983
34983,Ameca,Ejido,Mezquital,Durango,,Rural,https://postali.app/mx/durango/mezquital/ameca
34983,Arroyo del Gavilancillo,Ejido,Mezquital,Durango,,Rural,https://postali.app/mx/durango/mezquital/arroyo-del-gavilancillo
34983,Bajío del Comal,Ejido,Mezquital,Durango,,Rural,https://postali.app/mx/durango/mezquital/bajio-del-comal
34983,Bajío del Llano,Ejido,Mezquital,Durango,,Rural,https://postali.app/mx/durango/mezquital/bajio-del-llano
34983,Bajío la Cofradía,Ejido,Mezquital,Durango,,Rural,https://postali.app/mx/durango/mezquital/bajio-la-cofradia
34983,Buena Vista,Pueblo,Mezquital,Durango,,Rural,https://postali.app/mx/durango/mezquital/buena-vista
34983,Candelarita,Ranchería,Mezquital,Durango,,Rural,https://postali.app/mx/durango/mezquital/candelarita
34983,Carrizalillos,Ranchería,Mezquital,Durango,,Rural,https://postali.app/mx/durango/mezquital/carrizalillos
34983,Cerro Amarillo,Ranchería,Mezquital,Durango,,Rural,https://postali.app/mx/durango/mezquital/cerro-amarillo-34983
34983,Cerro las Palomas,Ejido,Mezquital,Durango,,Rural,https://postali.app/mx/durango/mezquital/cerro-las-palomas
34983,Cerro Verde,Ranchería,Mezquital,Durango,,Rural,https://postali.app/mx/durango/mezquital/cerro-verde
34983,Cerro Viejo,Ranchería,Mezquital,Durango,,Rural,https://postali.app/mx/durango/mezquital/cerro-viejo
34983,Cerros Juntos,Ranchería,Mezquital,Durango,,Rural,https://postali.app/mx/durango/mezquital/cerros-juntos
34983,Chachalotes,Ranchería,Mezquital,Durango,,Rural,https://postali.app/mx/durango/mezquital/chachalotes
34983,Chapotán,Ranchería,Mezquital,Durango,,Rural,https://postali.app/mx/durango/mezquital/chapotan
34983,Chilapa,Ranchería,Mezquital,Durango,,Rural,https://postali.app/mx/durango/mezquital/chilapa
34983,Clavellina,Ranchería,Mezquital,Durango,,Rural,https://postali.app/mx/durango/mezquital/clavellina
34983,Comales,Ranchería,Mezquital,Durango,,Rural,https://postali.app/mx/durango/mezquital/comales
34983,Cueva Delgada,Ranchería,Mezquital,Durango,,Rural,https://postali.app/mx/durango/mezquital/cueva-delgada
34983,Cueva Molida (La Cueva),Ranchería,Mezquital,Durango,,Rural,https://postali.app/mx/durango/mezquital/cueva-molida-la-cueva
34983,El Bajo,Ranchería,Mezquital,Durango,,Rural,https://postali.app/mx/durango/mezquital/el-bajo
34983,El Capullo,Ranchería,Mezquital,Durango,,Rural,https://postali.app/mx/durango/mezquital/el-capullo
34983,El Chapote,Ranchería,Mezquital,Durango,,Rural,https://postali.app/mx/durango/mezquital/el-chapote
34983,El Encino,Ranchería,Mezquital,Durango,,Rural,https://postali.app/mx/durango/mezquital/el-encino
34983,El Limón,Ranchería,Mezquital,Durango,,Rural,https://postali.app/mx/durango/mezquital/el-limon-34983
34983,El Maguey,Ranchería,Mezquital,Durango,,Rural,https://postali.app/mx/durango/mezquital/el-maguey
34983,El Patio,Ranchería,Mezquital,Durango,,Rural,https://postali.app/mx/durango/mezquital/el-patio
34983,El Pescado,Ranchería,Mezquital,Durango,,Rural,https://postali.app/mx/durango/mezquital/el-pescado
34983,El Ranchito,Ranchería,Mezquital,Durango,,Rural,https://postali.app/mx/durango/mezquital/el-ranchito
34983,El Rincón,Ranchería,Mezquital,Durango,,Rural,https://postali.app/mx/durango/mezquital/el-rincon-34983
34983,El Tambor,Ranchería,Mezquital,Durango,,Rural,https://postali.app/mx/durango/mezquital/el-tambor
34983,El Yeguate,Ranchería,Mezquital,Durango,,Rural,https://postali.app/mx/durango/mezquital/el-yeguate
34983,Encino de Buena Vista,Ranchería,Mezquital,Durango,,Rural,https://postali.app/mx/durango/mezquital/encino-de-buena-vista
34983,Guamúchil,Ranchería,Mezquital,Durango,,Rural,https://postali.app/mx/durango/mezquital/guamuchil
34983,Horcones (Barbechos),Ranchería,Mezquital,Durango,,Rural,https://postali.app/mx/durango/mezquital/horcones-barbechos
34983,Joya del Matal,Ranchería,Mezquital,Durango,,Rural,https://postali.app/mx/durango/mezquital/joya-del-matal
34983,La Avispa,Ranchería,Mezquital,Durango,,Rural,https://postali.app/mx/durango/mezquital/la-avispa
34983,La Campana,Ranchería,Mezquital,Durango,,Rural,https://postali.app/mx/durango/mezquital/la-campana
34983,La Cruz,Ranchería,Mezquital,Durango,,Rural,https://postali.app/mx/durango/mezquital/la-cruz
34983,La Cueva,Ranchería,Mezquital,Durango,,Rural,https://postali.app/mx/durango/mezquital/la-cueva-34983
34983,La Cumbre,Ranchería,Mezquital,Durango,,Rural,https://postali.app/mx/durango/mezquital/la-cumbre
34983,La Escalera,Ranchería,Mezquital,Durango,,Rural,https://postali.app/mx/durango/mezquital/la-escalera
34983,La Escondida,Ranchería,Mezquital,Durango,,Rural,https://postali.app/mx/durango/mezquital/la-escondida
34983,La Esquina,Ranchería,Mezquital,Durango,,Rural,https://postali.app/mx/durango/mezquital/la-esquina
34983,La Frente,Ranchería,Mezquital,Durango,,Rural,https://postali.app/mx/durango/mezquital/la-frente
34983,La Joya,Ranchería,Mezquital,Durango,,Rural,https://postali.app/mx/durango/mezquital/la-joya-34983
34983,La Joya,Ejido,Mezquital,Durango,,Rural,https://postali.app/mx/durango/mezquital/la-joya-34983-6596
34983,La Lagunita,Ranchería,Mezquital,Durango,,Rural,https://postali.app/mx/durango/mezquital/la-lagunita-34983
34983,La Mesa de los Aguacates,Ranchería,Mezquital,Durango,,Rural,https://postali.app/mx/durango/mezquital/la-mesa-de-los-aguacates
34983,La Mesa de San Antonio,Ranchería,Mezquital,Durango,,Rural,https://postali.app/mx/durango/mezquital/la-mesa-de-san-antonio
34983,La Mesa del Águila,Ranchería,Mezquital,Durango,,Rural,https://postali.app/mx/durango/mezquital/la-mesa-del-aguila
34983,La Mesilla,Rancho,Mezquital,Durango,,Rural,https://postali.app/mx/durango/mezquital/la-mesilla
34983,La Nopalera,Ranchería,Mezquital,Durango,,Rural,https://postali.app/mx/durango/mezquital/la-nopalera
34983,La Noria,Ranchería,Mezquital,Durango,,Rural,https://postali.app/mx/durango/mezquital/la-noria
34983,La Redonda,Ranchería,Mezquital,Durango,,Rural,https://postali.app/mx/durango/mezquital/la-redonda-34983
34983,La Ventanilla,Ranchería,Mezquital,Durango,,Rural,https://postali.app/mx/durango/mezquital/la-ventanilla
34983,La Ventanilla,Ejido,Mezquital,Durango,,Rural,https://postali.app/mx/durango/mezquital/la-ventanilla-34983
34983,La Ventanilla del Alto,Ranchería,Mezquital,Durango,,Rural,https://postali.app/mx/durango/mezquital/la-ventanilla-del-alto
34983,Las Arenas,Ranchería,Mezquital,Durango,,Rural,https://postali.app/mx/durango/mezquital/las-arenas
34983,Las Manzanillas,Ranchería,Mezquital,Durango,,Rural,https://postali.app/mx/durango/mezquital/las-manzanillas
34983,Las Palomas,Ranchería,Mezquital,Durango,,Rural,https://postali.app/mx/durango/mezquital/las-palomas-34983
34983,Las Palomas (El Saltito),Ranchería,Mezquital,Durango,,Rural,https://postali.app/mx/durango/mezquital/las-palomas-el-saltito
34983,Llano Delgado,Ranchería,Mezquital,Durango,,Rural,https://postali.app/mx/durango/mezquital/llano-delgado
34983,Llano Grande,Ranchería,Mezquital,Durango,,Rural,https://postali.app/mx/durango/mezquital/llano-grande
34983,Los Alacranes,Ranchería,Mezquital,Durango,,Rural,https://postali.app/mx/durango/mezquital/los-alacranes-34983
34983,Los Bancos,Ranchería,Mezquital,Durango,,Rural,https://postali.app/mx/durango/mezquital/los-bancos
34983,Los Cordones (La Ciénega),Ranchería,Mezquital,Durango,,Rural,https://postali.app/mx/durango/mezquital/los-cordones-la-cienega
34983,Los Duraznos,Ranchería,Mezquital,Durango,,Rural,https://postali.app/mx/durango/mezquital/los-duraznos
34983,Los Mesteños,Ranchería,Mezquital,Durango,,Rural,https://postali.app/mx/durango/mezquital/los-mestenos
34983,Los Papeles,Ranchería,Mezquital,Durango,,Rural,https://postali.app/mx/durango/mezquital/los-papeles
34983,Los Quesos,Ranchería,Mezquital,Durango,,Rural,https://postali.app/mx/durango/mezquital/los-quesos
34983,Los Tejones,Ranchería,Mezquital,Durango,,Rural,https://postali.app/mx/durango/mezquital/los-tejones
34983,Los Tepetates,Ranchería,Mezquital,Durango,,Rural,https://postali.app/mx/durango/mezquital/los-tepetates
34983,Macho Parado,Ranchería,Mezquital,Durango,,Rural,https://postali.app/mx/durango/mezquital/macho-parado
34983,Mesa de Azafranes,Ranchería,Mezquital,Durango,,Rural,https://postali.app/mx/durango/mezquital/mesa-de-azafranes
34983,Mesa del Gavilancillo,Ranchería,Mezquital,Durango,,Rural,https://postali.app/mx/durango/mezquital/mesa-del-gavilancillo
34983,Mesa del Llano,Ranchería,Mezquital,Durango,,Rural,https://postali.app/mx/durango/mezquital/mesa-del-llano
34983,Metates,Ranchería,Mezquital,Durango,,Rural,https://postali.app/mx/durango/mezquital/metates
34983,Minitas,Ranchería,Mezquital,Durango,,Rural,https://postali.app/mx/durango/mezquital/minitas
34983,Oaxaca,Ranchería,Mezquital,Durango,,Rural,https://postali.app/mx/durango/mezquital/oaxaca
34983,Picachos Dos,Ranchería,Mezquital,Durango,,Rural,https://postali.app/mx/durango/mezquital/picachos-dos
34983,Piedras Negras,Ranchería,Mezquital,Durango,,Rural,https://postali.app/mx/durango/mezquital/piedras-negras
34983,Pinitos Altos,Ranchería,Mezquital,Durango,,Rural,https://postali.app/mx/durango/mezquital/pinitos-altos
34983,Pino Real (Chapotán),Ranchería,Mezquital,Durango,,Rural,https://postali.app/mx/durango/mezquital/pino-real-chapotan
34983,Puerto del Águila,Ranchería,Mezquital,Durango,,Rural,https://postali.app/mx/durango/mezquital/puerto-del-aguila
34983,Rancho Amarillo,Ranchería,Mezquital,Durango,,Rural,https://postali.app/mx/durango/mezquital/rancho-amarillo
34983,Rancho de los Encinos Colorados,Ranchería,Mezquital,Durango,,Rural,https://postali.app/mx/durango/mezquital/rancho-de-los-encinos-colorados
34983,Santa María de Ocotán,Ranchería,Mezquital,Durango,,Rural,https://postali.app/mx/durango/mezquital/santa-maria-de-ocotan
34983,Sudai Sabar Mir,Ranchería,Mezquital,Durango,,Rural,https://postali.app/mx/durango/mezquital/sudai-sabar-mir
34983,Tabla Parada,Ranchería,Mezquital,Durango,,Rural,https://postali.app/mx/durango/mezquital/tabla-parada
34983,Tamales,Ranchería,Mezquital,Durango,,Rural,https://postali.app/mx/durango/mezquital/tamales
34983,Tepetates,Ranchería,Mezquital,Durango,,Rural,https://postali.app/mx/durango/mezquital/tepetates
34983,Tescalame,Ranchería,Mezquital,Durango,,Rural,https://postali.app/mx/durango/mezquital/tescalame
34983,Tierra Blanca,Ranchería,Mezquital,Durango,,Rural,https://postali.app/mx/durango/mezquital/tierra-blanca
34983,Tierras Coloradas,Ranchería,Mezquital,Durango,,Rural,https://postali.app/mx/durango/mezquital/tierras-coloradas-34983
34983,Toro Parado,Ranchería,Mezquital,Durango,,Rural,https://postali.app/mx/durango/mezquital/toro-parado
34983,Órganos,Ranchería,Mezquital,Durango,,Rural,https://postali.app/mx/durango/mezquital/organos
34983,Órganos Uno,Ranchería,Mezquital,Durango,,Rural,https://postali.app/mx/durango/mezquital/organos-uno
34984,Agüita Zarca,Ranchería,Mezquital,Durango,,Rural,https://postali.app/mx/durango/mezquital/aguita-zarca
34984,Alberto Gurrola,Ranchería,Mezquital,Durango,,Rural,https://postali.app/mx/durango/mezquital/alberto-gurrola
34984,Bajío de la Laguna,Ejido,Mezquital,Durango,,Rural,https://postali.app/mx/durango/mezquital/bajio-de-la-laguna
34984,Barrancos Prietos,Ranchería,Mezquital,Durango,,Rural,https://postali.app/mx/durango/mezquital/barrancos-prietos
34984,Buenavista (Los Chapotes),Ejido,Mezquital,Durango,,Rural,https://postali.app/mx/durango/mezquital/buenavista-los-chapotes
34984,Candelaria del Alto,Ranchería,Mezquital,Durango,,Rural,https://postali.app/mx/durango/mezquital/candelaria-del-alto
34984,Cumbre de la Laguna,Ranchería,Mezquital,Durango,,Rural,https://postali.app/mx/durango/mezquital/cumbre-de-la-laguna
34984,El Bajío,Ranchería,Mezquital,Durango,,Rural,https://postali.app/mx/durango/mezquital/el-bajio
34984,El Chapulín,Ranchería,Mezquital,Durango,,Rural,https://postali.app/mx/durango/mezquital/el-chapulin
34984,El Epazote,Ranchería,Mezquital,Durango,,Rural,https://postali.app/mx/durango/mezquital/el-epazote
34984,El Huizache,Ranchería,Mezquital,Durango,,Rural,https://postali.app/mx/durango/mezquital/el-huizache
34984,El Pino Ligado,Ranchería,Mezquital,Durango,,Rural,https://postali.app/mx/durango/mezquital/el-pino-ligado
34984,El Rincón,Ranchería,Mezquital,Durango,,Rural,https://postali.app/mx/durango/mezquital/el-rincon-34984
34984,El Saltito,Ranchería,Mezquital,Durango,,Rural,https://postali.app/mx/durango/mezquital/el-saltito
34984,El Tecolote,Ranchería,Mezquital,Durango,,Rural,https://postali.app/mx/durango/mezquital/el-tecolote
34984,Entronque de Llano Grande,Ranchería,Mezquital,Durango,,Rural,https://postali.app/mx/durango/mezquital/entronque-de-llano-grande
34984,La Buenavista,Ranchería,Mezquital,Durango,,Rural,https://postali.app/mx/durango/mezquital/la-buenavista-34984
34984,La Escondida,Ranchería,Mezquital,Durango,,Rural,https://postali.app/mx/durango/mezquital/la-escondida-34984
34984,La Herradura,Ranchería,Mezquital,Durango,,Rural,https://postali.app/mx/durango/mezquital/la-herradura
34984,La Lagunita,Ranchería,Mezquital,Durango,,Rural,https://postali.app/mx/durango/mezquital/la-lagunita-34984
34984,La Nopalera,Ranchería,Mezquital,Durango,,Rural,https://postali.app/mx/durango/mezquital/la-nopalera-34984
34984,La Nopalera (Cerro el Chapulín),Ranchería,Mezquital,Durango,,Rural,https://postali.app/mx/durango/mezquital/la-nopalera-cerro-el-chapulin
34984,La Silla Quemada,Ranchería,Mezquital,Durango,,Rural,https://postali.app/mx/durango/mezquital/la-silla-quemada
34984,La Ventana,Ranchería,Mezquital,Durango,,Rural,https://postali.app/mx/durango/mezquital/la-ventana
34984,Las Cabezas,Ranchería,Mezquital,Durango,,Rural,https://postali.app/mx/durango/mezquital/las-cabezas
34984,Las Escobas,Ranchería,Mezquital,Durango,,Rural,https://postali.app/mx/durango/mezquital/las-escobas
34984,Las Escobas,Ejido,Mezquital,Durango,,Rural,https://postali.app/mx/durango/mezquital/las-escobas-34984
34984,Las Escobitas,Ranchería,Mezquital,Durango,,Rural,https://postali.app/mx/durango/mezquital/las-escobitas
34984,Las Espinas,Ranchería,Mezquital,Durango,,Rural,https://postali.app/mx/durango/mezquital/las-espinas
34984,Las Esquinas,Ranchería,Mezquital,Durango,,Rural,https://postali.app/mx/durango/mezquital/las-esquinas
34984,Las Tres Cruces,Ranchería,Mezquital,Durango,,Rural,https://postali.app/mx/durango/mezquital/las-tres-cruces
34984,Llanito Soriana,Ranchería,Mezquital,Durango,,Rural,https://postali.app/mx/durango/mezquital/llanito-soriana
34984,Los Amoles,Ranchería,Mezquital,Durango,,Rural,https://postali.app/mx/durango/mezquital/los-amoles-34984
34984,Los Asqueles,Ranchería,Mezquital,Durango,,Rural,https://postali.app/mx/durango/mezquital/los-asqueles
34984,Los Barrancos,Ranchería,Mezquital,Durango,,Rural,https://postali.app/mx/durango/mezquital/los-barrancos
34984,Los Borrados,Ranchería,Mezquital,Durango,,Rural,https://postali.app/mx/durango/mezquital/los-borrados
34984,Los Duraznos,Ranchería,Mezquital,Durango,,Rural,https://postali.app/mx/durango/mezquital/los-duraznos-34984
34984,Los Fresnos,Ranchería,Mezquital,Durango,,Rural,https://postali.app/mx/durango/mezquital/los-fresnos
34984,Los Robles (Rancho la Ciénega),Ranchería,Mezquital,Durango,,Rural,https://postali.app/mx/durango/mezquital/los-robles-rancho-la-cienega
34984,Mesa de la Laguna,Ranchería,Mezquital,Durango,,Rural,https://postali.app/mx/durango/mezquital/mesa-de-la-laguna
34984,Mesa de las Joyas,Ranchería,Mezquital,Durango,,Rural,https://postali.app/mx/durango/mezquital/mesa-de-las-joyas
34984,Mesa de las Manzanillas,Ranchería,Mezquital,Durango,,Rural,https://postali.app/mx/durango/mezquital/mesa-de-las-manzanillas
34984,Mesa de los Lobos (Lobitos),Ranchería,Mezquital,Durango,,Rural,https://postali.app/mx/durango/mezquital/mesa-de-los-lobos-lobitos
34984,Mesa la Bayona (Mesa del Cacayón),Ranchería,Mezquital,Durango,,Rural,https://postali.app/mx/durango/mezquital/mesa-la-bayona-mesa-del-cacayon
34984,Nuevo Rancho,Ranchería,Mezquital,Durango,,Rural,https://postali.app/mx/durango/mezquital/nuevo-rancho
34984,Peñascos Colorados (Barrancos Colorados),Ranchería,Mezquital,Durango,,Rural,https://postali.app/mx/durango/mezquital/penascos-colorados-barrancos-colorados
34984,Pinos Chicos,Ranchería,Mezquital,Durango,,Rural,https://postali.app/mx/durango/mezquital/pinos-chicos
34984,Pinos Rodeados,Ranchería,Mezquital,Durango,,Rural,https://postali.app/mx/durango/mezquital/pinos-rodeados
34984,Rancho del Bajío,Ranchería,Mezquital,Durango,,Rural,https://postali.app/mx/durango/mezquital/rancho-del-bajio
34984,Rancho el Olvido,Ranchería,Mezquital,Durango,,Rural,https://postali.app/mx/durango/mezquital/rancho-el-olvido
34984,Rancho Nuevo,Ranchería,Mezquital,Durango,,Rural,https://postali.app/mx/durango/mezquital/rancho-nuevo-34984
34984,San Rafael,Ranchería,Mezquital,Durango,,Rural,https://postali.app/mx/durango/mezquital/san-rafael
34984,Santiaguillo,Ranchería,Mezquital,Durango,,Rural,https://postali.app/mx/durango/mezquital/santiaguillo
34984,Tepetates Blancos,Ranchería,Mezquital,Durango,,Rural,https://postali.app/mx/durango/mezquital/tepetates-blancos
34984,Tierras Amarillas,Ranchería,Mezquital,Durango,,Rural,https://postali.app/mx/durango/mezquital/tierras-amarillas
34985,Adelaido Santana,Ejido,Mezquital,Durango,,Rural,https://postali.app/mx/durango/mezquital/adelaido-santana
34985,Agua Caliente,Ejido,Mezquital,Durango,,Rural,https://postali.app/mx/durango/mezquital/agua-caliente-34985
34985,Agua Salada,Ejido,Mezquital,Durango,,Rural,https://postali.app/mx/durango/mezquital/agua-salada
34985,Algodones,Ejido,Mezquital,Durango,,Rural,https://postali.app/mx/durango/mezquital/algodones
34985,Antonio Castañeda,Ejido,Mezquital,Durango,,Rural,https://postali.app/mx/durango/mezquital/antonio-castaneda
34985,Arroyo de Zapotes,Ejido,Mezquital,Durango,,Rural,https://postali.app/mx/durango/mezquital/arroyo-de-zapotes
34985,Arroyo Hondo,Ejido,Mezquital,Durango,,Rural,https://postali.app/mx/durango/mezquital/arroyo-hondo-34985
34985,Azucena,Ejido,Mezquital,Durango,,Rural,https://postali.app/mx/durango/mezquital/azucena
34985,Bajío del Llano (Chichoktam),Ranchería,Mezquital,Durango,,Rural,https://postali.app/mx/durango/mezquital/bajio-del-llano-chichoktam
34985,Candelarita,Ranchería,Mezquital,Durango,,Rural,https://postali.app/mx/durango/mezquital/candelarita-34985
34985,Canoas,Ranchería,Mezquital,Durango,,Rural,https://postali.app/mx/durango/mezquital/canoas
34985,Canoas 3,Ranchería,Mezquital,Durango,,Rural,https://postali.app/mx/durango/mezquital/canoas-3
34985,Canoítas,Ranchería,Mezquital,Durango,,Rural,https://postali.app/mx/durango/mezquital/canoitas
34985,Ceja de los Sauces,Ranchería,Mezquital,Durango,,Rural,https://postali.app/mx/durango/mezquital/ceja-de-los-sauces
34985,Cerro Alto,Ranchería,Mezquital,Durango,,Rural,https://postali.app/mx/durango/mezquital/cerro-alto
34985,Cerro Blanco,Ranchería,Mezquital,Durango,,Rural,https://postali.app/mx/durango/mezquital/cerro-blanco
34985,Cerro Blanco,Ejido,Mezquital,Durango,,Rural,https://postali.app/mx/durango/mezquital/cerro-blanco-34985
34985,Cerro Bolillo,Ranchería,Mezquital,Durango,,Rural,https://postali.app/mx/durango/mezquital/cerro-bolillo
34985,Cerro de la Flecha,Ranchería,Mezquital,Durango,,Rural,https://postali.app/mx/durango/mezquital/cerro-de-la-flecha
34985,Cerro de la Ventanilla,Ranchería,Mezquital,Durango,,Rural,https://postali.app/mx/durango/mezquital/cerro-de-la-ventanilla
34985,Cerro de las Cebollas,Ranchería,Mezquital,Durango,,Rural,https://postali.app/mx/durango/mezquital/cerro-de-las-cebollas
34985,Cerro Verde,Ranchería,Mezquital,Durango,,Rural,https://postali.app/mx/durango/mezquital/cerro-verde-34985
34985,Cerros Juntos,Ranchería,Mezquital,Durango,,Rural,https://postali.app/mx/durango/mezquital/cerros-juntos-34985
34985,Chalates,Ranchería,Mezquital,Durango,,Rural,https://postali.app/mx/durango/mezquital/chalates
34985,Cihuacora,Ranchería,Mezquital,Durango,,Rural,https://postali.app/mx/durango/mezquital/cihuacora
34985,Colomos,Ranchería,Mezquital,Durango,,Rural,https://postali.app/mx/durango/mezquital/colomos
34985,Corpus,Ranchería,Mezquital,Durango,,Rural,https://postali.app/mx/durango/mezquital/corpus
34985,El Carrizal,Ranchería,Mezquital,Durango,,Rural,https://postali.app/mx/durango/mezquital/el-carrizal-34985
34985,El Carrizo,Ranchería,Mezquital,Durango,,Rural,https://postali.app/mx/durango/mezquital/el-carrizo
34985,El Chalate 1,Ejido,Mezquital,Durango,,Rural,https://postali.app/mx/durango/mezquital/el-chalate-1
34985,El Llano,Ranchería,Mezquital,Durango,,Rural,https://postali.app/mx/durango/mezquital/el-llano-34985
34985,El Llano,Ranchería,Mezquital,Durango,,Rural,https://postali.app/mx/durango/mezquital/el-llano-34985-6616
34985,El Pata de Gallo,Ranchería,Mezquital,Durango,,Rural,https://postali.app/mx/durango/mezquital/el-pata-de-gallo
34985,El Peñasco (Relices),Ranchería,Mezquital,Durango,,Rural,https://postali.app/mx/durango/mezquital/el-penasco-relices
34985,El Rincón,Ranchería,Mezquital,Durango,,Rural,https://postali.app/mx/durango/mezquital/el-rincon-34985
34985,El Rincón (Los Horcones),Ranchería,Mezquital,Durango,,Rural,https://postali.app/mx/durango/mezquital/el-rincon-los-horcones
34985,El Rincón (Troncones),Ranchería,Mezquital,Durango,,Rural,https://postali.app/mx/durango/mezquital/el-rincon-troncones
34985,El Roble,Ranchería,Mezquital,Durango,,Rural,https://postali.app/mx/durango/mezquital/el-roble
34985,El Venado,Ranchería,Mezquital,Durango,,Rural,https://postali.app/mx/durango/mezquital/el-venado-34985
34985,Faustino Galindo,Ranchería,Mezquital,Durango,,Rural,https://postali.app/mx/durango/mezquital/faustino-galindo
34985,Jabalíes,Ranchería,Mezquital,Durango,,Rural,https://postali.app/mx/durango/mezquital/jabalies
34985,Jorge Alvarado,Ranchería,Mezquital,Durango,,Rural,https://postali.app/mx/durango/mezquital/jorge-alvarado
34985,La Ceja,Ranchería,Mezquital,Durango,,Rural,https://postali.app/mx/durango/mezquital/la-ceja-34985
34985,La Ciénega,Ranchería,Mezquital,Durango,,Rural,https://postali.app/mx/durango/mezquital/la-cienega
34985,La Ciénega,Ejido,Mezquital,Durango,,Rural,https://postali.app/mx/durango/mezquital/la-cienega-34985
34985,La Cofradía,Ranchería,Mezquital,Durango,,Rural,https://postali.app/mx/durango/mezquital/la-cofradia
34985,La Cueva,Ranchería,Mezquital,Durango,,Rural,https://postali.app/mx/durango/mezquital/la-cueva-34985
34985,La Cueva del Diablo,Ranchería,Mezquital,Durango,,Rural,https://postali.app/mx/durango/mezquital/la-cueva-del-diablo
34985,La Escondida,Ranchería,Mezquital,Durango,,Rural,https://postali.app/mx/durango/mezquital/la-escondida-34985
34985,La Guacamaya,Ranchería,Mezquital,Durango,,Rural,https://postali.app/mx/durango/mezquital/la-guacamaya
34985,La Guajolota,Ranchería,Mezquital,Durango,,Rural,https://postali.app/mx/durango/mezquital/la-guajolota
34985,La Guajolota,Rancho,Mezquital,Durango,,Rural,https://postali.app/mx/durango/mezquital/la-guajolota-34985
34985,La Joyita Escondida,Ejido,Mezquital,Durango,,Rural,https://postali.app/mx/durango/mezquital/la-joyita-escondida
34985,La Laguna (La Joya),Ranchería,Mezquital,Durango,,Rural,https://postali.app/mx/durango/mezquital/la-laguna-la-joya
34985,La Mesa,Ranchería,Mezquital,Durango,,Rural,https://postali.app/mx/durango/mezquital/la-mesa
34985,La Mesa,Ejido,Mezquital,Durango,,Rural,https://postali.app/mx/durango/mezquital/la-mesa-34985
34985,La Mesa,Pueblo,Mezquital,Durango,,Rural,https://postali.app/mx/durango/mezquital/la-mesa-34985-6636
34985,La Mesa,Rancho,Mezquital,Durango,,Rural,https://postali.app/mx/durango/mezquital/la-mesa-34985-6637
34985,La Mesa del Diablo,Ranchería,Mezquital,Durango,,Rural,https://postali.app/mx/durango/mezquital/la-mesa-del-diablo
34985,La Mesita,Ranchería,Mezquital,Durango,,Rural,https://postali.app/mx/durango/mezquital/la-mesita
34985,La Mesita,Ejido,Mezquital,Durango,,Rural,https://postali.app/mx/durango/mezquital/la-mesita-34985
34985,La Mesita,Pueblo,Mezquital,Durango,,Rural,https://postali.app/mx/durango/mezquital/la-mesita-34985-6658
34985,La Mesita,Rancho,Mezquital,Durango,,Rural,https://postali.app/mx/durango/mezquital/la-mesita-34985-6659
34985,La Mesita del Rincón,Ranchería,Mezquital,Durango,,Rural,https://postali.app/mx/durango/mezquital/la-mesita-del-rincon
34985,La Palma,Ranchería,Mezquital,Durango,,Rural,https://postali.app/mx/durango/mezquital/la-palma
34985,La Torre,Ranchería,Mezquital,Durango,,Rural,https://postali.app/mx/durango/mezquital/la-torre
34985,La Ventana,Ranchería,Mezquital,Durango,,Rural,https://postali.app/mx/durango/mezquital/la-ventana-34985
34985,Las Aguilillas (El Venado),Ranchería,Mezquital,Durango,,Rural,https://postali.app/mx/durango/mezquital/las-aguilillas-el-venado
34985,Las Botijas,Ranchería,Mezquital,Durango,,Rural,https://postali.app/mx/durango/mezquital/las-botijas
34985,Las Chichis,Ranchería,Mezquital,Durango,,Rural,https://postali.app/mx/durango/mezquital/las-chichis
34985,Las Colmenas,Ranchería,Mezquital,Durango,,Rural,https://postali.app/mx/durango/mezquital/las-colmenas-34985
34985,Las Cruces,Ranchería,Mezquital,Durango,,Rural,https://postali.app/mx/durango/mezquital/las-cruces
34985,Las Cruces,Ranchería,Mezquital,Durango,,Rural,https://postali.app/mx/durango/mezquital/las-cruces-34985
34985,Las Joyas,Ranchería,Mezquital,Durango,,Rural,https://postali.app/mx/durango/mezquital/las-joyas-34985
34985,Las Joyas,Pueblo,Mezquital,Durango,,Rural,https://postali.app/mx/durango/mezquital/las-joyas-34985-6789
34985,Las Laderas,Ranchería,Mezquital,Durango,,Rural,https://postali.app/mx/durango/mezquital/las-laderas
34985,Las Lomas,Ranchería,Mezquital,Durango,,Rural,https://postali.app/mx/durango/mezquital/las-lomas
34985,Las Mariposas (Las Flores),Ranchería,Mezquital,Durango,,Rural,https://postali.app/mx/durango/mezquital/las-mariposas-las-flores
34985,Las Mesas,Ranchería,Mezquital,Durango,,Rural,https://postali.app/mx/durango/mezquital/las-mesas-34985
34985,Las Minas,Ranchería,Mezquital,Durango,,Rural,https://postali.app/mx/durango/mezquital/las-minas
34985,Las Mojoneras,Ranchería,Mezquital,Durango,,Rural,https://postali.app/mx/durango/mezquital/las-mojoneras
34985,Las Tortugas,Ranchería,Mezquital,Durango,,Rural,https://postali.app/mx/durango/mezquital/las-tortugas-34985
34985,Las Tortugas,Ejido,Mezquital,Durango,,Rural,https://postali.app/mx/durango/mezquital/las-tortugas-34985-6862
34985,Llanito los Arroyitos,Ranchería,Mezquital,Durango,,Rural,https://postali.app/mx/durango/mezquital/llanito-los-arroyitos
34985,Llano del Bajío,Ranchería,Mezquital,Durango,,Rural,https://postali.app/mx/durango/mezquital/llano-del-bajio
34985,Los Aguacates,Ranchería,Mezquital,Durango,,Rural,https://postali.app/mx/durango/mezquital/los-aguacates-34985
34985,Los Aires,Ranchería,Mezquital,Durango,,Rural,https://postali.app/mx/durango/mezquital/los-aires
34985,Los Amoles,Ranchería,Mezquital,Durango,,Rural,https://postali.app/mx/durango/mezquital/los-amoles-34985
34985,Los Arcos,Ranchería,Mezquital,Durango,,Rural,https://postali.app/mx/durango/mezquital/los-arcos
34985,Los Armadillos,Ranchería,Mezquital,Durango,,Rural,https://postali.app/mx/durango/mezquital/los-armadillos
34985,Los Bancos,Ranchería,Mezquital,Durango,,Rural,https://postali.app/mx/durango/mezquital/los-bancos-34985
34985,Los Barriles (Barrilitos),Ranchería,Mezquital,Durango,,Rural,https://postali.app/mx/durango/mezquital/los-barriles-barrilitos
34985,Los Caballos,Ranchería,Mezquital,Durango,,Rural,https://postali.app/mx/durango/mezquital/los-caballos
34985,Los Conejos,Ranchería,Mezquital,Durango,,Rural,https://postali.app/mx/durango/mezquital/los-conejos
34985,Los Cuervos,Ranchería,Mezquital,Durango,,Rural,https://postali.app/mx/durango/mezquital/los-cuervos
34985,Los Duraznos,Ranchería,Mezquital,Durango,,Rural,https://postali.app/mx/durango/mezquital/los-duraznos-34985
34985,Los Duraznos,Rancho,Mezquital,Durango,,Rural,https://postali.app/mx/durango/mezquital/los-duraznos-34985-6963
34985,Los Gavilanes,Ranchería,Mezquital,Durango,,Rural,https://postali.app/mx/durango/mezquital/los-gavilanes
34985,Los Gavilanes,Ejido,Mezquital,Durango,,Rural,https://postali.app/mx/durango/mezquital/los-gavilanes-34985
34985,Los Horcones,Ranchería,Mezquital,Durango,,Rural,https://postali.app/mx/durango/mezquital/los-horcones
34985,Los Leones,Ranchería,Mezquital,Durango,,Rural,https://postali.app/mx/durango/mezquital/los-leones
34985,Los Nopales,Ranchería,Mezquital,Durango,,Rural,https://postali.app/mx/durango/mezquital/los-nopales
34985,Los Nopales,Ejido,Mezquital,Durango,,Rural,https://postali.app/mx/durango/mezquital/los-nopales-34985
34985,Los Peines,Ranchería,Mezquital,Durango,,Rural,https://postali.app/mx/durango/mezquital/los-peines
34985,Los Pinos,Ranchería,Mezquital,Durango,,Rural,https://postali.app/mx/durango/mezquital/los-pinos
34985,Los Ratones,Ranchería,Mezquital,Durango,,Rural,https://postali.app/mx/durango/mezquital/los-ratones
34985,Los Saltos,Ranchería,Mezquital,Durango,,Rural,https://postali.app/mx/durango/mezquital/los-saltos
34985,Los Saltos,Ranchería,Mezquital,Durango,,Rural,https://postali.app/mx/durango/mezquital/los-saltos-34985
34985,Los Troncones,Ranchería,Mezquital,Durango,,Rural,https://postali.app/mx/durango/mezquital/los-troncones
34985,Los Veranos,Ranchería,Mezquital,Durango,,Rural,https://postali.app/mx/durango/mezquital/los-veranos
34985,Los Veranos,Ejido,Mezquital,Durango,,Rural,https://postali.app/mx/durango/mezquital/los-veranos-34985
34985,Los Zancudos,Ranchería,Mezquital,Durango,,Rural,https://postali.app/mx/durango/mezquital/los-zancudos
34985,Los Álamos,Ranchería,Mezquital,Durango,,Rural,https://postali.app/mx/durango/mezquital/los-alamos
34985,Mesa de las Cruces,Ranchería,Mezquital,Durango,,Rural,https://postali.app/mx/durango/mezquital/mesa-de-las-cruces
34985,Mesa de los Sauces,Ranchería,Mezquital,Durango,,Rural,https://postali.app/mx/durango/mezquital/mesa-de-los-sauces
34985,Mesa del Pata de Gallo,Ranchería,Mezquital,Durango,,Rural,https://postali.app/mx/durango/mezquital/mesa-del-pata-de-gallo
34985,Nuevo,Rancho,Mezquital,Durango,,Rural,https://postali.app/mx/durango/mezquital/nuevo
34985,Palomas,Ranchería,Mezquital,Durango,,Rural,https://postali.app/mx/durango/mezquital/palomas
34985,Peñasco Blanco,Ranchería,Mezquital,Durango,,Rural,https://postali.app/mx/durango/mezquital/penasco-blanco
34985,Piedra Volteada,Ranchería,Mezquital,Durango,,Rural,https://postali.app/mx/durango/mezquital/piedra-volteada
34985,Plátano Enterrado,Ranchería,Mezquital,Durango,,Rural,https://postali.app/mx/durango/mezquital/platano-enterrado
34985,Potreros,Ranchería,Mezquital,Durango,,Rural,https://postali.app/mx/durango/mezquital/potreros
34985,Rancho de las Manzanillas,Ranchería,Mezquital,Durango,,Rural,https://postali.app/mx/durango/mezquital/rancho-de-las-manzanillas
34985,Rodeo,Ranchería,Mezquital,Durango,,Rural,https://postali.app/mx/durango/mezquital/rodeo
34985,San Francisco de Ocotán,Ranchería,Mezquital,Durango,,Rural,https://postali.app/mx/durango/mezquital/san-francisco-de-ocotan
34985,Santa Teresa,Ranchería,Mezquital,Durango,,Rural,https://postali.app/mx/durango/mezquital/santa-teresa
34985,Sombrero Quemado,Ranchería,Mezquital,Durango,,Rural,https://postali.app/mx/durango/mezquital/sombrero-quemado
34985,Tachichilpa,Ranchería,Mezquital,Durango,,Rural,https://postali.app/mx/durango/mezquital/tachichilpa
34985,Tepetate,Ranchería,Mezquital,Durango,,Rural,https://postali.app/mx/durango/mezquital/tepetate
34985,Tezcalame,Ranchería,Mezquital,Durango,,Rural,https://postali.app/mx/durango/mezquital/tezcalame
34985,Tierra Blanca,Ranchería,Mezquital,Durango,,Rural,https://postali.app/mx/durango/mezquital/tierra-blanca-34985
34985,Tierra Blanca,Ejido,Mezquital,Durango,,Rural,https://postali.app/mx/durango/mezquital/tierra-blanca-34985-7293
34985,Tierra Blanca,Rancho,Mezquital,Durango,,Rural,https://postali.app/mx/durango/mezquital/tierra-blanca-34985-7294
34985,Tierra Colorada,Ranchería,Mezquital,Durango,,Rural,https://postali.app/mx/durango/mezquital/tierra-colorada
34985,Tierras Azules,Ranchería,Mezquital,Durango,,Rural,https://postali.app/mx/durango/mezquital/tierras-azules
34985,Tierras Coloradas,Ranchería,Mezquital,Durango,,Rural,https://postali.app/mx/durango/mezquital/tierras-coloradas-34985
34985,Tierras Coloradas,Ejido,Mezquital,Durango,,Rural,https://postali.app/mx/durango/mezquital/tierras-coloradas-34985-7311
34985,Tortugas,Ranchería,Mezquital,Durango,,Rural,https://postali.app/mx/durango/mezquital/tortugas
34985,Yerbanices,Ranchería,Mezquital,Durango,,Rural,https://postali.app/mx/durango/mezquital/yerbanices
34985,Yerbanís,Ranchería,Mezquital,Durango,,Rural,https://postali.app/mx/durango/mezquital/yerbanis
34985,Zapotes,Ranchería,Mezquital,Durango,,Rural,https://postali.app/mx/durango/mezquital/zapotes
34985,Zopilotes,Ranchería,Mezquital,Durango,,Rural,https://postali.app/mx/durango/mezquital/zopilotes
34985,Zopilotes,Ejido,Mezquital,Durango,,Rural,https://postali.app/mx/durango/mezquital/zopilotes-34985
34986,Agua Prieta,Ejido,Mezquital,Durango,,Rural,https://postali.app/mx/durango/mezquital/agua-prieta-34986
34986,Arroyo Hondo,Ejido,Mezquital,Durango,,Rural,https://postali.app/mx/durango/mezquital/arroyo-hondo-34986
34986,Bajío de Milpillas (Tierra Sonando),Ranchería,Mezquital,Durango,,Rural,https://postali.app/mx/durango/mezquital/bajio-de-milpillas-tierra-sonando
34986,Barrancos Prietos,Ejido,Mezquital,Durango,,Rural,https://postali.app/mx/durango/mezquital/barrancos-prietos-34986
34986,Cantaros,Ranchería,Mezquital,Durango,,Rural,https://postali.app/mx/durango/mezquital/cantaros
34986,Carrizos,Ranchería,Mezquital,Durango,,Rural,https://postali.app/mx/durango/mezquital/carrizos-34986
34986,Cebollitas,Ranchería,Mezquital,Durango,,Rural,https://postali.app/mx/durango/mezquital/cebollitas
34986,Cerrito Blanco,Ranchería,Mezquital,Durango,,Rural,https://postali.app/mx/durango/mezquital/cerrito-blanco
34986,Cerrito Gordo,Ranchería,Mezquital,Durango,,Rural,https://postali.app/mx/durango/mezquital/cerrito-gordo
34986,Cerro Amarillo,Ejido,Mezquital,Durango,,Rural,https://postali.app/mx/durango/mezquital/cerro-amarillo-34986
34986,Cerro Amarillo,Ranchería,Mezquital,Durango,,Rural,https://postali.app/mx/durango/mezquital/cerro-amarillo-34986-6330
34986,Cerro de las Papas,Ranchería,Mezquital,Durango,,Rural,https://postali.app/mx/durango/mezquital/cerro-de-las-papas
34986,Cerro del Guamúchil,Ranchería,Mezquital,Durango,,Rural,https://postali.app/mx/durango/mezquital/cerro-del-guamuchil
34986,Cordón de Buenavista (El Cordón),Ranchería,Mezquital,Durango,,Rural,https://postali.app/mx/durango/mezquital/cordon-de-buenavista-el-cordon
34986,Cuamyam (La Joyita),Ranchería,Mezquital,Durango,,Rural,https://postali.app/mx/durango/mezquital/cuamyam-la-joyita
34986,Durango,Ranchería,Mezquital,Durango,,Rural,https://postali.app/mx/durango/mezquital/durango
34986,El Capulín,Ranchería,Mezquital,Durango,,Rural,https://postali.app/mx/durango/mezquital/el-capulin
34986,El Gallo,Ranchería,Mezquital,Durango,,Rural,https://postali.app/mx/durango/mezquital/el-gallo
34986,El Madroño,Ranchería,Mezquital,Durango,,Rural,https://postali.app/mx/durango/mezquital/el-madrono
34986,El Mezquite,Ranchería,Mezquital,Durango,,Rural,https://postali.app/mx/durango/mezquital/el-mezquite
34986,El Rincón,Ranchería,Mezquital,Durango,,Rural,https://postali.app/mx/durango/mezquital/el-rincon-34986
34986,El Rodeo,Ranchería,Mezquital,Durango,,Rural,https://postali.app/mx/durango/mezquital/el-rodeo
34986,Encino Verde,Ranchería,Mezquital,Durango,,Rural,https://postali.app/mx/durango/mezquital/encino-verde
34986,Flor de Mayo,Ranchería,Mezquital,Durango,,Rural,https://postali.app/mx/durango/mezquital/flor-de-mayo
34986,Flores China,Ranchería,Mezquital,Durango,,Rural,https://postali.app/mx/durango/mezquital/flores-china
34986,Higo Parado,Ranchería,Mezquital,Durango,,Rural,https://postali.app/mx/durango/mezquital/higo-parado
34986,Hojas Anchas,Ranchería,Mezquital,Durango,,Rural,https://postali.app/mx/durango/mezquital/hojas-anchas
34986,La Cascada,Ranchería,Mezquital,Durango,,Rural,https://postali.app/mx/durango/mezquital/la-cascada
34986,La Ciénega,Ranchería,Mezquital,Durango,,Rural,https://postali.app/mx/durango/mezquital/la-cienega-34986
34986,La Cofradía,Ranchería,Mezquital,Durango,,Rural,https://postali.app/mx/durango/mezquital/la-cofradia-34986
34986,La Huella del Niño,Ranchería,Mezquital,Durango,,Rural,https://postali.app/mx/durango/mezquital/la-huella-del-nino
34986,La Joya de los Carrizos,Ejido,Mezquital,Durango,,Rural,https://postali.app/mx/durango/mezquital/la-joya-de-los-carrizos
34986,La Joyas,Ranchería,Mezquital,Durango,,Rural,https://postali.app/mx/durango/mezquital/la-joyas
34986,La Laguna,Ranchería,Mezquital,Durango,,Rural,https://postali.app/mx/durango/mezquital/la-laguna-34986
34986,La Mesa,Ranchería,Mezquital,Durango,,Rural,https://postali.app/mx/durango/mezquital/la-mesa-34986
34986,La Mesa de la Ventana,Ranchería,Mezquital,Durango,,Rural,https://postali.app/mx/durango/mezquital/la-mesa-de-la-ventana
34986,La Nopalera (Los Amoles),Ranchería,Mezquital,Durango,,Rural,https://postali.app/mx/durango/mezquital/la-nopalera-los-amoles
34986,La Ventana,Ranchería,Mezquital,Durango,,Rural,https://postali.app/mx/durango/mezquital/la-ventana-34986
34986,La Ventana,Ejido,Mezquital,Durango,,Rural,https://postali.app/mx/durango/mezquital/la-ventana-34986-6714
34986,Las Cebollas,Ranchería,Mezquital,Durango,,Rural,https://postali.app/mx/durango/mezquital/las-cebollas
34986,Las Colmenas,Ranchería,Mezquital,Durango,,Rural,https://postali.app/mx/durango/mezquital/las-colmenas-34986
34986,Las Cruces,Ranchería,Mezquital,Durango,,Rural,https://postali.app/mx/durango/mezquital/las-cruces-34986
34986,Las Cuevas (Cuevitas),Ranchería,Mezquital,Durango,,Rural,https://postali.app/mx/durango/mezquital/las-cuevas-cuevitas
34986,Las Espinas,Rancho,Mezquital,Durango,,Rural,https://postali.app/mx/durango/mezquital/las-espinas-34986
34986,Las Flores,Ranchería,Mezquital,Durango,,Rural,https://postali.app/mx/durango/mezquital/las-flores-34986
34986,Las Guitarras,Ranchería,Mezquital,Durango,,Rural,https://postali.app/mx/durango/mezquital/las-guitarras
34986,Las Guásimas,Ranchería,Mezquital,Durango,,Rural,https://postali.app/mx/durango/mezquital/las-guasimas
34986,Las Guásimas,Ejido,Mezquital,Durango,,Rural,https://postali.app/mx/durango/mezquital/las-guasimas-34986
34986,Las Joyas,Ranchería,Mezquital,Durango,,Rural,https://postali.app/mx/durango/mezquital/las-joyas-34986
34986,Las Joyas,Ejido,Mezquital,Durango,,Rural,https://postali.app/mx/durango/mezquital/las-joyas-34986-6793
34986,Las Joyas,Rancho,Mezquital,Durango,,Rural,https://postali.app/mx/durango/mezquital/las-joyas-34986-6794
34986,Las Joyas,Pueblo,Mezquital,Durango,,Rural,https://postali.app/mx/durango/mezquital/las-joyas-34986-6795
34986,Las Joyitas,Ranchería,Mezquital,Durango,,Rural,https://postali.app/mx/durango/mezquital/las-joyitas-34986
34986,Las Manzanillas,Ranchería,Mezquital,Durango,,Rural,https://postali.app/mx/durango/mezquital/las-manzanillas-34986
34986,Las Palmas,Ranchería,Mezquital,Durango,,Rural,https://postali.app/mx/durango/mezquital/las-palmas-34986
34986,Las Palmitas,Ranchería,Mezquital,Durango,,Rural,https://postali.app/mx/durango/mezquital/las-palmitas
34986,Las Piedras,Ranchería,Mezquital,Durango,,Rural,https://postali.app/mx/durango/mezquital/las-piedras
34986,Las Ramadas,Ranchería,Mezquital,Durango,,Rural,https://postali.app/mx/durango/mezquital/las-ramadas-34986
34986,Las Zamoras,Ranchería,Mezquital,Durango,,Rural,https://postali.app/mx/durango/mezquital/las-zamoras
34986,Las Águilas,Ranchería,Mezquital,Durango,,Rural,https://postali.app/mx/durango/mezquital/las-aguilas-34986
34986,Las Águilas,Ejido,Mezquital,Durango,,Rural,https://postali.app/mx/durango/mezquital/las-aguilas-34986-6725
34986,Leña Amontonada,Ranchería,Mezquital,Durango,,Rural,https://postali.app/mx/durango/mezquital/lena-amontonada
34986,Llano de Tejónes,Ranchería,Mezquital,Durango,,Rural,https://postali.app/mx/durango/mezquital/llano-de-tejones
34986,Los Aguacates,Ranchería,Mezquital,Durango,,Rural,https://postali.app/mx/durango/mezquital/los-aguacates-34986
34986,Los Alacranes,Ranchería,Mezquital,Durango,,Rural,https://postali.app/mx/durango/mezquital/los-alacranes-34986
34986,Los Barbechos,Ranchería,Mezquital,Durango,,Rural,https://postali.app/mx/durango/mezquital/los-barbechos
34986,Los Capulines,Ranchería,Mezquital,Durango,,Rural,https://postali.app/mx/durango/mezquital/los-capulines-34986
34986,Los Carrizos,Ranchería,Mezquital,Durango,,Rural,https://postali.app/mx/durango/mezquital/los-carrizos
34986,Los Carrizos,Ranchería,Mezquital,Durango,,Rural,https://postali.app/mx/durango/mezquital/los-carrizos-34986
34986,Los Cordones,Ranchería,Mezquital,Durango,,Rural,https://postali.app/mx/durango/mezquital/los-cordones
34986,Los Cuervos,Ranchería,Mezquital,Durango,,Rural,https://postali.app/mx/durango/mezquital/los-cuervos-34986
34986,Los Duraznitos,Ranchería,Mezquital,Durango,,Rural,https://postali.app/mx/durango/mezquital/los-duraznitos
34986,Los Duraznos,Ranchería,Mezquital,Durango,,Rural,https://postali.app/mx/durango/mezquital/los-duraznos-34986
34986,Los Frijoles,Ranchería,Mezquital,Durango,,Rural,https://postali.app/mx/durango/mezquital/los-frijoles
34986,Los Higos,Ranchería,Mezquital,Durango,,Rural,https://postali.app/mx/durango/mezquital/los-higos
34986,Los Lobos,Ranchería,Mezquital,Durango,,Rural,https://postali.app/mx/durango/mezquital/los-lobos
34986,Los Madroños,Ranchería,Mezquital,Durango,,Rural,https://postali.app/mx/durango/mezquital/los-madronos
34986,Los Robles,Ranchería,Mezquital,Durango,,Rural,https://postali.app/mx/durango/mezquital/los-robles-34986
34986,Los Sauces,Ranchería,Mezquital,Durango,,Rural,https://postali.app/mx/durango/mezquital/los-sauces
34986,Los Sombreros,Ranchería,Mezquital,Durango,,Rural,https://postali.app/mx/durango/mezquital/los-sombreros
34986,Los Sotoles,Ranchería,Mezquital,Durango,,Rural,https://postali.app/mx/durango/mezquital/los-sotoles
34986,Los Trigos,Ranchería,Mezquital,Durango,,Rural,https://postali.app/mx/durango/mezquital/los-trigos
34986,Mesa de Buenavista,Ranchería,Mezquital,Durango,,Rural,https://postali.app/mx/durango/mezquital/mesa-de-buenavista
34986,Mesa de las Joyas,Ranchería,Mezquital,Durango,,Rural,https://postali.app/mx/durango/mezquital/mesa-de-las-joyas-34986
34986,Mesa de las Vacas,Ranchería,Mezquital,Durango,,Rural,https://postali.app/mx/durango/mezquital/mesa-de-las-vacas
34986,Mesa de los Horcones,Ranchería,Mezquital,Durango,,Rural,https://postali.app/mx/durango/mezquital/mesa-de-los-horcones
34986,Mesa de Platanitos,Ranchería,Mezquital,Durango,,Rural,https://postali.app/mx/durango/mezquital/mesa-de-platanitos
34986,Mesa del Durazno,Ranchería,Mezquital,Durango,,Rural,https://postali.app/mx/durango/mezquital/mesa-del-durazno
34986,Mesilla de Maguey,Ranchería,Mezquital,Durango,,Rural,https://postali.app/mx/durango/mezquital/mesilla-de-maguey
34986,Mezquite Gacho,Ranchería,Mezquital,Durango,,Rural,https://postali.app/mx/durango/mezquital/mezquite-gacho
34986,Palo Moro,Ranchería,Mezquital,Durango,,Rural,https://postali.app/mx/durango/mezquital/palo-moro
34986,Peñasco Cenizo,Ranchería,Mezquital,Durango,,Rural,https://postali.app/mx/durango/mezquital/penasco-cenizo
34986,Picudos,Ranchería,Mezquital,Durango,,Rural,https://postali.app/mx/durango/mezquital/picudos
34986,Piedra Volteada,Ranchería,Mezquital,Durango,,Rural,https://postali.app/mx/durango/mezquital/piedra-volteada-34986
34986,Pino Redondo,Ejido,Mezquital,Durango,,Rural,https://postali.app/mx/durango/mezquital/pino-redondo
34986,Pino Redondo,Rancho,Mezquital,Durango,,Rural,https://postali.app/mx/durango/mezquital/pino-redondo-34986
34986,Pinos Enterrados,Ranchería,Mezquital,Durango,,Rural,https://postali.app/mx/durango/mezquital/pinos-enterrados
34986,Platanitos (Karumdam),Ranchería,Mezquital,Durango,,Rural,https://postali.app/mx/durango/mezquital/platanitos-karumdam
34986,Platanitos (Mesa de Platanitos),Ranchería,Mezquital,Durango,,Rural,https://postali.app/mx/durango/mezquital/platanitos-mesa-de-platanitos
34986,Puerta los Membrillos,Ranchería,Mezquital,Durango,,Rural,https://postali.app/mx/durango/mezquital/puerta-los-membrillos
34986,Puerto de Milpas,Ranchería,Mezquital,Durango,,Rural,https://postali.app/mx/durango/mezquital/puerto-de-milpas
34986,San José del Llano,Ranchería,Mezquital,Durango,,Rural,https://postali.app/mx/durango/mezquital/san-jose-del-llano
34986,San Miguel de las Mesas,Ranchería,Mezquital,Durango,,Rural,https://postali.app/mx/durango/mezquital/san-miguel-de-las-mesas
34986,Santiago Teneraca,Ranchería,Mezquital,Durango,,Rural,https://postali.app/mx/durango/mezquital/santiago-teneraca
34986,Se Uan Tio,Ranchería,Mezquital,Durango,,Rural,https://postali.app/mx/durango/mezquital/se-uan-tio
34986,Soyates,Ranchería,Mezquital,Durango,,Rural,https://postali.app/mx/durango/mezquital/soyates-34986
34986,Tierra Blanca,Ranchería,Mezquital,Durango,,Rural,https://postali.app/mx/durango/mezquital/tierra-blanca-34986
34986,Tierra Blanca,Ranchería,Mezquital,Durango,,Rural,https://postali.app/mx/durango/mezquital/tierra-blanca-34986-7298
34986,Tierra Colorada,Ranchería,Mezquital,Durango,,Rural,https://postali.app/mx/durango/mezquital/tierra-colorada-34986
34986,Tierras Coloradas,Ranchería,Mezquital,Durango,,Rural,https://postali.app/mx/durango/mezquital/tierras-coloradas-34986
34986,Vainillas,Ranchería,Mezquital,Durango,,Rural,https://postali.app/mx/durango/mezquital/vainillas
34986,Yerbabuena,Ranchería,Mezquital,Durango,,Rural,https://postali.app/mx/durango/mezquital/yerbabuena
34986,Zacatecas (Chalchihuitillo),Ranchería,Mezquital,Durango,,Rural,https://postali.app/mx/durango/mezquital/zacatecas-chalchihuitillo
34986,Zacatecas Chalchihuitillo,Ranchería,Mezquital,Durango,,Rural,https://postali.app/mx/durango/mezquital/zacatecas-chalchihuitillo-34986
34986,Zancudo Dos,Ranchería,Mezquital,Durango,,Rural,https://postali.app/mx/durango/mezquital/zancudo-dos
34987,Barbechitos,Ejido,Mezquital,Durango,,Rural,https://postali.app/mx/durango/mezquital/barbechitos
34987,Cerrito Blanco,Ranchería,Mezquital,Durango,,Rural,https://postali.app/mx/durango/mezquital/cerrito-blanco-34987
34987,Cerro Pelón,Ranchería,Mezquital,Durango,,Rural,https://postali.app/mx/durango/mezquital/cerro-pelon
34987,Chalates,Ranchería,Mezquital,Durango,,Rural,https://postali.app/mx/durango/mezquital/chalates-34987
34987,Ciénega del Zancudo Uno,Ranchería,Mezquital,Durango,,Rural,https://postali.app/mx/durango/mezquital/cienega-del-zancudo-uno
34987,El Aguacate,Ranchería,Mezquital,Durango,,Rural,https://postali.app/mx/durango/mezquital/el-aguacate
34987,El Carrizo,Ranchería,Mezquital,Durango,,Rural,https://postali.app/mx/durango/mezquital/el-carrizo-34987
34987,El Carrizo,Ejido,Mezquital,Durango,,Rural,https://postali.app/mx/durango/mezquital/el-carrizo-34987-6327
34987,El Limón del Río,Ranchería,Mezquital,Durango,,Rural,https://postali.app/mx/durango/mezquital/el-limon-del-rio
34987,El Paraje,Ranchería,Mezquital,Durango,,Rural,https://postali.app/mx/durango/mezquital/el-paraje
34987,El Quitapeiste,Ranchería,Mezquital,Durango,,Rural,https://postali.app/mx/durango/mezquital/el-quitapeiste
34987,El Salto,Ranchería,Mezquital,Durango,,Rural,https://postali.app/mx/durango/mezquital/el-salto
34987,El Zacate,Ranchería,Mezquital,Durango,,Rural,https://postali.app/mx/durango/mezquital/el-zacate
34987,El Zancudo Uno,Ranchería,Mezquital,Durango,,Rural,https://postali.app/mx/durango/mezquital/el-zancudo-uno
34987,El Zapote,Ranchería,Mezquital,Durango,,Rural,https://postali.app/mx/durango/mezquital/el-zapote
34987,Guayabito,Ranchería,Mezquital,Durango,,Rural,https://postali.app/mx/durango/mezquital/guayabito
34987,La Ciénega,Ranchería,Mezquital,Durango,,Rural,https://postali.app/mx/durango/mezquital/la-cienega-34987
34987,La Ciénega,Ejido,Mezquital,Durango,,Rural,https://postali.app/mx/durango/mezquital/la-cienega-34987-6545
34987,La Curata,Ranchería,Mezquital,Durango,,Rural,https://postali.app/mx/durango/mezquital/la-curata
34987,La Guacamaya,Ranchería,Mezquital,Durango,,Rural,https://postali.app/mx/durango/mezquital/la-guacamaya-34987
34987,La Laguna,Ranchería,Mezquital,Durango,,Rural,https://postali.app/mx/durango/mezquital/la-laguna-34987
34987,La Laguna,Ejido,Mezquital,Durango,,Rural,https://postali.app/mx/durango/mezquital/la-laguna-34987-6617
34987,La Mesa,Ranchería,Mezquital,Durango,,Rural,https://postali.app/mx/durango/mezquital/la-mesa-34987
34987,La Mesa,Ejido,Mezquital,Durango,,Rural,https://postali.app/mx/durango/mezquital/la-mesa-34987-6639
34987,La Mesita,Ranchería,Mezquital,Durango,,Rural,https://postali.app/mx/durango/mezquital/la-mesita-34987
34987,La Mesita,Ejido,Mezquital,Durango,,Rural,https://postali.app/mx/durango/mezquital/la-mesita-34987-6662
34987,La Presa,Ranchería,Mezquital,Durango,,Rural,https://postali.app/mx/durango/mezquital/la-presa-34987
34987,La Ventana,Ranchería,Mezquital,Durango,,Rural,https://postali.app/mx/durango/mezquital/la-ventana-34987
34987,Las Aguas,Ranchería,Mezquital,Durango,,Rural,https://postali.app/mx/durango/mezquital/las-aguas
34987,Las Anonas,Ranchería,Mezquital,Durango,,Rural,https://postali.app/mx/durango/mezquital/las-anonas
34987,Las Chichis,Ranchería,Mezquital,Durango,,Rural,https://postali.app/mx/durango/mezquital/las-chichis-34987
34987,Las Hormigueras,Ranchería,Mezquital,Durango,,Rural,https://postali.app/mx/durango/mezquital/las-hormigueras
34987,Las Joyas,Ranchería,Mezquital,Durango,,Rural,https://postali.app/mx/durango/mezquital/las-joyas-34987
34987,Las Leches,Ranchería,Mezquital,Durango,,Rural,https://postali.app/mx/durango/mezquital/las-leches
34987,Las Mesas,Ranchería,Mezquital,Durango,,Rural,https://postali.app/mx/durango/mezquital/las-mesas-34987
34987,Las Orejas,Ranchería,Mezquital,Durango,,Rural,https://postali.app/mx/durango/mezquital/las-orejas
34987,Las Peras,Ranchería,Mezquital,Durango,,Rural,https://postali.app/mx/durango/mezquital/las-peras
34987,Las Pilas,Ranchería,Mezquital,Durango,,Rural,https://postali.app/mx/durango/mezquital/las-pilas
34987,Las Sillas (Los Justes),Ranchería,Mezquital,Durango,,Rural,https://postali.app/mx/durango/mezquital/las-sillas-los-justes
34987,Llano de Jacalitos,Ranchería,Mezquital,Durango,,Rural,https://postali.app/mx/durango/mezquital/llano-de-jacalitos
34987,Llano de Jerusalén,Ranchería,Mezquital,Durango,,Rural,https://postali.app/mx/durango/mezquital/llano-de-jerusalen
34987,Los Aguacates,Ranchería,Mezquital,Durango,,Rural,https://postali.app/mx/durango/mezquital/los-aguacates-34987
34987,Los Alacranes,Ranchería,Mezquital,Durango,,Rural,https://postali.app/mx/durango/mezquital/los-alacranes-34987
34987,Los Cerritos,Ranchería,Mezquital,Durango,,Rural,https://postali.app/mx/durango/mezquital/los-cerritos
34987,Los Cerros,Ranchería,Mezquital,Durango,,Rural,https://postali.app/mx/durango/mezquital/los-cerros
34987,Los Corralitos,Ranchería,Mezquital,Durango,,Rural,https://postali.app/mx/durango/mezquital/los-corralitos
34987,Los Cuchillos,Ranchería,Mezquital,Durango,,Rural,https://postali.app/mx/durango/mezquital/los-cuchillos
34987,Los Leones,Ranchería,Mezquital,Durango,,Rural,https://postali.app/mx/durango/mezquital/los-leones-34987
34987,Los Leones,Ejido,Mezquital,Durango,,Rural,https://postali.app/mx/durango/mezquital/los-leones-34987-6997
34987,Los Limones,Ranchería,Mezquital,Durango,,Rural,https://postali.app/mx/durango/mezquital/los-limones
34987,Los Metates,Ranchería,Mezquital,Durango,,Rural,https://postali.app/mx/durango/mezquital/los-metates
34987,Los Mimbres,Ranchería,Mezquital,Durango,,Rural,https://postali.app/mx/durango/mezquital/los-mimbres
34987,Los Nopales,Ranchería,Mezquital,Durango,,Rural,https://postali.app/mx/durango/mezquital/los-nopales-34987
34987,Los Pinos,Ranchería,Mezquital,Durango,,Rural,https://postali.app/mx/durango/mezquital/los-pinos-34987
34987,Los Zapotes,Ranchería,Mezquital,Durango,,Rural,https://postali.app/mx/durango/mezquital/los-zapotes
34987,Los Órganos,Ranchería,Mezquital,Durango,,Rural,https://postali.app/mx/durango/mezquital/los-organos
34987,Metate Tirado,Ranchería,Mezquital,Durango,,Rural,https://postali.app/mx/durango/mezquital/metate-tirado
34987,Ojo de Agua,Ranchería,Mezquital,Durango,,Rural,https://postali.app/mx/durango/mezquital/ojo-de-agua
34987,Peñasco Blanco,Ranchería,Mezquital,Durango,,Rural,https://postali.app/mx/durango/mezquital/penasco-blanco-34987
34987,Piedra Ancha,Ranchería,Mezquital,Durango,,Rural,https://postali.app/mx/durango/mezquital/piedra-ancha
34987,Saucito,Ranchería,Mezquital,Durango,,Rural,https://postali.app/mx/durango/mezquital/saucito
34987,Tierra Blanca,Ranchería,Mezquital,Durango,,Rural,https://postali.app/mx/durango/mezquital/tierra-blanca-34987
34987,Tierra Sonando,Ranchería,Mezquital,Durango,,Rural,https://postali.app/mx/durango/mezquital/tierra-sonando
34987,Zopilotes,Ranchería,Mezquital,Durango,,Rural,https://postali.app/mx/durango/mezquital/zopilotes-34987
34988,Alamitos,Ranchería,Mezquital,Durango,,Rural,https://postali.app/mx/durango/mezquital/alamitos
34988,Bajío de los Timones,Ejido,Mezquital,Durango,,Rural,https://postali.app/mx/durango/mezquital/bajio-de-los-timones
34988,Cerro Picudo,Ranchería,Mezquital,Durango,,Rural,https://postali.app/mx/durango/mezquital/cerro-picudo
34988,Ciénega del Oso,Ranchería,Mezquital,Durango,,Rural,https://postali.app/mx/durango/mezquital/cienega-del-oso
34988,El Alamito,Ranchería,Mezquital,Durango,,Rural,https://postali.app/mx/durango/mezquital/el-alamito
34988,El Gavilancillo,Ranchería,Mezquital,Durango,,Rural,https://postali.app/mx/durango/mezquital/el-gavilancillo
34988,El Pinole Quemado (El Pinole),Ranchería,Mezquital,Durango,,Rural,https://postali.app/mx/durango/mezquital/el-pinole-quemado-el-pinole
34988,El Saucito,Ranchería,Mezquital,Durango,,Rural,https://postali.app/mx/durango/mezquital/el-saucito-34988
34988,El Tejaban,Ranchería,Mezquital,Durango,,Rural,https://postali.app/mx/durango/mezquital/el-tejaban
34988,La Curva,Ranchería,Mezquital,Durango,,Rural,https://postali.app/mx/durango/mezquital/la-curva
34988,La Joya,Ranchería,Mezquital,Durango,,Rural,https://postali.app/mx/durango/mezquital/la-joya-34988
34988,La Mesa de la Gloria,Ranchería,Mezquital,Durango,,Rural,https://postali.app/mx/durango/mezquital/la-mesa-de-la-gloria
34988,Laguna del Chivo,Ranchería,Mezquital,Durango,,Rural,https://postali.app/mx/durango/mezquital/laguna-del-chivo
34988,Las Cuevitas (Entronque Alamitos),Ranchería,Mezquital,Durango,,Rural,https://postali.app/mx/durango/mezquital/las-cuevitas-entronque-alamitos
34988,Las Milpas,Ranchería,Mezquital,Durango,,Rural,https://postali.app/mx/durango/mezquital/las-milpas-34988
34988,Las Panchas,Ranchería,Mezquital,Durango,,Rural,https://postali.app/mx/durango/mezquital/las-panchas
34988,Las Parras,Ranchería,Mezquital,Durango,,Rural,https://postali.app/mx/durango/mezquital/las-parras
34988,Los Charcos,Ranchería,Mezquital,Durango,,Rural,https://postali.app/mx/durango/mezquital/los-charcos
34988,Los Chichamoles,Ranchería,Mezquital,Durango,,Rural,https://postali.app/mx/durango/mezquital/los-chichamoles
34988,Macho Parado,Ranchería,Mezquital,Durango,,Rural,https://postali.app/mx/durango/mezquital/macho-parado-34988
34988,Puerto Blanco,Ranchería,Mezquital,Durango,,Rural,https://postali.app/mx/durango/mezquital/puerto-blanco
34988,Puerto del Durazno,Ranchería,Mezquital,Durango,,Rural,https://postali.app/mx/durango/mezquital/puerto-del-durazno
34988,Rancho Arcoíris (Rancho Nuevo),Ranchería,Mezquital,Durango,,Rural,https://postali.app/mx/durango/mezquital/rancho-arcoiris-rancho-nuevo
34988,San José del Bajío,Ranchería,Mezquital,Durango,,Rural,https://postali.app/mx/durango/mezquital/san-jose-del-bajio
34988,Timones,Ranchería,Mezquital,Durango,,Rural,https://postali.app/mx/durango/mezquital/timones
34988,Tres Manzanillas,Ranchería,Mezquital,Durango,,Rural,https://postali.app/mx/durango/mezquital/tres-manzanillas
34988,Ángela Aguilar,Ejido,Mezquital,Durango,,Rural,https://postali.app/mx/durango/mezquital/angela-aguilar
34990,Agua Fría,Ranchería,Mezquital,Durango,,Rural,https://postali.app/mx/durango/mezquital/agua-fria
34990,Camichiz,Ranchería,Mezquital,Durango,,Rural,https://postali.app/mx/durango/mezquital/camichiz
34990,Cantaritos,Ranchería,Mezquital,Durango,,Rural,https://postali.app/mx/durango/mezquital/cantaritos
34990,Capultita,Ranchería,Mezquital,Durango,,Rural,https://postali.app/mx/durango/mezquital/capultita
34990,Carambas,Ranchería,Mezquital,Durango,,Rural,https://postali.app/mx/durango/mezquital/carambas
34990,Chimaltita,Ranchería,Mezquital,Durango,,Rural,https://postali.app/mx/durango/mezquital/chimaltita
34990,Conejos,Ranchería,Mezquital,Durango,,Rural,https://postali.app/mx/durango/mezquital/conejos
34990,Cordón del Encino,Ranchería,Mezquital,Durango,,Rural,https://postali.app/mx/durango/mezquital/cordon-del-encino
34990,Coyotes,Ranchería,Mezquital,Durango,,Rural,https://postali.app/mx/durango/mezquital/coyotes
34990,El Catorce,Ranchería,Mezquital,Durango,,Rural,https://postali.app/mx/durango/mezquital/el-catorce
34990,El Cordón,Ranchería,Mezquital,Durango,,Rural,https://postali.app/mx/durango/mezquital/el-cordon
34990,El Cordón,Ejido,Mezquital,Durango,,Rural,https://postali.app/mx/durango/mezquital/el-cordon-34990
34990,El Limón,Ejido,Mezquital,Durango,,Rural,https://postali.app/mx/durango/mezquital/el-limon-34990
34990,El Naranjo,Ranchería,Mezquital,Durango,,Rural,https://postali.app/mx/durango/mezquital/el-naranjo
34990,El Potrero,Ranchería,Mezquital,Durango,,Rural,https://postali.app/mx/durango/mezquital/el-potrero
34990,El Rodeo,Ranchería,Mezquital,Durango,,Rural,https://postali.app/mx/durango/mezquital/el-rodeo-34990
34990,El Sauce,Ranchería,Mezquital,Durango,,Rural,https://postali.app/mx/durango/mezquital/el-sauce
34990,El Zapote,Ranchería,Mezquital,Durango,,Rural,https://postali.app/mx/durango/mezquital/el-zapote-34990
34990,Fortines (Los Fortines),Ranchería,Mezquital,Durango,,Rural,https://postali.app/mx/durango/mezquital/fortines-los-fortines
34990,Huastita,Ranchería,Mezquital,Durango,,Rural,https://postali.app/mx/durango/mezquital/huastita
34990,Huazamota,Ranchería,Mezquital,Durango,,Rural,https://postali.app/mx/durango/mezquital/huazamota
34990,Jocouixtle (Palo Amarillo),Ranchería,Mezquital,Durango,,Rural,https://postali.app/mx/durango/mezquital/jocouixtle-palo-amarillo
34990,La Chira,Ranchería,Mezquital,Durango,,Rural,https://postali.app/mx/durango/mezquital/la-chira
34990,La Cofradía,Ranchería,Mezquital,Durango,,Rural,https://postali.app/mx/durango/mezquital/la-cofradia-34990
34990,La Estancia,Ranchería,Mezquital,Durango,,Rural,https://postali.app/mx/durango/mezquital/la-estancia
34990,La Joya,Ejido,Mezquital,Durango,,Rural,https://postali.app/mx/durango/mezquital/la-joya-34990
34990,La Joyanca,Ranchería,Mezquital,Durango,,Rural,https://postali.app/mx/durango/mezquital/la-joyanca
34990,La Laguna,Ranchería,Mezquital,Durango,,Rural,https://postali.app/mx/durango/mezquital/la-laguna-34990
34990,La Mina,Ranchería,Mezquital,Durango,,Rural,https://postali.app/mx/durango/mezquital/la-mina
34990,Las Guásimas,Ranchería,Mezquital,Durango,,Rural,https://postali.app/mx/durango/mezquital/las-guasimas-34990
34990,Las Lagunitas,Ranchería,Mezquital,Durango,,Rural,https://postali.app/mx/durango/mezquital/las-lagunitas
34990,Las Rosas (Mazata),Ranchería,Mezquital,Durango,,Rural,https://postali.app/mx/durango/mezquital/las-rosas-mazata
34990,Laureles,Ranchería,Mezquital,Durango,,Rural,https://postali.app/mx/durango/mezquital/laureles
34990,Llano Delgado,Ranchería,Mezquital,Durango,,Rural,https://postali.app/mx/durango/mezquital/llano-delgado-34990
34990,Loma Alta,Ranchería,Mezquital,Durango,,Rural,https://postali.app/mx/durango/mezquital/loma-alta
34990,Los Cerritos,Ranchería,Mezquital,Durango,,Rural,https://postali.app/mx/durango/mezquital/los-cerritos-34990
34990,Los Ciruelos,Ranchería,Mezquital,Durango,,Rural,https://postali.app/mx/durango/mezquital/los-ciruelos
34990,Los Copales,Ranchería,Mezquital,Durango,,Rural,https://postali.app/mx/durango/mezquital/los-copales
34990,Los Corpos,Ejido,Mezquital,Durango,,Rural,https://postali.app/mx/durango/mezquital/los-corpos
34990,Los Llanitos,Ranchería,Mezquital,Durango,,Rural,https://postali.app/mx/durango/mezquital/los-llanitos
34990,Los Zapotes,Ranchería,Mezquital,Durango,,Rural,https://postali.app/mx/durango/mezquital/los-zapotes-34990
34990,Luis Cardenas,Ranchería,Mezquital,Durango,,Rural,https://postali.app/mx/durango/mezquital/luis-cardenas
34990,Masparillos,Ranchería,Mezquital,Durango,,Rural,https://postali.app/mx/durango/mezquital/masparillos
34990,Mojolotita,Ranchería,Mezquital,Durango,,Rural,https://postali.app/mx/durango/mezquital/mojolotita
34990,Nopalitos,Ranchería,Mezquital,Durango,,Rural,https://postali.app/mx/durango/mezquital/nopalitos
34990,Paso de los Arrieros,Ranchería,Mezquital,Durango,,Rural,https://postali.app/mx/durango/mezquital/paso-de-los-arrieros
34990,Picachos,Ranchería,Mezquital,Durango,,Rural,https://postali.app/mx/durango/mezquital/picachos
34990,Puerta de Mazata,Ranchería,Mezquital,Durango,,Rural,https://postali.app/mx/durango/mezquital/puerta-de-mazata
34990,San Antonio de Padua,Ranchería,Mezquital,Durango,,Rural,https://postali.app/mx/durango/mezquital/san-antonio-de-padua
34990,Texcalame,Ranchería,Mezquital,Durango,,Rural,https://postali.app/mx/durango/mezquital/texcalame
34990,Tierras Coloradas,Ranchería,Mezquital,Durango,,Rural,https://postali.app/mx/durango/mezquital/tierras-coloradas-34990
34990,Vigilia,Ranchería,Mezquital,Durango,,Rural,https://postali.app/mx/durango/mezquital/vigilia
34990,Yerbabuena,Ranchería,Mezquital,Durango,,Rural,https://postali.app/mx/durango/mezquital/yerbabuena-34990
34993,Agua Verde,Ejido,Mezquital,Durango,,Rural,https://postali.app/mx/durango/mezquital/agua-verde
34993,Agua Zarca,Ejido,Mezquital,Durango,,Rural,https://postali.app/mx/durango/mezquital/agua-zarca-34993
34993,Arroyo de Angostura,Ejido,Mezquital,Durango,,Rural,https://postali.app/mx/durango/mezquital/arroyo-de-angostura
34993,Arroyo de los Limones,Ejido,Mezquital,Durango,,Rural,https://postali.app/mx/durango/mezquital/arroyo-de-los-limones
34993,Barriles,Ejido,Mezquital,Durango,,Rural,https://postali.app/mx/durango/mezquital/barriles
34993,Buena Vista,Rancho,Mezquital,Durango,,Rural,https://postali.app/mx/durango/mezquital/buena-vista-34993
34993,Buenavista,Ejido,Mezquital,Durango,,Rural,https://postali.app/mx/durango/mezquital/buenavista
34993,Cachantita,Ranchería,Mezquital,Durango,,Rural,https://postali.app/mx/durango/mezquital/cachantita
34993,Campamento Canoas,Ranchería,Mezquital,Durango,,Rural,https://postali.app/mx/durango/mezquital/campamento-canoas
34993,Ceja de Cebolleta,Ranchería,Mezquital,Durango,,Rural,https://postali.app/mx/durango/mezquital/ceja-de-cebolleta
34993,Cerro Agujerado,Ranchería,Mezquital,Durango,,Rural,https://postali.app/mx/durango/mezquital/cerro-agujerado
34993,Cerro Blanco,Ranchería,Mezquital,Durango,,Rural,https://postali.app/mx/durango/mezquital/cerro-blanco-34993
34993,Cerro de la Silla,Ranchería,Mezquital,Durango,,Rural,https://postali.app/mx/durango/mezquital/cerro-de-la-silla
34993,Chalate 2,Ranchería,Mezquital,Durango,,Rural,https://postali.app/mx/durango/mezquital/chalate-2
34993,Chalchihuitillo,Ranchería,Mezquital,Durango,,Rural,https://postali.app/mx/durango/mezquital/chalchihuitillo
34993,Chalchihuitillo (Las Cruces),Ranchería,Mezquital,Durango,,Rural,https://postali.app/mx/durango/mezquital/chalchihuitillo-las-cruces
34993,Chicaltita,Ranchería,Mezquital,Durango,,Rural,https://postali.app/mx/durango/mezquital/chicaltita
34993,Chilacayotes,Ranchería,Mezquital,Durango,,Rural,https://postali.app/mx/durango/mezquital/chilacayotes
34993,Cieneguita,Ranchería,Mezquital,Durango,,Rural,https://postali.app/mx/durango/mezquital/cieneguita
34993,Ciénega de la Mesa,Ranchería,Mezquital,Durango,,Rural,https://postali.app/mx/durango/mezquital/cienega-de-la-mesa
34993,Ciénega de Mirasoles,Ranchería,Mezquital,Durango,,Rural,https://postali.app/mx/durango/mezquital/cienega-de-mirasoles
34993,Ciénega del Oso,Ranchería,Mezquital,Durango,,Rural,https://postali.app/mx/durango/mezquital/cienega-del-oso-34993
34993,Cordón el Carrizal,Ranchería,Mezquital,Durango,,Rural,https://postali.app/mx/durango/mezquital/cordon-el-carrizal
34993,El Banco,Ranchería,Mezquital,Durango,,Rural,https://postali.app/mx/durango/mezquital/el-banco
34993,El Carrizal,Ranchería,Mezquital,Durango,,Rural,https://postali.app/mx/durango/mezquital/el-carrizal-34993
34993,El Durazno (Duraznitos),Ranchería,Mezquital,Durango,,Rural,https://postali.app/mx/durango/mezquital/el-durazno-duraznitos
34993,El Espíritu Santo,Ranchería,Mezquital,Durango,,Rural,https://postali.app/mx/durango/mezquital/el-espiritu-santo
34993,El Huas,Ranchería,Mezquital,Durango,,Rural,https://postali.app/mx/durango/mezquital/el-huas
34993,El Maguey,Ranchería,Mezquital,Durango,,Rural,https://postali.app/mx/durango/mezquital/el-maguey-34993
34993,El Puerto del Carrizal,Ranchería,Mezquital,Durango,,Rural,https://postali.app/mx/durango/mezquital/el-puerto-del-carrizal
34993,El Tejabán,Ranchería,Mezquital,Durango,,Rural,https://postali.app/mx/durango/mezquital/el-tejaban-34993
34993,Enramadas,Ranchería,Mezquital,Durango,,Rural,https://postali.app/mx/durango/mezquital/enramadas
34993,Isquelta,Ranchería,Mezquital,Durango,,Rural,https://postali.app/mx/durango/mezquital/isquelta
34993,La Gloria (Canoas),Ranchería,Mezquital,Durango,,Rural,https://postali.app/mx/durango/mezquital/la-gloria-canoas
34993,La Hacienda,Ranchería,Mezquital,Durango,,Rural,https://postali.app/mx/durango/mezquital/la-hacienda
34993,La Joyanca de los Poblanos,Ranchería,Mezquital,Durango,,Rural,https://postali.app/mx/durango/mezquital/la-joyanca-de-los-poblanos
34993,La Laguna,Ranchería,Mezquital,Durango,,Rural,https://postali.app/mx/durango/mezquital/la-laguna-34993
34993,La Laguna,Ejido,Mezquital,Durango,,Rural,https://postali.app/mx/durango/mezquital/la-laguna-34993-6613
34993,La Mesa de San Bernabe,Ranchería,Mezquital,Durango,,Rural,https://postali.app/mx/durango/mezquital/la-mesa-de-san-bernabe
34993,La Palma,Ranchería,Mezquital,Durango,,Rural,https://postali.app/mx/durango/mezquital/la-palma-34993
34993,La Peña (Las Bolsas),Ranchería,Mezquital,Durango,,Rural,https://postali.app/mx/durango/mezquital/la-pena-las-bolsas
34993,La Puerta,Ranchería,Mezquital,Durango,,Rural,https://postali.app/mx/durango/mezquital/la-puerta
34993,La Soledad,Ranchería,Mezquital,Durango,,Rural,https://postali.app/mx/durango/mezquital/la-soledad
34993,Las Chiches,Ranchería,Mezquital,Durango,,Rural,https://postali.app/mx/durango/mezquital/las-chiches
34993,Las Esperanzas,Ranchería,Mezquital,Durango,,Rural,https://postali.app/mx/durango/mezquital/las-esperanzas
34993,Las Espinas,Ranchería,Mezquital,Durango,,Rural,https://postali.app/mx/durango/mezquital/las-espinas-34993
34993,Las Gallinas,Ranchería,Mezquital,Durango,,Rural,https://postali.app/mx/durango/mezquital/las-gallinas
34993,Las Glorias,Ranchería,Mezquital,Durango,,Rural,https://postali.app/mx/durango/mezquital/las-glorias
34993,Las Lajas,Ranchería,Mezquital,Durango,,Rural,https://postali.app/mx/durango/mezquital/las-lajas
34993,Las Minas,Ranchería,Mezquital,Durango,,Rural,https://postali.app/mx/durango/mezquital/las-minas-34993
34993,Las Montañas,Ranchería,Mezquital,Durango,,Rural,https://postali.app/mx/durango/mezquital/las-montanas
34993,Las Rejas de Cerro Blanco,Ranchería,Mezquital,Durango,,Rural,https://postali.app/mx/durango/mezquital/las-rejas-de-cerro-blanco
34993,Las Vigas,Ranchería,Mezquital,Durango,,Rural,https://postali.app/mx/durango/mezquital/las-vigas
34993,Lechuguillas,Ranchería,Mezquital,Durango,,Rural,https://postali.app/mx/durango/mezquital/lechuguillas
34993,Los Aguacates,Ranchería,Mezquital,Durango,,Rural,https://postali.app/mx/durango/mezquital/los-aguacates-34993
34993,Los Aguacates,Ejido,Mezquital,Durango,,Rural,https://postali.app/mx/durango/mezquital/los-aguacates-34993-6884
34993,Los Barros,Ranchería,Mezquital,Durango,,Rural,https://postali.app/mx/durango/mezquital/los-barros
34993,Los Bosques,Ranchería,Mezquital,Durango,,Rural,https://postali.app/mx/durango/mezquital/los-bosques
34993,Los Cajones,Ranchería,Mezquital,Durango,,Rural,https://postali.app/mx/durango/mezquital/los-cajones
34993,Los Duraznos,Ranchería,Mezquital,Durango,,Rural,https://postali.app/mx/durango/mezquital/los-duraznos-34993
34993,Los Encinos,Ranchería,Mezquital,Durango,,Rural,https://postali.app/mx/durango/mezquital/los-encinos
34993,Los Fortines,Ranchería,Mezquital,Durango,,Rural,https://postali.app/mx/durango/mezquital/los-fortines
34993,Los Hongos,Ranchería,Mezquital,Durango,,Rural,https://postali.app/mx/durango/mezquital/los-hongos
34993,Los Lazos,Ranchería,Mezquital,Durango,,Rural,https://postali.app/mx/durango/mezquital/los-lazos
34993,Los Obscuros,Ranchería,Mezquital,Durango,,Rural,https://postali.app/mx/durango/mezquital/los-obscuros
34993,Los Ocotes,Ranchería,Mezquital,Durango,,Rural,https://postali.app/mx/durango/mezquital/los-ocotes
34993,Los Picachos,Ranchería,Mezquital,Durango,,Rural,https://postali.app/mx/durango/mezquital/los-picachos
34993,Los Sauces,Ranchería,Mezquital,Durango,,Rural,https://postali.app/mx/durango/mezquital/los-sauces-34993
34993,Maguey Enterrado (La Ventanita),Ranchería,Mezquital,Durango,,Rural,https://postali.app/mx/durango/mezquital/maguey-enterrado-la-ventanita
34993,Margarito Mendoza Santana,Ranchería,Mezquital,Durango,,Rural,https://postali.app/mx/durango/mezquital/margarito-mendoza-santana
34993,Mesa de la Cebolleta,Ranchería,Mezquital,Durango,,Rural,https://postali.app/mx/durango/mezquital/mesa-de-la-cebolleta
34993,Mesa de los Bancos,Ranchería,Mezquital,Durango,,Rural,https://postali.app/mx/durango/mezquital/mesa-de-los-bancos
34993,Mesa de los Hongos,Ranchería,Mezquital,Durango,,Rural,https://postali.app/mx/durango/mezquital/mesa-de-los-hongos
34993,Mesa de Navíos,Ranchería,Mezquital,Durango,,Rural,https://postali.app/mx/durango/mezquital/mesa-de-navios
34993,Navíos,Ranchería,Mezquital,Durango,,Rural,https://postali.app/mx/durango/mezquital/navios
34993,Palmas,Ranchería,Mezquital,Durango,,Rural,https://postali.app/mx/durango/mezquital/palmas
34993,Penillas,Ranchería,Mezquital,Durango,,Rural,https://postali.app/mx/durango/mezquital/penillas
34993,Picachos (Barranca de los Picachos),Ranchería,Mezquital,Durango,,Rural,https://postali.app/mx/durango/mezquital/picachos-barranca-de-los-picachos
34993,Pinos Altos,Ranchería,Mezquital,Durango,,Rural,https://postali.app/mx/durango/mezquital/pinos-altos
34993,Puerta de Pericos,Ranchería,Mezquital,Durango,,Rural,https://postali.app/mx/durango/mezquital/puerta-de-pericos
34993,Rancho Nuevo,Ranchería,Mezquital,Durango,,Rural,https://postali.app/mx/durango/mezquital/rancho-nuevo-34993
34993,Santa Lucía,Ranchería,Mezquital,Durango,,Rural,https://postali.app/mx/durango/mezquital/santa-lucia
34993,Saucito (Los Monos),Ranchería,Mezquital,Durango,,Rural,https://postali.app/mx/durango/mezquital/saucito-los-monos
34993,Sotolita,Ranchería,Mezquital,Durango,,Rural,https://postali.app/mx/durango/mezquital/sotolita
34993,Tachichilpa,Ranchería,Mezquital,Durango,,Rural,https://postali.app/mx/durango/mezquital/tachichilpa-34993
34993,Tempisque,Ranchería,Mezquital,Durango,,Rural,https://postali.app/mx/durango/mezquital/tempisque
34993,Tepetates de la Sierra,Ranchería,Mezquital,Durango,,Rural,https://postali.app/mx/durango/mezquital/tepetates-de-la-sierra
34993,Tonalampa,Ranchería,Mezquital,Durango,,Rural,https://postali.app/mx/durango/mezquital/tonalampa
34994,Agua Caliente,Ejido,Mezquital,Durango,,Rural,https://postali.app/mx/durango/mezquital/agua-caliente-34994
34994,Altamira,Ejido,Mezquital,Durango,,Rural,https://postali.app/mx/durango/mezquital/altamira
34994,Bajío de Gavilanes,Pueblo,Mezquital,Durango,,Rural,https://postali.app/mx/durango/mezquital/bajio-de-gavilanes
34994,Bajío de la Ciénega,Ejido,Mezquital,Durango,,Rural,https://postali.app/mx/durango/mezquital/bajio-de-la-cienega
34994,Bancos,Ejido,Mezquital,Durango,,Rural,https://postali.app/mx/durango/mezquital/bancos
34994,Buenos Aires (Mesa de la Bandera),Ejido,Mezquital,Durango,,Rural,https://postali.app/mx/durango/mezquital/buenos-aires-mesa-de-la-bandera
34994,Cerro Gordo,Ranchería,Mezquital,Durango,,Rural,https://postali.app/mx/durango/mezquital/cerro-gordo
34994,Ciénega Ladera,Ranchería,Mezquital,Durango,,Rural,https://postali.app/mx/durango/mezquital/cienega-ladera
34994,Corralitos,Ranchería,Mezquital,Durango,,Rural,https://postali.app/mx/durango/mezquital/corralitos
34994,El Consuelo,Ranchería,Mezquital,Durango,,Rural,https://postali.app/mx/durango/mezquital/el-consuelo
34994,El Cotorro,Ranchería,Mezquital,Durango,,Rural,https://postali.app/mx/durango/mezquital/el-cotorro
34994,El Escorpión,Ranchería,Mezquital,Durango,,Rural,https://postali.app/mx/durango/mezquital/el-escorpion
34994,El Huas,Ranchería,Mezquital,Durango,,Rural,https://postali.app/mx/durango/mezquital/el-huas-34994
34994,El Llanito,Ranchería,Mezquital,Durango,,Rural,https://postali.app/mx/durango/mezquital/el-llanito-34994
34994,El Mezquite,Ranchería,Mezquital,Durango,,Rural,https://postali.app/mx/durango/mezquital/el-mezquite-34994
34994,El Potrero,Ranchería,Mezquital,Durango,,Rural,https://postali.app/mx/durango/mezquital/el-potrero-34994
34994,El Pírame (Peña Alto),Ranchería,Mezquital,Durango,,Rural,https://postali.app/mx/durango/mezquital/el-pirame-pena-alto
34994,Gavilanes,Ranchería,Mezquital,Durango,,Rural,https://postali.app/mx/durango/mezquital/gavilanes
34994,Irak,Ranchería,Mezquital,Durango,,Rural,https://postali.app/mx/durango/mezquital/irak
34994,La Brillera,Ranchería,Mezquital,Durango,,Rural,https://postali.app/mx/durango/mezquital/la-brillera
34994,La Ceja,Ranchería,Mezquital,Durango,,Rural,https://postali.app/mx/durango/mezquital/la-ceja-34994
34994,La Ceja,Ejido,Mezquital,Durango,,Rural,https://postali.app/mx/durango/mezquital/la-ceja-34994-6532
34994,La Ciénega,Ranchería,Mezquital,Durango,,Rural,https://postali.app/mx/durango/mezquital/la-cienega-34994
34994,La Cruz,Ranchería,Mezquital,Durango,,Rural,https://postali.app/mx/durango/mezquital/la-cruz-34994
34994,La Joya,Ranchería,Mezquital,Durango,,Rural,https://postali.app/mx/durango/mezquital/la-joya-34994
34994,La Ladera,Ranchería,Mezquital,Durango,,Rural,https://postali.app/mx/durango/mezquital/la-ladera
34994,La Laguna,Ranchería,Mezquital,Durango,,Rural,https://postali.app/mx/durango/mezquital/la-laguna-34994
34994,La Manga,Ranchería,Mezquital,Durango,,Rural,https://postali.app/mx/durango/mezquital/la-manga
34994,La Muralla,Ranchería,Mezquital,Durango,,Rural,https://postali.app/mx/durango/mezquital/la-muralla
34994,La Pista,Ranchería,Mezquital,Durango,,Rural,https://postali.app/mx/durango/mezquital/la-pista-34994
34994,La Presa,Ranchería,Mezquital,Durango,,Rural,https://postali.app/mx/durango/mezquital/la-presa-34994
34994,La Reja,Ranchería,Mezquital,Durango,,Rural,https://postali.app/mx/durango/mezquital/la-reja
34994,La Soledad,Ranchería,Mezquital,Durango,,Rural,https://postali.app/mx/durango/mezquital/la-soledad-34994
34994,La Soledad,Ejido,Mezquital,Durango,,Rural,https://postali.app/mx/durango/mezquital/la-soledad-34994-6697
34994,La Venadita,Ranchería,Mezquital,Durango,,Rural,https://postali.app/mx/durango/mezquital/la-venadita
34994,La Ventana,Ranchería,Mezquital,Durango,,Rural,https://postali.app/mx/durango/mezquital/la-ventana-34994
34994,La Ventana,Ejido,Mezquital,Durango,,Rural,https://postali.app/mx/durango/mezquital/la-ventana-34994-6710
34994,La Ventana,Ranchería,Mezquital,Durango,,Rural,https://postali.app/mx/durango/mezquital/la-ventana-34994-7314
34994,La Ventana (Zapotes),Ranchería,Mezquital,Durango,,Rural,https://postali.app/mx/durango/mezquital/la-ventana-zapotes
34994,Las Cabezas,Ranchería,Mezquital,Durango,,Rural,https://postali.app/mx/durango/mezquital/las-cabezas-34994
34994,Las Cabezas,Ejido,Mezquital,Durango,,Rural,https://postali.app/mx/durango/mezquital/las-cabezas-34994-6737
34994,Las Ciruelas,Ranchería,Mezquital,Durango,,Rural,https://postali.app/mx/durango/mezquital/las-ciruelas-34994
34994,Las Joyas,Ranchería,Mezquital,Durango,,Rural,https://postali.app/mx/durango/mezquital/las-joyas-34994
34994,Las Joyas de Abajo,Ranchería,Mezquital,Durango,,Rural,https://postali.app/mx/durango/mezquital/las-joyas-de-abajo
34994,Las Joyas de Arriba,Ranchería,Mezquital,Durango,,Rural,https://postali.app/mx/durango/mezquital/las-joyas-de-arriba
34994,Las Mangas,Ranchería,Mezquital,Durango,,Rural,https://postali.app/mx/durango/mezquital/las-mangas
34994,Las Mesas,Ranchería,Mezquital,Durango,,Rural,https://postali.app/mx/durango/mezquital/las-mesas-34994
34994,Las Minitas,Ranchería,Mezquital,Durango,,Rural,https://postali.app/mx/durango/mezquital/las-minitas
34994,Las Pitayitas,Ranchería,Mezquital,Durango,,Rural,https://postali.app/mx/durango/mezquital/las-pitayitas
34994,Las Sillas,Ranchería,Mezquital,Durango,,Rural,https://postali.app/mx/durango/mezquital/las-sillas
34994,Los Aires,Ranchería,Mezquital,Durango,,Rural,https://postali.app/mx/durango/mezquital/los-aires-34994
34994,Los Alacranes,Ranchería,Mezquital,Durango,,Rural,https://postali.app/mx/durango/mezquital/los-alacranes-34994
34994,Los Balones,Ranchería,Mezquital,Durango,,Rural,https://postali.app/mx/durango/mezquital/los-balones
34994,Los Barros,Ranchería,Mezquital,Durango,,Rural,https://postali.app/mx/durango/mezquital/los-barros-34994
34994,Los Berros,Ranchería,Mezquital,Durango,,Rural,https://postali.app/mx/durango/mezquital/los-berros
34994,Los Cedros,Ranchería,Mezquital,Durango,,Rural,https://postali.app/mx/durango/mezquital/los-cedros
34994,Los Cordones (Rincones),Ranchería,Mezquital,Durango,,Rural,https://postali.app/mx/durango/mezquital/los-cordones-rincones
34994,Los Coyautes,Ranchería,Mezquital,Durango,,Rural,https://postali.app/mx/durango/mezquital/los-coyautes
34994,Los Duraznos,Ranchería,Mezquital,Durango,,Rural,https://postali.app/mx/durango/mezquital/los-duraznos-34994
34994,Los Duraznos,Ejido,Mezquital,Durango,,Rural,https://postali.app/mx/durango/mezquital/los-duraznos-34994-6960
34994,Los Encinos,Ranchería,Mezquital,Durango,,Rural,https://postali.app/mx/durango/mezquital/los-encinos-34994
34994,Los Encinos,Ejido,Mezquital,Durango,,Rural,https://postali.app/mx/durango/mezquital/los-encinos-34994-6969
34994,Los Hoyos,Ranchería,Mezquital,Durango,,Rural,https://postali.app/mx/durango/mezquital/los-hoyos
34994,Los Lirios,Ranchería,Mezquital,Durango,,Rural,https://postali.app/mx/durango/mezquital/los-lirios
34994,Los Metates,Ranchería,Mezquital,Durango,,Rural,https://postali.app/mx/durango/mezquital/los-metates-34994
34994,Los Robles,Ranchería,Mezquital,Durango,,Rural,https://postali.app/mx/durango/mezquital/los-robles-34994
34994,Magueyes,Ranchería,Mezquital,Durango,,Rural,https://postali.app/mx/durango/mezquital/magueyes
34994,Mesa de Conejos,Ranchería,Mezquital,Durango,,Rural,https://postali.app/mx/durango/mezquital/mesa-de-conejos
34994,Mesa de la Bandera,Ranchería,Mezquital,Durango,,Rural,https://postali.app/mx/durango/mezquital/mesa-de-la-bandera
34994,Mesa de Soyates,Ranchería,Mezquital,Durango,,Rural,https://postali.app/mx/durango/mezquital/mesa-de-soyates
34994,Mesa del Venado,Ranchería,Mezquital,Durango,,Rural,https://postali.app/mx/durango/mezquital/mesa-del-venado
34994,Murciélagos,Ranchería,Mezquital,Durango,,Rural,https://postali.app/mx/durango/mezquital/murcielagos
34994,Pirame de Arriba,Ranchería,Mezquital,Durango,,Rural,https://postali.app/mx/durango/mezquital/pirame-de-arriba
34994,Puerto de Corralitos,Ranchería,Mezquital,Durango,,Rural,https://postali.app/mx/durango/mezquital/puerto-de-corralitos
34994,Rancho Viejo,Ranchería,Mezquital,Durango,,Rural,https://postali.app/mx/durango/mezquital/rancho-viejo
34994,San Isidro,Ranchería,Mezquital,Durango,,Rural,https://postali.app/mx/durango/mezquital/san-isidro-34994
34994,San José del Llano,Ejido,Mezquital,Durango,,Rural,https://postali.app/mx/durango/mezquital/san-jose-del-llano-34994
34994,Texcalame,Ranchería,Mezquital,Durango,,Rural,https://postali.app/mx/durango/mezquital/texcalame-34994
34994,Tierra Arada,Ranchería,Mezquital,Durango,,Rural,https://postali.app/mx/durango/mezquital/tierra-arada
34994,Tierra Blanca,Ranchería,Mezquital,Durango,,Rural,https://postali.app/mx/durango/mezquital/tierra-blanca-34994
34994,Torrecillas,Ranchería,Mezquital,Durango,,Rural,https://postali.app/mx/durango/mezquital/torrecillas
34994,Tres Cerritos,Ranchería,Mezquital,Durango,,Rural,https://postali.app/mx/durango/mezquital/tres-cerritos
34994,Zalatita,Ranchería,Mezquital,Durango,,Rural,https://postali.app/mx/durango/mezquital/zalatita
34994,Zapotes,Ranchería,Mezquital,Durango,,Rural,https://postali.app/mx/durango/mezquital/zapotes-34994
34995,Agua Caliente,Ejido,Mezquital,Durango,,Rural,https://postali.app/mx/durango/mezquital/agua-caliente-34995
34995,Agua Fría,Ejido,Mezquital,Durango,,Rural,https://postali.app/mx/durango/mezquital/agua-fria-34995
34995,Agua Seca,Ejido,Mezquital,Durango,,Rural,https://postali.app/mx/durango/mezquital/agua-seca
34995,Agua Verde,Ejido,Mezquital,Durango,,Rural,https://postali.app/mx/durango/mezquital/agua-verde-34995
34995,Bajío de la China,Ranchería,Mezquital,Durango,,Rural,https://postali.app/mx/durango/mezquital/bajio-de-la-china
34995,Cabezas,Ranchería,Mezquital,Durango,,Rural,https://postali.app/mx/durango/mezquital/cabezas
34995,Canoítas (Canoas Dos),Ranchería,Mezquital,Durango,,Rural,https://postali.app/mx/durango/mezquital/canoitas-canoas-dos
34995,Cebolleta,Ranchería,Mezquital,Durango,,Rural,https://postali.app/mx/durango/mezquital/cebolleta
34995,Ceja de los Cuervos,Ranchería,Mezquital,Durango,,Rural,https://postali.app/mx/durango/mezquital/ceja-de-los-cuervos
34995,Cerro Bolillo,Ranchería,Mezquital,Durango,,Rural,https://postali.app/mx/durango/mezquital/cerro-bolillo-34995
34995,Cerro de las Mesas,Ranchería,Mezquital,Durango,,Rural,https://postali.app/mx/durango/mezquital/cerro-de-las-mesas
34995,Chalate,Ranchería,Mezquital,Durango,,Rural,https://postali.app/mx/durango/mezquital/chalate
34995,Chinacates,Ranchería,Mezquital,Durango,,Rural,https://postali.app/mx/durango/mezquital/chinacates
34995,Combustita,Ranchería,Mezquital,Durango,,Rural,https://postali.app/mx/durango/mezquital/combustita
34995,El Carrizal,Ranchería,Mezquital,Durango,,Rural,https://postali.app/mx/durango/mezquital/el-carrizal-34995
34995,El Carrizalillo,Ranchería,Mezquital,Durango,,Rural,https://postali.app/mx/durango/mezquital/el-carrizalillo
34995,El Guayabito,Ranchería,Mezquital,Durango,,Rural,https://postali.app/mx/durango/mezquital/el-guayabito
34995,El Rincón,Ranchería,Mezquital,Durango,,Rural,https://postali.app/mx/durango/mezquital/el-rincon-34995
34995,El Sapo,Ranchería,Mezquital,Durango,,Rural,https://postali.app/mx/durango/mezquital/el-sapo
34995,El Toro,Ranchería,Mezquital,Durango,,Rural,https://postali.app/mx/durango/mezquital/el-toro-34995
34995,Hervidero,Ranchería,Mezquital,Durango,,Rural,https://postali.app/mx/durango/mezquital/hervidero
34995,Huazamotita,Ranchería,Mezquital,Durango,,Rural,https://postali.app/mx/durango/mezquital/huazamotita
34995,La Buñiga,Ranchería,Mezquital,Durango,,Rural,https://postali.app/mx/durango/mezquital/la-buniga
34995,La Cofradía,Ranchería,Mezquital,Durango,,Rural,https://postali.app/mx/durango/mezquital/la-cofradia-34995
34995,La Cumbre,Ranchería,Mezquital,Durango,,Rural,https://postali.app/mx/durango/mezquital/la-cumbre-34995
34995,La Joyita,Ranchería,Mezquital,Durango,,Rural,https://postali.app/mx/durango/mezquital/la-joyita
34995,La Mesa,Ranchería,Mezquital,Durango,,Rural,https://postali.app/mx/durango/mezquital/la-mesa-34995
34995,La Mesa de San Buena (San Buena),Ranchería,Mezquital,Durango,,Rural,https://postali.app/mx/durango/mezquital/la-mesa-de-san-buena-san-buena
34995,La Meza,Ranchería,Mezquital,Durango,,Rural,https://postali.app/mx/durango/mezquital/la-meza
34995,La Semilla,Ranchería,Mezquital,Durango,,Rural,https://postali.app/mx/durango/mezquital/la-semilla
34995,La Tinaja,Ranchería,Mezquital,Durango,,Rural,https://postali.app/mx/durango/mezquital/la-tinaja-34995
34995,La Ventana,Ranchería,Mezquital,Durango,,Rural,https://postali.app/mx/durango/mezquital/la-ventana-34995
34995,Laguna del Burro,Ranchería,Mezquital,Durango,,Rural,https://postali.app/mx/durango/mezquital/laguna-del-burro
34995,Las Enramadas,Ranchería,Mezquital,Durango,,Rural,https://postali.app/mx/durango/mezquital/las-enramadas
34995,Las Joyas,Ranchería,Mezquital,Durango,,Rural,https://postali.app/mx/durango/mezquital/las-joyas-34995
34995,Las Joyas (Guayabitos),Ranchería,Mezquital,Durango,,Rural,https://postali.app/mx/durango/mezquital/las-joyas-guayabitos
34995,Las Palomas,Ranchería,Mezquital,Durango,,Rural,https://postali.app/mx/durango/mezquital/las-palomas-34995
34995,Los Arenales,Ranchería,Mezquital,Durango,,Rural,https://postali.app/mx/durango/mezquital/los-arenales
34995,Los Caballos,Ranchería,Mezquital,Durango,,Rural,https://postali.app/mx/durango/mezquital/los-caballos-34995
34995,Los Espejos,Ranchería,Mezquital,Durango,,Rural,https://postali.app/mx/durango/mezquital/los-espejos
34995,Los Hornos,Ranchería,Mezquital,Durango,,Rural,https://postali.app/mx/durango/mezquital/los-hornos
34995,Los Jabones,Ranchería,Mezquital,Durango,,Rural,https://postali.app/mx/durango/mezquital/los-jabones
34995,Los Padres,Ranchería,Mezquital,Durango,,Rural,https://postali.app/mx/durango/mezquital/los-padres
34995,Los Perros,Ranchería,Mezquital,Durango,,Rural,https://postali.app/mx/durango/mezquital/los-perros
34995,Los Pinitos,Ranchería,Mezquital,Durango,,Rural,https://postali.app/mx/durango/mezquital/los-pinitos-34995
34995,Los Robles,Ranchería,Mezquital,Durango,,Rural,https://postali.app/mx/durango/mezquital/los-robles-34995
34995,Los Tejones,Ranchería,Mezquital,Durango,,Rural,https://postali.app/mx/durango/mezquital/los-tejones-34995
34995,Mesa de las Milpas,Ranchería,Mezquital,Durango,,Rural,https://postali.app/mx/durango/mezquital/mesa-de-las-milpas
34995,Metatita,Ranchería,Mezquital,Durango,,Rural,https://postali.app/mx/durango/mezquital/metatita
34995,Muruata,Ranchería,Mezquital,Durango,,Rural,https://postali.app/mx/durango/mezquital/muruata
34995,Piedra de Amolar,Ranchería,Mezquital,Durango,,Rural,https://postali.app/mx/durango/mezquital/piedra-de-amolar
34995,Piedras Altas,Ranchería,Mezquital,Durango,,Rural,https://postali.app/mx/durango/mezquital/piedras-altas
34995,Pino Real,Ranchería,Mezquital,Durango,,Rural,https://postali.app/mx/durango/mezquital/pino-real
34995,Pinos Altos,Ranchería,Mezquital,Durango,,Rural,https://postali.app/mx/durango/mezquital/pinos-altos-34995
34995,Platanitos,Ranchería,Mezquital,Durango,,Rural,https://postali.app/mx/durango/mezquital/platanitos
34995,Rancho la Peña,Ranchería,Mezquital,Durango,,Rural,https://postali.app/mx/durango/mezquital/rancho-la-pena
34995,San Bernabé,Ranchería,Mezquital,Durango,,Rural,https://postali.app/mx/durango/mezquital/san-bernabe
34995,San Pedro de Xícoras,Ranchería,Mezquital,Durango,,Rural,https://postali.app/mx/durango/mezquital/san-pedro-de-xicoras
34995,Sotolitos,Ranchería,Mezquital,Durango,,Rural,https://postali.app/mx/durango/mezquital/sotolitos
34995,Tepocatita,Ranchería,Mezquital,Durango,,Rural,https://postali.app/mx/durango/mezquital/tepocatita
34995,Tierra Blanca,Ranchería,Mezquital,Durango,,Rural,https://postali.app/mx/durango/mezquital/tierra-blanca-34995
34995,Tierras Blancas,Ranchería,Mezquital,Durango,,Rural,https://postali.app/mx/durango/mezquital/tierras-blancas
34995,Tres Colores,Ranchería,Mezquital,Durango,,Rural,https://postali.app/mx/durango/mezquital/tres-colores
34995,Viejo,Rancho,Mezquital,Durango,,Rural,https://postali.app/mx/durango/mezquital/viejo
34995,Yerbaníz,Ranchería,Mezquital,Durango,,Rural,https://postali.app/mx/durango/mezquital/yerbaniz
34996,Berenjén (Tepetates Dos),Ranchería,Mezquital,Durango,,Rural,https://postali.app/mx/durango/mezquital/berenjen-tepetates-dos
34996,Chalatita,Ranchería,Mezquital,Durango,,Rural,https://postali.app/mx/durango/mezquital/chalatita
34996,Curachitos (Buena Vista),Ranchería,Mezquital,Durango,,Rural,https://postali.app/mx/durango/mezquital/curachitos-buena-vista
34996,El Aguacate,Ranchería,Mezquital,Durango,,Rural,https://postali.app/mx/durango/mezquital/el-aguacate-34996
34996,El Carrizal,Ranchería,Mezquital,Durango,,Rural,https://postali.app/mx/durango/mezquital/el-carrizal-34996
34996,El Chalate,Ranchería,Mezquital,Durango,,Rural,https://postali.app/mx/durango/mezquital/el-chalate
34996,El Venado,Ranchería,Mezquital,Durango,,Rural,https://postali.app/mx/durango/mezquital/el-venado-34996
34996,Guajolote,Ranchería,Mezquital,Durango,,Rural,https://postali.app/mx/durango/mezquital/guajolote
34996,La Angostura (El Aguacate),Ranchería,Mezquital,Durango,,Rural,https://postali.app/mx/durango/mezquital/la-angostura-el-aguacate
34996,La Cañada,Ranchería,Mezquital,Durango,,Rural,https://postali.app/mx/durango/mezquital/la-canada
34996,La Mesa,Ranchería,Mezquital,Durango,,Rural,https://postali.app/mx/durango/mezquital/la-mesa-34996
34996,La Ventana,Ejido,Mezquital,Durango,,Rural,https://postali.app/mx/durango/mezquital/la-ventana-34996
34996,Las Cruces,Ranchería,Mezquital,Durango,,Rural,https://postali.app/mx/durango/mezquital/las-cruces-34996
34996,Las Guásimas,Ranchería,Mezquital,Durango,,Rural,https://postali.app/mx/durango/mezquital/las-guasimas-34996
34996,Las Hormigas,Ranchería,Mezquital,Durango,,Rural,https://postali.app/mx/durango/mezquital/las-hormigas
34996,Las Joyas,Ranchería,Mezquital,Durango,,Rural,https://postali.app/mx/durango/mezquital/las-joyas-34996
34996,Las Norias,Ranchería,Mezquital,Durango,,Rural,https://postali.app/mx/durango/mezquital/las-norias
34996,Las Pilitas,Ranchería,Mezquital,Durango,,Rural,https://postali.app/mx/durango/mezquital/las-pilitas
34996,Las Tortugas,Ranchería,Mezquital,Durango,,Rural,https://postali.app/mx/durango/mezquital/las-tortugas-34996
34996,Los Alacranes,Ranchería,Mezquital,Durango,,Rural,https://postali.app/mx/durango/mezquital/los-alacranes-34996
34996,Los Arquitos,Ranchería,Mezquital,Durango,,Rural,https://postali.app/mx/durango/mezquital/los-arquitos
34996,Los Coyotes,Ranchería,Mezquital,Durango,,Rural,https://postali.app/mx/durango/mezquital/los-coyotes
34996,Los Crucitos,Ranchería,Mezquital,Durango,,Rural,https://postali.app/mx/durango/mezquital/los-crucitos
34996,Los Encinos,Ranchería,Mezquital,Durango,,Rural,https://postali.app/mx/durango/mezquital/los-encinos-34996
34996,Los Gallos,Ranchería,Mezquital,Durango,,Rural,https://postali.app/mx/durango/mezquital/los-gallos
34996,Los Leones,Ranchería,Mezquital,Durango,,Rural,https://postali.app/mx/durango/mezquital/los-leones-34996
34996,Los Sapos,Ranchería,Mezquital,Durango,,Rural,https://postali.app/mx/durango/mezquital/los-sapos
34996,Los Tábanos,Ranchería,Mezquital,Durango,,Rural,https://postali.app/mx/durango/mezquital/los-tabanos
34996,Nuevo León,Ranchería,Mezquital,Durango,,Rural,https://postali.app/mx/durango/mezquital/nuevo-leon
34996,San Buenaventura,Ranchería,Mezquital,Durango,,Rural,https://postali.app/mx/durango/mezquital/san-buenaventura
34996,San Diego,Ranchería,Mezquital,Durango,,Rural,https://postali.app/mx/durango/mezquital/san-diego
34996,San Diego,Ejido,Mezquital,Durango,,Rural,https://postali.app/mx/durango/mezquital/san-diego-34996
34996,San Nicolás,Ranchería,Mezquital,Durango,,Rural,https://postali.app/mx/durango/mezquital/san-nicolas
34996,Techalote (Buenavista),Ranchería,Mezquital,Durango,,Rural,https://postali.app/mx/durango/mezquital/techalote-buenavista
34996,Tepalcates,Ranchería,Mezquital,Durango,,Rural,https://postali.app/mx/durango/mezquital/tepalcates
34996,Tepetates,Ranchería,Mezquital,Durango,,Rural,https://postali.app/mx/durango/mezquital/tepetates-34996
34996,Yonora,Ranchería,Mezquital,Durango,,Rural,https://postali.app/mx/durango/mezquital/yonora-34996
34997,Arroyo el Limón,Ejido,Mezquital,Durango,,Rural,https://postali.app/mx/durango/mezquital/arroyo-el-limon
34997,Arroyo Hondo,Ejido,Mezquital,Durango,,Rural,https://postali.app/mx/durango/mezquital/arroyo-hondo-34997
34997,Arroyo los Arrayanes,Ejido,Mezquital,Durango,,Rural,https://postali.app/mx/durango/mezquital/arroyo-los-arrayanes
34997,Bancos de Calitique,Pueblo,Mezquital,Durango,,Rural,https://postali.app/mx/durango/mezquital/bancos-de-calitique
34997,Brasiles,Ranchería,Mezquital,Durango,,Rural,https://postali.app/mx/durango/mezquital/brasiles
34997,Buenavista,Ejido,Mezquital,Durango,,Rural,https://postali.app/mx/durango/mezquital/buenavista-34997
34997,Caligüey,Ejido,Mezquital,Durango,,Rural,https://postali.app/mx/durango/mezquital/caliguey
34997,Calitique,Ranchería,Mezquital,Durango,,Rural,https://postali.app/mx/durango/mezquital/calitique
34997,Carretones,Ranchería,Mezquital,Durango,,Rural,https://postali.app/mx/durango/mezquital/carretones
34997,Cofradía,Ranchería,Mezquital,Durango,,Rural,https://postali.app/mx/durango/mezquital/cofradia
34997,Crucero del Carrizo,Ranchería,Mezquital,Durango,,Rural,https://postali.app/mx/durango/mezquital/crucero-del-carrizo
34997,El Aguacate,Ranchería,Mezquital,Durango,,Rural,https://postali.app/mx/durango/mezquital/el-aguacate-34997
34997,El Aguacate,Ejido,Mezquital,Durango,,Rural,https://postali.app/mx/durango/mezquital/el-aguacate-34997-6300
34997,El Aguacate,Rancho,Mezquital,Durango,,Rural,https://postali.app/mx/durango/mezquital/el-aguacate-34997-6301
34997,El Arrayán (El Guayabo),Ranchería,Mezquital,Durango,,Rural,https://postali.app/mx/durango/mezquital/el-arrayan-el-guayabo
34997,El Atravesaño,Ranchería,Mezquital,Durango,,Rural,https://postali.app/mx/durango/mezquital/el-atravesano
34997,El Duraznito,Ranchería,Mezquital,Durango,,Rural,https://postali.app/mx/durango/mezquital/el-duraznito-34997
34997,El Guayabo,Ranchería,Mezquital,Durango,,Rural,https://postali.app/mx/durango/mezquital/el-guayabo
34997,El Huarache,Ranchería,Mezquital,Durango,,Rural,https://postali.app/mx/durango/mezquital/el-huarache
34997,El Juego de Hule,Ranchería,Mezquital,Durango,,Rural,https://postali.app/mx/durango/mezquital/el-juego-de-hule
34997,El Llano de Cofradía,Ranchería,Mezquital,Durango,,Rural,https://postali.app/mx/durango/mezquital/el-llano-de-cofradia
34997,El Mezquite,Ranchería,Mezquital,Durango,,Rural,https://postali.app/mx/durango/mezquital/el-mezquite-34997
34997,El Pinito,Ranchería,Mezquital,Durango,,Rural,https://postali.app/mx/durango/mezquital/el-pinito
34997,El Puerto,Ranchería,Mezquital,Durango,,Rural,https://postali.app/mx/durango/mezquital/el-puerto
34997,El Tapeiste,Ranchería,Mezquital,Durango,,Rural,https://postali.app/mx/durango/mezquital/el-tapeiste
34997,El Zapote,Ejido,Mezquital,Durango,,Rural,https://postali.app/mx/durango/mezquital/el-zapote-34997
34997,La Arena,Ranchería,Mezquital,Durango,,Rural,https://postali.app/mx/durango/mezquital/la-arena
34997,La Bolsa,Ranchería,Mezquital,Durango,,Rural,https://postali.app/mx/durango/mezquital/la-bolsa
34997,La Boquilla,Ranchería,Mezquital,Durango,,Rural,https://postali.app/mx/durango/mezquital/la-boquilla
34997,La Cañada,Ranchería,Mezquital,Durango,,Rural,https://postali.app/mx/durango/mezquital/la-canada-34997
34997,La Ciénega,Ranchería,Mezquital,Durango,,Rural,https://postali.app/mx/durango/mezquital/la-cienega-34997
34997,La Ciénega de Torrecillas,Ranchería,Mezquital,Durango,,Rural,https://postali.app/mx/durango/mezquital/la-cienega-de-torrecillas
34997,La Haciendita,Ranchería,Mezquital,Durango,,Rural,https://postali.app/mx/durango/mezquital/la-haciendita
34997,La Higuerita,Ranchería,Mezquital,Durango,,Rural,https://postali.app/mx/durango/mezquital/la-higuerita
34997,La Laguna,Ranchería,Mezquital,Durango,,Rural,https://postali.app/mx/durango/mezquital/la-laguna-34997
34997,La Mora,Ranchería,Mezquital,Durango,,Rural,https://postali.app/mx/durango/mezquital/la-mora
34997,La Nopalera,Ranchería,Mezquital,Durango,,Rural,https://postali.app/mx/durango/mezquital/la-nopalera-34997
34997,La Ventanita,Ranchería,Mezquital,Durango,,Rural,https://postali.app/mx/durango/mezquital/la-ventanita
34997,Las Carreras,Ranchería,Mezquital,Durango,,Rural,https://postali.app/mx/durango/mezquital/las-carreras
34997,Las Higuerillas,Ranchería,Mezquital,Durango,,Rural,https://postali.app/mx/durango/mezquital/las-higuerillas
34997,Las Pilas,Ranchería,Mezquital,Durango,,Rural,https://postali.app/mx/durango/mezquital/las-pilas-34997
34997,Las Víboras,Ranchería,Mezquital,Durango,,Rural,https://postali.app/mx/durango/mezquital/las-viboras
34997,Los Hornitos,Ranchería,Mezquital,Durango,,Rural,https://postali.app/mx/durango/mezquital/los-hornitos
34997,Los Lamentos,Ranchería,Mezquital,Durango,,Rural,https://postali.app/mx/durango/mezquital/los-lamentos
34997,Los Limones,Ranchería,Mezquital,Durango,,Rural,https://postali.app/mx/durango/mezquital/los-limones-34997
34997,Magueycito,Ranchería,Mezquital,Durango,,Rural,https://postali.app/mx/durango/mezquital/magueycito
34997,Maypura de Jalpa,Ranchería,Mezquital,Durango,,Rural,https://postali.app/mx/durango/mezquital/maypura-de-jalpa
34997,Mesa de Bajío,Ranchería,Mezquital,Durango,,Rural,https://postali.app/mx/durango/mezquital/mesa-de-bajio
34997,Mesa de la Torrecilla,Ranchería,Mezquital,Durango,,Rural,https://postali.app/mx/durango/mezquital/mesa-de-la-torrecilla
34997,Minillas,Ranchería,Mezquital,Durango,,Rural,https://postali.app/mx/durango/mezquital/minillas
34997,Nogales (Piedra Parada),Ranchería,Mezquital,Durango,,Rural,https://postali.app/mx/durango/mezquital/nogales-piedra-parada
34997,Panales,Ranchería,Mezquital,Durango,,Rural,https://postali.app/mx/durango/mezquital/panales
34997,Piedra Verde,Ranchería,Mezquital,Durango,,Rural,https://postali.app/mx/durango/mezquital/piedra-verde
34997,Puerto del Guamúchil,Ranchería,Mezquital,Durango,,Rural,https://postali.app/mx/durango/mezquital/puerto-del-guamuchil
34997,Rancho el Mezquite,Ranchería,Mezquital,Durango,,Rural,https://postali.app/mx/durango/mezquital/rancho-el-mezquite
34997,Rancho Nuevo,Ranchería,Mezquital,Durango,,Rural,https://postali.app/mx/durango/mezquital/rancho-nuevo-34997
34997,Salatita,Ranchería,Mezquital,Durango,,Rural,https://postali.app/mx/durango/mezquital/salatita
34997,San Lucas de Jalpa,Ranchería,Mezquital,Durango,,Rural,https://postali.app/mx/durango/mezquital/san-lucas-de-jalpa
34997,Santo Domingo,Ranchería,Mezquital,Durango,,Rural,https://postali.app/mx/durango/mezquital/santo-domingo
34997,Tepetates,Ranchería,Mezquital,Durango,,Rural,https://postali.app/mx/durango/mezquital/tepetates-34997
34997,Tierra Blanca,Ranchería,Mezquital,Durango,,Rural,https://postali.app/mx/durango/mezquital/tierra-blanca-34997
34997,Tierras Blancas,Ranchería,Mezquital,Durango,,Rural,https://postali.app/mx/durango/mezquital/tierras-blancas-34997
34997,Tierras Coloradas,Ranchería,Mezquital,Durango,,Rural,https://postali.app/mx/durango/mezquital/tierras-coloradas-34997
34997,Tonalampa,Ranchería,Mezquital,Durango,,Rural,https://postali.app/mx/durango/mezquital/tonalampa-34997
35000,Gómez Palacio Centro,Colonia,Gómez Palacio,Durango,Gómez Palacio,Urbano,https://postali.app/mx/durango/gomez-palacio/gomez-palacio-centro
35010,Bugambilias,Fraccionamiento,Gómez Palacio,Durango,Gómez Palacio,Urbano,https://postali.app/mx/durango/gomez-palacio/bugambilias
35010,El Paraíso,Colonia,Gómez Palacio,Durango,Gómez Palacio,Urbano,https://postali.app/mx/durango/gomez-palacio/el-paraiso
35010,Felipe Carrillo Puerto,Colonia,Gómez Palacio,Durango,Gómez Palacio,Urbano,https://postali.app/mx/durango/gomez-palacio/felipe-carrillo-puerto
35010,Filadelfia,Fraccionamiento,Gómez Palacio,Durango,Gómez Palacio,Urbano,https://postali.app/mx/durango/gomez-palacio/filadelfia
35010,Rinconada Bugambilias,Fraccionamiento,Gómez Palacio,Durango,Gómez Palacio,Urbano,https://postali.app/mx/durango/gomez-palacio/rinconada-bugambilias
35010,Villa del Pedregal,Fraccionamiento,Gómez Palacio,Durango,Gómez Palacio,Urbano,https://postali.app/mx/durango/gomez-palacio/villa-del-pedregal
35013,Cerradas Miravalle,Fraccionamiento,Gómez Palacio,Durango,Gómez Palacio,Urbano,https://postali.app/mx/durango/gomez-palacio/cerradas-miravalle
35013,El Manantial,Fraccionamiento,Gómez Palacio,Durango,Gómez Palacio,Urbano,https://postali.app/mx/durango/gomez-palacio/el-manantial
35013,Floresta,Fraccionamiento,Gómez Palacio,Durango,Gómez Palacio,Urbano,https://postali.app/mx/durango/gomez-palacio/floresta
35013,La Ceiba,Fraccionamiento,Gómez Palacio,Durango,Gómez Palacio,Urbano,https://postali.app/mx/durango/gomez-palacio/la-ceiba
35013,Las Agavias,Fraccionamiento,Gómez Palacio,Durango,Gómez Palacio,Urbano,https://postali.app/mx/durango/gomez-palacio/las-agavias
35013,Loma Real,Fraccionamiento,Gómez Palacio,Durango,Gómez Palacio,Urbano,https://postali.app/mx/durango/gomez-palacio/loma-real
35013,Valle Real,Fraccionamiento,Gómez Palacio,Durango,Gómez Palacio,Urbano,https://postali.app/mx/durango/gomez-palacio/valle-real
35014,Quintas Villa Nápoles,Fraccionamiento,Gómez Palacio,Durango,Gómez Palacio,Urbano,https://postali.app/mx/durango/gomez-palacio/quintas-villa-napoles
35014,Rincón del Pedregal,Fraccionamiento,Gómez Palacio,Durango,Gómez Palacio,Urbano,https://postali.app/mx/durango/gomez-palacio/rincon-del-pedregal
35014,Rincón del Pedregal 2,Fraccionamiento,Gómez Palacio,Durango,Gómez Palacio,Urbano,https://postali.app/mx/durango/gomez-palacio/rincon-del-pedregal-2
35015,7 de Noviembre,Colonia,Gómez Palacio,Durango,Gómez Palacio,Urbano,https://postali.app/mx/durango/gomez-palacio/7-de-noviembre
35015,Ampliación San Vicente,Fraccionamiento,Gómez Palacio,Durango,Gómez Palacio,Urbano,https://postali.app/mx/durango/gomez-palacio/ampliacion-san-vicente
35015,Arboleda Residencial,Fraccionamiento,Gómez Palacio,Durango,Gómez Palacio,Urbano,https://postali.app/mx/durango/gomez-palacio/arboleda-residencial
35015,Cerrada Amatista,Fraccionamiento,Gómez Palacio,Durango,Gómez Palacio,Urbano,https://postali.app/mx/durango/gomez-palacio/cerrada-amatista
35015,Cerrada San Marcos,Fraccionamiento,Gómez Palacio,Durango,Gómez Palacio,Urbano,https://postali.app/mx/durango/gomez-palacio/cerrada-san-marcos
35015,Ejido Nuevo Castillo,Colonia,Gómez Palacio,Durango,Gómez Palacio,Urbano,https://postali.app/mx/durango/gomez-palacio/ejido-nuevo-castillo
35015,Filadelfia,Ejido,Gómez Palacio,Durango,Gómez Palacio,Urbano,https://postali.app/mx/durango/gomez-palacio/filadelfia-35015
35015,Jabonoso,Colonia,Gómez Palacio,Durango,Gómez Palacio,Urbano,https://postali.app/mx/durango/gomez-palacio/jabonoso
35015,Las Flores,Colonia,Gómez Palacio,Durango,Gómez Palacio,Urbano,https://postali.app/mx/durango/gomez-palacio/las-flores
35015,Miguel de La Madrid Hurtado,Colonia,Gómez Palacio,Durango,Gómez Palacio,Urbano,https://postali.app/mx/durango/gomez-palacio/miguel-de-la-madrid-hurtado
35015,Miravalle,Fraccionamiento,Gómez Palacio,Durango,Gómez Palacio,Urbano,https://postali.app/mx/durango/gomez-palacio/miravalle
35015,Nuevo Castillo,Fraccionamiento,Gómez Palacio,Durango,Gómez Palacio,Urbano,https://postali.app/mx/durango/gomez-palacio/nuevo-castillo
35015,Residencial Campanario,Fraccionamiento,Gómez Palacio,Durango,Gómez Palacio,Urbano,https://postali.app/mx/durango/gomez-palacio/residencial-campanario
35015,Rincón San Alberto,Fraccionamiento,Gómez Palacio,Durango,Gómez Palacio,Urbano,https://postali.app/mx/durango/gomez-palacio/rincon-san-alberto
35015,Rincón San Antonio,Colonia,Gómez Palacio,Durango,Gómez Palacio,Urbano,https://postali.app/mx/durango/gomez-palacio/rincon-san-antonio
35015,Salvador Nava Martínez,Fraccionamiento,Gómez Palacio,Durango,Gómez Palacio,Urbano,https://postali.app/mx/durango/gomez-palacio/salvador-nava-martinez
35015,San Alberto,Fraccionamiento,Gómez Palacio,Durango,Gómez Palacio,Urbano,https://postali.app/mx/durango/gomez-palacio/san-alberto
35015,San Antonio,Fraccionamiento,Gómez Palacio,Durango,Gómez Palacio,Urbano,https://postali.app/mx/durango/gomez-palacio/san-antonio
35015,San Vicente,Fraccionamiento,Gómez Palacio,Durango,Gómez Palacio,Urbano,https://postali.app/mx/durango/gomez-palacio/san-vicente
35015,San Ángel,Colonia,Gómez Palacio,Durango,Gómez Palacio,Urbano,https://postali.app/mx/durango/gomez-palacio/san-angel
35015,Santa Bárbara,Fraccionamiento,Gómez Palacio,Durango,Gómez Palacio,Urbano,https://postali.app/mx/durango/gomez-palacio/santa-barbara
35015,Villas San Antonio,Colonia,Gómez Palacio,Durango,Gómez Palacio,Urbano,https://postali.app/mx/durango/gomez-palacio/villas-san-antonio
35016,Casa Blanca,Fraccionamiento,Gómez Palacio,Durango,Gómez Palacio,Urbano,https://postali.app/mx/durango/gomez-palacio/casa-blanca
35016,El Centenario,Fraccionamiento,Gómez Palacio,Durango,Gómez Palacio,Urbano,https://postali.app/mx/durango/gomez-palacio/el-centenario
35016,El Fénix,Ejido,Gómez Palacio,Durango,Gómez Palacio,Urbano,https://postali.app/mx/durango/gomez-palacio/el-fenix
35016,Leticia Herrera,Colonia,Gómez Palacio,Durango,Gómez Palacio,Urbano,https://postali.app/mx/durango/gomez-palacio/leticia-herrera
35016,María Inés Mata de Rendón,Colonia,Gómez Palacio,Durango,Gómez Palacio,Urbano,https://postali.app/mx/durango/gomez-palacio/maria-ines-mata-de-rendon
35016,Octaviano Rendón,Colonia,Gómez Palacio,Durango,Gómez Palacio,Urbano,https://postali.app/mx/durango/gomez-palacio/octaviano-rendon
35017,Emiliano Zapata,Colonia,Gómez Palacio,Durango,Gómez Palacio,Urbano,https://postali.app/mx/durango/gomez-palacio/emiliano-zapata
35017,Las Misiones,Fraccionamiento,Gómez Palacio,Durango,Gómez Palacio,Urbano,https://postali.app/mx/durango/gomez-palacio/las-misiones
35017,Mezquital,Colonia,Gómez Palacio,Durango,Gómez Palacio,Urbano,https://postali.app/mx/durango/gomez-palacio/mezquital
35017,Solidaridad,Colonia,Gómez Palacio,Durango,Gómez Palacio,Urbano,https://postali.app/mx/durango/gomez-palacio/solidaridad
35018,Las Granjas,Fraccionamiento,Gómez Palacio,Durango,Gómez Palacio,Urbano,https://postali.app/mx/durango/gomez-palacio/las-granjas
35018,Las Granjas II,Fraccionamiento,Gómez Palacio,Durango,Gómez Palacio,Urbano,https://postali.app/mx/durango/gomez-palacio/las-granjas-ii
35018,Rinconada Nápoles,Fraccionamiento,Gómez Palacio,Durango,Gómez Palacio,Urbano,https://postali.app/mx/durango/gomez-palacio/rinconada-napoles
35018,Rinconadas Hamburgo,Fraccionamiento,Gómez Palacio,Durango,Gómez Palacio,Urbano,https://postali.app/mx/durango/gomez-palacio/rinconadas-hamburgo
35018,Rincón las Granjas,Fraccionamiento,Gómez Palacio,Durango,Gómez Palacio,Urbano,https://postali.app/mx/durango/gomez-palacio/rincon-las-granjas
35018,Villa Nápoles,Fraccionamiento,Gómez Palacio,Durango,Gómez Palacio,Urbano,https://postali.app/mx/durango/gomez-palacio/villa-napoles
35019,Abraham Rosales,Colonia,Gómez Palacio,Durango,Gómez Palacio,Urbano,https://postali.app/mx/durango/gomez-palacio/abraham-rosales
35019,División del Norte,Colonia,Gómez Palacio,Durango,Gómez Palacio,Urbano,https://postali.app/mx/durango/gomez-palacio/division-del-norte
35019,Núcleo Universitario,Equipamiento,Gómez Palacio,Durango,Gómez Palacio,Urbano,https://postali.app/mx/durango/gomez-palacio/nucleo-universitario
35019,Residencial Hamburgo,Fraccionamiento,Gómez Palacio,Durango,Gómez Palacio,Urbano,https://postali.app/mx/durango/gomez-palacio/residencial-hamburgo
35020,La Esperanza,Colonia,Gómez Palacio,Durango,Gómez Palacio,Urbano,https://postali.app/mx/durango/gomez-palacio/la-esperanza
35020,Los Álamos,Colonia,Gómez Palacio,Durango,Gómez Palacio,Urbano,https://postali.app/mx/durango/gomez-palacio/los-alamos
35020,Morales,Fraccionamiento,Gómez Palacio,Durango,Gómez Palacio,Urbano,https://postali.app/mx/durango/gomez-palacio/morales
35020,Rosales,Colonia,Gómez Palacio,Durango,Gómez Palacio,Urbano,https://postali.app/mx/durango/gomez-palacio/rosales
35024,Casa Blanca,Colonia,Gómez Palacio,Durango,Gómez Palacio,Urbano,https://postali.app/mx/durango/gomez-palacio/casa-blanca-35024
35024,Ejido Casa Blanca,Colonia,Gómez Palacio,Durango,Gómez Palacio,Urbano,https://postali.app/mx/durango/gomez-palacio/ejido-casa-blanca
35024,Los Álamos,Fraccionamiento,Gómez Palacio,Durango,Gómez Palacio,Urbano,https://postali.app/mx/durango/gomez-palacio/los-alamos-35024
35024,Parque Industrial Zona de Conectividad,Zona industrial,Gómez Palacio,Durango,Gómez Palacio,Urbano,https://postali.app/mx/durango/gomez-palacio/parque-industrial-zona-de-conectividad
35025,Cerrada Eucalipto,Fraccionamiento,Gómez Palacio,Durango,Gómez Palacio,Urbano,https://postali.app/mx/durango/gomez-palacio/cerrada-eucalipto
35025,Chapala Oriente,Fraccionamiento,Gómez Palacio,Durango,Gómez Palacio,Urbano,https://postali.app/mx/durango/gomez-palacio/chapala-oriente
35025,Del Valle,Fraccionamiento,Gómez Palacio,Durango,Gómez Palacio,Urbano,https://postali.app/mx/durango/gomez-palacio/del-valle
35025,Fidel Velázquez,Fraccionamiento,Gómez Palacio,Durango,Gómez Palacio,Urbano,https://postali.app/mx/durango/gomez-palacio/fidel-velazquez
35025,Geovillas San Ignacio,Fraccionamiento,Gómez Palacio,Durango,Gómez Palacio,Urbano,https://postali.app/mx/durango/gomez-palacio/geovillas-san-ignacio
35025,Luis Donaldo Colosio Murrieta,Colonia,Gómez Palacio,Durango,Gómez Palacio,Urbano,https://postali.app/mx/durango/gomez-palacio/luis-donaldo-colosio-murrieta
35025,Nogales,Colonia,Gómez Palacio,Durango,Gómez Palacio,Urbano,https://postali.app/mx/durango/gomez-palacio/nogales
35025,Nuevo Gómez,Colonia,Gómez Palacio,Durango,Gómez Palacio,Urbano,https://postali.app/mx/durango/gomez-palacio/nuevo-gomez
35025,San Ignacio,Ejido,Gómez Palacio,Durango,,Urbano,https://postali.app/mx/durango/gomez-palacio/san-ignacio
35026,José López Portillo,Colonia,Gómez Palacio,Durango,Gómez Palacio,Urbano,https://postali.app/mx/durango/gomez-palacio/jose-lopez-portillo
35026,Morelos,Colonia,Gómez Palacio,Durango,Gómez Palacio,Urbano,https://postali.app/mx/durango/gomez-palacio/morelos
35027,Carlos A Herrera,Colonia,Gómez Palacio,Durango,Gómez Palacio,Urbano,https://postali.app/mx/durango/gomez-palacio/carlos-a-herrera
35027,Doroteo Arango,Colonia,Gómez Palacio,Durango,Gómez Palacio,Urbano,https://postali.app/mx/durango/gomez-palacio/doroteo-arango
35027,La Herradura,Fraccionamiento,Gómez Palacio,Durango,Gómez Palacio,Urbano,https://postali.app/mx/durango/gomez-palacio/la-herradura
35027,Los Viñedos,Colonia,Gómez Palacio,Durango,Gómez Palacio,Urbano,https://postali.app/mx/durango/gomez-palacio/los-vinedos
35027,Nuevo los Álamos,Colonia,Gómez Palacio,Durango,Gómez Palacio,Urbano,https://postali.app/mx/durango/gomez-palacio/nuevo-los-alamos
35027,Valle Azul,Colonia,Gómez Palacio,Durango,Gómez Palacio,Urbano,https://postali.app/mx/durango/gomez-palacio/valle-azul
35027,Villa Alejandra,Fraccionamiento,Gómez Palacio,Durango,Gómez Palacio,Urbano,https://postali.app/mx/durango/gomez-palacio/villa-alejandra
35028,El Dorado,Fraccionamiento,Gómez Palacio,Durango,Gómez Palacio,Urbano,https://postali.app/mx/durango/gomez-palacio/el-dorado
35028,Rincón Dorado,Fraccionamiento,Gómez Palacio,Durango,Gómez Palacio,Urbano,https://postali.app/mx/durango/gomez-palacio/rincon-dorado
35029,Bosque Real,Fraccionamiento,Gómez Palacio,Durango,Gómez Palacio,Urbano,https://postali.app/mx/durango/gomez-palacio/bosque-real
35029,El Refugio,Colonia,Gómez Palacio,Durango,Gómez Palacio,Urbano,https://postali.app/mx/durango/gomez-palacio/el-refugio
35029,Las Carmelitas,Fraccionamiento,Gómez Palacio,Durango,Gómez Palacio,Urbano,https://postali.app/mx/durango/gomez-palacio/las-carmelitas
35029,Nogalera Residencial,Fraccionamiento,Gómez Palacio,Durango,Gómez Palacio,Urbano,https://postali.app/mx/durango/gomez-palacio/nogalera-residencial
35029,Nuevo Refugio,Colonia,Gómez Palacio,Durango,Gómez Palacio,Urbano,https://postali.app/mx/durango/gomez-palacio/nuevo-refugio
35029,Quintas las Noas,Fraccionamiento,Gómez Palacio,Durango,Gómez Palacio,Urbano,https://postali.app/mx/durango/gomez-palacio/quintas-las-noas
35029,Santa Sofia,Fraccionamiento,Gómez Palacio,Durango,Gómez Palacio,Urbano,https://postali.app/mx/durango/gomez-palacio/santa-sofia
35029,Sauces,Fraccionamiento,Gómez Palacio,Durango,Gómez Palacio,Urbano,https://postali.app/mx/durango/gomez-palacio/sauces
35029,Tabachines,Fraccionamiento,Gómez Palacio,Durango,Gómez Palacio,Urbano,https://postali.app/mx/durango/gomez-palacio/tabachines
35029,Villas el Refugio,Fraccionamiento,Gómez Palacio,Durango,Gómez Palacio,Urbano,https://postali.app/mx/durango/gomez-palacio/villas-el-refugio
35029,Villas el Refugio,Colonia,Gómez Palacio,Durango,Gómez Palacio,Urbano,https://postali.app/mx/durango/gomez-palacio/villas-el-refugio-35029
35029,Villas las Noas,Fraccionamiento,Gómez Palacio,Durango,Gómez Palacio,Urbano,https://postali.app/mx/durango/gomez-palacio/villas-las-noas
35030,Brittingham,Colonia,Gómez Palacio,Durango,Gómez Palacio,Urbano,https://postali.app/mx/durango/gomez-palacio/brittingham
35030,Francisco González de La Vega,Colonia,Gómez Palacio,Durango,Gómez Palacio,Urbano,https://postali.app/mx/durango/gomez-palacio/francisco-gonzalez-de-la-vega
35030,Jacinto Canek,Colonia,Gómez Palacio,Durango,Gómez Palacio,Urbano,https://postali.app/mx/durango/gomez-palacio/jacinto-canek
35039,Brittingham II,Colonia,Gómez Palacio,Durango,Gómez Palacio,Urbano,https://postali.app/mx/durango/gomez-palacio/brittingham-ii
35039,El Amigo,Colonia,Gómez Palacio,Durango,Gómez Palacio,Urbano,https://postali.app/mx/durango/gomez-palacio/el-amigo
35040,5 de Mayo,Colonia,Gómez Palacio,Durango,Gómez Palacio,Urbano,https://postali.app/mx/durango/gomez-palacio/5-de-mayo
35040,Parque Industrial Laguna,Zona industrial,Gómez Palacio,Durango,Gómez Palacio,Urbano,https://postali.app/mx/durango/gomez-palacio/parque-industrial-laguna
35040,Rubén Jaramillo,Colonia,Gómez Palacio,Durango,Gómez Palacio,Urbano,https://postali.app/mx/durango/gomez-palacio/ruben-jaramillo
35040,Santa Rosa,Colonia,Gómez Palacio,Durango,Gómez Palacio,Urbano,https://postali.app/mx/durango/gomez-palacio/santa-rosa
35043,Hortensias,Colonia,Gómez Palacio,Durango,Gómez Palacio,Urbano,https://postali.app/mx/durango/gomez-palacio/hortensias
35043,Primavera,Colonia,Gómez Palacio,Durango,Gómez Palacio,Urbano,https://postali.app/mx/durango/gomez-palacio/primavera
35044,Guadalupe Victoria,Colonia,Gómez Palacio,Durango,Gómez Palacio,Urbano,https://postali.app/mx/durango/gomez-palacio/guadalupe-victoria
35044,San Isidro,Colonia,Gómez Palacio,Durango,Gómez Palacio,Urbano,https://postali.app/mx/durango/gomez-palacio/san-isidro
35044,Santa Rosalía,Colonia,Gómez Palacio,Durango,Gómez Palacio,Urbano,https://postali.app/mx/durango/gomez-palacio/santa-rosalia
35045,Central de Abastos,Equipamiento,Gómez Palacio,Durango,Gómez Palacio,Urbano,https://postali.app/mx/durango/gomez-palacio/central-de-abastos
35045,Independencia,Colonia,Gómez Palacio,Durango,Gómez Palacio,Urbano,https://postali.app/mx/durango/gomez-palacio/independencia
35045,Tierra Blanca,Colonia,Gómez Palacio,Durango,Gómez Palacio,Urbano,https://postali.app/mx/durango/gomez-palacio/tierra-blanca
35046,Felipe Ángeles,Colonia,Gómez Palacio,Durango,Gómez Palacio,Urbano,https://postali.app/mx/durango/gomez-palacio/felipe-angeles
35046,Roberto Fierro,Colonia,Gómez Palacio,Durango,Gómez Palacio,Urbano,https://postali.app/mx/durango/gomez-palacio/roberto-fierro
35047,Tierra y Libertad,Colonia,Gómez Palacio,Durango,Gómez Palacio,Urbano,https://postali.app/mx/durango/gomez-palacio/tierra-y-libertad
35048,Del Bosque,Colonia,Gómez Palacio,Durango,Gómez Palacio,Urbano,https://postali.app/mx/durango/gomez-palacio/del-bosque
35049,14 de Noviembre,Colonia,Gómez Palacio,Durango,Gómez Palacio,Urbano,https://postali.app/mx/durango/gomez-palacio/14-de-noviembre
35049,15 de Mayo,Colonia,Gómez Palacio,Durango,Gómez Palacio,Urbano,https://postali.app/mx/durango/gomez-palacio/15-de-mayo
35049,Ejido Emiliano Zapata,Colonia,Gómez Palacio,Durango,Gómez Palacio,Urbano,https://postali.app/mx/durango/gomez-palacio/ejido-emiliano-zapata
35049,Expo Gómez Palacio,Colonia,Gómez Palacio,Durango,Gómez Palacio,Urbano,https://postali.app/mx/durango/gomez-palacio/expo-gomez-palacio
35049,Hijos de Campesinos,Colonia,Gómez Palacio,Durango,Gómez Palacio,Urbano,https://postali.app/mx/durango/gomez-palacio/hijos-de-campesinos
35049,José Rebollo Acosta,Colonia,Gómez Palacio,Durango,Gómez Palacio,Urbano,https://postali.app/mx/durango/gomez-palacio/jose-rebollo-acosta
35049,La Feria,Fraccionamiento,Gómez Palacio,Durango,Gómez Palacio,Urbano,https://postali.app/mx/durango/gomez-palacio/la-feria
35049,La Noria,Colonia,Gómez Palacio,Durango,Gómez Palacio,Urbano,https://postali.app/mx/durango/gomez-palacio/la-noria
35049,Los Cedros,Fraccionamiento,Gómez Palacio,Durango,Gómez Palacio,Urbano,https://postali.app/mx/durango/gomez-palacio/los-cedros
35049,Los Olivos,Fraccionamiento,Gómez Palacio,Durango,Gómez Palacio,Urbano,https://postali.app/mx/durango/gomez-palacio/los-olivos
35049,Miguel Hidalgo,Colonia,Gómez Palacio,Durango,Gómez Palacio,Urbano,https://postali.app/mx/durango/gomez-palacio/miguel-hidalgo
35049,Nicolás Fernández,Colonia,Gómez Palacio,Durango,Gómez Palacio,Urbano,https://postali.app/mx/durango/gomez-palacio/nicolas-fernandez
35049,Otilio Montaño,Colonia,Gómez Palacio,Durango,Gómez Palacio,Urbano,https://postali.app/mx/durango/gomez-palacio/otilio-montano
35049,Parque Hundido,Colonia,Gómez Palacio,Durango,Gómez Palacio,Urbano,https://postali.app/mx/durango/gomez-palacio/parque-hundido
35049,Parque Hundido,Fraccionamiento,Gómez Palacio,Durango,Gómez Palacio,Urbano,https://postali.app/mx/durango/gomez-palacio/parque-hundido-35049
35049,Pánfilo Natera,Colonia,Gómez Palacio,Durango,Gómez Palacio,Urbano,https://postali.app/mx/durango/gomez-palacio/panfilo-natera
35049,Quintas del Desierto,Fraccionamiento,Gómez Palacio,Durango,Gómez Palacio,Urbano,https://postali.app/mx/durango/gomez-palacio/quintas-del-desierto
35049,Quintas del Desierto II,Fraccionamiento,Gómez Palacio,Durango,Gómez Palacio,Urbano,https://postali.app/mx/durango/gomez-palacio/quintas-del-desierto-ii
35049,Santa Teresa,Fraccionamiento,Gómez Palacio,Durango,Gómez Palacio,Urbano,https://postali.app/mx/durango/gomez-palacio/santa-teresa
35049,Villa Puerta del Sol,Fraccionamiento,Gómez Palacio,Durango,Gómez Palacio,Urbano,https://postali.app/mx/durango/gomez-palacio/villa-puerta-del-sol
35050,Bellavista,Colonia,Gómez Palacio,Durango,Gómez Palacio,Urbano,https://postali.app/mx/durango/gomez-palacio/bellavista
35050,Francisco Villa,Colonia,Gómez Palacio,Durango,Gómez Palacio,Urbano,https://postali.app/mx/durango/gomez-palacio/francisco-villa
35050,Francisco Zarco,Colonia,Gómez Palacio,Durango,Gómez Palacio,Urbano,https://postali.app/mx/durango/gomez-palacio/francisco-zarco
35050,María Luisa Prado de Mayagoitia,Colonia,Gómez Palacio,Durango,Gómez Palacio,Urbano,https://postali.app/mx/durango/gomez-palacio/maria-luisa-prado-de-mayagoitia
35050,Revolución,Colonia,Gómez Palacio,Durango,Gómez Palacio,Urbano,https://postali.app/mx/durango/gomez-palacio/revolucion
35054,Villa del Mar,Colonia,Gómez Palacio,Durango,Gómez Palacio,Urbano,https://postali.app/mx/durango/gomez-palacio/villa-del-mar
35055,15 de Diciembre,Colonia,Gómez Palacio,Durango,Gómez Palacio,Urbano,https://postali.app/mx/durango/gomez-palacio/15-de-diciembre
35057,FOVISSSTE,Unidad habitacional,Gómez Palacio,Durango,Gómez Palacio,Urbano,https://postali.app/mx/durango/gomez-palacio/fovissste
35058,Ampliación Bellavista,Colonia,Gómez Palacio,Durango,Gómez Palacio,Urbano,https://postali.app/mx/durango/gomez-palacio/ampliacion-bellavista
35059,Cerro de la Pila,Colonia,Gómez Palacio,Durango,Gómez Palacio,Urbano,https://postali.app/mx/durango/gomez-palacio/cerro-de-la-pila
35059,Rafael Castellanos,Colonia,Gómez Palacio,Durango,Gómez Palacio,Urbano,https://postali.app/mx/durango/gomez-palacio/rafael-castellanos
35060,Deportiva,Colonia,Gómez Palacio,Durango,Gómez Palacio,Urbano,https://postali.app/mx/durango/gomez-palacio/deportiva
35060,Héctor Mayagoitia Domínguez,Colonia,Gómez Palacio,Durango,Gómez Palacio,Urbano,https://postali.app/mx/durango/gomez-palacio/hector-mayagoitia-dominguez
35060,Sacramento,Colonia,Gómez Palacio,Durango,Gómez Palacio,Urbano,https://postali.app/mx/durango/gomez-palacio/sacramento
35064,INFONAVIT Santa Rosa,Unidad habitacional,Gómez Palacio,Durango,Gómez Palacio,Urbano,https://postali.app/mx/durango/gomez-palacio/infonavit-santa-rosa
35064,Lázaro Cárdenas,Colonia,Gómez Palacio,Durango,Gómez Palacio,Urbano,https://postali.app/mx/durango/gomez-palacio/lazaro-cardenas
35065,21 de Marzo,Colonia,Gómez Palacio,Durango,Gómez Palacio,Urbano,https://postali.app/mx/durango/gomez-palacio/21-de-marzo
35066,Armando del Castillo Franco,Colonia,Gómez Palacio,Durango,Gómez Palacio,Urbano,https://postali.app/mx/durango/gomez-palacio/armando-del-castillo-franco
35067,Jerusalén,Colonia,Gómez Palacio,Durango,Gómez Palacio,Urbano,https://postali.app/mx/durango/gomez-palacio/jerusalen
35067,Niños Héroes,Colonia,Gómez Palacio,Durango,Gómez Palacio,Urbano,https://postali.app/mx/durango/gomez-palacio/ninos-heroes
35068,El FOCEP,Colonia,Gómez Palacio,Durango,Gómez Palacio,Urbano,https://postali.app/mx/durango/gomez-palacio/el-focep
35069,Ampliación Sacramento,Colonia,Gómez Palacio,Durango,Gómez Palacio,Urbano,https://postali.app/mx/durango/gomez-palacio/ampliacion-sacramento
35069,Central,Colonia,Gómez Palacio,Durango,Gómez Palacio,Urbano,https://postali.app/mx/durango/gomez-palacio/central
35069,Ernesto Herrera Zavala,Fraccionamiento,Gómez Palacio,Durango,Gómez Palacio,Urbano,https://postali.app/mx/durango/gomez-palacio/ernesto-herrera-zavala
35069,La Central,Colonia,Gómez Palacio,Durango,Gómez Palacio,Urbano,https://postali.app/mx/durango/gomez-palacio/la-central
35069,Santa Rosa,Fraccionamiento,Gómez Palacio,Durango,Gómez Palacio,Urbano,https://postali.app/mx/durango/gomez-palacio/santa-rosa-35069
35070,Valle del Nazas,Fraccionamiento,Gómez Palacio,Durango,Gómez Palacio,Urbano,https://postali.app/mx/durango/gomez-palacio/valle-del-nazas
35073,Cerro Lindo,Colonia,Gómez Palacio,Durango,Gómez Palacio,Urbano,https://postali.app/mx/durango/gomez-palacio/cerro-lindo
35073,Cuba,Ejido,Gómez Palacio,Durango,Gómez Palacio,Urbano,https://postali.app/mx/durango/gomez-palacio/cuba
35073,Marbella,Fraccionamiento,Gómez Palacio,Durango,Gómez Palacio,Urbano,https://postali.app/mx/durango/gomez-palacio/marbella
35073,Nuevo Cuba,Fraccionamiento,Gómez Palacio,Durango,Gómez Palacio,Urbano,https://postali.app/mx/durango/gomez-palacio/nuevo-cuba
35073,Torremolinos,Fraccionamiento,Gómez Palacio,Durango,Gómez Palacio,Urbano,https://postali.app/mx/durango/gomez-palacio/torremolinos
35073,Torremolinos Cerrada Sevilla,Fraccionamiento,Gómez Palacio,Durango,Gómez Palacio,Urbano,https://postali.app/mx/durango/gomez-palacio/torremolinos-cerrada-sevilla
35074,Los Arrayanes,Fraccionamiento,Gómez Palacio,Durango,Gómez Palacio,Urbano,https://postali.app/mx/durango/gomez-palacio/los-arrayanes
35074,Rincón Torremolinos,Fraccionamiento,Gómez Palacio,Durango,Gómez Palacio,Urbano,https://postali.app/mx/durango/gomez-palacio/rincon-torremolinos
35074,Tabachines,Fraccionamiento,Gómez Palacio,Durango,Gómez Palacio,Urbano,https://postali.app/mx/durango/gomez-palacio/tabachines-35074
35075,Valle del Guadiana,Fraccionamiento,Gómez Palacio,Durango,Gómez Palacio,Urbano,https://postali.app/mx/durango/gomez-palacio/valle-del-guadiana
35076,Ciudad la Encantada,Fraccionamiento,Gómez Palacio,Durango,Gómez Palacio,Urbano,https://postali.app/mx/durango/gomez-palacio/ciudad-la-encantada
35076,Ciudad la Encantada,Zona industrial,Gómez Palacio,Durango,Gómez Palacio,Urbano,https://postali.app/mx/durango/gomez-palacio/ciudad-la-encantada-35076
35077,Francisco Pérez Ríos,Unidad habitacional,Gómez Palacio,Durango,Gómez Palacio,Urbano,https://postali.app/mx/durango/gomez-palacio/francisco-perez-rios
35078,Estación General Banda,Colonia,Gómez Palacio,Durango,Gómez Palacio,Urbano,https://postali.app/mx/durango/gomez-palacio/estacion-general-banda
35078,Veredas de Santa Rita,Fraccionamiento,Gómez Palacio,Durango,Gómez Palacio,Urbano,https://postali.app/mx/durango/gomez-palacio/veredas-de-santa-rita
35079,Ex-Ejido Cuba,Colonia,Gómez Palacio,Durango,Gómez Palacio,Urbano,https://postali.app/mx/durango/gomez-palacio/ex-ejido-cuba
35079,Industrias Linamar,Zona industrial,Gómez Palacio,Durango,Gómez Palacio,Urbano,https://postali.app/mx/durango/gomez-palacio/industrias-linamar
35079,INFONAVIT José Campillo Sainz,Fraccionamiento,Gómez Palacio,Durango,Gómez Palacio,Urbano,https://postali.app/mx/durango/gomez-palacio/infonavit-jose-campillo-sainz
35079,Jardín,Fraccionamiento,Gómez Palacio,Durango,Gómez Palacio,Urbano,https://postali.app/mx/durango/gomez-palacio/jardin
35079,Parque Industrial Carlos A Herrera Araluce,Zona industrial,Gómez Palacio,Durango,Gómez Palacio,Urbano,https://postali.app/mx/durango/gomez-palacio/parque-industrial-carlos-a-herrera-araluce
35079,Parque Industrial HI-TECH,Zona industrial,Gómez Palacio,Durango,Gómez Palacio,Urbano,https://postali.app/mx/durango/gomez-palacio/parque-industrial-hi-tech
35079,Rinconada del Parque,Fraccionamiento,Gómez Palacio,Durango,Gómez Palacio,Urbano,https://postali.app/mx/durango/gomez-palacio/rinconada-del-parque
35079,Villas las Misiones,Fraccionamiento,Gómez Palacio,Durango,Gómez Palacio,Urbano,https://postali.app/mx/durango/gomez-palacio/villas-las-misiones
35080,El Campestre,Colonia,Gómez Palacio,Durango,Gómez Palacio,Urbano,https://postali.app/mx/durango/gomez-palacio/el-campestre
35080,Privada Campestre,Fraccionamiento,Gómez Palacio,Durango,Gómez Palacio,Urbano,https://postali.app/mx/durango/gomez-palacio/privada-campestre
35080,Residencial Colonial las Rosas,Fraccionamiento,Gómez Palacio,Durango,Gómez Palacio,Urbano,https://postali.app/mx/durango/gomez-palacio/residencial-colonial-las-rosas
35080,Rincón Campestre,Fraccionamiento,Gómez Palacio,Durango,Gómez Palacio,Urbano,https://postali.app/mx/durango/gomez-palacio/rincon-campestre
35080,Valle Campestre,Colonia,Gómez Palacio,Durango,Gómez Palacio,Urbano,https://postali.app/mx/durango/gomez-palacio/valle-campestre
35080,Villa Campestre,Fraccionamiento,Gómez Palacio,Durango,Gómez Palacio,Urbano,https://postali.app/mx/durango/gomez-palacio/villa-campestre
35090,El Consuelo,Colonia,Gómez Palacio,Durango,Gómez Palacio,Urbano,https://postali.app/mx/durango/gomez-palacio/el-consuelo
35090,Flores Magón,Colonia,Gómez Palacio,Durango,Gómez Palacio,Urbano,https://postali.app/mx/durango/gomez-palacio/flores-magon
35090,Las Rosas,Colonia,Gómez Palacio,Durango,Gómez Palacio,Urbano,https://postali.app/mx/durango/gomez-palacio/las-rosas
35090,San Patricio,Fraccionamiento,Gómez Palacio,Durango,Gómez Palacio,Urbano,https://postali.app/mx/durango/gomez-palacio/san-patricio
35099,Benito Juárez,Colonia,Gómez Palacio,Durango,Gómez Palacio,Urbano,https://postali.app/mx/durango/gomez-palacio/benito-juarez
35100,Dinamita,Pueblo,Gómez Palacio,Durango,,Rural,https://postali.app/mx/durango/gomez-palacio/dinamita
35100,Puente de la Torreña,Colonia,Gómez Palacio,Durango,,Rural,https://postali.app/mx/durango/gomez-palacio/puente-de-la-torrena
35101,CEFERESO Número 14,Equipamiento,Gómez Palacio,Durango,,Rural,https://postali.app/mx/durango/gomez-palacio/cefereso-numero-14
35101,Seis de Octubre,Ejido,Gómez Palacio,Durango,,Rural,https://postali.app/mx/durango/gomez-palacio/seis-de-octubre
35102,José María Morelos y Pavón,Ejido,Gómez Palacio,Durango,,Rural,https://postali.app/mx/durango/gomez-palacio/jose-maria-morelos-y-pavon
35102,La Jarita,Rancho,Gómez Palacio,Durango,,Rural,https://postali.app/mx/durango/gomez-palacio/la-jarita
35103,Astillero,Granja,Gómez Palacio,Durango,,Rural,https://postali.app/mx/durango/gomez-palacio/astillero
35103,Berlín,Ejido,Gómez Palacio,Durango,,Rural,https://postali.app/mx/durango/gomez-palacio/berlin
35103,Nuevo,Rancho,Gómez Palacio,Durango,,Rural,https://postali.app/mx/durango/gomez-palacio/nuevo
35103,Providencia,Ejido,Gómez Palacio,Durango,,Rural,https://postali.app/mx/durango/gomez-palacio/providencia
35103,Santa Clara,Ejido,Gómez Palacio,Durango,,Rural,https://postali.app/mx/durango/gomez-palacio/santa-clara
35104,El Manantial,Granja,Gómez Palacio,Durango,,Rural,https://postali.app/mx/durango/gomez-palacio/el-manantial-35104
35104,La Paz,Granja,Gómez Palacio,Durango,,Rural,https://postali.app/mx/durango/gomez-palacio/la-paz
35104,Lázaro Cárdenas,Ejido,Gómez Palacio,Durango,,Rural,https://postali.app/mx/durango/gomez-palacio/lazaro-cardenas-35104
35105,Brittingham,Ejido,Gómez Palacio,Durango,,Rural,https://postali.app/mx/durango/gomez-palacio/brittingham-35105
35105,Poanas,Ejido,Gómez Palacio,Durango,,Rural,https://postali.app/mx/durango/gomez-palacio/poanas
35105,San Pedro,Granja,Gómez Palacio,Durango,,Rural,https://postali.app/mx/durango/gomez-palacio/san-pedro
35105,San Ramiro,Ranchería,Gómez Palacio,Durango,,Rural,https://postali.app/mx/durango/gomez-palacio/san-ramiro
35106,El Volado,Barrio,Gómez Palacio,Durango,,Rural,https://postali.app/mx/durango/gomez-palacio/el-volado
35106,Pueblo Nuevo (El Siete),Colonia,Gómez Palacio,Durango,,Rural,https://postali.app/mx/durango/gomez-palacio/pueblo-nuevo-el-siete
35106,San José,Granja,Gómez Palacio,Durango,,Rural,https://postali.app/mx/durango/gomez-palacio/san-jose
35107,América Uno,Ejido,Gómez Palacio,Durango,,Rural,https://postali.app/mx/durango/gomez-palacio/america-uno
35107,Numancia,Ejido,Gómez Palacio,Durango,,Rural,https://postali.app/mx/durango/gomez-palacio/numancia
35108,El Carmen,Granja,Gómez Palacio,Durango,,Rural,https://postali.app/mx/durango/gomez-palacio/el-carmen
35108,El Trébol,Granja,Gómez Palacio,Durango,,Rural,https://postali.app/mx/durango/gomez-palacio/el-trebol
35108,Las Lechuzas (Las Brujas),Barrio,Gómez Palacio,Durango,,Rural,https://postali.app/mx/durango/gomez-palacio/las-lechuzas-las-brujas
35108,Sierra Hermosa,Barrio,Gómez Palacio,Durango,,Rural,https://postali.app/mx/durango/gomez-palacio/sierra-hermosa
35109,El Garcés,Granja,Gómez Palacio,Durango,,Rural,https://postali.app/mx/durango/gomez-palacio/el-garces
35109,El Solito,Granja,Gómez Palacio,Durango,,Rural,https://postali.app/mx/durango/gomez-palacio/el-solito
35109,Las Palmas,Granja,Gómez Palacio,Durango,,Rural,https://postali.app/mx/durango/gomez-palacio/las-palmas
35109,Transporte Dos,Ejido,Gómez Palacio,Durango,,Rural,https://postali.app/mx/durango/gomez-palacio/transporte-dos
35110,California,Ejido,Gómez Palacio,Durango,,Rural,https://postali.app/mx/durango/gomez-palacio/california
35110,Villa Gregorio García,Pueblo,Gómez Palacio,Durango,,Rural,https://postali.app/mx/durango/gomez-palacio/villa-gregorio-garcia
35111,Desarrollo Lácteo (Deslac),Granja,Gómez Palacio,Durango,,Rural,https://postali.app/mx/durango/gomez-palacio/desarrollo-lacteo-deslac
35111,Eureka de Media Luna (Eureka),Ejido,Gómez Palacio,Durango,,Rural,https://postali.app/mx/durango/gomez-palacio/eureka-de-media-luna-eureka
35111,Glorieta,Ejido,Gómez Palacio,Durango,,Rural,https://postali.app/mx/durango/gomez-palacio/glorieta
35111,Huitrón,Ejido,Gómez Palacio,Durango,,Rural,https://postali.app/mx/durango/gomez-palacio/huitron
35111,Jiménez (Jiménez Uno),Ejido,Gómez Palacio,Durango,,Rural,https://postali.app/mx/durango/gomez-palacio/jimenez-jimenez-uno
35111,Jiménez 2-A (El Arenal),Ejido,Gómez Palacio,Durango,,Rural,https://postali.app/mx/durango/gomez-palacio/jimenez-2-a-el-arenal
35111,La Fortuna,Ejido,Gómez Palacio,Durango,,Rural,https://postali.app/mx/durango/gomez-palacio/la-fortuna
35111,Las Virginias,Rancho,Gómez Palacio,Durango,,Rural,https://postali.app/mx/durango/gomez-palacio/las-virginias
35111,Noria de Jiménez Dos,Granja,Gómez Palacio,Durango,,Rural,https://postali.app/mx/durango/gomez-palacio/noria-de-jimenez-dos
35111,San Alberto,Ejido,Gómez Palacio,Durango,,Rural,https://postali.app/mx/durango/gomez-palacio/san-alberto-35111
35111,Venecia,Ejido,Gómez Palacio,Durango,,Rural,https://postali.app/mx/durango/gomez-palacio/venecia
35112,18 de Marzo,Ejido,Gómez Palacio,Durango,,Rural,https://postali.app/mx/durango/gomez-palacio/18-de-marzo
35112,Arturo Martínez Adame,Ejido,Gómez Palacio,Durango,,Rural,https://postali.app/mx/durango/gomez-palacio/arturo-martinez-adame
35112,El Barro,Ejido,Gómez Palacio,Durango,,Rural,https://postali.app/mx/durango/gomez-palacio/el-barro
35112,El Barro 33 (El Treinta y Tres),Ejido,Gómez Palacio,Durango,,Rural,https://postali.app/mx/durango/gomez-palacio/el-barro-33-el-treinta-y-tres
35112,El Valle de Eureka,Ejido,Gómez Palacio,Durango,,Rural,https://postali.app/mx/durango/gomez-palacio/el-valle-de-eureka
35112,El Veintinueve de Agosto,Ejido,Gómez Palacio,Durango,,Rural,https://postali.app/mx/durango/gomez-palacio/el-veintinueve-de-agosto
35112,Independencia,Ejido,Gómez Palacio,Durango,,Rural,https://postali.app/mx/durango/gomez-palacio/independencia-35112
35112,Nuevo Barro,Colonia,Gómez Palacio,Durango,,Rural,https://postali.app/mx/durango/gomez-palacio/nuevo-barro
35113,El Recuerdo,Ejido,Gómez Palacio,Durango,,Rural,https://postali.app/mx/durango/gomez-palacio/el-recuerdo
35113,Francisco Villa,Ejido,Gómez Palacio,Durango,,Rural,https://postali.app/mx/durango/gomez-palacio/francisco-villa-35113
35113,Jerusalén,Ejido,Gómez Palacio,Durango,,Rural,https://postali.app/mx/durango/gomez-palacio/jerusalen-35113
35113,Los Ángeles,Ejido,Gómez Palacio,Durango,,Rural,https://postali.app/mx/durango/gomez-palacio/los-angeles
35114,Chihuahuita (Chihuahuita Nuevo),Ejido,Gómez Palacio,Durango,,Rural,https://postali.app/mx/durango/gomez-palacio/chihuahuita-chihuahuita-nuevo
35114,El Retoño,Ejido,Gómez Palacio,Durango,,Rural,https://postali.app/mx/durango/gomez-palacio/el-retono
35114,Noria Gregorio García,Ejido,Gómez Palacio,Durango,,Rural,https://postali.app/mx/durango/gomez-palacio/noria-gregorio-garcia
35114,Rinconada,Ejido,Gómez Palacio,Durango,,Rural,https://postali.app/mx/durango/gomez-palacio/rinconada
35115,El Paraíso,Ejido,Gómez Palacio,Durango,,Rural,https://postali.app/mx/durango/gomez-palacio/el-paraiso-35115
35115,La Vega,Ejido,Gómez Palacio,Durango,,Rural,https://postali.app/mx/durango/gomez-palacio/la-vega
35115,Las Macitas,Ejido,Gómez Palacio,Durango,,Rural,https://postali.app/mx/durango/gomez-palacio/las-macitas
35117,Noria Sector Veintitrés,Barrio,Gómez Palacio,Durango,,Rural,https://postali.app/mx/durango/gomez-palacio/noria-sector-veintitres
35117,Rincón de Santa Cruz,Ejido,Gómez Palacio,Durango,,Rural,https://postali.app/mx/durango/gomez-palacio/rincon-de-santa-cruz
35117,Santa Cruz,Barrio,Gómez Palacio,Durango,,Rural,https://postali.app/mx/durango/gomez-palacio/santa-cruz
35118,Chihuahuita (Chihuahuita Viejo),Ejido,Gómez Palacio,Durango,,Rural,https://postali.app/mx/durango/gomez-palacio/chihuahuita-chihuahuita-viejo
35118,El Quemado,Ejido,Gómez Palacio,Durango,,Rural,https://postali.app/mx/durango/gomez-palacio/el-quemado
35118,Estación el Compás,Paraje,Gómez Palacio,Durango,,Rural,https://postali.app/mx/durango/gomez-palacio/estacion-el-compas
35118,Reforma,Ejido,Gómez Palacio,Durango,,Rural,https://postali.app/mx/durango/gomez-palacio/reforma
35118,San Felipe,Ejido,Gómez Palacio,Durango,,Urbano,https://postali.app/mx/durango/gomez-palacio/san-felipe
35118,San Isidro,Barrio,Gómez Palacio,Durango,,Rural,https://postali.app/mx/durango/gomez-palacio/san-isidro-35118
35119,El Compás,Granja,Gómez Palacio,Durango,,Rural,https://postali.app/mx/durango/gomez-palacio/el-compas
35119,El Quemado,Granja,Gómez Palacio,Durango,,Rural,https://postali.app/mx/durango/gomez-palacio/el-quemado-35119
35119,La Flor,Ejido,Gómez Palacio,Durango,,Rural,https://postali.app/mx/durango/gomez-palacio/la-flor
35119,La Revancha,Granja,Gómez Palacio,Durango,,Rural,https://postali.app/mx/durango/gomez-palacio/la-revancha
35119,San Felipe,Granja,Gómez Palacio,Durango,,Rural,https://postali.app/mx/durango/gomez-palacio/san-felipe-35119
35119,Santa Cruz Luján,Ejido,Gómez Palacio,Durango,,Rural,https://postali.app/mx/durango/gomez-palacio/santa-cruz-lujan
35120,Agrícola la Popular,Colonia,Gómez Palacio,Durango,,Rural,https://postali.app/mx/durango/gomez-palacio/agricola-la-popular
35120,El Vergel,Ejido,Gómez Palacio,Durango,,Rural,https://postali.app/mx/durango/gomez-palacio/el-vergel
35120,Esmeralda,Ejido,Gómez Palacio,Durango,,Rural,https://postali.app/mx/durango/gomez-palacio/esmeralda
35120,Gordo,Rancho,Gómez Palacio,Durango,,Rural,https://postali.app/mx/durango/gomez-palacio/gordo
35120,La Luz,Ejido,Gómez Palacio,Durango,,Rural,https://postali.app/mx/durango/gomez-palacio/la-luz
35120,Paraíso Sector 3 (La Tijera),Granja,Gómez Palacio,Durango,,Rural,https://postali.app/mx/durango/gomez-palacio/paraiso-sector-3-la-tijera
35120,Pastor Rouaix (Jaboncillo),Ejido,Gómez Palacio,Durango,,Rural,https://postali.app/mx/durango/gomez-palacio/pastor-rouaix-jaboncillo
35120,Pastor Rouaix (Pénjamo),Ejido,Gómez Palacio,Durango,,Rural,https://postali.app/mx/durango/gomez-palacio/pastor-rouaix-penjamo
35120,Pequeña Propiedad California,Granja,Gómez Palacio,Durango,,Rural,https://postali.app/mx/durango/gomez-palacio/pequena-propiedad-california
35120,San Luis (Granja Ríos),Rancho,Gómez Palacio,Durango,,Rural,https://postali.app/mx/durango/gomez-palacio/san-luis-granja-rios
35120,Trece de Marzo,Ranchería,Gómez Palacio,Durango,,Rural,https://postali.app/mx/durango/gomez-palacio/trece-de-marzo
35121,Arcinas,Ejido,Gómez Palacio,Durango,,Rural,https://postali.app/mx/durango/gomez-palacio/arcinas
35123,La Estrella,Granja,Gómez Palacio,Durango,,Rural,https://postali.app/mx/durango/gomez-palacio/la-estrella
35123,La Magdalena (Fresnedo),Granja,Gómez Palacio,Durango,,Rural,https://postali.app/mx/durango/gomez-palacio/la-magdalena-fresnedo
35123,Palo Blanco,Ejido,Gómez Palacio,Durango,,Rural,https://postali.app/mx/durango/gomez-palacio/palo-blanco
35123,Santa María,Granja,Gómez Palacio,Durango,,Rural,https://postali.app/mx/durango/gomez-palacio/santa-maria
35125,Acapulco,Granja,Gómez Palacio,Durango,,Rural,https://postali.app/mx/durango/gomez-palacio/acapulco
35125,Grupo Solidario Pamplona (Granja Hidalgo),Granja,Gómez Palacio,Durango,,Rural,https://postali.app/mx/durango/gomez-palacio/grupo-solidario-pamplona-granja-hidalgo
35125,Jericó,Granja,Gómez Palacio,Durango,,Rural,https://postali.app/mx/durango/gomez-palacio/jerico
35125,La Rosita (Progreso Chiquito),Granja,Gómez Palacio,Durango,,Rural,https://postali.app/mx/durango/gomez-palacio/la-rosita-progreso-chiquito
35127,El Consuelo,Ejido,Gómez Palacio,Durango,,Rural,https://postali.app/mx/durango/gomez-palacio/el-consuelo-35127
35127,San Martín,Ejido,Gómez Palacio,Durango,,Rural,https://postali.app/mx/durango/gomez-palacio/san-martin
35128,Amparo,Granja,Gómez Palacio,Durango,,Rural,https://postali.app/mx/durango/gomez-palacio/amparo
35128,Bethel,Granja,Gómez Palacio,Durango,,Rural,https://postali.app/mx/durango/gomez-palacio/bethel
35128,Chávez,Granja,Gómez Palacio,Durango,,Rural,https://postali.app/mx/durango/gomez-palacio/chavez
35128,El Chorizo (Familia Torres),Rancho,Gómez Palacio,Durango,,Rural,https://postali.app/mx/durango/gomez-palacio/el-chorizo-familia-torres
35128,El Vergelito,Ejido,Gómez Palacio,Durango,,Rural,https://postali.app/mx/durango/gomez-palacio/el-vergelito
35128,Las Cuatitas,Granja,Gómez Palacio,Durango,,Rural,https://postali.app/mx/durango/gomez-palacio/las-cuatitas
35128,Los Eucaliptos,Granja,Gómez Palacio,Durango,,Rural,https://postali.app/mx/durango/gomez-palacio/los-eucaliptos
35128,Nuevo Amanecer,Granja,Gómez Palacio,Durango,,Rural,https://postali.app/mx/durango/gomez-palacio/nuevo-amanecer
35128,Pátzcuaro,Granja,Gómez Palacio,Durango,,Rural,https://postali.app/mx/durango/gomez-palacio/patzcuaro
35128,Ríos,Granja,Gómez Palacio,Durango,,Rural,https://postali.app/mx/durango/gomez-palacio/rios
35128,San Aurelio,Granja,Gómez Palacio,Durango,,Rural,https://postali.app/mx/durango/gomez-palacio/san-aurelio
35128,Santa Gertrudis,Granja,Gómez Palacio,Durango,,Rural,https://postali.app/mx/durango/gomez-palacio/santa-gertrudis
35128,Tajo Viejo,Barrio,Gómez Palacio,Durango,,Rural,https://postali.app/mx/durango/gomez-palacio/tajo-viejo
35128,Vázquez,Granja,Gómez Palacio,Durango,,Rural,https://postali.app/mx/durango/gomez-palacio/vazquez
35129,La Tehua,Ejido,Gómez Palacio,Durango,,Rural,https://postali.app/mx/durango/gomez-palacio/la-tehua
35130,La Popular,Colonia,Gómez Palacio,Durango,,Urbano,https://postali.app/mx/durango/gomez-palacio/la-popular
35132,Cuatro de Diciembre (Sagundo),Ejido,Gómez Palacio,Durango,,Rural,https://postali.app/mx/durango/gomez-palacio/cuatro-de-diciembre-sagundo
35132,La Aurora,Ejido,Gómez Palacio,Durango,,Rural,https://postali.app/mx/durango/gomez-palacio/la-aurora
35132,Las Playas,Ejido,Gómez Palacio,Durango,,Rural,https://postali.app/mx/durango/gomez-palacio/las-playas
35132,San Roque,Pueblo,Gómez Palacio,Durango,,Rural,https://postali.app/mx/durango/gomez-palacio/san-roque
35133,Ana,Granja,Gómez Palacio,Durango,,Rural,https://postali.app/mx/durango/gomez-palacio/ana
35133,El Pilar,Granja,Gómez Palacio,Durango,,Rural,https://postali.app/mx/durango/gomez-palacio/el-pilar
35133,La Risueña,Granja,Gómez Palacio,Durango,,Rural,https://postali.app/mx/durango/gomez-palacio/la-risuena
35133,Los Órganos (La Gloria),Granja,Gómez Palacio,Durango,,Rural,https://postali.app/mx/durango/gomez-palacio/los-organos-la-gloria
35133,Pastor Rouaix,Colonia,Gómez Palacio,Durango,,Urbano,https://postali.app/mx/durango/gomez-palacio/pastor-rouaix
35134,El Junco,Ejido,Gómez Palacio,Durango,,Rural,https://postali.app/mx/durango/gomez-palacio/el-junco
35134,Ideal,Granja,Gómez Palacio,Durango,,Rural,https://postali.app/mx/durango/gomez-palacio/ideal
35134,La Plata,Ejido,Gómez Palacio,Durango,,Rural,https://postali.app/mx/durango/gomez-palacio/la-plata
35134,La Platilla (La Nueva) [Nuevo Centro de Población],Ejido,Gómez Palacio,Durango,,Rural,https://postali.app/mx/durango/gomez-palacio/la-platilla-la-nueva-nuevo-centro-de-poblacion
35134,Manila,Ejido,Gómez Palacio,Durango,,Rural,https://postali.app/mx/durango/gomez-palacio/manila
35135,El Fénix,Granja,Gómez Palacio,Durango,,Rural,https://postali.app/mx/durango/gomez-palacio/el-fenix-35135
35135,El Triunfo,Ejido,Gómez Palacio,Durango,,Rural,https://postali.app/mx/durango/gomez-palacio/el-triunfo
35135,Jolo (Diecinueve de Octubre),Ejido,Gómez Palacio,Durango,,Rural,https://postali.app/mx/durango/gomez-palacio/jolo-diecinueve-de-octubre
35135,La Competencia,Ejido,Gómez Palacio,Durango,,Rural,https://postali.app/mx/durango/gomez-palacio/la-competencia
35136,Bucareli,Ejido,Gómez Palacio,Durango,,Rural,https://postali.app/mx/durango/gomez-palacio/bucareli
35136,La Pequeña Santana,Granja,Gómez Palacio,Durango,,Rural,https://postali.app/mx/durango/gomez-palacio/la-pequena-santana
35136,Noé,Ejido,Gómez Palacio,Durango,,Rural,https://postali.app/mx/durango/gomez-palacio/noe
35136,Rosalba,Rancho,Gómez Palacio,Durango,,Rural,https://postali.app/mx/durango/gomez-palacio/rosalba
35137,Buendía,Ejido,Gómez Palacio,Durango,,Rural,https://postali.app/mx/durango/gomez-palacio/buendia
35137,El Rocío,Granja,Gómez Palacio,Durango,,Rural,https://postali.app/mx/durango/gomez-palacio/el-rocio
35137,María Antonieta,Ejido,Gómez Palacio,Durango,,Rural,https://postali.app/mx/durango/gomez-palacio/maria-antonieta
35137,Seis de Julio (Nuevo Noé),Colonia,Gómez Palacio,Durango,,Rural,https://postali.app/mx/durango/gomez-palacio/seis-de-julio-nuevo-noe
35137,Vilma Ale de Herrera (Las Cuadritas),Barrio,Gómez Palacio,Durango,,Rural,https://postali.app/mx/durango/gomez-palacio/vilma-ale-de-herrera-las-cuadritas
35138,San Ramón,Ejido,Gómez Palacio,Durango,,Rural,https://postali.app/mx/durango/gomez-palacio/san-ramon
35139,Nazas (Las Lagartijas),Barrio,Gómez Palacio,Durango,,Rural,https://postali.app/mx/durango/gomez-palacio/nazas-las-lagartijas
35139,Vicente Nava,Ejido,Gómez Palacio,Durango,,Urbano,https://postali.app/mx/durango/gomez-palacio/vicente-nava
35140,Altozano la Nueva Laguna,Fraccionamiento,Gómez Palacio,Durango,,Urbano,https://postali.app/mx/durango/gomez-palacio/altozano-la-nueva-laguna
35140,Aquiles Serdán,Ejido,Gómez Palacio,Durango,,Rural,https://postali.app/mx/durango/gomez-palacio/aquiles-serdan
35140,Conejos,Granja,Gómez Palacio,Durango,,Rural,https://postali.app/mx/durango/gomez-palacio/conejos
35140,El Cariño,Ejido,Gómez Palacio,Durango,,Rural,https://postali.app/mx/durango/gomez-palacio/el-carino
35140,El Celo,Ranchería,Gómez Palacio,Durango,,Rural,https://postali.app/mx/durango/gomez-palacio/el-celo
35140,La Cava,Fraccionamiento,Gómez Palacio,Durango,,Urbano,https://postali.app/mx/durango/gomez-palacio/la-cava
35140,La Gran Vinícola,Fraccionamiento,Gómez Palacio,Durango,,Urbano,https://postali.app/mx/durango/gomez-palacio/la-gran-vinicola
35140,La Herradura,Granja,Gómez Palacio,Durango,,Rural,https://postali.app/mx/durango/gomez-palacio/la-herradura-35140
35140,Las Huertas,Ejido,Gómez Palacio,Durango,,Urbano,https://postali.app/mx/durango/gomez-palacio/las-huertas
35140,Nextlalpan,Granja,Gómez Palacio,Durango,,Urbano,https://postali.app/mx/durango/gomez-palacio/nextlalpan
35140,Parque Industrial Santa Rita,Zona industrial,Gómez Palacio,Durango,,Urbano,https://postali.app/mx/durango/gomez-palacio/parque-industrial-santa-rita
35140,San José de Viñedo,Ejido,Gómez Palacio,Durango,,Rural,https://postali.app/mx/durango/gomez-palacio/san-jose-de-vinedo
35140,San Sebastián,Ejido,Gómez Palacio,Durango,,Rural,https://postali.app/mx/durango/gomez-palacio/san-sebastian
35140,Sepúlveda,Granja,Gómez Palacio,Durango,,Rural,https://postali.app/mx/durango/gomez-palacio/sepulveda
35140,Transporte,Ejido,Gómez Palacio,Durango,,Rural,https://postali.app/mx/durango/gomez-palacio/transporte
35140,Urbi Villa del Cedro,Fraccionamiento,Gómez Palacio,Durango,,Urbano,https://postali.app/mx/durango/gomez-palacio/urbi-villa-del-cedro
35141,El Castillo,Ejido,Gómez Palacio,Durango,,Rural,https://postali.app/mx/durango/gomez-palacio/el-castillo
35141,Estación Viñedo,Paraje,Gómez Palacio,Durango,,Rural,https://postali.app/mx/durango/gomez-palacio/estacion-vinedo
35143,Bella Unión,Ejido,Gómez Palacio,Durango,,Rural,https://postali.app/mx/durango/gomez-palacio/bella-union
35144,San Ramón,Ejido,Gómez Palacio,Durango,,Rural,https://postali.app/mx/durango/gomez-palacio/san-ramon-35144
35146,El Refugio,Ejido,Gómez Palacio,Durango,,Rural,https://postali.app/mx/durango/gomez-palacio/el-refugio-35146
35146,Establera San Francisco,Colonia,Gómez Palacio,Durango,,Rural,https://postali.app/mx/durango/gomez-palacio/establera-san-francisco
35146,Nuevo Gómez,Ejido,Gómez Palacio,Durango,,Rural,https://postali.app/mx/durango/gomez-palacio/nuevo-gomez-35146
35147,Dolores,Ejido,Gómez Palacio,Durango,,Rural,https://postali.app/mx/durango/gomez-palacio/dolores
35147,Estación Noé,Paraje,Gómez Palacio,Durango,,Rural,https://postali.app/mx/durango/gomez-palacio/estacion-noe
35150,15 Letras,Barrio,Lerdo,Durango,Ciudad Lerdo,Urbano,https://postali.app/mx/durango/lerdo/15-letras
35150,Cuba,Barrio,Lerdo,Durango,Ciudad Lerdo,Urbano,https://postali.app/mx/durango/lerdo/cuba
35150,Duranguito,Barrio,Lerdo,Durango,Ciudad Lerdo,Urbano,https://postali.app/mx/durango/lerdo/duranguito
35150,INFONAVIT I,Unidad habitacional,Lerdo,Durango,Ciudad Lerdo,Urbano,https://postali.app/mx/durango/lerdo/infonavit-i
35150,Lerdo Centro,Colonia,Lerdo,Durango,Ciudad Lerdo,Urbano,https://postali.app/mx/durango/lerdo/lerdo-centro
35150,Lomas Verdes,Colonia,Lerdo,Durango,Ciudad Lerdo,Urbano,https://postali.app/mx/durango/lerdo/lomas-verdes
35150,Olas Altas,Colonia,Lerdo,Durango,Ciudad Lerdo,Urbano,https://postali.app/mx/durango/lerdo/olas-altas
35150,Rinconada de los Puentes,Colonia,Lerdo,Durango,Ciudad Lerdo,Urbano,https://postali.app/mx/durango/lerdo/rinconada-de-los-puentes
35153,Emiliano Zapata,Colonia,Lerdo,Durango,Ciudad Lerdo,Urbano,https://postali.app/mx/durango/lerdo/emiliano-zapata
35153,Francisco Villa Sur,Colonia,Lerdo,Durango,Ciudad Lerdo,Urbano,https://postali.app/mx/durango/lerdo/francisco-villa-sur
35153,Las Brisas,Colonia,Lerdo,Durango,Ciudad Lerdo,Urbano,https://postali.app/mx/durango/lerdo/las-brisas
35153,Las Brisas del Sur,Colonia,Lerdo,Durango,Ciudad Lerdo,Urbano,https://postali.app/mx/durango/lerdo/las-brisas-del-sur
35153,San Pedro,Fraccionamiento,Lerdo,Durango,Ciudad Lerdo,Urbano,https://postali.app/mx/durango/lerdo/san-pedro
35153,Tiro Al Blanco,Colonia,Lerdo,Durango,Ciudad Lerdo,Urbano,https://postali.app/mx/durango/lerdo/tiro-al-blanco
35153,Victoria Popular,Colonia,Lerdo,Durango,Ciudad Lerdo,Urbano,https://postali.app/mx/durango/lerdo/victoria-popular
35154,Cerro de La Cruz,Colonia,Lerdo,Durango,Ciudad Lerdo,Urbano,https://postali.app/mx/durango/lerdo/cerro-de-la-cruz
35154,Francisco Villa Norte,Colonia,Lerdo,Durango,Ciudad Lerdo,Urbano,https://postali.app/mx/durango/lerdo/francisco-villa-norte
35155,20 de Noviembre,Colonia,Lerdo,Durango,Ciudad Lerdo,Urbano,https://postali.app/mx/durango/lerdo/20-de-noviembre
35155,Las Flores,Colonia,Lerdo,Durango,Ciudad Lerdo,Urbano,https://postali.app/mx/durango/lerdo/las-flores
35156,18 de Julio,Colonia,Lerdo,Durango,Ciudad Lerdo,Urbano,https://postali.app/mx/durango/lerdo/18-de-julio
35156,Atenco,Colonia,Lerdo,Durango,Ciudad Lerdo,Urbano,https://postali.app/mx/durango/lerdo/atenco
35156,Independencia,Colonia,Lerdo,Durango,Ciudad Lerdo,Urbano,https://postali.app/mx/durango/lerdo/independencia
35156,Las Américas,Fraccionamiento,Lerdo,Durango,Ciudad Lerdo,Urbano,https://postali.app/mx/durango/lerdo/las-americas
35156,Loma Real,Fraccionamiento,Lerdo,Durango,Ciudad Lerdo,Urbano,https://postali.app/mx/durango/lerdo/loma-real
35156,Prudencia Jáuregui,Colonia,Lerdo,Durango,Ciudad Lerdo,Urbano,https://postali.app/mx/durango/lerdo/prudencia-jauregui
35156,San Daniel,Fraccionamiento,Lerdo,Durango,Ciudad Lerdo,Urbano,https://postali.app/mx/durango/lerdo/san-daniel
35156,San Fernando,Colonia,Lerdo,Durango,Ciudad Lerdo,Urbano,https://postali.app/mx/durango/lerdo/san-fernando
35156,San Isidro,Colonia,Lerdo,Durango,Ciudad Lerdo,Urbano,https://postali.app/mx/durango/lerdo/san-isidro
35156,San Juan,Fraccionamiento,Lerdo,Durango,Ciudad Lerdo,Urbano,https://postali.app/mx/durango/lerdo/san-juan
35156,San Juan II,Fraccionamiento,Lerdo,Durango,Ciudad Lerdo,Urbano,https://postali.app/mx/durango/lerdo/san-juan-ii
35156,San Juanito,Colonia,Lerdo,Durango,Ciudad Lerdo,Urbano,https://postali.app/mx/durango/lerdo/san-juanito
35156,San Ramón,Fraccionamiento,Lerdo,Durango,Ciudad Lerdo,Urbano,https://postali.app/mx/durango/lerdo/san-ramon
35156,Villas de San Isidro,Fraccionamiento,Lerdo,Durango,Ciudad Lerdo,Urbano,https://postali.app/mx/durango/lerdo/villas-de-san-isidro
35157,Cerrada Los Reyes,Fraccionamiento,Lerdo,Durango,Ciudad Lerdo,Urbano,https://postali.app/mx/durango/lerdo/cerrada-los-reyes
35157,Cerradas Quintas Lerdo,Fraccionamiento,Lerdo,Durango,Ciudad Lerdo,Urbano,https://postali.app/mx/durango/lerdo/cerradas-quintas-lerdo
35157,Club de Leones (La Lomita),Colonia,Lerdo,Durango,Ciudad Lerdo,Urbano,https://postali.app/mx/durango/lerdo/club-de-leones-la-lomita
35157,Del Valle,Colonia,Lerdo,Durango,Ciudad Lerdo,Urbano,https://postali.app/mx/durango/lerdo/del-valle
35157,Flor del Desierto,Fraccionamiento,Lerdo,Durango,Ciudad Lerdo,Urbano,https://postali.app/mx/durango/lerdo/flor-del-desierto
35157,Flor del Desierto II,Fraccionamiento,Lerdo,Durango,Ciudad Lerdo,Urbano,https://postali.app/mx/durango/lerdo/flor-del-desierto-ii
35157,Francisco Sarabia,Fraccionamiento,Lerdo,Durango,Ciudad Lerdo,Urbano,https://postali.app/mx/durango/lerdo/francisco-sarabia
35157,Huerto Escondido,Fraccionamiento,Lerdo,Durango,Ciudad Lerdo,Urbano,https://postali.app/mx/durango/lerdo/huerto-escondido
35157,Jardines del Periférico,Fraccionamiento,Lerdo,Durango,Ciudad Lerdo,Urbano,https://postali.app/mx/durango/lerdo/jardines-del-periferico
35157,Jardín,Colonia,Lerdo,Durango,Ciudad Lerdo,Urbano,https://postali.app/mx/durango/lerdo/jardin
35157,José Revueltas,Colonia,Lerdo,Durango,Ciudad Lerdo,Urbano,https://postali.app/mx/durango/lerdo/jose-revueltas
35157,Las Huertas II,Fraccionamiento,Lerdo,Durango,Ciudad Lerdo,Urbano,https://postali.app/mx/durango/lerdo/las-huertas-ii
35157,Lerdo II,Fraccionamiento,Lerdo,Durango,Ciudad Lerdo,Urbano,https://postali.app/mx/durango/lerdo/lerdo-ii
35157,Los Doctores,Fraccionamiento,Lerdo,Durango,Ciudad Lerdo,Urbano,https://postali.app/mx/durango/lerdo/los-doctores
35157,Los Murales,Fraccionamiento,Lerdo,Durango,Ciudad Lerdo,Urbano,https://postali.app/mx/durango/lerdo/los-murales
35157,Los Reyes,Fraccionamiento,Lerdo,Durango,Ciudad Lerdo,Urbano,https://postali.app/mx/durango/lerdo/los-reyes
35157,Lucio Cabañas,Colonia,Lerdo,Durango,Ciudad Lerdo,Urbano,https://postali.app/mx/durango/lerdo/lucio-cabanas
35157,Montebello,Colonia,Lerdo,Durango,Ciudad Lerdo,Urbano,https://postali.app/mx/durango/lerdo/montebello
35157,Mártires del 68,Colonia,Lerdo,Durango,Ciudad Lerdo,Urbano,https://postali.app/mx/durango/lerdo/martires-del-68
35157,Primavera,Fraccionamiento,Lerdo,Durango,Ciudad Lerdo,Urbano,https://postali.app/mx/durango/lerdo/primavera
35157,Quintas Lerdo,Fraccionamiento,Lerdo,Durango,Ciudad Lerdo,Urbano,https://postali.app/mx/durango/lerdo/quintas-lerdo
35157,Residencial Quintas Lerdo,Fraccionamiento,Lerdo,Durango,Ciudad Lerdo,Urbano,https://postali.app/mx/durango/lerdo/residencial-quintas-lerdo
35157,Rincón del Periférico,Colonia,Lerdo,Durango,Ciudad Lerdo,Urbano,https://postali.app/mx/durango/lerdo/rincon-del-periferico
35157,San Antonio,Fraccionamiento,Lerdo,Durango,Ciudad Lerdo,Urbano,https://postali.app/mx/durango/lerdo/san-antonio
35157,Simón Zamora,Colonia,Lerdo,Durango,Ciudad Lerdo,Urbano,https://postali.app/mx/durango/lerdo/simon-zamora
35157,Villa Canterías,Fraccionamiento,Lerdo,Durango,Ciudad Lerdo,Urbano,https://postali.app/mx/durango/lerdo/villa-canterias
35157,Villa Paraíso,Colonia,Lerdo,Durango,Ciudad Lerdo,Urbano,https://postali.app/mx/durango/lerdo/villa-paraiso
35158,Constituyentes,Colonia,Lerdo,Durango,Ciudad Lerdo,Urbano,https://postali.app/mx/durango/lerdo/constituyentes
35158,Del Parque,Colonia,Lerdo,Durango,Ciudad Lerdo,Urbano,https://postali.app/mx/durango/lerdo/del-parque
35158,El Cambio,Colonia,Lerdo,Durango,Ciudad Lerdo,Urbano,https://postali.app/mx/durango/lerdo/el-cambio
35158,El Edén,Colonia,Lerdo,Durango,Ciudad Lerdo,Urbano,https://postali.app/mx/durango/lerdo/el-eden
35158,La Reina,Colonia,Lerdo,Durango,Ciudad Lerdo,Urbano,https://postali.app/mx/durango/lerdo/la-reina
35158,Los Laureles,Colonia,Lerdo,Durango,Ciudad Lerdo,Urbano,https://postali.app/mx/durango/lerdo/los-laureles
35158,Los Sauces,Colonia,Lerdo,Durango,Ciudad Lerdo,Urbano,https://postali.app/mx/durango/lerdo/los-sauces
35158,Mayagoitia,Colonia,Lerdo,Durango,Ciudad Lerdo,Urbano,https://postali.app/mx/durango/lerdo/mayagoitia
35158,Niños Héroes,Colonia,Lerdo,Durango,Ciudad Lerdo,Urbano,https://postali.app/mx/durango/lerdo/ninos-heroes
35158,Nueva Jerusalén,Colonia,Lerdo,Durango,Ciudad Lerdo,Urbano,https://postali.app/mx/durango/lerdo/nueva-jerusalen
35158,Nueva Rosita,Colonia,Lerdo,Durango,Ciudad Lerdo,Urbano,https://postali.app/mx/durango/lerdo/nueva-rosita
35158,Rosales II,Colonia,Lerdo,Durango,Ciudad Lerdo,Urbano,https://postali.app/mx/durango/lerdo/rosales-ii
35158,Valle del Sol,Colonia,Lerdo,Durango,Ciudad Lerdo,Urbano,https://postali.app/mx/durango/lerdo/valle-del-sol
35159,Bega,Fraccionamiento,Lerdo,Durango,Ciudad Lerdo,Urbano,https://postali.app/mx/durango/lerdo/bega
35159,Carmen Carreón,Fraccionamiento,Lerdo,Durango,Ciudad Lerdo,Urbano,https://postali.app/mx/durango/lerdo/carmen-carreon
35159,Castilagua,Fraccionamiento,Lerdo,Durango,Ciudad Lerdo,Urbano,https://postali.app/mx/durango/lerdo/castilagua
35159,Cerrada el Rosario,Fraccionamiento,Lerdo,Durango,Ciudad Lerdo,Urbano,https://postali.app/mx/durango/lerdo/cerrada-el-rosario
35159,Cerrada Las Margaritas,Fraccionamiento,Lerdo,Durango,Ciudad Lerdo,Urbano,https://postali.app/mx/durango/lerdo/cerrada-las-margaritas
35159,Cerrada San Andrés,Fraccionamiento,Lerdo,Durango,Ciudad Lerdo,Urbano,https://postali.app/mx/durango/lerdo/cerrada-san-andres
35159,Cerrada San Lorenzo,Fraccionamiento,Lerdo,Durango,Ciudad Lerdo,Urbano,https://postali.app/mx/durango/lerdo/cerrada-san-lorenzo
35159,Cipreses,Fraccionamiento,Lerdo,Durango,Ciudad Lerdo,Urbano,https://postali.app/mx/durango/lerdo/cipreses
35159,Conjunto Habitacional Cerrada San Mateo,Fraccionamiento,Lerdo,Durango,Ciudad Lerdo,Urbano,https://postali.app/mx/durango/lerdo/conjunto-habitacional-cerrada-san-mateo
35159,Del Valle,Fraccionamiento,Lerdo,Durango,Ciudad Lerdo,Urbano,https://postali.app/mx/durango/lerdo/del-valle-35159
35159,El Amparo,Colonia,Lerdo,Durango,Ciudad Lerdo,Urbano,https://postali.app/mx/durango/lerdo/el-amparo
35159,El Huizache,Fraccionamiento,Lerdo,Durango,Ciudad Lerdo,Urbano,https://postali.app/mx/durango/lerdo/el-huizache
35159,El Kiosko,Fraccionamiento,Lerdo,Durango,Ciudad Lerdo,Urbano,https://postali.app/mx/durango/lerdo/el-kiosko
35159,Ex Ejido Lerdo,Colonia,Lerdo,Durango,Ciudad Lerdo,Urbano,https://postali.app/mx/durango/lerdo/ex-ejido-lerdo
35159,Filiberto García M,Colonia,Lerdo,Durango,Ciudad Lerdo,Urbano,https://postali.app/mx/durango/lerdo/filiberto-garcia-m
35159,Javier Mina,Fraccionamiento,Lerdo,Durango,Ciudad Lerdo,Urbano,https://postali.app/mx/durango/lerdo/javier-mina
35159,Jazmines,Fraccionamiento,Lerdo,Durango,Ciudad Lerdo,Urbano,https://postali.app/mx/durango/lerdo/jazmines
35159,La Herradura,Fraccionamiento,Lerdo,Durango,Ciudad Lerdo,Urbano,https://postali.app/mx/durango/lerdo/la-herradura
35159,Las Huertas,Fraccionamiento,Lerdo,Durango,Ciudad Lerdo,Urbano,https://postali.app/mx/durango/lerdo/las-huertas
35159,Los Molinos,Fraccionamiento,Lerdo,Durango,Ciudad Lerdo,Urbano,https://postali.app/mx/durango/lerdo/los-molinos
35159,Los Pinos,Fraccionamiento,Lerdo,Durango,Ciudad Lerdo,Urbano,https://postali.app/mx/durango/lerdo/los-pinos
35159,Los Ángeles,Colonia,Lerdo,Durango,Ciudad Lerdo,Urbano,https://postali.app/mx/durango/lerdo/los-angeles
35159,Nogales,Colonia,Lerdo,Durango,Ciudad Lerdo,Urbano,https://postali.app/mx/durango/lerdo/nogales
35159,Nueva Vizcaya,Fraccionamiento,Lerdo,Durango,Ciudad Lerdo,Urbano,https://postali.app/mx/durango/lerdo/nueva-vizcaya
35159,Placido Domingo,Colonia,Lerdo,Durango,Ciudad Lerdo,Urbano,https://postali.app/mx/durango/lerdo/placido-domingo
35159,Quintas San Fernando,Fraccionamiento,Lerdo,Durango,Ciudad Lerdo,Urbano,https://postali.app/mx/durango/lerdo/quintas-san-fernando
35159,Quintas San Isidro,Fraccionamiento,Lerdo,Durango,Ciudad Lerdo,Urbano,https://postali.app/mx/durango/lerdo/quintas-san-isidro
35159,Residencial Jardines,Colonia,Lerdo,Durango,Ciudad Lerdo,Urbano,https://postali.app/mx/durango/lerdo/residencial-jardines
35159,Reyes Esquivel,Fraccionamiento,Lerdo,Durango,Ciudad Lerdo,Urbano,https://postali.app/mx/durango/lerdo/reyes-esquivel
35159,Rincón las Huertas,Fraccionamiento,Lerdo,Durango,Ciudad Lerdo,Urbano,https://postali.app/mx/durango/lerdo/rincon-las-huertas
35159,San Carlos,Fraccionamiento,Lerdo,Durango,Ciudad Lerdo,Urbano,https://postali.app/mx/durango/lerdo/san-carlos
35159,San Felipe,Fraccionamiento,Lerdo,Durango,Ciudad Lerdo,Urbano,https://postali.app/mx/durango/lerdo/san-felipe
35159,San Francisco,Fraccionamiento,Lerdo,Durango,Ciudad Lerdo,Urbano,https://postali.app/mx/durango/lerdo/san-francisco
35159,San Gregorio,Fraccionamiento,Lerdo,Durango,Ciudad Lerdo,Urbano,https://postali.app/mx/durango/lerdo/san-gregorio
35159,San Isidro,Fraccionamiento,Lerdo,Durango,Ciudad Lerdo,Urbano,https://postali.app/mx/durango/lerdo/san-isidro-35159
35159,San José,Fraccionamiento,Lerdo,Durango,Ciudad Lerdo,Urbano,https://postali.app/mx/durango/lerdo/san-jose
35159,San Lorenzo,Fraccionamiento,Lerdo,Durango,Ciudad Lerdo,Urbano,https://postali.app/mx/durango/lerdo/san-lorenzo
35159,San Ángel,Fraccionamiento,Lerdo,Durango,Ciudad Lerdo,Urbano,https://postali.app/mx/durango/lerdo/san-angel
35159,Tecnológico,Fraccionamiento,Lerdo,Durango,Ciudad Lerdo,Urbano,https://postali.app/mx/durango/lerdo/tecnologico
35159,Villa Canterías la Estanzuela,Fraccionamiento,Lerdo,Durango,Ciudad Lerdo,Urbano,https://postali.app/mx/durango/lerdo/villa-canterias-la-estanzuela
35159,Villas del Monte,Fraccionamiento,Lerdo,Durango,Ciudad Lerdo,Urbano,https://postali.app/mx/durango/lerdo/villas-del-monte
35160,Lagos del Campestre,Colonia,Lerdo,Durango,Ciudad Lerdo,Urbano,https://postali.app/mx/durango/lerdo/lagos-del-campestre
35160,Luis Longoria,Colonia,Lerdo,Durango,Ciudad Lerdo,Urbano,https://postali.app/mx/durango/lerdo/luis-longoria
35160,Villa de las Flores,Colonia,Lerdo,Durango,Ciudad Lerdo,Urbano,https://postali.app/mx/durango/lerdo/villa-de-las-flores
35163,Benito Juárez,Colonia,Lerdo,Durango,Ciudad Lerdo,Urbano,https://postali.app/mx/durango/lerdo/benito-juarez
35163,El Huarache (El Guarache),Colonia,Lerdo,Durango,Ciudad Lerdo,Urbano,https://postali.app/mx/durango/lerdo/el-huarache-el-guarache
35163,El Polvorín,Colonia,Lerdo,Durango,Ciudad Lerdo,Rural,https://postali.app/mx/durango/lerdo/el-polvorin
35163,La Carpa,Colonia,Lerdo,Durango,Ciudad Lerdo,Urbano,https://postali.app/mx/durango/lerdo/la-carpa
35163,La Ermita,Colonia,Lerdo,Durango,Ciudad Lerdo,Urbano,https://postali.app/mx/durango/lerdo/la-ermita
35163,La Ferrocarrilera,Colonia,Lerdo,Durango,Ciudad Lerdo,Urbano,https://postali.app/mx/durango/lerdo/la-ferrocarrilera
35163,La Rinconada,Colonia,Lerdo,Durango,Ciudad Lerdo,Urbano,https://postali.app/mx/durango/lerdo/la-rinconada
35163,Villa de Guadalupe,Colonia,Lerdo,Durango,Ciudad Lerdo,Urbano,https://postali.app/mx/durango/lerdo/villa-de-guadalupe
35164,Ampliación Las Flores,Colonia,Lerdo,Durango,Ciudad Lerdo,Urbano,https://postali.app/mx/durango/lerdo/ampliacion-las-flores
35164,La Rueda,Colonia,Lerdo,Durango,Ciudad Lerdo,Urbano,https://postali.app/mx/durango/lerdo/la-rueda
35164,Privada Carolina,Fraccionamiento,Lerdo,Durango,Ciudad Lerdo,Urbano,https://postali.app/mx/durango/lerdo/privada-carolina
35164,Privada Las Palmas,Fraccionamiento,Lerdo,Durango,Ciudad Lerdo,Urbano,https://postali.app/mx/durango/lerdo/privada-las-palmas
35164,Privada San José,Fraccionamiento,Lerdo,Durango,Ciudad Lerdo,Urbano,https://postali.app/mx/durango/lerdo/privada-san-jose
35164,Rosales,Colonia,Lerdo,Durango,Ciudad Lerdo,Urbano,https://postali.app/mx/durango/lerdo/rosales
35164,Sacramento,Colonia,Lerdo,Durango,Ciudad Lerdo,Urbano,https://postali.app/mx/durango/lerdo/sacramento
35164,Samaniego,Colonia,Lerdo,Durango,Ciudad Lerdo,Urbano,https://postali.app/mx/durango/lerdo/samaniego
35164,Unidos Venceremos,Colonia,Lerdo,Durango,Ciudad Lerdo,Urbano,https://postali.app/mx/durango/lerdo/unidos-venceremos
35165,Roberto Fierro,Colonia,Lerdo,Durango,Ciudad Lerdo,Urbano,https://postali.app/mx/durango/lerdo/roberto-fierro
35166,Armando del Castillo Franco,Colonia,Lerdo,Durango,Ciudad Lerdo,Urbano,https://postali.app/mx/durango/lerdo/armando-del-castillo-franco
35167,Francisco Sarabia,Colonia,Lerdo,Durango,Ciudad Lerdo,Urbano,https://postali.app/mx/durango/lerdo/francisco-sarabia-35167
35167,Lázaro Cárdenas,Colonia,Lerdo,Durango,Ciudad Lerdo,Urbano,https://postali.app/mx/durango/lerdo/lazaro-cardenas
35168,5 de Mayo,Colonia,Lerdo,Durango,Ciudad Lerdo,Urbano,https://postali.app/mx/durango/lerdo/5-de-mayo
35168,Hijos de Ejidatarios,Colonia,Lerdo,Durango,Ciudad Lerdo,Urbano,https://postali.app/mx/durango/lerdo/hijos-de-ejidatarios
35168,Jardines de Lerdo,Colonia,Lerdo,Durango,Ciudad Lerdo,Urbano,https://postali.app/mx/durango/lerdo/jardines-de-lerdo
35168,Las Palmas,Colonia,Lerdo,Durango,Ciudad Lerdo,Urbano,https://postali.app/mx/durango/lerdo/las-palmas
35168,Magisterial,Colonia,Lerdo,Durango,Ciudad Lerdo,Urbano,https://postali.app/mx/durango/lerdo/magisterial
35168,San José,Colonia,Lerdo,Durango,Ciudad Lerdo,Urbano,https://postali.app/mx/durango/lerdo/san-jose-35168
35168,U H SARH,Colonia,Lerdo,Durango,Ciudad Lerdo,Urbano,https://postali.app/mx/durango/lerdo/u-h-sarh
35168,Villa Jardín,Colonia,Lerdo,Durango,Ciudad Lerdo,Urbano,https://postali.app/mx/durango/lerdo/villa-jardin
35169,1 de Mayo,Colonia,Lerdo,Durango,Ciudad Lerdo,Urbano,https://postali.app/mx/durango/lerdo/1-de-mayo
35169,César G Meraz,Colonia,Lerdo,Durango,Ciudad Lerdo,Urbano,https://postali.app/mx/durango/lerdo/cesar-g-meraz
35169,Emiliano Zapata,Colonia,Lerdo,Durango,Ciudad Lerdo,Urbano,https://postali.app/mx/durango/lerdo/emiliano-zapata-35169
35169,Genaro Vázquez,Colonia,Lerdo,Durango,Ciudad Lerdo,Urbano,https://postali.app/mx/durango/lerdo/genaro-vazquez
35170,León Guzmán,Pueblo,Lerdo,Durango,,Urbano,https://postali.app/mx/durango/lerdo/leon-guzman
35171,Juan José Rojas,Colonia,Lerdo,Durango,,Rural,https://postali.app/mx/durango/lerdo/juan-jose-rojas
35171,Salamanca,Ejido,Lerdo,Durango,,Rural,https://postali.app/mx/durango/lerdo/salamanca
35171,Vallecillos,Ejido,Lerdo,Durango,,Rural,https://postali.app/mx/durango/lerdo/vallecillos
35173,El Ranchito,Rancho,Lerdo,Durango,,Rural,https://postali.app/mx/durango/lerdo/el-ranchito
35173,San Jacinto,Ejido,Lerdo,Durango,,Rural,https://postali.app/mx/durango/lerdo/san-jacinto
35174,El Salitral,Colonia,Lerdo,Durango,,Rural,https://postali.app/mx/durango/lerdo/el-salitral
35174,Estación la Goma,Paraje,Lerdo,Durango,,Rural,https://postali.app/mx/durango/lerdo/estacion-la-goma
35174,Juan E García,Pueblo,Lerdo,Durango,,Rural,https://postali.app/mx/durango/lerdo/juan-e-garcia
35174,La Gloria,Ranchería,Lerdo,Durango,,Rural,https://postali.app/mx/durango/lerdo/la-gloria
35174,La Goma,Ejido,Lerdo,Durango,,Rural,https://postali.app/mx/durango/lerdo/la-goma
35174,San Antonio (La Hortaliza),Ranchería,Lerdo,Durango,,Rural,https://postali.app/mx/durango/lerdo/san-antonio-la-hortaliza
35174,Vicente Nava (La Gomita),Colonia,Lerdo,Durango,,Rural,https://postali.app/mx/durango/lerdo/vicente-nava-la-gomita
35175,Grande (3 Hermanas),Rancho,Lerdo,Durango,,Rural,https://postali.app/mx/durango/lerdo/grande-3-hermanas
35175,Vicente Suárez,Ranchería,Lerdo,Durango,,Rural,https://postali.app/mx/durango/lerdo/vicente-suarez
35177,San Nicolás,Ejido,Lerdo,Durango,,Rural,https://postali.app/mx/durango/lerdo/san-nicolas
35179,21 de Marzo,Ejido,Lerdo,Durango,,Rural,https://postali.app/mx/durango/lerdo/21-de-marzo
35179,El Peñón,Ranchería,Lerdo,Durango,,Rural,https://postali.app/mx/durango/lerdo/el-penon
35180,Ciudad Juárez,Pueblo,Lerdo,Durango,,Urbano,https://postali.app/mx/durango/lerdo/ciudad-juarez
35180,La Campana,Ranchería,Lerdo,Durango,,Rural,https://postali.app/mx/durango/lerdo/la-campana
35180,Las Piedras,Ranchería,Lerdo,Durango,,Rural,https://postali.app/mx/durango/lerdo/las-piedras
35180,San Carlos,Ejido,Lerdo,Durango,,Urbano,https://postali.app/mx/durango/lerdo/san-carlos-35180
35181,Centauro del Norte,Colonia,Lerdo,Durango,,Urbano,https://postali.app/mx/durango/lerdo/centauro-del-norte
35181,Estación Río Nazas,Paraje,Lerdo,Durango,,Rural,https://postali.app/mx/durango/lerdo/estacion-rio-nazas
35181,Álvaro Obregón,Pueblo,Lerdo,Durango,,Rural,https://postali.app/mx/durango/lerdo/alvaro-obregon
35182,6 de Enero (Gasolinera),Ejido,Lerdo,Durango,,Rural,https://postali.app/mx/durango/lerdo/6-de-enero-gasolinera
35182,El Rayo,Ejido,Lerdo,Durango,,Rural,https://postali.app/mx/durango/lerdo/el-rayo
35182,Los Ángeles,Pueblo,Lerdo,Durango,,Rural,https://postali.app/mx/durango/lerdo/los-angeles-35182
35182,San Isidro,Rancho,Lerdo,Durango,,Rural,https://postali.app/mx/durango/lerdo/san-isidro-35182
35182,Seis de Enero,Pueblo,Lerdo,Durango,,Rural,https://postali.app/mx/durango/lerdo/seis-de-enero
35183,Dolores (La Borrega),Ranchería,Lerdo,Durango,,Rural,https://postali.app/mx/durango/lerdo/dolores-la-borrega
35183,Fortuna de Rancho Güero,Colonia,Lerdo,Durango,,Rural,https://postali.app/mx/durango/lerdo/fortuna-de-rancho-guero
35183,La Goleta,Colonia,Lerdo,Durango,,Rural,https://postali.app/mx/durango/lerdo/la-goleta
35183,La Luz,Ejido,Lerdo,Durango,,Rural,https://postali.app/mx/durango/lerdo/la-luz
35183,La Mina (El Sarnoso),Ejido,Lerdo,Durango,,Rural,https://postali.app/mx/durango/lerdo/la-mina-el-sarnoso
35183,Puente de la Torreña (El Capricho),Colonia,Lerdo,Durango,,Rural,https://postali.app/mx/durango/lerdo/puente-de-la-torrena-el-capricho
35183,San Gerardo,Rancho,Lerdo,Durango,,Rural,https://postali.app/mx/durango/lerdo/san-gerardo
35185,El Sacrificio,Colonia,Lerdo,Durango,,Rural,https://postali.app/mx/durango/lerdo/el-sacrificio
35185,Las Cuevas,Ranchería,Lerdo,Durango,,Rural,https://postali.app/mx/durango/lerdo/las-cuevas
35185,Las Isabeles,Ranchería,Lerdo,Durango,,Rural,https://postali.app/mx/durango/lerdo/las-isabeles
35186,Monterrey,Ejido,Lerdo,Durango,,Rural,https://postali.app/mx/durango/lerdo/monterrey
35187,Carlos Real (San Carlos),Pueblo,Lerdo,Durango,,Urbano,https://postali.app/mx/durango/lerdo/carlos-real-san-carlos
35187,San Luis del Alto,Ejido,Lerdo,Durango,,Rural,https://postali.app/mx/durango/lerdo/san-luis-del-alto
35188,Buenos Aires,Colonia,Lerdo,Durango,,Rural,https://postali.app/mx/durango/lerdo/buenos-aires
35188,Francisco Villa (Pancho Villa),Ejido,Lerdo,Durango,,Rural,https://postali.app/mx/durango/lerdo/francisco-villa-pancho-villa
35188,La Laguneta,Colonia,Lerdo,Durango,,Rural,https://postali.app/mx/durango/lerdo/la-laguneta
35188,Las Palomas,Colonia,Lerdo,Durango,,Rural,https://postali.app/mx/durango/lerdo/las-palomas
35188,Nazareno,Pueblo,Lerdo,Durango,,Urbano,https://postali.app/mx/durango/lerdo/nazareno
35188,Nazareno de Abajo,Ejido,Lerdo,Durango,,Rural,https://postali.app/mx/durango/lerdo/nazareno-de-abajo
35189,Estación Picardías,Paraje,Lerdo,Durango,,Rural,https://postali.app/mx/durango/lerdo/estacion-picardias
35189,Nazareno II (Nazareno de Arriba),Ejido,Lerdo,Durango,,Rural,https://postali.app/mx/durango/lerdo/nazareno-ii-nazareno-de-arriba
35189,Picardías Siete Libres,Ejido,Lerdo,Durango,,Rural,https://postali.app/mx/durango/lerdo/picardias-siete-libres
35190,Estación Sapioris,Paraje,Lerdo,Durango,,Rural,https://postali.app/mx/durango/lerdo/estacion-sapioris
35190,La Loma,Pueblo,Lerdo,Durango,,Urbano,https://postali.app/mx/durango/lerdo/la-loma
35192,El Refugio,Ranchería,Lerdo,Durango,,Rural,https://postali.app/mx/durango/lerdo/el-refugio
35193,Santa Anita,Ranchería,Lerdo,Durango,,Rural,https://postali.app/mx/durango/lerdo/santa-anita
35196,La Unión,Ejido,Lerdo,Durango,,Rural,https://postali.app/mx/durango/lerdo/la-union
35197,Estación Chocolate,Paraje,Lerdo,Durango,,Rural,https://postali.app/mx/durango/lerdo/estacion-chocolate
35197,Javier Rojo Gómez (La Esperanza),Pueblo,Lerdo,Durango,,Rural,https://postali.app/mx/durango/lerdo/javier-rojo-gomez-la-esperanza
35199,Margarito Machado (Palomas),Ranchería,Lerdo,Durango,,Rural,https://postali.app/mx/durango/lerdo/margarito-machado-palomas
35199,Nuevo Graseros,Pueblo,Lerdo,Durango,,Rural,https://postali.app/mx/durango/lerdo/nuevo-graseros
35200,Mapimí,Pueblo,Mapimí,Durango,,Urbano,https://postali.app/mx/durango/mapimi/mapimi
35210,Ceballos,Pueblo,Mapimí,Durango,,Rural,https://postali.app/mx/durango/mapimi/ceballos
35212,La Gloria,Ejido,Mapimí,Durango,,Rural,https://postali.app/mx/durango/mapimi/la-gloria
35212,Nueva Estrella,Ejido,Mapimí,Durango,,Rural,https://postali.app/mx/durango/mapimi/nueva-estrella
35213,Las Marías,Ejido,Mapimí,Durango,,Rural,https://postali.app/mx/durango/mapimi/las-marias
35214,El Milagro,Ejido,Mapimí,Durango,,Rural,https://postali.app/mx/durango/mapimi/el-milagro
35214,El Porvenir,Rancho,Mapimí,Durango,,Rural,https://postali.app/mx/durango/mapimi/el-porvenir
35214,El Veinticuatro,Ejido,Mapimí,Durango,,Rural,https://postali.app/mx/durango/mapimi/el-veinticuatro
35214,San Juan de Cañitas,Ejido,Mapimí,Durango,,Rural,https://postali.app/mx/durango/mapimi/san-juan-de-canitas
35214,Venustiano Carranza (El Seis),Ejido,Mapimí,Durango,,Rural,https://postali.app/mx/durango/mapimi/venustiano-carranza-el-seis
35215,Puerto de Jaboncillos (Jaboncillos),Ejido,Mapimí,Durango,,Rural,https://postali.app/mx/durango/mapimi/puerto-de-jaboncillos-jaboncillos
35217,La Joyita,Rancho,Mapimí,Durango,,Rural,https://postali.app/mx/durango/mapimi/la-joyita
35217,Los Ángeles,Ranchería,Mapimí,Durango,,Rural,https://postali.app/mx/durango/mapimi/los-angeles
35219,Los Olivos,Rancho,Mapimí,Durango,,Rural,https://postali.app/mx/durango/mapimi/los-olivos
35219,San Antonio,Ejido,Mapimí,Durango,,Rural,https://postali.app/mx/durango/mapimi/san-antonio
35219,San Isidro de Yermo,Ejido,Mapimí,Durango,,Rural,https://postali.app/mx/durango/mapimi/san-isidro-de-yermo
35220,El Diamante,Ejido,Mapimí,Durango,,Rural,https://postali.app/mx/durango/mapimi/el-diamante
35220,Emiliano Zapata (El Setenta),Rancho,Mapimí,Durango,,Rural,https://postali.app/mx/durango/mapimi/emiliano-zapata-el-setenta
35220,San Agustín,Ejido,Mapimí,Durango,,Rural,https://postali.app/mx/durango/mapimi/san-agustin
35222,Vicente Guerrero (Las Chelelas),Rancho,Mapimí,Durango,,Rural,https://postali.app/mx/durango/mapimi/vicente-guerrero-las-chelelas
35224,Buen Día,Ejido,Mapimí,Durango,,Rural,https://postali.app/mx/durango/mapimi/buen-dia
35226,Emiliano Zapata (El Derrame),Ejido,Mapimí,Durango,,Rural,https://postali.app/mx/durango/mapimi/emiliano-zapata-el-derrame
35226,San Isidro del Derrame,Ejido,Mapimí,Durango,,Rural,https://postali.app/mx/durango/mapimi/san-isidro-del-derrame
35230,Bermejillo,Pueblo,Mapimí,Durango,,Rural,https://postali.app/mx/durango/mapimi/bermejillo
35230,Irrigación,Colonia,Mapimí,Durango,,Urbano,https://postali.app/mx/durango/mapimi/irrigacion
35233,Jaralito,Ejido,Mapimí,Durango,,Rural,https://postali.app/mx/durango/mapimi/jaralito
35233,Santa María de la Paz (Nuevo),Ejido,Mapimí,Durango,,Rural,https://postali.app/mx/durango/mapimi/santa-maria-de-la-paz-nuevo
35235,Francisco Montes de Oca (El Zorrillo),Ejido,Mapimí,Durango,,Rural,https://postali.app/mx/durango/mapimi/francisco-montes-de-oca-el-zorrillo
35235,La Palma,Rancho,Mapimí,Durango,,Rural,https://postali.app/mx/durango/mapimi/la-palma
35235,La Victoria,Ejido,Mapimí,Durango,,Rural,https://postali.app/mx/durango/mapimi/la-victoria
35236,El Rosario,Rancho,Mapimí,Durango,,Rural,https://postali.app/mx/durango/mapimi/el-rosario
35236,La Purísima,Rancho,Mapimí,Durango,,Rural,https://postali.app/mx/durango/mapimi/la-purisima
35236,San José de Bellavista,Ejido,Mapimí,Durango,,Rural,https://postali.app/mx/durango/mapimi/san-jose-de-bellavista
35238,La Esperanza (Palomas),Ejido,Mapimí,Durango,,Rural,https://postali.app/mx/durango/mapimi/la-esperanza-palomas
35238,Veintidós de Febrero,Ejido,Mapimí,Durango,,Rural,https://postali.app/mx/durango/mapimi/veintidos-de-febrero
35239,Martha,Ejido,Mapimí,Durango,,Rural,https://postali.app/mx/durango/mapimi/martha
35241,La Parrita,Ejido,Mapimí,Durango,,Rural,https://postali.app/mx/durango/mapimi/la-parrita
35244,Boruquillas,Rancho,Mapimí,Durango,,Rural,https://postali.app/mx/durango/mapimi/boruquillas
35244,El Indio,Rancho,Mapimí,Durango,,Rural,https://postali.app/mx/durango/mapimi/el-indio
35244,La Cantera del Tigre,Rancho,Mapimí,Durango,,Rural,https://postali.app/mx/durango/mapimi/la-cantera-del-tigre
35245,El Setenta,Rancho,Mapimí,Durango,,Rural,https://postali.app/mx/durango/mapimi/el-setenta
35245,La Cadena,Ejido,Mapimí,Durango,,Rural,https://postali.app/mx/durango/mapimi/la-cadena
35245,La Cadena (Los Ramos),Ejido,Mapimí,Durango,,Rural,https://postali.app/mx/durango/mapimi/la-cadena-los-ramos
35245,Las Palomas (El Gato),Rancho,Mapimí,Durango,,Rural,https://postali.app/mx/durango/mapimi/las-palomas-el-gato
35245,Treinta de Noviembre,Ejido,Mapimí,Durango,,Rural,https://postali.app/mx/durango/mapimi/treinta-de-noviembre
35246,Espíritu Santo,Rancho,Mapimí,Durango,,Rural,https://postali.app/mx/durango/mapimi/espiritu-santo
35246,Las Amarillas,Rancho,Mapimí,Durango,,Rural,https://postali.app/mx/durango/mapimi/las-amarillas
35248,La Trinidad,Rancho,Mapimí,Durango,,Rural,https://postali.app/mx/durango/mapimi/la-trinidad
35248,Santa Inés,Ejido,Mapimí,Durango,,Rural,https://postali.app/mx/durango/mapimi/santa-ines
35248,Santa Librada,Ejido,Mapimí,Durango,,Rural,https://postali.app/mx/durango/mapimi/santa-librada
35250,Tlahualilo de Zaragoza Centro,Colonia,Tlahualilo,Durango,,Urbano,https://postali.app/mx/durango/tlahualilo/tlahualilo-de-zaragoza-centro
35253,J Agustín Castro,Colonia,Tlahualilo,Durango,,Urbano,https://postali.app/mx/durango/tlahualilo/j-agustin-castro
35253,Las Margaritas,Colonia,Tlahualilo,Durango,,Urbano,https://postali.app/mx/durango/tlahualilo/las-margaritas
35253,López Faudoa,Colonia,Tlahualilo,Durango,,Urbano,https://postali.app/mx/durango/tlahualilo/lopez-faudoa
35253,Nueva Zaragoza,Colonia,Tlahualilo,Durango,,Urbano,https://postali.app/mx/durango/tlahualilo/nueva-zaragoza
35253,Primero de Mayo,Colonia,Tlahualilo,Durango,,Urbano,https://postali.app/mx/durango/tlahualilo/primero-de-mayo
35254,4 de Noviembre,Colonia,Tlahualilo,Durango,,Urbano,https://postali.app/mx/durango/tlahualilo/4-de-noviembre
35254,Canuto Favela,Colonia,Tlahualilo,Durango,,Urbano,https://postali.app/mx/durango/tlahualilo/canuto-favela
35254,San Isidro,Colonia,Tlahualilo,Durango,,Urbano,https://postali.app/mx/durango/tlahualilo/san-isidro
35255,Amapolas,Colonia,Tlahualilo,Durango,,Urbano,https://postali.app/mx/durango/tlahualilo/amapolas
35255,Balcones,Colonia,Tlahualilo,Durango,,Urbano,https://postali.app/mx/durango/tlahualilo/balcones
35255,Campana,Colonia,Tlahualilo,Durango,,Urbano,https://postali.app/mx/durango/tlahualilo/campana
35255,El Arenal,Colonia,Tlahualilo,Durango,,Urbano,https://postali.app/mx/durango/tlahualilo/el-arenal
35255,El Palomar,Colonia,Tlahualilo,Durango,,Urbano,https://postali.app/mx/durango/tlahualilo/el-palomar
35255,Loma Verde,Colonia,Tlahualilo,Durango,,Urbano,https://postali.app/mx/durango/tlahualilo/loma-verde
35255,Pamplona,Colonia,Tlahualilo,Durango,,Urbano,https://postali.app/mx/durango/tlahualilo/pamplona
35255,Providencia,Colonia,Tlahualilo,Durango,,Urbano,https://postali.app/mx/durango/tlahualilo/providencia
35255,Rosas,Colonia,Tlahualilo,Durango,,Urbano,https://postali.app/mx/durango/tlahualilo/rosas
35255,Valencia,Colonia,Tlahualilo,Durango,,Urbano,https://postali.app/mx/durango/tlahualilo/valencia
35256,Barcelona,Colonia,Tlahualilo,Durango,,Urbano,https://postali.app/mx/durango/tlahualilo/barcelona
35256,Carolina,Colonia,Tlahualilo,Durango,,Urbano,https://postali.app/mx/durango/tlahualilo/carolina
35256,Ceceda,Colonia,Tlahualilo,Durango,,Urbano,https://postali.app/mx/durango/tlahualilo/ceceda
35256,Córdoba,Colonia,Tlahualilo,Durango,,Urbano,https://postali.app/mx/durango/tlahualilo/cordoba
35256,Londres,Colonia,Tlahualilo,Durango,,Urbano,https://postali.app/mx/durango/tlahualilo/londres
35256,Oquendo,Colonia,Tlahualilo,Durango,,Urbano,https://postali.app/mx/durango/tlahualilo/oquendo
35257,Jesús García,Colonia,Tlahualilo,Durango,,Urbano,https://postali.app/mx/durango/tlahualilo/jesus-garcia
35257,Zaragoza,Colonia,Tlahualilo,Durango,,Urbano,https://postali.app/mx/durango/tlahualilo/zaragoza
35260,Balcones,Ejido,Tlahualilo,Durango,,Rural,https://postali.app/mx/durango/tlahualilo/balcones-35260
35260,La Campana,Ejido,Tlahualilo,Durango,,Rural,https://postali.app/mx/durango/tlahualilo/la-campana
35260,Pamplona,Ejido,Tlahualilo,Durango,,Rural,https://postali.app/mx/durango/tlahualilo/pamplona-35260
35263,Ceceda,Ejido,Tlahualilo,Durango,,Rural,https://postali.app/mx/durango/tlahualilo/ceceda-35263
35263,El Milagro,Ejido,Tlahualilo,Durango,,Rural,https://postali.app/mx/durango/tlahualilo/el-milagro
35264,El Capulín,Ranchería,Tlahualilo,Durango,,Rural,https://postali.app/mx/durango/tlahualilo/el-capulin
35264,El Pilar,Ejido,Tlahualilo,Durango,,Rural,https://postali.app/mx/durango/tlahualilo/el-pilar
35264,El Roble (Tres Tumbas),Ranchería,Tlahualilo,Durango,,Rural,https://postali.app/mx/durango/tlahualilo/el-roble-tres-tumbas
35264,San Martín,Ejido,Tlahualilo,Durango,,Rural,https://postali.app/mx/durango/tlahualilo/san-martin
35264,San Miguel del Real,Ejido,Tlahualilo,Durango,,Rural,https://postali.app/mx/durango/tlahualilo/san-miguel-del-real
35264,Santa Rosa,Ejido,Tlahualilo,Durango,,Rural,https://postali.app/mx/durango/tlahualilo/santa-rosa
35264,Tres Postes,Ranchería,Tlahualilo,Durango,,Rural,https://postali.app/mx/durango/tlahualilo/tres-postes
35265,Banco Nacional,Ejido,Tlahualilo,Durango,,Rural,https://postali.app/mx/durango/tlahualilo/banco-nacional
35265,Benito Juárez,Ranchería,Tlahualilo,Durango,,Rural,https://postali.app/mx/durango/tlahualilo/benito-juarez
35265,División del Norte,Ejido,Tlahualilo,Durango,,Rural,https://postali.app/mx/durango/tlahualilo/division-del-norte
35265,El Cuarenta (El Barro),Ejido,Tlahualilo,Durango,,Rural,https://postali.app/mx/durango/tlahualilo/el-cuarenta-el-barro
35265,El Lucero (Arcinas),Pueblo,Tlahualilo,Durango,,Urbano,https://postali.app/mx/durango/tlahualilo/el-lucero-arcinas
35265,Jauja,Ejido,Tlahualilo,Durango,,Rural,https://postali.app/mx/durango/tlahualilo/jauja
35265,La Blanca [Propiedad Privada],Ejido,Tlahualilo,Durango,,Rural,https://postali.app/mx/durango/tlahualilo/la-blanca-propiedad-privada
35265,La Virgen,Ranchería,Tlahualilo,Durango,,Rural,https://postali.app/mx/durango/tlahualilo/la-virgen
35265,Las Teresitas (La Siete),Ejido,Tlahualilo,Durango,,Rural,https://postali.app/mx/durango/tlahualilo/las-teresitas-la-siete
35265,Pompeya,Ejido,Tlahualilo,Durango,,Rural,https://postali.app/mx/durango/tlahualilo/pompeya
35265,Rancho el Lucero,Ranchería,Tlahualilo,Durango,,Rural,https://postali.app/mx/durango/tlahualilo/rancho-el-lucero
35265,San Francisco de Horizonte (Horizonte),Ejido,Tlahualilo,Durango,,Rural,https://postali.app/mx/durango/tlahualilo/san-francisco-de-horizonte-horizonte
35265,San Julio,Ejido,Tlahualilo,Durango,,Rural,https://postali.app/mx/durango/tlahualilo/san-julio
35266,El Renegado (La Noria),Ejido,Tlahualilo,Durango,,Rural,https://postali.app/mx/durango/tlahualilo/el-renegado-la-noria
35266,El Renegado (La Perla),Ejido,Tlahualilo,Durango,,Rural,https://postali.app/mx/durango/tlahualilo/el-renegado-la-perla
35266,Las Arcadias (Rancho Grande),Ranchería,Tlahualilo,Durango,,Rural,https://postali.app/mx/durango/tlahualilo/las-arcadias-rancho-grande
35266,Las Arenas,Ranchería,Tlahualilo,Durango,,Rural,https://postali.app/mx/durango/tlahualilo/las-arenas
35266,Noria Lucero II,Ejido,Tlahualilo,Durango,,Rural,https://postali.app/mx/durango/tlahualilo/noria-lucero-ii
35266,Nuevo México,Ejido,Tlahualilo,Durango,,Rural,https://postali.app/mx/durango/tlahualilo/nuevo-mexico
35266,Santa Isabel (Las Luisas),Ejido,Tlahualilo,Durango,,Rural,https://postali.app/mx/durango/tlahualilo/santa-isabel-las-luisas
35266,Unión Pastor Rouaix,Granja,Tlahualilo,Durango,,Rural,https://postali.app/mx/durango/tlahualilo/union-pastor-rouaix
35266,Uruapan,Ejido,Tlahualilo,Durango,,Rural,https://postali.app/mx/durango/tlahualilo/uruapan
35267,Amapolas,Ejido,Tlahualilo,Durango,,Rural,https://postali.app/mx/durango/tlahualilo/amapolas-35267
35267,El Brillante,Ejido,Tlahualilo,Durango,,Rural,https://postali.app/mx/durango/tlahualilo/el-brillante
35267,La Giralda,Ejido,Tlahualilo,Durango,,Rural,https://postali.app/mx/durango/tlahualilo/la-giralda
35267,La Sierrita,Ejido,Tlahualilo,Durango,,Rural,https://postali.app/mx/durango/tlahualilo/la-sierrita
35267,Loma Verde,Ejido,Tlahualilo,Durango,,Rural,https://postali.app/mx/durango/tlahualilo/loma-verde-35267
35267,San José de los Álamos,Ejido,Tlahualilo,Durango,,Rural,https://postali.app/mx/durango/tlahualilo/san-jose-de-los-alamos
35267,San Sebastián Dos,Ejido,Tlahualilo,Durango,,Rural,https://postali.app/mx/durango/tlahualilo/san-sebastian-dos
35270,Nombre de Dios,Ejido,Tlahualilo,Durango,,Rural,https://postali.app/mx/durango/tlahualilo/nombre-de-dios
35270,San Bernardo,Ejido,Tlahualilo,Durango,,Rural,https://postali.app/mx/durango/tlahualilo/san-bernardo
35270,San Juan de Banderas,Ejido,Tlahualilo,Durango,,Rural,https://postali.app/mx/durango/tlahualilo/san-juan-de-banderas
35274,Alfredo V Bonfil,Ejido,Tlahualilo,Durango,,Rural,https://postali.app/mx/durango/tlahualilo/alfredo-v-bonfil
35274,El Veintiocho,Ejido,Tlahualilo,Durango,,Rural,https://postali.app/mx/durango/tlahualilo/el-veintiocho
35274,Estación Peronal,Paraje,Tlahualilo,Durango,,Rural,https://postali.app/mx/durango/tlahualilo/estacion-peronal
35274,Francisco Villa (Milpillas),Ejido,Tlahualilo,Durango,,Rural,https://postali.app/mx/durango/tlahualilo/francisco-villa-milpillas
35274,San Dionisio,Ejido,Tlahualilo,Durango,,Rural,https://postali.app/mx/durango/tlahualilo/san-dionisio
35274,San Lorenzo,Ranchería,Tlahualilo,Durango,,Rural,https://postali.app/mx/durango/tlahualilo/san-lorenzo
35275,Rancho los Cuates (Las Vallas),Ejido,Tlahualilo,Durango,,Rural,https://postali.app/mx/durango/tlahualilo/rancho-los-cuates-las-vallas
35280,Carolina,Ejido,Tlahualilo,Durango,,Rural,https://postali.app/mx/durango/tlahualilo/carolina-35280
35280,El Canal,Ejido,Tlahualilo,Durango,,Rural,https://postali.app/mx/durango/tlahualilo/el-canal
35280,Londres,Ejido,Tlahualilo,Durango,,Rural,https://postali.app/mx/durango/tlahualilo/londres-35280
35280,Oquendo,Ejido,Tlahualilo,Durango,,Rural,https://postali.app/mx/durango/tlahualilo/oquendo-35280
35280,Providencia,Ejido,Tlahualilo,Durango,,Rural,https://postali.app/mx/durango/tlahualilo/providencia-35280
35280,Rosas,Ejido,Tlahualilo,Durango,,Rural,https://postali.app/mx/durango/tlahualilo/rosas-35280
35284,Alma Campesina,Ejido,Tlahualilo,Durango,,Rural,https://postali.app/mx/durango/tlahualilo/alma-campesina
35286,Francisco I Madero (El Quemado),Rancho,Tlahualilo,Durango,,Rural,https://postali.app/mx/durango/tlahualilo/francisco-i-madero-el-quemado
35293,La Flor,Ejido,Tlahualilo,Durango,,Rural,https://postali.app/mx/durango/tlahualilo/la-flor
35293,San José de los Álamos,Ejido,Tlahualilo,Durango,,Rural,https://postali.app/mx/durango/tlahualilo/san-jose-de-los-alamos-35293
35296,Las Tortugas,Ejido,Tlahualilo,Durango,,Rural,https://postali.app/mx/durango/tlahualilo/las-tortugas
35297,Morelos (La Loma Yermo),Colonia,Tlahualilo,Durango,,Rural,https://postali.app/mx/durango/tlahualilo/morelos-la-loma-yermo
35300,Villa Hidalgo,Pueblo,Hidalgo,Durango,,Rural,https://postali.app/mx/durango/hidalgo/villa-hidalgo
35310,San Fermín,Ejido,Hidalgo,Durango,,Rural,https://postali.app/mx/durango/hidalgo/san-fermin
35313,El Chaparral,Rancho,Hidalgo,Durango,,Rural,https://postali.app/mx/durango/hidalgo/el-chaparral
35313,El Portento (El Pinole),Ejido,Hidalgo,Durango,,Rural,https://postali.app/mx/durango/hidalgo/el-portento-el-pinole
35314,Cuatro Hermanos (Toquero),Rancho,Hidalgo,Durango,,Rural,https://postali.app/mx/durango/hidalgo/cuatro-hermanos-toquero
35314,Santa Genoveva,Rancho,Hidalgo,Durango,,Rural,https://postali.app/mx/durango/hidalgo/santa-genoveva
35315,Tomas Urbina,Ejido,Hidalgo,Durango,,Rural,https://postali.app/mx/durango/hidalgo/tomas-urbina
35316,Atotonilco,Rancho,Hidalgo,Durango,,Rural,https://postali.app/mx/durango/hidalgo/atotonilco
35316,San Juan,Rancho,Hidalgo,Durango,,Rural,https://postali.app/mx/durango/hidalgo/san-juan
35316,Santa Rosa,Rancho,Hidalgo,Durango,,Rural,https://postali.app/mx/durango/hidalgo/santa-rosa
35317,El Huizache,Rancho,Hidalgo,Durango,,Rural,https://postali.app/mx/durango/hidalgo/el-huizache
35317,La Fortuna (Los Paseos),Rancho,Hidalgo,Durango,,Rural,https://postali.app/mx/durango/hidalgo/la-fortuna-los-paseos
35317,Los Auras (Santa Rita),Rancho,Hidalgo,Durango,,Rural,https://postali.app/mx/durango/hidalgo/los-auras-santa-rita
35317,Los Lobos,Rancho,Hidalgo,Durango,,Rural,https://postali.app/mx/durango/hidalgo/los-lobos
35320,Benjamín y Urías (San Andrés),Ejido,Hidalgo,Durango,,Rural,https://postali.app/mx/durango/hidalgo/benjamin-y-urias-san-andres
35320,Revolución (Las Víboras),Ejido,Hidalgo,Durango,,Rural,https://postali.app/mx/durango/hidalgo/revolucion-las-viboras
35323,San Rafael (Las Cocinas),Rancho,Hidalgo,Durango,,Rural,https://postali.app/mx/durango/hidalgo/san-rafael-las-cocinas
35323,Santa Teresa,Rancho,Hidalgo,Durango,,Rural,https://postali.app/mx/durango/hidalgo/santa-teresa
35324,Chombos,Rancho,Hidalgo,Durango,,Rural,https://postali.app/mx/durango/hidalgo/chombos
35324,El Palmillento (La Victoria),Rancho,Hidalgo,Durango,,Rural,https://postali.app/mx/durango/hidalgo/el-palmillento-la-victoria
35324,Guadalupe,Rancho,Hidalgo,Durango,,Rural,https://postali.app/mx/durango/hidalgo/guadalupe
35325,La Lajilla,Rancho,Hidalgo,Durango,,Rural,https://postali.app/mx/durango/hidalgo/la-lajilla
35325,San Juan Bautista (Los Metates),Rancho,Hidalgo,Durango,,Rural,https://postali.app/mx/durango/hidalgo/san-juan-bautista-los-metates
35326,Nuevo San Juan,Ejido,Hidalgo,Durango,,Rural,https://postali.app/mx/durango/hidalgo/nuevo-san-juan
35326,Santa Eugenia,Ranchería,Hidalgo,Durango,,Rural,https://postali.app/mx/durango/hidalgo/santa-eugenia
35327,Alfredo V Bonfil (San Miguel),Rancho,Hidalgo,Durango,,Rural,https://postali.app/mx/durango/hidalgo/alfredo-v-bonfil-san-miguel
35327,El Entronque del Carrizo,Colonia,Hidalgo,Durango,,Rural,https://postali.app/mx/durango/hidalgo/el-entronque-del-carrizo
35327,El Mirador,Ranchería,Hidalgo,Durango,,Rural,https://postali.app/mx/durango/hidalgo/el-mirador
35327,Román Arreola (La Mimbrera),Ejido,Hidalgo,Durango,,Rural,https://postali.app/mx/durango/hidalgo/roman-arreola-la-mimbrera
35327,Valle Verde (La Mula),Rancho,Hidalgo,Durango,,Rural,https://postali.app/mx/durango/hidalgo/valle-verde-la-mula
35330,El Clavel de Santa Rita,Rancho,Hidalgo,Durango,,Rural,https://postali.app/mx/durango/hidalgo/el-clavel-de-santa-rita
35330,El Consuelo,Ranchería,Hidalgo,Durango,,Rural,https://postali.app/mx/durango/hidalgo/el-consuelo
35330,El Diamante,Rancho,Hidalgo,Durango,,Rural,https://postali.app/mx/durango/hidalgo/el-diamante
35330,El Herradero,Rancho,Hidalgo,Durango,,Rural,https://postali.app/mx/durango/hidalgo/el-herradero
35330,El Mimbre,Rancho,Hidalgo,Durango,,Rural,https://postali.app/mx/durango/hidalgo/el-mimbre
35330,El Porvenir,Rancho,Hidalgo,Durango,,Rural,https://postali.app/mx/durango/hidalgo/el-porvenir
35330,Las Bateas,Rancho,Hidalgo,Durango,,Rural,https://postali.app/mx/durango/hidalgo/las-bateas
35330,Nueva Vista del Llano,Rancho,Hidalgo,Durango,,Rural,https://postali.app/mx/durango/hidalgo/nueva-vista-del-llano
35330,San Isidro,Rancho,Hidalgo,Durango,,Rural,https://postali.app/mx/durango/hidalgo/san-isidro
35330,Tres Hermanos,Rancho,Hidalgo,Durango,,Rural,https://postali.app/mx/durango/hidalgo/tres-hermanos
35333,El Ojo de Agua,Rancho,Hidalgo,Durango,,Rural,https://postali.app/mx/durango/hidalgo/el-ojo-de-agua
35333,La Doce,Rancho,Hidalgo,Durango,,Rural,https://postali.app/mx/durango/hidalgo/la-doce
35333,Las Felisas (San José de la Mimbrera),Rancho,Hidalgo,Durango,,Rural,https://postali.app/mx/durango/hidalgo/las-felisas-san-jose-de-la-mimbrera
35333,San Antonio,Rancho,Hidalgo,Durango,,Rural,https://postali.app/mx/durango/hidalgo/san-antonio
35333,San Manuel,Rancho,Hidalgo,Durango,,Rural,https://postali.app/mx/durango/hidalgo/san-manuel
35333,Urueta,Rancho,Hidalgo,Durango,,Rural,https://postali.app/mx/durango/hidalgo/urueta
35334,La Guitarrilla,Rancho,Hidalgo,Durango,,Rural,https://postali.app/mx/durango/hidalgo/la-guitarrilla
35335,Cruces,Rancho,Hidalgo,Durango,,Rural,https://postali.app/mx/durango/hidalgo/cruces
35335,El Retiro,Rancho,Hidalgo,Durango,,Rural,https://postali.app/mx/durango/hidalgo/el-retiro
35335,Morterillos,Rancho,Hidalgo,Durango,,Rural,https://postali.app/mx/durango/hidalgo/morterillos
35335,San Ricardo (Las Petras),Rancho,Hidalgo,Durango,,Rural,https://postali.app/mx/durango/hidalgo/san-ricardo-las-petras
35336,Hacienda la Zarca,Exhacienda,Hidalgo,Durango,,Rural,https://postali.app/mx/durango/hidalgo/hacienda-la-zarca
35336,La Zarca,Ejido,Hidalgo,Durango,,Rural,https://postali.app/mx/durango/hidalgo/la-zarca
35337,La Esperanza,Ejido,Hidalgo,Durango,,Rural,https://postali.app/mx/durango/hidalgo/la-esperanza
35337,San Jorge,Ranchería,Hidalgo,Durango,,Rural,https://postali.app/mx/durango/hidalgo/san-jorge
35340,Ignacio Valencia (Los Alamitos),Ejido,Hidalgo,Durango,,Rural,https://postali.app/mx/durango/hidalgo/ignacio-valencia-los-alamitos
35340,Las Playas,Ejido,Hidalgo,Durango,,Rural,https://postali.app/mx/durango/hidalgo/las-playas
35340,San Bernardo (Nuevo San Bernardo),Ejido,Hidalgo,Durango,,Rural,https://postali.app/mx/durango/hidalgo/san-bernardo-nuevo-san-bernardo
35340,Villa Unión de Muñoz (Villa Unión),Ejido,Hidalgo,Durango,,Rural,https://postali.app/mx/durango/hidalgo/villa-union-de-munoz-villa-union
35343,Palo Chino,Rancho,Hidalgo,Durango,,Rural,https://postali.app/mx/durango/hidalgo/palo-chino
35343,San Isidro,Rancho,Hidalgo,Durango,,Rural,https://postali.app/mx/durango/hidalgo/san-isidro-35343
35344,Agua Nueva,Rancho,Hidalgo,Durango,,Rural,https://postali.app/mx/durango/hidalgo/agua-nueva
35344,El Arenal,Rancho,Hidalgo,Durango,,Rural,https://postali.app/mx/durango/hidalgo/el-arenal
35344,El Carrizal,Rancho,Hidalgo,Durango,,Rural,https://postali.app/mx/durango/hidalgo/el-carrizal
35344,El Carrizal,Rancho,Hidalgo,Durango,,Rural,https://postali.app/mx/durango/hidalgo/el-carrizal-35344
35344,El Ciento Veinte (La Zarca),Ranchería,Hidalgo,Durango,,Rural,https://postali.app/mx/durango/hidalgo/el-ciento-veinte-la-zarca
35345,San José (Las Carbonosas),Rancho,Hidalgo,Durango,,Rural,https://postali.app/mx/durango/hidalgo/san-jose-las-carbonosas
35345,San Juan,Rancho,Hidalgo,Durango,,Rural,https://postali.app/mx/durango/hidalgo/san-juan-35345
35345,Santa Fe,Rancho,Hidalgo,Durango,,Rural,https://postali.app/mx/durango/hidalgo/santa-fe
35346,La Guadalupe (El Cien),Rancho,Hidalgo,Durango,,Rural,https://postali.app/mx/durango/hidalgo/la-guadalupe-el-cien
35347,La Cieneguilla,Ranchería,Hidalgo,Durango,,Rural,https://postali.app/mx/durango/hidalgo/la-cieneguilla
35347,Las Pintas de Abajo (Las Pintas),Rancho,Hidalgo,Durango,,Rural,https://postali.app/mx/durango/hidalgo/las-pintas-de-abajo-las-pintas
35347,Las Pintas de Arriba,Rancho,Hidalgo,Durango,,Rural,https://postali.app/mx/durango/hidalgo/las-pintas-de-arriba
35347,Terrenates,Rancho,Hidalgo,Durango,,Rural,https://postali.app/mx/durango/hidalgo/terrenates
35350,Villa Ocampo Centro,Colonia,Ocampo,Durango,,Urbano,https://postali.app/mx/durango/ocampo/villa-ocampo-centro
35353,Arroyo del Barro,Barrio,Ocampo,Durango,,Urbano,https://postali.app/mx/durango/ocampo/arroyo-del-barro
35353,Los Lares,Barrio,Ocampo,Durango,,Urbano,https://postali.app/mx/durango/ocampo/los-lares
35354,13,Barrio,Ocampo,Durango,,Urbano,https://postali.app/mx/durango/ocampo/13
35354,SAHOP,Barrio,Ocampo,Durango,,Urbano,https://postali.app/mx/durango/ocampo/sahop
35355,Las Palapas,Colonia,Ocampo,Durango,,Urbano,https://postali.app/mx/durango/ocampo/las-palapas
35356,Alameda,Colonia,Ocampo,Durango,,Urbano,https://postali.app/mx/durango/ocampo/alameda
35356,Los Félix,Barrio,Ocampo,Durango,,Urbano,https://postali.app/mx/durango/ocampo/los-felix
35357,San Gabriel,Ejido,Ocampo,Durango,,Rural,https://postali.app/mx/durango/ocampo/san-gabriel
35360,México y los Lirios,Ranchería,Ocampo,Durango,,Rural,https://postali.app/mx/durango/ocampo/mexico-y-los-lirios
35363,San José de la Montaña,Ranchería,Ocampo,Durango,,Rural,https://postali.app/mx/durango/ocampo/san-jose-de-la-montana
35364,La Providencia,Ranchería,Ocampo,Durango,,Rural,https://postali.app/mx/durango/ocampo/la-providencia
35366,Santa Ana,Ranchería,Ocampo,Durango,,Rural,https://postali.app/mx/durango/ocampo/santa-ana
35367,La Estancia,Ranchería,Ocampo,Durango,,Rural,https://postali.app/mx/durango/ocampo/la-estancia
35367,Las Huertas,Ranchería,Ocampo,Durango,,Rural,https://postali.app/mx/durango/ocampo/las-huertas
35368,Saltillo,Ranchería,Ocampo,Durango,,Rural,https://postali.app/mx/durango/ocampo/saltillo
35370,Villa Orestes Pereyra (Rosario),Ejido,Ocampo,Durango,,Rural,https://postali.app/mx/durango/ocampo/villa-orestes-pereyra-rosario
35371,La Navecilla,Ranchería,Ocampo,Durango,,Rural,https://postali.app/mx/durango/ocampo/la-navecilla
35373,El Vergel,Ranchería,Ocampo,Durango,,Rural,https://postali.app/mx/durango/ocampo/el-vergel
35373,La Flor,Ranchería,Ocampo,Durango,,Rural,https://postali.app/mx/durango/ocampo/la-flor
35374,Nuevo José Guadalupe de la Rueda (La Rueda),Ejido,Ocampo,Durango,,Rural,https://postali.app/mx/durango/ocampo/nuevo-jose-guadalupe-de-la-rueda-la-rueda
35375,Graciano Sánchez (Tanque Grande),Ejido,Ocampo,Durango,,Rural,https://postali.app/mx/durango/ocampo/graciano-sanchez-tanque-grande
35375,Presidio,Ejido,Ocampo,Durango,,Rural,https://postali.app/mx/durango/ocampo/presidio
35380,Torreón de Cañas,Ejido,Ocampo,Durango,,Rural,https://postali.app/mx/durango/ocampo/torreon-de-canas
35381,Villa las Nieves,Pueblo,Ocampo,Durango,,Urbano,https://postali.app/mx/durango/ocampo/villa-las-nieves
35383,Canutillo,Ejido,Ocampo,Durango,,Rural,https://postali.app/mx/durango/ocampo/canutillo
35383,El Llorón,Ejido,Ocampo,Durango,,Rural,https://postali.app/mx/durango/ocampo/el-lloron
35383,El Molino,Rancho,Ocampo,Durango,,Rural,https://postali.app/mx/durango/ocampo/el-molino
35385,La Haciendita del Espíritu Santo,Colonia,Ocampo,Durango,,Rural,https://postali.app/mx/durango/ocampo/la-haciendita-del-espiritu-santo
35390,El Encino de la Paz,Ranchería,Ocampo,Durango,,Rural,https://postali.app/mx/durango/ocampo/el-encino-de-la-paz
35393,Sauces de Canutillo,Ranchería,Ocampo,Durango,,Rural,https://postali.app/mx/durango/ocampo/sauces-de-canutillo
35395,La Parrita (La Parrita de los Indios),Ranchería,Ocampo,Durango,,Rural,https://postali.app/mx/durango/ocampo/la-parrita-la-parrita-de-los-indios
35400,Abasolo,Colonia,Guanaceví,Durango,,Urbano,https://postali.app/mx/durango/guanacevi/abasolo
35400,Guanaceví Centro,Colonia,Guanaceví,Durango,,Urbano,https://postali.app/mx/durango/guanacevi/guanacevi-centro
35400,La Ulama,Colonia,Guanaceví,Durango,,Urbano,https://postali.app/mx/durango/guanacevi/la-ulama
35400,Real de Mina,Colonia,Guanaceví,Durango,,Urbano,https://postali.app/mx/durango/guanacevi/real-de-mina
35400,San Gil,Barrio,Guanaceví,Durango,,Urbano,https://postali.app/mx/durango/guanacevi/san-gil
35400,Santo Niño,Barrio,Guanaceví,Durango,,Urbano,https://postali.app/mx/durango/guanacevi/santo-nino
35400,Tagarete,Barrio,Guanaceví,Durango,,Urbano,https://postali.app/mx/durango/guanacevi/tagarete
35410,Dispensas de Abajo,Ranchería,Guanaceví,Durango,,Rural,https://postali.app/mx/durango/guanacevi/dispensas-de-abajo
35410,La Cieneguita,Ranchería,Guanaceví,Durango,,Rural,https://postali.app/mx/durango/guanacevi/la-cieneguita
35410,La Mesa de Coscomate,Ranchería,Guanaceví,Durango,,Rural,https://postali.app/mx/durango/guanacevi/la-mesa-de-coscomate
35410,Las Pomas,Pueblo,Guanaceví,Durango,,Rural,https://postali.app/mx/durango/guanacevi/las-pomas
35410,Rancho Viejo,Ranchería,Guanaceví,Durango,,Rural,https://postali.app/mx/durango/guanacevi/rancho-viejo
35410,San Antonio,Ranchería,Guanaceví,Durango,,Rural,https://postali.app/mx/durango/guanacevi/san-antonio
35410,San Francisco,Ranchería,Guanaceví,Durango,,Rural,https://postali.app/mx/durango/guanacevi/san-francisco
35410,San José,Ranchería,Guanaceví,Durango,,Rural,https://postali.app/mx/durango/guanacevi/san-jose
35413,Austrebertha Bustillos,Ranchería,Guanaceví,Durango,,Rural,https://postali.app/mx/durango/guanacevi/austrebertha-bustillos
35413,El Alto de los Lirios,Ranchería,Guanaceví,Durango,,Rural,https://postali.app/mx/durango/guanacevi/el-alto-de-los-lirios
35413,El Bajío,Ranchería,Guanaceví,Durango,,Rural,https://postali.app/mx/durango/guanacevi/el-bajio
35413,El Calvario,Pueblo,Guanaceví,Durango,,Rural,https://postali.app/mx/durango/guanacevi/el-calvario
35413,El Huachuchito,Ranchería,Guanaceví,Durango,,Rural,https://postali.app/mx/durango/guanacevi/el-huachuchito
35413,El Yerbanís,Ranchería,Guanaceví,Durango,,Rural,https://postali.app/mx/durango/guanacevi/el-yerbanis
35413,Ignacio Lazos V,Ranchería,Guanaceví,Durango,,Rural,https://postali.app/mx/durango/guanacevi/ignacio-lazos-v
35413,Rafael Lazos V.,Ranchería,Guanaceví,Durango,,Rural,https://postali.app/mx/durango/guanacevi/rafael-lazos-v
35414,Aguaje Colorado,Ranchería,Guanaceví,Durango,,Rural,https://postali.app/mx/durango/guanacevi/aguaje-colorado
35414,Aguaje Colorado (Rancho de los Viga),Rancho,Guanaceví,Durango,,Rural,https://postali.app/mx/durango/guanacevi/aguaje-colorado-rancho-de-los-viga
35414,Arroyo del Cristal,Ranchería,Guanaceví,Durango,,Rural,https://postali.app/mx/durango/guanacevi/arroyo-del-cristal
35414,Bajío de los Arrieros,Ranchería,Guanaceví,Durango,,Rural,https://postali.app/mx/durango/guanacevi/bajio-de-los-arrieros
35414,Bajío el Canelo,Ranchería,Guanaceví,Durango,,Rural,https://postali.app/mx/durango/guanacevi/bajio-el-canelo
35414,Bajío Redondo,Ranchería,Guanaceví,Durango,,Rural,https://postali.app/mx/durango/guanacevi/bajio-redondo
35414,Cerro Prieto (El Cáñamo),Ranchería,Guanaceví,Durango,,Rural,https://postali.app/mx/durango/guanacevi/cerro-prieto-el-canamo
35414,De los Linos,Rancho,Guanaceví,Durango,,Rural,https://postali.app/mx/durango/guanacevi/de-los-linos
35414,El Puerto Colorado,Ranchería,Guanaceví,Durango,,Rural,https://postali.app/mx/durango/guanacevi/el-puerto-colorado
35414,El Tanque,Ranchería,Guanaceví,Durango,,Rural,https://postali.app/mx/durango/guanacevi/el-tanque
35414,El Terrero,Ranchería,Guanaceví,Durango,,Rural,https://postali.app/mx/durango/guanacevi/el-terrero
35414,La Lagunita,Pueblo,Guanaceví,Durango,,Rural,https://postali.app/mx/durango/guanacevi/la-lagunita
35414,La Mezcalera,Ranchería,Guanaceví,Durango,,Rural,https://postali.app/mx/durango/guanacevi/la-mezcalera
35414,Las Tapias,Ranchería,Guanaceví,Durango,,Rural,https://postali.app/mx/durango/guanacevi/las-tapias
35414,Nonalco,Ranchería,Guanaceví,Durango,,Rural,https://postali.app/mx/durango/guanacevi/nonalco
35414,San Francisco de los Remedios (Las Pintas),Pueblo,Guanaceví,Durango,,Rural,https://postali.app/mx/durango/guanacevi/san-francisco-de-los-remedios-las-pintas
35414,Tlaxcala,Ranchería,Guanaceví,Durango,,Rural,https://postali.app/mx/durango/guanacevi/tlaxcala
35414,Vallecillos,Ranchería,Guanaceví,Durango,,Rural,https://postali.app/mx/durango/guanacevi/vallecillos
35415,Agua Caliente,Ranchería,Guanaceví,Durango,,Rural,https://postali.app/mx/durango/guanacevi/agua-caliente
35415,El Barranco,Ranchería,Guanaceví,Durango,,Rural,https://postali.app/mx/durango/guanacevi/el-barranco
35415,El Carricito,Ranchería,Guanaceví,Durango,,Rural,https://postali.app/mx/durango/guanacevi/el-carricito
35415,El Carrizo,Ranchería,Guanaceví,Durango,,Rural,https://postali.app/mx/durango/guanacevi/el-carrizo
35415,El Durazno,Ranchería,Guanaceví,Durango,,Rural,https://postali.app/mx/durango/guanacevi/el-durazno
35415,El Toro de Abajo,Ranchería,Guanaceví,Durango,,Rural,https://postali.app/mx/durango/guanacevi/el-toro-de-abajo
35415,El Toro de Arriba,Ranchería,Guanaceví,Durango,,Rural,https://postali.app/mx/durango/guanacevi/el-toro-de-arriba
35415,La Punta de la Mesa,Ranchería,Guanaceví,Durango,,Rural,https://postali.app/mx/durango/guanacevi/la-punta-de-la-mesa
35415,Las Maravillas (Arroyo Hondito),Ranchería,Guanaceví,Durango,,Rural,https://postali.app/mx/durango/guanacevi/las-maravillas-arroyo-hondito
35416,El Pino,Ranchería,Guanaceví,Durango,,Rural,https://postali.app/mx/durango/guanacevi/el-pino
35417,Agua del Pino,Ranchería,Guanaceví,Durango,,Rural,https://postali.app/mx/durango/guanacevi/agua-del-pino
35417,Agua Escondida,Ranchería,Guanaceví,Durango,,Rural,https://postali.app/mx/durango/guanacevi/agua-escondida
35417,Arroyo del Macho,Ranchería,Guanaceví,Durango,,Rural,https://postali.app/mx/durango/guanacevi/arroyo-del-macho
35417,Cendradillas,Pueblo,Guanaceví,Durango,,Rural,https://postali.app/mx/durango/guanacevi/cendradillas
35417,Ciénega Prieta,Ejido,Guanaceví,Durango,,Rural,https://postali.app/mx/durango/guanacevi/cienega-prieta
35417,De Agustina,Rancho,Guanaceví,Durango,,Rural,https://postali.app/mx/durango/guanacevi/de-agustina
35417,El Macho,Ranchería,Guanaceví,Durango,,Rural,https://postali.app/mx/durango/guanacevi/el-macho
35417,El Ojito,Ranchería,Guanaceví,Durango,,Rural,https://postali.app/mx/durango/guanacevi/el-ojito
35417,El Remudadero,Ranchería,Guanaceví,Durango,,Rural,https://postali.app/mx/durango/guanacevi/el-remudadero
35417,El Tecolote,Ranchería,Guanaceví,Durango,,Rural,https://postali.app/mx/durango/guanacevi/el-tecolote
35417,El Terrerito,Ranchería,Guanaceví,Durango,,Rural,https://postali.app/mx/durango/guanacevi/el-terrerito
35417,La Cieneguita,Ranchería,Guanaceví,Durango,,Rural,https://postali.app/mx/durango/guanacevi/la-cieneguita-35417
35417,La Joya de Casas,Ranchería,Guanaceví,Durango,,Rural,https://postali.app/mx/durango/guanacevi/la-joya-de-casas
35417,La Tatema,Ranchería,Guanaceví,Durango,,Rural,https://postali.app/mx/durango/guanacevi/la-tatema
35417,Mesas Coloradas,Ranchería,Guanaceví,Durango,,Rural,https://postali.app/mx/durango/guanacevi/mesas-coloradas
35417,San Esteban,Ranchería,Guanaceví,Durango,,Rural,https://postali.app/mx/durango/guanacevi/san-esteban
35417,San Rafael,Ranchería,Guanaceví,Durango,,Rural,https://postali.app/mx/durango/guanacevi/san-rafael
35420,La Cruz,Ranchería,Guanaceví,Durango,,Rural,https://postali.app/mx/durango/guanacevi/la-cruz
35420,La Lobera,Ranchería,Guanaceví,Durango,,Rural,https://postali.app/mx/durango/guanacevi/la-lobera
35420,Las Joyas,Ranchería,Guanaceví,Durango,,Rural,https://postali.app/mx/durango/guanacevi/las-joyas
35420,Los Ancones,Ranchería,Guanaceví,Durango,,Rural,https://postali.app/mx/durango/guanacevi/los-ancones
35420,Piloncillos,Ranchería,Guanaceví,Durango,,Rural,https://postali.app/mx/durango/guanacevi/piloncillos
35420,San Andrés,Ranchería,Guanaceví,Durango,,Rural,https://postali.app/mx/durango/guanacevi/san-andres
35423,Agua Zarca,Ranchería,Guanaceví,Durango,,Rural,https://postali.app/mx/durango/guanacevi/agua-zarca
35423,Ciénega de los Remedios,Ranchería,Guanaceví,Durango,,Rural,https://postali.app/mx/durango/guanacevi/cienega-de-los-remedios
35423,El Carrizo,Ranchería,Guanaceví,Durango,,Rural,https://postali.app/mx/durango/guanacevi/el-carrizo-35423
35423,El Potrero Viejo,Ranchería,Guanaceví,Durango,,Rural,https://postali.app/mx/durango/guanacevi/el-potrero-viejo
35423,El Venado,Ranchería,Guanaceví,Durango,,Rural,https://postali.app/mx/durango/guanacevi/el-venado
35423,Las Huertas,Ranchería,Guanaceví,Durango,,Rural,https://postali.app/mx/durango/guanacevi/las-huertas
35423,Los Berros,Ranchería,Guanaceví,Durango,,Rural,https://postali.app/mx/durango/guanacevi/los-berros
35423,Nombre de Dios,Ranchería,Guanaceví,Durango,,Rural,https://postali.app/mx/durango/guanacevi/nombre-de-dios
35423,San Andrés de Abajo,Ranchería,Guanaceví,Durango,,Rural,https://postali.app/mx/durango/guanacevi/san-andres-de-abajo
35423,San Miguel,Ranchería,Guanaceví,Durango,,Rural,https://postali.app/mx/durango/guanacevi/san-miguel
35424,Zape Chico,Ranchería,Guanaceví,Durango,,Rural,https://postali.app/mx/durango/guanacevi/zape-chico
35425,Ambrosio Reyes Rivera,Ranchería,Guanaceví,Durango,,Rural,https://postali.app/mx/durango/guanacevi/ambrosio-reyes-rivera
35425,Ciénega de Quelites (Quelites),Ranchería,Guanaceví,Durango,,Rural,https://postali.app/mx/durango/guanacevi/cienega-de-quelites-quelites
35425,Contrayerba,Ranchería,Guanaceví,Durango,,Rural,https://postali.app/mx/durango/guanacevi/contrayerba
35425,El Cuervito,Ranchería,Guanaceví,Durango,,Rural,https://postali.app/mx/durango/guanacevi/el-cuervito
35425,El Zape,Pueblo,Guanaceví,Durango,,Rural,https://postali.app/mx/durango/guanacevi/el-zape
35425,Jesús Ramos Aguirre,Ranchería,Guanaceví,Durango,,Rural,https://postali.app/mx/durango/guanacevi/jesus-ramos-aguirre
35425,La Otra Banda,Pueblo,Guanaceví,Durango,,Rural,https://postali.app/mx/durango/guanacevi/la-otra-banda
35425,Reyna Blanco,Ranchería,Guanaceví,Durango,,Rural,https://postali.app/mx/durango/guanacevi/reyna-blanco
35426,Carricitos,Ranchería,Guanaceví,Durango,,Rural,https://postali.app/mx/durango/guanacevi/carricitos
35426,Escobar y Anexos,Ranchería,Guanaceví,Durango,,Rural,https://postali.app/mx/durango/guanacevi/escobar-y-anexos
35426,Palomas,Ranchería,Guanaceví,Durango,,Rural,https://postali.app/mx/durango/guanacevi/palomas
35426,Posta de Jihuites,Pueblo,Guanaceví,Durango,,Rural,https://postali.app/mx/durango/guanacevi/posta-de-jihuites
35427,Boleras,Pueblo,Guanaceví,Durango,,Rural,https://postali.app/mx/durango/guanacevi/boleras
35427,Chupaderos,Ranchería,Guanaceví,Durango,,Rural,https://postali.app/mx/durango/guanacevi/chupaderos
35427,El Ojito,Ranchería,Guanaceví,Durango,,Rural,https://postali.app/mx/durango/guanacevi/el-ojito-35427
35430,Agua Caliente,Pueblo,Guanaceví,Durango,,Rural,https://postali.app/mx/durango/guanacevi/agua-caliente-35430
35430,Arroyo del Corral,Ranchería,Guanaceví,Durango,,Rural,https://postali.app/mx/durango/guanacevi/arroyo-del-corral
35430,Arroyo Seco,Ranchería,Guanaceví,Durango,,Rural,https://postali.app/mx/durango/guanacevi/arroyo-seco
35430,Coscomate,Ejido,Guanaceví,Durango,,Rural,https://postali.app/mx/durango/guanacevi/coscomate
35430,El Cerro,Pueblo,Guanaceví,Durango,,Rural,https://postali.app/mx/durango/guanacevi/el-cerro
35430,El Mortero,Ranchería,Guanaceví,Durango,,Rural,https://postali.app/mx/durango/guanacevi/el-mortero
35430,La Labor de San Javier,Ranchería,Guanaceví,Durango,,Rural,https://postali.app/mx/durango/guanacevi/la-labor-de-san-javier
35430,La Soledad,Ranchería,Guanaceví,Durango,,Rural,https://postali.app/mx/durango/guanacevi/la-soledad
35430,Los Nopales,Ranchería,Guanaceví,Durango,,Rural,https://postali.app/mx/durango/guanacevi/los-nopales
35430,Los Álamos,Pueblo,Guanaceví,Durango,,Rural,https://postali.app/mx/durango/guanacevi/los-alamos
35430,Los Ídolos,Ranchería,Guanaceví,Durango,,Rural,https://postali.app/mx/durango/guanacevi/los-idolos
35430,Portales,Ranchería,Guanaceví,Durango,,Rural,https://postali.app/mx/durango/guanacevi/portales
35433,Biogame,Ranchería,Guanaceví,Durango,,Rural,https://postali.app/mx/durango/guanacevi/biogame
35433,Biogamito,Ranchería,Guanaceví,Durango,,Rural,https://postali.app/mx/durango/guanacevi/biogamito
35433,Guanillava,Ranchería,Guanaceví,Durango,,Rural,https://postali.app/mx/durango/guanacevi/guanillava
35433,José María Morelos,Pueblo,Guanaceví,Durango,,Rural,https://postali.app/mx/durango/guanacevi/jose-maria-morelos
35433,La Cieneguita,Ranchería,Guanaceví,Durango,,Rural,https://postali.app/mx/durango/guanacevi/la-cieneguita-35433
35433,Las Huertas de Morelos,Ranchería,Guanaceví,Durango,,Rural,https://postali.app/mx/durango/guanacevi/las-huertas-de-morelos
35433,Llano del Pino,Ranchería,Guanaceví,Durango,,Rural,https://postali.app/mx/durango/guanacevi/llano-del-pino
35433,San Isidro,Ranchería,Guanaceví,Durango,,Rural,https://postali.app/mx/durango/guanacevi/san-isidro
35433,San Mateo,Ranchería,Guanaceví,Durango,,Rural,https://postali.app/mx/durango/guanacevi/san-mateo
35434,Agua Amarilla,Ranchería,Guanaceví,Durango,,Rural,https://postali.app/mx/durango/guanacevi/agua-amarilla
35434,Bajío del Alambre,Ranchería,Guanaceví,Durango,,Rural,https://postali.app/mx/durango/guanacevi/bajio-del-alambre
35434,El Chihuital,Ranchería,Guanaceví,Durango,,Rural,https://postali.app/mx/durango/guanacevi/el-chihuital
35434,El Cócono,Ranchería,Guanaceví,Durango,,Rural,https://postali.app/mx/durango/guanacevi/el-cocono
35434,El Gato,Ranchería,Guanaceví,Durango,,Rural,https://postali.app/mx/durango/guanacevi/el-gato
35434,La Peña,Ranchería,Guanaceví,Durango,,Rural,https://postali.app/mx/durango/guanacevi/la-pena
35434,La Pitarrilla,Ranchería,Guanaceví,Durango,,Rural,https://postali.app/mx/durango/guanacevi/la-pitarrilla
35434,Las Adjuntas,Ranchería,Guanaceví,Durango,,Rural,https://postali.app/mx/durango/guanacevi/las-adjuntas
35434,Las Trabas,Ranchería,Guanaceví,Durango,,Rural,https://postali.app/mx/durango/guanacevi/las-trabas
35434,Los Desmontes,Ranchería,Guanaceví,Durango,,Rural,https://postali.app/mx/durango/guanacevi/los-desmontes
35434,San Javier,Ranchería,Guanaceví,Durango,,Rural,https://postali.app/mx/durango/guanacevi/san-javier
35435,Alberto,Rancho,Guanaceví,Durango,,Rural,https://postali.app/mx/durango/guanacevi/alberto
35435,Arroyo del Conejo,Ranchería,Guanaceví,Durango,,Rural,https://postali.app/mx/durango/guanacevi/arroyo-del-conejo
35435,Bajío del Tapanco,Ranchería,Guanaceví,Durango,,Rural,https://postali.app/mx/durango/guanacevi/bajio-del-tapanco
35435,Bajío Redondo,Ranchería,Guanaceví,Durango,,Rural,https://postali.app/mx/durango/guanacevi/bajio-redondo-35435
35435,Cebollas,Ranchería,Guanaceví,Durango,,Rural,https://postali.app/mx/durango/guanacevi/cebollas
35435,Chiqueros,Ranchería,Guanaceví,Durango,,Rural,https://postali.app/mx/durango/guanacevi/chiqueros
35435,Ciénega Amarilla de Abajo,Ranchería,Guanaceví,Durango,,Rural,https://postali.app/mx/durango/guanacevi/cienega-amarilla-de-abajo
35435,Ciénega Amarilla de Arriba,Pueblo,Guanaceví,Durango,,Rural,https://postali.app/mx/durango/guanacevi/cienega-amarilla-de-arriba
35435,Cristales,Ranchería,Guanaceví,Durango,,Rural,https://postali.app/mx/durango/guanacevi/cristales
35435,De Peña,Rancho,Guanaceví,Durango,,Rural,https://postali.app/mx/durango/guanacevi/de-pena
35435,El Alamillo,Pueblo,Guanaceví,Durango,,Rural,https://postali.app/mx/durango/guanacevi/el-alamillo
35435,El Arroyo del Alamillo (Los Lobos),Ranchería,Guanaceví,Durango,,Rural,https://postali.app/mx/durango/guanacevi/el-arroyo-del-alamillo-los-lobos
35435,El Chorro,Ranchería,Guanaceví,Durango,,Rural,https://postali.app/mx/durango/guanacevi/el-chorro
35435,El Relámpago,Ranchería,Guanaceví,Durango,,Rural,https://postali.app/mx/durango/guanacevi/el-relampago
35435,El Salitre,Ranchería,Guanaceví,Durango,,Rural,https://postali.app/mx/durango/guanacevi/el-salitre
35435,Familia Enríquez,Ranchería,Guanaceví,Durango,,Rural,https://postali.app/mx/durango/guanacevi/familia-enriquez
35435,La Cieneguita,Ranchería,Guanaceví,Durango,,Rural,https://postali.app/mx/durango/guanacevi/la-cieneguita-35435
35435,La Joya de Ayala,Ranchería,Guanaceví,Durango,,Rural,https://postali.app/mx/durango/guanacevi/la-joya-de-ayala
35435,La Joya de Lascano,Ranchería,Guanaceví,Durango,,Rural,https://postali.app/mx/durango/guanacevi/la-joya-de-lascano
35435,La Manada,Ranchería,Guanaceví,Durango,,Rural,https://postali.app/mx/durango/guanacevi/la-manada
35435,La Osa,Ranchería,Guanaceví,Durango,,Rural,https://postali.app/mx/durango/guanacevi/la-osa
35435,Laguna Seca (Las Mangas),Ranchería,Guanaceví,Durango,,Rural,https://postali.app/mx/durango/guanacevi/laguna-seca-las-mangas
35435,Las Cuevas,Ranchería,Guanaceví,Durango,,Rural,https://postali.app/mx/durango/guanacevi/las-cuevas
35435,Los Frailes,Ranchería,Guanaceví,Durango,,Rural,https://postali.app/mx/durango/guanacevi/los-frailes
35435,Mesa de los Tanques,Ranchería,Guanaceví,Durango,,Rural,https://postali.app/mx/durango/guanacevi/mesa-de-los-tanques
35435,Rancho Nuevo,Ranchería,Guanaceví,Durango,,Rural,https://postali.app/mx/durango/guanacevi/rancho-nuevo
35435,Rincón del Bajío (Rincón de Cebollas),Ranchería,Guanaceví,Durango,,Rural,https://postali.app/mx/durango/guanacevi/rincon-del-bajio-rincon-de-cebollas
35435,San Antonio de Arriba,Ranchería,Guanaceví,Durango,,Rural,https://postali.app/mx/durango/guanacevi/san-antonio-de-arriba
35435,San José de la Trampa,Ranchería,Guanaceví,Durango,,Rural,https://postali.app/mx/durango/guanacevi/san-jose-de-la-trampa
35435,Talayotes,Ranchería,Guanaceví,Durango,,Rural,https://postali.app/mx/durango/guanacevi/talayotes
35436,Arianeña,Ranchería,Guanaceví,Durango,,Rural,https://postali.app/mx/durango/guanacevi/arianena
35436,Arroyo del Hacho (La Cruz),Pueblo,Guanaceví,Durango,,Rural,https://postali.app/mx/durango/guanacevi/arroyo-del-hacho-la-cruz
35436,El Monzón,Ranchería,Guanaceví,Durango,,Rural,https://postali.app/mx/durango/guanacevi/el-monzon
35436,El Pájaro,Ranchería,Guanaceví,Durango,,Rural,https://postali.app/mx/durango/guanacevi/el-pajaro
35436,El Ranchito,Ranchería,Guanaceví,Durango,,Rural,https://postali.app/mx/durango/guanacevi/el-ranchito
35436,El Río Chiquihuites,Ranchería,Guanaceví,Durango,,Rural,https://postali.app/mx/durango/guanacevi/el-rio-chiquihuites
35436,Emigdio Mata Ortega,Ranchería,Guanaceví,Durango,,Rural,https://postali.app/mx/durango/guanacevi/emigdio-mata-ortega
35436,Fanny,Ranchería,Guanaceví,Durango,,Rural,https://postali.app/mx/durango/guanacevi/fanny
35436,La Calera,Ranchería,Guanaceví,Durango,,Rural,https://postali.app/mx/durango/guanacevi/la-calera
35436,Los Bajíos,Ranchería,Guanaceví,Durango,,Rural,https://postali.app/mx/durango/guanacevi/los-bajios
35436,Metalúrgica (La Planta),Zona industrial,Guanaceví,Durango,,Rural,https://postali.app/mx/durango/guanacevi/metalurgica-la-planta
35436,Potrerillos,Ranchería,Guanaceví,Durango,,Rural,https://postali.app/mx/durango/guanacevi/potrerillos
35436,Predilecta,Ranchería,Guanaceví,Durango,,Rural,https://postali.app/mx/durango/guanacevi/predilecta
35436,Rosales,Ranchería,Guanaceví,Durango,,Rural,https://postali.app/mx/durango/guanacevi/rosales
35436,San Pedro,Ranchería,Guanaceví,Durango,,Rural,https://postali.app/mx/durango/guanacevi/san-pedro
35436,Tapustete,Ranchería,Guanaceví,Durango,,Rural,https://postali.app/mx/durango/guanacevi/tapustete
35436,Todos Santos,Ranchería,Guanaceví,Durango,,Rural,https://postali.app/mx/durango/guanacevi/todos-santos
35437,Barbacoas,Ranchería,Guanaceví,Durango,,Rural,https://postali.app/mx/durango/guanacevi/barbacoas
35437,El Zorrillo,Ranchería,Guanaceví,Durango,,Rural,https://postali.app/mx/durango/guanacevi/el-zorrillo
35437,Las Canoas,Ranchería,Guanaceví,Durango,,Rural,https://postali.app/mx/durango/guanacevi/las-canoas
35437,Los Lobos,Ranchería,Guanaceví,Durango,,Rural,https://postali.app/mx/durango/guanacevi/los-lobos
35437,Piedra Agujerada,Ranchería,Guanaceví,Durango,,Rural,https://postali.app/mx/durango/guanacevi/piedra-agujerada
35437,Potrerillos,Ranchería,Guanaceví,Durango,,Rural,https://postali.app/mx/durango/guanacevi/potrerillos-35437
35437,Salsipuedes,Ranchería,Guanaceví,Durango,,Rural,https://postali.app/mx/durango/guanacevi/salsipuedes
35440,Arroyo de las Yeguas,Ranchería,Guanaceví,Durango,,Rural,https://postali.app/mx/durango/guanacevi/arroyo-de-las-yeguas
35440,Arroyo del Palomo (La Cruz),Ranchería,Guanaceví,Durango,,Rural,https://postali.app/mx/durango/guanacevi/arroyo-del-palomo-la-cruz
35440,Bajío de San Rafael,Ranchería,Guanaceví,Durango,,Rural,https://postali.app/mx/durango/guanacevi/bajio-de-san-rafael
35440,Bajío de Zenón (Bajío de Caborachi),Ranchería,Guanaceví,Durango,,Rural,https://postali.app/mx/durango/guanacevi/bajio-de-zenon-bajio-de-caborachi
35440,Ciénega del Conejo,Ranchería,Guanaceví,Durango,,Rural,https://postali.app/mx/durango/guanacevi/cienega-del-conejo
35440,El Aguaje,Ranchería,Guanaceví,Durango,,Rural,https://postali.app/mx/durango/guanacevi/el-aguaje
35440,El Arroyo de Cuevecillas,Ranchería,Guanaceví,Durango,,Rural,https://postali.app/mx/durango/guanacevi/el-arroyo-de-cuevecillas
35440,El Berro,Ranchería,Guanaceví,Durango,,Rural,https://postali.app/mx/durango/guanacevi/el-berro
35440,El Durazno,Ranchería,Guanaceví,Durango,,Rural,https://postali.app/mx/durango/guanacevi/el-durazno-35440
35440,El Maguey,Ranchería,Guanaceví,Durango,,Rural,https://postali.app/mx/durango/guanacevi/el-maguey
35440,El Olvido,Ranchería,Guanaceví,Durango,,Rural,https://postali.app/mx/durango/guanacevi/el-olvido
35440,El Palomo,Ranchería,Guanaceví,Durango,,Rural,https://postali.app/mx/durango/guanacevi/el-palomo
35440,El Pinal,Ranchería,Guanaceví,Durango,,Rural,https://postali.app/mx/durango/guanacevi/el-pinal
35440,El Potrerito,Ranchería,Guanaceví,Durango,,Rural,https://postali.app/mx/durango/guanacevi/el-potrerito
35440,El Río,Ranchería,Guanaceví,Durango,,Rural,https://postali.app/mx/durango/guanacevi/el-rio
35440,El Águila,Ranchería,Guanaceví,Durango,,Rural,https://postali.app/mx/durango/guanacevi/el-aguila
35440,La Mesa del Cambray,Ranchería,Guanaceví,Durango,,Rural,https://postali.app/mx/durango/guanacevi/la-mesa-del-cambray
35440,La Patilla,Ranchería,Guanaceví,Durango,,Rural,https://postali.app/mx/durango/guanacevi/la-patilla
35440,La Rosa,Ranchería,Guanaceví,Durango,,Rural,https://postali.app/mx/durango/guanacevi/la-rosa
35440,La Rosita,Ranchería,Guanaceví,Durango,,Rural,https://postali.app/mx/durango/guanacevi/la-rosita
35440,Las Ánimas,Ranchería,Guanaceví,Durango,,Rural,https://postali.app/mx/durango/guanacevi/las-animas
35440,Los Ingleses,Ranchería,Guanaceví,Durango,,Rural,https://postali.app/mx/durango/guanacevi/los-ingleses
35440,Los Lobos,Ranchería,Guanaceví,Durango,,Rural,https://postali.app/mx/durango/guanacevi/los-lobos-35440
35440,Los Tanques,Ranchería,Guanaceví,Durango,,Rural,https://postali.app/mx/durango/guanacevi/los-tanques
35440,Los Árboles,Ranchería,Guanaceví,Durango,,Rural,https://postali.app/mx/durango/guanacevi/los-arboles
35440,Los Órganos,Ranchería,Guanaceví,Durango,,Rural,https://postali.app/mx/durango/guanacevi/los-organos
35440,Pie de la Cuesta,Ranchería,Guanaceví,Durango,,Rural,https://postali.app/mx/durango/guanacevi/pie-de-la-cuesta
35440,Piedra Bola,Ranchería,Guanaceví,Durango,,Rural,https://postali.app/mx/durango/guanacevi/piedra-bola
35440,Romerillos,Ranchería,Guanaceví,Durango,,Rural,https://postali.app/mx/durango/guanacevi/romerillos
35440,Río Colorado,Pueblo,Guanaceví,Durango,,Rural,https://postali.app/mx/durango/guanacevi/rio-colorado
35440,San Francisco,Ranchería,Guanaceví,Durango,,Rural,https://postali.app/mx/durango/guanacevi/san-francisco-35440
35440,San Francisco de los Cano,Pueblo,Guanaceví,Durango,,Rural,https://postali.app/mx/durango/guanacevi/san-francisco-de-los-cano
35440,San Juan,Ranchería,Guanaceví,Durango,,Rural,https://postali.app/mx/durango/guanacevi/san-juan
35440,San Juan de Abajo,Ranchería,Guanaceví,Durango,,Rural,https://postali.app/mx/durango/guanacevi/san-juan-de-abajo
35440,Viejo,Rancho,Guanaceví,Durango,,Rural,https://postali.app/mx/durango/guanacevi/viejo
35443,Atanacio Villanueva T,Rancho,Guanaceví,Durango,,Rural,https://postali.app/mx/durango/guanacevi/atanacio-villanueva-t
35443,Cueva de los Árabes,Ranchería,Guanaceví,Durango,,Rural,https://postali.app/mx/durango/guanacevi/cueva-de-los-arabes
35443,El Barro,Ranchería,Guanaceví,Durango,,Rural,https://postali.app/mx/durango/guanacevi/el-barro
35443,El Cócono,Pueblo,Guanaceví,Durango,,Rural,https://postali.app/mx/durango/guanacevi/el-cocono-35443
35443,La Cumbre,Ranchería,Guanaceví,Durango,,Rural,https://postali.app/mx/durango/guanacevi/la-cumbre
35443,La Lagunita,Ranchería,Guanaceví,Durango,,Rural,https://postali.app/mx/durango/guanacevi/la-lagunita-35443
35443,Pedernales,Ranchería,Guanaceví,Durango,,Rural,https://postali.app/mx/durango/guanacevi/pedernales
35443,Rosa Morada,Ranchería,Guanaceví,Durango,,Rural,https://postali.app/mx/durango/guanacevi/rosa-morada
35444,Chiqueros,Ejido,Guanaceví,Durango,,Rural,https://postali.app/mx/durango/guanacevi/chiqueros-35444
35444,El Alto de la Rosilla,Ranchería,Guanaceví,Durango,,Rural,https://postali.app/mx/durango/guanacevi/el-alto-de-la-rosilla
35444,El Cebollín,Pueblo,Guanaceví,Durango,,Rural,https://postali.app/mx/durango/guanacevi/el-cebollin
35444,El Cebollín,Ranchería,Guanaceví,Durango,,Rural,https://postali.app/mx/durango/guanacevi/el-cebollin-35444
35444,El Chihuistoso,Ranchería,Guanaceví,Durango,,Rural,https://postali.app/mx/durango/guanacevi/el-chihuistoso
35444,El Coyote,Ranchería,Guanaceví,Durango,,Rural,https://postali.app/mx/durango/guanacevi/el-coyote
35444,El Escalón,Ranchería,Guanaceví,Durango,,Rural,https://postali.app/mx/durango/guanacevi/el-escalon
35444,El Táscate,Ranchería,Guanaceví,Durango,,Rural,https://postali.app/mx/durango/guanacevi/el-tascate
35444,La Escondida,Ranchería,Guanaceví,Durango,,Rural,https://postali.app/mx/durango/guanacevi/la-escondida
35444,La Rosilla,Ranchería,Guanaceví,Durango,,Rural,https://postali.app/mx/durango/guanacevi/la-rosilla
35444,Llano Grande,Ranchería,Guanaceví,Durango,,Rural,https://postali.app/mx/durango/guanacevi/llano-grande
35444,Los Ancones,Ranchería,Guanaceví,Durango,,Rural,https://postali.app/mx/durango/guanacevi/los-ancones-35444
35444,Puerto de la Herradura,Ranchería,Guanaceví,Durango,,Rural,https://postali.app/mx/durango/guanacevi/puerto-de-la-herradura
35444,Santos Torres,Ranchería,Guanaceví,Durango,,Rural,https://postali.app/mx/durango/guanacevi/santos-torres
35444,Vivero Forestal Llano Grande,Ranchería,Guanaceví,Durango,,Rural,https://postali.app/mx/durango/guanacevi/vivero-forestal-llano-grande
35445,Arroyo del Embudo,Ranchería,Guanaceví,Durango,,Rural,https://postali.app/mx/durango/guanacevi/arroyo-del-embudo
35445,El Cebollincito,Ranchería,Guanaceví,Durango,,Rural,https://postali.app/mx/durango/guanacevi/el-cebollincito
35445,La Cieneguita,Ranchería,Guanaceví,Durango,,Rural,https://postali.app/mx/durango/guanacevi/la-cieneguita-35445
35445,La Quebrada,Ranchería,Guanaceví,Durango,,Rural,https://postali.app/mx/durango/guanacevi/la-quebrada
35445,Las Yeguas,Ranchería,Guanaceví,Durango,,Rural,https://postali.app/mx/durango/guanacevi/las-yeguas
35445,Los Lobos,Ranchería,Guanaceví,Durango,,Rural,https://postali.app/mx/durango/guanacevi/los-lobos-35445
35445,Los Ojuelos,Ranchería,Guanaceví,Durango,,Rural,https://postali.app/mx/durango/guanacevi/los-ojuelos
35446,Agua del Pino,Ranchería,Guanaceví,Durango,,Rural,https://postali.app/mx/durango/guanacevi/agua-del-pino-35446
35446,Bajío Largo,Ranchería,Guanaceví,Durango,,Rural,https://postali.app/mx/durango/guanacevi/bajio-largo
35446,Ciénega de la Vaca,Pueblo,Guanaceví,Durango,,Rural,https://postali.app/mx/durango/guanacevi/cienega-de-la-vaca
35446,El Ojito,Ranchería,Guanaceví,Durango,,Rural,https://postali.app/mx/durango/guanacevi/el-ojito-35446
35446,El Potrerito,Ranchería,Guanaceví,Durango,,Rural,https://postali.app/mx/durango/guanacevi/el-potrerito-35446
35446,El Potrillo,Ranchería,Guanaceví,Durango,,Rural,https://postali.app/mx/durango/guanacevi/el-potrillo
35446,El Ranchito,Ranchería,Guanaceví,Durango,,Rural,https://postali.app/mx/durango/guanacevi/el-ranchito-35446
35446,La Joya de Vallecillos,Ranchería,Guanaceví,Durango,,Rural,https://postali.app/mx/durango/guanacevi/la-joya-de-vallecillos
35446,Nombre de Dios,Ranchería,Guanaceví,Durango,,Rural,https://postali.app/mx/durango/guanacevi/nombre-de-dios-35446
35446,Ventanas,Ranchería,Guanaceví,Durango,,Rural,https://postali.app/mx/durango/guanacevi/ventanas
35447,Arroyo Colorado,Ranchería,Guanaceví,Durango,,Rural,https://postali.app/mx/durango/guanacevi/arroyo-colorado
35447,Arroyo de Lajas (Lajas),Pueblo,Guanaceví,Durango,,Rural,https://postali.app/mx/durango/guanacevi/arroyo-de-lajas-lajas
35447,Arroyo Hondo,Ranchería,Guanaceví,Durango,,Rural,https://postali.app/mx/durango/guanacevi/arroyo-hondo
35447,El Cedro,Ranchería,Guanaceví,Durango,,Rural,https://postali.app/mx/durango/guanacevi/el-cedro
35447,El Coconito,Ranchería,Guanaceví,Durango,,Rural,https://postali.app/mx/durango/guanacevi/el-coconito
35447,La Joya (El Ranchito de Porfirio),Ranchería,Guanaceví,Durango,,Rural,https://postali.app/mx/durango/guanacevi/la-joya-el-ranchito-de-porfirio
35447,Lajas,Ranchería,Guanaceví,Durango,,Rural,https://postali.app/mx/durango/guanacevi/lajas
35450,Cuba,Colonia,San Bernardo,Durango,,Rural,https://postali.app/mx/durango/san-bernardo/cuba
35450,El Aguaje,Ranchería,San Bernardo,Durango,,Rural,https://postali.app/mx/durango/san-bernardo/el-aguaje
35450,Matalotes,Ejido,San Bernardo,Durango,,Rural,https://postali.app/mx/durango/san-bernardo/matalotes
35450,Pénjamo,Rancho,San Bernardo,Durango,,Rural,https://postali.app/mx/durango/san-bernardo/penjamo
35453,Muñoz,Ranchería,San Bernardo,Durango,,Rural,https://postali.app/mx/durango/san-bernardo/munoz
35454,Amador,Ejido,San Bernardo,Durango,,Rural,https://postali.app/mx/durango/san-bernardo/amador
35454,El Verano,Rancho,San Bernardo,Durango,,Rural,https://postali.app/mx/durango/san-bernardo/el-verano
35454,La Manga,Ranchería,San Bernardo,Durango,,Rural,https://postali.app/mx/durango/san-bernardo/la-manga
35454,La Rodada,Rancho,San Bernardo,Durango,,Rural,https://postali.app/mx/durango/san-bernardo/la-rodada
35454,Pueblo Nuevo (Talayotes),Ejido,San Bernardo,Durango,,Rural,https://postali.app/mx/durango/san-bernardo/pueblo-nuevo-talayotes
35455,Barajas,Ejido,San Bernardo,Durango,,Rural,https://postali.app/mx/durango/san-bernardo/barajas
35455,Rancho de Sosa,Ejido,San Bernardo,Durango,,Rural,https://postali.app/mx/durango/san-bernardo/rancho-de-sosa
35455,Sosa de Abajo,Rancho,San Bernardo,Durango,,Rural,https://postali.app/mx/durango/san-bernardo/sosa-de-abajo
35460,División del Norte (Los Lobos),Ejido,San Bernardo,Durango,,Rural,https://postali.app/mx/durango/san-bernardo/division-del-norte-los-lobos
35463,El Alamillo,Rancho,San Bernardo,Durango,,Rural,https://postali.app/mx/durango/san-bernardo/el-alamillo
35463,Sosa,Rancho,San Bernardo,Durango,,Rural,https://postali.app/mx/durango/san-bernardo/sosa
35464,San Juan de Minas,Rancho,San Bernardo,Durango,,Rural,https://postali.app/mx/durango/san-bernardo/san-juan-de-minas
35465,Casco del Salto,Ejido,San Bernardo,Durango,,Rural,https://postali.app/mx/durango/san-bernardo/casco-del-salto
35465,Charco Azul,Ranchería,San Bernardo,Durango,,Rural,https://postali.app/mx/durango/san-bernardo/charco-azul
35465,El Sauz,Ranchería,San Bernardo,Durango,,Rural,https://postali.app/mx/durango/san-bernardo/el-sauz
35465,La Tortuga,Rancho,San Bernardo,Durango,,Rural,https://postali.app/mx/durango/san-bernardo/la-tortuga
35465,Los Diamantes (Gallinas),Ejido,San Bernardo,Durango,,Rural,https://postali.app/mx/durango/san-bernardo/los-diamantes-gallinas
35465,San Juan de Heredia (J Guadalupe Rodríguez),Ejido,San Bernardo,Durango,,Rural,https://postali.app/mx/durango/san-bernardo/san-juan-de-heredia-j-guadalupe-rodriguez
35465,San Simón,Ejido,San Bernardo,Durango,,Rural,https://postali.app/mx/durango/san-bernardo/san-simon
35466,Agua Escondida,Ranchería,San Bernardo,Durango,,Rural,https://postali.app/mx/durango/san-bernardo/agua-escondida
35466,El Gatuñal,Rancho,San Bernardo,Durango,,Rural,https://postali.app/mx/durango/san-bernardo/el-gatunal
35466,El Taráis,Rancho,San Bernardo,Durango,,Rural,https://postali.app/mx/durango/san-bernardo/el-tarais
35466,Jesús María,Ranchería,San Bernardo,Durango,,Rural,https://postali.app/mx/durango/san-bernardo/jesus-maria
35467,La Hacienda del Carmen,Rancho,San Bernardo,Durango,,Rural,https://postali.app/mx/durango/san-bernardo/la-hacienda-del-carmen
35467,Promontorio,Rancho,San Bernardo,Durango,,Rural,https://postali.app/mx/durango/san-bernardo/promontorio
35470,El Papalote,Rancho,San Bernardo,Durango,,Rural,https://postali.app/mx/durango/san-bernardo/el-papalote
35470,La Manzana,Rancho,San Bernardo,Durango,,Rural,https://postali.app/mx/durango/san-bernardo/la-manzana
35470,La Torreña,Rancho,San Bernardo,Durango,,Rural,https://postali.app/mx/durango/san-bernardo/la-torrena
35470,Las Huertas,Rancho,San Bernardo,Durango,,Rural,https://postali.app/mx/durango/san-bernardo/las-huertas
35470,San José del Salto,Ranchería,San Bernardo,Durango,,Rural,https://postali.app/mx/durango/san-bernardo/san-jose-del-salto
35470,San José del Tule,Colonia,San Bernardo,Durango,,Rural,https://postali.app/mx/durango/san-bernardo/san-jose-del-tule
35470,Sebastopol,Rancho,San Bernardo,Durango,,Rural,https://postali.app/mx/durango/san-bernardo/sebastopol
35473,Castañeda,Ranchería,San Bernardo,Durango,,Rural,https://postali.app/mx/durango/san-bernardo/castaneda
35473,La Caseta,Rancho,San Bernardo,Durango,,Rural,https://postali.app/mx/durango/san-bernardo/la-caseta
35473,Ricardo Flores Magón (La Quesera),Ejido,San Bernardo,Durango,,Rural,https://postali.app/mx/durango/san-bernardo/ricardo-flores-magon-la-quesera
35473,San José de Sextín,Colonia,San Bernardo,Durango,,Rural,https://postali.app/mx/durango/san-bernardo/san-jose-de-sextin
35474,Amador Chiquito,Rancho,San Bernardo,Durango,,Rural,https://postali.app/mx/durango/san-bernardo/amador-chiquito
35474,El Porvenir,Rancho,San Bernardo,Durango,,Rural,https://postali.app/mx/durango/san-bernardo/el-porvenir
35474,Hacienda de Providencia,Colonia,San Bernardo,Durango,,Rural,https://postali.app/mx/durango/san-bernardo/hacienda-de-providencia
35474,La Parrita,Ranchería,San Bernardo,Durango,,Rural,https://postali.app/mx/durango/san-bernardo/la-parrita
35474,Los Nogales,Rancho,San Bernardo,Durango,,Rural,https://postali.app/mx/durango/san-bernardo/los-nogales
35474,Moreno,Rancho,San Bernardo,Durango,,Rural,https://postali.app/mx/durango/san-bernardo/moreno
35475,Ojo de Agua,Rancho,San Bernardo,Durango,,Rural,https://postali.app/mx/durango/san-bernardo/ojo-de-agua
35475,Valverdeña,Rancho,San Bernardo,Durango,,Rural,https://postali.app/mx/durango/san-bernardo/valverdena
35475,Veinte de Abril (Las Delicias),Ejido,San Bernardo,Durango,,Rural,https://postali.app/mx/durango/san-bernardo/veinte-de-abril-las-delicias
35477,La Esperanza,Rancho,San Bernardo,Durango,,Rural,https://postali.app/mx/durango/san-bernardo/la-esperanza
35480,José Guadalupe Páez (El Pájaro),Ejido,San Bernardo,Durango,,Rural,https://postali.app/mx/durango/san-bernardo/jose-guadalupe-paez-el-pajaro
35480,La Purísima,Rancho,San Bernardo,Durango,,Rural,https://postali.app/mx/durango/san-bernardo/la-purisima
35483,Arroyo Seco,Rancho,San Bernardo,Durango,,Rural,https://postali.app/mx/durango/san-bernardo/arroyo-seco
35483,Cinco de Julio,Ejido,San Bernardo,Durango,,Rural,https://postali.app/mx/durango/san-bernardo/cinco-de-julio
35483,El Refugio,Ranchería,San Bernardo,Durango,,Rural,https://postali.app/mx/durango/san-bernardo/el-refugio
35483,Nuevo (El Chicharronal),Rancho,San Bernardo,Durango,,Rural,https://postali.app/mx/durango/san-bernardo/nuevo-el-chicharronal
35484,El Tabullo,Rancho,San Bernardo,Durango,,Rural,https://postali.app/mx/durango/san-bernardo/el-tabullo
35484,Sardinas,Ejido,San Bernardo,Durango,,Rural,https://postali.app/mx/durango/san-bernardo/sardinas
35485,El Tintero,Rancho,San Bernardo,Durango,,Rural,https://postali.app/mx/durango/san-bernardo/el-tintero
35490,San Bernardo,Pueblo,San Bernardo,Durango,,Urbano,https://postali.app/mx/durango/san-bernardo/san-bernardo
35493,El Alférez,Ejido,San Bernardo,Durango,,Rural,https://postali.app/mx/durango/san-bernardo/el-alferez
35493,La Granja,Rancho,San Bernardo,Durango,,Rural,https://postali.app/mx/durango/san-bernardo/la-granja
35493,Tres Perlas,Rancho,San Bernardo,Durango,,Rural,https://postali.app/mx/durango/san-bernardo/tres-perlas
35496,El Colorado,Ranchería,San Bernardo,Durango,,Rural,https://postali.app/mx/durango/san-bernardo/el-colorado
35496,El Durazno,Ejido,San Bernardo,Durango,,Rural,https://postali.app/mx/durango/san-bernardo/el-durazno
35497,Boca de Álamos,Rancho,San Bernardo,Durango,,Rural,https://postali.app/mx/durango/san-bernardo/boca-de-alamos
35497,El Ancón Chiquito,Rancho,San Bernardo,Durango,,Rural,https://postali.app/mx/durango/san-bernardo/el-ancon-chiquito
35497,Sombreretillo,Rancho,San Bernardo,Durango,,Rural,https://postali.app/mx/durango/san-bernardo/sombreretillo
35500,Indé,Pueblo,Indé,Durango,,Rural,https://postali.app/mx/durango/inde/inde
35510,Mineral de Cieneguillas,Ranchería,Indé,Durango,,Rural,https://postali.app/mx/durango/inde/mineral-de-cieneguillas
35513,El Congo,Ranchería,Indé,Durango,,Rural,https://postali.app/mx/durango/inde/el-congo
35513,La Horca,Ranchería,Indé,Durango,,Rural,https://postali.app/mx/durango/inde/la-horca
35513,La Pastoría,Ranchería,Indé,Durango,,Rural,https://postali.app/mx/durango/inde/la-pastoria
35513,Rancho de Peña,Ejido,Indé,Durango,,Rural,https://postali.app/mx/durango/inde/rancho-de-pena
35513,San Antonio del Cuervo (El Cuervo),Ranchería,Indé,Durango,,Rural,https://postali.app/mx/durango/inde/san-antonio-del-cuervo-el-cuervo
35514,La Casita,Rancho,Indé,Durango,,Rural,https://postali.app/mx/durango/inde/la-casita
35514,La Puerta de Cabrera (Agrícola J Aguirre),Colonia,Indé,Durango,,Rural,https://postali.app/mx/durango/inde/la-puerta-de-cabrera-agricola-j-aguirre
35514,Potrero del Llano (Boquilla del Muerto),Pueblo,Indé,Durango,,Rural,https://postali.app/mx/durango/inde/potrero-del-llano-boquilla-del-muerto
35515,San Salvador de Peinados (San Salvador),Rancho,Indé,Durango,,Rural,https://postali.app/mx/durango/inde/san-salvador-de-peinados-san-salvador
35516,La Loma,Ranchería,Indé,Durango,,Rural,https://postali.app/mx/durango/inde/la-loma
35516,Pozo Hondo,Rancho,Indé,Durango,,Rural,https://postali.app/mx/durango/inde/pozo-hondo
35516,San José del Tizonazo (El Pueblo),Ejido,Indé,Durango,,Rural,https://postali.app/mx/durango/inde/san-jose-del-tizonazo-el-pueblo
35516,Santa Ana de Abajo,Ranchería,Indé,Durango,,Rural,https://postali.app/mx/durango/inde/santa-ana-de-abajo
35520,El Calvario,Ranchería,Indé,Durango,,Rural,https://postali.app/mx/durango/inde/el-calvario
35520,El Pájaro,Ranchería,Indé,Durango,,Rural,https://postali.app/mx/durango/inde/el-pajaro
35520,El Vetarrón,Ranchería,Indé,Durango,,Rural,https://postali.app/mx/durango/inde/el-vetarron
35520,Las Tahonas,Rancho,Indé,Durango,,Rural,https://postali.app/mx/durango/inde/las-tahonas
35520,Los Machos,Ranchería,Indé,Durango,,Rural,https://postali.app/mx/durango/inde/los-machos
35520,Paso del Águila (La Cuchilla),Ranchería,Indé,Durango,,Rural,https://postali.app/mx/durango/inde/paso-del-aguila-la-cuchilla
35520,San Cristóbal,Ranchería,Indé,Durango,,Rural,https://postali.app/mx/durango/inde/san-cristobal
35520,San José del Prado,Ranchería,Indé,Durango,,Rural,https://postali.app/mx/durango/inde/san-jose-del-prado
35520,Santa María,Ejido,Indé,Durango,,Rural,https://postali.app/mx/durango/inde/santa-maria
35523,La Gallega,Ranchería,Indé,Durango,,Rural,https://postali.app/mx/durango/inde/la-gallega
35523,La Providencia,Ranchería,Indé,Durango,,Rural,https://postali.app/mx/durango/inde/la-providencia
35523,Salpica el Agua (El Sitio),Rancho,Indé,Durango,,Rural,https://postali.app/mx/durango/inde/salpica-el-agua-el-sitio
35524,La Gloria (La Jarita),Rancho,Indé,Durango,,Rural,https://postali.app/mx/durango/inde/la-gloria-la-jarita
35524,Noria Corrales (El Jagüey),Ranchería,Indé,Durango,,Rural,https://postali.app/mx/durango/inde/noria-corrales-el-jaguey
35525,Buenos Aires (Chaparrientas),Ranchería,Indé,Durango,,Rural,https://postali.app/mx/durango/inde/buenos-aires-chaparrientas
35525,Ignacio Allende (Los Allendes),Ranchería,Indé,Durango,,Rural,https://postali.app/mx/durango/inde/ignacio-allende-los-allendes
35525,La Angostura,Rancho,Indé,Durango,,Rural,https://postali.app/mx/durango/inde/la-angostura
35525,La Tijera,Ranchería,Indé,Durango,,Rural,https://postali.app/mx/durango/inde/la-tijera
35526,San Antonio de las Cruces (San Antonio),Ranchería,Indé,Durango,,Rural,https://postali.app/mx/durango/inde/san-antonio-de-las-cruces-san-antonio
35526,San José del Barranco,Ranchería,Indé,Durango,,Rural,https://postali.app/mx/durango/inde/san-jose-del-barranco
35526,Sauces de Tres Vados (Los Sauces),Ejido,Indé,Durango,,Rural,https://postali.app/mx/durango/inde/sauces-de-tres-vados-los-sauces
35527,El Calichal,Rancho,Indé,Durango,,Rural,https://postali.app/mx/durango/inde/el-calichal
35527,El Salto de Abajo,Ranchería,Indé,Durango,,Rural,https://postali.app/mx/durango/inde/el-salto-de-abajo
35527,El Salto de Arriba,Ranchería,Indé,Durango,,Rural,https://postali.app/mx/durango/inde/el-salto-de-arriba
35527,La Soledad,Ranchería,Indé,Durango,,Rural,https://postali.app/mx/durango/inde/la-soledad
35527,La Trinidad,Ranchería,Indé,Durango,,Rural,https://postali.app/mx/durango/inde/la-trinidad
35527,Rancho Nuevo,Pueblo,Indé,Durango,,Rural,https://postali.app/mx/durango/inde/rancho-nuevo
35527,San José del Nopal (El Nopal),Ranchería,Indé,Durango,,Rural,https://postali.app/mx/durango/inde/san-jose-del-nopal-el-nopal
35530,Club de Caza y Tiro (Campo los Sabinos),Equipamiento,Indé,Durango,,Rural,https://postali.app/mx/durango/inde/club-de-caza-y-tiro-campo-los-sabinos
35530,El Palmito,Pueblo,Indé,Durango,,Rural,https://postali.app/mx/durango/inde/el-palmito
35530,El Pedregal,Rancho,Indé,Durango,,Rural,https://postali.app/mx/durango/inde/el-pedregal
35530,Las Delicias,Ejido,Indé,Durango,,Rural,https://postali.app/mx/durango/inde/las-delicias
35530,Los Zarqueños,Ejido,Indé,Durango,,Rural,https://postali.app/mx/durango/inde/los-zarquenos
35533,Las Sabinas,Rancho,Indé,Durango,,Rural,https://postali.app/mx/durango/inde/las-sabinas
35533,Santa Lucía de los Picachos (Picachos),Rancho,Indé,Durango,,Rural,https://postali.app/mx/durango/inde/santa-lucia-de-los-picachos-picachos
35534,El Herradero,Rancho,Indé,Durango,,Rural,https://postali.app/mx/durango/inde/el-herradero
35535,San José de los Picachos,Ejido,Indé,Durango,,Rural,https://postali.app/mx/durango/inde/san-jose-de-los-picachos
35536,La Victoria,Ejido,Indé,Durango,,Rural,https://postali.app/mx/durango/inde/la-victoria
35540,El Torreón de San Isidro,Pueblo,Indé,Durango,,Rural,https://postali.app/mx/durango/inde/el-torreon-de-san-isidro
35540,San Francisco de Asís,Ejido,Indé,Durango,,Rural,https://postali.app/mx/durango/inde/san-francisco-de-asis
35543,El Aguaje Blanco,Rancho,Indé,Durango,,Rural,https://postali.app/mx/durango/inde/el-aguaje-blanco
35545,El Setenta y Siete,Rancho,Indé,Durango,,Rural,https://postali.app/mx/durango/inde/el-setenta-y-siete
35545,Lorenzo Ávalos (El Pedernal),Ranchería,Indé,Durango,,Rural,https://postali.app/mx/durango/inde/lorenzo-avalos-el-pedernal
35545,Tablones,Rancho,Indé,Durango,,Rural,https://postali.app/mx/durango/inde/tablones
35546,La Cieneguita,Rancho,Indé,Durango,,Rural,https://postali.app/mx/durango/inde/la-cieneguita
35546,Palos Verdes,Rancho,Indé,Durango,,Rural,https://postali.app/mx/durango/inde/palos-verdes
35546,Puerto del Aire,Rancho,Indé,Durango,,Rural,https://postali.app/mx/durango/inde/puerto-del-aire
35547,Mina de Navidad,Ranchería,Indé,Durango,,Rural,https://postali.app/mx/durango/inde/mina-de-navidad
35547,San Rafael de Jicorica,Ejido,Indé,Durango,,Rural,https://postali.app/mx/durango/inde/san-rafael-de-jicorica
35550,Cuba,Ejido,San Pedro del Gallo,Durango,,Rural,https://postali.app/mx/durango/san-pedro-del-gallo/cuba
35553,El Casco,Ejido,San Pedro del Gallo,Durango,,Rural,https://postali.app/mx/durango/san-pedro-del-gallo/el-casco
35554,El Papalote,Rancho,San Pedro del Gallo,Durango,,Rural,https://postali.app/mx/durango/san-pedro-del-gallo/el-papalote
35555,Peñolitos,Rancho,San Pedro del Gallo,Durango,,Rural,https://postali.app/mx/durango/san-pedro-del-gallo/penolitos
35556,Peñoles,Ejido,San Pedro del Gallo,Durango,,Rural,https://postali.app/mx/durango/san-pedro-del-gallo/penoles
35560,Los Ángeles,Ejido,San Pedro del Gallo,Durango,,Rural,https://postali.app/mx/durango/san-pedro-del-gallo/los-angeles
35563,Cerro Blanco (El Área),Rancho,San Pedro del Gallo,Durango,,Rural,https://postali.app/mx/durango/san-pedro-del-gallo/cerro-blanco-el-area
35565,Enrique las Lagunitas (El Ranchito),Rancho,San Pedro del Gallo,Durango,,Rural,https://postali.app/mx/durango/san-pedro-del-gallo/enrique-las-lagunitas-el-ranchito
35567,Apantita,Granja,San Pedro del Gallo,Durango,,Rural,https://postali.app/mx/durango/san-pedro-del-gallo/apantita
35573,Boquilla de Gerardo,Ejido,San Pedro del Gallo,Durango,,Rural,https://postali.app/mx/durango/san-pedro-del-gallo/boquilla-de-gerardo
35574,Boquilla de Mimbres,Ranchería,San Pedro del Gallo,Durango,,Rural,https://postali.app/mx/durango/san-pedro-del-gallo/boquilla-de-mimbres
35575,Las Laborcitas de Arriba,Ranchería,San Pedro del Gallo,Durango,,Rural,https://postali.app/mx/durango/san-pedro-del-gallo/las-laborcitas-de-arriba
35576,Naycha (Naycha Viejo),Rancho,San Pedro del Gallo,Durango,,Rural,https://postali.app/mx/durango/san-pedro-del-gallo/naycha-naycha-viejo
35576,San Juan de Naycha,Rancho,San Pedro del Gallo,Durango,,Rural,https://postali.app/mx/durango/san-pedro-del-gallo/san-juan-de-naycha
35577,La Linterna,Rancho,San Pedro del Gallo,Durango,,Rural,https://postali.app/mx/durango/san-pedro-del-gallo/la-linterna
35577,Santa Anita,Granja,San Pedro del Gallo,Durango,,Rural,https://postali.app/mx/durango/san-pedro-del-gallo/santa-anita
35580,Cinco de Mayo,Ejido,San Pedro del Gallo,Durango,,Rural,https://postali.app/mx/durango/san-pedro-del-gallo/cinco-de-mayo
35584,La Jarita,Rancho,San Pedro del Gallo,Durango,,Rural,https://postali.app/mx/durango/san-pedro-del-gallo/la-jarita
35585,Dury (La Trinidad),Rancho,San Pedro del Gallo,Durango,,Rural,https://postali.app/mx/durango/san-pedro-del-gallo/dury-la-trinidad
35585,San Juan,Rancho,San Pedro del Gallo,Durango,,Rural,https://postali.app/mx/durango/san-pedro-del-gallo/san-juan
35586,Santo Domingo,Ejido,San Pedro del Gallo,Durango,,Rural,https://postali.app/mx/durango/san-pedro-del-gallo/santo-domingo
35590,San Pedro del Gallo,Pueblo,San Pedro del Gallo,Durango,,Urbano,https://postali.app/mx/durango/san-pedro-del-gallo/san-pedro-del-gallo
35593,Arroyo de San Pedro,Rancho,San Pedro del Gallo,Durango,,Rural,https://postali.app/mx/durango/san-pedro-del-gallo/arroyo-de-san-pedro
35593,Loma Blanca,Rancho,San Pedro del Gallo,Durango,,Rural,https://postali.app/mx/durango/san-pedro-del-gallo/loma-blanca
35594,Bajío del Burro,Rancho,San Pedro del Gallo,Durango,,Rural,https://postali.app/mx/durango/san-pedro-del-gallo/bajio-del-burro
35594,La Tinaja,Rancho,San Pedro del Gallo,Durango,,Rural,https://postali.app/mx/durango/san-pedro-del-gallo/la-tinaja
35594,Monte Grande,Rancho,San Pedro del Gallo,Durango,,Rural,https://postali.app/mx/durango/san-pedro-del-gallo/monte-grande
35600,Del Valle,Colonia,Tepehuanes,Durango,,Urbano,https://postali.app/mx/durango/tepehuanes/del-valle
35600,Herrera,Colonia,Tepehuanes,Durango,,Urbano,https://postali.app/mx/durango/tepehuanes/herrera
35600,La Estación,Colonia,Tepehuanes,Durango,,Urbano,https://postali.app/mx/durango/tepehuanes/la-estacion
35600,La Flor,Colonia,Tepehuanes,Durango,,Urbano,https://postali.app/mx/durango/tepehuanes/la-flor
35600,La Tijera,Colonia,Tepehuanes,Durango,,Urbano,https://postali.app/mx/durango/tepehuanes/la-tijera
35600,Manuel Gómez Morín,Colonia,Tepehuanes,Durango,,Urbano,https://postali.app/mx/durango/tepehuanes/manuel-gomez-morin
35600,Nueva Esperanza,Colonia,Tepehuanes,Durango,,Urbano,https://postali.app/mx/durango/tepehuanes/nueva-esperanza
35600,Plutarco Elías Calles,Colonia,Tepehuanes,Durango,,Urbano,https://postali.app/mx/durango/tepehuanes/plutarco-elias-calles
35600,Santa Catarina de Tepehuanes,Pueblo,Tepehuanes,Durango,,Urbano,https://postali.app/mx/durango/tepehuanes/santa-catarina-de-tepehuanes
35610,La Purísima,Pueblo,Tepehuanes,Durango,,Rural,https://postali.app/mx/durango/tepehuanes/la-purisima
35614,El Alamillo,Ranchería,Tepehuanes,Durango,,Rural,https://postali.app/mx/durango/tepehuanes/el-alamillo
35614,Presidio de Abajo (La Candela),Pueblo,Tepehuanes,Durango,,Rural,https://postali.app/mx/durango/tepehuanes/presidio-de-abajo-la-candela
35614,San Nicolás de Presidio (Presidio de Arriba),Pueblo,Tepehuanes,Durango,,Rural,https://postali.app/mx/durango/tepehuanes/san-nicolas-de-presidio-presidio-de-arriba
35615,Los Corrales,Pueblo,Tepehuanes,Durango,,Rural,https://postali.app/mx/durango/tepehuanes/los-corrales
35615,Sandías (El Vado de Sandías),Pueblo,Tepehuanes,Durango,,Rural,https://postali.app/mx/durango/tepehuanes/sandias-el-vado-de-sandias
35616,Arroyo Chico,Ranchería,Tepehuanes,Durango,,Rural,https://postali.app/mx/durango/tepehuanes/arroyo-chico
35616,Carreras,Pueblo,Tepehuanes,Durango,,Rural,https://postali.app/mx/durango/tepehuanes/carreras
35616,Cerritos,Ranchería,Tepehuanes,Durango,,Rural,https://postali.app/mx/durango/tepehuanes/cerritos
35616,El Aguajito,Ranchería,Tepehuanes,Durango,,Rural,https://postali.app/mx/durango/tepehuanes/el-aguajito
35616,El Bajío del Terrero,Ranchería,Tepehuanes,Durango,,Rural,https://postali.app/mx/durango/tepehuanes/el-bajio-del-terrero
35616,El Corazón,Ranchería,Tepehuanes,Durango,,Rural,https://postali.app/mx/durango/tepehuanes/el-corazon
35616,El Rincón,Ranchería,Tepehuanes,Durango,,Rural,https://postali.app/mx/durango/tepehuanes/el-rincon
35616,La Playa,Ranchería,Tepehuanes,Durango,,Rural,https://postali.app/mx/durango/tepehuanes/la-playa
35616,Los Bagres,Ranchería,Tepehuanes,Durango,,Rural,https://postali.app/mx/durango/tepehuanes/los-bagres
35616,Los Pinos,Ranchería,Tepehuanes,Durango,,Rural,https://postali.app/mx/durango/tepehuanes/los-pinos
35616,Mina Prodigio (La Haciendita),Ranchería,Tepehuanes,Durango,,Rural,https://postali.app/mx/durango/tepehuanes/mina-prodigio-la-haciendita
35616,San José de la Boca,Pueblo,Tepehuanes,Durango,,Rural,https://postali.app/mx/durango/tepehuanes/san-jose-de-la-boca
35616,Sauces,Ejido,Tepehuanes,Durango,,Rural,https://postali.app/mx/durango/tepehuanes/sauces
35616,Zapiguri (Rancho Zapiguri),Ranchería,Tepehuanes,Durango,,Rural,https://postali.app/mx/durango/tepehuanes/zapiguri-rancho-zapiguri
35617,Aguapinole,Ranchería,Tepehuanes,Durango,,Rural,https://postali.app/mx/durango/tepehuanes/aguapinole
35617,El Refugio (El Refugio de los Lobos),Ranchería,Tepehuanes,Durango,,Rural,https://postali.app/mx/durango/tepehuanes/el-refugio-el-refugio-de-los-lobos
35617,El Yaqui,Ranchería,Tepehuanes,Durango,,Rural,https://postali.app/mx/durango/tepehuanes/el-yaqui
35617,Fábrica de la Tarabilla,Ranchería,Tepehuanes,Durango,,Rural,https://postali.app/mx/durango/tepehuanes/fabrica-de-la-tarabilla
35617,La Placita,Ranchería,Tepehuanes,Durango,,Rural,https://postali.app/mx/durango/tepehuanes/la-placita
35617,Mesa de los Návar,Ranchería,Tepehuanes,Durango,,Rural,https://postali.app/mx/durango/tepehuanes/mesa-de-los-navar
35617,Potrero de Cháidez,Pueblo,Tepehuanes,Durango,,Rural,https://postali.app/mx/durango/tepehuanes/potrero-de-chaidez
35617,San Juan de las Estacas,Ranchería,Tepehuanes,Durango,,Rural,https://postali.app/mx/durango/tepehuanes/san-juan-de-las-estacas
35617,San Lorenzo,Ranchería,Tepehuanes,Durango,,Rural,https://postali.app/mx/durango/tepehuanes/san-lorenzo
35617,San Pedro de Pescaderos,Ranchería,Tepehuanes,Durango,,Rural,https://postali.app/mx/durango/tepehuanes/san-pedro-de-pescaderos
35618,La Aurora,Ranchería,Tepehuanes,Durango,,Rural,https://postali.app/mx/durango/tepehuanes/la-aurora
35620,Buenos Aires,Ranchería,Tepehuanes,Durango,,Rural,https://postali.app/mx/durango/tepehuanes/buenos-aires
35620,El Cebollín,Ranchería,Tepehuanes,Durango,,Rural,https://postali.app/mx/durango/tepehuanes/el-cebollin
35620,El Llano de Santa Rosa,Ranchería,Tepehuanes,Durango,,Rural,https://postali.app/mx/durango/tepehuanes/el-llano-de-santa-rosa
35620,El Tabardillo,Ranchería,Tepehuanes,Durango,,Rural,https://postali.app/mx/durango/tepehuanes/el-tabardillo
35620,La Concepción,Ranchería,Tepehuanes,Durango,,Rural,https://postali.app/mx/durango/tepehuanes/la-concepcion
35620,Los Espejos,Ranchería,Tepehuanes,Durango,,Rural,https://postali.app/mx/durango/tepehuanes/los-espejos
35620,San Antonio de la Sierra,Ranchería,Tepehuanes,Durango,,Rural,https://postali.app/mx/durango/tepehuanes/san-antonio-de-la-sierra
35620,San Isidro de las Calabazas (Las Calabazas),Ranchería,Tepehuanes,Durango,,Rural,https://postali.app/mx/durango/tepehuanes/san-isidro-de-las-calabazas-las-calabazas
35620,San Miguel de Lobos,Ranchería,Tepehuanes,Durango,,Rural,https://postali.app/mx/durango/tepehuanes/san-miguel-de-lobos
35620,Santa Cruz,Ranchería,Tepehuanes,Durango,,Rural,https://postali.app/mx/durango/tepehuanes/santa-cruz
35620,Santa Rosa,Ranchería,Tepehuanes,Durango,,Rural,https://postali.app/mx/durango/tepehuanes/santa-rosa
35623,El Negro (Cueva del Negro),Ranchería,Tepehuanes,Durango,,Rural,https://postali.app/mx/durango/tepehuanes/el-negro-cueva-del-negro
35623,Penitentes,Ranchería,Tepehuanes,Durango,,Rural,https://postali.app/mx/durango/tepehuanes/penitentes
35623,San Juan del Negro (San Juan),Ranchería,Tepehuanes,Durango,,Rural,https://postali.app/mx/durango/tepehuanes/san-juan-del-negro-san-juan
35624,El Potrero de Vizcarra,Ranchería,Tepehuanes,Durango,,Rural,https://postali.app/mx/durango/tepehuanes/el-potrero-de-vizcarra
35624,La Ciénega,Ranchería,Tepehuanes,Durango,,Rural,https://postali.app/mx/durango/tepehuanes/la-cienega
35624,La Guajolota,Ranchería,Tepehuanes,Durango,,Rural,https://postali.app/mx/durango/tepehuanes/la-guajolota
35624,La Joya de Porfirio,Ranchería,Tepehuanes,Durango,,Rural,https://postali.app/mx/durango/tepehuanes/la-joya-de-porfirio
35624,Palomas,Ranchería,Tepehuanes,Durango,,Rural,https://postali.app/mx/durango/tepehuanes/palomas
35624,Pie de la Cuesta,Ranchería,Tepehuanes,Durango,,Rural,https://postali.app/mx/durango/tepehuanes/pie-de-la-cuesta
35625,Chamacueros,Ranchería,Tepehuanes,Durango,,Rural,https://postali.app/mx/durango/tepehuanes/chamacueros
35625,Los Llanitos,Ranchería,Tepehuanes,Durango,,Rural,https://postali.app/mx/durango/tepehuanes/los-llanitos
35625,Mesa del Corral,Ranchería,Tepehuanes,Durango,,Rural,https://postali.app/mx/durango/tepehuanes/mesa-del-corral
35626,Bajío de Agua Nueva,Ranchería,Tepehuanes,Durango,,Rural,https://postali.app/mx/durango/tepehuanes/bajio-de-agua-nueva
35626,El Dorador (El Dorado),Ranchería,Tepehuanes,Durango,,Rural,https://postali.app/mx/durango/tepehuanes/el-dorador-el-dorado
35626,El Toro,Ranchería,Tepehuanes,Durango,,Rural,https://postali.app/mx/durango/tepehuanes/el-toro
35626,El Tule,Ranchería,Tepehuanes,Durango,,Rural,https://postali.app/mx/durango/tepehuanes/el-tule
35626,La Barranca,Ranchería,Tepehuanes,Durango,,Rural,https://postali.app/mx/durango/tepehuanes/la-barranca
35626,La Graniza,Ranchería,Tepehuanes,Durango,,Rural,https://postali.app/mx/durango/tepehuanes/la-graniza
35626,Las Cebollas,Ranchería,Tepehuanes,Durango,,Rural,https://postali.app/mx/durango/tepehuanes/las-cebollas
35626,Las Flores,Ejido,Tepehuanes,Durango,,Rural,https://postali.app/mx/durango/tepehuanes/las-flores
35626,Potrillos,Ranchería,Tepehuanes,Durango,,Rural,https://postali.app/mx/durango/tepehuanes/potrillos
35627,Chiqueros,Ranchería,Tepehuanes,Durango,,Rural,https://postali.app/mx/durango/tepehuanes/chiqueros
35627,Ciénega de los Frailes,Ranchería,Tepehuanes,Durango,,Rural,https://postali.app/mx/durango/tepehuanes/cienega-de-los-frailes
35627,El Arco,Ranchería,Tepehuanes,Durango,,Rural,https://postali.app/mx/durango/tepehuanes/el-arco
35627,El Gato,Ranchería,Tepehuanes,Durango,,Rural,https://postali.app/mx/durango/tepehuanes/el-gato
35627,El Ojito,Ranchería,Tepehuanes,Durango,,Rural,https://postali.app/mx/durango/tepehuanes/el-ojito
35627,La Tijera,Ranchería,Tepehuanes,Durango,,Rural,https://postali.app/mx/durango/tepehuanes/la-tijera-35627
35627,Tres Piedras,Ranchería,Tepehuanes,Durango,,Rural,https://postali.app/mx/durango/tepehuanes/tres-piedras
35630,Acapulco,Ranchería,Tepehuanes,Durango,,Rural,https://postali.app/mx/durango/tepehuanes/acapulco
35630,Alto de los Laureles,Ranchería,Tepehuanes,Durango,,Rural,https://postali.app/mx/durango/tepehuanes/alto-de-los-laureles
35630,Berlín,Ranchería,Tepehuanes,Durango,,Rural,https://postali.app/mx/durango/tepehuanes/berlin
35630,Capulín de Metates,Ranchería,Tepehuanes,Durango,,Rural,https://postali.app/mx/durango/tepehuanes/capulin-de-metates
35630,Cuevitas,Ranchería,Tepehuanes,Durango,,Rural,https://postali.app/mx/durango/tepehuanes/cuevitas
35630,El Arroyo,Rancho,Tepehuanes,Durango,,Rural,https://postali.app/mx/durango/tepehuanes/el-arroyo
35630,El Bajío,Ranchería,Tepehuanes,Durango,,Rural,https://postali.app/mx/durango/tepehuanes/el-bajio
35630,El Bajío de la Joya del Venado,Ranchería,Tepehuanes,Durango,,Rural,https://postali.app/mx/durango/tepehuanes/el-bajio-de-la-joya-del-venado
35630,El Bajío del Capitol,Ranchería,Tepehuanes,Durango,,Rural,https://postali.app/mx/durango/tepehuanes/el-bajio-del-capitol
35630,El Desmonte,Ranchería,Tepehuanes,Durango,,Rural,https://postali.app/mx/durango/tepehuanes/el-desmonte
35630,El Desmonte,Ranchería,Tepehuanes,Durango,,Rural,https://postali.app/mx/durango/tepehuanes/el-desmonte-35630
35630,El Oasis,Ranchería,Tepehuanes,Durango,,Rural,https://postali.app/mx/durango/tepehuanes/el-oasis
35630,El Oso,Ranchería,Tepehuanes,Durango,,Rural,https://postali.app/mx/durango/tepehuanes/el-oso
35630,La Ciénega de los Hernández,Ranchería,Tepehuanes,Durango,,Rural,https://postali.app/mx/durango/tepehuanes/la-cienega-de-los-hernandez
35630,La Cruz,Ranchería,Tepehuanes,Durango,,Rural,https://postali.app/mx/durango/tepehuanes/la-cruz
35630,La Cueva del Capulín,Ranchería,Tepehuanes,Durango,,Rural,https://postali.app/mx/durango/tepehuanes/la-cueva-del-capulin
35630,La Joya del Venado,Ranchería,Tepehuanes,Durango,,Rural,https://postali.app/mx/durango/tepehuanes/la-joya-del-venado
35630,La Loma,Ranchería,Tepehuanes,Durango,,Rural,https://postali.app/mx/durango/tepehuanes/la-loma
35630,La Mesa de los Gavilanes,Ranchería,Tepehuanes,Durango,,Rural,https://postali.app/mx/durango/tepehuanes/la-mesa-de-los-gavilanes
35630,La Mesa del Manzanillo,Ranchería,Tepehuanes,Durango,,Rural,https://postali.app/mx/durango/tepehuanes/la-mesa-del-manzanillo
35630,La Quebradita,Ranchería,Tepehuanes,Durango,,Rural,https://postali.app/mx/durango/tepehuanes/la-quebradita
35630,La Vinata,Ranchería,Tepehuanes,Durango,,Rural,https://postali.app/mx/durango/tepehuanes/la-vinata
35630,Las Cañadas,Ranchería,Tepehuanes,Durango,,Rural,https://postali.app/mx/durango/tepehuanes/las-canadas
35630,Los Amoles,Ranchería,Tepehuanes,Durango,,Rural,https://postali.app/mx/durango/tepehuanes/los-amoles
35630,Los Toriles,Ranchería,Tepehuanes,Durango,,Rural,https://postali.app/mx/durango/tepehuanes/los-toriles
35630,Metates (Metatitos),Ranchería,Tepehuanes,Durango,,Rural,https://postali.app/mx/durango/tepehuanes/metates-metatitos
35633,Altamira,Ranchería,Tepehuanes,Durango,,Rural,https://postali.app/mx/durango/tepehuanes/altamira
35633,Cordón de las Cucarachas (La Bufa),Ranchería,Tepehuanes,Durango,,Rural,https://postali.app/mx/durango/tepehuanes/cordon-de-las-cucarachas-la-bufa
35633,El Aguaje,Ranchería,Tepehuanes,Durango,,Rural,https://postali.app/mx/durango/tepehuanes/el-aguaje
35633,El Aguajito,Ranchería,Tepehuanes,Durango,,Rural,https://postali.app/mx/durango/tepehuanes/el-aguajito-35633
35633,El Arenal,Ranchería,Tepehuanes,Durango,,Rural,https://postali.app/mx/durango/tepehuanes/el-arenal
35633,El Calvario,Ranchería,Tepehuanes,Durango,,Rural,https://postali.app/mx/durango/tepehuanes/el-calvario
35633,El Cardón,Ranchería,Tepehuanes,Durango,,Rural,https://postali.app/mx/durango/tepehuanes/el-cardon
35633,El Carrizo,Ranchería,Tepehuanes,Durango,,Rural,https://postali.app/mx/durango/tepehuanes/el-carrizo
35633,El Guamúchil,Ranchería,Tepehuanes,Durango,,Rural,https://postali.app/mx/durango/tepehuanes/el-guamuchil
35633,El Metate,Ranchería,Tepehuanes,Durango,,Rural,https://postali.app/mx/durango/tepehuanes/el-metate
35633,El Mineral del Catorce,Ranchería,Tepehuanes,Durango,,Rural,https://postali.app/mx/durango/tepehuanes/el-mineral-del-catorce
35633,El Potrerito,Ranchería,Tepehuanes,Durango,,Rural,https://postali.app/mx/durango/tepehuanes/el-potrerito
35633,El Purgatorio,Ranchería,Tepehuanes,Durango,,Rural,https://postali.app/mx/durango/tepehuanes/el-purgatorio
35633,El Tazcatal,Ranchería,Tepehuanes,Durango,,Rural,https://postali.app/mx/durango/tepehuanes/el-tazcatal
35633,La Bufa,Ranchería,Tepehuanes,Durango,,Rural,https://postali.app/mx/durango/tepehuanes/la-bufa
35633,La Cueva,Ranchería,Tepehuanes,Durango,,Rural,https://postali.app/mx/durango/tepehuanes/la-cueva
35633,La Haciendita (Puerta de Oro),Ranchería,Tepehuanes,Durango,,Rural,https://postali.app/mx/durango/tepehuanes/la-haciendita-puerta-de-oro
35633,La Manga,Ranchería,Tepehuanes,Durango,,Rural,https://postali.app/mx/durango/tepehuanes/la-manga
35633,La Matanza,Ranchería,Tepehuanes,Durango,,Rural,https://postali.app/mx/durango/tepehuanes/la-matanza
35633,La Mesa de las Cruces,Ranchería,Tepehuanes,Durango,,Rural,https://postali.app/mx/durango/tepehuanes/la-mesa-de-las-cruces
35633,La Murayita,Ranchería,Tepehuanes,Durango,,Rural,https://postali.app/mx/durango/tepehuanes/la-murayita
35633,La Tableta,Ranchería,Tepehuanes,Durango,,Rural,https://postali.app/mx/durango/tepehuanes/la-tableta
35633,La Vinata,Ejido,Tepehuanes,Durango,,Rural,https://postali.app/mx/durango/tepehuanes/la-vinata-35633
35633,La Vinata,Ranchería,Tepehuanes,Durango,,Rural,https://postali.app/mx/durango/tepehuanes/la-vinata-35633-3123
35633,Las Cruces,Ranchería,Tepehuanes,Durango,,Rural,https://postali.app/mx/durango/tepehuanes/las-cruces
35633,Las Piedronas,Ranchería,Tepehuanes,Durango,,Rural,https://postali.app/mx/durango/tepehuanes/las-piedronas
35633,Mesa de las Tunas,Ranchería,Tepehuanes,Durango,,Rural,https://postali.app/mx/durango/tepehuanes/mesa-de-las-tunas
35633,Mesa de los Toros,Ranchería,Tepehuanes,Durango,,Rural,https://postali.app/mx/durango/tepehuanes/mesa-de-los-toros
35633,Piedras de Amolar,Ranchería,Tepehuanes,Durango,,Rural,https://postali.app/mx/durango/tepehuanes/piedras-de-amolar
35633,Quebrada Honda,Ranchería,Tepehuanes,Durango,,Rural,https://postali.app/mx/durango/tepehuanes/quebrada-honda
35633,San Gerónimo,Ranchería,Tepehuanes,Durango,,Rural,https://postali.app/mx/durango/tepehuanes/san-geronimo
35633,Santa Juana,Ranchería,Tepehuanes,Durango,,Rural,https://postali.app/mx/durango/tepehuanes/santa-juana
35633,Tabahueto el Alto,Ranchería,Tepehuanes,Durango,,Rural,https://postali.app/mx/durango/tepehuanes/tabahueto-el-alto
35634,El Arroyo Verde,Ranchería,Tepehuanes,Durango,,Rural,https://postali.app/mx/durango/tepehuanes/el-arroyo-verde
35634,El Puerto la Bola,Ranchería,Tepehuanes,Durango,,Rural,https://postali.app/mx/durango/tepehuanes/el-puerto-la-bola
35634,Frailecillos,Ranchería,Tepehuanes,Durango,,Rural,https://postali.app/mx/durango/tepehuanes/frailecillos
35634,La Tuza,Ranchería,Tepehuanes,Durango,,Rural,https://postali.app/mx/durango/tepehuanes/la-tuza
35635,Arroyo del Agua,Ranchería,Tepehuanes,Durango,,Rural,https://postali.app/mx/durango/tepehuanes/arroyo-del-agua
35635,Ciénega de Caballos,Ranchería,Tepehuanes,Durango,,Rural,https://postali.app/mx/durango/tepehuanes/cienega-de-caballos
35635,El Cercado,Ranchería,Tepehuanes,Durango,,Rural,https://postali.app/mx/durango/tepehuanes/el-cercado
35635,El Gato de Abajo,Ranchería,Tepehuanes,Durango,,Rural,https://postali.app/mx/durango/tepehuanes/el-gato-de-abajo
35635,El Gato de Arriba,Ranchería,Tepehuanes,Durango,,Rural,https://postali.app/mx/durango/tepehuanes/el-gato-de-arriba
35635,El Rincón de las Trojes,Ranchería,Tepehuanes,Durango,,Rural,https://postali.app/mx/durango/tepehuanes/el-rincon-de-las-trojes
35635,El Saucillal,Ranchería,Tepehuanes,Durango,,Rural,https://postali.app/mx/durango/tepehuanes/el-saucillal
35635,El Tarahumar,Ranchería,Tepehuanes,Durango,,Rural,https://postali.app/mx/durango/tepehuanes/el-tarahumar
35635,El Tarahumarito,Ranchería,Tepehuanes,Durango,,Rural,https://postali.app/mx/durango/tepehuanes/el-tarahumarito
35635,Joya de las Viudas,Ranchería,Tepehuanes,Durango,,Rural,https://postali.app/mx/durango/tepehuanes/joya-de-las-viudas
35635,La Atascosa,Ranchería,Tepehuanes,Durango,,Rural,https://postali.app/mx/durango/tepehuanes/la-atascosa
35635,La Boquilla,Ranchería,Tepehuanes,Durango,,Rural,https://postali.app/mx/durango/tepehuanes/la-boquilla
35635,La Cebadilla,Rancho,Tepehuanes,Durango,,Rural,https://postali.app/mx/durango/tepehuanes/la-cebadilla
35635,La Cebadilla,Ranchería,Tepehuanes,Durango,,Rural,https://postali.app/mx/durango/tepehuanes/la-cebadilla-35635
35635,La Culebra,Ranchería,Tepehuanes,Durango,,Rural,https://postali.app/mx/durango/tepehuanes/la-culebra
35635,La Escondida,Ranchería,Tepehuanes,Durango,,Rural,https://postali.app/mx/durango/tepehuanes/la-escondida
35635,La Joyita,Ranchería,Tepehuanes,Durango,,Rural,https://postali.app/mx/durango/tepehuanes/la-joyita
35635,La Loma del Pilar,Ranchería,Tepehuanes,Durango,,Rural,https://postali.app/mx/durango/tepehuanes/la-loma-del-pilar
35635,La Zorra,Ranchería,Tepehuanes,Durango,,Rural,https://postali.app/mx/durango/tepehuanes/la-zorra
35635,Las Brisas (Potrero de Abajo),Ranchería,Tepehuanes,Durango,,Rural,https://postali.app/mx/durango/tepehuanes/las-brisas-potrero-de-abajo
35635,Las Joyitas,Ranchería,Tepehuanes,Durango,,Rural,https://postali.app/mx/durango/tepehuanes/las-joyitas
35635,Los Bajíos,Ranchería,Tepehuanes,Durango,,Rural,https://postali.app/mx/durango/tepehuanes/los-bajios
35635,Los Coconos de Abajo,Ranchería,Tepehuanes,Durango,,Rural,https://postali.app/mx/durango/tepehuanes/los-coconos-de-abajo
35635,Los Coconos de Arriba (Rincón de los Coconos),Ranchería,Tepehuanes,Durango,,Rural,https://postali.app/mx/durango/tepehuanes/los-coconos-de-arriba-rincon-de-los-coconos
35635,Oaxaca,Ranchería,Tepehuanes,Durango,,Rural,https://postali.app/mx/durango/tepehuanes/oaxaca
35635,Potrerillos,Ranchería,Tepehuanes,Durango,,Rural,https://postali.app/mx/durango/tepehuanes/potrerillos
35635,Rancho de Pérez,Ranchería,Tepehuanes,Durango,,Rural,https://postali.app/mx/durango/tepehuanes/rancho-de-perez
35635,Rancho el Mocho de Arriba,Ranchería,Tepehuanes,Durango,,Rural,https://postali.app/mx/durango/tepehuanes/rancho-el-mocho-de-arriba
35635,Santa Cruz de la Estaca,Ranchería,Tepehuanes,Durango,,Rural,https://postali.app/mx/durango/tepehuanes/santa-cruz-de-la-estaca
35636,Bajío del Pinto,Ranchería,Tepehuanes,Durango,,Rural,https://postali.app/mx/durango/tepehuanes/bajio-del-pinto
35636,Cerros Pelones,Ranchería,Tepehuanes,Durango,,Rural,https://postali.app/mx/durango/tepehuanes/cerros-pelones
35636,Ciénega Prieta,Ranchería,Tepehuanes,Durango,,Rural,https://postali.app/mx/durango/tepehuanes/cienega-prieta
35636,El Conejo,Ranchería,Tepehuanes,Durango,,Rural,https://postali.app/mx/durango/tepehuanes/el-conejo
35636,El Gavilán,Ranchería,Tepehuanes,Durango,,Rural,https://postali.app/mx/durango/tepehuanes/el-gavilan
35636,El Saucillal,Ranchería,Tepehuanes,Durango,,Rural,https://postali.app/mx/durango/tepehuanes/el-saucillal-35636
35636,El Tule Dos,Ranchería,Tepehuanes,Durango,,Rural,https://postali.app/mx/durango/tepehuanes/el-tule-dos
35636,La Lagunita,Ranchería,Tepehuanes,Durango,,Rural,https://postali.app/mx/durango/tepehuanes/la-lagunita
35636,La Mesa Redondeada (El Tule Uno),Ranchería,Tepehuanes,Durango,,Rural,https://postali.app/mx/durango/tepehuanes/la-mesa-redondeada-el-tule-uno
35636,La Víbora,Ranchería,Tepehuanes,Durango,,Rural,https://postali.app/mx/durango/tepehuanes/la-vibora
35636,Lajas,Ranchería,Tepehuanes,Durango,,Rural,https://postali.app/mx/durango/tepehuanes/lajas
35636,Rancho de Enmedio,Ranchería,Tepehuanes,Durango,,Rural,https://postali.app/mx/durango/tepehuanes/rancho-de-enmedio
35636,San León,Ranchería,Tepehuanes,Durango,,Rural,https://postali.app/mx/durango/tepehuanes/san-leon
35637,Barajas,Ranchería,Tepehuanes,Durango,,Rural,https://postali.app/mx/durango/tepehuanes/barajas
35637,Canalitas,Ranchería,Tepehuanes,Durango,,Rural,https://postali.app/mx/durango/tepehuanes/canalitas
35637,El Alamillo,Ranchería,Tepehuanes,Durango,,Rural,https://postali.app/mx/durango/tepehuanes/el-alamillo-35637
35637,El Capulín de Barajas,Ranchería,Tepehuanes,Durango,,Rural,https://postali.app/mx/durango/tepehuanes/el-capulin-de-barajas
35637,El Indio de Abajo,Ranchería,Tepehuanes,Durango,,Rural,https://postali.app/mx/durango/tepehuanes/el-indio-de-abajo
35637,El Indio de Arriba,Ranchería,Tepehuanes,Durango,,Rural,https://postali.app/mx/durango/tepehuanes/el-indio-de-arriba
35637,El Puerto,Ranchería,Tepehuanes,Durango,,Rural,https://postali.app/mx/durango/tepehuanes/el-puerto
35637,El Ranchito de la Purísima,Ranchería,Tepehuanes,Durango,,Rural,https://postali.app/mx/durango/tepehuanes/el-ranchito-de-la-purisima
35637,Jabalines,Ranchería,Tepehuanes,Durango,,Rural,https://postali.app/mx/durango/tepehuanes/jabalines
35637,Joya de Canales,Ranchería,Tepehuanes,Durango,,Rural,https://postali.app/mx/durango/tepehuanes/joya-de-canales
35637,Joya de Flores,Ranchería,Tepehuanes,Durango,,Rural,https://postali.app/mx/durango/tepehuanes/joya-de-flores
35637,La Soledad de San Isidro (La Soledad),Ranchería,Tepehuanes,Durango,,Rural,https://postali.app/mx/durango/tepehuanes/la-soledad-de-san-isidro-la-soledad
35637,La Tableta,Ranchería,Tepehuanes,Durango,,Rural,https://postali.app/mx/durango/tepehuanes/la-tableta-35637
35637,La Tijera,Ranchería,Tepehuanes,Durango,,Rural,https://postali.app/mx/durango/tepehuanes/la-tijera-35637
35637,La Yesca,Ranchería,Tepehuanes,Durango,,Rural,https://postali.app/mx/durango/tepehuanes/la-yesca
35637,Las Cruces de Barajas,Ranchería,Tepehuanes,Durango,,Rural,https://postali.app/mx/durango/tepehuanes/las-cruces-de-barajas
35637,Las Cuevas,Ranchería,Tepehuanes,Durango,,Rural,https://postali.app/mx/durango/tepehuanes/las-cuevas
35637,Los Orcones,Ranchería,Tepehuanes,Durango,,Rural,https://postali.app/mx/durango/tepehuanes/los-orcones
35637,Mesa de Gavilanes,Ranchería,Tepehuanes,Durango,,Rural,https://postali.app/mx/durango/tepehuanes/mesa-de-gavilanes
35637,Puertecitos,Ranchería,Tepehuanes,Durango,,Rural,https://postali.app/mx/durango/tepehuanes/puertecitos
35637,Rancho Nuevo,Ranchería,Tepehuanes,Durango,,Rural,https://postali.app/mx/durango/tepehuanes/rancho-nuevo
35637,San Isidro,Ranchería,Tepehuanes,Durango,,Rural,https://postali.app/mx/durango/tepehuanes/san-isidro
35637,San Miguel,Ranchería,Tepehuanes,Durango,,Rural,https://postali.app/mx/durango/tepehuanes/san-miguel
35637,San Pablo,Ranchería,Tepehuanes,Durango,,Rural,https://postali.app/mx/durango/tepehuanes/san-pablo
35637,San Rafael,Ranchería,Tepehuanes,Durango,,Rural,https://postali.app/mx/durango/tepehuanes/san-rafael
35640,Ciénega Verde,Ranchería,Tepehuanes,Durango,,Rural,https://postali.app/mx/durango/tepehuanes/cienega-verde
35640,El Arquito de Enmedio,Ranchería,Tepehuanes,Durango,,Rural,https://postali.app/mx/durango/tepehuanes/el-arquito-de-enmedio
35640,El Capulín de Ojos Azules,Ranchería,Tepehuanes,Durango,,Rural,https://postali.app/mx/durango/tepehuanes/el-capulin-de-ojos-azules
35640,El Cebollín,Ranchería,Tepehuanes,Durango,,Rural,https://postali.app/mx/durango/tepehuanes/el-cebollin-35640
35640,El Columpio,Ranchería,Tepehuanes,Durango,,Rural,https://postali.app/mx/durango/tepehuanes/el-columpio
35640,El Gato,Ranchería,Tepehuanes,Durango,,Rural,https://postali.app/mx/durango/tepehuanes/el-gato-35640
35640,El Huacal,Ranchería,Tepehuanes,Durango,,Rural,https://postali.app/mx/durango/tepehuanes/el-huacal
35640,El Puerto (Puerta del Alambre),Ranchería,Tepehuanes,Durango,,Rural,https://postali.app/mx/durango/tepehuanes/el-puerto-puerta-del-alambre
35640,El Salitre,Ranchería,Tepehuanes,Durango,,Rural,https://postali.app/mx/durango/tepehuanes/el-salitre
35640,La Agua Caliente,Ranchería,Tepehuanes,Durango,,Rural,https://postali.app/mx/durango/tepehuanes/la-agua-caliente
35640,Las Cuevas (Las Cuevitas),Ranchería,Tepehuanes,Durango,,Rural,https://postali.app/mx/durango/tepehuanes/las-cuevas-las-cuevitas
35640,Los Lobitos,Ranchería,Tepehuanes,Durango,,Rural,https://postali.app/mx/durango/tepehuanes/los-lobitos
35640,Ojos Azules I,Ranchería,Tepehuanes,Durango,,Rural,https://postali.app/mx/durango/tepehuanes/ojos-azules-i
35640,Rancho Viejo,Ranchería,Tepehuanes,Durango,,Rural,https://postali.app/mx/durango/tepehuanes/rancho-viejo
35640,San Ignacio de la Sierra,Ranchería,Tepehuanes,Durango,,Rural,https://postali.app/mx/durango/tepehuanes/san-ignacio-de-la-sierra
35640,Talaberas,Ranchería,Tepehuanes,Durango,,Rural,https://postali.app/mx/durango/tepehuanes/talaberas
35643,Arroyo de la Culebra,Ranchería,Tepehuanes,Durango,,Rural,https://postali.app/mx/durango/tepehuanes/arroyo-de-la-culebra
35643,Bajío de Caballos,Ranchería,Tepehuanes,Durango,,Rural,https://postali.app/mx/durango/tepehuanes/bajio-de-caballos
35643,Cruz de Piedra,Ranchería,Tepehuanes,Durango,,Rural,https://postali.app/mx/durango/tepehuanes/cruz-de-piedra
35643,Cruz de Piedra,Ranchería,Tepehuanes,Durango,,Rural,https://postali.app/mx/durango/tepehuanes/cruz-de-piedra-35643
35643,El Bajío Largo,Ranchería,Tepehuanes,Durango,,Rural,https://postali.app/mx/durango/tepehuanes/el-bajio-largo
35643,El Cantarito,Ranchería,Tepehuanes,Durango,,Rural,https://postali.app/mx/durango/tepehuanes/el-cantarito
35643,El Cañón,Ranchería,Tepehuanes,Durango,,Rural,https://postali.app/mx/durango/tepehuanes/el-canon
35643,El Cercado de Santa Rosa,Ranchería,Tepehuanes,Durango,,Rural,https://postali.app/mx/durango/tepehuanes/el-cercado-de-santa-rosa
35643,El Cristal de Abajo,Ranchería,Tepehuanes,Durango,,Rural,https://postali.app/mx/durango/tepehuanes/el-cristal-de-abajo
35643,El Río de Potrillo,Ranchería,Tepehuanes,Durango,,Rural,https://postali.app/mx/durango/tepehuanes/el-rio-de-potrillo
35643,El Saucito de Santa Rosa,Ranchería,Tepehuanes,Durango,,Rural,https://postali.app/mx/durango/tepehuanes/el-saucito-de-santa-rosa
35643,El Taiste,Ranchería,Tepehuanes,Durango,,Rural,https://postali.app/mx/durango/tepehuanes/el-taiste
35643,Frailecillos,Ranchería,Tepehuanes,Durango,,Rural,https://postali.app/mx/durango/tepehuanes/frailecillos-35643
35643,Frailecillos de los Reyes,Ranchería,Tepehuanes,Durango,,Rural,https://postali.app/mx/durango/tepehuanes/frailecillos-de-los-reyes
35643,La Escondida,Ranchería,Tepehuanes,Durango,,Rural,https://postali.app/mx/durango/tepehuanes/la-escondida-35643
35643,La Espuela,Ranchería,Tepehuanes,Durango,,Rural,https://postali.app/mx/durango/tepehuanes/la-espuela
35643,La Joya de Chiqueros,Ranchería,Tepehuanes,Durango,,Rural,https://postali.app/mx/durango/tepehuanes/la-joya-de-chiqueros
35643,La Laja,Ranchería,Tepehuanes,Durango,,Rural,https://postali.app/mx/durango/tepehuanes/la-laja
35643,La Puerta,Ranchería,Tepehuanes,Durango,,Rural,https://postali.app/mx/durango/tepehuanes/la-puerta
35643,La Soledad,Ranchería,Tepehuanes,Durango,,Rural,https://postali.app/mx/durango/tepehuanes/la-soledad
35643,Los Desechos,Ranchería,Tepehuanes,Durango,,Rural,https://postali.app/mx/durango/tepehuanes/los-desechos
35643,Santa Rosa Dos,Ranchería,Tepehuanes,Durango,,Rural,https://postali.app/mx/durango/tepehuanes/santa-rosa-dos
35643,Santa Rosa Uno (Santa Rosa del Tarahumar),Ranchería,Tepehuanes,Durango,,Rural,https://postali.app/mx/durango/tepehuanes/santa-rosa-uno-santa-rosa-del-tarahumar
35643,Toro Quemado,Ranchería,Tepehuanes,Durango,,Rural,https://postali.app/mx/durango/tepehuanes/toro-quemado
35644,Arroyo del Bajío,Ranchería,Tepehuanes,Durango,,Rural,https://postali.app/mx/durango/tepehuanes/arroyo-del-bajio
35644,Bajío de León,Ranchería,Tepehuanes,Durango,,Rural,https://postali.app/mx/durango/tepehuanes/bajio-de-leon
35644,Buenos Aires,Ranchería,Tepehuanes,Durango,,Rural,https://postali.app/mx/durango/tepehuanes/buenos-aires-35644
35644,El Peñol,Ranchería,Tepehuanes,Durango,,Rural,https://postali.app/mx/durango/tepehuanes/el-penol
35644,El Puerto de la Pelea,Ranchería,Tepehuanes,Durango,,Rural,https://postali.app/mx/durango/tepehuanes/el-puerto-de-la-pelea
35644,El Saltito,Ranchería,Tepehuanes,Durango,,Rural,https://postali.app/mx/durango/tepehuanes/el-saltito
35644,El Saucillal,Ranchería,Tepehuanes,Durango,,Rural,https://postali.app/mx/durango/tepehuanes/el-saucillal-35644
35644,Encinos Largos,Ranchería,Tepehuanes,Durango,,Rural,https://postali.app/mx/durango/tepehuanes/encinos-largos
35644,Joya de Caballos,Ranchería,Tepehuanes,Durango,,Rural,https://postali.app/mx/durango/tepehuanes/joya-de-caballos
35644,La Huerta,Ranchería,Tepehuanes,Durango,,Rural,https://postali.app/mx/durango/tepehuanes/la-huerta
35644,Los Desmontes,Ranchería,Tepehuanes,Durango,,Rural,https://postali.app/mx/durango/tepehuanes/los-desmontes
35644,Ojos Azules II,Ranchería,Tepehuanes,Durango,,Rural,https://postali.app/mx/durango/tepehuanes/ojos-azules-ii
35644,Santa Rosa del Alto,Ranchería,Tepehuanes,Durango,,Rural,https://postali.app/mx/durango/tepehuanes/santa-rosa-del-alto
35644,Toribio,Ranchería,Tepehuanes,Durango,,Rural,https://postali.app/mx/durango/tepehuanes/toribio
35644,Yerbabuena,Ranchería,Tepehuanes,Durango,,Rural,https://postali.app/mx/durango/tepehuanes/yerbabuena
35645,Agostaderitos,Ranchería,Tepehuanes,Durango,,Rural,https://postali.app/mx/durango/tepehuanes/agostaderitos
35645,Ciénega de Escobar,Ranchería,Tepehuanes,Durango,,Rural,https://postali.app/mx/durango/tepehuanes/cienega-de-escobar
35645,El Paredón,Ranchería,Tepehuanes,Durango,,Rural,https://postali.app/mx/durango/tepehuanes/el-paredon
35645,El Saltillo,Ranchería,Tepehuanes,Durango,,Rural,https://postali.app/mx/durango/tepehuanes/el-saltillo
35645,La Escondida,Ranchería,Tepehuanes,Durango,,Rural,https://postali.app/mx/durango/tepehuanes/la-escondida-35645
35646,El Bajío de Ayala,Ranchería,Tepehuanes,Durango,,Rural,https://postali.app/mx/durango/tepehuanes/el-bajio-de-ayala
35646,La Joyita,Ranchería,Tepehuanes,Durango,,Rural,https://postali.app/mx/durango/tepehuanes/la-joyita-35646
35646,Laguna del Pitorreal,Ranchería,Tepehuanes,Durango,,Rural,https://postali.app/mx/durango/tepehuanes/laguna-del-pitorreal
35647,Bajíos de las Iglesias (Los Bajíos),Ranchería,Tepehuanes,Durango,,Rural,https://postali.app/mx/durango/tepehuanes/bajios-de-las-iglesias-los-bajios
35647,El Pitorreal,Ranchería,Tepehuanes,Durango,,Rural,https://postali.app/mx/durango/tepehuanes/el-pitorreal
35647,El Sauz,Ranchería,Tepehuanes,Durango,,Rural,https://postali.app/mx/durango/tepehuanes/el-sauz
35647,El Toro,Ranchería,Tepehuanes,Durango,,Rural,https://postali.app/mx/durango/tepehuanes/el-toro-35647
35647,La Calera,Ranchería,Tepehuanes,Durango,,Rural,https://postali.app/mx/durango/tepehuanes/la-calera
35647,La Concepción (Cercadito de Enmedio),Ranchería,Tepehuanes,Durango,,Rural,https://postali.app/mx/durango/tepehuanes/la-concepcion-cercadito-de-enmedio
35647,La Concepción de las Iglesias (El Pedregal),Ranchería,Tepehuanes,Durango,,Rural,https://postali.app/mx/durango/tepehuanes/la-concepcion-de-las-iglesias-el-pedregal
35647,La Mina,Ranchería,Tepehuanes,Durango,,Rural,https://postali.app/mx/durango/tepehuanes/la-mina
35647,La Presa,Ranchería,Tepehuanes,Durango,,Rural,https://postali.app/mx/durango/tepehuanes/la-presa
35647,Las Iglesias,Ranchería,Tepehuanes,Durango,,Rural,https://postali.app/mx/durango/tepehuanes/las-iglesias
35647,San Nicolás,Ranchería,Tepehuanes,Durango,,Rural,https://postali.app/mx/durango/tepehuanes/san-nicolas
35650,Jicorica,Ejido,El Oro,Durango,,Rural,https://postali.app/mx/durango/el-oro/jicorica
35650,La Cieneguita,Ranchería,El Oro,Durango,,Rural,https://postali.app/mx/durango/el-oro/la-cieneguita
35650,Sauces,Ejido,El Oro,Durango,,Rural,https://postali.app/mx/durango/el-oro/sauces
35654,Unión y Progreso (Las Iglesias),Ejido,El Oro,Durango,,Rural,https://postali.app/mx/durango/el-oro/union-y-progreso-las-iglesias
35656,Santa Rita de Casia,Ejido,El Oro,Durango,,Rural,https://postali.app/mx/durango/el-oro/santa-rita-de-casia
35657,Casas Blancas,Ranchería,El Oro,Durango,,Rural,https://postali.app/mx/durango/el-oro/casas-blancas
35660,Mojitome,Ranchería,El Oro,Durango,,Rural,https://postali.app/mx/durango/el-oro/mojitome
35660,San José de Barraza,Ranchería,El Oro,Durango,,Rural,https://postali.app/mx/durango/el-oro/san-jose-de-barraza
35663,San José de Ramos (Ramos),Ejido,El Oro,Durango,,Rural,https://postali.app/mx/durango/el-oro/san-jose-de-ramos-ramos
35664,Emiliano Martínez (Torres),Ejido,El Oro,Durango,,Rural,https://postali.app/mx/durango/el-oro/emiliano-martinez-torres
35664,La Galera,Ranchería,El Oro,Durango,,Rural,https://postali.app/mx/durango/el-oro/la-galera
35665,Campo Agrario (El Bronco),Ejido,El Oro,Durango,,Rural,https://postali.app/mx/durango/el-oro/campo-agrario-el-bronco
35665,Potrero de Campa,Pueblo,El Oro,Durango,,Rural,https://postali.app/mx/durango/el-oro/potrero-de-campa
35666,General Escobedo,Pueblo,El Oro,Durango,,Rural,https://postali.app/mx/durango/el-oro/general-escobedo
35666,San Carlos (El Ranchito),Ranchería,El Oro,Durango,,Rural,https://postali.app/mx/durango/el-oro/san-carlos-el-ranchito
35666,Santa Rosa,Ranchería,El Oro,Durango,,Rural,https://postali.app/mx/durango/el-oro/santa-rosa
35667,Guzmán y Hernández (La Noria),Ejido,El Oro,Durango,,Rural,https://postali.app/mx/durango/el-oro/guzman-y-hernandez-la-noria
35670,El Vergel,Ranchería,El Oro,Durango,,Rural,https://postali.app/mx/durango/el-oro/el-vergel
35670,General Hermenegildo Galeana (Galeana),Pueblo,El Oro,Durango,,Rural,https://postali.app/mx/durango/el-oro/general-hermenegildo-galeana-galeana
35673,General Mariano Matamoros,Pueblo,El Oro,Durango,,Rural,https://postali.app/mx/durango/el-oro/general-mariano-matamoros
35674,El Salto,Ranchería,El Oro,Durango,,Rural,https://postali.app/mx/durango/el-oro/el-salto
35674,Poblado de Peña (Peña),Ejido,El Oro,Durango,,Rural,https://postali.app/mx/durango/el-oro/poblado-de-pena-pena
35675,Ignacio Manuel Altamirano (El Picacho),Ejido,El Oro,Durango,,Rural,https://postali.app/mx/durango/el-oro/ignacio-manuel-altamirano-el-picacho
35676,General Ignacio Allende (Torrecitas),Ejido,El Oro,Durango,,Rural,https://postali.app/mx/durango/el-oro/general-ignacio-allende-torrecitas
35676,Mineral de Santa Cruz,Zona federal,El Oro,Durango,,Rural,https://postali.app/mx/durango/el-oro/mineral-de-santa-cruz
35676,Primero de Mayo (El Quemado),Ejido,El Oro,Durango,,Rural,https://postali.app/mx/durango/el-oro/primero-de-mayo-el-quemado
35677,José María Morelos y Pavón (La Bajada),Ejido,El Oro,Durango,,Rural,https://postali.app/mx/durango/el-oro/jose-maria-morelos-y-pavon-la-bajada
35677,Las Tahúnas,Ejido,El Oro,Durango,,Rural,https://postali.app/mx/durango/el-oro/las-tahunas
35677,Pedro Celestino Negrete,Pueblo,El Oro,Durango,,Rural,https://postali.app/mx/durango/el-oro/pedro-celestino-negrete
35677,San Isidro de Morillos (Morillos),Ejido,El Oro,Durango,,Rural,https://postali.app/mx/durango/el-oro/san-isidro-de-morillos-morillos
35677,Santa Lucía,Ejido,El Oro,Durango,,Rural,https://postali.app/mx/durango/el-oro/santa-lucia
35680,Bellavista,Ejido,El Oro,Durango,,Rural,https://postali.app/mx/durango/el-oro/bellavista
35680,Boquilla Colorada,Ranchería,El Oro,Durango,,Rural,https://postali.app/mx/durango/el-oro/boquilla-colorada
35680,Cazuelas,Ranchería,El Oro,Durango,,Rural,https://postali.app/mx/durango/el-oro/cazuelas
35680,La Granja,Ejido,El Oro,Durango,,Rural,https://postali.app/mx/durango/el-oro/la-granja
35680,Las Drogas,Ranchería,El Oro,Durango,,Rural,https://postali.app/mx/durango/el-oro/las-drogas
35680,Magistral del Oro (Magistral),Ejido,El Oro,Durango,,Rural,https://postali.app/mx/durango/el-oro/magistral-del-oro-magistral
35680,Sauces de Abajo,Ranchería,El Oro,Durango,,Rural,https://postali.app/mx/durango/el-oro/sauces-de-abajo
35680,Sauces de Cardona,Ejido,El Oro,Durango,,Rural,https://postali.app/mx/durango/el-oro/sauces-de-cardona
35683,Jesús María,Colonia,El Oro,Durango,,Rural,https://postali.app/mx/durango/el-oro/jesus-maria
35683,La Parrita,Colonia,El Oro,Durango,,Rural,https://postali.app/mx/durango/el-oro/la-parrita
35683,La Presa,Ranchería,El Oro,Durango,,Rural,https://postali.app/mx/durango/el-oro/la-presa
35683,La Reforma,Ranchería,El Oro,Durango,,Rural,https://postali.app/mx/durango/el-oro/la-reforma
35683,Portales,Ranchería,El Oro,Durango,,Rural,https://postali.app/mx/durango/el-oro/portales
35683,San Antonio de la Ciénega,Ranchería,El Oro,Durango,,Rural,https://postali.app/mx/durango/el-oro/san-antonio-de-la-cienega
35683,San Miguel de Berros,Ranchería,El Oro,Durango,,Rural,https://postali.app/mx/durango/el-oro/san-miguel-de-berros
35684,El Tanque,Ejido,El Oro,Durango,,Rural,https://postali.app/mx/durango/el-oro/el-tanque
35684,Paso de Álamos,Ranchería,El Oro,Durango,,Rural,https://postali.app/mx/durango/el-oro/paso-de-alamos
35684,San Javier,Ranchería,El Oro,Durango,,Rural,https://postali.app/mx/durango/el-oro/san-javier
35684,San Vicente,Ranchería,El Oro,Durango,,Rural,https://postali.app/mx/durango/el-oro/san-vicente
35684,Santa Gertrudis (Tules),Ranchería,El Oro,Durango,,Rural,https://postali.app/mx/durango/el-oro/santa-gertrudis-tules
35685,La Posta del Vergel,Ranchería,El Oro,Durango,,Rural,https://postali.app/mx/durango/el-oro/la-posta-del-vergel
35685,La Tinaja de Bartolo,Ranchería,El Oro,Durango,,Rural,https://postali.app/mx/durango/el-oro/la-tinaja-de-bartolo
35685,La Vara de San Juan (La Vara),Ejido,El Oro,Durango,,Rural,https://postali.app/mx/durango/el-oro/la-vara-de-san-juan-la-vara
35686,El Agostadero,Ranchería,El Oro,Durango,,Rural,https://postali.app/mx/durango/el-oro/el-agostadero
35686,La Bellota,Ranchería,El Oro,Durango,,Rural,https://postali.app/mx/durango/el-oro/la-bellota
35686,La Palma,Ranchería,El Oro,Durango,,Rural,https://postali.app/mx/durango/el-oro/la-palma
35686,Los Potreros,Ejido,El Oro,Durango,,Rural,https://postali.app/mx/durango/el-oro/los-potreros
35686,Nogales,Ranchería,El Oro,Durango,,Rural,https://postali.app/mx/durango/el-oro/nogales
35686,San José del Panal (San José),Ranchería,El Oro,Durango,,Rural,https://postali.app/mx/durango/el-oro/san-jose-del-panal-san-jose
35687,Bailón los Díaz (Bailón de Arriba),Ranchería,El Oro,Durango,,Rural,https://postali.app/mx/durango/el-oro/bailon-los-diaz-bailon-de-arriba
35687,Bailón los Monárrez,Ranchería,El Oro,Durango,,Rural,https://postali.app/mx/durango/el-oro/bailon-los-monarrez
35687,La Cofradía,Ranchería,El Oro,Durango,,Rural,https://postali.app/mx/durango/el-oro/la-cofradia
35687,Santa Cruz de Arriba,Ranchería,El Oro,Durango,,Rural,https://postali.app/mx/durango/el-oro/santa-cruz-de-arriba
35687,Santa Cruz de Tepehuanes (El Pueblo Chilero),Ranchería,El Oro,Durango,,Rural,https://postali.app/mx/durango/el-oro/santa-cruz-de-tepehuanes-el-pueblo-chilero
35690,Santa María del Oro Centro,Colonia,El Oro,Durango,Santa María del Oro,Urbano,https://postali.app/mx/durango/el-oro/santa-maria-del-oro-centro
35693,El Calvario,Barrio,El Oro,Durango,Santa María del Oro,Urbano,https://postali.app/mx/durango/el-oro/el-calvario
35693,Ojo de Agua,Barrio,El Oro,Durango,Santa María del Oro,Rural,https://postali.app/mx/durango/el-oro/ojo-de-agua
35693,San Rafael,Colonia,El Oro,Durango,Santa María del Oro,Rural,https://postali.app/mx/durango/el-oro/san-rafael
35693,Tierra Blanca,Barrio,El Oro,Durango,Santa María del Oro,Rural,https://postali.app/mx/durango/el-oro/tierra-blanca
35694,Cerro de La Merced,Colonia,El Oro,Durango,Santa María del Oro,Rural,https://postali.app/mx/durango/el-oro/cerro-de-la-merced
35695,Alameda,Barrio,El Oro,Durango,Santa María del Oro,Rural,https://postali.app/mx/durango/el-oro/alameda
35695,Alamito,Colonia,El Oro,Durango,Santa María del Oro,Rural,https://postali.app/mx/durango/el-oro/alamito
35695,El Mirador,Barrio,El Oro,Durango,Santa María del Oro,Rural,https://postali.app/mx/durango/el-oro/el-mirador
35695,FENOC,Colonia,El Oro,Durango,Santa María del Oro,Rural,https://postali.app/mx/durango/el-oro/fenoc
35696,Buenavista,Barrio,El Oro,Durango,Santa María del Oro,Rural,https://postali.app/mx/durango/el-oro/buenavista
35696,Jalisco,Barrio,El Oro,Durango,Santa María del Oro,Rural,https://postali.app/mx/durango/el-oro/jalisco
35696,Real del Oro,Colonia,El Oro,Durango,Santa María del Oro,Urbano,https://postali.app/mx/durango/el-oro/real-del-oro
35697,Bosques de la Sierra,Colonia,El Oro,Durango,Santa María del Oro,Urbano,https://postali.app/mx/durango/el-oro/bosques-de-la-sierra
35697,Del Llano,Barrio,El Oro,Durango,Santa María del Oro,Rural,https://postali.app/mx/durango/el-oro/del-llano
35697,El Dorado,Colonia,El Oro,Durango,Santa María del Oro,Rural,https://postali.app/mx/durango/el-oro/el-dorado
35697,La Ermita,Colonia,El Oro,Durango,Santa María del Oro,Rural,https://postali.app/mx/durango/el-oro/la-ermita
35697,Magisterial,Colonia,El Oro,Durango,Santa María del Oro,Rural,https://postali.app/mx/durango/el-oro/magisterial
35697,Puerto Pinto,Colonia,El Oro,Durango,Santa María del Oro,Urbano,https://postali.app/mx/durango/el-oro/puerto-pinto
35697,Regio Gas Lerdo,Equipamiento,El Oro,Durango,,Urbano,https://postali.app/mx/durango/el-oro/regio-gas-lerdo
35697,Villa Jardín,Colonia,El Oro,Durango,Santa María del Oro,Urbano,https://postali.app/mx/durango/el-oro/villa-jardin
35698,La Compuerta,Barrio,El Oro,Durango,Santa María del Oro,Rural,https://postali.app/mx/durango/el-oro/la-compuerta
35698,Valle Verde,Fraccionamiento,El Oro,Durango,,Urbano,https://postali.app/mx/durango/el-oro/valle-verde
35700,Nazas Centro,Colonia,Nazas,Durango,,Urbano,https://postali.app/mx/durango/nazas/nazas-centro
35703,De Abajo,Colonia,Nazas,Durango,,Urbano,https://postali.app/mx/durango/nazas/de-abajo
35704,Aeropuerto,Colonia,Nazas,Durango,,Urbano,https://postali.app/mx/durango/nazas/aeropuerto
35704,Lomas Verdes,Colonia,Nazas,Durango,,Urbano,https://postali.app/mx/durango/nazas/lomas-verdes
35704,San Isidro,Colonia,Nazas,Durango,,Urbano,https://postali.app/mx/durango/nazas/san-isidro
35705,Carlos Salinas de Gortari,Colonia,Nazas,Durango,,Urbano,https://postali.app/mx/durango/nazas/carlos-salinas-de-gortari
35705,Cerro de la Cruz,Colonia,Nazas,Durango,,Urbano,https://postali.app/mx/durango/nazas/cerro-de-la-cruz
35705,El Tigre,Colonia,Nazas,Durango,,Urbano,https://postali.app/mx/durango/nazas/el-tigre
35705,Valle Verde,Colonia,Nazas,Durango,,Urbano,https://postali.app/mx/durango/nazas/valle-verde
35706,20 de Noviembre,Colonia,Nazas,Durango,,Urbano,https://postali.app/mx/durango/nazas/20-de-noviembre
35706,I,Colonia,Nazas,Durango,,Urbano,https://postali.app/mx/durango/nazas/i
35706,II,Colonia,Nazas,Durango,,Urbano,https://postali.app/mx/durango/nazas/ii
35706,La Esperanza,Colonia,Nazas,Durango,,Urbano,https://postali.app/mx/durango/nazas/la-esperanza
35706,Vicente Guerrero,Colonia,Nazas,Durango,,Urbano,https://postali.app/mx/durango/nazas/vicente-guerrero
35707,Independencia,Colonia,Nazas,Durango,,Urbano,https://postali.app/mx/durango/nazas/independencia
35707,José María Morelos,Colonia,Nazas,Durango,,Urbano,https://postali.app/mx/durango/nazas/jose-maria-morelos
35707,Morelos,Colonia,Nazas,Durango,,Urbano,https://postali.app/mx/durango/nazas/morelos
35710,Agustín Melgar,Pueblo,Nazas,Durango,,Rural,https://postali.app/mx/durango/nazas/agustin-melgar
35710,Bunny [Propiedad Privada],Ranchería,Nazas,Durango,,Rural,https://postali.app/mx/durango/nazas/bunny-propiedad-privada
35710,El Ranchito,Ranchería,Nazas,Durango,,Rural,https://postali.app/mx/durango/nazas/el-ranchito
35710,Granja la Mine (La Nogalera) [Propiedad Privada],Ranchería,Nazas,Durango,,Rural,https://postali.app/mx/durango/nazas/granja-la-mine-la-nogalera-propiedad-privada
35710,La Cuesta,Ranchería,Nazas,Durango,,Rural,https://postali.app/mx/durango/nazas/la-cuesta
35710,La Flor,Ejido,Nazas,Durango,,Rural,https://postali.app/mx/durango/nazas/la-flor
35710,Río Nazas [Granja],Granja,Nazas,Durango,,Rural,https://postali.app/mx/durango/nazas/rio-nazas-granja
35710,San Miguel de la Luz,Ranchería,Nazas,Durango,,Rural,https://postali.app/mx/durango/nazas/san-miguel-de-la-luz
35710,Santa Bárbara,Ranchería,Nazas,Durango,,Rural,https://postali.app/mx/durango/nazas/santa-barbara
35710,Veinticinco de Diciembre,Ranchería,Nazas,Durango,,Rural,https://postali.app/mx/durango/nazas/veinticinco-de-diciembre
35713,Altamira,Ejido,Nazas,Durango,,Rural,https://postali.app/mx/durango/nazas/altamira
35713,El Alto,Ejido,Nazas,Durango,,Rural,https://postali.app/mx/durango/nazas/el-alto
35713,El Capricho,Ejido,Nazas,Durango,,Rural,https://postali.app/mx/durango/nazas/el-capricho
35713,Emilio Carranza,Pueblo,Nazas,Durango,,Rural,https://postali.app/mx/durango/nazas/emilio-carranza
35713,Florita Nacional,Ranchería,Nazas,Durango,,Rural,https://postali.app/mx/durango/nazas/florita-nacional
35713,La Sauceda,Ranchería,Nazas,Durango,,Rural,https://postali.app/mx/durango/nazas/la-sauceda
35713,Los Cerritos (Las Cotorras),Ranchería,Nazas,Durango,,Rural,https://postali.app/mx/durango/nazas/los-cerritos-las-cotorras
35713,Nogalera Piolín,Ranchería,Nazas,Durango,,Rural,https://postali.app/mx/durango/nazas/nogalera-piolin
35713,Paso Nacional,Pueblo,Nazas,Durango,,Rural,https://postali.app/mx/durango/nazas/paso-nacional
35713,Santa Teresa de la Uña,Ranchería,Nazas,Durango,,Rural,https://postali.app/mx/durango/nazas/santa-teresa-de-la-una
35720,José Guadalupe Rodríguez,Ranchería,Nazas,Durango,,Rural,https://postali.app/mx/durango/nazas/jose-guadalupe-rodriguez
35720,Las Adjuntas,Ejido,Nazas,Durango,,Rural,https://postali.app/mx/durango/nazas/las-adjuntas
35720,Las Coloradas (Las Cuevas),Ranchería,Nazas,Durango,,Rural,https://postali.app/mx/durango/nazas/las-coloradas-las-cuevas
35720,Las Trojas,Ranchería,Nazas,Durango,,Rural,https://postali.app/mx/durango/nazas/las-trojas
35720,San José del Pajarito (Pajarito),Ranchería,Nazas,Durango,,Rural,https://postali.app/mx/durango/nazas/san-jose-del-pajarito-pajarito
35723,La Jarita,Ejido,Nazas,Durango,,Rural,https://postali.app/mx/durango/nazas/la-jarita
35723,Mezquitalillo (Salitreras),Ejido,Nazas,Durango,,Rural,https://postali.app/mx/durango/nazas/mezquitalillo-salitreras
35724,El Realito de Mezquitalillo,Ejido,Nazas,Durango,,Rural,https://postali.app/mx/durango/nazas/el-realito-de-mezquitalillo
35724,Eufemio Zapata,Ejido,Nazas,Durango,,Rural,https://postali.app/mx/durango/nazas/eufemio-zapata
35724,Morteros,Ejido,Nazas,Durango,,Rural,https://postali.app/mx/durango/nazas/morteros
35726,Benito Juárez,Ejido,Nazas,Durango,,Rural,https://postali.app/mx/durango/nazas/benito-juarez
35727,Diez de Abril,Pueblo,Nazas,Durango,,Rural,https://postali.app/mx/durango/nazas/diez-de-abril
35727,La Pequeña,Ranchería,Nazas,Durango,,Rural,https://postali.app/mx/durango/nazas/la-pequena
35730,Dolores Hidalgo,Pueblo,Nazas,Durango,,Rural,https://postali.app/mx/durango/nazas/dolores-hidalgo
35730,El Gatal (Cárcamo),Ejido,Nazas,Durango,,Rural,https://postali.app/mx/durango/nazas/el-gatal-carcamo
35730,La Loma Blanca,Ejido,Nazas,Durango,,Rural,https://postali.app/mx/durango/nazas/la-loma-blanca
35730,La Noria del 25,Ranchería,Nazas,Durango,,Rural,https://postali.app/mx/durango/nazas/la-noria-del-25
35730,La Perla,Ranchería,Nazas,Durango,,Rural,https://postali.app/mx/durango/nazas/la-perla
35730,La Rinconada,Ranchería,Nazas,Durango,,Rural,https://postali.app/mx/durango/nazas/la-rinconada
35733,Cristóbal Colón,Ranchería,Nazas,Durango,,Rural,https://postali.app/mx/durango/nazas/cristobal-colon
35733,La Cabra,Ejido,Nazas,Durango,,Rural,https://postali.app/mx/durango/nazas/la-cabra
35733,La Cabra (La Viejita),Ejido,Nazas,Durango,,Rural,https://postali.app/mx/durango/nazas/la-cabra-la-viejita
35737,Buenos Aires,Ranchería,Nazas,Durango,,Rural,https://postali.app/mx/durango/nazas/buenos-aires
35737,General Lázaro Cárdenas (Pueblo Nuevo),Pueblo,Nazas,Durango,,Rural,https://postali.app/mx/durango/nazas/general-lazaro-cardenas-pueblo-nuevo
35737,La Curva,Ranchería,Nazas,Durango,,Rural,https://postali.app/mx/durango/nazas/la-curva
35737,Palestina [Granja],Granja,Nazas,Durango,,Rural,https://postali.app/mx/durango/nazas/palestina-granja
35737,Rancho Grande,Ranchería,Nazas,Durango,,Rural,https://postali.app/mx/durango/nazas/rancho-grande
35737,San Pedro del Tongo,Ejido,Nazas,Durango,,Rural,https://postali.app/mx/durango/nazas/san-pedro-del-tongo
35740,San Luis del Cordero,Pueblo,San Luis del Cordero,Durango,,Rural,https://postali.app/mx/durango/san-luis-del-cordero/san-luis-del-cordero
35744,El Duraznito,Ranchería,San Luis del Cordero,Durango,,Rural,https://postali.app/mx/durango/san-luis-del-cordero/el-duraznito
35745,San Isidro,Ranchería,San Luis del Cordero,Durango,,Rural,https://postali.app/mx/durango/san-luis-del-cordero/san-isidro
35746,La Nueva Concepción (La Concha),Ranchería,San Luis del Cordero,Durango,,Rural,https://postali.app/mx/durango/san-luis-del-cordero/la-nueva-concepcion-la-concha
35750,La Purísima (El Charco),Ranchería,San Luis del Cordero,Durango,,Rural,https://postali.app/mx/durango/san-luis-del-cordero/la-purisima-el-charco
35750,San Elías (Buenavista),Ranchería,San Luis del Cordero,Durango,,Rural,https://postali.app/mx/durango/san-luis-del-cordero/san-elias-buenavista
35750,San Juan de las Boquillas,Ranchería,San Luis del Cordero,Durango,,Rural,https://postali.app/mx/durango/san-luis-del-cordero/san-juan-de-las-boquillas
35753,San José del Refugio (El Colorado),Ranchería,San Luis del Cordero,Durango,,Rural,https://postali.app/mx/durango/san-luis-del-cordero/san-jose-del-refugio-el-colorado
35754,El Árabe,Ranchería,San Luis del Cordero,Durango,,Rural,https://postali.app/mx/durango/san-luis-del-cordero/el-arabe
35754,Las Cuevas,Ranchería,San Luis del Cordero,Durango,,Rural,https://postali.app/mx/durango/san-luis-del-cordero/las-cuevas
35754,Tepalcateño,Ranchería,San Luis del Cordero,Durango,,Rural,https://postali.app/mx/durango/san-luis-del-cordero/tepalcateno
35756,Encinillas de Abajo (Encinillas),Ranchería,San Luis del Cordero,Durango,,Rural,https://postali.app/mx/durango/san-luis-del-cordero/encinillas-de-abajo-encinillas
35756,Encinillas de Arriba (El Papalote),Ranchería,San Luis del Cordero,Durango,,Rural,https://postali.app/mx/durango/san-luis-del-cordero/encinillas-de-arriba-el-papalote
35760,2 de Agosto,Colonia,Rodeo,Durango,,Urbano,https://postali.app/mx/durango/rodeo/2-de-agosto
35760,C.B.T.A,Colonia,Rodeo,Durango,,Urbano,https://postali.app/mx/durango/rodeo/c-b-t-a
35760,Chonteco,Colonia,Rodeo,Durango,,Rural,https://postali.app/mx/durango/rodeo/chonteco
35760,ETA,Colonia,Rodeo,Durango,,Rural,https://postali.app/mx/durango/rodeo/eta
35760,ETA 2,Colonia,Rodeo,Durango,,Urbano,https://postali.app/mx/durango/rodeo/eta-2
35760,Hierbabuena,Fraccionamiento,Rodeo,Durango,,Rural,https://postali.app/mx/durango/rodeo/hierbabuena
35760,Industrial,Colonia,Rodeo,Durango,,Urbano,https://postali.app/mx/durango/rodeo/industrial
35760,Lomas del Bosque,Colonia,Rodeo,Durango,,Urbano,https://postali.app/mx/durango/rodeo/lomas-del-bosque
35760,Nueva Italia,Colonia,Rodeo,Durango,,Rural,https://postali.app/mx/durango/rodeo/nueva-italia
35760,Rodeo Centro,Colonia,Rodeo,Durango,,Urbano,https://postali.app/mx/durango/rodeo/rodeo-centro
35760,Rodrigo Medrano,Colonia,Rodeo,Durango,,Urbano,https://postali.app/mx/durango/rodeo/rodrigo-medrano
35763,Francisco Márquez,Ejido,Rodeo,Durango,,Rural,https://postali.app/mx/durango/rodeo/francisco-marquez
35763,Héroes de México (La Angostura),Ejido,Rodeo,Durango,,Rural,https://postali.app/mx/durango/rodeo/heroes-de-mexico-la-angostura
35763,San José de la Rosa (Pelillos),Ejido,Rodeo,Durango,,Rural,https://postali.app/mx/durango/rodeo/san-jose-de-la-rosa-pelillos
35764,Barrio de Guadalupe,Colonia,Rodeo,Durango,,Rural,https://postali.app/mx/durango/rodeo/barrio-de-guadalupe
35764,El Parían,Ejido,Rodeo,Durango,,Rural,https://postali.app/mx/durango/rodeo/el-parian
35764,Gatas Mochas,Ejido,Rodeo,Durango,,Rural,https://postali.app/mx/durango/rodeo/gatas-mochas
35764,La Peña,Ejido,Rodeo,Durango,,Rural,https://postali.app/mx/durango/rodeo/la-pena
35764,Los Ángeles (Tierra Prieta),Ejido,Rodeo,Durango,,Rural,https://postali.app/mx/durango/rodeo/los-angeles-tierra-prieta
35764,Ojo de Agua,Ejido,Rodeo,Durango,,Rural,https://postali.app/mx/durango/rodeo/ojo-de-agua
35764,Tierra Blanca,Ejido,Rodeo,Durango,,Rural,https://postali.app/mx/durango/rodeo/tierra-blanca
35764,Unión y Progreso (El Tejaban),Ejido,Rodeo,Durango,,Rural,https://postali.app/mx/durango/rodeo/union-y-progreso-el-tejaban
35765,La Escondida,Ejido,Rodeo,Durango,,Rural,https://postali.app/mx/durango/rodeo/la-escondida
35765,La Gotera,Ejido,Rodeo,Durango,,Rural,https://postali.app/mx/durango/rodeo/la-gotera
35765,San Pedro,Ejido,Rodeo,Durango,,Rural,https://postali.app/mx/durango/rodeo/san-pedro
35766,El Realito,Ejido,Rodeo,Durango,,Rural,https://postali.app/mx/durango/rodeo/el-realito
35766,La Agüita,Ejido,Rodeo,Durango,,Rural,https://postali.app/mx/durango/rodeo/la-aguita
35766,Los Tepetates,Ejido,Rodeo,Durango,,Rural,https://postali.app/mx/durango/rodeo/los-tepetates
35766,Samaniego,Ejido,Rodeo,Durango,,Rural,https://postali.app/mx/durango/rodeo/samaniego
35766,Yerbabuena,Ejido,Rodeo,Durango,,Rural,https://postali.app/mx/durango/rodeo/yerbabuena
35767,San Pedro y Anexos (El Salto),Ejido,Rodeo,Durango,,Rural,https://postali.app/mx/durango/rodeo/san-pedro-y-anexos-el-salto
35770,Los Ladrillos,Ejido,Rodeo,Durango,,Rural,https://postali.app/mx/durango/rodeo/los-ladrillos
35770,Niños Héroes (San Rafael),Ejido,Rodeo,Durango,,Rural,https://postali.app/mx/durango/rodeo/ninos-heroes-san-rafael
35770,San Salvador de Horta,Ejido,Rodeo,Durango,,Rural,https://postali.app/mx/durango/rodeo/san-salvador-de-horta
35770,Santa Bárbara,Ejido,Rodeo,Durango,,Rural,https://postali.app/mx/durango/rodeo/santa-barbara
35773,Corral de Palos,Ejido,Rodeo,Durango,,Rural,https://postali.app/mx/durango/rodeo/corral-de-palos
35774,Abasolo,Pueblo,Rodeo,Durango,,Rural,https://postali.app/mx/durango/rodeo/abasolo
35774,Bellavista (Los Fresnos),Ejido,Rodeo,Durango,,Rural,https://postali.app/mx/durango/rodeo/bellavista-los-fresnos
35774,La Esperanza,Ejido,Rodeo,Durango,,Rural,https://postali.app/mx/durango/rodeo/la-esperanza
35775,Alamillo Galeana,Ejido,Rodeo,Durango,,Rural,https://postali.app/mx/durango/rodeo/alamillo-galeana
35775,Jesús González Ortega,Ejido,Rodeo,Durango,,Rural,https://postali.app/mx/durango/rodeo/jesus-gonzalez-ortega
35775,La Trinidad,Ejido,Rodeo,Durango,,Rural,https://postali.app/mx/durango/rodeo/la-trinidad
35775,Labor de Guadalupe,Ejido,Rodeo,Durango,,Rural,https://postali.app/mx/durango/rodeo/labor-de-guadalupe
35776,División del Norte (Las Playas),Ejido,Rodeo,Durango,,Rural,https://postali.app/mx/durango/rodeo/division-del-norte-las-playas
35780,El Pájaro,Ejido,Rodeo,Durango,,Rural,https://postali.app/mx/durango/rodeo/el-pajaro
35780,Francisco Zarco (Tatantón),Ejido,Rodeo,Durango,,Rural,https://postali.app/mx/durango/rodeo/francisco-zarco-tatanton
35780,Huichapa,Ejido,Rodeo,Durango,,Rural,https://postali.app/mx/durango/rodeo/huichapa
35780,Santa Isabel del Resbalón,Ejido,Rodeo,Durango,,Rural,https://postali.app/mx/durango/rodeo/santa-isabel-del-resbalon
35780,Valle Nacional (El Banco),Ejido,Rodeo,Durango,,Rural,https://postali.app/mx/durango/rodeo/valle-nacional-el-banco
35783,Baltazar,Ejido,Rodeo,Durango,,Rural,https://postali.app/mx/durango/rodeo/baltazar
35783,La Cieneguita,Ejido,Rodeo,Durango,,Rural,https://postali.app/mx/durango/rodeo/la-cieneguita
35784,Arroyo de Coneto,Ejido,Rodeo,Durango,,Rural,https://postali.app/mx/durango/rodeo/arroyo-de-coneto
35784,Hidalgo de San Antonio,Pueblo,Rodeo,Durango,,Rural,https://postali.app/mx/durango/rodeo/hidalgo-de-san-antonio
35784,Higueras,Ejido,Rodeo,Durango,,Rural,https://postali.app/mx/durango/rodeo/higueras
35784,Linares del Río,Pueblo,Rodeo,Durango,,Rural,https://postali.app/mx/durango/rodeo/linares-del-rio
35785,Las Ánimas,Ejido,Rodeo,Durango,,Rural,https://postali.app/mx/durango/rodeo/las-animas
35786,Buenavista,Ejido,Rodeo,Durango,,Rural,https://postali.app/mx/durango/rodeo/buenavista
35786,El Tronconal,Ejido,Rodeo,Durango,,Rural,https://postali.app/mx/durango/rodeo/el-tronconal
35786,Los Amoles,Ejido,Rodeo,Durango,,Rural,https://postali.app/mx/durango/rodeo/los-amoles
35786,San Rafael de Amoles,Ejido,Rodeo,Durango,,Rural,https://postali.app/mx/durango/rodeo/san-rafael-de-amoles
35787,La Cuesta de Palmitos,Ejido,Rodeo,Durango,,Rural,https://postali.app/mx/durango/rodeo/la-cuesta-de-palmitos
35787,Leandro Valle,Pueblo,Rodeo,Durango,,Rural,https://postali.app/mx/durango/rodeo/leandro-valle
35787,Palmitos,Ejido,Rodeo,Durango,,Rural,https://postali.app/mx/durango/rodeo/palmitos
35787,Toledo,Ejido,Rodeo,Durango,,Rural,https://postali.app/mx/durango/rodeo/toledo
35800,Cuencamé de Ceniceros Centro,Colonia,Cuencamé,Durango,,Urbano,https://postali.app/mx/durango/cuencame/cuencame-de-ceniceros-centro
35803,Cruz Roja,Colonia,Cuencamé,Durango,,Urbano,https://postali.app/mx/durango/cuencame/cruz-roja
35803,El Pasajito,Colonia,Cuencamé,Durango,,Urbano,https://postali.app/mx/durango/cuencame/el-pasajito
35803,Juan Pablo II,Colonia,Cuencamé,Durango,,Urbano,https://postali.app/mx/durango/cuencame/juan-pablo-ii
35803,Ponteduro,Colonia,Cuencamé,Durango,,Urbano,https://postali.app/mx/durango/cuencame/ponteduro
35804,El Panteón,Colonia,Cuencamé,Durango,,Urbano,https://postali.app/mx/durango/cuencame/el-panteon
35804,General Vicente Orozco,Colonia,Cuencamé,Durango,,Urbano,https://postali.app/mx/durango/cuencame/general-vicente-orozco
35804,La Deportiva,Colonia,Cuencamé,Durango,,Urbano,https://postali.app/mx/durango/cuencame/la-deportiva
35804,María Isabel,Colonia,Cuencamé,Durango,,Urbano,https://postali.app/mx/durango/cuencame/maria-isabel
35804,Tierra Blanca,Colonia,Cuencamé,Durango,,Urbano,https://postali.app/mx/durango/cuencame/tierra-blanca
35805,La Plazuela,Colonia,Cuencamé,Durango,,Urbano,https://postali.app/mx/durango/cuencame/la-plazuela
35805,Pirules,Colonia,Cuencamé,Durango,,Urbano,https://postali.app/mx/durango/cuencame/pirules
35805,Pueblo de Santiago,Pueblo,Cuencamé,Durango,,Rural,https://postali.app/mx/durango/cuencame/pueblo-de-santiago
35806,Barriales,Colonia,Cuencamé,Durango,,Urbano,https://postali.app/mx/durango/cuencame/barriales
35806,Magistral,Colonia,Cuencamé,Durango,,Urbano,https://postali.app/mx/durango/cuencame/magistral
35807,Alamedas,Colonia,Cuencamé,Durango,,Urbano,https://postali.app/mx/durango/cuencame/alamedas
35807,Educación Especial,Colonia,Cuencamé,Durango,,Urbano,https://postali.app/mx/durango/cuencame/educacion-especial
35807,El Arenal,Colonia,Cuencamé,Durango,,Urbano,https://postali.app/mx/durango/cuencame/el-arenal
35807,Esperanza,Colonia,Cuencamé,Durango,,Urbano,https://postali.app/mx/durango/cuencame/esperanza
35807,La Lomita,Colonia,Cuencamé,Durango,,Urbano,https://postali.app/mx/durango/cuencame/la-lomita
35807,Las Lomas,Colonia,Cuencamé,Durango,,Urbano,https://postali.app/mx/durango/cuencame/las-lomas
35810,Velardeña Centro,Colonia,Cuencamé,Durango,,Rural,https://postali.app/mx/durango/cuencame/velardena-centro
35813,El Ranchito,Colonia,Cuencamé,Durango,,Urbano,https://postali.app/mx/durango/cuencame/el-ranchito
35813,Las Cuadras,Colonia,Cuencamé,Durango,,Urbano,https://postali.app/mx/durango/cuencame/las-cuadras
35813,Las Palmas,Colonia,Cuencamé,Durango,,Urbano,https://postali.app/mx/durango/cuencame/las-palmas
35814,La Perla,Colonia,Cuencamé,Durango,,Urbano,https://postali.app/mx/durango/cuencame/la-perla
35814,Las Playas,Colonia,Cuencamé,Durango,,Urbano,https://postali.app/mx/durango/cuencame/las-playas
35815,Agua Vieja,Zona federal,Cuencamé,Durango,,Rural,https://postali.app/mx/durango/cuencame/agua-vieja
35815,Las Mercedes,Ranchería,Cuencamé,Durango,,Rural,https://postali.app/mx/durango/cuencame/las-mercedes
35815,Veinte Amigos,Ejido,Cuencamé,Durango,,Rural,https://postali.app/mx/durango/cuencame/veinte-amigos
35816,Providencia,Ranchería,Cuencamé,Durango,,Rural,https://postali.app/mx/durango/cuencame/providencia
35817,Asarco,Ejido,Cuencamé,Durango,,Rural,https://postali.app/mx/durango/cuencame/asarco
35817,El Crucero (Crucero Pedriceña),Ejido,Cuencamé,Durango,,Rural,https://postali.app/mx/durango/cuencame/el-crucero-crucero-pedricena
35817,Gaby,Ranchería,Cuencamé,Durango,,Rural,https://postali.app/mx/durango/cuencame/gaby
35817,Los Cuatillos (Hacienda de Pedriceña),Ejido,Cuencamé,Durango,,Rural,https://postali.app/mx/durango/cuencame/los-cuatillos-hacienda-de-pedricena
35817,Marqueseña,Ranchería,Cuencamé,Durango,,Rural,https://postali.app/mx/durango/cuencame/marquesena
35817,Pedriceña (Estación Pedriceña),Ejido,Cuencamé,Durango,,Rural,https://postali.app/mx/durango/cuencame/pedricena-estacion-pedricena
35820,12 de Diciembre (Sombreretillo),Ejido,Cuencamé,Durango,,Rural,https://postali.app/mx/durango/cuencame/12-de-diciembre-sombreretillo
35820,El Puerto [Comedor],Ranchería,Cuencamé,Durango,,Rural,https://postali.app/mx/durango/cuencame/el-puerto-comedor
35820,Las Palomas [Comedor],Ranchería,Cuencamé,Durango,,Rural,https://postali.app/mx/durango/cuencame/las-palomas-comedor
35820,San José de Pajaritos,Ejido,Cuencamé,Durango,,Rural,https://postali.app/mx/durango/cuencame/san-jose-de-pajaritos
35823,Cerrito Colorado (Santa Eulalia),Ejido,Cuencamé,Durango,,Rural,https://postali.app/mx/durango/cuencame/cerrito-colorado-santa-eulalia
35823,La Lagunilla,Ranchería,Cuencamé,Durango,,Rural,https://postali.app/mx/durango/cuencame/la-lagunilla
35824,La Cureña de Abajo,Ranchería,Cuencamé,Durango,,Rural,https://postali.app/mx/durango/cuencame/la-curena-de-abajo
35824,La Cureña de Arriba,Ejido,Cuencamé,Durango,,Rural,https://postali.app/mx/durango/cuencame/la-curena-de-arriba
35825,San Diego de Arriba,Ejido,Cuencamé,Durango,,Rural,https://postali.app/mx/durango/cuencame/san-diego-de-arriba
35826,San Diego de Abajo,Ejido,Cuencamé,Durango,,Rural,https://postali.app/mx/durango/cuencame/san-diego-de-abajo
35826,Torrecillas,Ranchería,Cuencamé,Durango,,Rural,https://postali.app/mx/durango/cuencame/torrecillas
35826,Vinata San Antonio,Ranchería,Cuencamé,Durango,,Rural,https://postali.app/mx/durango/cuencame/vinata-san-antonio
35827,Las Alechuzas,Ejido,Cuencamé,Durango,,Rural,https://postali.app/mx/durango/cuencame/las-alechuzas
35827,Los Vallecillos,Ejido,Cuencamé,Durango,,Rural,https://postali.app/mx/durango/cuencame/los-vallecillos
35827,Vista Hermosa,Ejido,Cuencamé,Durango,,Rural,https://postali.app/mx/durango/cuencame/vista-hermosa
35830,Cerro Gordo,Ejido,Cuencamé,Durango,,Rural,https://postali.app/mx/durango/cuencame/cerro-gordo
35830,El Aguaje,Ejido,Cuencamé,Durango,,Rural,https://postali.app/mx/durango/cuencame/el-aguaje
35830,El Aguajito,Ejido,Cuencamé,Durango,,Rural,https://postali.app/mx/durango/cuencame/el-aguajito
35830,El Carrizal,Ejido,Cuencamé,Durango,,Rural,https://postali.app/mx/durango/cuencame/el-carrizal
35830,El Huizache,Ejido,Cuencamé,Durango,,Rural,https://postali.app/mx/durango/cuencame/el-huizache
35830,El Nogalito,Ejido,Cuencamé,Durango,,Rural,https://postali.app/mx/durango/cuencame/el-nogalito
35830,El Pedregal,Ejido,Cuencamé,Durango,,Rural,https://postali.app/mx/durango/cuencame/el-pedregal
35830,Mangas Cuatas,Ejido,Cuencamé,Durango,,Rural,https://postali.app/mx/durango/cuencame/mangas-cuatas
35830,San Pedro de Ocuila,Pueblo,Cuencamé,Durango,,Rural,https://postali.app/mx/durango/cuencame/san-pedro-de-ocuila
35830,Santa Cruz de la Cuchilla,Ejido,Cuencamé,Durango,,Rural,https://postali.app/mx/durango/cuencame/santa-cruz-de-la-cuchilla
35833,Las Cuevas,Ejido,Cuencamé,Durango,,Rural,https://postali.app/mx/durango/cuencame/las-cuevas
35833,San Antonio del Ojo Seco,Ranchería,Cuencamé,Durango,,Rural,https://postali.app/mx/durango/cuencame/san-antonio-del-ojo-seco
35834,Corredor Comercial (Comedor la Vivienda),Ranchería,Cuencamé,Durango,,Rural,https://postali.app/mx/durango/cuencame/corredor-comercial-comedor-la-vivienda
35834,Cuatro Hermanos,Ranchería,Cuencamé,Durango,,Rural,https://postali.app/mx/durango/cuencame/cuatro-hermanos
35834,El Ranchito,Ranchería,Cuencamé,Durango,,Rural,https://postali.app/mx/durango/cuencame/el-ranchito-35834
35834,El Tanque,Ranchería,Cuencamé,Durango,,Rural,https://postali.app/mx/durango/cuencame/el-tanque
35835,El Poblano,Ejido,Cuencamé,Durango,,Rural,https://postali.app/mx/durango/cuencame/el-poblano
35835,El Tajo,Ejido,Cuencamé,Durango,,Rural,https://postali.app/mx/durango/cuencame/el-tajo
35835,La Fe,Ranchería,Cuencamé,Durango,,Rural,https://postali.app/mx/durango/cuencame/la-fe
35835,Pasaje,Pueblo,Cuencamé,Durango,,Rural,https://postali.app/mx/durango/cuencame/pasaje
35837,Santa Bárbara,Ejido,Cuencamé,Durango,,Rural,https://postali.app/mx/durango/cuencame/santa-barbara
35840,El Chaparral,Ejido,Cuencamé,Durango,,Rural,https://postali.app/mx/durango/cuencame/el-chaparral
35840,Estación Progreso,Colonia,Cuencamé,Durango,,Rural,https://postali.app/mx/durango/cuencame/estacion-progreso
35840,Oriente,Ejido,Cuencamé,Durango,,Rural,https://postali.app/mx/durango/cuencame/oriente
35840,San Francisco,Ejido,Cuencamé,Durango,,Rural,https://postali.app/mx/durango/cuencame/san-francisco
35844,El Ranchito,Ranchería,Cuencamé,Durango,,Rural,https://postali.app/mx/durango/cuencame/el-ranchito-35844
35846,Compañía Ganadera Atotonilco Sociedad Cooperativa,Ranchería,Cuencamé,Durango,,Rural,https://postali.app/mx/durango/cuencame/compania-ganadera-atotonilco-sociedad-cooperativa
35847,Cerro Santiago (Cerro de Santiago),Ejido,Cuencamé,Durango,,Rural,https://postali.app/mx/durango/cuencame/cerro-santiago-cerro-de-santiago
35847,Chapala,Colonia,Cuencamé,Durango,,Rural,https://postali.app/mx/durango/cuencame/chapala
35847,Estancia de Santiago,Ranchería,Cuencamé,Durango,,Rural,https://postali.app/mx/durango/cuencame/estancia-de-santiago
35847,La Virgen,Ranchería,Cuencamé,Durango,,Rural,https://postali.app/mx/durango/cuencame/la-virgen
35847,San Carlos (La Esparceña),Colonia,Cuencamé,Durango,,Rural,https://postali.app/mx/durango/cuencame/san-carlos-la-esparcena
35850,Cuauhtémoc,Pueblo,Cuencamé,Durango,,Rural,https://postali.app/mx/durango/cuencame/cuauhtemoc
35853,La Purísima,Pueblo,Cuencamé,Durango,,Rural,https://postali.app/mx/durango/cuencame/la-purisima
35853,Pedro Vélez,Ejido,Cuencamé,Durango,,Rural,https://postali.app/mx/durango/cuencame/pedro-velez
35853,San José de los García,Ranchería,Cuencamé,Durango,,Rural,https://postali.app/mx/durango/cuencame/san-jose-de-los-garcia
35853,Santa Elena (Los Barrón),Ejido,Cuencamé,Durango,,Rural,https://postali.app/mx/durango/cuencame/santa-elena-los-barron
35854,Cinco de Mayo (San Ángel),Ejido,Cuencamé,Durango,,Rural,https://postali.app/mx/durango/cuencame/cinco-de-mayo-san-angel
35854,San José de Nazareno,Ranchería,Cuencamé,Durango,,Rural,https://postali.app/mx/durango/cuencame/san-jose-de-nazareno
35854,San Martín,Ejido,Cuencamé,Durango,,Rural,https://postali.app/mx/durango/cuencame/san-martin
35856,El Borruel,Ejido,Cuencamé,Durango,,Rural,https://postali.app/mx/durango/cuencame/el-borruel
35856,Emiliano Zapata,Pueblo,Cuencamé,Durango,,Rural,https://postali.app/mx/durango/cuencame/emiliano-zapata
35856,Héroes de Chapultepec (San Sebastián),Ejido,Cuencamé,Durango,,Rural,https://postali.app/mx/durango/cuencame/heroes-de-chapultepec-san-sebastian
35857,Bajío del Simental,Ejido,Cuencamé,Durango,,Rural,https://postali.app/mx/durango/cuencame/bajio-del-simental
35857,El Tiro,Ejido,Cuencamé,Durango,,Rural,https://postali.app/mx/durango/cuencame/el-tiro
35857,La Esperanza,Ejido,Cuencamé,Durango,,Rural,https://postali.app/mx/durango/cuencame/la-esperanza
35857,La Granja,Ejido,Cuencamé,Durango,,Rural,https://postali.app/mx/durango/cuencame/la-granja
35857,Los Azulitos,Ejido,Cuencamé,Durango,,Rural,https://postali.app/mx/durango/cuencame/los-azulitos
35860,El Perú,Ejido,Cuencamé,Durango,,Rural,https://postali.app/mx/durango/cuencame/el-peru
35860,Laguna de Patos,Ejido,Cuencamé,Durango,,Rural,https://postali.app/mx/durango/cuencame/laguna-de-patos
35863,La Roca,Ranchería,Cuencamé,Durango,,Rural,https://postali.app/mx/durango/cuencame/la-roca
35863,San José,Ejido,Cuencamé,Durango,,Rural,https://postali.app/mx/durango/cuencame/san-jose
35864,Las Palmas,Ejido,Cuencamé,Durango,,Rural,https://postali.app/mx/durango/cuencame/las-palmas-35864
35864,Las Playas,Ejido,Cuencamé,Durango,,Rural,https://postali.app/mx/durango/cuencame/las-playas-35864
35864,Pablo Sidar (Tequesquitillo),Ejido,Cuencamé,Durango,,Rural,https://postali.app/mx/durango/cuencame/pablo-sidar-tequesquitillo
35864,San Agustín,Ejido,Cuencamé,Durango,,Rural,https://postali.app/mx/durango/cuencame/san-agustin
35864,Yerbabuena,Ejido,Cuencamé,Durango,,Rural,https://postali.app/mx/durango/cuencame/yerbabuena
35865,El Herradero,Ejido,Cuencamé,Durango,,Rural,https://postali.app/mx/durango/cuencame/el-herradero
35865,La Esperanza,Ejido,Cuencamé,Durango,,Rural,https://postali.app/mx/durango/cuencame/la-esperanza-35865
35865,San José,Ejido,Cuencamé,Durango,,Rural,https://postali.app/mx/durango/cuencame/san-jose-35865
35870,El Alamillo,Ejido,Cuencamé,Durango,,Rural,https://postali.app/mx/durango/cuencame/el-alamillo
35870,El Socorro,Ejido,Cuencamé,Durango,,Rural,https://postali.app/mx/durango/cuencame/el-socorro
35874,Augusto Gómez Villanueva,Pueblo,Cuencamé,Durango,,Rural,https://postali.app/mx/durango/cuencame/augusto-gomez-villanueva
35874,Limas,Ejido,Cuencamé,Durango,,Rural,https://postali.app/mx/durango/cuencame/limas
35874,San Isidro,Ejido,Cuencamé,Durango,,Rural,https://postali.app/mx/durango/cuencame/san-isidro
35874,San Isidro de Santa María (San Isidro),Ejido,Cuencamé,Durango,,Rural,https://postali.app/mx/durango/cuencame/san-isidro-de-santa-maria-san-isidro
35875,Ignacio López Rayón,Ranchería,Cuencamé,Durango,,Rural,https://postali.app/mx/durango/cuencame/ignacio-lopez-rayon
35875,San Antonio de los García (Ojo Zarco),Ejido,Cuencamé,Durango,,Rural,https://postali.app/mx/durango/cuencame/san-antonio-de-los-garcia-ojo-zarco
35876,La Cruz (Los Herrera),Ejido,Cuencamé,Durango,,Rural,https://postali.app/mx/durango/cuencame/la-cruz-los-herrera
35876,Santa Teresa,Ejido,Cuencamé,Durango,,Rural,https://postali.app/mx/durango/cuencame/santa-teresa
35877,Estanzuela,Ejido,Cuencamé,Durango,,Rural,https://postali.app/mx/durango/cuencame/estanzuela
35877,Ramón Corona,Pueblo,Cuencamé,Durango,,Rural,https://postali.app/mx/durango/cuencame/ramon-corona
35880,Santa Clara Centro,Colonia,Santa Clara,Durango,,Urbano,https://postali.app/mx/durango/santa-clara/santa-clara-centro
35883,La Loma,Colonia,Santa Clara,Durango,,Urbano,https://postali.app/mx/durango/santa-clara/la-loma
35883,Las Playas,Colonia,Santa Clara,Durango,,Urbano,https://postali.app/mx/durango/santa-clara/las-playas
35883,Las Poanas,Colonia,Santa Clara,Durango,,Urbano,https://postali.app/mx/durango/santa-clara/las-poanas
35884,El Junco,Colonia,Santa Clara,Durango,,Urbano,https://postali.app/mx/durango/santa-clara/el-junco
35884,El Rancho,Colonia,Santa Clara,Durango,,Urbano,https://postali.app/mx/durango/santa-clara/el-rancho
35885,El Rosario,Colonia,Santa Clara,Durango,,Urbano,https://postali.app/mx/durango/santa-clara/el-rosario
35885,San Francisco,Colonia,Santa Clara,Durango,,Urbano,https://postali.app/mx/durango/santa-clara/san-francisco
35886,Edgar Cruz,Ranchería,Santa Clara,Durango,,Rural,https://postali.app/mx/durango/santa-clara/edgar-cruz
35886,Las Curvas (El Pozo),Ranchería,Santa Clara,Durango,,Rural,https://postali.app/mx/durango/santa-clara/las-curvas-el-pozo
35887,El Socorro,Ranchería,Santa Clara,Durango,,Rural,https://postali.app/mx/durango/santa-clara/el-socorro
35887,San Antonio de la Laguna,Ejido,Santa Clara,Durango,,Rural,https://postali.app/mx/durango/santa-clara/san-antonio-de-la-laguna
35887,San Antonio de la Laguna (La Pequeña),Ranchería,Santa Clara,Durango,,Rural,https://postali.app/mx/durango/santa-clara/san-antonio-de-la-laguna-la-pequena
35887,San Antonio de la Laguna (Los Álvarez),Ranchería,Santa Clara,Durango,,Rural,https://postali.app/mx/durango/santa-clara/san-antonio-de-la-laguna-los-alvarez
35888,San Marcos (24 de Febrero),Ejido,Santa Clara,Durango,,Rural,https://postali.app/mx/durango/santa-clara/san-marcos-24-de-febrero
35890,San José de Flechas,Ejido,Santa Clara,Durango,,Rural,https://postali.app/mx/durango/santa-clara/san-jose-de-flechas
35893,El Agostadero,Ranchería,Santa Clara,Durango,,Rural,https://postali.app/mx/durango/santa-clara/el-agostadero
35893,El Torito,Ranchería,Santa Clara,Durango,,Rural,https://postali.app/mx/durango/santa-clara/el-torito
35893,La Tarumala,Ranchería,Santa Clara,Durango,,Rural,https://postali.app/mx/durango/santa-clara/la-tarumala
35893,Los Amarillos,Ranchería,Santa Clara,Durango,,Rural,https://postali.app/mx/durango/santa-clara/los-amarillos
35893,Piedra Agujerada,Ranchería,Santa Clara,Durango,,Rural,https://postali.app/mx/durango/santa-clara/piedra-agujerada
35893,Piedras Negras,Ranchería,Santa Clara,Durango,,Rural,https://postali.app/mx/durango/santa-clara/piedras-negras
35894,La Carreta,Ranchería,Santa Clara,Durango,,Rural,https://postali.app/mx/durango/santa-clara/la-carreta
35894,Peñolitos,Ranchería,Santa Clara,Durango,,Rural,https://postali.app/mx/durango/santa-clara/penolitos
35895,Crucero de Santa Clara,Ranchería,Santa Clara,Durango,,Rural,https://postali.app/mx/durango/santa-clara/crucero-de-santa-clara
35895,San Valentín,Ranchería,Santa Clara,Durango,,Rural,https://postali.app/mx/durango/santa-clara/san-valentin
35896,Diez de Abril,Ranchería,Santa Clara,Durango,,Rural,https://postali.app/mx/durango/santa-clara/diez-de-abril
35896,El Naranjo,Ejido,Santa Clara,Durango,,Rural,https://postali.app/mx/durango/santa-clara/el-naranjo
35896,El Nogalito (Nogales),Ranchería,Santa Clara,Durango,,Rural,https://postali.app/mx/durango/santa-clara/el-nogalito-nogales
35896,El Zorrillo,Ranchería,Santa Clara,Durango,,Rural,https://postali.app/mx/durango/santa-clara/el-zorrillo
35896,La Concepción,Ranchería,Santa Clara,Durango,,Rural,https://postali.app/mx/durango/santa-clara/la-concepcion
35896,La Noria,Ranchería,Santa Clara,Durango,,Rural,https://postali.app/mx/durango/santa-clara/la-noria
35896,La Tinajita,Ranchería,Santa Clara,Durango,,Rural,https://postali.app/mx/durango/santa-clara/la-tinajita
35900,San Juan de Guadalupe,Pueblo,San Juan de Guadalupe,Durango,,Urbano,https://postali.app/mx/durango/san-juan-de-guadalupe/san-juan-de-guadalupe
35901,Lázaro Cárdenas (El Zacate),Ejido,San Juan de Guadalupe,Durango,,Rural,https://postali.app/mx/durango/san-juan-de-guadalupe/lazaro-cardenas-el-zacate
35901,San José de Barrones,Pueblo,San Juan de Guadalupe,Durango,,Rural,https://postali.app/mx/durango/san-juan-de-guadalupe/san-jose-de-barrones
35903,El Sulfato,Ranchería,San Juan de Guadalupe,Durango,,Rural,https://postali.app/mx/durango/san-juan-de-guadalupe/el-sulfato
35903,Los Esquiveles,Ejido,San Juan de Guadalupe,Durango,,Rural,https://postali.app/mx/durango/san-juan-de-guadalupe/los-esquiveles
35904,Santo Niño,Ejido,San Juan de Guadalupe,Durango,,Rural,https://postali.app/mx/durango/san-juan-de-guadalupe/santo-nino
35905,La Barranca,Ejido,San Juan de Guadalupe,Durango,,Rural,https://postali.app/mx/durango/san-juan-de-guadalupe/la-barranca
35907,Benito Juárez (El Capadero),Ejido,San Juan de Guadalupe,Durango,,Rural,https://postali.app/mx/durango/san-juan-de-guadalupe/benito-juarez-el-capadero
35910,Estación Acacio,Paraje,San Juan de Guadalupe,Durango,,Rural,https://postali.app/mx/durango/san-juan-de-guadalupe/estacion-acacio
35911,Salitrillo (La Presita),Ejido,San Juan de Guadalupe,Durango,,Rural,https://postali.app/mx/durango/san-juan-de-guadalupe/salitrillo-la-presita
35917,El Pavo (Mineral el Diez),Ranchería,San Juan de Guadalupe,Durango,,Rural,https://postali.app/mx/durango/san-juan-de-guadalupe/el-pavo-mineral-el-diez
35917,Los Tenamastes,Rancho,San Juan de Guadalupe,Durango,,Rural,https://postali.app/mx/durango/san-juan-de-guadalupe/los-tenamastes
35920,Estación Symon,Paraje,San Juan de Guadalupe,Durango,,Rural,https://postali.app/mx/durango/san-juan-de-guadalupe/estacion-symon
35922,Estación Rivas,Ranchería,San Juan de Guadalupe,Durango,,Rural,https://postali.app/mx/durango/san-juan-de-guadalupe/estacion-rivas
35923,Guadalupito,Ranchería,San Juan de Guadalupe,Durango,,Rural,https://postali.app/mx/durango/san-juan-de-guadalupe/guadalupito
35925,San Antonio de la Laguna,Ranchería,San Juan de Guadalupe,Durango,,Rural,https://postali.app/mx/durango/san-juan-de-guadalupe/san-antonio-de-la-laguna
35930,Loma Alta,Ranchería,San Juan de Guadalupe,Durango,,Rural,https://postali.app/mx/durango/san-juan-de-guadalupe/loma-alta
35937,Nueva Reforma,Ejido,San Juan de Guadalupe,Durango,,Rural,https://postali.app/mx/durango/san-juan-de-guadalupe/nueva-reforma
35938,Agua Nueva,Ejido,San Juan de Guadalupe,Durango,,Rural,https://postali.app/mx/durango/san-juan-de-guadalupe/agua-nueva
35938,La Escalera,Ejido,San Juan de Guadalupe,Durango,,Rural,https://postali.app/mx/durango/san-juan-de-guadalupe/la-escalera
35940,Santa Cruz del Orégano (El Orégano),Ranchería,San Juan de Guadalupe,Durango,,Rural,https://postali.app/mx/durango/san-juan-de-guadalupe/santa-cruz-del-oregano-el-oregano
35942,Cipriano,Ranchería,San Juan de Guadalupe,Durango,,Rural,https://postali.app/mx/durango/san-juan-de-guadalupe/cipriano
35942,El Zorrillo,Ranchería,San Juan de Guadalupe,Durango,,Rural,https://postali.app/mx/durango/san-juan-de-guadalupe/el-zorrillo
35942,Vicente Guerrero (Siete Zacates),Pueblo,San Juan de Guadalupe,Durango,,Rural,https://postali.app/mx/durango/san-juan-de-guadalupe/vicente-guerrero-siete-zacates
35944,Magallanes,Ranchería,San Juan de Guadalupe,Durango,,Rural,https://postali.app/mx/durango/san-juan-de-guadalupe/magallanes
35944,Palmas Verdes,Ranchería,San Juan de Guadalupe,Durango,,Rural,https://postali.app/mx/durango/san-juan-de-guadalupe/palmas-verdes
35945,El Puerto de la Palma,Ranchería,San Juan de Guadalupe,Durango,,Rural,https://postali.app/mx/durango/san-juan-de-guadalupe/el-puerto-de-la-palma
35945,La Planilla,Ranchería,San Juan de Guadalupe,Durango,,Rural,https://postali.app/mx/durango/san-juan-de-guadalupe/la-planilla
35947,El Floreño,Ranchería,San Juan de Guadalupe,Durango,,Rural,https://postali.app/mx/durango/san-juan-de-guadalupe/el-floreno
35950,General Simón Bolívar,Pueblo,General Simón Bolívar,Durango,,Urbano,https://postali.app/mx/durango/general-simon-bolivar/general-simon-bolivar
35953,Ricardo Flores Magón,Ranchería,General Simón Bolívar,Durango,,Rural,https://postali.app/mx/durango/general-simon-bolivar/ricardo-flores-magon
35954,José Trinidad García de la Cadena (San Rafael),Ejido,General Simón Bolívar,Durango,,Rural,https://postali.app/mx/durango/general-simon-bolivar/jose-trinidad-garcia-de-la-cadena-san-rafael
35955,Santa Rosa,Ejido,General Simón Bolívar,Durango,,Rural,https://postali.app/mx/durango/general-simon-bolivar/santa-rosa
35956,Santa Rosalía,Ejido,General Simón Bolívar,Durango,,Rural,https://postali.app/mx/durango/general-simon-bolivar/santa-rosalia
35960,El Treinta,Ejido,General Simón Bolívar,Durango,,Rural,https://postali.app/mx/durango/general-simon-bolivar/el-treinta
35960,La Miseria,Ejido,General Simón Bolívar,Durango,,Rural,https://postali.app/mx/durango/general-simon-bolivar/la-miseria
35960,San José de Zaragoza,Ejido,General Simón Bolívar,Durango,,Rural,https://postali.app/mx/durango/general-simon-bolivar/san-jose-de-zaragoza
35960,San Luis de Corea,Ranchería,General Simón Bolívar,Durango,,Rural,https://postali.app/mx/durango/general-simon-bolivar/san-luis-de-corea
35960,Sector Cuatro (El Rasguño),Ejido,General Simón Bolívar,Durango,,Rural,https://postali.app/mx/durango/general-simon-bolivar/sector-cuatro-el-rasguno
35963,Noria San Antonio,Ejido,General Simón Bolívar,Durango,,Rural,https://postali.app/mx/durango/general-simon-bolivar/noria-san-antonio
35963,San Antonio de Zaragoza,Ejido,General Simón Bolívar,Durango,,Rural,https://postali.app/mx/durango/general-simon-bolivar/san-antonio-de-zaragoza
35965,Enrique Flores Magón,Ranchería,General Simón Bolívar,Durango,,Rural,https://postali.app/mx/durango/general-simon-bolivar/enrique-flores-magon
35965,Ignacio Zaragoza,Ejido,General Simón Bolívar,Durango,,Rural,https://postali.app/mx/durango/general-simon-bolivar/ignacio-zaragoza
35966,El Paso de las Trocas,Ranchería,General Simón Bolívar,Durango,,Rural,https://postali.app/mx/durango/general-simon-bolivar/el-paso-de-las-trocas
35966,Noria de Sombreretillo,Ejido,General Simón Bolívar,Durango,,Rural,https://postali.app/mx/durango/general-simon-bolivar/noria-de-sombreretillo
35966,Sombreretillo del Alto,Ranchería,General Simón Bolívar,Durango,,Rural,https://postali.app/mx/durango/general-simon-bolivar/sombreretillo-del-alto
35970,Dieciocho de Marzo,Ranchería,General Simón Bolívar,Durango,,Rural,https://postali.app/mx/durango/general-simon-bolivar/dieciocho-de-marzo
35973,Antón Martín,Ejido,General Simón Bolívar,Durango,,Rural,https://postali.app/mx/durango/general-simon-bolivar/anton-martin
35973,El Refugio,Ejido,General Simón Bolívar,Durango,,Rural,https://postali.app/mx/durango/general-simon-bolivar/el-refugio
35974,Cuatro Vientos (Vega Salada),Ejido,General Simón Bolívar,Durango,,Rural,https://postali.app/mx/durango/general-simon-bolivar/cuatro-vientos-vega-salada
35974,El Jazminal,Ranchería,General Simón Bolívar,Durango,,Rural,https://postali.app/mx/durango/general-simon-bolivar/el-jazminal
35974,Huarichic (Huariche),Ejido,General Simón Bolívar,Durango,,Rural,https://postali.app/mx/durango/general-simon-bolivar/huarichic-huariche
35974,Oriente Aguanaval,Ejido,General Simón Bolívar,Durango,,Rural,https://postali.app/mx/durango/general-simon-bolivar/oriente-aguanaval
35975,El Recodo del Río,Ranchería,General Simón Bolívar,Durango,,Rural,https://postali.app/mx/durango/general-simon-bolivar/el-recodo-del-rio
35975,La Nueva Reforma Agraria,Ejido,General Simón Bolívar,Durango,,Rural,https://postali.app/mx/durango/general-simon-bolivar/la-nueva-reforma-agraria
35975,La Prontitud,Ejido,General Simón Bolívar,Durango,,Rural,https://postali.app/mx/durango/general-simon-bolivar/la-prontitud
35977,La Esperanza,Ranchería,General Simón Bolívar,Durango,,Rural,https://postali.app/mx/durango/general-simon-bolivar/la-esperanza
35980,San José de Reyes,Ejido,General Simón Bolívar,Durango,,Rural,https://postali.app/mx/durango/general-simon-bolivar/san-jose-de-reyes
35980,San José de Sauces (Sauces),Ejido,General Simón Bolívar,Durango,,Rural,https://postali.app/mx/durango/general-simon-bolivar/san-jose-de-sauces-sauces
35983,Guadalupe (El Chivo y la Coyota),Ranchería,General Simón Bolívar,Durango,,Rural,https://postali.app/mx/durango/general-simon-bolivar/guadalupe-el-chivo-y-la-coyota
35983,San Vicente de Melones,Ranchería,General Simón Bolívar,Durango,,Rural,https://postali.app/mx/durango/general-simon-bolivar/san-vicente-de-melones
35984,José Isabel Robles,Ejido,General Simón Bolívar,Durango,,Rural,https://postali.app/mx/durango/general-simon-bolivar/jose-isabel-robles
35986,Pedro Celestino Negrete,Ejido,General Simón Bolívar,Durango,,Rural,https://postali.app/mx/durango/general-simon-bolivar/pedro-celestino-negrete
35987,El Ensueño (El Papalote),Ranchería,General Simón Bolívar,Durango,,Rural,https://postali.app/mx/durango/general-simon-bolivar/el-ensueno-el-papalote
35987,La Granja,Ejido,General Simón Bolívar,Durango,,Rural,https://postali.app/mx/durango/general-simon-bolivar/la-granja
