codigo_postal,asentamiento,tipo,municipio,estado,ciudad,zona,url
64000,La Finca,Condominio,Monterrey,Nuevo León,Monterrey,Urbano,https://postali.app/mx/nuevo-leon/monterrey/la-finca
64000,Monterrey Centro,Colonia,Monterrey,Nuevo León,Monterrey,Urbano,https://postali.app/mx/nuevo-leon/monterrey/monterrey-centro
64010,Obrera,Colonia,Monterrey,Nuevo León,Monterrey,Urbano,https://postali.app/mx/nuevo-leon/monterrey/obrera
64018,Desarrollo Urbano Reforma,Unidad habitacional,Monterrey,Nuevo León,Monterrey,Urbano,https://postali.app/mx/nuevo-leon/monterrey/desarrollo-urbano-reforma
64018,Nuevo Centro de Monterrey,Equipamiento,Monterrey,Nuevo León,Monterrey,Urbano,https://postali.app/mx/nuevo-leon/monterrey/nuevo-centro-de-monterrey
64019,Condominios Constitución,Unidad habitacional,Monterrey,Nuevo León,Monterrey,Urbano,https://postali.app/mx/nuevo-leon/monterrey/condominios-constitucion
64020,Gonzalitos,Colonia,Monterrey,Nuevo León,Monterrey,Urbano,https://postali.app/mx/nuevo-leon/monterrey/gonzalitos
64020,Mitras Sur,Colonia,Monterrey,Nuevo León,Monterrey,Urbano,https://postali.app/mx/nuevo-leon/monterrey/mitras-sur
64030,Chepevera,Colonia,Monterrey,Nuevo León,Monterrey,Urbano,https://postali.app/mx/nuevo-leon/monterrey/chepevera
64030,Lomas,Colonia,Monterrey,Nuevo León,Monterrey,Urbano,https://postali.app/mx/nuevo-leon/monterrey/lomas
64040,Deportivo Obispado,Colonia,Monterrey,Nuevo León,Monterrey,Urbano,https://postali.app/mx/nuevo-leon/monterrey/deportivo-obispado
64040,María Luisa,Colonia,Monterrey,Nuevo León,Monterrey,Urbano,https://postali.app/mx/nuevo-leon/monterrey/maria-luisa
64040,Unidad Aldama,Colonia,Monterrey,Nuevo León,Monterrey,Urbano,https://postali.app/mx/nuevo-leon/monterrey/unidad-aldama
64049,Exseminario,Colonia,Monterrey,Nuevo León,Monterrey,Urbano,https://postali.app/mx/nuevo-leon/monterrey/exseminario
64050,Jardines del Cerro,Colonia,Monterrey,Nuevo León,Monterrey,Urbano,https://postali.app/mx/nuevo-leon/monterrey/jardines-del-cerro
64050,Jardín,Colonia,Monterrey,Nuevo León,Monterrey,Urbano,https://postali.app/mx/nuevo-leon/monterrey/jardin
64060,Obispado,Colonia,Monterrey,Nuevo León,Monterrey,Urbano,https://postali.app/mx/nuevo-leon/monterrey/obispado
64070,Mirador,Colonia,Monterrey,Nuevo León,Monterrey,Urbano,https://postali.app/mx/nuevo-leon/monterrey/mirador
64100,San Bernabé,Colonia,Monterrey,Nuevo León,Monterrey,Urbano,https://postali.app/mx/nuevo-leon/monterrey/san-bernabe
64102,Arcos del Sol,Fraccionamiento,Monterrey,Nuevo León,Monterrey,Urbano,https://postali.app/mx/nuevo-leon/monterrey/arcos-del-sol
64102,Arcos del Sol Elite,Fraccionamiento,Monterrey,Nuevo León,Monterrey,Urbano,https://postali.app/mx/nuevo-leon/monterrey/arcos-del-sol-elite
64102,Barrio Acero,Colonia,Monterrey,Nuevo León,Monterrey,Urbano,https://postali.app/mx/nuevo-leon/monterrey/barrio-acero
64102,Barrio Alameda,Fraccionamiento,Monterrey,Nuevo León,Monterrey,Urbano,https://postali.app/mx/nuevo-leon/monterrey/barrio-alameda
64102,Barrio Antiguo Ciudad Solidaridad,Fraccionamiento,Monterrey,Nuevo León,Monterrey,Urbano,https://postali.app/mx/nuevo-leon/monterrey/barrio-antiguo-ciudad-solidaridad
64102,Barrio Aztlán,Colonia,Monterrey,Nuevo León,Monterrey,Urbano,https://postali.app/mx/nuevo-leon/monterrey/barrio-aztlan
64102,Barrio Chapultepec,Colonia,Monterrey,Nuevo León,Monterrey,Urbano,https://postali.app/mx/nuevo-leon/monterrey/barrio-chapultepec
64102,Barrio de la Industria,Fraccionamiento,Monterrey,Nuevo León,Monterrey,Urbano,https://postali.app/mx/nuevo-leon/monterrey/barrio-de-la-industria
64102,Barrio de Margaritas,Colonia,Monterrey,Nuevo León,Monterrey,Urbano,https://postali.app/mx/nuevo-leon/monterrey/barrio-de-margaritas
64102,Barrio del Parque,Colonia,Monterrey,Nuevo León,Monterrey,Urbano,https://postali.app/mx/nuevo-leon/monterrey/barrio-del-parque
64102,Barrio del Prado,Colonia,Monterrey,Nuevo León,Monterrey,Urbano,https://postali.app/mx/nuevo-leon/monterrey/barrio-del-prado
64102,Barrio Estrella,Colonia,Monterrey,Nuevo León,Monterrey,Urbano,https://postali.app/mx/nuevo-leon/monterrey/barrio-estrella
64102,Barrio la Moderna,Colonia,Monterrey,Nuevo León,Monterrey,Urbano,https://postali.app/mx/nuevo-leon/monterrey/barrio-la-moderna
64102,Barrio Puerta del Sol,Colonia,Monterrey,Nuevo León,Monterrey,Urbano,https://postali.app/mx/nuevo-leon/monterrey/barrio-puerta-del-sol
64102,Barrio San Carlos,Colonia,Monterrey,Nuevo León,Monterrey,Urbano,https://postali.app/mx/nuevo-leon/monterrey/barrio-san-carlos
64102,Barrio San Luis,Colonia,Monterrey,Nuevo León,Monterrey,Urbano,https://postali.app/mx/nuevo-leon/monterrey/barrio-san-luis
64102,Barrio San Pedro,Colonia,Monterrey,Nuevo León,Monterrey,Urbano,https://postali.app/mx/nuevo-leon/monterrey/barrio-san-pedro
64102,Barrio Santa Isabel,Colonia,Monterrey,Nuevo León,Monterrey,Urbano,https://postali.app/mx/nuevo-leon/monterrey/barrio-santa-isabel
64102,Barrio Topo Chico,Colonia,Monterrey,Nuevo León,Monterrey,Urbano,https://postali.app/mx/nuevo-leon/monterrey/barrio-topo-chico
64102,Jardines del Rey,Fraccionamiento,Monterrey,Nuevo León,Monterrey,Urbano,https://postali.app/mx/nuevo-leon/monterrey/jardines-del-rey
64102,Las Estaciones,Fraccionamiento,Monterrey,Nuevo León,Monterrey,Urbano,https://postali.app/mx/nuevo-leon/monterrey/las-estaciones
64102,Las Plazas,Fraccionamiento,Monterrey,Nuevo León,Monterrey,Urbano,https://postali.app/mx/nuevo-leon/monterrey/las-plazas
64102,Mirasol,Colonia,Monterrey,Nuevo León,Monterrey,Urbano,https://postali.app/mx/nuevo-leon/monterrey/mirasol
64102,Mirasol Sector 3 (San Felipe),Barrio,Monterrey,Nuevo León,Monterrey,Urbano,https://postali.app/mx/nuevo-leon/monterrey/mirasol-sector-3-san-felipe
64102,Privadas de Lincoln,Fraccionamiento,Monterrey,Nuevo León,Monterrey,Urbano,https://postali.app/mx/nuevo-leon/monterrey/privadas-de-lincoln
64102,Reserva Cumbres,Fraccionamiento,Monterrey,Nuevo León,Monterrey,Urbano,https://postali.app/mx/nuevo-leon/monterrey/reserva-cumbres
64102,Urbi Villa Bonita,Fraccionamiento,Monterrey,Nuevo León,Monterrey,Urbano,https://postali.app/mx/nuevo-leon/monterrey/urbi-villa-bonita
64102,Urbi Villa del Cedro Primer Sector,Fraccionamiento,Monterrey,Nuevo León,Monterrey,Urbano,https://postali.app/mx/nuevo-leon/monterrey/urbi-villa-del-cedro-primer-sector
64102,Urbi Villa del Cedro Segundo Sector,Fraccionamiento,Monterrey,Nuevo León,Monterrey,Urbano,https://postali.app/mx/nuevo-leon/monterrey/urbi-villa-del-cedro-segundo-sector
64102,Urbi Villa del Rey,Fraccionamiento,Monterrey,Nuevo León,Monterrey,Urbano,https://postali.app/mx/nuevo-leon/monterrey/urbi-villa-del-rey
64102,Villas de San Bernabé,Colonia,Monterrey,Nuevo León,Monterrey,Urbano,https://postali.app/mx/nuevo-leon/monterrey/villas-de-san-bernabe
64103,2 de Octubre,Colonia,Monterrey,Nuevo León,Monterrey,Urbano,https://postali.app/mx/nuevo-leon/monterrey/2-de-octubre
64103,Alfonso Reyes (P-38),Colonia,Monterrey,Nuevo León,Monterrey,Urbano,https://postali.app/mx/nuevo-leon/monterrey/alfonso-reyes-p-38
64103,Ampliación Nogales (P-87),Colonia,Monterrey,Nuevo León,Monterrey,Urbano,https://postali.app/mx/nuevo-leon/monterrey/ampliacion-nogales-p-87
64103,Aniceto Corpus,Colonia,Monterrey,Nuevo León,Monterrey,Urbano,https://postali.app/mx/nuevo-leon/monterrey/aniceto-corpus
64103,Arboledas de Escobedo (P-44),Colonia,Monterrey,Nuevo León,Monterrey,Urbano,https://postali.app/mx/nuevo-leon/monterrey/arboledas-de-escobedo-p-44
64103,Arboledas de San Bernabe,Colonia,Monterrey,Nuevo León,Monterrey,Urbano,https://postali.app/mx/nuevo-leon/monterrey/arboledas-de-san-bernabe
64103,Balcones de San Bernabé,Colonia,Monterrey,Nuevo León,Monterrey,Urbano,https://postali.app/mx/nuevo-leon/monterrey/balcones-de-san-bernabe
64103,Cerradas del Poniente,Fraccionamiento,Monterrey,Nuevo León,Monterrey,Urbano,https://postali.app/mx/nuevo-leon/monterrey/cerradas-del-poniente
64103,Colonial San Bernabé,Fraccionamiento,Monterrey,Nuevo León,Monterrey,Urbano,https://postali.app/mx/nuevo-leon/monterrey/colonial-san-bernabe
64103,Comercial Lincoln Poniente,Zona industrial,Monterrey,Nuevo León,Monterrey,Urbano,https://postali.app/mx/nuevo-leon/monterrey/comercial-lincoln-poniente
64103,Cuauhtémoc,Colonia,Monterrey,Nuevo León,Monterrey,Urbano,https://postali.app/mx/nuevo-leon/monterrey/cuauhtemoc
64103,Diego de Montemayor,Colonia,Monterrey,Nuevo León,Monterrey,Urbano,https://postali.app/mx/nuevo-leon/monterrey/diego-de-montemayor
64103,Diego de Montemayor (Sector P Alianza),Colonia,Monterrey,Nuevo León,Monterrey,Urbano,https://postali.app/mx/nuevo-leon/monterrey/diego-de-montemayor-sector-p-alianza
64103,"El Palmar (P-96, 141)",Colonia,Monterrey,Nuevo León,Monterrey,Urbano,https://postali.app/mx/nuevo-leon/monterrey/el-palmar-p-96-141
64103,Eugenio Garza Sada (Sector D Alianza),Colonia,Monterrey,Nuevo León,Monterrey,Urbano,https://postali.app/mx/nuevo-leon/monterrey/eugenio-garza-sada-sector-d-alianza
64103,Francisco I Madero (Sector I Alianza),Colonia,Monterrey,Nuevo León,Monterrey,Urbano,https://postali.app/mx/nuevo-leon/monterrey/francisco-i-madero-sector-i-alianza
64103,Fray S Teresa de Mier (Sector V Alianza),Colonia,Monterrey,Nuevo León,Monterrey,Urbano,https://postali.app/mx/nuevo-leon/monterrey/fray-s-teresa-de-mier-sector-v-alianza
64103,Hacienda de San Bernabé,Colonia,Monterrey,Nuevo León,Monterrey,Urbano,https://postali.app/mx/nuevo-leon/monterrey/hacienda-de-san-bernabe
64103,Hermenegildo Galeana (Sector E Alianza),Colonia,Monterrey,Nuevo León,Monterrey,Urbano,https://postali.app/mx/nuevo-leon/monterrey/hermenegildo-galeana-sector-e-alianza
64103,Homero López Ortiz,Colonia,Monterrey,Nuevo León,Monterrey,Urbano,https://postali.app/mx/nuevo-leon/monterrey/homero-lopez-ortiz
64103,Ignacio M Altamirano (Sector J Alianza),Colonia,Monterrey,Nuevo León,Monterrey,Urbano,https://postali.app/mx/nuevo-leon/monterrey/ignacio-m-altamirano-sector-j-alianza
64103,Ingeniero José María Maldonado Tijerina,Colonia,Monterrey,Nuevo León,Monterrey,Urbano,https://postali.app/mx/nuevo-leon/monterrey/ingeniero-jose-maria-maldonado-tijerina
64103,Jardines de la Alianza,Colonia,Monterrey,Nuevo León,Monterrey,Urbano,https://postali.app/mx/nuevo-leon/monterrey/jardines-de-la-alianza
64103,Jerónimo Treviño (P-35),Colonia,Monterrey,Nuevo León,Monterrey,Urbano,https://postali.app/mx/nuevo-leon/monterrey/jeronimo-trevino-p-35
64103,Josefa Ortiz de Domínguez (Sector B Alianza),Colonia,Monterrey,Nuevo León,Monterrey,Urbano,https://postali.app/mx/nuevo-leon/monterrey/josefa-ortiz-de-dominguez-sector-b-alianza
64103,José Ma Pino Suárez (Sector H Alianza),Colonia,Monterrey,Nuevo León,Monterrey,Urbano,https://postali.app/mx/nuevo-leon/monterrey/jose-ma-pino-suarez-sector-h-alianza
64103,José María Morelos,Colonia,Monterrey,Nuevo León,Monterrey,Urbano,https://postali.app/mx/nuevo-leon/monterrey/jose-maria-morelos
64103,La Alianza Sector F,Fraccionamiento,Monterrey,Nuevo León,Monterrey,Urbano,https://postali.app/mx/nuevo-leon/monterrey/la-alianza-sector-f
64103,La Alianza Sector L,Colonia,Monterrey,Nuevo León,Monterrey,Urbano,https://postali.app/mx/nuevo-leon/monterrey/la-alianza-sector-l
64103,La Alianza Sector N,Colonia,Monterrey,Nuevo León,Monterrey,Urbano,https://postali.app/mx/nuevo-leon/monterrey/la-alianza-sector-n
64103,La Realidad,Colonia,Monterrey,Nuevo León,Monterrey,Urbano,https://postali.app/mx/nuevo-leon/monterrey/la-realidad
64103,"Las Fuentes (P-53, 54, 134)",Colonia,Monterrey,Nuevo León,Monterrey,Urbano,https://postali.app/mx/nuevo-leon/monterrey/las-fuentes-p-53-54-134
64103,Las Torres,Colonia,Monterrey,Nuevo León,Monterrey,Urbano,https://postali.app/mx/nuevo-leon/monterrey/las-torres
64103,Lorenzo Garza (P-1),Colonia,Monterrey,Nuevo León,Monterrey,Urbano,https://postali.app/mx/nuevo-leon/monterrey/lorenzo-garza-p-1
64103,Los Naranjos,Colonia,Monterrey,Nuevo León,Monterrey,Urbano,https://postali.app/mx/nuevo-leon/monterrey/los-naranjos
64103,Los Nogales I,Colonia,Monterrey,Nuevo León,Monterrey,Urbano,https://postali.app/mx/nuevo-leon/monterrey/los-nogales-i
64103,Los Nogales II,Colonia,Monterrey,Nuevo León,Monterrey,Urbano,https://postali.app/mx/nuevo-leon/monterrey/los-nogales-ii
64103,Los Nogales III,Colonia,Monterrey,Nuevo León,Monterrey,Urbano,https://postali.app/mx/nuevo-leon/monterrey/los-nogales-iii
64103,"Los Ángeles (P-49, 50, 133)",Colonia,Monterrey,Nuevo León,,Urbano,https://postali.app/mx/nuevo-leon/monterrey/los-angeles-p-49-50-133
64103,Martín de Zavala (P-34),Colonia,Monterrey,Nuevo León,Monterrey,Urbano,https://postali.app/mx/nuevo-leon/monterrey/martin-de-zavala-p-34
64103,María Leija Briones,Colonia,Monterrey,Nuevo León,Monterrey,Urbano,https://postali.app/mx/nuevo-leon/monterrey/maria-leija-briones
64103,Misión San Bernabé,Colonia,Monterrey,Nuevo León,Monterrey,Urbano,https://postali.app/mx/nuevo-leon/monterrey/mision-san-bernabe
64103,Paseo de San Bernabé,Colonia,Monterrey,Nuevo León,Monterrey,Urbano,https://postali.app/mx/nuevo-leon/monterrey/paseo-de-san-bernabe
64103,Periodistas,Colonia,Monterrey,Nuevo León,Monterrey,Urbano,https://postali.app/mx/nuevo-leon/monterrey/periodistas
64103,Periodistas de México Primera Etapa,Colonia,Monterrey,Nuevo León,Monterrey,Urbano,https://postali.app/mx/nuevo-leon/monterrey/periodistas-de-mexico-primera-etapa
64103,Portal del Valle,Fraccionamiento,Monterrey,Nuevo León,Monterrey,Urbano,https://postali.app/mx/nuevo-leon/monterrey/portal-del-valle
64103,Portales de San Bernabé,Colonia,Monterrey,Nuevo León,Monterrey,Urbano,https://postali.app/mx/nuevo-leon/monterrey/portales-de-san-bernabe
64103,Prados San Bernabé,Colonia,Monterrey,Nuevo León,Monterrey,Urbano,https://postali.app/mx/nuevo-leon/monterrey/prados-san-bernabe
64103,Profesor Miguel Ramos Arizpe (Sector O Alianza),Colonia,Monterrey,Nuevo León,Monterrey,Urbano,https://postali.app/mx/nuevo-leon/monterrey/profesor-miguel-ramos-arizpe-sector-o-alianza
64103,Profesor Moisés Saenz (Sector Q Alianza),Colonia,Monterrey,Nuevo León,Monterrey,Urbano,https://postali.app/mx/nuevo-leon/monterrey/profesor-moises-saenz-sector-q-alianza
64103,Puerta del Sol la Alianza,Colonia,Monterrey,Nuevo León,Monterrey,Urbano,https://postali.app/mx/nuevo-leon/monterrey/puerta-del-sol-la-alianza
64103,Real de San Bernabé,Fraccionamiento,Monterrey,Nuevo León,Monterrey,Urbano,https://postali.app/mx/nuevo-leon/monterrey/real-de-san-bernabe
64103,Rincón de San Bernabé,Colonia,Monterrey,Nuevo León,Monterrey,Urbano,https://postali.app/mx/nuevo-leon/monterrey/rincon-de-san-bernabe
64103,Riveras del Río,Colonia,Monterrey,Nuevo León,Monterrey,Urbano,https://postali.app/mx/nuevo-leon/monterrey/riveras-del-rio
64103,Rómulo Lozano (Sector K Alianza),Colonia,Monterrey,Nuevo León,Monterrey,Urbano,https://postali.app/mx/nuevo-leon/monterrey/romulo-lozano-sector-k-alianza
64103,San Antonio (P-37),Colonia,Monterrey,Nuevo León,Monterrey,Urbano,https://postali.app/mx/nuevo-leon/monterrey/san-antonio-p-37
64103,San Bernabé Topo Chico,Colonia,Monterrey,Nuevo León,Monterrey,Urbano,https://postali.app/mx/nuevo-leon/monterrey/san-bernabe-topo-chico
64103,San David I (P-33),Colonia,Monterrey,Nuevo León,Monterrey,Urbano,https://postali.app/mx/nuevo-leon/monterrey/san-david-i-p-33
64103,San Gabriel,Colonia,Monterrey,Nuevo León,Monterrey,Urbano,https://postali.app/mx/nuevo-leon/monterrey/san-gabriel
64103,San Isidro,Colonia,Monterrey,Nuevo León,Monterrey,Urbano,https://postali.app/mx/nuevo-leon/monterrey/san-isidro
64103,San Juan de Guadalupe,Colonia,Monterrey,Nuevo León,Monterrey,Urbano,https://postali.app/mx/nuevo-leon/monterrey/san-juan-de-guadalupe
64103,"San Pedro (P-72, 76, 736)",Colonia,Monterrey,Nuevo León,Monterrey,Urbano,https://postali.app/mx/nuevo-leon/monterrey/san-pedro-p-72-76-736
64103,"San Rodolfo Uno (P-89, 139)",Colonia,Monterrey,Nuevo León,Monterrey,Urbano,https://postali.app/mx/nuevo-leon/monterrey/san-rodolfo-uno-p-89-139
64103,Santa Ana (P-63),Colonia,Monterrey,Nuevo León,Monterrey,Urbano,https://postali.app/mx/nuevo-leon/monterrey/santa-ana-p-63
64103,Trazo Barrón (Sector Alianza),Colonia,Monterrey,Nuevo León,Monterrey,Urbano,https://postali.app/mx/nuevo-leon/monterrey/trazo-barron-sector-alianza
64103,Trazo Mao (Sector Alianza),Colonia,Monterrey,Nuevo León,Monterrey,Urbano,https://postali.app/mx/nuevo-leon/monterrey/trazo-mao-sector-alianza
64103,Trazo Marcelino (Sector Alianza),Colonia,Monterrey,Nuevo León,Monterrey,Urbano,https://postali.app/mx/nuevo-leon/monterrey/trazo-marcelino-sector-alianza
64103,Trazo Marco (Sector M Alianza),Colonia,Monterrey,Nuevo León,Monterrey,Urbano,https://postali.app/mx/nuevo-leon/monterrey/trazo-marco-sector-m-alianza
64103,Trazo Rosario (Sector Alianza),Colonia,Monterrey,Nuevo León,Monterrey,Urbano,https://postali.app/mx/nuevo-leon/monterrey/trazo-rosario-sector-alianza
64103,Unión Antorchista,Colonia,Monterrey,Nuevo León,Monterrey,Urbano,https://postali.app/mx/nuevo-leon/monterrey/union-antorchista
64103,Urbi Villa Colonial,Colonia,Monterrey,Nuevo León,Monterrey,Urbano,https://postali.app/mx/nuevo-leon/monterrey/urbi-villa-colonial
64103,Valle de la Esperanza,Fraccionamiento,Monterrey,Nuevo León,Monterrey,Urbano,https://postali.app/mx/nuevo-leon/monterrey/valle-de-la-esperanza
64103,Valles de San Bernabé I,Colonia,Monterrey,Nuevo León,Monterrey,Urbano,https://postali.app/mx/nuevo-leon/monterrey/valles-de-san-bernabe-i
64103,Valles de San Bernabé II,Colonia,Monterrey,Nuevo León,Monterrey,Urbano,https://postali.app/mx/nuevo-leon/monterrey/valles-de-san-bernabe-ii
64103,Valles de San Bernabé III,Colonia,Monterrey,Nuevo León,Monterrey,Urbano,https://postali.app/mx/nuevo-leon/monterrey/valles-de-san-bernabe-iii
64103,Venustiano Carranza Sector la Alianza,Colonia,Monterrey,Nuevo León,Monterrey,Urbano,https://postali.app/mx/nuevo-leon/monterrey/venustiano-carranza-sector-la-alianza
64103,Vicente Suárez (Sector T Alianza),Colonia,Monterrey,Nuevo León,Monterrey,Urbano,https://postali.app/mx/nuevo-leon/monterrey/vicente-suarez-sector-t-alianza
64103,Villas de la Alianza,Colonia,Monterrey,Nuevo León,Monterrey,Urbano,https://postali.app/mx/nuevo-leon/monterrey/villas-de-la-alianza
64103,Villas de San Sebastián,Colonia,Monterrey,Nuevo León,Monterrey,Urbano,https://postali.app/mx/nuevo-leon/monterrey/villas-de-san-sebastian
64103,Villas del Carmen,Colonia,Monterrey,Nuevo León,Monterrey,Urbano,https://postali.app/mx/nuevo-leon/monterrey/villas-del-carmen
64104,San Bernabé II (F-120),Colonia,Monterrey,Nuevo León,Monterrey,Urbano,https://postali.app/mx/nuevo-leon/monterrey/san-bernabe-ii-f-120
64104,San Bernabé III,Colonia,Monterrey,Nuevo León,Monterrey,Urbano,https://postali.app/mx/nuevo-leon/monterrey/san-bernabe-iii
64104,San Bernabé IV (F-124),Colonia,Monterrey,Nuevo León,Monterrey,Urbano,https://postali.app/mx/nuevo-leon/monterrey/san-bernabe-iv-f-124
64105,San Bernabé IX (F-112),Colonia,Monterrey,Nuevo León,Monterrey,Urbano,https://postali.app/mx/nuevo-leon/monterrey/san-bernabe-ix-f-112
64105,San Bernabé X (F-113),Colonia,Monterrey,Nuevo León,Monterrey,Urbano,https://postali.app/mx/nuevo-leon/monterrey/san-bernabe-x-f-113
64105,San Bernabé XI (F-114),Fraccionamiento,Monterrey,Nuevo León,Monterrey,Urbano,https://postali.app/mx/nuevo-leon/monterrey/san-bernabe-xi-f-114
64105,San Bernabé XII (F-115),Colonia,Monterrey,Nuevo León,Monterrey,Urbano,https://postali.app/mx/nuevo-leon/monterrey/san-bernabe-xii-f-115
64106,San Bernabé XIII (F-116),Colonia,Monterrey,Nuevo León,Monterrey,Urbano,https://postali.app/mx/nuevo-leon/monterrey/san-bernabe-xiii-f-116
64106,San Bernabé XIV (F-109),Colonia,Monterrey,Nuevo León,Monterrey,Urbano,https://postali.app/mx/nuevo-leon/monterrey/san-bernabe-xiv-f-109
64106,San Bernabé XV (F-119),Colonia,Monterrey,Nuevo León,Monterrey,Urbano,https://postali.app/mx/nuevo-leon/monterrey/san-bernabe-xv-f-119
64107,Colina de San Bernabé (F-25),Colonia,Monterrey,Nuevo León,Monterrey,Urbano,https://postali.app/mx/nuevo-leon/monterrey/colina-de-san-bernabe-f-25
64108,Plutarco Elías Calles,Colonia,Monterrey,Nuevo León,Monterrey,Urbano,https://postali.app/mx/nuevo-leon/monterrey/plutarco-elias-calles
64109,3 de Febrero,Colonia,Monterrey,Nuevo León,Monterrey,Urbano,https://postali.app/mx/nuevo-leon/monterrey/3-de-febrero
64109,San Bernabé (F-105),Colonia,Monterrey,Nuevo León,Monterrey,Urbano,https://postali.app/mx/nuevo-leon/monterrey/san-bernabe-f-105
64109,San Bernabé (F-51),Colonia,Monterrey,Nuevo León,Monterrey,Urbano,https://postali.app/mx/nuevo-leon/monterrey/san-bernabe-f-51
64110,Madre Selva,Colonia,Monterrey,Nuevo León,Monterrey,Urbano,https://postali.app/mx/nuevo-leon/monterrey/madre-selva
64110,Misión Lincoln,Fraccionamiento,Monterrey,Nuevo León,Monterrey,Urbano,https://postali.app/mx/nuevo-leon/monterrey/mision-lincoln
64116,Cumbre Alta,Fraccionamiento,Monterrey,Nuevo León,Monterrey,Urbano,https://postali.app/mx/nuevo-leon/monterrey/cumbre-alta
64116,Lomas de Cumbres,Colonia,Monterrey,Nuevo León,Monterrey,Urbano,https://postali.app/mx/nuevo-leon/monterrey/lomas-de-cumbres
64116,Villa Cumbres,Colonia,Monterrey,Nuevo León,Monterrey,Urbano,https://postali.app/mx/nuevo-leon/monterrey/villa-cumbres
64117,Balcones de las Mitras,Colonia,Monterrey,Nuevo León,Monterrey,Urbano,https://postali.app/mx/nuevo-leon/monterrey/balcones-de-las-mitras
64117,Colinas de Valle Verde,Colonia,Monterrey,Nuevo León,Monterrey,Urbano,https://postali.app/mx/nuevo-leon/monterrey/colinas-de-valle-verde
64117,Torres Monarcas,Condominio,Monterrey,Nuevo León,Monterrey,Urbano,https://postali.app/mx/nuevo-leon/monterrey/torres-monarcas
64117,Valle Verde Segundo Sector,Colonia,Monterrey,Nuevo León,Monterrey,Urbano,https://postali.app/mx/nuevo-leon/monterrey/valle-verde-segundo-sector
64118,Paseo de las Mitras,Colonia,Monterrey,Nuevo León,Monterrey,Urbano,https://postali.app/mx/nuevo-leon/monterrey/paseo-de-las-mitras
64119,Fidel Velázquez (SNAT),Colonia,Monterrey,Nuevo León,Monterrey,Urbano,https://postali.app/mx/nuevo-leon/monterrey/fidel-velazquez-snat
64120,Loma Linda,Colonia,Monterrey,Nuevo León,Monterrey,Urbano,https://postali.app/mx/nuevo-leon/monterrey/loma-linda
64130,Lomas de Villa Alegre,Colonia,Monterrey,Nuevo León,Monterrey,Urbano,https://postali.app/mx/nuevo-leon/monterrey/lomas-de-villa-alegre
64130,Villa Alegre,Colonia,Monterrey,Nuevo León,Monterrey,Urbano,https://postali.app/mx/nuevo-leon/monterrey/villa-alegre
64140,Lomas Modelo,Colonia,Monterrey,Nuevo León,Monterrey,Urbano,https://postali.app/mx/nuevo-leon/monterrey/lomas-modelo
64140,Unidad Modelo,Unidad habitacional,Monterrey,Nuevo León,Monterrey,Urbano,https://postali.app/mx/nuevo-leon/monterrey/unidad-modelo
64140,Valle de Santa Lucía (Granja Sanitaria),Colonia,Monterrey,Nuevo León,Monterrey,Urbano,https://postali.app/mx/nuevo-leon/monterrey/valle-de-santa-lucia-granja-sanitaria
64145,Paso del Águila,Colonia,Monterrey,Nuevo León,Monterrey,Urbano,https://postali.app/mx/nuevo-leon/monterrey/paso-del-aguila
64148,Genaro Rojas Vázquez,Colonia,Monterrey,Nuevo León,Monterrey,Urbano,https://postali.app/mx/nuevo-leon/monterrey/genaro-rojas-vazquez
64150,Santa Cecilia,Colonia,Monterrey,Nuevo León,Monterrey,Urbano,https://postali.app/mx/nuevo-leon/monterrey/santa-cecilia
64150,Villa Santa Cecilia,Colonia,Monterrey,Nuevo León,Monterrey,Urbano,https://postali.app/mx/nuevo-leon/monterrey/villa-santa-cecilia
64150,Álvaro Obregón,Colonia,Monterrey,Nuevo León,Monterrey,Urbano,https://postali.app/mx/nuevo-leon/monterrey/alvaro-obregon
64157,Rincón Santa Cecilia,Colonia,Monterrey,Nuevo León,Monterrey,Urbano,https://postali.app/mx/nuevo-leon/monterrey/rincon-santa-cecilia
64157,Valle Santa Cecilia,Colonia,Monterrey,Nuevo León,Monterrey,Urbano,https://postali.app/mx/nuevo-leon/monterrey/valle-santa-cecilia
64158,Lomas de Santa Cecilia,Colonia,Monterrey,Nuevo León,Monterrey,Urbano,https://postali.app/mx/nuevo-leon/monterrey/lomas-de-santa-cecilia
64159,Cerritos Modelo (F-76),Colonia,Monterrey,Nuevo León,Monterrey,Urbano,https://postali.app/mx/nuevo-leon/monterrey/cerritos-modelo-f-76
64159,Lomas Modelo Norte,Colonia,Monterrey,Nuevo León,Monterrey,Urbano,https://postali.app/mx/nuevo-leon/monterrey/lomas-modelo-norte
64159,Mitra Dorada,Colonia,Monterrey,Nuevo León,Monterrey,Urbano,https://postali.app/mx/nuevo-leon/monterrey/mitra-dorada
64160,15 de Marzo,Colonia,Monterrey,Nuevo León,Monterrey,Urbano,https://postali.app/mx/nuevo-leon/monterrey/15-de-marzo
64160,16 de Septiembre,Colonia,Monterrey,Nuevo León,Monterrey,Urbano,https://postali.app/mx/nuevo-leon/monterrey/16-de-septiembre
64160,Esperanza o Peña Elizondo,Colonia,Monterrey,Nuevo León,Monterrey,Urbano,https://postali.app/mx/nuevo-leon/monterrey/esperanza-o-pena-elizondo
64160,Jardín Modelo,Colonia,Monterrey,Nuevo León,Monterrey,Urbano,https://postali.app/mx/nuevo-leon/monterrey/jardin-modelo
64160,Nueva Galicia,Colonia,Monterrey,Nuevo León,Monterrey,Urbano,https://postali.app/mx/nuevo-leon/monterrey/nueva-galicia
64160,Nueva Modelo (F-8),Colonia,Monterrey,Nuevo León,Monterrey,Urbano,https://postali.app/mx/nuevo-leon/monterrey/nueva-modelo-f-8
64160,Santa Cruz (F- 10),Colonia,Monterrey,Nuevo León,Monterrey,Urbano,https://postali.app/mx/nuevo-leon/monterrey/santa-cruz-f-10
64165,Residencial Raúl Rangel Frías,Colonia,Monterrey,Nuevo León,Monterrey,Urbano,https://postali.app/mx/nuevo-leon/monterrey/residencial-raul-rangel-frias
64165,Unión de Fierreros,Colonia,Monterrey,Nuevo León,Monterrey,Urbano,https://postali.app/mx/nuevo-leon/monterrey/union-de-fierreros
64167,Lomas de La Unidad Modelo,Colonia,Monterrey,Nuevo León,Monterrey,Urbano,https://postali.app/mx/nuevo-leon/monterrey/lomas-de-la-unidad-modelo
64168,Abelardo Zapata,Colonia,Monterrey,Nuevo León,Monterrey,Urbano,https://postali.app/mx/nuevo-leon/monterrey/abelardo-zapata
64170,Condocasa Mitras,Colonia,Monterrey,Nuevo León,Monterrey,Urbano,https://postali.app/mx/nuevo-leon/monterrey/condocasa-mitras
64170,Felipe Ángeles,Colonia,Monterrey,Nuevo León,Monterrey,Urbano,https://postali.app/mx/nuevo-leon/monterrey/felipe-angeles
64170,San Francisco de Asís,Colonia,Monterrey,Nuevo León,Monterrey,Urbano,https://postali.app/mx/nuevo-leon/monterrey/san-francisco-de-asis
64170,Villa Mitras,Colonia,Monterrey,Nuevo León,Monterrey,Urbano,https://postali.app/mx/nuevo-leon/monterrey/villa-mitras
64178,Bortoní,Colonia,Monterrey,Nuevo León,Monterrey,Urbano,https://postali.app/mx/nuevo-leon/monterrey/bortoni
64180,Del Maestro,Colonia,Monterrey,Nuevo León,Monterrey,Urbano,https://postali.app/mx/nuevo-leon/monterrey/del-maestro
64180,Morelos,Colonia,Monterrey,Nuevo León,Monterrey,Urbano,https://postali.app/mx/nuevo-leon/monterrey/morelos
64180,Nueva Morelos,Colonia,Monterrey,Nuevo León,Monterrey,Urbano,https://postali.app/mx/nuevo-leon/monterrey/nueva-morelos
64180,Privada Cumbres,Condominio,Monterrey,Nuevo León,Monterrey,Urbano,https://postali.app/mx/nuevo-leon/monterrey/privada-cumbres
64180,Torres Pravia,Fraccionamiento,Monterrey,Nuevo León,Monterrey,Urbano,https://postali.app/mx/nuevo-leon/monterrey/torres-pravia
64180,Valle Morelos,Colonia,Monterrey,Nuevo León,Monterrey,Urbano,https://postali.app/mx/nuevo-leon/monterrey/valle-morelos
64186,5 de Mayo,Colonia,Monterrey,Nuevo León,Monterrey,Urbano,https://postali.app/mx/nuevo-leon/monterrey/5-de-mayo
64190,Central,Colonia,Monterrey,Nuevo León,Monterrey,Urbano,https://postali.app/mx/nuevo-leon/monterrey/central
64200,CROC,Unidad habitacional,Monterrey,Nuevo León,Monterrey,Urbano,https://postali.app/mx/nuevo-leon/monterrey/croc
64204,Valle de San Martín (F-24),Colonia,Monterrey,Nuevo León,Monterrey,Urbano,https://postali.app/mx/nuevo-leon/monterrey/valle-de-san-martin-f-24
64205,Lomas de Topo Chico,Colonia,Monterrey,Nuevo León,Monterrey,Urbano,https://postali.app/mx/nuevo-leon/monterrey/lomas-de-topo-chico
64206,El Porvenir,Colonia,Monterrey,Nuevo León,Monterrey,Urbano,https://postali.app/mx/nuevo-leon/monterrey/el-porvenir
64206,Laderas del Topo Chico (F-23),Colonia,Monterrey,Nuevo León,Monterrey,Urbano,https://postali.app/mx/nuevo-leon/monterrey/laderas-del-topo-chico-f-23
64209,Conquistadores,Colonia,Monterrey,Nuevo León,Monterrey,Urbano,https://postali.app/mx/nuevo-leon/monterrey/conquistadores
64209,Tierra Propia (F-35),Unidad habitacional,Monterrey,Nuevo León,Monterrey,Urbano,https://postali.app/mx/nuevo-leon/monterrey/tierra-propia-f-35
64210,7 de Noviembre (F-82),Colonia,Monterrey,Nuevo León,Monterrey,Urbano,https://postali.app/mx/nuevo-leon/monterrey/7-de-noviembre-f-82
64210,Artículo 27 (F-96),Colonia,Monterrey,Nuevo León,Monterrey,Urbano,https://postali.app/mx/nuevo-leon/monterrey/articulo-27-f-96
64210,DIF (F-15),Colonia,Monterrey,Nuevo León,Monterrey,Urbano,https://postali.app/mx/nuevo-leon/monterrey/dif-f-15
64210,Fomerrey,Colonia,Monterrey,Nuevo León,Monterrey,Urbano,https://postali.app/mx/nuevo-leon/monterrey/fomerrey
64210,San Martín,Colonia,Monterrey,Nuevo León,Monterrey,Urbano,https://postali.app/mx/nuevo-leon/monterrey/san-martin
64215,23 de Marzo,Colonia,Monterrey,Nuevo León,Monterrey,Urbano,https://postali.app/mx/nuevo-leon/monterrey/23-de-marzo
64215,Balcones de Aztlán,Colonia,Monterrey,Nuevo León,Monterrey,Urbano,https://postali.app/mx/nuevo-leon/monterrey/balcones-de-aztlan
64215,Libertadores de América,Colonia,Monterrey,Nuevo León,Monterrey,Urbano,https://postali.app/mx/nuevo-leon/monterrey/libertadores-de-america
64215,René Álvarez,Colonia,Monterrey,Nuevo León,Monterrey,Urbano,https://postali.app/mx/nuevo-leon/monterrey/rene-alvarez
64217,Municipal (Popular Municipal),Unidad habitacional,Monterrey,Nuevo León,Monterrey,Urbano,https://postali.app/mx/nuevo-leon/monterrey/municipal-popular-municipal
64217,Popular,Fraccionamiento,Monterrey,Nuevo León,Monterrey,Urbano,https://postali.app/mx/nuevo-leon/monterrey/popular
64217,PROVILEON San Bernabé,Colonia,Monterrey,Nuevo León,Monterrey,Urbano,https://postali.app/mx/nuevo-leon/monterrey/provileon-san-bernabe
64217,San Bernabé VIII (F-125),Colonia,Monterrey,Nuevo León,Monterrey,Urbano,https://postali.app/mx/nuevo-leon/monterrey/san-bernabe-viii-f-125
64218,Benito Juárez (Tiraderos de Basura),Colonia,Monterrey,Nuevo León,Monterrey,Urbano,https://postali.app/mx/nuevo-leon/monterrey/benito-juarez-tiraderos-de-basura
64218,Municipal Ampliación,Colonia,Monterrey,Nuevo León,Monterrey,Urbano,https://postali.app/mx/nuevo-leon/monterrey/municipal-ampliacion
64219,Felipe Zambrano,Colonia,Monterrey,Nuevo León,Monterrey,Urbano,https://postali.app/mx/nuevo-leon/monterrey/felipe-zambrano
64219,Gloria Mendiola (Tierra Propia),Colonia,Monterrey,Nuevo León,Monterrey,Urbano,https://postali.app/mx/nuevo-leon/monterrey/gloria-mendiola-tierra-propia
64220,1 de Mayo (F-97),Colonia,Monterrey,Nuevo León,Monterrey,Urbano,https://postali.app/mx/nuevo-leon/monterrey/1-de-mayo-f-97
64220,Lomas de San Martín,Colonia,Monterrey,Nuevo León,Monterrey,Urbano,https://postali.app/mx/nuevo-leon/monterrey/lomas-de-san-martin
64225,5 de Mayo (F-93),Colonia,Monterrey,Nuevo León,Monterrey,Urbano,https://postali.app/mx/nuevo-leon/monterrey/5-de-mayo-f-93
64226,La Amistad,Colonia,Monterrey,Nuevo León,Monterrey,Urbano,https://postali.app/mx/nuevo-leon/monterrey/la-amistad
64227,Villa San Ángel Topo Chico,Colonia,Monterrey,Nuevo León,Monterrey,Urbano,https://postali.app/mx/nuevo-leon/monterrey/villa-san-angel-topo-chico
64228,Francisco Villa,Colonia,Monterrey,Nuevo León,Monterrey,Urbano,https://postali.app/mx/nuevo-leon/monterrey/francisco-villa
64229,19 de Abril,Colonia,Monterrey,Nuevo León,Monterrey,Urbano,https://postali.app/mx/nuevo-leon/monterrey/19-de-abril
64229,Oscar Herrera Hosking,Colonia,Monterrey,Nuevo León,Monterrey,Urbano,https://postali.app/mx/nuevo-leon/monterrey/oscar-herrera-hosking
64230,San Ángel (F-78),Colonia,Monterrey,Nuevo León,Monterrey,Urbano,https://postali.app/mx/nuevo-leon/monterrey/san-angel-f-78
64233,Fray Servando Teresa de Mier (F-6),Colonia,Monterrey,Nuevo León,Monterrey,Urbano,https://postali.app/mx/nuevo-leon/monterrey/fray-servando-teresa-de-mier-f-6
64234,18 de Febrero,Colonia,Monterrey,Nuevo León,Monterrey,Urbano,https://postali.app/mx/nuevo-leon/monterrey/18-de-febrero
64235,Las Pedreras,Colonia,Monterrey,Nuevo León,Monterrey,Urbano,https://postali.app/mx/nuevo-leon/monterrey/las-pedreras
64235,Salvador Allende,Colonia,Monterrey,Nuevo León,Monterrey,Urbano,https://postali.app/mx/nuevo-leon/monterrey/salvador-allende
64235,Unidad del Pueblo,Unidad habitacional,Monterrey,Nuevo León,Monterrey,Urbano,https://postali.app/mx/nuevo-leon/monterrey/unidad-del-pueblo
64236,Tierra y Libertad Sector Heróico,Colonia,Monterrey,Nuevo León,Monterrey,Urbano,https://postali.app/mx/nuevo-leon/monterrey/tierra-y-libertad-sector-heroico
64237,Fomerrey Sector Poniente,Colonia,Monterrey,Nuevo León,Monterrey,Urbano,https://postali.app/mx/nuevo-leon/monterrey/fomerrey-sector-poniente
64237,La Esperanza (Tierra Propia),Colonia,Monterrey,Nuevo León,Monterrey,Urbano,https://postali.app/mx/nuevo-leon/monterrey/la-esperanza-tierra-propia
64238,Predio Zapata,Colonia,Monterrey,Nuevo León,Monterrey,Urbano,https://postali.app/mx/nuevo-leon/monterrey/predio-zapata
64240,21 de Marzo 2 Sector,Colonia,Monterrey,Nuevo León,Monterrey,Urbano,https://postali.app/mx/nuevo-leon/monterrey/21-de-marzo-2-sector
64240,Francisco González Bocanegra,Colonia,Monterrey,Nuevo León,Monterrey,Urbano,https://postali.app/mx/nuevo-leon/monterrey/francisco-gonzalez-bocanegra
64240,Los Dorados,Colonia,Monterrey,Nuevo León,Monterrey,Urbano,https://postali.app/mx/nuevo-leon/monterrey/los-dorados
64240,Moctezuma,Colonia,Monterrey,Nuevo León,Monterrey,Urbano,https://postali.app/mx/nuevo-leon/monterrey/moctezuma
64240,Mártires de San Cosme,Colonia,Monterrey,Nuevo León,Monterrey,Urbano,https://postali.app/mx/nuevo-leon/monterrey/martires-de-san-cosme
64240,Rafael Buelna,Colonia,Monterrey,Nuevo León,Monterrey,Urbano,https://postali.app/mx/nuevo-leon/monterrey/rafael-buelna
64244,Tierra y Libertad Sector Sur,Colonia,Monterrey,Nuevo León,Monterrey,Urbano,https://postali.app/mx/nuevo-leon/monterrey/tierra-y-libertad-sector-sur
64245,CNOP,Colonia,Monterrey,Nuevo León,Monterrey,Urbano,https://postali.app/mx/nuevo-leon/monterrey/cnop
64246,Tierra y Libertad Sector Centro,Colonia,Monterrey,Nuevo León,Monterrey,Urbano,https://postali.app/mx/nuevo-leon/monterrey/tierra-y-libertad-sector-centro
64247,Plan de San Luis,Colonia,Monterrey,Nuevo León,Monterrey,Urbano,https://postali.app/mx/nuevo-leon/monterrey/plan-de-san-luis
64248,Madero,Colonia,Monterrey,Nuevo León,Monterrey,Urbano,https://postali.app/mx/nuevo-leon/monterrey/madero
64249,Tierra y Libertad Sector Norte,Colonia,Monterrey,Nuevo León,Monterrey,Urbano,https://postali.app/mx/nuevo-leon/monterrey/tierra-y-libertad-sector-norte
64249,Unidad Reforma Urbana,Colonia,Monterrey,Nuevo León,Monterrey,Urbano,https://postali.app/mx/nuevo-leon/monterrey/unidad-reforma-urbana
64250,Ferrocarrilera,Colonia,Monterrey,Nuevo León,Monterrey,Urbano,https://postali.app/mx/nuevo-leon/monterrey/ferrocarrilera
64250,Flores Magón 3 Sector,Colonia,Monterrey,Nuevo León,Monterrey,Urbano,https://postali.app/mx/nuevo-leon/monterrey/flores-magon-3-sector
64250,Josefa Ortiz de Domínguez,Colonia,Monterrey,Nuevo León,Monterrey,Urbano,https://postali.app/mx/nuevo-leon/monterrey/josefa-ortiz-de-dominguez
64250,Loma Bonita,Colonia,Monterrey,Nuevo León,Monterrey,Urbano,https://postali.app/mx/nuevo-leon/monterrey/loma-bonita
64250,Pablo González,Colonia,Monterrey,Nuevo León,Monterrey,Urbano,https://postali.app/mx/nuevo-leon/monterrey/pablo-gonzalez
64250,Residencial Aztlán,Colonia,Monterrey,Nuevo León,Monterrey,Urbano,https://postali.app/mx/nuevo-leon/monterrey/residencial-aztlan
64250,Unión Benito Garza Cantú,Colonia,Monterrey,Nuevo León,Monterrey,Urbano,https://postali.app/mx/nuevo-leon/monterrey/union-benito-garza-cantu
64250,Valle del Topo Chico Sexto Sector,Colonia,Monterrey,Nuevo León,Monterrey,Urbano,https://postali.app/mx/nuevo-leon/monterrey/valle-del-topo-chico-sexto-sector
64258,Carmen Serdán,Colonia,Monterrey,Nuevo León,Monterrey,Urbano,https://postali.app/mx/nuevo-leon/monterrey/carmen-serdan
64259,Valle del Topo Chico,Colonia,Monterrey,Nuevo León,Monterrey,Urbano,https://postali.app/mx/nuevo-leon/monterrey/valle-del-topo-chico
64260,Constituyentes del 57,Colonia,Monterrey,Nuevo León,Monterrey,Urbano,https://postali.app/mx/nuevo-leon/monterrey/constituyentes-del-57
64260,Hogares Ferrocarrileros,Colonia,Monterrey,Nuevo León,Monterrey,Urbano,https://postali.app/mx/nuevo-leon/monterrey/hogares-ferrocarrileros
64260,Héroe de Nacozari,Colonia,Monterrey,Nuevo León,Monterrey,Urbano,https://postali.app/mx/nuevo-leon/monterrey/heroe-de-nacozari
64260,INFONAVIT Hogares Ferrocarrileros,Colonia,Monterrey,Nuevo León,Monterrey,Urbano,https://postali.app/mx/nuevo-leon/monterrey/infonavit-hogares-ferrocarrileros
64260,Kennedy,Colonia,Monterrey,Nuevo León,Monterrey,Urbano,https://postali.app/mx/nuevo-leon/monterrey/kennedy
64260,Lomas de Anáhuac,Colonia,Monterrey,Nuevo León,Monterrey,Urbano,https://postali.app/mx/nuevo-leon/monterrey/lomas-de-anahuac
64260,Luis Echeverría (F-75),Colonia,Monterrey,Nuevo León,Monterrey,Urbano,https://postali.app/mx/nuevo-leon/monterrey/luis-echeverria-f-75
64260,Monterrey Conjunto Habitacional,Fraccionamiento,Monterrey,Nuevo León,Monterrey,Urbano,https://postali.app/mx/nuevo-leon/monterrey/monterrey-conjunto-habitacional
64260,Nogales Topo Chico,Colonia,Monterrey,Nuevo León,Monterrey,Urbano,https://postali.app/mx/nuevo-leon/monterrey/nogales-topo-chico
64260,Topo Chico,Colonia,Monterrey,Nuevo León,Monterrey,Urbano,https://postali.app/mx/nuevo-leon/monterrey/topo-chico
64264,La Meseta,Colonia,Monterrey,Nuevo León,Monterrey,Urbano,https://postali.app/mx/nuevo-leon/monterrey/la-meseta
64265,Cándido Díaz,Colonia,Monterrey,Nuevo León,Monterrey,Urbano,https://postali.app/mx/nuevo-leon/monterrey/candido-diaz
64265,Unión Benito Juárez,Colonia,Monterrey,Nuevo León,Monterrey,Urbano,https://postali.app/mx/nuevo-leon/monterrey/union-benito-juarez
64265,Ávila Camacho,Colonia,Monterrey,Nuevo León,Monterrey,Urbano,https://postali.app/mx/nuevo-leon/monterrey/avila-camacho
64266,Belisario Domínguez,Colonia,Monterrey,Nuevo León,Monterrey,Urbano,https://postali.app/mx/nuevo-leon/monterrey/belisario-dominguez
64266,Nueva Topo Chico,Colonia,Monterrey,Nuevo León,Monterrey,Urbano,https://postali.app/mx/nuevo-leon/monterrey/nueva-topo-chico
64268,10 de Junio,Colonia,Monterrey,Nuevo León,Monterrey,Urbano,https://postali.app/mx/nuevo-leon/monterrey/10-de-junio
64268,4 de Diciembre,Colonia,Monterrey,Nuevo León,Monterrey,Urbano,https://postali.app/mx/nuevo-leon/monterrey/4-de-diciembre
64268,División del Norte,Colonia,Monterrey,Nuevo León,Monterrey,Urbano,https://postali.app/mx/nuevo-leon/monterrey/division-del-norte
64268,Primero de Junio,Colonia,Monterrey,Nuevo León,Monterrey,Urbano,https://postali.app/mx/nuevo-leon/monterrey/primero-de-junio
64268,Unión Cuauhtémoc,Colonia,Monterrey,Nuevo León,Monterrey,Urbano,https://postali.app/mx/nuevo-leon/monterrey/union-cuauhtemoc
64269,Lázaro Cárdenas,Colonia,Monterrey,Nuevo León,Monterrey,Urbano,https://postali.app/mx/nuevo-leon/monterrey/lazaro-cardenas
64270,Plaza Insurgentes,Colonia,Monterrey,Nuevo León,Monterrey,Urbano,https://postali.app/mx/nuevo-leon/monterrey/plaza-insurgentes
64270,San José,Colonia,Monterrey,Nuevo León,Monterrey,Urbano,https://postali.app/mx/nuevo-leon/monterrey/san-jose
64270,Santa Fe Nor Poniente,Colonia,Monterrey,Nuevo León,Monterrey,Urbano,https://postali.app/mx/nuevo-leon/monterrey/santa-fe-nor-poniente
64270,Simón Bolívar,Colonia,Monterrey,Nuevo León,Monterrey,Urbano,https://postali.app/mx/nuevo-leon/monterrey/simon-bolivar
64280,Bernardo Reyes,Fraccionamiento,Monterrey,Nuevo León,Monterrey,Urbano,https://postali.app/mx/nuevo-leon/monterrey/bernardo-reyes
64280,Narciso Mendoza,Colonia,Monterrey,Nuevo León,Monterrey,Urbano,https://postali.app/mx/nuevo-leon/monterrey/narciso-mendoza
64280,Niño Artillero,Colonia,Monterrey,Nuevo León,Monterrey,Urbano,https://postali.app/mx/nuevo-leon/monterrey/nino-artillero
64280,Pueblo Quieto,Colonia,Monterrey,Nuevo León,Monterrey,Urbano,https://postali.app/mx/nuevo-leon/monterrey/pueblo-quieto
64290,Hidalgo,Colonia,Monterrey,Nuevo León,Monterrey,Urbano,https://postali.app/mx/nuevo-leon/monterrey/hidalgo
64290,Popular,Colonia,Monterrey,Nuevo León,Monterrey,Urbano,https://postali.app/mx/nuevo-leon/monterrey/popular-64290
64290,Regina,Colonia,Monterrey,Nuevo León,Monterrey,Urbano,https://postali.app/mx/nuevo-leon/monterrey/regina
64299,AKRA,Zona industrial,Monterrey,Nuevo León,Monterrey,Urbano,https://postali.app/mx/nuevo-leon/monterrey/akra
64299,Industrial,Zona industrial,Monterrey,Nuevo León,Monterrey,Urbano,https://postali.app/mx/nuevo-leon/monterrey/industrial
64299,Predio Estrella,Colonia,Monterrey,Nuevo León,Monterrey,Urbano,https://postali.app/mx/nuevo-leon/monterrey/predio-estrella
64300,Jardín de las Mitras,Colonia,Monterrey,Nuevo León,Monterrey,Urbano,https://postali.app/mx/nuevo-leon/monterrey/jardin-de-las-mitras
64300,Valle de las Mitras,Colonia,Monterrey,Nuevo León,Monterrey,Urbano,https://postali.app/mx/nuevo-leon/monterrey/valle-de-las-mitras
64310,Industrial Abraham Lincoln,Zona industrial,Monterrey,Nuevo León,Monterrey,Urbano,https://postali.app/mx/nuevo-leon/monterrey/industrial-abraham-lincoln
64310,Premier Lincoln,Colonia,Monterrey,Nuevo León,Monterrey,Urbano,https://postali.app/mx/nuevo-leon/monterrey/premier-lincoln
64310,Residencial Abraham Lincoln,Colonia,Monterrey,Nuevo León,Monterrey,Urbano,https://postali.app/mx/nuevo-leon/monterrey/residencial-abraham-lincoln
64310,Torres Lincoln,Colonia,Monterrey,Nuevo León,Monterrey,Urbano,https://postali.app/mx/nuevo-leon/monterrey/torres-lincoln
64320,Mitras Norte,Colonia,Monterrey,Nuevo León,Monterrey,Urbano,https://postali.app/mx/nuevo-leon/monterrey/mitras-norte
64330,Francisco García Naranjo (INDECO),Colonia,Monterrey,Nuevo León,Monterrey,Urbano,https://postali.app/mx/nuevo-leon/monterrey/francisco-garcia-naranjo-indeco
64330,Francisco García Naranjo (PROVILEON),Colonia,Monterrey,Nuevo León,Monterrey,Urbano,https://postali.app/mx/nuevo-leon/monterrey/francisco-garcia-naranjo-provileon
64330,San Jorge,Colonia,Monterrey,Nuevo León,Monterrey,Urbano,https://postali.app/mx/nuevo-leon/monterrey/san-jorge
64339,Valle Verde Tercer Sector,Colonia,Monterrey,Nuevo León,Monterrey,Urbano,https://postali.app/mx/nuevo-leon/monterrey/valle-verde-tercer-sector
64340,Cumbres Elite Sector Villas,Colonia,Monterrey,Nuevo León,Monterrey,Urbano,https://postali.app/mx/nuevo-leon/monterrey/cumbres-elite-sector-villas
64340,Hacienda Mitras,Colonia,Monterrey,Nuevo León,Monterrey,Urbano,https://postali.app/mx/nuevo-leon/monterrey/hacienda-mitras
64340,Privadas de Cumbres,Fraccionamiento,Monterrey,Nuevo León,Monterrey,Urbano,https://postali.app/mx/nuevo-leon/monterrey/privadas-de-cumbres
64344,Pedregal Cumbres,Colonia,Monterrey,Nuevo León,Monterrey,Urbano,https://postali.app/mx/nuevo-leon/monterrey/pedregal-cumbres
64345,Alborán,Fraccionamiento,Monterrey,Nuevo León,Monterrey,Urbano,https://postali.app/mx/nuevo-leon/monterrey/alboran
64345,Cumbre Allegro,Fraccionamiento,Monterrey,Nuevo León,Monterrey,Urbano,https://postali.app/mx/nuevo-leon/monterrey/cumbre-allegro
64345,Cumbres Elite Premier Privada Apeninos,Fraccionamiento,Monterrey,Nuevo León,Monterrey,Urbano,https://postali.app/mx/nuevo-leon/monterrey/cumbres-elite-premier-privada-apeninos
64345,Cumbres Elite Premier Privada Santa Helena,Fraccionamiento,Monterrey,Nuevo León,Monterrey,Urbano,https://postali.app/mx/nuevo-leon/monterrey/cumbres-elite-premier-privada-santa-helena
64345,Cumbres Elite Premier Privadas Alpes y Everest,Fraccionamiento,Monterrey,Nuevo León,Monterrey,Urbano,https://postali.app/mx/nuevo-leon/monterrey/cumbres-elite-premier-privadas-alpes-y-everest
64346,Cumbres Jade,Fraccionamiento,Monterrey,Nuevo León,Monterrey,Urbano,https://postali.app/mx/nuevo-leon/monterrey/cumbres-jade
64346,Cumbres Le Fontaine,Fraccionamiento,Monterrey,Nuevo León,Monterrey,Urbano,https://postali.app/mx/nuevo-leon/monterrey/cumbres-le-fontaine
64346,Cumbres Platino,Fraccionamiento,Monterrey,Nuevo León,Monterrey,Urbano,https://postali.app/mx/nuevo-leon/monterrey/cumbres-platino
64346,Cumbres Providencia,Colonia,Monterrey,Nuevo León,Monterrey,Urbano,https://postali.app/mx/nuevo-leon/monterrey/cumbres-providencia
64346,Cumbres Renacimiento,Fraccionamiento,Monterrey,Nuevo León,Monterrey,Urbano,https://postali.app/mx/nuevo-leon/monterrey/cumbres-renacimiento
64346,Cumbres Rodeo,Fraccionamiento,Monterrey,Nuevo León,Monterrey,Urbano,https://postali.app/mx/nuevo-leon/monterrey/cumbres-rodeo
64346,Cumbres San Ángel,Fraccionamiento,Monterrey,Nuevo León,Monterrey,Urbano,https://postali.app/mx/nuevo-leon/monterrey/cumbres-san-angel
64346,Hacienda Santa Clara,Colonia,Monterrey,Nuevo León,Monterrey,Urbano,https://postali.app/mx/nuevo-leon/monterrey/hacienda-santa-clara
64346,Paseo de Cumbres,Fraccionamiento,Monterrey,Nuevo León,Monterrey,Urbano,https://postali.app/mx/nuevo-leon/monterrey/paseo-de-cumbres
64346,Privadas Cumbres Diamante,Fraccionamiento,Monterrey,Nuevo León,Monterrey,Urbano,https://postali.app/mx/nuevo-leon/monterrey/privadas-cumbres-diamante
64346,Real de Cumbres,Fraccionamiento,Monterrey,Nuevo León,Monterrey,Urbano,https://postali.app/mx/nuevo-leon/monterrey/real-de-cumbres
64347,Cumbres Oro Residencial,Colonia,Monterrey,Nuevo León,Monterrey,Urbano,https://postali.app/mx/nuevo-leon/monterrey/cumbres-oro-residencial
64347,Cumbres Oro Sector Regency,Colonia,Monterrey,Nuevo León,Monterrey,Urbano,https://postali.app/mx/nuevo-leon/monterrey/cumbres-oro-sector-regency
64347,Cumbres Quinta Real,Colonia,Monterrey,Nuevo León,Monterrey,Urbano,https://postali.app/mx/nuevo-leon/monterrey/cumbres-quinta-real
64347,Jardines de las Cumbres,Colonia,Monterrey,Nuevo León,Monterrey,Urbano,https://postali.app/mx/nuevo-leon/monterrey/jardines-de-las-cumbres
64347,Misión Cumbres 2 Sector,Colonia,Monterrey,Nuevo León,Monterrey,Urbano,https://postali.app/mx/nuevo-leon/monterrey/mision-cumbres-2-sector
64347,Valle de las Cumbres Primer Sector,Colonia,Monterrey,Nuevo León,Monterrey,Urbano,https://postali.app/mx/nuevo-leon/monterrey/valle-de-las-cumbres-primer-sector
64347,Valle de las Cumbres Segundo Sector,Colonia,Monterrey,Nuevo León,Monterrey,Urbano,https://postali.app/mx/nuevo-leon/monterrey/valle-de-las-cumbres-segundo-sector
64348,Mirador de las Mitras,Colonia,Monterrey,Nuevo León,Monterrey,Urbano,https://postali.app/mx/nuevo-leon/monterrey/mirador-de-las-mitras
64348,Misión de las Cumbres,Colonia,Monterrey,Nuevo León,Monterrey,Urbano,https://postali.app/mx/nuevo-leon/monterrey/mision-de-las-cumbres
64348,Portal de Cumbres,Colonia,Monterrey,Nuevo León,Monterrey,Urbano,https://postali.app/mx/nuevo-leon/monterrey/portal-de-cumbres
64349,Cerradas de Cumbres,Fraccionamiento,Monterrey,Nuevo León,Monterrey,Urbano,https://postali.app/mx/nuevo-leon/monterrey/cerradas-de-cumbres
64349,Cima de la Montaña,Fraccionamiento,Monterrey,Nuevo León,Monterrey,Urbano,https://postali.app/mx/nuevo-leon/monterrey/cima-de-la-montana
64349,Cima del Bosque,Fraccionamiento,Monterrey,Nuevo León,Monterrey,Urbano,https://postali.app/mx/nuevo-leon/monterrey/cima-del-bosque
64349,Colonial Cumbres,Colonia,Monterrey,Nuevo León,Monterrey,Urbano,https://postali.app/mx/nuevo-leon/monterrey/colonial-cumbres
64349,Cumbres Antares,Fraccionamiento,Monterrey,Nuevo León,Monterrey,Urbano,https://postali.app/mx/nuevo-leon/monterrey/cumbres-antares
64349,Cumbres Callejuelas,Fraccionamiento,Monterrey,Nuevo León,Monterrey,Urbano,https://postali.app/mx/nuevo-leon/monterrey/cumbres-callejuelas
64349,Cumbres del Sol,Fraccionamiento,Monterrey,Nuevo León,Monterrey,Urbano,https://postali.app/mx/nuevo-leon/monterrey/cumbres-del-sol
64349,Cumbres Elite,Fraccionamiento,Monterrey,Nuevo León,Monterrey,Urbano,https://postali.app/mx/nuevo-leon/monterrey/cumbres-elite
64349,Cumbres Elite Sector la Hacienda,Fraccionamiento,Monterrey,Nuevo León,Monterrey,Urbano,https://postali.app/mx/nuevo-leon/monterrey/cumbres-elite-sector-la-hacienda
64349,Cumbres Gran Vía,Fraccionamiento,Monterrey,Nuevo León,Monterrey,Urbano,https://postali.app/mx/nuevo-leon/monterrey/cumbres-gran-via
64349,Cumbres la Joya,Fraccionamiento,Monterrey,Nuevo León,Monterrey,Urbano,https://postali.app/mx/nuevo-leon/monterrey/cumbres-la-joya
64349,Cumbres las Palmas,Colonia,Monterrey,Nuevo León,Monterrey,Urbano,https://postali.app/mx/nuevo-leon/monterrey/cumbres-las-palmas
64349,Cumbres Madeira,Fraccionamiento,Monterrey,Nuevo León,Monterrey,Urbano,https://postali.app/mx/nuevo-leon/monterrey/cumbres-madeira
64349,Cumbres Madeira Francés,Fraccionamiento,Monterrey,Nuevo León,Monterrey,Urbano,https://postali.app/mx/nuevo-leon/monterrey/cumbres-madeira-frances
64349,Cumbres Platinum,Colonia,Monterrey,Nuevo León,Monterrey,Urbano,https://postali.app/mx/nuevo-leon/monterrey/cumbres-platinum
64349,Cumbres San Agustín,Fraccionamiento,Monterrey,Nuevo León,Monterrey,Urbano,https://postali.app/mx/nuevo-leon/monterrey/cumbres-san-agustin
64349,Cumbres Santa Clara,Fraccionamiento,Monterrey,Nuevo León,Monterrey,Urbano,https://postali.app/mx/nuevo-leon/monterrey/cumbres-santa-clara
64349,Espacio Cumbres,Fraccionamiento,Monterrey,Nuevo León,Monterrey,Urbano,https://postali.app/mx/nuevo-leon/monterrey/espacio-cumbres
64349,Gran Reserva Cumbres,Fraccionamiento,Monterrey,Nuevo León,Monterrey,Urbano,https://postali.app/mx/nuevo-leon/monterrey/gran-reserva-cumbres
64349,Privadas Cumbres Elite,Fraccionamiento,Monterrey,Nuevo León,Monterrey,Urbano,https://postali.app/mx/nuevo-leon/monterrey/privadas-cumbres-elite
64349,Puerta de Hierro,Fraccionamiento,Monterrey,Nuevo León,Monterrey,Urbano,https://postali.app/mx/nuevo-leon/monterrey/puerta-de-hierro
64350,Valle del INFONAVIT,Unidad habitacional,Monterrey,Nuevo León,Monterrey,Urbano,https://postali.app/mx/nuevo-leon/monterrey/valle-del-infonavit
64360,Cumbres Campanario,Colonia,Monterrey,Nuevo León,Monterrey,Urbano,https://postali.app/mx/nuevo-leon/monterrey/cumbres-campanario
64360,Valle Verde Primer Sector,Colonia,Monterrey,Nuevo León,Monterrey,Urbano,https://postali.app/mx/nuevo-leon/monterrey/valle-verde-primer-sector
64360,Villa Dorada,Colonia,Monterrey,Nuevo León,Monterrey,Urbano,https://postali.app/mx/nuevo-leon/monterrey/villa-dorada
64365,Patronato Cruz Verde,Colonia,Monterrey,Nuevo León,Monterrey,Urbano,https://postali.app/mx/nuevo-leon/monterrey/patronato-cruz-verde
64366,Cima de las Cumbres,Colonia,Monterrey,Nuevo León,Monterrey,Urbano,https://postali.app/mx/nuevo-leon/monterrey/cima-de-las-cumbres
64366,Condocasas Cumbres,Unidad habitacional,Monterrey,Nuevo León,Monterrey,Urbano,https://postali.app/mx/nuevo-leon/monterrey/condocasas-cumbres
64366,Cumbrescondido,Fraccionamiento,Monterrey,Nuevo León,Monterrey,Urbano,https://postali.app/mx/nuevo-leon/monterrey/cumbrescondido
64367,Cumbres Sector la Esperanza,Colonia,Monterrey,Nuevo León,Monterrey,Urbano,https://postali.app/mx/nuevo-leon/monterrey/cumbres-sector-la-esperanza
64367,La Escondida Centro Urbano,Colonia,Monterrey,Nuevo León,Monterrey,Urbano,https://postali.app/mx/nuevo-leon/monterrey/la-escondida-centro-urbano
64367,La Esperanza,Colonia,Monterrey,Nuevo León,Monterrey,Urbano,https://postali.app/mx/nuevo-leon/monterrey/la-esperanza
64368,Rincón de las Cumbres,Colonia,Monterrey,Nuevo León,Monterrey,Urbano,https://postali.app/mx/nuevo-leon/monterrey/rincon-de-las-cumbres
64369,Valle de los Cedros,Colonia,Monterrey,Nuevo León,Monterrey,Urbano,https://postali.app/mx/nuevo-leon/monterrey/valle-de-los-cedros
64370,Los Altos,Colonia,Monterrey,Nuevo León,Monterrey,Urbano,https://postali.app/mx/nuevo-leon/monterrey/los-altos
64370,Los Cedros,Colonia,Monterrey,Nuevo León,Monterrey,Urbano,https://postali.app/mx/nuevo-leon/monterrey/los-cedros
64380,Burócratas del Estado,Colonia,Monterrey,Nuevo León,Monterrey,Urbano,https://postali.app/mx/nuevo-leon/monterrey/burocratas-del-estado
64380,Burócratas Federales,Colonia,Monterrey,Nuevo León,Monterrey,Urbano,https://postali.app/mx/nuevo-leon/monterrey/burocratas-federales
64390,Antonio I Villarreal,Colonia,Monterrey,Nuevo León,Monterrey,Urbano,https://postali.app/mx/nuevo-leon/monterrey/antonio-i-villarreal
64390,Emiliano Zapata,Colonia,Monterrey,Nuevo León,Monterrey,Urbano,https://postali.app/mx/nuevo-leon/monterrey/emiliano-zapata
64390,UH.Lázaro Cárdenas,Colonia,Monterrey,Nuevo León,Monterrey,Urbano,https://postali.app/mx/nuevo-leon/monterrey/uh-lazaro-cardenas
64400,Estrella,Colonia,Monterrey,Nuevo León,Monterrey,Urbano,https://postali.app/mx/nuevo-leon/monterrey/estrella
64410,Bella Vista,Colonia,Monterrey,Nuevo León,Monterrey,Urbano,https://postali.app/mx/nuevo-leon/monterrey/bella-vista
64410,Del Prado,Colonia,Monterrey,Nuevo León,Monterrey,Urbano,https://postali.app/mx/nuevo-leon/monterrey/del-prado
64420,Benito Juárez,Colonia,Monterrey,Nuevo León,Monterrey,Urbano,https://postali.app/mx/nuevo-leon/monterrey/benito-juarez
64420,Garza Nieto,Colonia,Monterrey,Nuevo León,Monterrey,Urbano,https://postali.app/mx/nuevo-leon/monterrey/garza-nieto
64420,Pedro Lozano,Colonia,Monterrey,Nuevo León,Monterrey,Urbano,https://postali.app/mx/nuevo-leon/monterrey/pedro-lozano
64420,Progreso,Colonia,Monterrey,Nuevo León,Monterrey,Urbano,https://postali.app/mx/nuevo-leon/monterrey/progreso
64430,Urdiales,Colonia,Monterrey,Nuevo León,Monterrey,Urbano,https://postali.app/mx/nuevo-leon/monterrey/urdiales
64440,Ferrocarrilero (Predio 21),Fraccionamiento,Monterrey,Nuevo León,Monterrey,Urbano,https://postali.app/mx/nuevo-leon/monterrey/ferrocarrilero-predio-21
64440,Industrial,Colonia,Monterrey,Nuevo León,Monterrey,Urbano,https://postali.app/mx/nuevo-leon/monterrey/industrial-64440
64450,15 de Mayo (Larralde),Colonia,Monterrey,Nuevo León,Monterrey,Urbano,https://postali.app/mx/nuevo-leon/monterrey/15-de-mayo-larralde
64460,Mitras Centro,Colonia,Monterrey,Nuevo León,Monterrey,Urbano,https://postali.app/mx/nuevo-leon/monterrey/mitras-centro
64460,Tijerina,Colonia,Monterrey,Nuevo León,Monterrey,Urbano,https://postali.app/mx/nuevo-leon/monterrey/tijerina
64470,Obrerista,Colonia,Monterrey,Nuevo León,Monterrey,Urbano,https://postali.app/mx/nuevo-leon/monterrey/obrerista
64480,Talleres,Colonia,Monterrey,Nuevo León,Monterrey,Urbano,https://postali.app/mx/nuevo-leon/monterrey/talleres
64488,10 de Marzo,Colonia,Monterrey,Nuevo León,Monterrey,Urbano,https://postali.app/mx/nuevo-leon/monterrey/10-de-marzo
64489,Rubén Jaramillo,Colonia,Monterrey,Nuevo León,Monterrey,Urbano,https://postali.app/mx/nuevo-leon/monterrey/ruben-jaramillo
64490,Sarabia,Colonia,Monterrey,Nuevo León,Monterrey,Urbano,https://postali.app/mx/nuevo-leon/monterrey/sarabia
64500,Del Norte,Colonia,Monterrey,Nuevo León,Monterrey,Urbano,https://postali.app/mx/nuevo-leon/monterrey/del-norte
64508,Residencial Vidriera,Colonia,Monterrey,Nuevo León,Monterrey,Urbano,https://postali.app/mx/nuevo-leon/monterrey/residencial-vidriera
64510,Coyoacán,Colonia,Monterrey,Nuevo León,Monterrey,Urbano,https://postali.app/mx/nuevo-leon/monterrey/coyoacan
64510,Juana de Arco,Colonia,Monterrey,Nuevo León,Monterrey,Urbano,https://postali.app/mx/nuevo-leon/monterrey/juana-de-arco
64510,Mariano Escobedo,Colonia,Monterrey,Nuevo León,Monterrey,Urbano,https://postali.app/mx/nuevo-leon/monterrey/mariano-escobedo
64517,Industrial Benito Juárez,Colonia,Monterrey,Nuevo León,Monterrey,Urbano,https://postali.app/mx/nuevo-leon/monterrey/industrial-benito-juarez
64520,Cementos,Colonia,Monterrey,Nuevo León,Monterrey,Urbano,https://postali.app/mx/nuevo-leon/monterrey/cementos
64520,Céntrika,Fraccionamiento,Monterrey,Nuevo León,Monterrey,Urbano,https://postali.app/mx/nuevo-leon/monterrey/centrika
64520,Céntrika Crisoles,Fraccionamiento,Monterrey,Nuevo León,Monterrey,Urbano,https://postali.app/mx/nuevo-leon/monterrey/centrika-crisoles
64520,Céntrika del Lago,Fraccionamiento,Monterrey,Nuevo León,Monterrey,Urbano,https://postali.app/mx/nuevo-leon/monterrey/centrika-del-lago
64520,Céntrika Victoria,Fraccionamiento,Monterrey,Nuevo León,Monterrey,Urbano,https://postali.app/mx/nuevo-leon/monterrey/centrika-victoria
64520,Céntrika Victoria Elite,Fraccionamiento,Monterrey,Nuevo León,Monterrey,Urbano,https://postali.app/mx/nuevo-leon/monterrey/centrika-victoria-elite
64520,Victoria,Colonia,Monterrey,Nuevo León,Monterrey,Urbano,https://postali.app/mx/nuevo-leon/monterrey/victoria
64520,Vidriera,Colonia,Monterrey,Nuevo León,Monterrey,Urbano,https://postali.app/mx/nuevo-leon/monterrey/vidriera
64530,Las Flores,Colonia,Monterrey,Nuevo León,Monterrey,Urbano,https://postali.app/mx/nuevo-leon/monterrey/las-flores
64530,Madero Norte,Colonia,Monterrey,Nuevo León,Monterrey,Urbano,https://postali.app/mx/nuevo-leon/monterrey/madero-norte
64530,Moderna,Colonia,Monterrey,Nuevo León,Monterrey,Urbano,https://postali.app/mx/nuevo-leon/monterrey/moderna
64536,Jardines de la Moderna,Colonia,Monterrey,Nuevo León,Monterrey,Urbano,https://postali.app/mx/nuevo-leon/monterrey/jardines-de-la-moderna
64540,Fontanares Churubusco Sur,Fraccionamiento,Monterrey,Nuevo León,Monterrey,Urbano,https://postali.app/mx/nuevo-leon/monterrey/fontanares-churubusco-sur
64540,Los Fresnos,Colonia,Monterrey,Nuevo León,Monterrey,Urbano,https://postali.app/mx/nuevo-leon/monterrey/los-fresnos
64540,Parque Industrial Regiomontano,Zona industrial,Monterrey,Nuevo León,Monterrey,Urbano,https://postali.app/mx/nuevo-leon/monterrey/parque-industrial-regiomontano
64540,Santa Fe,Colonia,Monterrey,Nuevo León,Monterrey,Urbano,https://postali.app/mx/nuevo-leon/monterrey/santa-fe
64540,Villas de Linda Vista,Colonia,Monterrey,Nuevo León,Monterrey,Urbano,https://postali.app/mx/nuevo-leon/monterrey/villas-de-linda-vista
64549,Industrias del Vidrio,Colonia,Monterrey,Nuevo León,Monterrey,Urbano,https://postali.app/mx/nuevo-leon/monterrey/industrias-del-vidrio
64550,Argentina,Colonia,Monterrey,Nuevo León,Monterrey,Urbano,https://postali.app/mx/nuevo-leon/monterrey/argentina
64550,Asarco,Colonia,Monterrey,Nuevo León,Monterrey,Urbano,https://postali.app/mx/nuevo-leon/monterrey/asarco
64550,Cantú,Colonia,Monterrey,Nuevo León,Monterrey,Urbano,https://postali.app/mx/nuevo-leon/monterrey/cantu
64550,Fabriles,Colonia,Monterrey,Nuevo León,Monterrey,Urbano,https://postali.app/mx/nuevo-leon/monterrey/fabriles
64550,Martínez,Colonia,Monterrey,Nuevo León,Monterrey,Urbano,https://postali.app/mx/nuevo-leon/monterrey/martinez
64550,Privada Pinos,Fraccionamiento,Monterrey,Nuevo León,Monterrey,Urbano,https://postali.app/mx/nuevo-leon/monterrey/privada-pinos
64550,Reforma,Colonia,Monterrey,Nuevo León,Monterrey,Urbano,https://postali.app/mx/nuevo-leon/monterrey/reforma
64550,Tampico,Colonia,Monterrey,Nuevo León,Monterrey,Urbano,https://postali.app/mx/nuevo-leon/monterrey/tampico
64560,Francisco I Madero,Colonia,Monterrey,Nuevo León,Monterrey,Urbano,https://postali.app/mx/nuevo-leon/monterrey/francisco-i-madero
64560,Nueva Madero,Colonia,Monterrey,Nuevo León,Monterrey,Urbano,https://postali.app/mx/nuevo-leon/monterrey/nueva-madero
64560,Venustiano Carranza,Colonia,Monterrey,Nuevo León,Monterrey,Urbano,https://postali.app/mx/nuevo-leon/monterrey/venustiano-carranza
64568,Almaguer,Colonia,Monterrey,Nuevo León,Monterrey,Urbano,https://postali.app/mx/nuevo-leon/monterrey/almaguer
64570,Treviño,Colonia,Monterrey,Nuevo León,Monterrey,Urbano,https://postali.app/mx/nuevo-leon/monterrey/trevino
64580,Acero,Colonia,Monterrey,Nuevo León,Monterrey,Urbano,https://postali.app/mx/nuevo-leon/monterrey/acero
64580,Modelo,Colonia,Monterrey,Nuevo León,Monterrey,Urbano,https://postali.app/mx/nuevo-leon/monterrey/modelo
64580,Pablo A de la Garza,Colonia,Monterrey,Nuevo León,Monterrey,Urbano,https://postali.app/mx/nuevo-leon/monterrey/pablo-a-de-la-garza
64580,Terminal,Colonia,Monterrey,Nuevo León,Monterrey,Urbano,https://postali.app/mx/nuevo-leon/monterrey/terminal
64590,Agrícola,Colonia,Monterrey,Nuevo León,Monterrey,Urbano,https://postali.app/mx/nuevo-leon/monterrey/agricola
64590,Agrícola Acero,Colonia,Monterrey,Nuevo León,Monterrey,Urbano,https://postali.app/mx/nuevo-leon/monterrey/agricola-acero
64590,Churubusco,Colonia,Monterrey,Nuevo León,Monterrey,Urbano,https://postali.app/mx/nuevo-leon/monterrey/churubusco
64590,Fierro,Colonia,Monterrey,Nuevo León,Monterrey,Urbano,https://postali.app/mx/nuevo-leon/monterrey/fierro
64590,Álamos Corregidora,Colonia,Monterrey,Nuevo León,Monterrey,Urbano,https://postali.app/mx/nuevo-leon/monterrey/alamos-corregidora
64600,Leones,Colonia,Monterrey,Nuevo León,Monterrey,Urbano,https://postali.app/mx/nuevo-leon/monterrey/leones
64610,Colinas de las Cumbres,Colonia,Monterrey,Nuevo León,Monterrey,Urbano,https://postali.app/mx/nuevo-leon/monterrey/colinas-de-las-cumbres
64610,Las Cumbres,Colonia,Monterrey,Nuevo León,Monterrey,Urbano,https://postali.app/mx/nuevo-leon/monterrey/las-cumbres
64619,Bosques de las Cumbres,Colonia,Monterrey,Nuevo León,Monterrey,Urbano,https://postali.app/mx/nuevo-leon/monterrey/bosques-de-las-cumbres
64619,Cumbres Magnolia,Fraccionamiento,Monterrey,Nuevo León,Monterrey,Urbano,https://postali.app/mx/nuevo-leon/monterrey/cumbres-magnolia
64619,Cumbres Mediterráneo,Fraccionamiento,Monterrey,Nuevo León,Monterrey,Urbano,https://postali.app/mx/nuevo-leon/monterrey/cumbres-mediterraneo
64619,Residencial Cumbres,Fraccionamiento,Monterrey,Nuevo León,Monterrey,Urbano,https://postali.app/mx/nuevo-leon/monterrey/residencial-cumbres
64620,Vista Hermosa,Colonia,Monterrey,Nuevo León,Monterrey,Urbano,https://postali.app/mx/nuevo-leon/monterrey/vista-hermosa
64623,Balcones de Galerías,Colonia,Monterrey,Nuevo León,Monterrey,Urbano,https://postali.app/mx/nuevo-leon/monterrey/balcones-de-galerias
64630,Colinas de San Jerónimo,Colonia,Monterrey,Nuevo León,Monterrey,Urbano,https://postali.app/mx/nuevo-leon/monterrey/colinas-de-san-jeronimo
64630,La Escondida,Colonia,Monterrey,Nuevo León,Monterrey,Urbano,https://postali.app/mx/nuevo-leon/monterrey/la-escondida
64630,Rincón de San Jemo,Colonia,Monterrey,Nuevo León,Monterrey,Urbano,https://postali.app/mx/nuevo-leon/monterrey/rincon-de-san-jemo
64630,San Jemo,Colonia,Monterrey,Nuevo León,Monterrey,Urbano,https://postali.app/mx/nuevo-leon/monterrey/san-jemo
64630,Villas de San Jerónimo,Colonia,Monterrey,Nuevo León,Monterrey,Urbano,https://postali.app/mx/nuevo-leon/monterrey/villas-de-san-jeronimo
64632,Jardines de San Jerónimo,Colonia,Monterrey,Nuevo León,Monterrey,Urbano,https://postali.app/mx/nuevo-leon/monterrey/jardines-de-san-jeronimo
64633,Rincón de las Colinas,Colonia,Monterrey,Nuevo León,Monterrey,Urbano,https://postali.app/mx/nuevo-leon/monterrey/rincon-de-las-colinas
64634,Colinas de Liverpool,Colonia,Monterrey,Nuevo León,Monterrey,Urbano,https://postali.app/mx/nuevo-leon/monterrey/colinas-de-liverpool
64634,Colinas de San Jerónimo,Zona comercial,Monterrey,Nuevo León,Monterrey,Urbano,https://postali.app/mx/nuevo-leon/monterrey/colinas-de-san-jeronimo-64634
64634,Colonial San Francisco,Colonia,Monterrey,Nuevo León,Monterrey,Urbano,https://postali.app/mx/nuevo-leon/monterrey/colonial-san-francisco
64634,Colonial San Jerónimo,Fraccionamiento,Monterrey,Nuevo León,Monterrey,Urbano,https://postali.app/mx/nuevo-leon/monterrey/colonial-san-jeronimo
64634,La Vereda Privada Residencial,Fraccionamiento,Monterrey,Nuevo León,Monterrey,Urbano,https://postali.app/mx/nuevo-leon/monterrey/la-vereda-privada-residencial
64634,Prados de San Jerónimo,Fraccionamiento,Monterrey,Nuevo León,Monterrey,Urbano,https://postali.app/mx/nuevo-leon/monterrey/prados-de-san-jeronimo
64634,Real de San Jerónimo,Colonia,Monterrey,Nuevo León,Monterrey,Urbano,https://postali.app/mx/nuevo-leon/monterrey/real-de-san-jeronimo
64634,Valle de San Jerónimo,Colonia,Monterrey,Nuevo León,Monterrey,Urbano,https://postali.app/mx/nuevo-leon/monterrey/valle-de-san-jeronimo
64634,Villas de San Jerónimo,Fraccionamiento,Monterrey,Nuevo León,Monterrey,Urbano,https://postali.app/mx/nuevo-leon/monterrey/villas-de-san-jeronimo-64634
64635,Colinas Diamante,Fraccionamiento,Monterrey,Nuevo León,Monterrey,Urbano,https://postali.app/mx/nuevo-leon/monterrey/colinas-diamante
64635,Residencial San Jerónimo II,Colonia,Monterrey,Nuevo León,Monterrey,Urbano,https://postali.app/mx/nuevo-leon/monterrey/residencial-san-jeronimo-ii
64636,Misión de San Jerónimo,Colonia,Monterrey,Nuevo León,Monterrey,Urbano,https://postali.app/mx/nuevo-leon/monterrey/mision-de-san-jeronimo
64637,Hacienda San Jerónimo,Fraccionamiento,Monterrey,Nuevo León,Monterrey,Urbano,https://postali.app/mx/nuevo-leon/monterrey/hacienda-san-jeronimo
64637,Rincón de San Jerónimo,Colonia,Monterrey,Nuevo León,Monterrey,Urbano,https://postali.app/mx/nuevo-leon/monterrey/rincon-de-san-jeronimo
64638,Balcones de Colinas de San Jerónimo,Colonia,Monterrey,Nuevo León,Monterrey,Urbano,https://postali.app/mx/nuevo-leon/monterrey/balcones-de-colinas-de-san-jeronimo
64638,Cantera,Fraccionamiento,Monterrey,Nuevo León,Monterrey,Urbano,https://postali.app/mx/nuevo-leon/monterrey/cantera
64638,Colinas de San Gerardo,Colonia,Monterrey,Nuevo León,Monterrey,Urbano,https://postali.app/mx/nuevo-leon/monterrey/colinas-de-san-gerardo
64638,Las Lajas,Fraccionamiento,Monterrey,Nuevo León,Monterrey,Urbano,https://postali.app/mx/nuevo-leon/monterrey/las-lajas
64639,Monteleón,Fraccionamiento,Monterrey,Nuevo León,Monterrey,Urbano,https://postali.app/mx/nuevo-leon/monterrey/monteleon
64639,Residencial Dinastía,Fraccionamiento,Monterrey,Nuevo León,Monterrey,Urbano,https://postali.app/mx/nuevo-leon/monterrey/residencial-dinastia
64639,Residencial las Colinas,Colonia,Monterrey,Nuevo León,Monterrey,Urbano,https://postali.app/mx/nuevo-leon/monterrey/residencial-las-colinas
64639,San Jemo Tercer Sector,Colonia,Monterrey,Nuevo León,Monterrey,Urbano,https://postali.app/mx/nuevo-leon/monterrey/san-jemo-tercer-sector
64640,San Jerónimo,Colonia,Monterrey,Nuevo León,Monterrey,Urbano,https://postali.app/mx/nuevo-leon/monterrey/san-jeronimo
64649,Residencial Galerías,Colonia,Monterrey,Nuevo León,Monterrey,Urbano,https://postali.app/mx/nuevo-leon/monterrey/residencial-galerias
64650,Colinas del Valle,Fraccionamiento,Monterrey,Nuevo León,Monterrey,Urbano,https://postali.app/mx/nuevo-leon/monterrey/colinas-del-valle
64650,Cooperativa Cuauhtémoc,Colonia,Monterrey,Nuevo León,Monterrey,Urbano,https://postali.app/mx/nuevo-leon/monterrey/cooperativa-cuauhtemoc
64650,Cumbres del Valle,Fraccionamiento,Monterrey,Nuevo León,Monterrey,Urbano,https://postali.app/mx/nuevo-leon/monterrey/cumbres-del-valle
64650,Rincón de Santa María,Colonia,Monterrey,Nuevo León,Monterrey,Urbano,https://postali.app/mx/nuevo-leon/monterrey/rincon-de-santa-maria
64650,Santa María,Colonia,Monterrey,Nuevo León,Monterrey,Urbano,https://postali.app/mx/nuevo-leon/monterrey/santa-maria
64659,Sendero San Jerónimo,Colonia,Monterrey,Nuevo León,Monterrey,Urbano,https://postali.app/mx/nuevo-leon/monterrey/sendero-san-jeronimo
64660,Miravalle,Colonia,Monterrey,Nuevo León,Monterrey,Urbano,https://postali.app/mx/nuevo-leon/monterrey/miravalle
64660,Rincón del Valle,Colonia,Monterrey,Nuevo León,Monterrey,Urbano,https://postali.app/mx/nuevo-leon/monterrey/rincon-del-valle
64700,Nuevo Repueblo,Colonia,Monterrey,Nuevo León,Monterrey,Urbano,https://postali.app/mx/nuevo-leon/monterrey/nuevo-repueblo
64700,Roma,Colonia,Monterrey,Nuevo León,Monterrey,Urbano,https://postali.app/mx/nuevo-leon/monterrey/roma
64700,Roma Sur,Colonia,Monterrey,Nuevo León,Monterrey,Urbano,https://postali.app/mx/nuevo-leon/monterrey/roma-sur
64700,Tecnológico,Colonia,Monterrey,Nuevo León,Monterrey,Urbano,https://postali.app/mx/nuevo-leon/monterrey/tecnologico
64710,Balcones del Carmen,Colonia,Monterrey,Nuevo León,Monterrey,Urbano,https://postali.app/mx/nuevo-leon/monterrey/balcones-del-carmen
64710,Comercial Ampliación Doctores,Zona comercial,Monterrey,Nuevo León,Monterrey,Urbano,https://postali.app/mx/nuevo-leon/monterrey/comercial-ampliacion-doctores
64710,Del Carmen,Colonia,Monterrey,Nuevo León,Monterrey,Urbano,https://postali.app/mx/nuevo-leon/monterrey/del-carmen
64710,El Maguey,Colonia,Monterrey,Nuevo León,Monterrey,Urbano,https://postali.app/mx/nuevo-leon/monterrey/el-maguey
64710,Hacienda San Francisco,Fraccionamiento,Monterrey,Nuevo León,Monterrey,Urbano,https://postali.app/mx/nuevo-leon/monterrey/hacienda-san-francisco
64710,Loma Larga,Colonia,Monterrey,Nuevo León,Monterrey,Urbano,https://postali.app/mx/nuevo-leon/monterrey/loma-larga
64710,Lomas de San Francisco,Colonia,Monterrey,Nuevo León,Monterrey,Urbano,https://postali.app/mx/nuevo-leon/monterrey/lomas-de-san-francisco
64710,Los Doctores,Colonia,Monterrey,Nuevo León,Monterrey,Urbano,https://postali.app/mx/nuevo-leon/monterrey/los-doctores
64710,Nuevas Colonias,Colonia,Monterrey,Nuevo León,Monterrey,Urbano,https://postali.app/mx/nuevo-leon/monterrey/nuevas-colonias
64710,Pío X,Colonia,Monterrey,Nuevo León,Monterrey,Urbano,https://postali.app/mx/nuevo-leon/monterrey/pio-x
64710,Unión Francisco I Madero,Colonia,Monterrey,Nuevo León,Monterrey,Urbano,https://postali.app/mx/nuevo-leon/monterrey/union-francisco-i-madero
64715,Loma Larga,Fraccionamiento,Monterrey,Nuevo León,Monterrey,Urbano,https://postali.app/mx/nuevo-leon/monterrey/loma-larga-64715
64715,Los Magueyes,Fraccionamiento,Monterrey,Nuevo León,Monterrey,Urbano,https://postali.app/mx/nuevo-leon/monterrey/los-magueyes
64718,Sertoma,Colonia,Monterrey,Nuevo León,Monterrey,Urbano,https://postali.app/mx/nuevo-leon/monterrey/sertoma
64720,Ancira,Colonia,Monterrey,Nuevo León,Monterrey,Urbano,https://postali.app/mx/nuevo-leon/monterrey/ancira
64720,Benito Juárez (F-96),Colonia,Monterrey,Nuevo León,Monterrey,Urbano,https://postali.app/mx/nuevo-leon/monterrey/benito-juarez-f-96
64720,Centro,Fraccionamiento,Monterrey,Nuevo León,Monterrey,Urbano,https://postali.app/mx/nuevo-leon/monterrey/centro
64720,Independencia,Fraccionamiento,Monterrey,Nuevo León,Monterrey,Urbano,https://postali.app/mx/nuevo-leon/monterrey/independencia
64720,Independencia,Colonia,Monterrey,Nuevo León,Monterrey,Urbano,https://postali.app/mx/nuevo-leon/monterrey/independencia-64720
64720,Unión Miguel Barrera,Colonia,Monterrey,Nuevo León,Monterrey,Urbano,https://postali.app/mx/nuevo-leon/monterrey/union-miguel-barrera
64730,Alfonso Reyes,Colonia,Monterrey,Nuevo León,Monterrey,Urbano,https://postali.app/mx/nuevo-leon/monterrey/alfonso-reyes
64730,América Número Dos,Colonia,Monterrey,Nuevo León,Monterrey,Urbano,https://postali.app/mx/nuevo-leon/monterrey/america-numero-dos
64730,Arturo B de la Garza,Colonia,Monterrey,Nuevo León,Monterrey,Urbano,https://postali.app/mx/nuevo-leon/monterrey/arturo-b-de-la-garza
64730,Heriberto Jara,Colonia,Monterrey,Nuevo León,Monterrey,Urbano,https://postali.app/mx/nuevo-leon/monterrey/heriberto-jara
64730,La Pedrera,Colonia,Monterrey,Nuevo León,Monterrey,Urbano,https://postali.app/mx/nuevo-leon/monterrey/la-pedrera
64730,Tanque de Guadalupe,Colonia,Monterrey,Nuevo León,Monterrey,Urbano,https://postali.app/mx/nuevo-leon/monterrey/tanque-de-guadalupe
64740,Altavista Sur,Colonia,Monterrey,Nuevo León,Monterrey,Urbano,https://postali.app/mx/nuevo-leon/monterrey/altavista-sur
64740,Arroyo Seco,Colonia,Monterrey,Nuevo León,Monterrey,Urbano,https://postali.app/mx/nuevo-leon/monterrey/arroyo-seco
64740,Jardines Roma,Colonia,Monterrey,Nuevo León,Monterrey,Urbano,https://postali.app/mx/nuevo-leon/monterrey/jardines-roma
64740,Las Retamas,Colonia,Monterrey,Nuevo León,Monterrey,Urbano,https://postali.app/mx/nuevo-leon/monterrey/las-retamas
64740,México,Colonia,Monterrey,Nuevo León,Monterrey,Urbano,https://postali.app/mx/nuevo-leon/monterrey/mexico
64740,Roma Privada,Colonia,Monterrey,Nuevo León,Monterrey,Urbano,https://postali.app/mx/nuevo-leon/monterrey/roma-privada
64750,Altamira,Colonia,Monterrey,Nuevo León,Monterrey,Urbano,https://postali.app/mx/nuevo-leon/monterrey/altamira
64750,Altamira (Manz 20),Colonia,Monterrey,Nuevo León,Monterrey,Urbano,https://postali.app/mx/nuevo-leon/monterrey/altamira-manz-20
64750,Haciendas de la Sierra,Fraccionamiento,Monterrey,Nuevo León,Monterrey,Urbano,https://postali.app/mx/nuevo-leon/monterrey/haciendas-de-la-sierra
64750,Las Canteras,Colonia,Monterrey,Nuevo León,Monterrey,Urbano,https://postali.app/mx/nuevo-leon/monterrey/las-canteras
64750,Luis Echeverría Sur,Colonia,Monterrey,Nuevo León,Monterrey,Urbano,https://postali.app/mx/nuevo-leon/monterrey/luis-echeverria-sur
64750,Roma,Condominio,Monterrey,Nuevo León,Monterrey,Urbano,https://postali.app/mx/nuevo-leon/monterrey/roma-64750
64750,Valle del Mirador,Colonia,Monterrey,Nuevo León,Monterrey,Urbano,https://postali.app/mx/nuevo-leon/monterrey/valle-del-mirador
64753,Alfareros,Colonia,Monterrey,Nuevo León,Monterrey,Urbano,https://postali.app/mx/nuevo-leon/monterrey/alfareros
64753,Las Privanzas Mallorca,Colonia,Monterrey,Nuevo León,Monterrey,Urbano,https://postali.app/mx/nuevo-leon/monterrey/las-privanzas-mallorca
64753,Los Ángeles Bosque Residencial,Fraccionamiento,Monterrey,Nuevo León,Monterrey,Urbano,https://postali.app/mx/nuevo-leon/monterrey/los-angeles-bosque-residencial
64753,Privanzas Quinto Sector,Colonia,Monterrey,Nuevo León,Monterrey,Urbano,https://postali.app/mx/nuevo-leon/monterrey/privanzas-quinto-sector
64754,Jardín de las Torres,Colonia,Monterrey,Nuevo León,Monterrey,Urbano,https://postali.app/mx/nuevo-leon/monterrey/jardin-de-las-torres
64760,15 de Septiembre,Colonia,Monterrey,Nuevo León,Monterrey,Urbano,https://postali.app/mx/nuevo-leon/monterrey/15-de-septiembre
64760,Cerro de la Campana,Colonia,Monterrey,Nuevo León,Monterrey,Urbano,https://postali.app/mx/nuevo-leon/monterrey/cerro-de-la-campana
64760,Desarrollo las Torres 91,Colonia,Monterrey,Nuevo León,Monterrey,Urbano,https://postali.app/mx/nuevo-leon/monterrey/desarrollo-las-torres-91
64760,Martínez Domínguez A Unión (La Campana),Colonia,Monterrey,Nuevo León,Monterrey,Urbano,https://postali.app/mx/nuevo-leon/monterrey/martinez-dominguez-a-union-la-campana
64760,Ruíz Cortines,Colonia,Monterrey,Nuevo León,Monterrey,Urbano,https://postali.app/mx/nuevo-leon/monterrey/ruiz-cortines
64760,Unión el Rinconcito,Colonia,Monterrey,Nuevo León,Monterrey,Urbano,https://postali.app/mx/nuevo-leon/monterrey/union-el-rinconcito
64764,Los Rosales,Colonia,Monterrey,Nuevo León,Monterrey,Urbano,https://postali.app/mx/nuevo-leon/monterrey/los-rosales
64764,Valparaíso,Colonia,Monterrey,Nuevo León,Monterrey,Urbano,https://postali.app/mx/nuevo-leon/monterrey/valparaiso
64765,Antigua,Fraccionamiento,Monterrey,Nuevo León,Monterrey,Urbano,https://postali.app/mx/nuevo-leon/monterrey/antigua
64765,Laderas del Mirador (F-XXI),Colonia,Monterrey,Nuevo León,Monterrey,Urbano,https://postali.app/mx/nuevo-leon/monterrey/laderas-del-mirador-f-xxi
64769,Burócratas Municipales,Colonia,Monterrey,Nuevo León,Monterrey,Urbano,https://postali.app/mx/nuevo-leon/monterrey/burocratas-municipales
64770,Altavista Invernadero,Colonia,Monterrey,Nuevo León,Monterrey,Urbano,https://postali.app/mx/nuevo-leon/monterrey/altavista-invernadero
64770,Altavista Sector Lomas,Colonia,Monterrey,Nuevo León,Monterrey,Urbano,https://postali.app/mx/nuevo-leon/monterrey/altavista-sector-lomas
64770,Balcones de Altavista,Colonia,Monterrey,Nuevo León,Monterrey,Urbano,https://postali.app/mx/nuevo-leon/monterrey/balcones-de-altavista
64770,Villa los Pinos,Colonia,Monterrey,Nuevo León,Monterrey,Urbano,https://postali.app/mx/nuevo-leon/monterrey/villa-los-pinos
64780,13 de Junio,Colonia,Monterrey,Nuevo León,Monterrey,Urbano,https://postali.app/mx/nuevo-leon/monterrey/13-de-junio
64780,18 de Marzo,Colonia,Monterrey,Nuevo León,Monterrey,Urbano,https://postali.app/mx/nuevo-leon/monterrey/18-de-marzo
64780,Brisas Diamante,Colonia,Monterrey,Nuevo León,Monterrey,Urbano,https://postali.app/mx/nuevo-leon/monterrey/brisas-diamante
64780,Las Brisas,Colonia,Monterrey,Nuevo León,Monterrey,Urbano,https://postali.app/mx/nuevo-leon/monterrey/las-brisas
64780,Las Brisas Sector la Punta,Colonia,Monterrey,Nuevo León,Monterrey,Urbano,https://postali.app/mx/nuevo-leon/monterrey/las-brisas-sector-la-punta
64780,Mártires de Tlatelolco,Colonia,Monterrey,Nuevo León,Monterrey,Urbano,https://postali.app/mx/nuevo-leon/monterrey/martires-de-tlatelolco
64780,Más Palomas (Valle de Santiago),Colonia,Monterrey,Nuevo León,Monterrey,Urbano,https://postali.app/mx/nuevo-leon/monterrey/mas-palomas-valle-de-santiago
64780,Sierra Ventana,Colonia,Monterrey,Nuevo León,Monterrey,Urbano,https://postali.app/mx/nuevo-leon/monterrey/sierra-ventana
64783,25 de Marzo (Sierra Ventana),Colonia,Monterrey,Nuevo León,Monterrey,Urbano,https://postali.app/mx/nuevo-leon/monterrey/25-de-marzo-sierra-ventana
64788,Sierra Ventana (Revolución Proletaria),Colonia,Monterrey,Nuevo León,Monterrey,Urbano,https://postali.app/mx/nuevo-leon/monterrey/sierra-ventana-revolucion-proletaria
64790,Balcones del Mirador,Colonia,Monterrey,Nuevo León,Monterrey,Urbano,https://postali.app/mx/nuevo-leon/monterrey/balcones-del-mirador
64790,Torres Brisas,Colonia,Monterrey,Nuevo León,Monterrey,Urbano,https://postali.app/mx/nuevo-leon/monterrey/torres-brisas
64790,Valle de las Brisas,Colonia,Monterrey,Nuevo León,Monterrey,Urbano,https://postali.app/mx/nuevo-leon/monterrey/valle-de-las-brisas
64790,Valle del Marquez,Colonia,Monterrey,Nuevo León,Monterrey,Urbano,https://postali.app/mx/nuevo-leon/monterrey/valle-del-marquez
64798,Paseos del Marquez,Colonia,Monterrey,Nuevo León,Monterrey,Urbano,https://postali.app/mx/nuevo-leon/monterrey/paseos-del-marquez
64800,Buenos Aires,Fraccionamiento,Monterrey,Nuevo León,Monterrey,Urbano,https://postali.app/mx/nuevo-leon/monterrey/buenos-aires
64800,Buenos Aires,Colonia,Monterrey,Nuevo León,Monterrey,Urbano,https://postali.app/mx/nuevo-leon/monterrey/buenos-aires-64800
64810,Caracol,Colonia,Monterrey,Nuevo León,Monterrey,Urbano,https://postali.app/mx/nuevo-leon/monterrey/caracol
64810,Cerro de la Silla,Colonia,Monterrey,Nuevo León,Monterrey,Urbano,https://postali.app/mx/nuevo-leon/monterrey/cerro-de-la-silla
64810,España,Colonia,Monterrey,Nuevo León,Monterrey,Urbano,https://postali.app/mx/nuevo-leon/monterrey/espana
64810,La Florida,Fraccionamiento,Monterrey,Nuevo León,Monterrey,Urbano,https://postali.app/mx/nuevo-leon/monterrey/la-florida
64810,Plaza Revolución,Condominio,Monterrey,Nuevo León,Monterrey,Urbano,https://postali.app/mx/nuevo-leon/monterrey/plaza-revolucion
64810,Residencial la Florida,Colonia,Monterrey,Nuevo León,Monterrey,Urbano,https://postali.app/mx/nuevo-leon/monterrey/residencial-la-florida
64810,Villa Florida,Colonia,Monterrey,Nuevo León,Monterrey,Urbano,https://postali.app/mx/nuevo-leon/monterrey/villa-florida
64820,Ancón del Huajuco,Colonia,Monterrey,Nuevo León,Monterrey,Urbano,https://postali.app/mx/nuevo-leon/monterrey/ancon-del-huajuco
64820,El Realito,Colonia,Monterrey,Nuevo León,Monterrey,Urbano,https://postali.app/mx/nuevo-leon/monterrey/el-realito
64820,Ex Hacienda el Ancón,Fraccionamiento,Monterrey,Nuevo León,Monterrey,Urbano,https://postali.app/mx/nuevo-leon/monterrey/ex-hacienda-el-ancon
64820,Jardín Español,Colonia,Monterrey,Nuevo León,Monterrey,Urbano,https://postali.app/mx/nuevo-leon/monterrey/jardin-espanol
64820,Nueva Española,Colonia,Monterrey,Nuevo León,Monterrey,Urbano,https://postali.app/mx/nuevo-leon/monterrey/nueva-espanola
64820,Plaza Chapultepec,Zona comercial,Monterrey,Nuevo León,Monterrey,Urbano,https://postali.app/mx/nuevo-leon/monterrey/plaza-chapultepec
64820,Residencial la Española,Fraccionamiento,Monterrey,Nuevo León,Monterrey,Urbano,https://postali.app/mx/nuevo-leon/monterrey/residencial-la-espanola
64820,Valle de Chapultepec,Colonia,Monterrey,Nuevo León,Monterrey,Urbano,https://postali.app/mx/nuevo-leon/monterrey/valle-de-chapultepec
64820,Valle del Huajuco,Colonia,Monterrey,Nuevo León,Monterrey,Urbano,https://postali.app/mx/nuevo-leon/monterrey/valle-del-huajuco
64830,Estadio,Colonia,Monterrey,Nuevo León,Monterrey,Urbano,https://postali.app/mx/nuevo-leon/monterrey/estadio
64830,La Primavera,Colonia,Monterrey,Nuevo León,Monterrey,Urbano,https://postali.app/mx/nuevo-leon/monterrey/la-primavera
64830,Ladrillera,Colonia,Monterrey,Nuevo León,Monterrey,Urbano,https://postali.app/mx/nuevo-leon/monterrey/ladrillera
64830,LTH,Colonia,Monterrey,Nuevo León,Monterrey,Urbano,https://postali.app/mx/nuevo-leon/monterrey/lth
64830,Narvarte,Colonia,Monterrey,Nuevo León,Monterrey,Urbano,https://postali.app/mx/nuevo-leon/monterrey/narvarte
64830,Valle Primavera,Fraccionamiento,Monterrey,Nuevo León,Monterrey,Urbano,https://postali.app/mx/nuevo-leon/monterrey/valle-primavera
64834,Rincón de la Primavera,Colonia,Monterrey,Nuevo León,Monterrey,Urbano,https://postali.app/mx/nuevo-leon/monterrey/rincon-de-la-primavera
64836,Industrial y Comercial,Zona comercial,Monterrey,Nuevo León,Monterrey,Urbano,https://postali.app/mx/nuevo-leon/monterrey/industrial-y-comercial
64840,Altavista,Colonia,Monterrey,Nuevo León,Monterrey,Urbano,https://postali.app/mx/nuevo-leon/monterrey/altavista
64840,Jardines de Altavista,Fraccionamiento,Monterrey,Nuevo León,Monterrey,Urbano,https://postali.app/mx/nuevo-leon/monterrey/jardines-de-altavista
64840,Nueva España,Colonia,Monterrey,Nuevo León,Monterrey,Urbano,https://postali.app/mx/nuevo-leon/monterrey/nueva-espana
64845,Contry Lux,Colonia,Monterrey,Nuevo León,Monterrey,Urbano,https://postali.app/mx/nuevo-leon/monterrey/contry-lux
64850,Contry Tesoro,Colonia,Monterrey,Nuevo León,Monterrey,Urbano,https://postali.app/mx/nuevo-leon/monterrey/contry-tesoro
64850,Torremolinos,Colonia,Monterrey,Nuevo León,Monterrey,Urbano,https://postali.app/mx/nuevo-leon/monterrey/torremolinos
64850,Villa del Río,Colonia,Monterrey,Nuevo León,Monterrey,Urbano,https://postali.app/mx/nuevo-leon/monterrey/villa-del-rio
64858,Contry los Naranjos,Colonia,Monterrey,Nuevo León,Monterrey,Urbano,https://postali.app/mx/nuevo-leon/monterrey/contry-los-naranjos
64859,Contry San Juanito,Colonia,Monterrey,Nuevo León,Monterrey,Urbano,https://postali.app/mx/nuevo-leon/monterrey/contry-san-juanito
64860,Colonial la Silla,Colonia,Monterrey,Nuevo León,Monterrey,Urbano,https://postali.app/mx/nuevo-leon/monterrey/colonial-la-silla
64860,Contry,Colonia,Monterrey,Nuevo León,Monterrey,Urbano,https://postali.app/mx/nuevo-leon/monterrey/contry
64860,Contry los Estanques,Colonia,Monterrey,Nuevo León,Monterrey,Urbano,https://postali.app/mx/nuevo-leon/monterrey/contry-los-estanques
64860,El Pirul,Colonia,Monterrey,Nuevo León,Monterrey,Urbano,https://postali.app/mx/nuevo-leon/monterrey/el-pirul
64860,Jardines del Contry,Colonia,Monterrey,Nuevo León,Monterrey,Urbano,https://postali.app/mx/nuevo-leon/monterrey/jardines-del-contry
64860,Paseo del Contry,Colonia,Monterrey,Nuevo León,Monterrey,Urbano,https://postali.app/mx/nuevo-leon/monterrey/paseo-del-contry
64860,Rincón del Contry,Colonia,Monterrey,Nuevo León,Monterrey,Urbano,https://postali.app/mx/nuevo-leon/monterrey/rincon-del-contry
64860,Villas de Lux,Colonia,Monterrey,Nuevo León,Monterrey,Urbano,https://postali.app/mx/nuevo-leon/monterrey/villas-de-lux
64865,Contry los Nogales,Colonia,Monterrey,Nuevo León,Monterrey,Urbano,https://postali.app/mx/nuevo-leon/monterrey/contry-los-nogales
64878,Los Remates,Colonia,Monterrey,Nuevo León,Monterrey,Urbano,https://postali.app/mx/nuevo-leon/monterrey/los-remates
64878,San Ángel,Colonia,Monterrey,Nuevo León,Monterrey,Urbano,https://postali.app/mx/nuevo-leon/monterrey/san-angel
64878,Unión Canoas Ángel Sur,Colonia,Monterrey,Nuevo León,Monterrey,Urbano,https://postali.app/mx/nuevo-leon/monterrey/union-canoas-angel-sur
64880,La Condesa,Colonia,Monterrey,Nuevo León,Monterrey,Urbano,https://postali.app/mx/nuevo-leon/monterrey/la-condesa
64890,Altana,Condominio,Monterrey,Nuevo León,Monterrey,Urbano,https://postali.app/mx/nuevo-leon/monterrey/altana
64890,Cortijo del Río,Colonia,Monterrey,Nuevo León,Monterrey,Urbano,https://postali.app/mx/nuevo-leon/monterrey/cortijo-del-rio
64890,Estanza,Fraccionamiento,Monterrey,Nuevo León,Monterrey,Urbano,https://postali.app/mx/nuevo-leon/monterrey/estanza
64890,Lagos del Bosque,Colonia,Monterrey,Nuevo León,Monterrey,Urbano,https://postali.app/mx/nuevo-leon/monterrey/lagos-del-bosque
64890,Privada Castaña,Fraccionamiento,Monterrey,Nuevo León,Monterrey,Urbano,https://postali.app/mx/nuevo-leon/monterrey/privada-castana
64890,Privadas de la Silla,Fraccionamiento,Monterrey,Nuevo León,Monterrey,Urbano,https://postali.app/mx/nuevo-leon/monterrey/privadas-de-la-silla
64890,Privadas del Sur,Colonia,Monterrey,Nuevo León,Monterrey,Urbano,https://postali.app/mx/nuevo-leon/monterrey/privadas-del-sur
64890,Residencial la Hacienda,Colonia,Monterrey,Nuevo León,Monterrey,Urbano,https://postali.app/mx/nuevo-leon/monterrey/residencial-la-hacienda
64890,Residencial y Club de Golf la Herradura,Fraccionamiento,Monterrey,Nuevo León,Monterrey,Urbano,https://postali.app/mx/nuevo-leon/monterrey/residencial-y-club-de-golf-la-herradura
64890,Villa las Fuentes,Colonia,Monterrey,Nuevo León,Monterrey,Urbano,https://postali.app/mx/nuevo-leon/monterrey/villa-las-fuentes
64898,Pedregal de la Silla,Fraccionamiento,Monterrey,Nuevo León,Monterrey,Urbano,https://postali.app/mx/nuevo-leon/monterrey/pedregal-de-la-silla
64898,Prados de la Silla,Colonia,Monterrey,Nuevo León,Monterrey,Urbano,https://postali.app/mx/nuevo-leon/monterrey/prados-de-la-silla
64898,Privadas del Río,Fraccionamiento,Monterrey,Nuevo León,Monterrey,Urbano,https://postali.app/mx/nuevo-leon/monterrey/privadas-del-rio
64898,Residencial Vistalta,Fraccionamiento,Monterrey,Nuevo León,Monterrey,Urbano,https://postali.app/mx/nuevo-leon/monterrey/residencial-vistalta
64898,Santa Sofia,Colonia,Monterrey,Nuevo León,Monterrey,Urbano,https://postali.app/mx/nuevo-leon/monterrey/santa-sofia
64898,Villas de la Hacienda,Colonia,Monterrey,Nuevo León,Monterrey,Urbano,https://postali.app/mx/nuevo-leon/monterrey/villas-de-la-hacienda
64900,Jardines del Paseo,Colonia,Monterrey,Nuevo León,Monterrey,Urbano,https://postali.app/mx/nuevo-leon/monterrey/jardines-del-paseo
64900,La República,Colonia,Monterrey,Nuevo León,Monterrey,Urbano,https://postali.app/mx/nuevo-leon/monterrey/la-republica
64900,Privada Fundadores Segunda Sección,Colonia,Monterrey,Nuevo León,Monterrey,Urbano,https://postali.app/mx/nuevo-leon/monterrey/privada-fundadores-segunda-seccion
64909,Empleados SFEO,Colonia,Monterrey,Nuevo León,Monterrey,Urbano,https://postali.app/mx/nuevo-leon/monterrey/empleados-sfeo
64909,Lomas de Montecristo,Colonia,Monterrey,Nuevo León,Monterrey,Urbano,https://postali.app/mx/nuevo-leon/monterrey/lomas-de-montecristo
64910,Mirador Residencial,Fraccionamiento,Monterrey,Nuevo León,Monterrey,Urbano,https://postali.app/mx/nuevo-leon/monterrey/mirador-residencial
64920,Del Paseo Residencial,Colonia,Monterrey,Nuevo León,Monterrey,Urbano,https://postali.app/mx/nuevo-leon/monterrey/del-paseo-residencial
64925,Lomas del Paseo,Colonia,Monterrey,Nuevo León,Monterrey,Urbano,https://postali.app/mx/nuevo-leon/monterrey/lomas-del-paseo
64925,Privadas del Paseo,Colonia,Monterrey,Nuevo León,Monterrey,Urbano,https://postali.app/mx/nuevo-leon/monterrey/privadas-del-paseo
64925,Renacimiento,Colonia,Monterrey,Nuevo León,Monterrey,Urbano,https://postali.app/mx/nuevo-leon/monterrey/renacimiento
64925,Sonoma Residencial,Fraccionamiento,Monterrey,Nuevo León,Monterrey,Urbano,https://postali.app/mx/nuevo-leon/monterrey/sonoma-residencial
64926,Privada Fundadores,Fraccionamiento,Monterrey,Nuevo León,Monterrey,Urbano,https://postali.app/mx/nuevo-leon/monterrey/privada-fundadores
64930,Las Torres,Colonia,Monterrey,Nuevo León,Monterrey,Urbano,https://postali.app/mx/nuevo-leon/monterrey/las-torres-64930
64940,Eduardo A Elizondo,Colonia,Monterrey,Nuevo León,Monterrey,Urbano,https://postali.app/mx/nuevo-leon/monterrey/eduardo-a-elizondo
64949,Villa Sol,Colonia,Monterrey,Nuevo León,Monterrey,Urbano,https://postali.app/mx/nuevo-leon/monterrey/villa-sol
64950,Mederos,Colonia,Monterrey,Nuevo León,Monterrey,Urbano,https://postali.app/mx/nuevo-leon/monterrey/mederos
64950,Torres de Satélite,Colonia,Monterrey,Nuevo León,Monterrey,Urbano,https://postali.app/mx/nuevo-leon/monterrey/torres-de-satelite
64960,Balcones de Satélite,Fraccionamiento,Monterrey,Nuevo León,Monterrey,Urbano,https://postali.app/mx/nuevo-leon/monterrey/balcones-de-satelite
64960,Ciudad Satélite,Colonia,Monterrey,Nuevo León,Monterrey,Urbano,https://postali.app/mx/nuevo-leon/monterrey/ciudad-satelite
64960,Lomas de Satélite,Colonia,Monterrey,Nuevo León,Monterrey,Urbano,https://postali.app/mx/nuevo-leon/monterrey/lomas-de-satelite
64968,Colinas del Sur,Colonia,Monterrey,Nuevo León,Monterrey,Urbano,https://postali.app/mx/nuevo-leon/monterrey/colinas-del-sur
64968,Satélite Acueducto Sexto Sector,Colonia,Monterrey,Nuevo León,Monterrey,Urbano,https://postali.app/mx/nuevo-leon/monterrey/satelite-acueducto-sexto-sector
64968,Satélite Miradores,Colonia,Monterrey,Nuevo León,Monterrey,Urbano,https://postali.app/mx/nuevo-leon/monterrey/satelite-miradores
64970,Bosques de Satélite,Colonia,Monterrey,Nuevo León,Monterrey,Urbano,https://postali.app/mx/nuevo-leon/monterrey/bosques-de-satelite
64970,Campestre Mederos,Colonia,Monterrey,Nuevo León,Monterrey,Urbano,https://postali.app/mx/nuevo-leon/monterrey/campestre-mederos
64970,Rincón Colonial Mederos,Colonia,Monterrey,Nuevo León,Monterrey,Urbano,https://postali.app/mx/nuevo-leon/monterrey/rincon-colonial-mederos
64978,Lomas Mederos,Colonia,Monterrey,Nuevo León,Monterrey,Urbano,https://postali.app/mx/nuevo-leon/monterrey/lomas-mederos
64978,Privada Villa Alta Residencial,Colonia,Monterrey,Nuevo León,Monterrey,Urbano,https://postali.app/mx/nuevo-leon/monterrey/privada-villa-alta-residencial
64979,Balcones de Mederos,Fraccionamiento,Monterrey,Nuevo León,Monterrey,Urbano,https://postali.app/mx/nuevo-leon/monterrey/balcones-de-mederos
64979,Bosquencinos,Fraccionamiento,Monterrey,Nuevo León,Monterrey,Urbano,https://postali.app/mx/nuevo-leon/monterrey/bosquencinos
64979,Cañadas del Sur,Colonia,Monterrey,Nuevo León,Monterrey,Rural,https://postali.app/mx/nuevo-leon/monterrey/canadas-del-sur
64979,El Encino,Fraccionamiento,Monterrey,Nuevo León,Monterrey,Urbano,https://postali.app/mx/nuevo-leon/monterrey/el-encino
64979,Residencial Mederos,Colonia,Monterrey,Nuevo León,Monterrey,Urbano,https://postali.app/mx/nuevo-leon/monterrey/residencial-mederos
64979,San Carlos Privada Residencial,Fraccionamiento,Monterrey,Nuevo León,Monterrey,Urbano,https://postali.app/mx/nuevo-leon/monterrey/san-carlos-privada-residencial
64979,Satélite Acueducto Séptimo Sector,Colonia,Monterrey,Nuevo León,Monterrey,Urbano,https://postali.app/mx/nuevo-leon/monterrey/satelite-acueducto-septimo-sector
64979,Valle de Bosquencinos,Fraccionamiento,Monterrey,Nuevo León,Monterrey,Urbano,https://postali.app/mx/nuevo-leon/monterrey/valle-de-bosquencinos
64980,El Pinito,Colonia,Monterrey,Nuevo León,Monterrey,Urbano,https://postali.app/mx/nuevo-leon/monterrey/el-pinito
64980,Manantiales del Diente,Colonia,Monterrey,Nuevo León,Monterrey,Urbano,https://postali.app/mx/nuevo-leon/monterrey/manantiales-del-diente
64983,Antara,Fraccionamiento,Monterrey,Nuevo León,Monterrey,Urbano,https://postali.app/mx/nuevo-leon/monterrey/antara
64983,La Toscana,Fraccionamiento,Monterrey,Nuevo León,Monterrey,Urbano,https://postali.app/mx/nuevo-leon/monterrey/la-toscana
64983,Las Estancias,Fraccionamiento,Monterrey,Nuevo León,Monterrey,Urbano,https://postali.app/mx/nuevo-leon/monterrey/las-estancias
64983,Palmares Residencial,Fraccionamiento,Monterrey,Nuevo León,Monterrey,Urbano,https://postali.app/mx/nuevo-leon/monterrey/palmares-residencial
64983,Santa Lucía,Colonia,Monterrey,Nuevo León,Monterrey,Urbano,https://postali.app/mx/nuevo-leon/monterrey/santa-lucia
64983,Ébanos,Fraccionamiento,Monterrey,Nuevo León,Monterrey,Urbano,https://postali.app/mx/nuevo-leon/monterrey/ebanos
64984,Brisas de Valle Alto,Colonia,Monterrey,Nuevo León,Monterrey,Urbano,https://postali.app/mx/nuevo-leon/monterrey/brisas-de-valle-alto
64984,Cerradas de Valle Alto Residencial,Fraccionamiento,Monterrey,Nuevo León,Monterrey,Urbano,https://postali.app/mx/nuevo-leon/monterrey/cerradas-de-valle-alto-residencial
64984,El Sabino Cerrada Residencial,Fraccionamiento,Monterrey,Nuevo León,Monterrey,Urbano,https://postali.app/mx/nuevo-leon/monterrey/el-sabino-cerrada-residencial
64984,La Estanzuela Vieja,Colonia,Monterrey,Nuevo León,Monterrey,Urbano,https://postali.app/mx/nuevo-leon/monterrey/la-estanzuela-vieja
64984,Misión Canterías,Colonia,Monterrey,Nuevo León,Monterrey,Urbano,https://postali.app/mx/nuevo-leon/monterrey/mision-canterias
64984,Privada los Encinos,Fraccionamiento,Monterrey,Nuevo León,Monterrey,Urbano,https://postali.app/mx/nuevo-leon/monterrey/privada-los-encinos
64984,Residencial la Lágrima,Fraccionamiento,Monterrey,Nuevo León,Monterrey,Urbano,https://postali.app/mx/nuevo-leon/monterrey/residencial-la-lagrima
64984,Rincón del Vergel,Fraccionamiento,Monterrey,Nuevo León,Monterrey,Urbano,https://postali.app/mx/nuevo-leon/monterrey/rincon-del-vergel
64984,San Pablo,Fraccionamiento,Monterrey,Nuevo León,Monterrey,Urbano,https://postali.app/mx/nuevo-leon/monterrey/san-pablo
64984,Villas de la Herradura,Fraccionamiento,Monterrey,Nuevo León,Monterrey,Urbano,https://postali.app/mx/nuevo-leon/monterrey/villas-de-la-herradura
64984,Villas la Rioja,Fraccionamiento,Monterrey,Nuevo León,Monterrey,Urbano,https://postali.app/mx/nuevo-leon/monterrey/villas-la-rioja
64984,Vistancias,Fraccionamiento,Monterrey,Nuevo León,Monterrey,Urbano,https://postali.app/mx/nuevo-leon/monterrey/vistancias
64985,Aires del Vergel,Fraccionamiento,Monterrey,Nuevo León,Monterrey,Urbano,https://postali.app/mx/nuevo-leon/monterrey/aires-del-vergel
64985,Almendros de Laderas,Fraccionamiento,Monterrey,Nuevo León,Monterrey,Urbano,https://postali.app/mx/nuevo-leon/monterrey/almendros-de-laderas
64985,Aura Residencial,Fraccionamiento,Monterrey,Nuevo León,Monterrey,Urbano,https://postali.app/mx/nuevo-leon/monterrey/aura-residencial
64985,Campestre Los Cristales,Fraccionamiento,Monterrey,Nuevo León,Monterrey,Urbano,https://postali.app/mx/nuevo-leon/monterrey/campestre-los-cristales
64985,Cantabria Residencial,Fraccionamiento,Monterrey,Nuevo León,Monterrey,Urbano,https://postali.app/mx/nuevo-leon/monterrey/cantabria-residencial
64985,Castaños del Vergel,Fraccionamiento,Monterrey,Nuevo León,Monterrey,Urbano,https://postali.app/mx/nuevo-leon/monterrey/castanos-del-vergel
64985,Cerezos Residencial,Fraccionamiento,Monterrey,Nuevo León,Monterrey,Urbano,https://postali.app/mx/nuevo-leon/monterrey/cerezos-residencial
64985,El Uro Oriente,Colonia,Monterrey,Nuevo León,Monterrey,Urbano,https://postali.app/mx/nuevo-leon/monterrey/el-uro-oriente
64985,Granadas,Fraccionamiento,Monterrey,Nuevo León,Monterrey,Urbano,https://postali.app/mx/nuevo-leon/monterrey/granadas
64985,La Joya Privada Residencial,Colonia,Monterrey,Nuevo León,Monterrey,Urbano,https://postali.app/mx/nuevo-leon/monterrey/la-joya-privada-residencial
64985,Laderas Abedul,Fraccionamiento,Monterrey,Nuevo León,Monterrey,Urbano,https://postali.app/mx/nuevo-leon/monterrey/laderas-abedul
64985,Laderas Caranday,Fraccionamiento,Monterrey,Nuevo León,Monterrey,Urbano,https://postali.app/mx/nuevo-leon/monterrey/laderas-caranday
64985,Lania Residencial,Fraccionamiento,Monterrey,Nuevo León,Monterrey,Urbano,https://postali.app/mx/nuevo-leon/monterrey/lania-residencial
64985,Las Esmeraldas Residencial,Fraccionamiento,Monterrey,Nuevo León,Monterrey,Urbano,https://postali.app/mx/nuevo-leon/monterrey/las-esmeraldas-residencial
64985,Los Cristales,Colonia,Monterrey,Nuevo León,Monterrey,Urbano,https://postali.app/mx/nuevo-leon/monterrey/los-cristales
64985,Pedregal de la Montaña,Fraccionamiento,Monterrey,Nuevo León,Monterrey,Urbano,https://postali.app/mx/nuevo-leon/monterrey/pedregal-de-la-montana
64985,Sienna Residencial,Fraccionamiento,Monterrey,Nuevo León,Monterrey,Urbano,https://postali.app/mx/nuevo-leon/monterrey/sienna-residencial
64985,Tramonte,Fraccionamiento,Monterrey,Nuevo León,Monterrey,Urbano,https://postali.app/mx/nuevo-leon/monterrey/tramonte
64985,Villa Isabel,Fraccionamiento,Monterrey,Nuevo León,Monterrey,Urbano,https://postali.app/mx/nuevo-leon/monterrey/villa-isabel
64985,Villa Murano,Fraccionamiento,Monterrey,Nuevo León,Monterrey,Urbano,https://postali.app/mx/nuevo-leon/monterrey/villa-murano
64985,Villa Toledo,Colonia,Monterrey,Nuevo León,Monterrey,Urbano,https://postali.app/mx/nuevo-leon/monterrey/villa-toledo
64985,Viterra,Fraccionamiento,Monterrey,Nuevo León,Monterrey,Urbano,https://postali.app/mx/nuevo-leon/monterrey/viterra
64986,El Refugio,Fraccionamiento,Monterrey,Nuevo León,Monterrey,Urbano,https://postali.app/mx/nuevo-leon/monterrey/el-refugio
64986,El Uro,Colonia,Monterrey,Nuevo León,Monterrey,Urbano,https://postali.app/mx/nuevo-leon/monterrey/el-uro
64986,L Andana Residencial,Fraccionamiento,Monterrey,Nuevo León,Monterrey,Urbano,https://postali.app/mx/nuevo-leon/monterrey/l-andana-residencial
64986,Montealbán Residencial,Fraccionamiento,Monterrey,Nuevo León,Monterrey,Urbano,https://postali.app/mx/nuevo-leon/monterrey/montealban-residencial
64986,Privada Residencial Villas del Uro,Colonia,Monterrey,Nuevo León,Monterrey,Urbano,https://postali.app/mx/nuevo-leon/monterrey/privada-residencial-villas-del-uro
64986,Rancho la Bola,Colonia,Monterrey,Nuevo León,Monterrey,Urbano,https://postali.app/mx/nuevo-leon/monterrey/rancho-la-bola
64986,Soria,Fraccionamiento,Monterrey,Nuevo León,Monterrey,Urbano,https://postali.app/mx/nuevo-leon/monterrey/soria
64987,Bosques del Vergel,Fraccionamiento,Monterrey,Nuevo León,Monterrey,Urbano,https://postali.app/mx/nuevo-leon/monterrey/bosques-del-vergel
64987,Catujanes,Fraccionamiento,Monterrey,Nuevo León,Monterrey,Urbano,https://postali.app/mx/nuevo-leon/monterrey/catujanes
64987,El Vergel,Colonia,Monterrey,Nuevo León,Monterrey,Urbano,https://postali.app/mx/nuevo-leon/monterrey/el-vergel
64987,Encinos del Vergel,Fraccionamiento,Monterrey,Nuevo León,Monterrey,Urbano,https://postali.app/mx/nuevo-leon/monterrey/encinos-del-vergel
64987,Las Diligencias,Colonia,Monterrey,Nuevo León,Monterrey,Urbano,https://postali.app/mx/nuevo-leon/monterrey/las-diligencias
64987,Privada la Herradura,Fraccionamiento,Monterrey,Nuevo León,Monterrey,Urbano,https://postali.app/mx/nuevo-leon/monterrey/privada-la-herradura
64988,Ampliación los Nogales,Colonia,Monterrey,Nuevo León,Monterrey,Urbano,https://postali.app/mx/nuevo-leon/monterrey/ampliacion-los-nogales
64988,Bosques de la Estanzuela,Fraccionamiento,Monterrey,Nuevo León,Monterrey,Urbano,https://postali.app/mx/nuevo-leon/monterrey/bosques-de-la-estanzuela
64988,Bosques de la Silla,Colonia,Monterrey,Nuevo León,Monterrey,Urbano,https://postali.app/mx/nuevo-leon/monterrey/bosques-de-la-silla
64988,Colinas del Huajuco,Fraccionamiento,Monterrey,Nuevo León,Monterrey,Urbano,https://postali.app/mx/nuevo-leon/monterrey/colinas-del-huajuco
64988,Contry Sur,Fraccionamiento,Monterrey,Nuevo León,Monterrey,Urbano,https://postali.app/mx/nuevo-leon/monterrey/contry-sur
64988,El Encanto,Fraccionamiento,Monterrey,Nuevo León,Monterrey,Urbano,https://postali.app/mx/nuevo-leon/monterrey/el-encanto
64988,El Encanto II,Fraccionamiento,Monterrey,Nuevo León,Monterrey,Urbano,https://postali.app/mx/nuevo-leon/monterrey/el-encanto-ii
64988,El Fortín del Huajuco,Fraccionamiento,Monterrey,Nuevo León,Monterrey,Urbano,https://postali.app/mx/nuevo-leon/monterrey/el-fortin-del-huajuco
64988,El Milagro,Unidad habitacional,Monterrey,Nuevo León,Monterrey,Urbano,https://postali.app/mx/nuevo-leon/monterrey/el-milagro
64988,Encino Real,Fraccionamiento,Monterrey,Nuevo León,Monterrey,Urbano,https://postali.app/mx/nuevo-leon/monterrey/encino-real
64988,Estanzuela Nueva,Colonia,Monterrey,Nuevo León,Monterrey,Urbano,https://postali.app/mx/nuevo-leon/monterrey/estanzuela-nueva
64988,Granja Postal,Colonia,Monterrey,Nuevo León,Monterrey,Urbano,https://postali.app/mx/nuevo-leon/monterrey/granja-postal
64988,Ignacio Altamirano,Colonia,Monterrey,Nuevo León,Monterrey,Urbano,https://postali.app/mx/nuevo-leon/monterrey/ignacio-altamirano
64988,Jardines de la Estanzuela,Colonia,Monterrey,Nuevo León,Monterrey,Urbano,https://postali.app/mx/nuevo-leon/monterrey/jardines-de-la-estanzuela
64988,Kiara Residencial,Fraccionamiento,Monterrey,Nuevo León,Monterrey,Urbano,https://postali.app/mx/nuevo-leon/monterrey/kiara-residencial
64988,La Alhambra,Fraccionamiento,Monterrey,Nuevo León,Monterrey,Urbano,https://postali.app/mx/nuevo-leon/monterrey/la-alhambra
64988,La Estanzuela,Colonia,Monterrey,Nuevo León,Monterrey,Urbano,https://postali.app/mx/nuevo-leon/monterrey/la-estanzuela
64988,La Estanzuela (F-45),Colonia,Monterrey,Nuevo León,Monterrey,Urbano,https://postali.app/mx/nuevo-leon/monterrey/la-estanzuela-f-45
64988,La Perla,Fraccionamiento,Monterrey,Nuevo León,Monterrey,Urbano,https://postali.app/mx/nuevo-leon/monterrey/la-perla
64988,La Rioja Privada Residencial,Colonia,Monterrey,Nuevo León,Monterrey,Urbano,https://postali.app/mx/nuevo-leon/monterrey/la-rioja-privada-residencial
64988,Las Callejas Residencial,Fraccionamiento,Monterrey,Nuevo León,Monterrey,Urbano,https://postali.app/mx/nuevo-leon/monterrey/las-callejas-residencial
64988,Las Riveras,Fraccionamiento,Monterrey,Nuevo León,Monterrey,Urbano,https://postali.app/mx/nuevo-leon/monterrey/las-riveras
64988,Lomas del Vergel,Fraccionamiento,Monterrey,Nuevo León,Monterrey,Urbano,https://postali.app/mx/nuevo-leon/monterrey/lomas-del-vergel
64988,Los Santos,Colonia,Monterrey,Nuevo León,Monterrey,Urbano,https://postali.app/mx/nuevo-leon/monterrey/los-santos
64988,Los Álamos,Condominio,Monterrey,Nuevo León,Monterrey,Urbano,https://postali.app/mx/nuevo-leon/monterrey/los-alamos
64988,Lágrima de los Niños,Colonia,Monterrey,Nuevo León,Monterrey,Urbano,https://postali.app/mx/nuevo-leon/monterrey/lagrima-de-los-ninos
64988,Misión Silla,Fraccionamiento,Monterrey,Nuevo León,Monterrey,Urbano,https://postali.app/mx/nuevo-leon/monterrey/mision-silla
64988,Nerea Residencial,Fraccionamiento,Monterrey,Nuevo León,Monterrey,Urbano,https://postali.app/mx/nuevo-leon/monterrey/nerea-residencial
64988,Nogales de la Sierra,Colonia,Monterrey,Nuevo León,Monterrey,Urbano,https://postali.app/mx/nuevo-leon/monterrey/nogales-de-la-sierra
64988,Paraíso Residencial,Colonia,Monterrey,Nuevo León,Monterrey,Urbano,https://postali.app/mx/nuevo-leon/monterrey/paraiso-residencial
64988,Paseo del Vergel,Fraccionamiento,Monterrey,Nuevo León,Monterrey,Urbano,https://postali.app/mx/nuevo-leon/monterrey/paseo-del-vergel
64988,Privada del Bosque,Condominio,Monterrey,Nuevo León,Monterrey,Urbano,https://postali.app/mx/nuevo-leon/monterrey/privada-del-bosque
64988,Privada del Vergel,Fraccionamiento,Monterrey,Nuevo León,Monterrey,Urbano,https://postali.app/mx/nuevo-leon/monterrey/privada-del-vergel
64988,Privada Villa Real,Fraccionamiento,Monterrey,Nuevo León,Monterrey,Urbano,https://postali.app/mx/nuevo-leon/monterrey/privada-villa-real
64988,Privadas de la Fuente Residencial,Fraccionamiento,Monterrey,Nuevo León,Monterrey,Urbano,https://postali.app/mx/nuevo-leon/monterrey/privadas-de-la-fuente-residencial
64988,Residencial Amura,Fraccionamiento,Monterrey,Nuevo León,Monterrey,Urbano,https://postali.app/mx/nuevo-leon/monterrey/residencial-amura
64988,Residencial de la Sierra,Fraccionamiento,Monterrey,Nuevo León,Monterrey,Urbano,https://postali.app/mx/nuevo-leon/monterrey/residencial-de-la-sierra
64988,Residencial la Escondida,Fraccionamiento,Monterrey,Nuevo León,Monterrey,Urbano,https://postali.app/mx/nuevo-leon/monterrey/residencial-la-escondida
64988,Rincón de la Escondida,Fraccionamiento,Monterrey,Nuevo León,Monterrey,Urbano,https://postali.app/mx/nuevo-leon/monterrey/rincon-de-la-escondida
64988,Rincón de la Sierra,Fraccionamiento,Monterrey,Nuevo León,Monterrey,Urbano,https://postali.app/mx/nuevo-leon/monterrey/rincon-de-la-sierra
64988,Sierra Escondida,Fraccionamiento,Monterrey,Nuevo León,Monterrey,Urbano,https://postali.app/mx/nuevo-leon/monterrey/sierra-escondida
64988,Thessalia,Condominio,Monterrey,Nuevo León,Monterrey,Urbano,https://postali.app/mx/nuevo-leon/monterrey/thessalia
64988,Unidad la Estanzuela,Colonia,Monterrey,Nuevo León,Monterrey,Urbano,https://postali.app/mx/nuevo-leon/monterrey/unidad-la-estanzuela
64989,Balcones de Valle Alto,Colonia,Monterrey,Nuevo León,Monterrey,Urbano,https://postali.app/mx/nuevo-leon/monterrey/balcones-de-valle-alto
64989,Bioma Residencial,Fraccionamiento,Monterrey,Nuevo León,Monterrey,Urbano,https://postali.app/mx/nuevo-leon/monterrey/bioma-residencial
64989,Bosques de Valle Alto,Fraccionamiento,Monterrey,Nuevo León,Monterrey,Urbano,https://postali.app/mx/nuevo-leon/monterrey/bosques-de-valle-alto
64989,Campestre Bugambilias,Colonia,Monterrey,Nuevo León,Monterrey,Urbano,https://postali.app/mx/nuevo-leon/monterrey/campestre-bugambilias
64989,El Portón de Valle Alto,Fraccionamiento,Monterrey,Nuevo León,Monterrey,Urbano,https://postali.app/mx/nuevo-leon/monterrey/el-porton-de-valle-alto
64989,Flor de Piedra,Fraccionamiento,Monterrey,Nuevo León,Monterrey,Urbano,https://postali.app/mx/nuevo-leon/monterrey/flor-de-piedra
64989,Hacienda Codornices,Colonia,Monterrey,Nuevo León,Monterrey,Urbano,https://postali.app/mx/nuevo-leon/monterrey/hacienda-codornices
64989,Hacienda los Encinos,Colonia,Monterrey,Nuevo León,Monterrey,Urbano,https://postali.app/mx/nuevo-leon/monterrey/hacienda-los-encinos
64989,Lagos del Vergel,Colonia,Monterrey,Nuevo León,Monterrey,Urbano,https://postali.app/mx/nuevo-leon/monterrey/lagos-del-vergel
64989,Las Jacarandas Privada Residencial,Fraccionamiento,Monterrey,Nuevo León,Monterrey,Urbano,https://postali.app/mx/nuevo-leon/monterrey/las-jacarandas-privada-residencial
64989,Lomas de Valle Alto,Colonia,Monterrey,Nuevo León,Monterrey,Urbano,https://postali.app/mx/nuevo-leon/monterrey/lomas-de-valle-alto
64989,Lomas del Hípico,Fraccionamiento,Monterrey,Nuevo León,Monterrey,Urbano,https://postali.app/mx/nuevo-leon/monterrey/lomas-del-hipico
64989,Los Azulejos,Fraccionamiento,Monterrey,Nuevo León,Monterrey,Urbano,https://postali.app/mx/nuevo-leon/monterrey/los-azulejos
64989,Los Milagros de Valle Alto,Fraccionamiento,Monterrey,Nuevo León,Monterrey,Urbano,https://postali.app/mx/nuevo-leon/monterrey/los-milagros-de-valle-alto
64989,Maestranzas Villas de Providencia,Fraccionamiento,Monterrey,Nuevo León,Monterrey,Urbano,https://postali.app/mx/nuevo-leon/monterrey/maestranzas-villas-de-providencia
64989,Natura,Fraccionamiento,Monterrey,Nuevo León,Monterrey,Urbano,https://postali.app/mx/nuevo-leon/monterrey/natura
64989,Pedregal de Valle Alto,Colonia,Monterrey,Nuevo León,Monterrey,Urbano,https://postali.app/mx/nuevo-leon/monterrey/pedregal-de-valle-alto
64989,Plaza Rincón de la Sierra Alta,Colonia,Monterrey,Nuevo León,Monterrey,Urbano,https://postali.app/mx/nuevo-leon/monterrey/plaza-rincon-de-la-sierra-alta
64989,Plaza Rincón de la Virgen,Fraccionamiento,Monterrey,Nuevo León,Monterrey,Urbano,https://postali.app/mx/nuevo-leon/monterrey/plaza-rincon-de-la-virgen
64989,Portal de Valle Alto,Fraccionamiento,Monterrey,Nuevo León,Monterrey,Urbano,https://postali.app/mx/nuevo-leon/monterrey/portal-de-valle-alto
64989,Portal del Huajuco,Fraccionamiento,Monterrey,Nuevo León,Monterrey,Urbano,https://postali.app/mx/nuevo-leon/monterrey/portal-del-huajuco
64989,Privada Valle Alto,Fraccionamiento,Monterrey,Nuevo León,Monterrey,Urbano,https://postali.app/mx/nuevo-leon/monterrey/privada-valle-alto
64989,Real de Valle Alto,Fraccionamiento,Monterrey,Nuevo León,Monterrey,Urbano,https://postali.app/mx/nuevo-leon/monterrey/real-de-valle-alto
64989,Residencial Canterías,Fraccionamiento,Monterrey,Nuevo León,Monterrey,Urbano,https://postali.app/mx/nuevo-leon/monterrey/residencial-canterias
64989,Rincón de las Montañas,Fraccionamiento,Monterrey,Nuevo León,Monterrey,Urbano,https://postali.app/mx/nuevo-leon/monterrey/rincon-de-las-montanas
64989,Rincón de los Ahuehuetes,Fraccionamiento,Monterrey,Nuevo León,Monterrey,Urbano,https://postali.app/mx/nuevo-leon/monterrey/rincon-de-los-ahuehuetes
64989,Rincón de los Encinos,Colonia,Monterrey,Nuevo León,Monterrey,Urbano,https://postali.app/mx/nuevo-leon/monterrey/rincon-de-los-encinos
64989,Rincón de Valle Alto,Colonia,Monterrey,Nuevo León,Monterrey,Urbano,https://postali.app/mx/nuevo-leon/monterrey/rincon-de-valle-alto
64989,San Gabriel,Colonia,Monterrey,Nuevo León,Monterrey,Urbano,https://postali.app/mx/nuevo-leon/monterrey/san-gabriel-64989
64989,San Michelle,Colonia,Monterrey,Nuevo León,Monterrey,Urbano,https://postali.app/mx/nuevo-leon/monterrey/san-michelle
64989,Sierra Alta,Fraccionamiento,Monterrey,Nuevo León,Monterrey,Urbano,https://postali.app/mx/nuevo-leon/monterrey/sierra-alta
64989,Sierra Alta,Colonia,Monterrey,Nuevo León,Monterrey,Urbano,https://postali.app/mx/nuevo-leon/monterrey/sierra-alta-64989
64989,Valle Alto,Colonia,Monterrey,Nuevo León,Monterrey,Urbano,https://postali.app/mx/nuevo-leon/monterrey/valle-alto
64989,Valle del Vergel,Fraccionamiento,Monterrey,Nuevo León,Monterrey,Urbano,https://postali.app/mx/nuevo-leon/monterrey/valle-del-vergel
64989,Villas de Canterías,Fraccionamiento,Monterrey,Nuevo León,Monterrey,Urbano,https://postali.app/mx/nuevo-leon/monterrey/villas-de-canterias
64989,Áurea Residencial,Fraccionamiento,Monterrey,Nuevo León,Monterrey,Urbano,https://postali.app/mx/nuevo-leon/monterrey/aurea-residencial
64990,Antigua Hacienda Santa Anita,Colonia,Monterrey,Nuevo León,Monterrey,Urbano,https://postali.app/mx/nuevo-leon/monterrey/antigua-hacienda-santa-anita
64990,Campestre los Cristales,Colonia,Monterrey,Nuevo León,Monterrey,Urbano,https://postali.app/mx/nuevo-leon/monterrey/campestre-los-cristales-64990
64990,Campestre Sertoma,Fraccionamiento,Monterrey,Nuevo León,Monterrey,Urbano,https://postali.app/mx/nuevo-leon/monterrey/campestre-sertoma
64990,El Mirador,Colonia,Monterrey,Nuevo León,Monterrey,Urbano,https://postali.app/mx/nuevo-leon/monterrey/el-mirador
64990,Las Jaras,Colonia,Monterrey,Nuevo León,Monterrey,Urbano,https://postali.app/mx/nuevo-leon/monterrey/las-jaras
64990,Las Margaritas,Colonia,Monterrey,Nuevo León,Monterrey,Urbano,https://postali.app/mx/nuevo-leon/monterrey/las-margaritas
64990,Santa Isabel,Fraccionamiento,Monterrey,Nuevo León,Monterrey,Urbano,https://postali.app/mx/nuevo-leon/monterrey/santa-isabel
64990,Sector Magnolia,Fraccionamiento,Monterrey,Nuevo León,Monterrey,Urbano,https://postali.app/mx/nuevo-leon/monterrey/sector-magnolia
64990,Valle de Cristal,Colonia,Monterrey,Nuevo León,Monterrey,Urbano,https://postali.app/mx/nuevo-leon/monterrey/valle-de-cristal
64996,Carolco,Colonia,Monterrey,Nuevo León,Monterrey,Urbano,https://postali.app/mx/nuevo-leon/monterrey/carolco
64997,Campestre el Barro,Fraccionamiento,Monterrey,Nuevo León,Monterrey,Urbano,https://postali.app/mx/nuevo-leon/monterrey/campestre-el-barro
64997,El Barro,Colonia,Monterrey,Nuevo León,Monterrey,Urbano,https://postali.app/mx/nuevo-leon/monterrey/el-barro
64997,Magnolias Residencial,Fraccionamiento,Monterrey,Nuevo León,Monterrey,Urbano,https://postali.app/mx/nuevo-leon/monterrey/magnolias-residencial
64997,Montellán,Fraccionamiento,Monterrey,Nuevo León,Monterrey,Urbano,https://postali.app/mx/nuevo-leon/monterrey/montellan
64997,Moretta,Fraccionamiento,Monterrey,Nuevo León,Monterrey,Urbano,https://postali.app/mx/nuevo-leon/monterrey/moretta
64997,Mítica Residencial,Fraccionamiento,Monterrey,Nuevo León,Monterrey,Urbano,https://postali.app/mx/nuevo-leon/monterrey/mitica-residencial
64997,Villas Moretta,Fraccionamiento,Monterrey,Nuevo León,Monterrey,Urbano,https://postali.app/mx/nuevo-leon/monterrey/villas-moretta
65000,Colombia,Pueblo,Anáhuac,Nuevo León,,Rural,https://postali.app/mx/nuevo-leon/anahuac/colombia
65001,Camarón [Estación],Paraje,Anáhuac,Nuevo León,,Rural,https://postali.app/mx/nuevo-leon/anahuac/camaron-estacion
65004,El Sifón,Colonia,Anáhuac,Nuevo León,,Rural,https://postali.app/mx/nuevo-leon/anahuac/el-sifon
65010,San Ignacio (Regantes Número Treinta y Cuatro),Rancho,Anáhuac,Nuevo León,,Rural,https://postali.app/mx/nuevo-leon/anahuac/san-ignacio-regantes-numero-treinta-y-cuatro
65030,Anáhuac Centro,Colonia,Anáhuac,Nuevo León,Anáhuac,Urbano,https://postali.app/mx/nuevo-leon/anahuac/anahuac-centro
65032,Revolución,Colonia,Anáhuac,Nuevo León,Anáhuac,Urbano,https://postali.app/mx/nuevo-leon/anahuac/revolucion
65033,Ampliación Obrera,Colonia,Anáhuac,Nuevo León,Anáhuac,Urbano,https://postali.app/mx/nuevo-leon/anahuac/ampliacion-obrera
65033,Progreso,Colonia,Anáhuac,Nuevo León,Anáhuac,Urbano,https://postali.app/mx/nuevo-leon/anahuac/progreso
65034,Fundadores,Fraccionamiento,Anáhuac,Nuevo León,Anáhuac,Urbano,https://postali.app/mx/nuevo-leon/anahuac/fundadores
65034,INFONAVIT Fomerrey,Colonia,Anáhuac,Nuevo León,Anáhuac,Urbano,https://postali.app/mx/nuevo-leon/anahuac/infonavit-fomerrey
65034,Lomas de Anáhuac,Colonia,Anáhuac,Nuevo León,Anáhuac,Urbano,https://postali.app/mx/nuevo-leon/anahuac/lomas-de-anahuac
65034,Lázaro Cárdenas,Colonia,Anáhuac,Nuevo León,Anáhuac,Urbano,https://postali.app/mx/nuevo-leon/anahuac/lazaro-cardenas
65034,Obrera,Colonia,Anáhuac,Nuevo León,Anáhuac,Urbano,https://postali.app/mx/nuevo-leon/anahuac/obrera
65036,Granja Experimental,Colonia,Anáhuac,Nuevo León,Anáhuac,Urbano,https://postali.app/mx/nuevo-leon/anahuac/granja-experimental
65040,Anáhuac,Colonia,Anáhuac,Nuevo León,Anáhuac,Urbano,https://postali.app/mx/nuevo-leon/anahuac/anahuac
65040,Independencia,Colonia,Anáhuac,Nuevo León,Anáhuac,Urbano,https://postali.app/mx/nuevo-leon/anahuac/independencia
65042,Chapultepec,Colonia,Anáhuac,Nuevo León,Anáhuac,Urbano,https://postali.app/mx/nuevo-leon/anahuac/chapultepec
65042,Estación Rodríguez,Colonia,Anáhuac,Nuevo León,,Urbano,https://postali.app/mx/nuevo-leon/anahuac/estacion-rodriguez
65042,Raúl Caballero Escamilla,Colonia,Anáhuac,Nuevo León,Anáhuac,Urbano,https://postali.app/mx/nuevo-leon/anahuac/raul-caballero-escamilla
65057,Nuevo Camarón,Ejido,Anáhuac,Nuevo León,,Rural,https://postali.app/mx/nuevo-leon/anahuac/nuevo-camaron
65059,Nuevo Anáhuac,Ejido,Anáhuac,Nuevo León,,Rural,https://postali.app/mx/nuevo-leon/anahuac/nuevo-anahuac
65059,Nuevo Rodríguez,Ejido,Anáhuac,Nuevo León,,Rural,https://postali.app/mx/nuevo-leon/anahuac/nuevo-rodriguez
65070,Chipinque,Colonia,Lampazos de Naranjo,Nuevo León,,Urbano,https://postali.app/mx/nuevo-leon/lampazos-de-naranjo/chipinque
65070,El Nogal,Rancho,Lampazos de Naranjo,Nuevo León,,Rural,https://postali.app/mx/nuevo-leon/lampazos-de-naranjo/el-nogal
65070,Ferrocarrilera,Colonia,Lampazos de Naranjo,Nuevo León,,Urbano,https://postali.app/mx/nuevo-leon/lampazos-de-naranjo/ferrocarrilera
65070,Francisco Zertuche,Colonia,Lampazos de Naranjo,Nuevo León,,Urbano,https://postali.app/mx/nuevo-leon/lampazos-de-naranjo/francisco-zertuche
65070,La Capilla,Colonia,Lampazos de Naranjo,Nuevo León,,Urbano,https://postali.app/mx/nuevo-leon/lampazos-de-naranjo/la-capilla
65070,La Loma,Colonia,Lampazos de Naranjo,Nuevo León,,Urbano,https://postali.app/mx/nuevo-leon/lampazos-de-naranjo/la-loma
65070,Lampazos de Naranjo,Pueblo,Lampazos de Naranjo,Nuevo León,,Urbano,https://postali.app/mx/nuevo-leon/lampazos-de-naranjo/lampazos-de-naranjo
65076,Dolores,Ejido,Lampazos de Naranjo,Nuevo León,,Rural,https://postali.app/mx/nuevo-leon/lampazos-de-naranjo/dolores
65076,Horcones,Ejido,Lampazos de Naranjo,Nuevo León,,Rural,https://postali.app/mx/nuevo-leon/lampazos-de-naranjo/horcones
65076,Santa Elena,Ejido,Lampazos de Naranjo,Nuevo León,,Rural,https://postali.app/mx/nuevo-leon/lampazos-de-naranjo/santa-elena
65087,San Antonio de las Lajitas,Ejido,Lampazos de Naranjo,Nuevo León,,Rural,https://postali.app/mx/nuevo-leon/lampazos-de-naranjo/san-antonio-de-las-lajitas
65088,Ranas,Ejido,Lampazos de Naranjo,Nuevo León,,Rural,https://postali.app/mx/nuevo-leon/lampazos-de-naranjo/ranas
65090,Estación Golondrinas,Paraje,Lampazos de Naranjo,Nuevo León,,Rural,https://postali.app/mx/nuevo-leon/lampazos-de-naranjo/estacion-golondrinas
65092,Las Presas,Ejido,Lampazos de Naranjo,Nuevo León,,Rural,https://postali.app/mx/nuevo-leon/lampazos-de-naranjo/las-presas
65100,Los Guerra,Barrio,Mina,Nuevo León,,Urbano,https://postali.app/mx/nuevo-leon/mina/los-guerra
65100,Mina,Pueblo,Mina,Nuevo León,,Urbano,https://postali.app/mx/nuevo-leon/mina/mina
65110,San José de la Popa,Ranchería,Mina,Nuevo León,,Rural,https://postali.app/mx/nuevo-leon/mina/san-jose-de-la-popa
65115,La Jarita (San José),Rancho,Mina,Nuevo León,,Rural,https://postali.app/mx/nuevo-leon/mina/la-jarita-san-jose
65116,California,Rancho,Mina,Nuevo León,,Rural,https://postali.app/mx/nuevo-leon/mina/california
65118,Presa de la Mula (Las Presas),Ranchería,Mina,Nuevo León,,Rural,https://postali.app/mx/nuevo-leon/mina/presa-de-la-mula-las-presas
65140,Espinazo (Espinazo Nuevo León),Pueblo,Mina,Nuevo León,,Rural,https://postali.app/mx/nuevo-leon/mina/espinazo-espinazo-nuevo-leon
65150,5 de Mayo,Colonia,Bustamante,Nuevo León,,Urbano,https://postali.app/mx/nuevo-leon/bustamante/5-de-mayo
65150,Barretal,Colonia,Bustamante,Nuevo León,,Urbano,https://postali.app/mx/nuevo-leon/bustamante/barretal
65150,Bustamante,Pueblo,Bustamante,Nuevo León,,Urbano,https://postali.app/mx/nuevo-leon/bustamante/bustamante
65150,El Pedregal,Fraccionamiento,Bustamante,Nuevo León,,Urbano,https://postali.app/mx/nuevo-leon/bustamante/el-pedregal
65150,El Valladito,Colonia,Bustamante,Nuevo León,,Rural,https://postali.app/mx/nuevo-leon/bustamante/el-valladito
65150,San Miguel,Colonia,Bustamante,Nuevo León,,Urbano,https://postali.app/mx/nuevo-leon/bustamante/san-miguel
65150,Tlaxcala,Colonia,Bustamante,Nuevo León,,Urbano,https://postali.app/mx/nuevo-leon/bustamante/tlaxcala
65200,Ciudad Sabinas Hidalgo Centro,Colonia,Sabinas Hidalgo,Nuevo León,Ciudad Sabinas Hidalgo,Urbano,https://postali.app/mx/nuevo-leon/sabinas-hidalgo/ciudad-sabinas-hidalgo-centro
65200,El Aguacate,Barrio,Sabinas Hidalgo,Nuevo León,Ciudad Sabinas Hidalgo,Urbano,https://postali.app/mx/nuevo-leon/sabinas-hidalgo/el-aguacate
65200,El Dólar,Barrio,Sabinas Hidalgo,Nuevo León,Ciudad Sabinas Hidalgo,Urbano,https://postali.app/mx/nuevo-leon/sabinas-hidalgo/el-dolar
65200,Sonora,Barrio,Sabinas Hidalgo,Nuevo León,Ciudad Sabinas Hidalgo,Urbano,https://postali.app/mx/nuevo-leon/sabinas-hidalgo/sonora
65210,El Nogalar,Fraccionamiento,Sabinas Hidalgo,Nuevo León,Ciudad Sabinas Hidalgo,Urbano,https://postali.app/mx/nuevo-leon/sabinas-hidalgo/el-nogalar
65210,Pablo de los Santos,Colonia,Sabinas Hidalgo,Nuevo León,Ciudad Sabinas Hidalgo,Urbano,https://postali.app/mx/nuevo-leon/sabinas-hidalgo/pablo-de-los-santos
65210,Real de las Sabinas,Fraccionamiento,Sabinas Hidalgo,Nuevo León,Ciudad Sabinas Hidalgo,Urbano,https://postali.app/mx/nuevo-leon/sabinas-hidalgo/real-de-las-sabinas
65220,La Esperanza,Colonia,Sabinas Hidalgo,Nuevo León,Ciudad Sabinas Hidalgo,Urbano,https://postali.app/mx/nuevo-leon/sabinas-hidalgo/la-esperanza
65220,La Noria,Colonia,Sabinas Hidalgo,Nuevo León,Ciudad Sabinas Hidalgo,Urbano,https://postali.app/mx/nuevo-leon/sabinas-hidalgo/la-noria
65220,La Recta,Colonia,Sabinas Hidalgo,Nuevo León,Ciudad Sabinas Hidalgo,Urbano,https://postali.app/mx/nuevo-leon/sabinas-hidalgo/la-recta
65220,Las Misiones,Fraccionamiento,Sabinas Hidalgo,Nuevo León,Ciudad Sabinas Hidalgo,Urbano,https://postali.app/mx/nuevo-leon/sabinas-hidalgo/las-misiones
65220,Primavera,Colonia,Sabinas Hidalgo,Nuevo León,Ciudad Sabinas Hidalgo,Urbano,https://postali.app/mx/nuevo-leon/sabinas-hidalgo/primavera
65230,Alfonso Martínez Domínguez,Colonia,Sabinas Hidalgo,Nuevo León,Ciudad Sabinas Hidalgo,Urbano,https://postali.app/mx/nuevo-leon/sabinas-hidalgo/alfonso-martinez-dominguez
65230,La Campiña,Colonia,Sabinas Hidalgo,Nuevo León,Ciudad Sabinas Hidalgo,Urbano,https://postali.app/mx/nuevo-leon/sabinas-hidalgo/la-campina
65230,Los Chapa,Colonia,Sabinas Hidalgo,Nuevo León,Ciudad Sabinas Hidalgo,Urbano,https://postali.app/mx/nuevo-leon/sabinas-hidalgo/los-chapa
65230,Los Ébanos,Colonia,Sabinas Hidalgo,Nuevo León,Ciudad Sabinas Hidalgo,Urbano,https://postali.app/mx/nuevo-leon/sabinas-hidalgo/los-ebanos
65230,Mirador,Colonia,Sabinas Hidalgo,Nuevo León,Ciudad Sabinas Hidalgo,Urbano,https://postali.app/mx/nuevo-leon/sabinas-hidalgo/mirador
65230,Misión de Picachos,Fraccionamiento,Sabinas Hidalgo,Nuevo León,Ciudad Sabinas Hidalgo,Urbano,https://postali.app/mx/nuevo-leon/sabinas-hidalgo/mision-de-picachos
65230,Plaza Mirador,Colonia,Sabinas Hidalgo,Nuevo León,Ciudad Sabinas Hidalgo,Urbano,https://postali.app/mx/nuevo-leon/sabinas-hidalgo/plaza-mirador
65230,Real de las Palmas,Colonia,Sabinas Hidalgo,Nuevo León,Ciudad Sabinas Hidalgo,Urbano,https://postali.app/mx/nuevo-leon/sabinas-hidalgo/real-de-las-palmas
65230,Revolución,Colonia,Sabinas Hidalgo,Nuevo León,Ciudad Sabinas Hidalgo,Urbano,https://postali.app/mx/nuevo-leon/sabinas-hidalgo/revolucion
65230,Valle del Sol,Colonia,Sabinas Hidalgo,Nuevo León,Ciudad Sabinas Hidalgo,Urbano,https://postali.app/mx/nuevo-leon/sabinas-hidalgo/valle-del-sol
65234,Hacienda Santa Cruz,Colonia,Sabinas Hidalgo,Nuevo León,Ciudad Sabinas Hidalgo,Urbano,https://postali.app/mx/nuevo-leon/sabinas-hidalgo/hacienda-santa-cruz
65234,Jardines de la Ermita,Colonia,Sabinas Hidalgo,Nuevo León,Ciudad Sabinas Hidalgo,Urbano,https://postali.app/mx/nuevo-leon/sabinas-hidalgo/jardines-de-la-ermita
65234,Niños Héroes,Colonia,Sabinas Hidalgo,Nuevo León,Ciudad Sabinas Hidalgo,Urbano,https://postali.app/mx/nuevo-leon/sabinas-hidalgo/ninos-heroes
65240,Eloy Treviño,Fraccionamiento,Sabinas Hidalgo,Nuevo León,Ciudad Sabinas Hidalgo,Urbano,https://postali.app/mx/nuevo-leon/sabinas-hidalgo/eloy-trevino
65240,Eulogio Reyes,Colonia,Sabinas Hidalgo,Nuevo León,Ciudad Sabinas Hidalgo,Urbano,https://postali.app/mx/nuevo-leon/sabinas-hidalgo/eulogio-reyes
65240,Hacienda San Francisco,Colonia,Sabinas Hidalgo,Nuevo León,Ciudad Sabinas Hidalgo,Urbano,https://postali.app/mx/nuevo-leon/sabinas-hidalgo/hacienda-san-francisco
65240,María Luisa,Colonia,Sabinas Hidalgo,Nuevo León,Ciudad Sabinas Hidalgo,Urbano,https://postali.app/mx/nuevo-leon/sabinas-hidalgo/maria-luisa
65243,El Sendero,Colonia,Sabinas Hidalgo,Nuevo León,Ciudad Sabinas Hidalgo,Urbano,https://postali.app/mx/nuevo-leon/sabinas-hidalgo/el-sendero
65243,Francisco Villa,Colonia,Sabinas Hidalgo,Nuevo León,Ciudad Sabinas Hidalgo,Urbano,https://postali.app/mx/nuevo-leon/sabinas-hidalgo/francisco-villa
65243,Raúl Caballero Escamilla,Colonia,Sabinas Hidalgo,Nuevo León,Ciudad Sabinas Hidalgo,Urbano,https://postali.app/mx/nuevo-leon/sabinas-hidalgo/raul-caballero-escamilla
65244,Leopoldo González Sáenz,Colonia,Sabinas Hidalgo,Nuevo León,Ciudad Sabinas Hidalgo,Urbano,https://postali.app/mx/nuevo-leon/sabinas-hidalgo/leopoldo-gonzalez-saenz
65244,Miguel Hidalgo,Colonia,Sabinas Hidalgo,Nuevo León,Ciudad Sabinas Hidalgo,Urbano,https://postali.app/mx/nuevo-leon/sabinas-hidalgo/miguel-hidalgo
65249,Sabinas Hidalgo,Zona industrial,Sabinas Hidalgo,Nuevo León,Ciudad Sabinas Hidalgo,Rural,https://postali.app/mx/nuevo-leon/sabinas-hidalgo/sabinas-hidalgo
65250,CROC,Colonia,Sabinas Hidalgo,Nuevo León,Ciudad Sabinas Hidalgo,Urbano,https://postali.app/mx/nuevo-leon/sabinas-hidalgo/croc
65250,La Santa Cruz,Colonia,Sabinas Hidalgo,Nuevo León,Ciudad Sabinas Hidalgo,Urbano,https://postali.app/mx/nuevo-leon/sabinas-hidalgo/la-santa-cruz
65250,Los Canteros,Fraccionamiento,Sabinas Hidalgo,Nuevo León,Ciudad Sabinas Hidalgo,Urbano,https://postali.app/mx/nuevo-leon/sabinas-hidalgo/los-canteros
65255,La Turbina,Colonia,Sabinas Hidalgo,Nuevo León,Ciudad Sabinas Hidalgo,Urbano,https://postali.app/mx/nuevo-leon/sabinas-hidalgo/la-turbina
65256,Campestre Rivereño,Fraccionamiento,Sabinas Hidalgo,Nuevo León,Ciudad Sabinas Hidalgo,Urbano,https://postali.app/mx/nuevo-leon/sabinas-hidalgo/campestre-rivereno
65256,Fidel Velázquez,Colonia,Sabinas Hidalgo,Nuevo León,Ciudad Sabinas Hidalgo,Urbano,https://postali.app/mx/nuevo-leon/sabinas-hidalgo/fidel-velazquez
65256,FOVISSSTE,Colonia,Sabinas Hidalgo,Nuevo León,Ciudad Sabinas Hidalgo,Urbano,https://postali.app/mx/nuevo-leon/sabinas-hidalgo/fovissste
65256,Hacienda los Morales,Colonia,Sabinas Hidalgo,Nuevo León,Ciudad Sabinas Hidalgo,Urbano,https://postali.app/mx/nuevo-leon/sabinas-hidalgo/hacienda-los-morales
65256,Nora Quintana,Colonia,Sabinas Hidalgo,Nuevo León,Ciudad Sabinas Hidalgo,Urbano,https://postali.app/mx/nuevo-leon/sabinas-hidalgo/nora-quintana
65257,Venustiano Carranza,Colonia,Sabinas Hidalgo,Nuevo León,Ciudad Sabinas Hidalgo,Urbano,https://postali.app/mx/nuevo-leon/sabinas-hidalgo/venustiano-carranza
65260,Industrial,Colonia,Sabinas Hidalgo,Nuevo León,Ciudad Sabinas Hidalgo,Urbano,https://postali.app/mx/nuevo-leon/sabinas-hidalgo/industrial
65270,Bellavista,Colonia,Sabinas Hidalgo,Nuevo León,Ciudad Sabinas Hidalgo,Urbano,https://postali.app/mx/nuevo-leon/sabinas-hidalgo/bellavista
65272,Constitución,Colonia,Sabinas Hidalgo,Nuevo León,Ciudad Sabinas Hidalgo,Rural,https://postali.app/mx/nuevo-leon/sabinas-hidalgo/constitucion
65272,Graciano Bortoni,Colonia,Sabinas Hidalgo,Nuevo León,Ciudad Sabinas Hidalgo,Rural,https://postali.app/mx/nuevo-leon/sabinas-hidalgo/graciano-bortoni
65276,Industrial Poniente,Colonia,Sabinas Hidalgo,Nuevo León,Ciudad Sabinas Hidalgo,Urbano,https://postali.app/mx/nuevo-leon/sabinas-hidalgo/industrial-poniente
65276,Larraldeña,Colonia,Sabinas Hidalgo,Nuevo León,Ciudad Sabinas Hidalgo,Urbano,https://postali.app/mx/nuevo-leon/sabinas-hidalgo/larraldena
65280,Lázaro Cárdenas,Colonia,Sabinas Hidalgo,Nuevo León,Ciudad Sabinas Hidalgo,Urbano,https://postali.app/mx/nuevo-leon/sabinas-hidalgo/lazaro-cardenas
65280,Morelos,Colonia,Sabinas Hidalgo,Nuevo León,Ciudad Sabinas Hidalgo,Urbano,https://postali.app/mx/nuevo-leon/sabinas-hidalgo/morelos
65288,17 de Septiembre,Colonia,Sabinas Hidalgo,Nuevo León,Ciudad Sabinas Hidalgo,Urbano,https://postali.app/mx/nuevo-leon/sabinas-hidalgo/17-de-septiembre
65288,Benito Juárez,Colonia,Sabinas Hidalgo,Nuevo León,Ciudad Sabinas Hidalgo,Urbano,https://postali.app/mx/nuevo-leon/sabinas-hidalgo/benito-juarez
65289,Josefa Zozaya,Colonia,Sabinas Hidalgo,Nuevo León,Ciudad Sabinas Hidalgo,Urbano,https://postali.app/mx/nuevo-leon/sabinas-hidalgo/josefa-zozaya
65290,Enrique Lozano,Colonia,Sabinas Hidalgo,Nuevo León,Ciudad Sabinas Hidalgo,Urbano,https://postali.app/mx/nuevo-leon/sabinas-hidalgo/enrique-lozano
65290,Rincón del Sabino,Colonia,Sabinas Hidalgo,Nuevo León,Ciudad Sabinas Hidalgo,Urbano,https://postali.app/mx/nuevo-leon/sabinas-hidalgo/rincon-del-sabino
65299,Loma Chula,Colonia,Sabinas Hidalgo,Nuevo León,Ciudad Sabinas Hidalgo,Urbano,https://postali.app/mx/nuevo-leon/sabinas-hidalgo/loma-chula
65300,Garza Ayala,Pueblo,Sabinas Hidalgo,Nuevo León,,Rural,https://postali.app/mx/nuevo-leon/sabinas-hidalgo/garza-ayala
65302,Carboneras,Hacienda,Sabinas Hidalgo,Nuevo León,,Rural,https://postali.app/mx/nuevo-leon/sabinas-hidalgo/carboneras
65336,El Ébano,Ejido,Sabinas Hidalgo,Nuevo León,,Rural,https://postali.app/mx/nuevo-leon/sabinas-hidalgo/el-ebano
65340,Sombreretillo,Colonia,Sabinas Hidalgo,Nuevo León,,Rural,https://postali.app/mx/nuevo-leon/sabinas-hidalgo/sombreretillo
65347,Paso de Álamos,Ejido,Sabinas Hidalgo,Nuevo León,,Rural,https://postali.app/mx/nuevo-leon/sabinas-hidalgo/paso-de-alamos
65348,Buena Vista,Ejido,Sabinas Hidalgo,Nuevo León,,Rural,https://postali.app/mx/nuevo-leon/sabinas-hidalgo/buena-vista
65350,Ciudad de Villaldama Centro,Colonia,Villaldama,Nuevo León,,Urbano,https://postali.app/mx/nuevo-leon/villaldama/ciudad-de-villaldama-centro
65350,Estación,Colonia,Villaldama,Nuevo León,,Urbano,https://postali.app/mx/nuevo-leon/villaldama/estacion
65350,Independencia,Barrio,Villaldama,Nuevo León,,Urbano,https://postali.app/mx/nuevo-leon/villaldama/independencia
65350,Luis Donaldo Colosio,Colonia,Villaldama,Nuevo León,,Urbano,https://postali.app/mx/nuevo-leon/villaldama/luis-donaldo-colosio
65350,Mirador Santa Cruz,Colonia,Villaldama,Nuevo León,,Urbano,https://postali.app/mx/nuevo-leon/villaldama/mirador-santa-cruz
65357,Santa Fe,Colonia,Villaldama,Nuevo León,,Rural,https://postali.app/mx/nuevo-leon/villaldama/santa-fe
65357,Santa Isabel,Colonia,Villaldama,Nuevo León,,Rural,https://postali.app/mx/nuevo-leon/villaldama/santa-isabel
65390,El Potrero,Colonia,Villaldama,Nuevo León,,Rural,https://postali.app/mx/nuevo-leon/villaldama/el-potrero
65395,Estación Álamo,Colonia,Villaldama,Nuevo León,,Rural,https://postali.app/mx/nuevo-leon/villaldama/estacion-alamo
65400,Mirador de las Margaritas,Colonia,Vallecillo,Nuevo León,,Urbano,https://postali.app/mx/nuevo-leon/vallecillo/mirador-de-las-margaritas
65400,Vallecillo,Pueblo,Vallecillo,Nuevo León,,Urbano,https://postali.app/mx/nuevo-leon/vallecillo/vallecillo
65410,Los Garza,Ranchería,Vallecillo,Nuevo León,,Rural,https://postali.app/mx/nuevo-leon/vallecillo/los-garza
65415,San Carlos,Ranchería,Vallecillo,Nuevo León,,Rural,https://postali.app/mx/nuevo-leon/vallecillo/san-carlos
65419,Aquiles Serdán (El Mateño),Ejido,Vallecillo,Nuevo León,,Rural,https://postali.app/mx/nuevo-leon/vallecillo/aquiles-serdan-el-mateno
65420,Matatenas,Ejido,Vallecillo,Nuevo León,,Rural,https://postali.app/mx/nuevo-leon/vallecillo/matatenas
65429,Los Colorados de Arriba,Ejido,Vallecillo,Nuevo León,,Rural,https://postali.app/mx/nuevo-leon/vallecillo/los-colorados-de-arriba
65430,Los Colorados de Abajo,Ranchería,Vallecillo,Nuevo León,,Rural,https://postali.app/mx/nuevo-leon/vallecillo/los-colorados-de-abajo
65436,Fresnillo,Ejido,Vallecillo,Nuevo León,,Rural,https://postali.app/mx/nuevo-leon/vallecillo/fresnillo
65440,El Álamo (Hacienda el Álamo),Hacienda,Vallecillo,Nuevo León,,Rural,https://postali.app/mx/nuevo-leon/vallecillo/el-alamo-hacienda-el-alamo
65449,Palo Alto (Palo Alto y Ayaleño),Hacienda,Vallecillo,Nuevo León,,Rural,https://postali.app/mx/nuevo-leon/vallecillo/palo-alto-palo-alto-y-ayaleno
65450,Del Norte,Fraccionamiento,Parás,Nuevo León,,Urbano,https://postali.app/mx/nuevo-leon/paras/del-norte
65450,Parás,Pueblo,Parás,Nuevo León,,Urbano,https://postali.app/mx/nuevo-leon/paras/paras
65460,El Tanque,Barrio,Parás,Nuevo León,,Rural,https://postali.app/mx/nuevo-leon/paras/el-tanque
65467,Charco Blanco,Barrio,Parás,Nuevo León,,Rural,https://postali.app/mx/nuevo-leon/paras/charco-blanco
65468,Cinco de Mayo,Barrio,Parás,Nuevo León,,Rural,https://postali.app/mx/nuevo-leon/paras/cinco-de-mayo
65476,El Progreso,Ejido,Parás,Nuevo León,,Rural,https://postali.app/mx/nuevo-leon/paras/el-progreso
65477,Emiliano Zapata,Ejido,Parás,Nuevo León,,Rural,https://postali.app/mx/nuevo-leon/paras/emiliano-zapata
65500,Agrarista,Colonia,Salinas Victoria,Nuevo León,Salinas Victoria,Urbano,https://postali.app/mx/nuevo-leon/salinas-victoria/agrarista
65500,Brenda,Ranchería,Salinas Victoria,Nuevo León,Salinas Victoria,Rural,https://postali.app/mx/nuevo-leon/salinas-victoria/brenda
65500,Campanario San Isidro,Fraccionamiento,Salinas Victoria,Nuevo León,Salinas Victoria,Urbano,https://postali.app/mx/nuevo-leon/salinas-victoria/campanario-san-isidro
65500,Gobernadores,Colonia,Salinas Victoria,Nuevo León,Salinas Victoria,Urbano,https://postali.app/mx/nuevo-leon/salinas-victoria/gobernadores
65500,Hacienda Santa Gertrudis,Colonia,Salinas Victoria,Nuevo León,Salinas Victoria,Rural,https://postali.app/mx/nuevo-leon/salinas-victoria/hacienda-santa-gertrudis
65500,Hofusan Industrial Park,Zona industrial,Salinas Victoria,Nuevo León,Salinas Victoria,Rural,https://postali.app/mx/nuevo-leon/salinas-victoria/hofusan-industrial-park
65500,La Sultana (Villa Alegre),Ranchería,Salinas Victoria,Nuevo León,Salinas Victoria,Rural,https://postali.app/mx/nuevo-leon/salinas-victoria/la-sultana-villa-alegre
65500,La Vidriera,Ranchería,Salinas Victoria,Nuevo León,Salinas Victoria,Rural,https://postali.app/mx/nuevo-leon/salinas-victoria/la-vidriera
65500,León A. Flores,Colonia,Salinas Victoria,Nuevo León,Salinas Victoria,Urbano,https://postali.app/mx/nuevo-leon/salinas-victoria/leon-a-flores
65500,Los Maestros,Colonia,Salinas Victoria,Nuevo León,Salinas Victoria,Urbano,https://postali.app/mx/nuevo-leon/salinas-victoria/los-maestros
65500,Paseo del Norte,Colonia,Salinas Victoria,Nuevo León,Salinas Victoria,Urbano,https://postali.app/mx/nuevo-leon/salinas-victoria/paseo-del-norte
65500,Paseo San Isidro,Fraccionamiento,Salinas Victoria,Nuevo León,Salinas Victoria,Urbano,https://postali.app/mx/nuevo-leon/salinas-victoria/paseo-san-isidro
65500,Petrita,Ranchería,Salinas Victoria,Nuevo León,Salinas Victoria,Rural,https://postali.app/mx/nuevo-leon/salinas-victoria/petrita
65500,Prolongación Juárez (Loma de la Cruz),Equipamiento,Salinas Victoria,Nuevo León,Salinas Victoria,Rural,https://postali.app/mx/nuevo-leon/salinas-victoria/prolongacion-juarez-loma-de-la-cruz
65500,Quadro Residencial,Fraccionamiento,Salinas Victoria,Nuevo León,Salinas Victoria,Urbano,https://postali.app/mx/nuevo-leon/salinas-victoria/quadro-residencial
65500,Quince de Diciembre (La Vidriera),Ranchería,Salinas Victoria,Nuevo León,Salinas Victoria,Rural,https://postali.app/mx/nuevo-leon/salinas-victoria/quince-de-diciembre-la-vidriera
65500,Real de las Salinas,Fraccionamiento,Salinas Victoria,Nuevo León,Salinas Victoria,Urbano,https://postali.app/mx/nuevo-leon/salinas-victoria/real-de-las-salinas
65500,Salinas [Avícola],Rancho,Salinas Victoria,Nuevo León,Salinas Victoria,Rural,https://postali.app/mx/nuevo-leon/salinas-victoria/salinas-avicola
65500,Salinas Victoria Centro,Colonia,Salinas Victoria,Nuevo León,Salinas Victoria,Urbano,https://postali.app/mx/nuevo-leon/salinas-victoria/salinas-victoria-centro
65500,San Juan,Ranchería,Salinas Victoria,Nuevo León,Salinas Victoria,Rural,https://postali.app/mx/nuevo-leon/salinas-victoria/san-juan
65500,Valle de las Salinas,Fraccionamiento,Salinas Victoria,Nuevo León,Salinas Victoria,Urbano,https://postali.app/mx/nuevo-leon/salinas-victoria/valle-de-las-salinas
65500,Valle de Salinas,Colonia,Salinas Victoria,Nuevo León,Salinas Victoria,Urbano,https://postali.app/mx/nuevo-leon/salinas-victoria/valle-de-salinas
65503,La Marranera,Ranchería,Salinas Victoria,Nuevo León,,Rural,https://postali.app/mx/nuevo-leon/salinas-victoria/la-marranera
65503,Las Gaviotas,Ranchería,Salinas Victoria,Nuevo León,,Rural,https://postali.app/mx/nuevo-leon/salinas-victoria/las-gaviotas
65503,Las Torres,Colonia,Salinas Victoria,Nuevo León,,Rural,https://postali.app/mx/nuevo-leon/salinas-victoria/las-torres
65503,Los Ángeles,Colonia,Salinas Victoria,Nuevo León,,Rural,https://postali.app/mx/nuevo-leon/salinas-victoria/los-angeles
65503,Mission,Colonia,Salinas Victoria,Nuevo León,,Rural,https://postali.app/mx/nuevo-leon/salinas-victoria/mission
65503,Raúl Caballero Escamilla,Colonia,Salinas Victoria,Nuevo León,,Rural,https://postali.app/mx/nuevo-leon/salinas-victoria/raul-caballero-escamilla
65503,San Isidro,Colonia,Salinas Victoria,Nuevo León,,Rural,https://postali.app/mx/nuevo-leon/salinas-victoria/san-isidro
65503,San Marcos,Ranchería,Salinas Victoria,Nuevo León,,Rural,https://postali.app/mx/nuevo-leon/salinas-victoria/san-marcos
65503,Valle del Mirador,Colonia,Salinas Victoria,Nuevo León,,Rural,https://postali.app/mx/nuevo-leon/salinas-victoria/valle-del-mirador
65510,Ciudad Satélite del Norte,Colonia,Salinas Victoria,Nuevo León,,Urbano,https://postali.app/mx/nuevo-leon/salinas-victoria/ciudad-satelite-del-norte
65510,Emiliano Zapata,Colonia,Salinas Victoria,Nuevo León,,Urbano,https://postali.app/mx/nuevo-leon/salinas-victoria/emiliano-zapata
65510,San Agustín,Ranchería,Salinas Victoria,Nuevo León,,Rural,https://postali.app/mx/nuevo-leon/salinas-victoria/san-agustin
65510,Terra Park Salinas,Zona industrial,Salinas Victoria,Nuevo León,,Urbano,https://postali.app/mx/nuevo-leon/salinas-victoria/terra-park-salinas
65513,Carmen Flores,Ejido,Salinas Victoria,Nuevo León,,Rural,https://postali.app/mx/nuevo-leon/salinas-victoria/carmen-flores
65513,Casa Linda,Ejido,Salinas Victoria,Nuevo León,,Rural,https://postali.app/mx/nuevo-leon/salinas-victoria/casa-linda
65513,Cuatro Hermanos,Ranchería,Salinas Victoria,Nuevo León,,Rural,https://postali.app/mx/nuevo-leon/salinas-victoria/cuatro-hermanos
65513,Cárdenas Alimentos,Zona comercial,Salinas Victoria,Nuevo León,,Rural,https://postali.app/mx/nuevo-leon/salinas-victoria/cardenas-alimentos
65513,Don Cesáreo,Ranchería,Salinas Victoria,Nuevo León,,Rural,https://postali.app/mx/nuevo-leon/salinas-victoria/don-cesareo
65513,Don Manuel,Ranchería,Salinas Victoria,Nuevo León,,Rural,https://postali.app/mx/nuevo-leon/salinas-victoria/don-manuel
65513,El Ancón,Ranchería,Salinas Victoria,Nuevo León,,Rural,https://postali.app/mx/nuevo-leon/salinas-victoria/el-ancon
65513,El Cortijo,Ranchería,Salinas Victoria,Nuevo León,,Rural,https://postali.app/mx/nuevo-leon/salinas-victoria/el-cortijo
65513,El Mirador,Ranchería,Salinas Victoria,Nuevo León,,Rural,https://postali.app/mx/nuevo-leon/salinas-victoria/el-mirador
65513,El Porvenir,Ranchería,Salinas Victoria,Nuevo León,,Rural,https://postali.app/mx/nuevo-leon/salinas-victoria/el-porvenir
65513,El Porvenir,Ranchería,Salinas Victoria,Nuevo León,,Rural,https://postali.app/mx/nuevo-leon/salinas-victoria/el-porvenir-65513
65513,Interpuerto Monterrey,Zona industrial,Salinas Victoria,Nuevo León,,Rural,https://postali.app/mx/nuevo-leon/salinas-victoria/interpuerto-monterrey
65513,Juanita,Ranchería,Salinas Victoria,Nuevo León,,Rural,https://postali.app/mx/nuevo-leon/salinas-victoria/juanita
65513,Lerma [Fundición],Zona industrial,Salinas Victoria,Nuevo León,,Rural,https://postali.app/mx/nuevo-leon/salinas-victoria/lerma-fundicion
65513,Los Gutiérrez,Ranchería,Salinas Victoria,Nuevo León,,Rural,https://postali.app/mx/nuevo-leon/salinas-victoria/los-gutierrez
65513,Los Morillos,Ranchería,Salinas Victoria,Nuevo León,,Rural,https://postali.app/mx/nuevo-leon/salinas-victoria/los-morillos
65513,Los Pinos,Ranchería,Salinas Victoria,Nuevo León,,Rural,https://postali.app/mx/nuevo-leon/salinas-victoria/los-pinos
65513,Los Ponys,Ranchería,Salinas Victoria,Nuevo León,,Rural,https://postali.app/mx/nuevo-leon/salinas-victoria/los-ponys
65513,Los Ébanos,Ranchería,Salinas Victoria,Nuevo León,,Rural,https://postali.app/mx/nuevo-leon/salinas-victoria/los-ebanos
65513,Miguel Mario,Ranchería,Salinas Victoria,Nuevo León,,Rural,https://postali.app/mx/nuevo-leon/salinas-victoria/miguel-mario
65513,San Benito,Ranchería,Salinas Victoria,Nuevo León,,Rural,https://postali.app/mx/nuevo-leon/salinas-victoria/san-benito
65513,San José (Santa Anita),Ranchería,Salinas Victoria,Nuevo León,,Rural,https://postali.app/mx/nuevo-leon/salinas-victoria/san-jose-santa-anita
65513,San Pedro,Ranchería,Salinas Victoria,Nuevo León,,Rural,https://postali.app/mx/nuevo-leon/salinas-victoria/san-pedro
65513,Yireh Centro Geriátrico,Equipamiento,Salinas Victoria,Nuevo León,,Rural,https://postali.app/mx/nuevo-leon/salinas-victoria/yireh-centro-geriatrico
65514,Andrea,Granja,Salinas Victoria,Nuevo León,,Rural,https://postali.app/mx/nuevo-leon/salinas-victoria/andrea
65514,Azafrán,Ranchería,Salinas Victoria,Nuevo León,,Rural,https://postali.app/mx/nuevo-leon/salinas-victoria/azafran
65514,Cuatro de Octubre (Kilómetro Veintidós),Ranchería,Salinas Victoria,Nuevo León,,Rural,https://postali.app/mx/nuevo-leon/salinas-victoria/cuatro-de-octubre-kilometro-veintidos
65514,Don Roque,Ranchería,Salinas Victoria,Nuevo León,,Rural,https://postali.app/mx/nuevo-leon/salinas-victoria/don-roque
65514,Doña Lupita,Ranchería,Salinas Victoria,Nuevo León,,Rural,https://postali.app/mx/nuevo-leon/salinas-victoria/dona-lupita
65514,El Doce,Ranchería,Salinas Victoria,Nuevo León,,Rural,https://postali.app/mx/nuevo-leon/salinas-victoria/el-doce
65514,El Vergel,Ranchería,Salinas Victoria,Nuevo León,,Rural,https://postali.app/mx/nuevo-leon/salinas-victoria/el-vergel
65514,Ex Comunidad María Juliana o El Llano,Colonia,Salinas Victoria,Nuevo León,,Rural,https://postali.app/mx/nuevo-leon/salinas-victoria/ex-comunidad-maria-juliana-o-el-llano
65514,J y R,Rancho,Salinas Victoria,Nuevo León,,Rural,https://postali.app/mx/nuevo-leon/salinas-victoria/j-y-r
65514,Los Cuates,Ranchería,Salinas Victoria,Nuevo León,,Rural,https://postali.app/mx/nuevo-leon/salinas-victoria/los-cuates
65514,Los Pinos,Ranchería,Salinas Victoria,Nuevo León,,Rural,https://postali.app/mx/nuevo-leon/salinas-victoria/los-pinos-65514
65514,Lázaro Cárdenas,Ejido,Salinas Victoria,Nuevo León,,Rural,https://postali.app/mx/nuevo-leon/salinas-victoria/lazaro-cardenas
65514,Parque Industrial Nexxus ADN2,Zona industrial,Salinas Victoria,Nuevo León,,Urbano,https://postali.app/mx/nuevo-leon/salinas-victoria/parque-industrial-nexxus-adn2
65514,Prelosa,Zona comercial,Salinas Victoria,Nuevo León,,Rural,https://postali.app/mx/nuevo-leon/salinas-victoria/prelosa
65514,Quince de Abril,Granja,Salinas Victoria,Nuevo León,,Rural,https://postali.app/mx/nuevo-leon/salinas-victoria/quince-de-abril
65514,Rancho del Norte,Ranchería,Salinas Victoria,Nuevo León,,Rural,https://postali.app/mx/nuevo-leon/salinas-victoria/rancho-del-norte
65514,San Francisco,Ranchería,Salinas Victoria,Nuevo León,,Rural,https://postali.app/mx/nuevo-leon/salinas-victoria/san-francisco
65514,San José,Ranchería,Salinas Victoria,Nuevo León,,Rural,https://postali.app/mx/nuevo-leon/salinas-victoria/san-jose
65515,Bosques de Castilla,Fraccionamiento,Salinas Victoria,Nuevo León,,Urbano,https://postali.app/mx/nuevo-leon/salinas-victoria/bosques-de-castilla
65515,Bosques de los Nogales,Fraccionamiento,Salinas Victoria,Nuevo León,,Urbano,https://postali.app/mx/nuevo-leon/salinas-victoria/bosques-de-los-nogales
65515,Cumbre del Norte,Fraccionamiento,Salinas Victoria,Nuevo León,,Urbano,https://postali.app/mx/nuevo-leon/salinas-victoria/cumbre-del-norte
65515,El Corralito,Ranchería,Salinas Victoria,Nuevo León,,Rural,https://postali.app/mx/nuevo-leon/salinas-victoria/el-corralito
65515,Emiliano Zapata (La Zapatita),Colonia,Salinas Victoria,Nuevo León,,Rural,https://postali.app/mx/nuevo-leon/salinas-victoria/emiliano-zapata-la-zapatita
65515,Joya de Pilares,Fraccionamiento,Salinas Victoria,Nuevo León,,Urbano,https://postali.app/mx/nuevo-leon/salinas-victoria/joya-de-pilares
65515,Los Fresnos,Ranchería,Salinas Victoria,Nuevo León,,Rural,https://postali.app/mx/nuevo-leon/salinas-victoria/los-fresnos
65515,Los Pilares,Fraccionamiento,Salinas Victoria,Nuevo León,,Urbano,https://postali.app/mx/nuevo-leon/salinas-victoria/los-pilares
65515,Parque CETTE,Zona industrial,Salinas Victoria,Nuevo León,,Urbano,https://postali.app/mx/nuevo-leon/salinas-victoria/parque-cette
65515,Parque IBP Salinas,Zona industrial,Salinas Victoria,Nuevo León,,Urbano,https://postali.app/mx/nuevo-leon/salinas-victoria/parque-ibp-salinas
65515,Parque Industrial Dinamo del Norte,Zona industrial,Salinas Victoria,Nuevo León,,Urbano,https://postali.app/mx/nuevo-leon/salinas-victoria/parque-industrial-dinamo-del-norte
65515,Paseo del Valle,Fraccionamiento,Salinas Victoria,Nuevo León,,Urbano,https://postali.app/mx/nuevo-leon/salinas-victoria/paseo-del-valle
65515,Paseo del Valle Cerrada Diamante,Fraccionamiento,Salinas Victoria,Nuevo León,,Urbano,https://postali.app/mx/nuevo-leon/salinas-victoria/paseo-del-valle-cerrada-diamante
65515,Paseo del Valle Cerrada Galeana,Fraccionamiento,Salinas Victoria,Nuevo León,,Urbano,https://postali.app/mx/nuevo-leon/salinas-victoria/paseo-del-valle-cerrada-galeana
65515,Pilares Aurora,Fraccionamiento,Salinas Victoria,Nuevo León,,Urbano,https://postali.app/mx/nuevo-leon/salinas-victoria/pilares-aurora
65515,Pilares de Andalucía,Fraccionamiento,Salinas Victoria,Nuevo León,,Urbano,https://postali.app/mx/nuevo-leon/salinas-victoria/pilares-de-andalucia
65515,Pilares la Puerta,Fraccionamiento,Salinas Victoria,Nuevo León,,Rural,https://postali.app/mx/nuevo-leon/salinas-victoria/pilares-la-puerta
65515,Privada Mulai,Fraccionamiento,Salinas Victoria,Nuevo León,,Urbano,https://postali.app/mx/nuevo-leon/salinas-victoria/privada-mulai
65515,Provincia Real,Fraccionamiento,Salinas Victoria,Nuevo León,,Urbano,https://postali.app/mx/nuevo-leon/salinas-victoria/provincia-real
65515,Rex Industrial,Ranchería,Salinas Victoria,Nuevo León,,Rural,https://postali.app/mx/nuevo-leon/salinas-victoria/rex-industrial
65515,San Miguel,Ranchería,Salinas Victoria,Nuevo León,,Rural,https://postali.app/mx/nuevo-leon/salinas-victoria/san-miguel
65515,Torre Luna,Fraccionamiento,Salinas Victoria,Nuevo León,,Urbano,https://postali.app/mx/nuevo-leon/salinas-victoria/torre-luna
65515,Transportes y Logística de la Cruz,Zona comercial,Salinas Victoria,Nuevo León,,Rural,https://postali.app/mx/nuevo-leon/salinas-victoria/transportes-y-logistica-de-la-cruz
65515,Valle de los Encinos,Fraccionamiento,Salinas Victoria,Nuevo León,,Urbano,https://postali.app/mx/nuevo-leon/salinas-victoria/valle-de-los-encinos
65515,Valle del Norte,Fraccionamiento,Salinas Victoria,Nuevo León,,Urbano,https://postali.app/mx/nuevo-leon/salinas-victoria/valle-del-norte
65516,Abel Arriaga,Ranchería,Salinas Victoria,Nuevo León,,Rural,https://postali.app/mx/nuevo-leon/salinas-victoria/abel-arriaga
65516,Cassandra,Ejido,Salinas Victoria,Nuevo León,,Rural,https://postali.app/mx/nuevo-leon/salinas-victoria/cassandra
65516,Castilla Diamante,Fraccionamiento,Salinas Victoria,Nuevo León,,Urbano,https://postali.app/mx/nuevo-leon/salinas-victoria/castilla-diamante
65516,Colectivo,Colonia,Salinas Victoria,Nuevo León,,Urbano,https://postali.app/mx/nuevo-leon/salinas-victoria/colectivo
65516,Fuentes de Castilla,Fraccionamiento,Salinas Victoria,Nuevo León,,Urbano,https://postali.app/mx/nuevo-leon/salinas-victoria/fuentes-de-castilla
65516,Hermanos Dávila,Ranchería,Salinas Victoria,Nuevo León,,Rural,https://postali.app/mx/nuevo-leon/salinas-victoria/hermanos-davila
65516,Joya de Castilla,Fraccionamiento,Salinas Victoria,Nuevo León,,Urbano,https://postali.app/mx/nuevo-leon/salinas-victoria/joya-de-castilla
65516,La Palapa (R Cuatro),Ranchería,Salinas Victoria,Nuevo León,,Rural,https://postali.app/mx/nuevo-leon/salinas-victoria/la-palapa-r-cuatro
65516,Paseo Santa Isabel,Fraccionamiento,Salinas Victoria,Nuevo León,,Rural,https://postali.app/mx/nuevo-leon/salinas-victoria/paseo-santa-isabel
65516,Punta Castilla,Fraccionamiento,Salinas Victoria,Nuevo León,,Rural,https://postali.app/mx/nuevo-leon/salinas-victoria/punta-castilla
65516,San Nicolás de los Garza,Ranchería,Salinas Victoria,Nuevo León,,Rural,https://postali.app/mx/nuevo-leon/salinas-victoria/san-nicolas-de-los-garza
65516,Sevilla,Ranchería,Salinas Victoria,Nuevo León,,Rural,https://postali.app/mx/nuevo-leon/salinas-victoria/sevilla
65516,Terra Park Norte,Zona industrial,Salinas Victoria,Nuevo León,,Urbano,https://postali.app/mx/nuevo-leon/salinas-victoria/terra-park-norte
65516,Valle Castilla Sector Segovia,Colonia,Salinas Victoria,Nuevo León,,Urbano,https://postali.app/mx/nuevo-leon/salinas-victoria/valle-castilla-sector-segovia
65516,Valle del Norte Sector Montaña,Fraccionamiento,Salinas Victoria,Nuevo León,,Urbano,https://postali.app/mx/nuevo-leon/salinas-victoria/valle-del-norte-sector-montana
65517,Comunal Huertas de San Mario,Colonia,Salinas Victoria,Nuevo León,,Urbano,https://postali.app/mx/nuevo-leon/salinas-victoria/comunal-huertas-de-san-mario
65517,El Coyote,Ranchería,Salinas Victoria,Nuevo León,,Rural,https://postali.app/mx/nuevo-leon/salinas-victoria/el-coyote
65517,El Leal (Predio Alfonso Martínez Domínguez),Ranchería,Salinas Victoria,Nuevo León,,Rural,https://postali.app/mx/nuevo-leon/salinas-victoria/el-leal-predio-alfonso-martinez-dominguez
65517,Simeprodeso (Colectivo Nuevo),Zona industrial,Salinas Victoria,Nuevo León,,Urbano,https://postali.app/mx/nuevo-leon/salinas-victoria/simeprodeso-colectivo-nuevo
65520,Alfaro,Ranchería,Salinas Victoria,Nuevo León,,Rural,https://postali.app/mx/nuevo-leon/salinas-victoria/alfaro
65520,Cieneguitas,Ejido,Salinas Victoria,Nuevo León,,Rural,https://postali.app/mx/nuevo-leon/salinas-victoria/cieneguitas
65520,Cieneguitas,Ranchería,Salinas Victoria,Nuevo León,,Rural,https://postali.app/mx/nuevo-leon/salinas-victoria/cieneguitas-65520
65520,Cimarrón Steel [Lavado de Acero],Ranchería,Salinas Victoria,Nuevo León,,Rural,https://postali.app/mx/nuevo-leon/salinas-victoria/cimarron-steel-lavado-de-acero
65520,Del Ejido,Rancho,Salinas Victoria,Nuevo León,,Rural,https://postali.app/mx/nuevo-leon/salinas-victoria/del-ejido
65520,Ejidal Mamulique,Colonia,Salinas Victoria,Nuevo León,,Rural,https://postali.app/mx/nuevo-leon/salinas-victoria/ejidal-mamulique
65520,El Encino,Ranchería,Salinas Victoria,Nuevo León,,Rural,https://postali.app/mx/nuevo-leon/salinas-victoria/el-encino
65520,El Faro,Granja,Salinas Victoria,Nuevo León,,Rural,https://postali.app/mx/nuevo-leon/salinas-victoria/el-faro
65520,Fernando Hernández (San Bernardo),Ranchería,Salinas Victoria,Nuevo León,,Rural,https://postali.app/mx/nuevo-leon/salinas-victoria/fernando-hernandez-san-bernardo
65520,La Floreña,Ranchería,Salinas Victoria,Nuevo León,,Rural,https://postali.app/mx/nuevo-leon/salinas-victoria/la-florena
65520,La Joya (Los Burros),Ranchería,Salinas Victoria,Nuevo León,,Rural,https://postali.app/mx/nuevo-leon/salinas-victoria/la-joya-los-burros
65520,Las Codornices,Ranchería,Salinas Victoria,Nuevo León,,Rural,https://postali.app/mx/nuevo-leon/salinas-victoria/las-codornices
65520,Las Palmas,Ranchería,Salinas Victoria,Nuevo León,,Rural,https://postali.app/mx/nuevo-leon/salinas-victoria/las-palmas
65520,Los Arados,Ranchería,Salinas Victoria,Nuevo León,,Rural,https://postali.app/mx/nuevo-leon/salinas-victoria/los-arados
65520,Los Reyes,Ranchería,Salinas Victoria,Nuevo León,,Rural,https://postali.app/mx/nuevo-leon/salinas-victoria/los-reyes
65520,Los Temporales,Ranchería,Salinas Victoria,Nuevo León,,Rural,https://postali.app/mx/nuevo-leon/salinas-victoria/los-temporales
65520,Los Torres,Ranchería,Salinas Victoria,Nuevo León,,Rural,https://postali.app/mx/nuevo-leon/salinas-victoria/los-torres
65520,Mamulique,Colonia,Salinas Victoria,Nuevo León,,Rural,https://postali.app/mx/nuevo-leon/salinas-victoria/mamulique
65520,Mariana,Ranchería,Salinas Victoria,Nuevo León,,Rural,https://postali.app/mx/nuevo-leon/salinas-victoria/mariana
65520,Nuevo Mamulique,Colonia,Salinas Victoria,Nuevo León,,Rural,https://postali.app/mx/nuevo-leon/salinas-victoria/nuevo-mamulique
65520,Omega Número Tres (La Esperanza),Granja,Salinas Victoria,Nuevo León,,Rural,https://postali.app/mx/nuevo-leon/salinas-victoria/omega-numero-tres-la-esperanza
65520,Punta de la Loma (Rancho el Abuelo),Ranchería,Salinas Victoria,Nuevo León,,Rural,https://postali.app/mx/nuevo-leon/salinas-victoria/punta-de-la-loma-rancho-el-abuelo
65520,Rancho de Rubén,Ranchería,Salinas Victoria,Nuevo León,,Rural,https://postali.app/mx/nuevo-leon/salinas-victoria/rancho-de-ruben
65520,Real de Mamulique,Colonia,Salinas Victoria,Nuevo León,,Rural,https://postali.app/mx/nuevo-leon/salinas-victoria/real-de-mamulique
65520,San Bernardo Dos,Ranchería,Salinas Victoria,Nuevo León,,Rural,https://postali.app/mx/nuevo-leon/salinas-victoria/san-bernardo-dos
65520,San Paulo,Ranchería,Salinas Victoria,Nuevo León,,Rural,https://postali.app/mx/nuevo-leon/salinas-victoria/san-paulo
65520,San Sebastián,Ranchería,Salinas Victoria,Nuevo León,,Rural,https://postali.app/mx/nuevo-leon/salinas-victoria/san-sebastian
65520,Santa Elena,Ranchería,Salinas Victoria,Nuevo León,,Rural,https://postali.app/mx/nuevo-leon/salinas-victoria/santa-elena
65520,Santo Tomás,Ranchería,Salinas Victoria,Nuevo León,,Rural,https://postali.app/mx/nuevo-leon/salinas-victoria/santo-tomas
65523,El Aguaje,Ranchería,Salinas Victoria,Nuevo León,,Rural,https://postali.app/mx/nuevo-leon/salinas-victoria/el-aguaje
65523,San Benito (Santa Elena),Ranchería,Salinas Victoria,Nuevo León,,Rural,https://postali.app/mx/nuevo-leon/salinas-victoria/san-benito-santa-elena
65523,San José (La Engorda),Ranchería,Salinas Victoria,Nuevo León,,Rural,https://postali.app/mx/nuevo-leon/salinas-victoria/san-jose-la-engorda
65523,Santa Teresa,Ranchería,Salinas Victoria,Nuevo León,,Rural,https://postali.app/mx/nuevo-leon/salinas-victoria/santa-teresa
65523,Uña de Gato (Loma Blanca),Ranchería,Salinas Victoria,Nuevo León,,Rural,https://postali.app/mx/nuevo-leon/salinas-victoria/una-de-gato-loma-blanca
65524,El Dique (El Viejo),Ranchería,Salinas Victoria,Nuevo León,,Rural,https://postali.app/mx/nuevo-leon/salinas-victoria/el-dique-el-viejo
65524,El Guaje,Ranchería,Salinas Victoria,Nuevo León,,Rural,https://postali.app/mx/nuevo-leon/salinas-victoria/el-guaje
65524,El Lantrisco,Ranchería,Salinas Victoria,Nuevo León,,Rural,https://postali.app/mx/nuevo-leon/salinas-victoria/el-lantrisco
65524,El Recodo,Ranchería,Salinas Victoria,Nuevo León,,Rural,https://postali.app/mx/nuevo-leon/salinas-victoria/el-recodo
65524,El Seis (San Francisco),Ranchería,Salinas Victoria,Nuevo León,,Rural,https://postali.app/mx/nuevo-leon/salinas-victoria/el-seis-san-francisco
65524,El Terrero,Ranchería,Salinas Victoria,Nuevo León,,Rural,https://postali.app/mx/nuevo-leon/salinas-victoria/el-terrero
65524,Santa Isabel,Ranchería,Salinas Victoria,Nuevo León,,Rural,https://postali.app/mx/nuevo-leon/salinas-victoria/santa-isabel
65525,El Alto,Ranchería,Salinas Victoria,Nuevo León,,Rural,https://postali.app/mx/nuevo-leon/salinas-victoria/el-alto
65525,El Rincón,Ranchería,Salinas Victoria,Nuevo León,,Rural,https://postali.app/mx/nuevo-leon/salinas-victoria/el-rincon
65525,El Rincón,Finca,Salinas Victoria,Nuevo León,,Rural,https://postali.app/mx/nuevo-leon/salinas-victoria/el-rincon-65525
65525,El Setenta (El Chilarito),Ranchería,Salinas Victoria,Nuevo León,,Rural,https://postali.app/mx/nuevo-leon/salinas-victoria/el-setenta-el-chilarito
65525,El Veinte (San Joel),Ranchería,Salinas Victoria,Nuevo León,,Rural,https://postali.app/mx/nuevo-leon/salinas-victoria/el-veinte-san-joel
65525,La Barrosa,Ranchería,Salinas Victoria,Nuevo León,,Rural,https://postali.app/mx/nuevo-leon/salinas-victoria/la-barrosa
65525,La Cuesta,Ranchería,Salinas Victoria,Nuevo León,,Rural,https://postali.app/mx/nuevo-leon/salinas-victoria/la-cuesta
65525,La Puerta,Ranchería,Salinas Victoria,Nuevo León,,Rural,https://postali.app/mx/nuevo-leon/salinas-victoria/la-puerta
65525,Teresita (La Puerta),Ranchería,Salinas Victoria,Nuevo León,,Rural,https://postali.app/mx/nuevo-leon/salinas-victoria/teresita-la-puerta
65526,La Esperanza,Granja,Salinas Victoria,Nuevo León,,Rural,https://postali.app/mx/nuevo-leon/salinas-victoria/la-esperanza
65526,La Leona,Ranchería,Salinas Victoria,Nuevo León,,Rural,https://postali.app/mx/nuevo-leon/salinas-victoria/la-leona
65526,La Paloma,Ranchería,Salinas Victoria,Nuevo León,,Rural,https://postali.app/mx/nuevo-leon/salinas-victoria/la-paloma
65526,Los Pozos,Ranchería,Salinas Victoria,Nuevo León,,Rural,https://postali.app/mx/nuevo-leon/salinas-victoria/los-pozos
65526,Pocitos (La Paloma),Ranchería,Salinas Victoria,Nuevo León,,Rural,https://postali.app/mx/nuevo-leon/salinas-victoria/pocitos-la-paloma
65526,Pozo Nuevo,Ranchería,Salinas Victoria,Nuevo León,,Rural,https://postali.app/mx/nuevo-leon/salinas-victoria/pozo-nuevo
65526,Quiroga [Merendero],Ranchería,Salinas Victoria,Nuevo León,,Rural,https://postali.app/mx/nuevo-leon/salinas-victoria/quiroga-merendero
65528,Agropecuaria el Tule,Colonia,Salinas Victoria,Nuevo León,,Rural,https://postali.app/mx/nuevo-leon/salinas-victoria/agropecuaria-el-tule
65528,El Tule,Ranchería,Salinas Victoria,Nuevo León,,Rural,https://postali.app/mx/nuevo-leon/salinas-victoria/el-tule
65528,La Victoria (Rancho del Güero),Ranchería,Salinas Victoria,Nuevo León,,Rural,https://postali.app/mx/nuevo-leon/salinas-victoria/la-victoria-rancho-del-guero
65528,Los Lavaderos,Ranchería,Salinas Victoria,Nuevo León,,Rural,https://postali.app/mx/nuevo-leon/salinas-victoria/los-lavaderos
65528,Viernes Santo,Ranchería,Salinas Victoria,Nuevo León,,Rural,https://postali.app/mx/nuevo-leon/salinas-victoria/viernes-santo
65530,Arroyo la Sandía,Ejido,Salinas Victoria,Nuevo León,,Rural,https://postali.app/mx/nuevo-leon/salinas-victoria/arroyo-la-sandia
65530,Artemio y Hernán,Ranchería,Salinas Victoria,Nuevo León,,Rural,https://postali.app/mx/nuevo-leon/salinas-victoria/artemio-y-hernan
65530,Casa de Piedra,Ejido,Salinas Victoria,Nuevo León,,Rural,https://postali.app/mx/nuevo-leon/salinas-victoria/casa-de-piedra
65530,Dos de Marzo,Ranchería,Salinas Victoria,Nuevo León,,Rural,https://postali.app/mx/nuevo-leon/salinas-victoria/dos-de-marzo
65530,El Chapote,Ranchería,Salinas Victoria,Nuevo León,,Rural,https://postali.app/mx/nuevo-leon/salinas-victoria/el-chapote
65530,El Detalle,Ranchería,Salinas Victoria,Nuevo León,,Rural,https://postali.app/mx/nuevo-leon/salinas-victoria/el-detalle
65530,El Encino,Ranchería,Salinas Victoria,Nuevo León,,Rural,https://postali.app/mx/nuevo-leon/salinas-victoria/el-encino-65530
65530,El Ángel (Parcela Ochenta y Tres),Ranchería,Salinas Victoria,Nuevo León,,Rural,https://postali.app/mx/nuevo-leon/salinas-victoria/el-angel-parcela-ochenta-y-tres
65530,Hacienda los Villarreales,Ranchería,Salinas Victoria,Nuevo León,,Rural,https://postali.app/mx/nuevo-leon/salinas-victoria/hacienda-los-villarreales
65530,Kilómetro Tres,Ranchería,Salinas Victoria,Nuevo León,,Rural,https://postali.app/mx/nuevo-leon/salinas-victoria/kilometro-tres
65530,La Agonía (El Hormiguero),Ranchería,Salinas Victoria,Nuevo León,,Rural,https://postali.app/mx/nuevo-leon/salinas-victoria/la-agonia-el-hormiguero
65530,La Cima (Palos Blancos),Ranchería,Salinas Victoria,Nuevo León,,Rural,https://postali.app/mx/nuevo-leon/salinas-victoria/la-cima-palos-blancos
65530,La Morita,Ranchería,Salinas Victoria,Nuevo León,,Rural,https://postali.app/mx/nuevo-leon/salinas-victoria/la-morita
65530,Las Lilas,Ranchería,Salinas Victoria,Nuevo León,,Rural,https://postali.app/mx/nuevo-leon/salinas-victoria/las-lilas
65530,Las Mercedes (Los García),Ranchería,Salinas Victoria,Nuevo León,,Rural,https://postali.app/mx/nuevo-leon/salinas-victoria/las-mercedes-los-garcia
65530,Los Alamitos,Ranchería,Salinas Victoria,Nuevo León,,Rural,https://postali.app/mx/nuevo-leon/salinas-victoria/los-alamitos
65530,Los Cantú,Ranchería,Salinas Victoria,Nuevo León,,Rural,https://postali.app/mx/nuevo-leon/salinas-victoria/los-cantu
65530,Los Guajardo,Ranchería,Salinas Victoria,Nuevo León,,Rural,https://postali.app/mx/nuevo-leon/salinas-victoria/los-guajardo
65530,Los Morales,Pueblo,Salinas Victoria,Nuevo León,,Rural,https://postali.app/mx/nuevo-leon/salinas-victoria/los-morales
65530,Los Villarreales,Pueblo,Salinas Victoria,Nuevo León,,Rural,https://postali.app/mx/nuevo-leon/salinas-victoria/los-villarreales
65530,Mario Durón (El Rebozo),Ranchería,Salinas Victoria,Nuevo León,,Rural,https://postali.app/mx/nuevo-leon/salinas-victoria/mario-duron-el-rebozo
65530,Plateritos,Ranchería,Salinas Victoria,Nuevo León,,Rural,https://postali.app/mx/nuevo-leon/salinas-victoria/plateritos
65530,Puerto Chico,Ranchería,Salinas Victoria,Nuevo León,,Rural,https://postali.app/mx/nuevo-leon/salinas-victoria/puerto-chico
65530,Quick Plastics,Zona comercial,Salinas Victoria,Nuevo León,,Rural,https://postali.app/mx/nuevo-leon/salinas-victoria/quick-plastics
65530,Quiroga,Ranchería,Salinas Victoria,Nuevo León,,Rural,https://postali.app/mx/nuevo-leon/salinas-victoria/quiroga
65530,Raymundo Urrutia (Llano Blanco),Ranchería,Salinas Victoria,Nuevo León,,Rural,https://postali.app/mx/nuevo-leon/salinas-victoria/raymundo-urrutia-llano-blanco
65530,Roquín,Ranchería,Salinas Victoria,Nuevo León,,Rural,https://postali.app/mx/nuevo-leon/salinas-victoria/roquin
65530,Rubén Hinojosa (Arroyo la Negra),Ranchería,Salinas Victoria,Nuevo León,,Rural,https://postali.app/mx/nuevo-leon/salinas-victoria/ruben-hinojosa-arroyo-la-negra
65530,Salinas,Ranchería,Salinas Victoria,Nuevo León,,Rural,https://postali.app/mx/nuevo-leon/salinas-victoria/salinas
65530,San Gerónimo,Ranchería,Salinas Victoria,Nuevo León,,Rural,https://postali.app/mx/nuevo-leon/salinas-victoria/san-geronimo
65530,San Ricardo,Ranchería,Salinas Victoria,Nuevo León,,Rural,https://postali.app/mx/nuevo-leon/salinas-victoria/san-ricardo
65530,Santa Elena,Ranchería,Salinas Victoria,Nuevo León,,Rural,https://postali.app/mx/nuevo-leon/salinas-victoria/santa-elena-65530
65530,Santa Elena (Las Encinas),Ranchería,Salinas Victoria,Nuevo León,,Rural,https://postali.app/mx/nuevo-leon/salinas-victoria/santa-elena-las-encinas
65530,Santa Mónica (La Ilusión),Ranchería,Salinas Victoria,Nuevo León,,Rural,https://postali.app/mx/nuevo-leon/salinas-victoria/santa-monica-la-ilusion
65530,Santa Teresa,Ranchería,Salinas Victoria,Nuevo León,,Rural,https://postali.app/mx/nuevo-leon/salinas-victoria/santa-teresa-65530
65530,Veinte de Febrero,Ranchería,Salinas Victoria,Nuevo León,,Rural,https://postali.app/mx/nuevo-leon/salinas-victoria/veinte-de-febrero
65530,Verdiguel,Ranchería,Salinas Victoria,Nuevo León,,Rural,https://postali.app/mx/nuevo-leon/salinas-victoria/verdiguel
65533,Camino a los Villarreales Kilómetro Uno,Ranchería,Salinas Victoria,Nuevo León,,Rural,https://postali.app/mx/nuevo-leon/salinas-victoria/camino-a-los-villarreales-kilometro-uno
65533,Cuarenta y Cuatro,Ranchería,Salinas Victoria,Nuevo León,,Rural,https://postali.app/mx/nuevo-leon/salinas-victoria/cuarenta-y-cuatro
65533,Dolores (Los Morales),Ranchería,Salinas Victoria,Nuevo León,,Rural,https://postali.app/mx/nuevo-leon/salinas-victoria/dolores-los-morales
65533,El Ancón,Granja,Salinas Victoria,Nuevo León,,Rural,https://postali.app/mx/nuevo-leon/salinas-victoria/el-ancon-65533
65533,El Atorón,Ranchería,Salinas Victoria,Nuevo León,,Rural,https://postali.app/mx/nuevo-leon/salinas-victoria/el-atoron
65533,El Búfalo,Ranchería,Salinas Victoria,Nuevo León,,Rural,https://postali.app/mx/nuevo-leon/salinas-victoria/el-bufalo
65533,El Cenizo,Ranchería,Salinas Victoria,Nuevo León,,Rural,https://postali.app/mx/nuevo-leon/salinas-victoria/el-cenizo
65533,El Ciervo,Ranchería,Salinas Victoria,Nuevo León,,Rural,https://postali.app/mx/nuevo-leon/salinas-victoria/el-ciervo
65533,El Deiby,Ranchería,Salinas Victoria,Nuevo León,,Rural,https://postali.app/mx/nuevo-leon/salinas-victoria/el-deiby
65533,El Lindero,Ranchería,Salinas Victoria,Nuevo León,,Rural,https://postali.app/mx/nuevo-leon/salinas-victoria/el-lindero
65533,El Papalote,Ranchería,Salinas Victoria,Nuevo León,,Rural,https://postali.app/mx/nuevo-leon/salinas-victoria/el-papalote
65533,El Refugio,Ranchería,Salinas Victoria,Nuevo León,,Rural,https://postali.app/mx/nuevo-leon/salinas-victoria/el-refugio
65533,El Veintisiete (Las Catarinas),Ranchería,Salinas Victoria,Nuevo León,,Rural,https://postali.app/mx/nuevo-leon/salinas-victoria/el-veintisiete-las-catarinas
65533,Keiko,Granja,Salinas Victoria,Nuevo León,,Rural,https://postali.app/mx/nuevo-leon/salinas-victoria/keiko
65533,Kilómetro 39.9 (La Trinidad),Ranchería,Salinas Victoria,Nuevo León,,Rural,https://postali.app/mx/nuevo-leon/salinas-victoria/kilometro-39-9-la-trinidad
65533,La Capilla,Ranchería,Salinas Victoria,Nuevo León,,Rural,https://postali.app/mx/nuevo-leon/salinas-victoria/la-capilla
65533,Las Angustias,Ranchería,Salinas Victoria,Nuevo León,,Rural,https://postali.app/mx/nuevo-leon/salinas-victoria/las-angustias
65533,Los Garza,Ranchería,Salinas Victoria,Nuevo León,,Rural,https://postali.app/mx/nuevo-leon/salinas-victoria/los-garza
65533,Los Laureles,Granja,Salinas Victoria,Nuevo León,,Rural,https://postali.app/mx/nuevo-leon/salinas-victoria/los-laureles
65533,Melisa,Ranchería,Salinas Victoria,Nuevo León,,Rural,https://postali.app/mx/nuevo-leon/salinas-victoria/melisa
65533,Ojasé,Ranchería,Salinas Victoria,Nuevo León,,Rural,https://postali.app/mx/nuevo-leon/salinas-victoria/ojase
65533,Rancho Liz (San Juan del Mezquital),Ranchería,Salinas Victoria,Nuevo León,,Rural,https://postali.app/mx/nuevo-leon/salinas-victoria/rancho-liz-san-juan-del-mezquital
65533,Rancho Nuevo,Ranchería,Salinas Victoria,Nuevo León,,Rural,https://postali.app/mx/nuevo-leon/salinas-victoria/rancho-nuevo
65533,San Apolinar,Ranchería,Salinas Victoria,Nuevo León,,Rural,https://postali.app/mx/nuevo-leon/salinas-victoria/san-apolinar
65533,San Jorge,Ranchería,Salinas Victoria,Nuevo León,,Rural,https://postali.app/mx/nuevo-leon/salinas-victoria/san-jorge
65533,San Pedro,Ranchería,Salinas Victoria,Nuevo León,,Rural,https://postali.app/mx/nuevo-leon/salinas-victoria/san-pedro-65533
65533,Santa Clara,Ranchería,Salinas Victoria,Nuevo León,,Rural,https://postali.app/mx/nuevo-leon/salinas-victoria/santa-clara
65533,Valle de Salinas,Ranchería,Salinas Victoria,Nuevo León,,Rural,https://postali.app/mx/nuevo-leon/salinas-victoria/valle-de-salinas-65533
65534,Campestre el Palmar,Ranchería,Salinas Victoria,Nuevo León,,Rural,https://postali.app/mx/nuevo-leon/salinas-victoria/campestre-el-palmar
65534,El Cuarenta y Cuatro,Ranchería,Salinas Victoria,Nuevo León,,Rural,https://postali.app/mx/nuevo-leon/salinas-victoria/el-cuarenta-y-cuatro
65534,El Cóndor,Granja,Salinas Victoria,Nuevo León,,Rural,https://postali.app/mx/nuevo-leon/salinas-victoria/el-condor
65534,El Granjeno,Ranchería,Salinas Victoria,Nuevo León,,Rural,https://postali.app/mx/nuevo-leon/salinas-victoria/el-granjeno
65534,La Agonía,Ranchería,Salinas Victoria,Nuevo León,,Rural,https://postali.app/mx/nuevo-leon/salinas-victoria/la-agonia
65534,La Anacahuita,Ranchería,Salinas Victoria,Nuevo León,,Rural,https://postali.app/mx/nuevo-leon/salinas-victoria/la-anacahuita
65534,La Copina,Ranchería,Salinas Victoria,Nuevo León,,Rural,https://postali.app/mx/nuevo-leon/salinas-victoria/la-copina
65534,La Luz,Finca,Salinas Victoria,Nuevo León,,Rural,https://postali.app/mx/nuevo-leon/salinas-victoria/la-luz
65534,Los Cuarenta y Cinco,Ranchería,Salinas Victoria,Nuevo León,,Rural,https://postali.app/mx/nuevo-leon/salinas-victoria/los-cuarenta-y-cinco
65534,Mamulique [Estación],Paraje,Salinas Victoria,Nuevo León,,Rural,https://postali.app/mx/nuevo-leon/salinas-victoria/mamulique-estacion
65534,Misión del Norte,Ranchería,Salinas Victoria,Nuevo León,,Rural,https://postali.app/mx/nuevo-leon/salinas-victoria/mision-del-norte
65534,Primero de Mayo,Ranchería,Salinas Victoria,Nuevo León,,Rural,https://postali.app/mx/nuevo-leon/salinas-victoria/primero-de-mayo
65534,Rey [Hielo],Finca,Salinas Victoria,Nuevo León,,Rural,https://postali.app/mx/nuevo-leon/salinas-victoria/rey-hielo
65534,San Juan,Ranchería,Salinas Victoria,Nuevo León,,Rural,https://postali.app/mx/nuevo-leon/salinas-victoria/san-juan-65534
65535,Dinastía,Ejido,Salinas Victoria,Nuevo León,,Rural,https://postali.app/mx/nuevo-leon/salinas-victoria/dinastia
65535,El Canelo,Ranchería,Salinas Victoria,Nuevo León,,Rural,https://postali.app/mx/nuevo-leon/salinas-victoria/el-canelo
65535,El Canelo,Finca,Salinas Victoria,Nuevo León,,Rural,https://postali.app/mx/nuevo-leon/salinas-victoria/el-canelo-65535
65535,El Mezquital (San Juan del Mezquital),Ranchería,Salinas Victoria,Nuevo León,,Rural,https://postali.app/mx/nuevo-leon/salinas-victoria/el-mezquital-san-juan-del-mezquital
65535,Hacienda el Canelo,Fraccionamiento,Salinas Victoria,Nuevo León,,Rural,https://postali.app/mx/nuevo-leon/salinas-victoria/hacienda-el-canelo
65535,La Purísima (Güémez),Ranchería,Salinas Victoria,Nuevo León,,Rural,https://postali.app/mx/nuevo-leon/salinas-victoria/la-purisima-guemez
65535,La Reserva,Fraccionamiento,Salinas Victoria,Nuevo León,,Rural,https://postali.app/mx/nuevo-leon/salinas-victoria/la-reserva
65535,La Rosa,Ranchería,Salinas Victoria,Nuevo León,,Rural,https://postali.app/mx/nuevo-leon/salinas-victoria/la-rosa
65535,Las Delicias,Ranchería,Salinas Victoria,Nuevo León,,Rural,https://postali.app/mx/nuevo-leon/salinas-victoria/las-delicias
65535,Los Yuguitos,Ranchería,Salinas Victoria,Nuevo León,,Rural,https://postali.app/mx/nuevo-leon/salinas-victoria/los-yuguitos
65535,Primero de Junio,Ranchería,Salinas Victoria,Nuevo León,,Rural,https://postali.app/mx/nuevo-leon/salinas-victoria/primero-de-junio
65535,Sagitario (Las Delicias),Ranchería,Salinas Victoria,Nuevo León,,Rural,https://postali.app/mx/nuevo-leon/salinas-victoria/sagitario-las-delicias
65535,San Antonio,Ranchería,Salinas Victoria,Nuevo León,,Rural,https://postali.app/mx/nuevo-leon/salinas-victoria/san-antonio
65535,San Ramón,Ranchería,Salinas Victoria,Nuevo León,,Rural,https://postali.app/mx/nuevo-leon/salinas-victoria/san-ramon
65535,Urrutias,Ranchería,Salinas Victoria,Nuevo León,,Rural,https://postali.app/mx/nuevo-leon/salinas-victoria/urrutias
65536,Cuatro de Abril,Ranchería,Salinas Victoria,Nuevo León,,Rural,https://postali.app/mx/nuevo-leon/salinas-victoria/cuatro-de-abril
65536,El Argentino,Ranchería,Salinas Victoria,Nuevo León,,Rural,https://postali.app/mx/nuevo-leon/salinas-victoria/el-argentino
65536,El Huizache,Ranchería,Salinas Victoria,Nuevo León,,Rural,https://postali.app/mx/nuevo-leon/salinas-victoria/el-huizache
65536,El Ranchito,Ranchería,Salinas Victoria,Nuevo León,,Rural,https://postali.app/mx/nuevo-leon/salinas-victoria/el-ranchito
65536,El Rebozo,Ranchería,Salinas Victoria,Nuevo León,,Rural,https://postali.app/mx/nuevo-leon/salinas-victoria/el-rebozo
65536,El Sinaí,Ranchería,Salinas Victoria,Nuevo León,,Rural,https://postali.app/mx/nuevo-leon/salinas-victoria/el-sinai
65536,Guadalupe [Lienzo Charro],Ranchería,Salinas Victoria,Nuevo León,,Rural,https://postali.app/mx/nuevo-leon/salinas-victoria/guadalupe-lienzo-charro
65536,Hacienda Dorada,Finca,Salinas Victoria,Nuevo León,,Rural,https://postali.app/mx/nuevo-leon/salinas-victoria/hacienda-dorada
65536,La Gloria,Ranchería,Salinas Victoria,Nuevo León,,Rural,https://postali.app/mx/nuevo-leon/salinas-victoria/la-gloria
65536,La Pista (Las Carretas),Granja,Salinas Victoria,Nuevo León,,Rural,https://postali.app/mx/nuevo-leon/salinas-victoria/la-pista-las-carretas
65536,Labores Nuevas,Ranchería,Salinas Victoria,Nuevo León,,Rural,https://postali.app/mx/nuevo-leon/salinas-victoria/labores-nuevas
65536,Las Abejas,Ranchería,Salinas Victoria,Nuevo León,,Rural,https://postali.app/mx/nuevo-leon/salinas-victoria/las-abejas
65536,Las Abejas,Finca,Salinas Victoria,Nuevo León,,Rural,https://postali.app/mx/nuevo-leon/salinas-victoria/las-abejas-65536
65536,Las Carretas,Ranchería,Salinas Victoria,Nuevo León,,Rural,https://postali.app/mx/nuevo-leon/salinas-victoria/las-carretas
65536,Las Carretas,Hacienda,Salinas Victoria,Nuevo León,,Rural,https://postali.app/mx/nuevo-leon/salinas-victoria/las-carretas-65536
65536,Las Carretas,Finca,Salinas Victoria,Nuevo León,,Rural,https://postali.app/mx/nuevo-leon/salinas-victoria/las-carretas-65536-5720
65536,Las Carretas (Rancho Tres),Ranchería,Salinas Victoria,Nuevo León,,Rural,https://postali.app/mx/nuevo-leon/salinas-victoria/las-carretas-rancho-tres
65536,Las Palmas,Ranchería,Salinas Victoria,Nuevo León,,Rural,https://postali.app/mx/nuevo-leon/salinas-victoria/las-palmas-65536
65536,Los Encinos,Ejido,Salinas Victoria,Nuevo León,,Rural,https://postali.app/mx/nuevo-leon/salinas-victoria/los-encinos
65536,Los Pérez,Ranchería,Salinas Victoria,Nuevo León,,Rural,https://postali.app/mx/nuevo-leon/salinas-victoria/los-perez
65536,Mexicana de Arroz,Zona industrial,Salinas Victoria,Nuevo León,,Rural,https://postali.app/mx/nuevo-leon/salinas-victoria/mexicana-de-arroz
65536,Mezquite,Rancho,Salinas Victoria,Nuevo León,,Rural,https://postali.app/mx/nuevo-leon/salinas-victoria/mezquite
65536,Pedro Silva (Santa Elia),Ranchería,Salinas Victoria,Nuevo León,,Rural,https://postali.app/mx/nuevo-leon/salinas-victoria/pedro-silva-santa-elia
65536,Punta de la Loma,Ranchería,Salinas Victoria,Nuevo León,,Rural,https://postali.app/mx/nuevo-leon/salinas-victoria/punta-de-la-loma
65536,Rancho Nuevo,Ranchería,Salinas Victoria,Nuevo León,,Rural,https://postali.app/mx/nuevo-leon/salinas-victoria/rancho-nuevo-65536
65536,Rancho Viejo,Ranchería,Salinas Victoria,Nuevo León,,Rural,https://postali.app/mx/nuevo-leon/salinas-victoria/rancho-viejo
65536,San Isidro,Ranchería,Salinas Victoria,Nuevo León,,Rural,https://postali.app/mx/nuevo-leon/salinas-victoria/san-isidro-65536
65536,San Martín,Ranchería,Salinas Victoria,Nuevo León,,Rural,https://postali.app/mx/nuevo-leon/salinas-victoria/san-martin
65536,Santa Ana,Ranchería,Salinas Victoria,Nuevo León,,Rural,https://postali.app/mx/nuevo-leon/salinas-victoria/santa-ana
65536,Santa Eduviges,Ranchería,Salinas Victoria,Nuevo León,,Rural,https://postali.app/mx/nuevo-leon/salinas-victoria/santa-eduviges
65536,Santa Elena,Ranchería,Salinas Victoria,Nuevo León,,Rural,https://postali.app/mx/nuevo-leon/salinas-victoria/santa-elena-65536
65536,Siete de Abril,Ranchería,Salinas Victoria,Nuevo León,,Rural,https://postali.app/mx/nuevo-leon/salinas-victoria/siete-de-abril
65536,Tierra Blanca,Ranchería,Salinas Victoria,Nuevo León,,Rural,https://postali.app/mx/nuevo-leon/salinas-victoria/tierra-blanca
65536,Veinte de Agosto,Granja,Salinas Victoria,Nuevo León,,Rural,https://postali.app/mx/nuevo-leon/salinas-victoria/veinte-de-agosto
65537,Conchita,Ranchería,Salinas Victoria,Nuevo León,,Rural,https://postali.app/mx/nuevo-leon/salinas-victoria/conchita
65537,El Coyote,Ranchería,Salinas Victoria,Nuevo León,,Rural,https://postali.app/mx/nuevo-leon/salinas-victoria/el-coyote-65537
65537,El Cuatro,Ranchería,Salinas Victoria,Nuevo León,,Rural,https://postali.app/mx/nuevo-leon/salinas-victoria/el-cuatro
65537,El Milagro,Ranchería,Salinas Victoria,Nuevo León,,Rural,https://postali.app/mx/nuevo-leon/salinas-victoria/el-milagro
65537,Gilberto González,Ranchería,Salinas Victoria,Nuevo León,,Rural,https://postali.app/mx/nuevo-leon/salinas-victoria/gilberto-gonzalez
65537,Hacienda Arroyo la Negra,Hacienda,Salinas Victoria,Nuevo León,,Rural,https://postali.app/mx/nuevo-leon/salinas-victoria/hacienda-arroyo-la-negra
65537,La Estrella,Ranchería,Salinas Victoria,Nuevo León,,Rural,https://postali.app/mx/nuevo-leon/salinas-victoria/la-estrella
65537,La Victoria,Ranchería,Salinas Victoria,Nuevo León,,Rural,https://postali.app/mx/nuevo-leon/salinas-victoria/la-victoria
65537,San Ignacio,Ranchería,Salinas Victoria,Nuevo León,,Rural,https://postali.app/mx/nuevo-leon/salinas-victoria/san-ignacio
65537,San Pablo,Ranchería,Salinas Victoria,Nuevo León,,Rural,https://postali.app/mx/nuevo-leon/salinas-victoria/san-pablo
65537,Santa Mónica,Ranchería,Salinas Victoria,Nuevo León,,Rural,https://postali.app/mx/nuevo-leon/salinas-victoria/santa-monica
65537,Unión San Javier,Colonia,Salinas Victoria,Nuevo León,,Rural,https://postali.app/mx/nuevo-leon/salinas-victoria/union-san-javier
65543,Cuatro Emilios (La Concepción),Ranchería,Salinas Victoria,Nuevo León,,Rural,https://postali.app/mx/nuevo-leon/salinas-victoria/cuatro-emilios-la-concepcion
65543,El Bambú,Ranchería,Salinas Victoria,Nuevo León,,Rural,https://postali.app/mx/nuevo-leon/salinas-victoria/el-bambu
65543,El Mezquite,Ranchería,Salinas Victoria,Nuevo León,,Rural,https://postali.app/mx/nuevo-leon/salinas-victoria/el-mezquite
65543,El Pedregal (El Guajiro),Ranchería,Salinas Victoria,Nuevo León,,Rural,https://postali.app/mx/nuevo-leon/salinas-victoria/el-pedregal-el-guajiro
65543,El Roble,Ranchería,Salinas Victoria,Nuevo León,,Rural,https://postali.app/mx/nuevo-leon/salinas-victoria/el-roble
65543,Gomas y Mendiola (Rancho de Gomas),Ranchería,Salinas Victoria,Nuevo León,,Rural,https://postali.app/mx/nuevo-leon/salinas-victoria/gomas-y-mendiola-rancho-de-gomas
65543,Guadalupe,Ranchería,Salinas Victoria,Nuevo León,,Rural,https://postali.app/mx/nuevo-leon/salinas-victoria/guadalupe
65543,Guadalupe,Finca,Salinas Victoria,Nuevo León,,Rural,https://postali.app/mx/nuevo-leon/salinas-victoria/guadalupe-65543
65543,La Unión,Ranchería,Salinas Victoria,Nuevo León,,Rural,https://postali.app/mx/nuevo-leon/salinas-victoria/la-union
65543,Los Quiroga,Ranchería,Salinas Victoria,Nuevo León,,Rural,https://postali.app/mx/nuevo-leon/salinas-victoria/los-quiroga
65543,Peñitas,Ranchería,Salinas Victoria,Nuevo León,,Rural,https://postali.app/mx/nuevo-leon/salinas-victoria/penitas
65543,San Juan de Guadalupe,Ranchería,Salinas Victoria,Nuevo León,,Rural,https://postali.app/mx/nuevo-leon/salinas-victoria/san-juan-de-guadalupe
65543,San Juan Pesquerineño,Ranchería,Salinas Victoria,Nuevo León,,Rural,https://postali.app/mx/nuevo-leon/salinas-victoria/san-juan-pesquerineno
65543,San Roberto,Ranchería,Salinas Victoria,Nuevo León,,Rural,https://postali.app/mx/nuevo-leon/salinas-victoria/san-roberto
65544,El Aguajito,Ranchería,Salinas Victoria,Nuevo León,,Rural,https://postali.app/mx/nuevo-leon/salinas-victoria/el-aguajito
65544,El Cortador,Ranchería,Salinas Victoria,Nuevo León,,Rural,https://postali.app/mx/nuevo-leon/salinas-victoria/el-cortador
65544,El Jardín,Ranchería,Salinas Victoria,Nuevo León,,Rural,https://postali.app/mx/nuevo-leon/salinas-victoria/el-jardin
65544,El Puerto,Ranchería,Salinas Victoria,Nuevo León,,Rural,https://postali.app/mx/nuevo-leon/salinas-victoria/el-puerto
65544,La Rumorosa,Ranchería,Salinas Victoria,Nuevo León,,Rural,https://postali.app/mx/nuevo-leon/salinas-victoria/la-rumorosa
65544,Las Coloradas,Ranchería,Salinas Victoria,Nuevo León,,Rural,https://postali.app/mx/nuevo-leon/salinas-victoria/las-coloradas
65544,Los Generales,Ranchería,Salinas Victoria,Nuevo León,,Rural,https://postali.app/mx/nuevo-leon/salinas-victoria/los-generales
65544,San Juan (Palo Blanco) [Estación],Paraje,Salinas Victoria,Nuevo León,,Rural,https://postali.app/mx/nuevo-leon/salinas-victoria/san-juan-palo-blanco-estacion
65545,El Colmenar (Los Quiroga),Ranchería,Salinas Victoria,Nuevo León,,Rural,https://postali.app/mx/nuevo-leon/salinas-victoria/el-colmenar-los-quiroga
65545,El Maguey,Ranchería,Salinas Victoria,Nuevo León,,Rural,https://postali.app/mx/nuevo-leon/salinas-victoria/el-maguey
65545,El Mesón,Ranchería,Salinas Victoria,Nuevo León,,Rural,https://postali.app/mx/nuevo-leon/salinas-victoria/el-meson
65545,La Agüita,Ranchería,Salinas Victoria,Nuevo León,,Rural,https://postali.app/mx/nuevo-leon/salinas-victoria/la-aguita
65545,Milpillas,Ranchería,Salinas Victoria,Nuevo León,,Rural,https://postali.app/mx/nuevo-leon/salinas-victoria/milpillas
65545,Palo Blanco,Ranchería,Salinas Victoria,Nuevo León,,Rural,https://postali.app/mx/nuevo-leon/salinas-victoria/palo-blanco
65545,San Ignacio,Ranchería,Salinas Victoria,Nuevo León,,Rural,https://postali.app/mx/nuevo-leon/salinas-victoria/san-ignacio-65545
65545,San Manuel,Ranchería,Salinas Victoria,Nuevo León,,Rural,https://postali.app/mx/nuevo-leon/salinas-victoria/san-manuel
65545,Santa Isabel,Ranchería,Salinas Victoria,Nuevo León,,Rural,https://postali.app/mx/nuevo-leon/salinas-victoria/santa-isabel-65545
65546,Barranca Blanca,Ranchería,Salinas Victoria,Nuevo León,,Rural,https://postali.app/mx/nuevo-leon/salinas-victoria/barranca-blanca
65546,El Cedro,Ranchería,Salinas Victoria,Nuevo León,,Rural,https://postali.app/mx/nuevo-leon/salinas-victoria/el-cedro
65546,El Quemado,Ranchería,Salinas Victoria,Nuevo León,,Rural,https://postali.app/mx/nuevo-leon/salinas-victoria/el-quemado
65546,Kilómetro Setenta y Seis,Ranchería,Salinas Victoria,Nuevo León,,Rural,https://postali.app/mx/nuevo-leon/salinas-victoria/kilometro-setenta-y-seis
65546,Lampazos,Ranchería,Salinas Victoria,Nuevo León,,Rural,https://postali.app/mx/nuevo-leon/salinas-victoria/lampazos
65546,Los Treviño,Ranchería,Salinas Victoria,Nuevo León,,Rural,https://postali.app/mx/nuevo-leon/salinas-victoria/los-trevino
65546,Palmeras,Ranchería,Salinas Victoria,Nuevo León,,Rural,https://postali.app/mx/nuevo-leon/salinas-victoria/palmeras
65546,San Gregorio,Ranchería,Salinas Victoria,Nuevo León,,Rural,https://postali.app/mx/nuevo-leon/salinas-victoria/san-gregorio
65546,San Raymundo,Ranchería,Salinas Victoria,Nuevo León,,Rural,https://postali.app/mx/nuevo-leon/salinas-victoria/san-raymundo
65547,Arturo Quiroga,Ranchería,Salinas Victoria,Nuevo León,,Rural,https://postali.app/mx/nuevo-leon/salinas-victoria/arturo-quiroga
65547,Doctor Román (Raíces),Ranchería,Salinas Victoria,Nuevo León,,Rural,https://postali.app/mx/nuevo-leon/salinas-victoria/doctor-roman-raices
65547,El León,Ranchería,Salinas Victoria,Nuevo León,,Rural,https://postali.app/mx/nuevo-leon/salinas-victoria/el-leon
65547,El Nogal,Ranchería,Salinas Victoria,Nuevo León,,Rural,https://postali.app/mx/nuevo-leon/salinas-victoria/el-nogal
65547,El Pedernal,Ranchería,Salinas Victoria,Nuevo León,,Rural,https://postali.app/mx/nuevo-leon/salinas-victoria/el-pedernal
65547,El Sarro,Ranchería,Salinas Victoria,Nuevo León,,Rural,https://postali.app/mx/nuevo-leon/salinas-victoria/el-sarro
65547,Heleno Evelio Quiroga,Ranchería,Salinas Victoria,Nuevo León,,Rural,https://postali.app/mx/nuevo-leon/salinas-victoria/heleno-evelio-quiroga
65547,Las Nueces,Ranchería,Salinas Victoria,Nuevo León,,Rural,https://postali.app/mx/nuevo-leon/salinas-victoria/las-nueces
65547,Los Martínez,Ranchería,Salinas Victoria,Nuevo León,,Rural,https://postali.app/mx/nuevo-leon/salinas-victoria/los-martinez
65547,Montelongo,Ranchería,Salinas Victoria,Nuevo León,,Rural,https://postali.app/mx/nuevo-leon/salinas-victoria/montelongo
65547,Salsipuedes,Ranchería,Salinas Victoria,Nuevo León,,Rural,https://postali.app/mx/nuevo-leon/salinas-victoria/salsipuedes
65547,San Juan,Ranchería,Salinas Victoria,Nuevo León,,Rural,https://postali.app/mx/nuevo-leon/salinas-victoria/san-juan-65547
65548,El Orégano,Ranchería,Salinas Victoria,Nuevo León,,Rural,https://postali.app/mx/nuevo-leon/salinas-victoria/el-oregano
65548,Picachos de los Abuelos,Ranchería,Salinas Victoria,Nuevo León,,Rural,https://postali.app/mx/nuevo-leon/salinas-victoria/picachos-de-los-abuelos
65550,Ciénega de Flores Centro,Colonia,Ciénega de Flores,Nuevo León,Ciénega de Flores,Urbano,https://postali.app/mx/nuevo-leon/cienega-de-flores/cienega-de-flores-centro
65554,Dibsa,Colonia,Ciénega de Flores,Nuevo León,Ciénega de Flores,Urbano,https://postali.app/mx/nuevo-leon/cienega-de-flores/dibsa
65554,Tía Lencha,Colonia,Ciénega de Flores,Nuevo León,Ciénega de Flores,Urbano,https://postali.app/mx/nuevo-leon/cienega-de-flores/tia-lencha
65555,Diamante Industrial Park Ciénega II,Zona industrial,Ciénega de Flores,Nuevo León,Ciénega de Flores,Rural,https://postali.app/mx/nuevo-leon/cienega-de-flores/diamante-industrial-park-cienega-ii
65555,Los Héroes Monterrey,Fraccionamiento,Ciénega de Flores,Nuevo León,Ciénega de Flores,Urbano,https://postali.app/mx/nuevo-leon/cienega-de-flores/los-heroes-monterrey
65555,Privada Santa Lucía,Fraccionamiento,Ciénega de Flores,Nuevo León,Ciénega de Flores,Urbano,https://postali.app/mx/nuevo-leon/cienega-de-flores/privada-santa-lucia
65555,Real del Sol,Fraccionamiento,Ciénega de Flores,Nuevo León,Ciénega de Flores,Urbano,https://postali.app/mx/nuevo-leon/cienega-de-flores/real-del-sol
65555,Valle del Carrizal,Fraccionamiento,Ciénega de Flores,Nuevo León,Ciénega de Flores,Urbano,https://postali.app/mx/nuevo-leon/cienega-de-flores/valle-del-carrizal
65555,Villas del Norte,Fraccionamiento,Ciénega de Flores,Nuevo León,Ciénega de Flores,Urbano,https://postali.app/mx/nuevo-leon/cienega-de-flores/villas-del-norte
65556,Parque Industrial San Francisco II,Zona industrial,Ciénega de Flores,Nuevo León,Ciénega de Flores,Rural,https://postali.app/mx/nuevo-leon/cienega-de-flores/parque-industrial-san-francisco-ii
65556,Portal de las Salinas,Fraccionamiento,Ciénega de Flores,Nuevo León,Ciénega de Flores,Urbano,https://postali.app/mx/nuevo-leon/cienega-de-flores/portal-de-las-salinas
65556,Villas Campestres,Colonia,Ciénega de Flores,Nuevo León,Ciénega de Flores,Rural,https://postali.app/mx/nuevo-leon/cienega-de-flores/villas-campestres
65558,Conchita Velasco,Colonia,Ciénega de Flores,Nuevo León,Ciénega de Flores,Urbano,https://postali.app/mx/nuevo-leon/cienega-de-flores/conchita-velasco
65558,Joyas de Ciénega,Fraccionamiento,Ciénega de Flores,Nuevo León,Ciénega de Flores,Urbano,https://postali.app/mx/nuevo-leon/cienega-de-flores/joyas-de-cienega
65558,Lomas de Ciénega,Fraccionamiento,Ciénega de Flores,Nuevo León,Ciénega de Flores,Urbano,https://postali.app/mx/nuevo-leon/cienega-de-flores/lomas-de-cienega
65558,Pedregal de Ciénega,Fraccionamiento,Ciénega de Flores,Nuevo León,Ciénega de Flores,Urbano,https://postali.app/mx/nuevo-leon/cienega-de-flores/pedregal-de-cienega
65559,Fraccionamiento Industrial y Comercial Nexxus ADN2,Zona industrial,Ciénega de Flores,Nuevo León,Ciénega de Flores,Rural,https://postali.app/mx/nuevo-leon/cienega-de-flores/fraccionamiento-industrial-y-comercial-nexxus-adn2
65559,Parque Industrial Las Américas,Zona industrial,Ciénega de Flores,Nuevo León,Ciénega de Flores,Rural,https://postali.app/mx/nuevo-leon/cienega-de-flores/parque-industrial-las-americas
65560,Los Lirios,Colonia,Ciénega de Flores,Nuevo León,Ciénega de Flores,Urbano,https://postali.app/mx/nuevo-leon/cienega-de-flores/los-lirios
65560,Martínez Domínguez,Colonia,Ciénega de Flores,Nuevo León,Ciénega de Flores,Urbano,https://postali.app/mx/nuevo-leon/cienega-de-flores/martinez-dominguez
65560,Valle de las Flores,Colonia,Ciénega de Flores,Nuevo León,Ciénega de Flores,Urbano,https://postali.app/mx/nuevo-leon/cienega-de-flores/valle-de-las-flores
65562,Fomerrey 5,Fraccionamiento,Ciénega de Flores,Nuevo León,Ciénega de Flores,Urbano,https://postali.app/mx/nuevo-leon/cienega-de-flores/fomerrey-5
65562,Progreso,Colonia,Ciénega de Flores,Nuevo León,Ciénega de Flores,Urbano,https://postali.app/mx/nuevo-leon/cienega-de-flores/progreso
65562,Villa del Real,Fraccionamiento,Ciénega de Flores,Nuevo León,Ciénega de Flores,Urbano,https://postali.app/mx/nuevo-leon/cienega-de-flores/villa-del-real
65563,Emiliano Zapata,Colonia,Ciénega de Flores,Nuevo León,Ciénega de Flores,Urbano,https://postali.app/mx/nuevo-leon/cienega-de-flores/emiliano-zapata
65563,Lomas del Progreso,Colonia,Ciénega de Flores,Nuevo León,Ciénega de Flores,Urbano,https://postali.app/mx/nuevo-leon/cienega-de-flores/lomas-del-progreso
65563,Privadas del Valle,Colonia,Ciénega de Flores,Nuevo León,Ciénega de Flores,Urbano,https://postali.app/mx/nuevo-leon/cienega-de-flores/privadas-del-valle
65563,San Juan,Fraccionamiento,Ciénega de Flores,Nuevo León,Ciénega de Flores,Urbano,https://postali.app/mx/nuevo-leon/cienega-de-flores/san-juan
65563,Santa Isabel,Fraccionamiento,Ciénega de Flores,Nuevo León,Ciénega de Flores,Urbano,https://postali.app/mx/nuevo-leon/cienega-de-flores/santa-isabel
65563,Valle de las Lomas,Colonia,Ciénega de Flores,Nuevo León,Ciénega de Flores,Urbano,https://postali.app/mx/nuevo-leon/cienega-de-flores/valle-de-las-lomas
65563,Valle del Progreso,Colonia,Ciénega de Flores,Nuevo León,Ciénega de Flores,Urbano,https://postali.app/mx/nuevo-leon/cienega-de-flores/valle-del-progreso
65564,Alianza,Colonia,Ciénega de Flores,Nuevo León,Ciénega de Flores,Urbano,https://postali.app/mx/nuevo-leon/cienega-de-flores/alianza
65564,Real Progreso,Colonia,Ciénega de Flores,Nuevo León,Ciénega de Flores,Urbano,https://postali.app/mx/nuevo-leon/cienega-de-flores/real-progreso
65564,Tierra Propia,Colonia,Ciénega de Flores,Nuevo León,Ciénega de Flores,Urbano,https://postali.app/mx/nuevo-leon/cienega-de-flores/tierra-propia
65565,Valle de Ciénega,Colonia,Ciénega de Flores,Nuevo León,Ciénega de Flores,Urbano,https://postali.app/mx/nuevo-leon/cienega-de-flores/valle-de-cienega
65567,Hacienda las Flores,Colonia,Ciénega de Flores,Nuevo León,Ciénega de Flores,Urbano,https://postali.app/mx/nuevo-leon/cienega-de-flores/hacienda-las-flores
65567,Privadas de Bella Vista,Fraccionamiento,Ciénega de Flores,Nuevo León,Ciénega de Flores,Urbano,https://postali.app/mx/nuevo-leon/cienega-de-flores/privadas-de-bella-vista
65573,Los Ruiseñores,Fraccionamiento,Ciénega de Flores,Nuevo León,,Urbano,https://postali.app/mx/nuevo-leon/cienega-de-flores/los-ruisenores
65573,Villas de Carrizalejo,Fraccionamiento,Ciénega de Flores,Nuevo León,,Urbano,https://postali.app/mx/nuevo-leon/cienega-de-flores/villas-de-carrizalejo
65580,Cerradas de Vendanova,Fraccionamiento,Ciénega de Flores,Nuevo León,,Urbano,https://postali.app/mx/nuevo-leon/cienega-de-flores/cerradas-de-vendanova
65580,Ex Haciendas,Zona industrial,Ciénega de Flores,Nuevo León,,Rural,https://postali.app/mx/nuevo-leon/cienega-de-flores/ex-haciendas
65580,Monterrey Technology Park,Zona industrial,Ciénega de Flores,Nuevo León,,Urbano,https://postali.app/mx/nuevo-leon/cienega-de-flores/monterrey-technology-park
65580,Parque Industrial Diamante,Zona industrial,Ciénega de Flores,Nuevo León,,Urbano,https://postali.app/mx/nuevo-leon/cienega-de-flores/parque-industrial-diamante
65580,Parque Industrial Las Joyas,Zona industrial,Ciénega de Flores,Nuevo León,,Urbano,https://postali.app/mx/nuevo-leon/cienega-de-flores/parque-industrial-las-joyas
65580,Parque Industrial MG,Zona industrial,Ciénega de Flores,Nuevo León,,Urbano,https://postali.app/mx/nuevo-leon/cienega-de-flores/parque-industrial-mg
65580,Parque Industrial Milenium Ciénega de Flores,Zona industrial,Ciénega de Flores,Nuevo León,,Urbano,https://postali.app/mx/nuevo-leon/cienega-de-flores/parque-industrial-milenium-cienega-de-flores
65580,Parque Industrial Milimex Ciénega de Flores,Zona industrial,Ciénega de Flores,Nuevo León,,Urbano,https://postali.app/mx/nuevo-leon/cienega-de-flores/parque-industrial-milimex-cienega-de-flores
65580,Parque Industrial Nexxus ADN,Zona industrial,Ciénega de Flores,Nuevo León,,Urbano,https://postali.app/mx/nuevo-leon/cienega-de-flores/parque-industrial-nexxus-adn
65580,Paseos del Roble,Fraccionamiento,Ciénega de Flores,Nuevo León,,Urbano,https://postali.app/mx/nuevo-leon/cienega-de-flores/paseos-del-roble
65580,Portal de Alcalá,Fraccionamiento,Ciénega de Flores,Nuevo León,,Urbano,https://postali.app/mx/nuevo-leon/cienega-de-flores/portal-de-alcala
65580,Portal de las Flores,Fraccionamiento,Ciénega de Flores,Nuevo León,,Urbano,https://postali.app/mx/nuevo-leon/cienega-de-flores/portal-de-las-flores
65580,Villas de Alcalá,Fraccionamiento,Ciénega de Flores,Nuevo León,,Urbano,https://postali.app/mx/nuevo-leon/cienega-de-flores/villas-de-alcala
65583,CPA Logistics Center ADN,Zona industrial,Ciénega de Flores,Nuevo León,,Rural,https://postali.app/mx/nuevo-leon/cienega-de-flores/cpa-logistics-center-adn
65583,Parque Industrial el Nacional I,Zona industrial,Ciénega de Flores,Nuevo León,,Rural,https://postali.app/mx/nuevo-leon/cienega-de-flores/parque-industrial-el-nacional-i
65600,Alfonso Martínez Domínguez,Colonia,Hidalgo,Nuevo León,,Rural,https://postali.app/mx/nuevo-leon/hidalgo/alfonso-martinez-dominguez
65600,Benito Juárez,Colonia,Hidalgo,Nuevo León,,Rural,https://postali.app/mx/nuevo-leon/hidalgo/benito-juarez
65600,Crescenciano Lozano,Colonia,Hidalgo,Nuevo León,,Rural,https://postali.app/mx/nuevo-leon/hidalgo/crescenciano-lozano
65600,Cuauhtémoc,Colonia,Hidalgo,Nuevo León,,Rural,https://postali.app/mx/nuevo-leon/hidalgo/cuauhtemoc
65600,Hidalgo Centro,Colonia,Hidalgo,Nuevo León,,Rural,https://postali.app/mx/nuevo-leon/hidalgo/hidalgo-centro
65600,José Alatorre Gámez,Colonia,Hidalgo,Nuevo León,,Urbano,https://postali.app/mx/nuevo-leon/hidalgo/jose-alatorre-gamez
65600,Los Ángeles,Fraccionamiento,Hidalgo,Nuevo León,,Rural,https://postali.app/mx/nuevo-leon/hidalgo/los-angeles
65600,Lázaro Cárdenas,Colonia,Hidalgo,Nuevo León,,Rural,https://postali.app/mx/nuevo-leon/hidalgo/lazaro-cardenas
65600,Margarita Maza de Juárez,Colonia,Hidalgo,Nuevo León,,Rural,https://postali.app/mx/nuevo-leon/hidalgo/margarita-maza-de-juarez
65600,Miguel Hidalgo,Colonia,Hidalgo,Nuevo León,,Rural,https://postali.app/mx/nuevo-leon/hidalgo/miguel-hidalgo
65600,Morelos,Colonia,Hidalgo,Nuevo León,,Rural,https://postali.app/mx/nuevo-leon/hidalgo/morelos
65600,Revolución,Colonia,Hidalgo,Nuevo León,,Rural,https://postali.app/mx/nuevo-leon/hidalgo/revolucion
65600,San Andrés,Colonia,Hidalgo,Nuevo León,,Rural,https://postali.app/mx/nuevo-leon/hidalgo/san-andres
65600,San Martín,Colonia,Hidalgo,Nuevo León,,Rural,https://postali.app/mx/nuevo-leon/hidalgo/san-martin
65600,Zaragoza,Colonia,Hidalgo,Nuevo León,,Rural,https://postali.app/mx/nuevo-leon/hidalgo/zaragoza
65650,Abasolo Centro,Colonia,Abasolo,Nuevo León,,Urbano,https://postali.app/mx/nuevo-leon/abasolo/abasolo-centro
65650,Alberto Villarreal,Colonia,Abasolo,Nuevo León,,Urbano,https://postali.app/mx/nuevo-leon/abasolo/alberto-villarreal
65650,Casa Rosa (Los Olivos),Ranchería,Abasolo,Nuevo León,,Rural,https://postali.app/mx/nuevo-leon/abasolo/casa-rosa-los-olivos
65650,Cuatro Vientos,Ranchería,Abasolo,Nuevo León,,Rural,https://postali.app/mx/nuevo-leon/abasolo/cuatro-vientos
65650,El Mirador,Colonia,Abasolo,Nuevo León,,Urbano,https://postali.app/mx/nuevo-leon/abasolo/el-mirador
65650,La Gloria,Ranchería,Abasolo,Nuevo León,,Rural,https://postali.app/mx/nuevo-leon/abasolo/la-gloria
65650,Linda Vista,Colonia,Abasolo,Nuevo León,,Urbano,https://postali.app/mx/nuevo-leon/abasolo/linda-vista
65650,Los Ligeros,Ranchería,Abasolo,Nuevo León,,Rural,https://postali.app/mx/nuevo-leon/abasolo/los-ligeros
65650,Los Pinos,Colonia,Abasolo,Nuevo León,,Urbano,https://postali.app/mx/nuevo-leon/abasolo/los-pinos
65650,Lázaro Cárdenas,Colonia,Abasolo,Nuevo León,,Urbano,https://postali.app/mx/nuevo-leon/abasolo/lazaro-cardenas
65650,Voluntad y Trabajo,Colonia,Abasolo,Nuevo León,,Urbano,https://postali.app/mx/nuevo-leon/abasolo/voluntad-y-trabajo
65653,Seis de Enero (Las Bugambilias),Ranchería,Abasolo,Nuevo León,,Rural,https://postali.app/mx/nuevo-leon/abasolo/seis-de-enero-las-bugambilias
65654,Los Diez (La Tripona),Ranchería,Abasolo,Nuevo León,,Rural,https://postali.app/mx/nuevo-leon/abasolo/los-diez-la-tripona
65700,Benito Juárez,Colonia,Higueras,Nuevo León,,Urbano,https://postali.app/mx/nuevo-leon/higueras/benito-juarez
65700,Higueras,Granja,Higueras,Nuevo León,,Rural,https://postali.app/mx/nuevo-leon/higueras/higueras
65700,Higueras,Pueblo,Higueras,Nuevo León,,Urbano,https://postali.app/mx/nuevo-leon/higueras/higueras-65700
65700,Ruperto Martínez,Colonia,Higueras,Nuevo León,,Urbano,https://postali.app/mx/nuevo-leon/higueras/ruperto-martinez
65700,Sierra de Picachos,Colonia,Higueras,Nuevo León,,Urbano,https://postali.app/mx/nuevo-leon/higueras/sierra-de-picachos
65719,Centro de Acopio Ovino,Granja,Higueras,Nuevo León,,Rural,https://postali.app/mx/nuevo-leon/higueras/centro-de-acopio-ovino
65719,El Apartadero,Rancho,Higueras,Nuevo León,,Rural,https://postali.app/mx/nuevo-leon/higueras/el-apartadero
65719,El Puerto,Rancho,Higueras,Nuevo León,,Rural,https://postali.app/mx/nuevo-leon/higueras/el-puerto
65750,General Zuazua Centro,Colonia,General Zuazua,Nuevo León,,Urbano,https://postali.app/mx/nuevo-leon/general-zuazua/general-zuazua-centro
65750,Las Arboledas,Fraccionamiento,General Zuazua,Nuevo León,,Urbano,https://postali.app/mx/nuevo-leon/general-zuazua/las-arboledas
65760,Carrizalejo,Colonia,General Zuazua,Nuevo León,,Urbano,https://postali.app/mx/nuevo-leon/general-zuazua/carrizalejo
65760,Ejido Zuazua,Colonia,General Zuazua,Nuevo León,,Urbano,https://postali.app/mx/nuevo-leon/general-zuazua/ejido-zuazua
65760,Las Bugambilias,Fraccionamiento,General Zuazua,Nuevo León,,Urbano,https://postali.app/mx/nuevo-leon/general-zuazua/las-bugambilias
65760,Misión de Santa Elena,Fraccionamiento,General Zuazua,Nuevo León,,Urbano,https://postali.app/mx/nuevo-leon/general-zuazua/mision-de-santa-elena
65760,Pedro Martínez,Colonia,General Zuazua,Nuevo León,,Urbano,https://postali.app/mx/nuevo-leon/general-zuazua/pedro-martinez
65760,Privadas de Santa Clara,Fraccionamiento,General Zuazua,Nuevo León,,Urbano,https://postali.app/mx/nuevo-leon/general-zuazua/privadas-de-santa-clara
65760,Real Palmas,Fraccionamiento,General Zuazua,Nuevo León,,Urbano,https://postali.app/mx/nuevo-leon/general-zuazua/real-palmas
65764,VYNMSA North Industrial Park,Zona industrial,General Zuazua,Nuevo León,,Urbano,https://postali.app/mx/nuevo-leon/general-zuazua/vynmsa-north-industrial-park
65766,Parque Industrial el Nacional II,Zona industrial,General Zuazua,Nuevo León,,Rural,https://postali.app/mx/nuevo-leon/general-zuazua/parque-industrial-el-nacional-ii
65776,Santa Bárbara,Fraccionamiento,General Zuazua,Nuevo León,,Urbano,https://postali.app/mx/nuevo-leon/general-zuazua/santa-barbara
65776,Valle de Santa Elena,Fraccionamiento,General Zuazua,Nuevo León,,Urbano,https://postali.app/mx/nuevo-leon/general-zuazua/valle-de-santa-elena
65780,Hacienda San Pedro,Fraccionamiento,General Zuazua,Nuevo León,,Urbano,https://postali.app/mx/nuevo-leon/general-zuazua/hacienda-san-pedro
65780,Portal de Zuazua,Colonia,General Zuazua,Nuevo León,,Urbano,https://postali.app/mx/nuevo-leon/general-zuazua/portal-de-zuazua
65780,Portal del Norte,Fraccionamiento,General Zuazua,Nuevo León,,Rural,https://postali.app/mx/nuevo-leon/general-zuazua/portal-del-norte
65780,Real de Zuazua,Fraccionamiento,General Zuazua,Nuevo León,,Urbano,https://postali.app/mx/nuevo-leon/general-zuazua/real-de-zuazua
65780,Real San Pedro,Fraccionamiento,General Zuazua,Nuevo León,,Urbano,https://postali.app/mx/nuevo-leon/general-zuazua/real-san-pedro
65783,Hacienda San José,Fraccionamiento,General Zuazua,Nuevo León,,Urbano,https://postali.app/mx/nuevo-leon/general-zuazua/hacienda-san-jose
65783,Hacienda Santa María,Fraccionamiento,General Zuazua,Nuevo León,,Urbano,https://postali.app/mx/nuevo-leon/general-zuazua/hacienda-santa-maria
65783,Hacienda Santa Mónica,Fraccionamiento,General Zuazua,Nuevo León,,Urbano,https://postali.app/mx/nuevo-leon/general-zuazua/hacienda-santa-monica
65796,Campestre el Mirador,Fraccionamiento,General Zuazua,Nuevo León,,Rural,https://postali.app/mx/nuevo-leon/general-zuazua/campestre-el-mirador
65796,Valle de Zuazua,Fraccionamiento,General Zuazua,Nuevo León,,Rural,https://postali.app/mx/nuevo-leon/general-zuazua/valle-de-zuazua
65800,Agualeguas Centro,Colonia,Agualeguas,Nuevo León,,Urbano,https://postali.app/mx/nuevo-leon/agualeguas/agualeguas-centro
65800,Del Norte,Colonia,Agualeguas,Nuevo León,,Rural,https://postali.app/mx/nuevo-leon/agualeguas/del-norte
65800,Jardín,Colonia,Agualeguas,Nuevo León,,Urbano,https://postali.app/mx/nuevo-leon/agualeguas/jardin
65800,Mira Sierra,Colonia,Agualeguas,Nuevo León,,Urbano,https://postali.app/mx/nuevo-leon/agualeguas/mira-sierra
65800,Olivia Olvera,Colonia,Agualeguas,Nuevo León,,Urbano,https://postali.app/mx/nuevo-leon/agualeguas/olivia-olvera
65800,Profesor Jesús M Lozano Treviño,Fraccionamiento,Agualeguas,Nuevo León,,Urbano,https://postali.app/mx/nuevo-leon/agualeguas/profesor-jesus-m-lozano-trevino
65803,Los Mogotes Tres,Rancho,Agualeguas,Nuevo León,,Rural,https://postali.app/mx/nuevo-leon/agualeguas/los-mogotes-tres
65803,Raúl Molina,Colonia,Agualeguas,Nuevo León,,Rural,https://postali.app/mx/nuevo-leon/agualeguas/raul-molina
65804,La Gloria,Rancho,Agualeguas,Nuevo León,,Rural,https://postali.app/mx/nuevo-leon/agualeguas/la-gloria
65805,La Retama,Rancho,Agualeguas,Nuevo León,,Rural,https://postali.app/mx/nuevo-leon/agualeguas/la-retama
65805,Santos Valadez (Piedra Parada),Rancho,Agualeguas,Nuevo León,,Rural,https://postali.app/mx/nuevo-leon/agualeguas/santos-valadez-piedra-parada
65806,El Recodo,Rancho,Agualeguas,Nuevo León,,Rural,https://postali.app/mx/nuevo-leon/agualeguas/el-recodo
65806,El Recuerdo,Rancho,Agualeguas,Nuevo León,,Rural,https://postali.app/mx/nuevo-leon/agualeguas/el-recuerdo
65806,El Texano,Rancho,Agualeguas,Nuevo León,,Rural,https://postali.app/mx/nuevo-leon/agualeguas/el-texano
65806,Los Vázquez,Rancho,Agualeguas,Nuevo León,,Rural,https://postali.app/mx/nuevo-leon/agualeguas/los-vazquez
65806,Puerta las Ovejas,Rancho,Agualeguas,Nuevo León,,Rural,https://postali.app/mx/nuevo-leon/agualeguas/puerta-las-ovejas
65806,Tío Mario,Ranchería,Agualeguas,Nuevo León,,Rural,https://postali.app/mx/nuevo-leon/agualeguas/tio-mario
65807,Agualeguas [Aeropuerto Regional],Aeropuerto,Agualeguas,Nuevo León,,Rural,https://postali.app/mx/nuevo-leon/agualeguas/agualeguas-aeropuerto-regional
65807,El Roble,Rancho,Agualeguas,Nuevo León,,Rural,https://postali.app/mx/nuevo-leon/agualeguas/el-roble
65807,José Luis Mayo,Rancho,Agualeguas,Nuevo León,,Rural,https://postali.app/mx/nuevo-leon/agualeguas/jose-luis-mayo
65808,Chapa Ramos Dos,Rancho,Agualeguas,Nuevo León,,Rural,https://postali.app/mx/nuevo-leon/agualeguas/chapa-ramos-dos
65808,Ojo de Agua,Rancho,Agualeguas,Nuevo León,,Rural,https://postali.app/mx/nuevo-leon/agualeguas/ojo-de-agua
65810,El Prieto,Rancho,Agualeguas,Nuevo León,,Rural,https://postali.app/mx/nuevo-leon/agualeguas/el-prieto
65810,Los Salazar,Rancho,Agualeguas,Nuevo León,,Rural,https://postali.app/mx/nuevo-leon/agualeguas/los-salazar
65810,Rancho Nuevo,Colonia,Agualeguas,Nuevo León,,Rural,https://postali.app/mx/nuevo-leon/agualeguas/rancho-nuevo
65813,Dermy,Pueblo,Agualeguas,Nuevo León,,Rural,https://postali.app/mx/nuevo-leon/agualeguas/dermy
65813,El Abuelo,Rancho,Agualeguas,Nuevo León,,Rural,https://postali.app/mx/nuevo-leon/agualeguas/el-abuelo
65813,El Tironeo Uno,Rancho,Agualeguas,Nuevo León,,Rural,https://postali.app/mx/nuevo-leon/agualeguas/el-tironeo-uno
65813,Los Olmos,Rancho,Agualeguas,Nuevo León,,Rural,https://postali.app/mx/nuevo-leon/agualeguas/los-olmos
65813,Ojo de Agua,Ranchería,Agualeguas,Nuevo León,,Rural,https://postali.app/mx/nuevo-leon/agualeguas/ojo-de-agua-65813
65814,El Nogal,Ranchería,Agualeguas,Nuevo León,,Rural,https://postali.app/mx/nuevo-leon/agualeguas/el-nogal
65815,Cieneguitas,Pueblo,Agualeguas,Nuevo León,,Rural,https://postali.app/mx/nuevo-leon/agualeguas/cieneguitas
65815,El Derrame,Rancho,Agualeguas,Nuevo León,,Rural,https://postali.app/mx/nuevo-leon/agualeguas/el-derrame
65815,El Maguey,Rancho,Agualeguas,Nuevo León,,Rural,https://postali.app/mx/nuevo-leon/agualeguas/el-maguey
65815,El Potrero,Rancho,Agualeguas,Nuevo León,,Rural,https://postali.app/mx/nuevo-leon/agualeguas/el-potrero
65815,La Purísima,Rancho,Agualeguas,Nuevo León,,Rural,https://postali.app/mx/nuevo-leon/agualeguas/la-purisima
65815,Los Elizondo Número Uno,Rancho,Agualeguas,Nuevo León,,Rural,https://postali.app/mx/nuevo-leon/agualeguas/los-elizondo-numero-uno
65815,Tres Hermanos,Rancho,Agualeguas,Nuevo León,,Rural,https://postali.app/mx/nuevo-leon/agualeguas/tres-hermanos
65819,Los Garza,Colonia,Agualeguas,Nuevo León,,Rural,https://postali.app/mx/nuevo-leon/agualeguas/los-garza
65826,Arroyo las Alazanas [Pedrera],Ranchería,Agualeguas,Nuevo León,,Rural,https://postali.app/mx/nuevo-leon/agualeguas/arroyo-las-alazanas-pedrera
65826,El Papalote,Rancho,Agualeguas,Nuevo León,,Rural,https://postali.app/mx/nuevo-leon/agualeguas/el-papalote
65826,La Ponderosa,Rancho,Agualeguas,Nuevo León,,Rural,https://postali.app/mx/nuevo-leon/agualeguas/la-ponderosa
65830,La Escondida,Colonia,Agualeguas,Nuevo León,,Rural,https://postali.app/mx/nuevo-leon/agualeguas/la-escondida
65833,Agua Blanca,Rancho,Agualeguas,Nuevo León,,Rural,https://postali.app/mx/nuevo-leon/agualeguas/agua-blanca
65833,San José,Rancho,Agualeguas,Nuevo León,,Rural,https://postali.app/mx/nuevo-leon/agualeguas/san-jose
65834,El Corral,Rancho,Agualeguas,Nuevo León,,Rural,https://postali.app/mx/nuevo-leon/agualeguas/el-corral
65834,La Barreta,Rancho,Agualeguas,Nuevo León,,Rural,https://postali.app/mx/nuevo-leon/agualeguas/la-barreta
65834,Palo Blanco,Rancho,Agualeguas,Nuevo León,,Rural,https://postali.app/mx/nuevo-leon/agualeguas/palo-blanco
65834,Sagrado Corazón (Los Gutiérrez),Rancho,Agualeguas,Nuevo León,,Rural,https://postali.app/mx/nuevo-leon/agualeguas/sagrado-corazon-los-gutierrez
65834,San Andrés (Marín de Porras),Rancho,Agualeguas,Nuevo León,,Rural,https://postali.app/mx/nuevo-leon/agualeguas/san-andres-marin-de-porras
65834,San Cristóbal,Rancho,Agualeguas,Nuevo León,,Rural,https://postali.app/mx/nuevo-leon/agualeguas/san-cristobal
65834,San Vicente,Rancho,Agualeguas,Nuevo León,,Rural,https://postali.app/mx/nuevo-leon/agualeguas/san-vicente
65835,Ciriaco González,Rancho,Agualeguas,Nuevo León,,Rural,https://postali.app/mx/nuevo-leon/agualeguas/ciriaco-gonzalez
65835,El Púas (La Pau),Rancho,Agualeguas,Nuevo León,,Rural,https://postali.app/mx/nuevo-leon/agualeguas/el-puas-la-pau
65835,La Atravesada,Rancho,Agualeguas,Nuevo León,,Rural,https://postali.app/mx/nuevo-leon/agualeguas/la-atravesada
65835,La Conchita,Rancho,Agualeguas,Nuevo León,,Rural,https://postali.app/mx/nuevo-leon/agualeguas/la-conchita
65835,La Rosita,Rancho,Agualeguas,Nuevo León,,Rural,https://postali.app/mx/nuevo-leon/agualeguas/la-rosita
65835,Los Nogales,Pueblo,Agualeguas,Nuevo León,,Rural,https://postali.app/mx/nuevo-leon/agualeguas/los-nogales
65835,San Pedro,Rancho,Agualeguas,Nuevo León,,Rural,https://postali.app/mx/nuevo-leon/agualeguas/san-pedro
65835,San Roberto,Rancho,Agualeguas,Nuevo León,,Rural,https://postali.app/mx/nuevo-leon/agualeguas/san-roberto
65836,Lagunillas (San José Lagunillas),Pueblo,Agualeguas,Nuevo León,,Rural,https://postali.app/mx/nuevo-leon/agualeguas/lagunillas-san-jose-lagunillas
65836,Los Martínez,Rancho,Agualeguas,Nuevo León,,Rural,https://postali.app/mx/nuevo-leon/agualeguas/los-martinez
65838,Alicia,Rancho,Agualeguas,Nuevo León,,Rural,https://postali.app/mx/nuevo-leon/agualeguas/alicia
65838,Rancho Seco,Ranchería,Agualeguas,Nuevo León,,Rural,https://postali.app/mx/nuevo-leon/agualeguas/rancho-seco
65838,Tío Chonito,Ranchería,Agualeguas,Nuevo León,,Rural,https://postali.app/mx/nuevo-leon/agualeguas/tio-chonito
65850,General Treviño,Pueblo,General Treviño,Nuevo León,,Urbano,https://postali.app/mx/nuevo-leon/general-trevino/general-trevino
65850,La Laguna,Colonia,General Treviño,Nuevo León,,Urbano,https://postali.app/mx/nuevo-leon/general-trevino/la-laguna
65850,Luis Donaldo Colosio,Colonia,General Treviño,Nuevo León,,Urbano,https://postali.app/mx/nuevo-leon/general-trevino/luis-donaldo-colosio
65880,San Javier,Colonia,General Treviño,Nuevo León,,Rural,https://postali.app/mx/nuevo-leon/general-trevino/san-javier
65900,Benavides,Colonia,Cerralvo,Nuevo León,,Urbano,https://postali.app/mx/nuevo-leon/cerralvo/benavides
65900,Benavides,Ranchería,Cerralvo,Nuevo León,,Rural,https://postali.app/mx/nuevo-leon/cerralvo/benavides-65900
65900,Bernabé Botello Primer Sector,Colonia,Cerralvo,Nuevo León,,Urbano,https://postali.app/mx/nuevo-leon/cerralvo/bernabe-botello-primer-sector
65900,Bernabé Botello Segundo Sector,Colonia,Cerralvo,Nuevo León,,Urbano,https://postali.app/mx/nuevo-leon/cerralvo/bernabe-botello-segundo-sector
65900,Bicentenario,Colonia,Cerralvo,Nuevo León,,Urbano,https://postali.app/mx/nuevo-leon/cerralvo/bicentenario
65900,Buenos Aires,Colonia,Cerralvo,Nuevo León,,Urbano,https://postali.app/mx/nuevo-leon/cerralvo/buenos-aires
65900,Ciudad Cerralvo,Pueblo,Cerralvo,Nuevo León,,Urbano,https://postali.app/mx/nuevo-leon/cerralvo/ciudad-cerralvo
65900,Industrial,Colonia,Cerralvo,Nuevo León,,Urbano,https://postali.app/mx/nuevo-leon/cerralvo/industrial
65900,Loma del Trigo,Colonia,Cerralvo,Nuevo León,,Urbano,https://postali.app/mx/nuevo-leon/cerralvo/loma-del-trigo
65900,Los Alamos,Fraccionamiento,Cerralvo,Nuevo León,,Urbano,https://postali.app/mx/nuevo-leon/cerralvo/los-alamos
65900,Los Sabinos,Fraccionamiento,Cerralvo,Nuevo León,,Urbano,https://postali.app/mx/nuevo-leon/cerralvo/los-sabinos
65900,Nuevo León,Colonia,Cerralvo,Nuevo León,,Urbano,https://postali.app/mx/nuevo-leon/cerralvo/nuevo-leon
65900,Popular,Colonia,Cerralvo,Nuevo León,,Urbano,https://postali.app/mx/nuevo-leon/cerralvo/popular
65900,Presidentes Uno,Colonia,Cerralvo,Nuevo León,,Rural,https://postali.app/mx/nuevo-leon/cerralvo/presidentes-uno
65900,Valle del Nogalito,Fraccionamiento,Cerralvo,Nuevo León,,Urbano,https://postali.app/mx/nuevo-leon/cerralvo/valle-del-nogalito
65920,Arroyo de Piedra,Ranchería,Cerralvo,Nuevo León,,Rural,https://postali.app/mx/nuevo-leon/cerralvo/arroyo-de-piedra
65920,Juárez,Colonia,Cerralvo,Nuevo León,,Rural,https://postali.app/mx/nuevo-leon/cerralvo/juarez
65936,Uña de Gato,Colonia,Cerralvo,Nuevo León,,Rural,https://postali.app/mx/nuevo-leon/cerralvo/una-de-gato
65940,Martinitos,Ranchería,Cerralvo,Nuevo León,,Rural,https://postali.app/mx/nuevo-leon/cerralvo/martinitos
65950,Melchor Ocampo,Pueblo,Melchor Ocampo,Nuevo León,,Urbano,https://postali.app/mx/nuevo-leon/melchor-ocampo/melchor-ocampo
65957,Charco Redondo,Colonia,Melchor Ocampo,Nuevo León,,Rural,https://postali.app/mx/nuevo-leon/melchor-ocampo/charco-redondo
65958,Alfonso Reyes (Sócrates Rizzo),Colonia,Melchor Ocampo,Nuevo León,,Rural,https://postali.app/mx/nuevo-leon/melchor-ocampo/alfonso-reyes-socrates-rizzo
65958,Bicentenario,Colonia,Melchor Ocampo,Nuevo León,,Rural,https://postali.app/mx/nuevo-leon/melchor-ocampo/bicentenario
66000,García Centro,Colonia,García,Nuevo León,García,Urbano,https://postali.app/mx/nuevo-leon/garcia/garcia-centro
66000,Los Aljibes,Fraccionamiento,García,Nuevo León,García,Urbano,https://postali.app/mx/nuevo-leon/garcia/los-aljibes
66003,Hacienda del Sol,Colonia,García,Nuevo León,García,Urbano,https://postali.app/mx/nuevo-leon/garcia/hacienda-del-sol
66003,Héroes de Capellanía,Fraccionamiento,García,Nuevo León,García,Urbano,https://postali.app/mx/nuevo-leon/garcia/heroes-de-capellania
66003,Joya de la Corona,Fraccionamiento,García,Nuevo León,García,Urbano,https://postali.app/mx/nuevo-leon/garcia/joya-de-la-corona
66003,Los Nogales,Fraccionamiento,García,Nuevo León,García,Urbano,https://postali.app/mx/nuevo-leon/garcia/los-nogales
66003,Mirador de García,Colonia,García,Nuevo León,García,Urbano,https://postali.app/mx/nuevo-leon/garcia/mirador-de-garcia
66003,Paseo de las Minas,Colonia,García,Nuevo León,García,Urbano,https://postali.app/mx/nuevo-leon/garcia/paseo-de-las-minas
66003,Praderas de Lincoln,Fraccionamiento,García,Nuevo León,García,Urbano,https://postali.app/mx/nuevo-leon/garcia/praderas-de-lincoln
66003,Privadas de las Villas,Colonia,García,Nuevo León,García,Urbano,https://postali.app/mx/nuevo-leon/garcia/privadas-de-las-villas
66003,Privadas de Lincoln,Fraccionamiento,García,Nuevo León,García,Urbano,https://postali.app/mx/nuevo-leon/garcia/privadas-de-lincoln
66003,Rincón del Fraile,Fraccionamiento,García,Nuevo León,García,Urbano,https://postali.app/mx/nuevo-leon/garcia/rincon-del-fraile
66003,Stiva García Industrial Park,Zona industrial,García,Nuevo León,García,Urbano,https://postali.app/mx/nuevo-leon/garcia/stiva-garcia-industrial-park
66003,Valle de San Blas,Fraccionamiento,García,Nuevo León,García,Urbano,https://postali.app/mx/nuevo-leon/garcia/valle-de-san-blas
66003,Villas del Álcali,Fraccionamiento,García,Nuevo León,García,Urbano,https://postali.app/mx/nuevo-leon/garcia/villas-del-alcali
66004,Las Arboledas,Colonia,García,Nuevo León,García,Urbano,https://postali.app/mx/nuevo-leon/garcia/las-arboledas
66004,Las Haciendas,Fraccionamiento,García,Nuevo León,García,Urbano,https://postali.app/mx/nuevo-leon/garcia/las-haciendas
66004,Las Villas,Colonia,García,Nuevo León,García,Urbano,https://postali.app/mx/nuevo-leon/garcia/las-villas
66004,Paseo de las Torres,Colonia,García,Nuevo León,García,Urbano,https://postali.app/mx/nuevo-leon/garcia/paseo-de-las-torres
66004,Paseo Del Nogal,Colonia,García,Nuevo León,García,Urbano,https://postali.app/mx/nuevo-leon/garcia/paseo-del-nogal
66004,Privalia García,Fraccionamiento,García,Nuevo León,García,Urbano,https://postali.app/mx/nuevo-leon/garcia/privalia-garcia
66004,Punta Diamante,Fraccionamiento,García,Nuevo León,García,Urbano,https://postali.app/mx/nuevo-leon/garcia/punta-diamante
66004,Real de Capellanía,Fraccionamiento,García,Nuevo León,García,Urbano,https://postali.app/mx/nuevo-leon/garcia/real-de-capellania
66004,Sierra Real,Colonia,García,Nuevo León,García,Urbano,https://postali.app/mx/nuevo-leon/garcia/sierra-real
66004,Urbi Villa del Prado,Fraccionamiento,García,Nuevo León,García,Urbano,https://postali.app/mx/nuevo-leon/garcia/urbi-villa-del-prado
66004,Valle de San José,Colonia,García,Nuevo León,García,Urbano,https://postali.app/mx/nuevo-leon/garcia/valle-de-san-jose
66004,Villas de los Nogales,Colonia,García,Nuevo León,García,Urbano,https://postali.app/mx/nuevo-leon/garcia/villas-de-los-nogales
66005,Benito Juárez,Colonia,García,Nuevo León,García,Urbano,https://postali.app/mx/nuevo-leon/garcia/benito-juarez
66005,El Cedral,Colonia,García,Nuevo León,García,Urbano,https://postali.app/mx/nuevo-leon/garcia/el-cedral
66005,El Fraile II,Colonia,García,Nuevo León,García,Urbano,https://postali.app/mx/nuevo-leon/garcia/el-fraile-ii
66005,Emiliano Zapata,Colonia,García,Nuevo León,García,Urbano,https://postali.app/mx/nuevo-leon/garcia/emiliano-zapata
66005,Fraile I,Colonia,García,Nuevo León,García,Urbano,https://postali.app/mx/nuevo-leon/garcia/fraile-i
66005,Fray Juan Antonio de Sobrevilla,Colonia,García,Nuevo León,García,Urbano,https://postali.app/mx/nuevo-leon/garcia/fray-juan-antonio-de-sobrevilla
66005,INFONAVIT los Nogales,Colonia,García,Nuevo León,García,Urbano,https://postali.app/mx/nuevo-leon/garcia/infonavit-los-nogales
66005,Morelos,Colonia,García,Nuevo León,García,Urbano,https://postali.app/mx/nuevo-leon/garcia/morelos
66005,Nuevo Amanecer,Colonia,García,Nuevo León,García,Urbano,https://postali.app/mx/nuevo-leon/garcia/nuevo-amanecer
66005,Real de Villas de García,Colonia,García,Nuevo León,García,Urbano,https://postali.app/mx/nuevo-leon/garcia/real-de-villas-de-garcia
66005,San Martín,Colonia,García,Nuevo León,García,Urbano,https://postali.app/mx/nuevo-leon/garcia/san-martin
66006,Alfonso Martínez Domínguez,Colonia,García,Nuevo León,García,Urbano,https://postali.app/mx/nuevo-leon/garcia/alfonso-martinez-dominguez
66006,Ampliación los Nogales,Colonia,García,Nuevo León,García,Urbano,https://postali.app/mx/nuevo-leon/garcia/ampliacion-los-nogales
66006,Balcones de García,Fraccionamiento,García,Nuevo León,García,Urbano,https://postali.app/mx/nuevo-leon/garcia/balcones-de-garcia
66006,Colinas Del Rio,Colonia,García,Nuevo León,García,Urbano,https://postali.app/mx/nuevo-leon/garcia/colinas-del-rio
66006,División del Norte,Colonia,García,Nuevo León,García,Urbano,https://postali.app/mx/nuevo-leon/garcia/division-del-norte
66006,Las Bugambilias,Fraccionamiento,García,Nuevo León,García,Urbano,https://postali.app/mx/nuevo-leon/garcia/las-bugambilias
66006,Los Nogales,Colonia,García,Nuevo León,García,Urbano,https://postali.app/mx/nuevo-leon/garcia/los-nogales-66006
66006,Martín González,Colonia,García,Nuevo León,García,Urbano,https://postali.app/mx/nuevo-leon/garcia/martin-gonzalez
66006,Mirador del Fraile,Colonia,García,Nuevo León,García,Urbano,https://postali.app/mx/nuevo-leon/garcia/mirador-del-fraile
66006,Punta Esmeralda,Fraccionamiento,García,Nuevo León,García,Urbano,https://postali.app/mx/nuevo-leon/garcia/punta-esmeralda
66006,Valles del Mirador,Colonia,García,Nuevo León,García,Urbano,https://postali.app/mx/nuevo-leon/garcia/valles-del-mirador
66007,Avance Popular,Colonia,García,Nuevo León,García,Urbano,https://postali.app/mx/nuevo-leon/garcia/avance-popular
66007,Las Torres de Guadalupe,Colonia,García,Nuevo León,García,Rural,https://postali.app/mx/nuevo-leon/garcia/las-torres-de-guadalupe
66007,Paseo de Capellanía,Fraccionamiento,García,Nuevo León,García,Urbano,https://postali.app/mx/nuevo-leon/garcia/paseo-de-capellania
66007,Riberas de Capellania,Colonia,García,Nuevo León,García,Urbano,https://postali.app/mx/nuevo-leon/garcia/riberas-de-capellania
66008,Hacienda Renacimiento,Fraccionamiento,García,Nuevo León,García,Urbano,https://postali.app/mx/nuevo-leon/garcia/hacienda-renacimiento
66008,La Cruz,Colonia,García,Nuevo León,García,Urbano,https://postali.app/mx/nuevo-leon/garcia/la-cruz
66008,Los Arcángeles,Fraccionamiento,García,Nuevo León,García,Urbano,https://postali.app/mx/nuevo-leon/garcia/los-arcangeles
66008,Miguel Hidalgo,Colonia,García,Nuevo León,García,Urbano,https://postali.app/mx/nuevo-leon/garcia/miguel-hidalgo
66008,Nuevo Renacimiento,Colonia,García,Nuevo León,García,Urbano,https://postali.app/mx/nuevo-leon/garcia/nuevo-renacimiento
66008,Popular José Páez García,Colonia,García,Nuevo León,García,Urbano,https://postali.app/mx/nuevo-leon/garcia/popular-jose-paez-garcia
66008,Santa Sofía,Fraccionamiento,García,Nuevo León,García,Urbano,https://postali.app/mx/nuevo-leon/garcia/santa-sofia
66008,Santa Sofía Sector Elite,Fraccionamiento,García,Nuevo León,García,Urbano,https://postali.app/mx/nuevo-leon/garcia/santa-sofia-sector-elite
66008,Valle de San Felipe,Colonia,García,Nuevo León,García,Urbano,https://postali.app/mx/nuevo-leon/garcia/valle-de-san-felipe
66009,Las Brisas Residencial,Fraccionamiento,García,Nuevo León,García,Urbano,https://postali.app/mx/nuevo-leon/garcia/las-brisas-residencial
66009,Los Encinos Residencial,Fraccionamiento,García,Nuevo León,García,Urbano,https://postali.app/mx/nuevo-leon/garcia/los-encinos-residencial
66009,Paseo Alamedas,Fraccionamiento,García,Nuevo León,García,Urbano,https://postali.app/mx/nuevo-leon/garcia/paseo-alamedas
66009,Privada Alamedas,Fraccionamiento,García,Nuevo León,García,Urbano,https://postali.app/mx/nuevo-leon/garcia/privada-alamedas
66009,Privada los Encinos,Fraccionamiento,García,Nuevo León,García,Urbano,https://postali.app/mx/nuevo-leon/garcia/privada-los-encinos
66009,Real de San Joaquín,Fraccionamiento,García,Nuevo León,García,Urbano,https://postali.app/mx/nuevo-leon/garcia/real-de-san-joaquin
66009,San Juan Bautista,Colonia,García,Nuevo León,García,Urbano,https://postali.app/mx/nuevo-leon/garcia/san-juan-bautista
66012,Joya del Carrizal,Fraccionamiento,García,Nuevo León,,Urbano,https://postali.app/mx/nuevo-leon/garcia/joya-del-carrizal
66012,Joya del Carrizal Sector Dos,Fraccionamiento,García,Nuevo León,,Urbano,https://postali.app/mx/nuevo-leon/garcia/joya-del-carrizal-sector-dos
66012,Oasis de García,Fraccionamiento,García,Nuevo León,,Urbano,https://postali.app/mx/nuevo-leon/garcia/oasis-de-garcia
66012,Portal de las Sierras,Fraccionamiento,García,Nuevo León,,Urbano,https://postali.app/mx/nuevo-leon/garcia/portal-de-las-sierras
66012,Praderas de Torreluna,Fraccionamiento,García,Nuevo León,,Urbano,https://postali.app/mx/nuevo-leon/garcia/praderas-de-torreluna
66012,Real de San Félipe,Fraccionamiento,García,Nuevo León,,Urbano,https://postali.app/mx/nuevo-leon/garcia/real-de-san-felipe
66012,Residencial Santa Elena,Fraccionamiento,García,Nuevo León,,Urbano,https://postali.app/mx/nuevo-leon/garcia/residencial-santa-elena
66012,Residencial Santa Lucía,Fraccionamiento,García,Nuevo León,,Urbano,https://postali.app/mx/nuevo-leon/garcia/residencial-santa-lucia
66012,Residencial Santa Mónica,Fraccionamiento,García,Nuevo León,,Urbano,https://postali.app/mx/nuevo-leon/garcia/residencial-santa-monica
66012,Santa Julia,Fraccionamiento,García,Nuevo León,,Urbano,https://postali.app/mx/nuevo-leon/garcia/santa-julia
66012,Villanova,Fraccionamiento,García,Nuevo León,,Urbano,https://postali.app/mx/nuevo-leon/garcia/villanova
66012,Villazul,Fraccionamiento,García,Nuevo León,,Urbano,https://postali.app/mx/nuevo-leon/garcia/villazul
66013,Arcos del Poniente,Fraccionamiento,García,Nuevo León,,Urbano,https://postali.app/mx/nuevo-leon/garcia/arcos-del-poniente
66013,Los Héroes Lincoln,Fraccionamiento,García,Nuevo León,,Urbano,https://postali.app/mx/nuevo-leon/garcia/los-heroes-lincoln
66013,Paseo de Lincoln,Fraccionamiento,García,Nuevo León,,Urbano,https://postali.app/mx/nuevo-leon/garcia/paseo-de-lincoln
66013,Portal de Lincoln,Fraccionamiento,García,Nuevo León,,Urbano,https://postali.app/mx/nuevo-leon/garcia/portal-de-lincoln
66013,Real de Lincoln,Fraccionamiento,García,Nuevo León,,Urbano,https://postali.app/mx/nuevo-leon/garcia/real-de-lincoln
66013,Vista Bella,Fraccionamiento,García,Nuevo León,,Urbano,https://postali.app/mx/nuevo-leon/garcia/vista-bella
66014,Alta Villa,Fraccionamiento,García,Nuevo León,,Rural,https://postali.app/mx/nuevo-leon/garcia/alta-villa
66014,Cordillera Himalaya,Fraccionamiento,García,Nuevo León,,Urbano,https://postali.app/mx/nuevo-leon/garcia/cordillera-himalaya
66014,Punta Alta García,Fraccionamiento,García,Nuevo León,,Urbano,https://postali.app/mx/nuevo-leon/garcia/punta-alta-garcia
66017,Kandelium México,Zona industrial,García,Nuevo León,,Rural,https://postali.app/mx/nuevo-leon/garcia/kandelium-mexico
66017,Nemak,Zona industrial,García,Nuevo León,,Rural,https://postali.app/mx/nuevo-leon/garcia/nemak
66017,Parque Industrial Advance Monterrey,Zona industrial,García,Nuevo León,,Rural,https://postali.app/mx/nuevo-leon/garcia/parque-industrial-advance-monterrey
66017,Parque Industrial POLITEK,Zona industrial,García,Nuevo León,,Rural,https://postali.app/mx/nuevo-leon/garcia/parque-industrial-politek
66017,VYNMSA Metropolitan Industrial Park,Zona industrial,García,Nuevo León,,Urbano,https://postali.app/mx/nuevo-leon/garcia/vynmsa-metropolitan-industrial-park
66018,Hacienda del Fraile,Fraccionamiento,García,Nuevo León,,Urbano,https://postali.app/mx/nuevo-leon/garcia/hacienda-del-fraile
66018,Vista Montaña,Fraccionamiento,García,Nuevo León,,Urbano,https://postali.app/mx/nuevo-leon/garcia/vista-montana
66020,Unión Emiliano Zapata,Ranchería,García,Nuevo León,,Rural,https://postali.app/mx/nuevo-leon/garcia/union-emiliano-zapata
66023,Arco Vial,Zona industrial,García,Nuevo León,,Urbano,https://postali.app/mx/nuevo-leon/garcia/arco-vial
66023,Avante Monterrey Industrial Park,Zona industrial,García,Nuevo León,,Urbano,https://postali.app/mx/nuevo-leon/garcia/avante-monterrey-industrial-park
66023,Ex-Hacienda San José,Colonia,García,Nuevo León,,Urbano,https://postali.app/mx/nuevo-leon/garcia/ex-hacienda-san-jose
66023,Las Palmas,Colonia,García,Nuevo León,,Urbano,https://postali.app/mx/nuevo-leon/garcia/las-palmas
66023,Lomas de García,Colonia,García,Nuevo León,,Rural,https://postali.app/mx/nuevo-leon/garcia/lomas-de-garcia
66023,Los Parques,Colonia,García,Nuevo León,,Urbano,https://postali.app/mx/nuevo-leon/garcia/los-parques
66023,Mandara,Fraccionamiento,García,Nuevo León,,Urbano,https://postali.app/mx/nuevo-leon/garcia/mandara
66023,Misión San Juan,Fraccionamiento,García,Nuevo León,,Urbano,https://postali.app/mx/nuevo-leon/garcia/mision-san-juan
66023,Mitras Bicentenario,Colonia,García,Nuevo León,,Urbano,https://postali.app/mx/nuevo-leon/garcia/mitras-bicentenario
66023,Mitras Poniente,Colonia,García,Nuevo León,,Urbano,https://postali.app/mx/nuevo-leon/garcia/mitras-poniente
66023,Paraje de las Grutas,Fraccionamiento,García,Nuevo León,,Urbano,https://postali.app/mx/nuevo-leon/garcia/paraje-de-las-grutas
66023,Paraje San Francisco,Fraccionamiento,García,Nuevo León,,Urbano,https://postali.app/mx/nuevo-leon/garcia/paraje-san-francisco
66023,Paraje San José,Colonia,García,Nuevo León,,Urbano,https://postali.app/mx/nuevo-leon/garcia/paraje-san-jose
66023,Paraje San José Sector Peces,Fraccionamiento,García,Nuevo León,,Urbano,https://postali.app/mx/nuevo-leon/garcia/paraje-san-jose-sector-peces
66023,Parque Industrial Ciudad Mitras,Zona industrial,García,Nuevo León,,Urbano,https://postali.app/mx/nuevo-leon/garcia/parque-industrial-ciudad-mitras
66023,Parques Diamante,Fraccionamiento,García,Nuevo León,,Urbano,https://postali.app/mx/nuevo-leon/garcia/parques-diamante
66023,Portal del Parque,Fraccionamiento,García,Nuevo León,,Urbano,https://postali.app/mx/nuevo-leon/garcia/portal-del-parque
66023,Rancho de Enmedio (Las Mitras),Rancho,García,Nuevo León,,Rural,https://postali.app/mx/nuevo-leon/garcia/rancho-de-enmedio-las-mitras
66023,Real de San Martín,Colonia,García,Nuevo León,,Urbano,https://postali.app/mx/nuevo-leon/garcia/real-de-san-martin
66023,San José,Colonia,García,Nuevo León,,Urbano,https://postali.app/mx/nuevo-leon/garcia/san-jose
66023,Terra Park Mitras,Zona industrial,García,Nuevo León,,Urbano,https://postali.app/mx/nuevo-leon/garcia/terra-park-mitras
66023,Torralba,Fraccionamiento,García,Nuevo León,,Urbano,https://postali.app/mx/nuevo-leon/garcia/torralba
66023,Valle de las Grutas,Fraccionamiento,García,Nuevo León,,Urbano,https://postali.app/mx/nuevo-leon/garcia/valle-de-las-grutas
66023,Valle de Lincoln San Agustín,Fraccionamiento,García,Nuevo León,,Urbano,https://postali.app/mx/nuevo-leon/garcia/valle-de-lincoln-san-agustin
66023,Valle de Lincoln San José,Fraccionamiento,García,Nuevo León,,Urbano,https://postali.app/mx/nuevo-leon/garcia/valle-de-lincoln-san-jose
66023,Veranda Paseo Residencial,Fraccionamiento,García,Nuevo León,,Urbano,https://postali.app/mx/nuevo-leon/garcia/veranda-paseo-residencial
66023,Villas de San Martín,Colonia,García,Nuevo León,,Urbano,https://postali.app/mx/nuevo-leon/garcia/villas-de-san-martin
66023,Villas del Poniente,Fraccionamiento,García,Nuevo León,,Urbano,https://postali.app/mx/nuevo-leon/garcia/villas-del-poniente
66024,Altavía,Fraccionamiento,García,Nuevo León,,Urbano,https://postali.app/mx/nuevo-leon/garcia/altavia
66024,Altrysa,Fraccionamiento,García,Nuevo León,,Urbano,https://postali.app/mx/nuevo-leon/garcia/altrysa
66024,Arana,Fraccionamiento,García,Nuevo León,,Urbano,https://postali.app/mx/nuevo-leon/garcia/arana
66024,Arbórea Sector Linneo,Fraccionamiento,García,Nuevo León,,Urbano,https://postali.app/mx/nuevo-leon/garcia/arborea-sector-linneo
66024,Cerradas Solé,Fraccionamiento,García,Nuevo León,,Urbano,https://postali.app/mx/nuevo-leon/garcia/cerradas-sole
66024,Las Lomas,Fraccionamiento,García,Nuevo León,,Urbano,https://postali.app/mx/nuevo-leon/garcia/las-lomas
66024,Lomas del Sur,Fraccionamiento,García,Nuevo León,,Urbano,https://postali.app/mx/nuevo-leon/garcia/lomas-del-sur
66024,Lomas Palmeira,Fraccionamiento,García,Nuevo León,,Urbano,https://postali.app/mx/nuevo-leon/garcia/lomas-palmeira
66024,Montenova,Fraccionamiento,García,Nuevo León,,Urbano,https://postali.app/mx/nuevo-leon/garcia/montenova
66024,Residencial Santuario,Fraccionamiento,García,Nuevo León,,Urbano,https://postali.app/mx/nuevo-leon/garcia/residencial-santuario
66024,Varenna Residencial,Fraccionamiento,García,Nuevo León,,Urbano,https://postali.app/mx/nuevo-leon/garcia/varenna-residencial
66024,Verania,Fraccionamiento,García,Nuevo León,,Urbano,https://postali.app/mx/nuevo-leon/garcia/verania
66026,Valle de Lincoln,Fraccionamiento,García,Nuevo León,,Urbano,https://postali.app/mx/nuevo-leon/garcia/valle-de-lincoln
66026,Valle de Lincoln Sector el Fraile,Fraccionamiento,García,Nuevo León,,Urbano,https://postali.app/mx/nuevo-leon/garcia/valle-de-lincoln-sector-el-fraile
66026,Valle de Lincoln Sector Elite,Fraccionamiento,García,Nuevo León,,Urbano,https://postali.app/mx/nuevo-leon/garcia/valle-de-lincoln-sector-elite
66026,Vistas de las Mitras,Fraccionamiento,García,Nuevo León,,Urbano,https://postali.app/mx/nuevo-leon/garcia/vistas-de-las-mitras
66027,El Fraile,Ejido,García,Nuevo León,,Rural,https://postali.app/mx/nuevo-leon/garcia/el-fraile
66035,Cumbres Elite Premier,Fraccionamiento,García,Nuevo León,,Urbano,https://postali.app/mx/nuevo-leon/garcia/cumbres-elite-premier
66035,Cumbres San Patricio,Fraccionamiento,García,Nuevo León,,Urbano,https://postali.app/mx/nuevo-leon/garcia/cumbres-san-patricio
66035,Lomas Quetzales,Fraccionamiento,García,Nuevo León,,Urbano,https://postali.app/mx/nuevo-leon/garcia/lomas-quetzales
66035,Península,Fraccionamiento,García,Nuevo León,,Urbano,https://postali.app/mx/nuevo-leon/garcia/peninsula
66035,Valle de Cumbres,Fraccionamiento,García,Nuevo León,,Urbano,https://postali.app/mx/nuevo-leon/garcia/valle-de-cumbres
66035,Valle de Cumbres Premier,Fraccionamiento,García,Nuevo León,,Urbano,https://postali.app/mx/nuevo-leon/garcia/valle-de-cumbres-premier
66036,Adara,Fraccionamiento,García,Nuevo León,,Urbano,https://postali.app/mx/nuevo-leon/garcia/adara
66036,Arezzo Residencial,Fraccionamiento,García,Nuevo León,,Urbano,https://postali.app/mx/nuevo-leon/garcia/arezzo-residencial
66036,Atera Residencial,Fraccionamiento,García,Nuevo León,,Urbano,https://postali.app/mx/nuevo-leon/garcia/atera-residencial
66036,Aura Residencial,Fraccionamiento,García,Nuevo León,,Urbano,https://postali.app/mx/nuevo-leon/garcia/aura-residencial
66036,Ayuccá,Fraccionamiento,García,Nuevo León,,Urbano,https://postali.app/mx/nuevo-leon/garcia/ayucca
66036,Cerradas Lumina Cumbres,Fraccionamiento,García,Nuevo León,,Urbano,https://postali.app/mx/nuevo-leon/garcia/cerradas-lumina-cumbres
66036,Ciudad Cumbres,Fraccionamiento,García,Nuevo León,,Urbano,https://postali.app/mx/nuevo-leon/garcia/ciudad-cumbres
66036,Cumbre Altta,Fraccionamiento,García,Nuevo León,,Urbano,https://postali.app/mx/nuevo-leon/garcia/cumbre-altta
66036,Cumbres Andara,Fraccionamiento,García,Nuevo León,,Urbano,https://postali.app/mx/nuevo-leon/garcia/cumbres-andara
66036,Cumbres Britania,Fraccionamiento,García,Nuevo León,,Urbano,https://postali.app/mx/nuevo-leon/garcia/cumbres-britania
66036,Cumbres Calzadas,Fraccionamiento,García,Nuevo León,,Urbano,https://postali.app/mx/nuevo-leon/garcia/cumbres-calzadas
66036,Cumbres la Rioja,Fraccionamiento,García,Nuevo León,,Urbano,https://postali.app/mx/nuevo-leon/garcia/cumbres-la-rioja
66036,Cumbres Provenza Cerrada Lux,Fraccionamiento,García,Nuevo León,,Urbano,https://postali.app/mx/nuevo-leon/garcia/cumbres-provenza-cerrada-lux
66036,Cumbres Provenza Privada Terra,Fraccionamiento,García,Nuevo León,,Urbano,https://postali.app/mx/nuevo-leon/garcia/cumbres-provenza-privada-terra
66036,Cumbres Provenza Sector Aqua,Fraccionamiento,García,Nuevo León,,Urbano,https://postali.app/mx/nuevo-leon/garcia/cumbres-provenza-sector-aqua
66036,Cumbres Provenza Sector Vento,Fraccionamiento,García,Nuevo León,,Urbano,https://postali.app/mx/nuevo-leon/garcia/cumbres-provenza-sector-vento
66036,Cumbres Toscana,Fraccionamiento,García,Nuevo León,,Urbano,https://postali.app/mx/nuevo-leon/garcia/cumbres-toscana
66036,Cumbres Vernazza,Fraccionamiento,García,Nuevo León,,Urbano,https://postali.app/mx/nuevo-leon/garcia/cumbres-vernazza
66036,El Cielo,Fraccionamiento,García,Nuevo León,,Urbano,https://postali.app/mx/nuevo-leon/garcia/el-cielo
66036,Ferrara Residencial,Fraccionamiento,García,Nuevo León,,Urbano,https://postali.app/mx/nuevo-leon/garcia/ferrara-residencial
66036,La Montaña,Fraccionamiento,García,Nuevo León,,Urbano,https://postali.app/mx/nuevo-leon/garcia/la-montana
66036,Mirador,Fraccionamiento,García,Nuevo León,,Urbano,https://postali.app/mx/nuevo-leon/garcia/mirador
66036,Monteleva Dominio,Fraccionamiento,García,Nuevo León,,Urbano,https://postali.app/mx/nuevo-leon/garcia/monteleva-dominio
66036,Montencinos Residencial,Fraccionamiento,García,Nuevo León,,Urbano,https://postali.app/mx/nuevo-leon/garcia/montencinos-residencial
66036,Montessa Residencial,Fraccionamiento,García,Nuevo León,,Urbano,https://postali.app/mx/nuevo-leon/garcia/montessa-residencial
66036,Monticello,Fraccionamiento,García,Nuevo León,,Urbano,https://postali.app/mx/nuevo-leon/garcia/monticello
66036,Montserrat Privada Residencial,Fraccionamiento,García,Nuevo León,,Urbano,https://postali.app/mx/nuevo-leon/garcia/montserrat-privada-residencial
66036,Murano,Fraccionamiento,García,Nuevo León,,Urbano,https://postali.app/mx/nuevo-leon/garcia/murano
66036,Novelia,Fraccionamiento,García,Nuevo León,,Urbano,https://postali.app/mx/nuevo-leon/garcia/novelia
66036,Novelia Sector Novo,Fraccionamiento,García,Nuevo León,,Urbano,https://postali.app/mx/nuevo-leon/garcia/novelia-sector-novo
66036,Paloblanco Residencial,Fraccionamiento,García,Nuevo León,,Urbano,https://postali.app/mx/nuevo-leon/garcia/paloblanco-residencial
66036,Porto Cumbres,Fraccionamiento,García,Nuevo León,,Urbano,https://postali.app/mx/nuevo-leon/garcia/porto-cumbres
66036,Privalia Cumbres,Fraccionamiento,García,Nuevo León,,Urbano,https://postali.app/mx/nuevo-leon/garcia/privalia-cumbres
66036,Privalia Cumbres II,Fraccionamiento,García,Nuevo León,,Urbano,https://postali.app/mx/nuevo-leon/garcia/privalia-cumbres-ii
66036,Rincón de la Sierra,Fraccionamiento,García,Nuevo León,,Urbano,https://postali.app/mx/nuevo-leon/garcia/rincon-de-la-sierra
66036,Samsara,Fraccionamiento,García,Nuevo León,,Urbano,https://postali.app/mx/nuevo-leon/garcia/samsara
66036,Santoral,Fraccionamiento,García,Nuevo León,,Urbano,https://postali.app/mx/nuevo-leon/garcia/santoral
66036,Solana Residencial,Fraccionamiento,García,Nuevo León,,Urbano,https://postali.app/mx/nuevo-leon/garcia/solana-residencial
66036,Terrapark Dominio,Zona industrial,García,Nuevo León,,Urbano,https://postali.app/mx/nuevo-leon/garcia/terrapark-dominio
66036,Visalto Residencial Cerrada Cedro,Fraccionamiento,García,Nuevo León,,Urbano,https://postali.app/mx/nuevo-leon/garcia/visalto-residencial-cerrada-cedro
66036,Visalto Residencial Cerrada Olivo,Fraccionamiento,García,Nuevo León,,Urbano,https://postali.app/mx/nuevo-leon/garcia/visalto-residencial-cerrada-olivo
66036,Xandora Residencial,Fraccionamiento,García,Nuevo León,,Urbano,https://postali.app/mx/nuevo-leon/garcia/xandora-residencial
66037,Azara,Fraccionamiento,García,Nuevo León,,Urbano,https://postali.app/mx/nuevo-leon/garcia/azara
66037,Cumbres de Santa María,Fraccionamiento,García,Nuevo León,,Urbano,https://postali.app/mx/nuevo-leon/garcia/cumbres-de-santa-maria
66037,Parques Zafiro Residencial,Fraccionamiento,García,Nuevo León,,Urbano,https://postali.app/mx/nuevo-leon/garcia/parques-zafiro-residencial
66037,Romana,Fraccionamiento,García,Nuevo León,,Urbano,https://postali.app/mx/nuevo-leon/garcia/romana
66037,Santa María,Fraccionamiento,García,Nuevo León,,Urbano,https://postali.app/mx/nuevo-leon/garcia/santa-maria
66037,Terra Park García,Zona industrial,García,Nuevo León,,Urbano,https://postali.app/mx/nuevo-leon/garcia/terra-park-garcia
66040,La Cruz,Ranchería,García,Nuevo León,,Rural,https://postali.app/mx/nuevo-leon/garcia/la-cruz-66040
66042,Icamole,Pueblo,García,Nuevo León,,Rural,https://postali.app/mx/nuevo-leon/garcia/icamole
66043,Los Cerritos (Nuevos Cerritos),Colonia,García,Nuevo León,,Rural,https://postali.app/mx/nuevo-leon/garcia/los-cerritos-nuevos-cerritos
66045,La Soledad,Ejido,García,Nuevo León,,Rural,https://postali.app/mx/nuevo-leon/garcia/la-soledad
66046,La Candelaria,Barrio,García,Nuevo León,,Rural,https://postali.app/mx/nuevo-leon/garcia/la-candelaria
66046,La Gloria,Barrio,García,Nuevo León,,Rural,https://postali.app/mx/nuevo-leon/garcia/la-gloria
66046,Paso de Guadalupe y Mariposa,Ejido,García,Nuevo León,,Rural,https://postali.app/mx/nuevo-leon/garcia/paso-de-guadalupe-y-mariposa
66046,Rinconada,Ejido,García,Nuevo León,,Rural,https://postali.app/mx/nuevo-leon/garcia/rinconada
66046,San Isidro,Barrio,García,Nuevo León,,Rural,https://postali.app/mx/nuevo-leon/garcia/san-isidro
66046,Terralta Residencial Country Club,Fraccionamiento,García,Nuevo León,,Urbano,https://postali.app/mx/nuevo-leon/garcia/terralta-residencial-country-club
66048,Maravillas y Anexas,Ejido,García,Nuevo León,,Rural,https://postali.app/mx/nuevo-leon/garcia/maravillas-y-anexas
66050,Ciudad General Escobedo Centro,Colonia,General Escobedo,Nuevo León,Ciudad General Escobedo,Urbano,https://postali.app/mx/nuevo-leon/general-escobedo/ciudad-general-escobedo-centro
66050,Del Valle,Colonia,General Escobedo,Nuevo León,Ciudad General Escobedo,Urbano,https://postali.app/mx/nuevo-leon/general-escobedo/del-valle
66050,Don Lalo,Colonia,General Escobedo,Nuevo León,Ciudad General Escobedo,Urbano,https://postali.app/mx/nuevo-leon/general-escobedo/don-lalo
66050,Guadalupe Victoria,Colonia,General Escobedo,Nuevo León,Ciudad General Escobedo,Urbano,https://postali.app/mx/nuevo-leon/general-escobedo/guadalupe-victoria
66050,INFONAVIT Ricardo Flores Magón,Unidad habitacional,General Escobedo,Nuevo León,Ciudad General Escobedo,Urbano,https://postali.app/mx/nuevo-leon/general-escobedo/infonavit-ricardo-flores-magon
66050,Jardines de Escobedo II,Colonia,General Escobedo,Nuevo León,Ciudad General Escobedo,Urbano,https://postali.app/mx/nuevo-leon/general-escobedo/jardines-de-escobedo-ii
66050,Jardines del Canadá,Colonia,General Escobedo,Nuevo León,Ciudad General Escobedo,Urbano,https://postali.app/mx/nuevo-leon/general-escobedo/jardines-del-canada
66050,La Cuchilla,Colonia,General Escobedo,Nuevo León,Ciudad General Escobedo,Urbano,https://postali.app/mx/nuevo-leon/general-escobedo/la-cuchilla
66050,Las Encinas,Colonia,General Escobedo,Nuevo León,Ciudad General Escobedo,Urbano,https://postali.app/mx/nuevo-leon/general-escobedo/las-encinas
66050,Las Palomas,Fraccionamiento,General Escobedo,Nuevo León,Ciudad General Escobedo,Urbano,https://postali.app/mx/nuevo-leon/general-escobedo/las-palomas
66050,Las Quintas I,Fraccionamiento,General Escobedo,Nuevo León,Ciudad General Escobedo,Urbano,https://postali.app/mx/nuevo-leon/general-escobedo/las-quintas-i
66050,Las Quintas II,Fraccionamiento,General Escobedo,Nuevo León,Ciudad General Escobedo,Urbano,https://postali.app/mx/nuevo-leon/general-escobedo/las-quintas-ii
66050,Las Quintas III,Fraccionamiento,General Escobedo,Nuevo León,Ciudad General Escobedo,Urbano,https://postali.app/mx/nuevo-leon/general-escobedo/las-quintas-iii
66050,Los Elizondo,Colonia,General Escobedo,Nuevo León,Ciudad General Escobedo,Urbano,https://postali.app/mx/nuevo-leon/general-escobedo/los-elizondo
66050,Los Eucaliptos,Colonia,General Escobedo,Nuevo León,Ciudad General Escobedo,Urbano,https://postali.app/mx/nuevo-leon/general-escobedo/los-eucaliptos
66050,Los Saldañas,Colonia,General Escobedo,Nuevo León,Ciudad General Escobedo,Urbano,https://postali.app/mx/nuevo-leon/general-escobedo/los-saldanas
66050,Miravista,Colonia,General Escobedo,Nuevo León,Ciudad General Escobedo,Urbano,https://postali.app/mx/nuevo-leon/general-escobedo/miravista
66050,Privada Canteras,Fraccionamiento,General Escobedo,Nuevo León,Ciudad General Escobedo,Urbano,https://postali.app/mx/nuevo-leon/general-escobedo/privada-canteras
66050,Privada San Jorge,Fraccionamiento,General Escobedo,Nuevo León,Ciudad General Escobedo,Urbano,https://postali.app/mx/nuevo-leon/general-escobedo/privada-san-jorge
66050,Privadas Diamante,Fraccionamiento,General Escobedo,Nuevo León,Ciudad General Escobedo,Urbano,https://postali.app/mx/nuevo-leon/general-escobedo/privadas-diamante
66050,Rincón de Miravista,Fraccionamiento,General Escobedo,Nuevo León,Ciudad General Escobedo,Urbano,https://postali.app/mx/nuevo-leon/general-escobedo/rincon-de-miravista
66050,Shalom,Condominio,General Escobedo,Nuevo León,Ciudad General Escobedo,Urbano,https://postali.app/mx/nuevo-leon/general-escobedo/shalom
66050,Umara Residencial Sector 1,Fraccionamiento,General Escobedo,Nuevo León,Ciudad General Escobedo,Urbano,https://postali.app/mx/nuevo-leon/general-escobedo/umara-residencial-sector-1
66050,Umara Residencial Sector 2,Fraccionamiento,General Escobedo,Nuevo León,Ciudad General Escobedo,Urbano,https://postali.app/mx/nuevo-leon/general-escobedo/umara-residencial-sector-2
66050,Umara Residencial Sector 3,Fraccionamiento,General Escobedo,Nuevo León,Ciudad General Escobedo,Urbano,https://postali.app/mx/nuevo-leon/general-escobedo/umara-residencial-sector-3
66050,Villa Alta,Fraccionamiento,General Escobedo,Nuevo León,Ciudad General Escobedo,Urbano,https://postali.app/mx/nuevo-leon/general-escobedo/villa-alta
66051,Jardines de Escobedo I,Colonia,General Escobedo,Nuevo León,Ciudad General Escobedo,Urbano,https://postali.app/mx/nuevo-leon/general-escobedo/jardines-de-escobedo-i
66051,Plaza Sol,Condominio,General Escobedo,Nuevo León,Ciudad General Escobedo,Urbano,https://postali.app/mx/nuevo-leon/general-escobedo/plaza-sol
66052,Arboledas de Escobedo,Colonia,General Escobedo,Nuevo León,Ciudad General Escobedo,Urbano,https://postali.app/mx/nuevo-leon/general-escobedo/arboledas-de-escobedo
66052,Balcones del Norte,Colonia,General Escobedo,Nuevo León,Ciudad General Escobedo,Urbano,https://postali.app/mx/nuevo-leon/general-escobedo/balcones-del-norte
66052,Campiñas de Castilla,Colonia,General Escobedo,Nuevo León,Ciudad General Escobedo,Urbano,https://postali.app/mx/nuevo-leon/general-escobedo/campinas-de-castilla
66052,Desarrollo Industrial GP Tecnocentro,Zona industrial,General Escobedo,Nuevo León,Ciudad General Escobedo,Urbano,https://postali.app/mx/nuevo-leon/general-escobedo/desarrollo-industrial-gp-tecnocentro
66052,Emiliano Zapata,Colonia,General Escobedo,Nuevo León,Ciudad General Escobedo,Urbano,https://postali.app/mx/nuevo-leon/general-escobedo/emiliano-zapata
66052,Fernando Amilpa Predio,Colonia,General Escobedo,Nuevo León,Ciudad General Escobedo,Urbano,https://postali.app/mx/nuevo-leon/general-escobedo/fernando-amilpa-predio
66052,Jardines de la Reina,Colonia,General Escobedo,Nuevo León,Ciudad General Escobedo,Urbano,https://postali.app/mx/nuevo-leon/general-escobedo/jardines-de-la-reina
66052,La Hacienda los Cavacitos,Colonia,General Escobedo,Nuevo León,Ciudad General Escobedo,Urbano,https://postali.app/mx/nuevo-leon/general-escobedo/la-hacienda-los-cavacitos
66052,Los Altos,Colonia,General Escobedo,Nuevo León,Ciudad General Escobedo,Urbano,https://postali.app/mx/nuevo-leon/general-escobedo/los-altos
66052,Los Olivos,Fraccionamiento,General Escobedo,Nuevo León,Ciudad General Escobedo,Urbano,https://postali.app/mx/nuevo-leon/general-escobedo/los-olivos
66052,Mol del Yonke,Zona comercial,General Escobedo,Nuevo León,Ciudad General Escobedo,Urbano,https://postali.app/mx/nuevo-leon/general-escobedo/mol-del-yonke
66052,Niños Héroes,Colonia,General Escobedo,Nuevo León,Ciudad General Escobedo,Urbano,https://postali.app/mx/nuevo-leon/general-escobedo/ninos-heroes
66052,Nueva Castilla,Colonia,General Escobedo,Nuevo León,Ciudad General Escobedo,Urbano,https://postali.app/mx/nuevo-leon/general-escobedo/nueva-castilla
66052,Puerta de Anáhuac,Colonia,General Escobedo,Nuevo León,Ciudad General Escobedo,Urbano,https://postali.app/mx/nuevo-leon/general-escobedo/puerta-de-anahuac
66052,Rio Pesquería,Colonia,General Escobedo,Nuevo León,Ciudad General Escobedo,Urbano,https://postali.app/mx/nuevo-leon/general-escobedo/rio-pesqueria
66052,Sócrates Rizzo Unión de Comerciantes,Colonia,General Escobedo,Nuevo León,Ciudad General Escobedo,Urbano,https://postali.app/mx/nuevo-leon/general-escobedo/socrates-rizzo-union-de-comerciantes
66052,Unión de Alfareros,Colonia,General Escobedo,Nuevo León,Ciudad General Escobedo,Urbano,https://postali.app/mx/nuevo-leon/general-escobedo/union-de-alfareros
66052,Ébanos y Nueva Esperanza,Colonia,General Escobedo,Nuevo León,Ciudad General Escobedo,Urbano,https://postali.app/mx/nuevo-leon/general-escobedo/ebanos-y-nueva-esperanza
66053,Belisario Domínguez,Colonia,General Escobedo,Nuevo León,Ciudad General Escobedo,Urbano,https://postali.app/mx/nuevo-leon/general-escobedo/belisario-dominguez
66053,Centro Industrial IGS Escobedo,Zona industrial,General Escobedo,Nuevo León,Ciudad General Escobedo,Urbano,https://postali.app/mx/nuevo-leon/general-escobedo/centro-industrial-igs-escobedo
66053,Chamizal,Colonia,General Escobedo,Nuevo León,Ciudad General Escobedo,Urbano,https://postali.app/mx/nuevo-leon/general-escobedo/chamizal
66053,La Amistad Residencial,Fraccionamiento,General Escobedo,Nuevo León,Ciudad General Escobedo,Urbano,https://postali.app/mx/nuevo-leon/general-escobedo/la-amistad-residencial
66053,Los Girasoles II,Fraccionamiento,General Escobedo,Nuevo León,Ciudad General Escobedo,Urbano,https://postali.app/mx/nuevo-leon/general-escobedo/los-girasoles-ii
66053,Los Nogales,Colonia,General Escobedo,Nuevo León,Ciudad General Escobedo,Urbano,https://postali.app/mx/nuevo-leon/general-escobedo/los-nogales
66053,Lázaro Cárdenas Agropecuaria Sur,Colonia,General Escobedo,Nuevo León,Ciudad General Escobedo,Urbano,https://postali.app/mx/nuevo-leon/general-escobedo/lazaro-cardenas-agropecuaria-sur
66053,Parque Logístico Puerta del Norte,Zona industrial,General Escobedo,Nuevo León,Ciudad General Escobedo,Urbano,https://postali.app/mx/nuevo-leon/general-escobedo/parque-logistico-puerta-del-norte
66053,Privadas de San José,Fraccionamiento,General Escobedo,Nuevo León,Ciudad General Escobedo,Urbano,https://postali.app/mx/nuevo-leon/general-escobedo/privadas-de-san-jose
66053,Privadas del Los Sauces,Fraccionamiento,General Escobedo,Nuevo León,Ciudad General Escobedo,Urbano,https://postali.app/mx/nuevo-leon/general-escobedo/privadas-del-los-sauces
66053,Reserva Escobedo,Fraccionamiento,General Escobedo,Nuevo León,Ciudad General Escobedo,Urbano,https://postali.app/mx/nuevo-leon/general-escobedo/reserva-escobedo
66053,Rincón de las Encinas,Fraccionamiento,General Escobedo,Nuevo León,Ciudad General Escobedo,Urbano,https://postali.app/mx/nuevo-leon/general-escobedo/rincon-de-las-encinas
66053,San José de los Sauces,Colonia,General Escobedo,Nuevo León,Ciudad General Escobedo,Urbano,https://postali.app/mx/nuevo-leon/general-escobedo/san-jose-de-los-sauces
66053,Valle de Escobedo,Colonia,General Escobedo,Nuevo León,Ciudad General Escobedo,Urbano,https://postali.app/mx/nuevo-leon/general-escobedo/valle-de-escobedo
66053,Villa Castello,Fraccionamiento,General Escobedo,Nuevo León,Ciudad General Escobedo,Urbano,https://postali.app/mx/nuevo-leon/general-escobedo/villa-castello
66053,VYNMSA Escobedo Industrial Park,Zona industrial,General Escobedo,Nuevo León,Ciudad General Escobedo,Urbano,https://postali.app/mx/nuevo-leon/general-escobedo/vynmsa-escobedo-industrial-park
66054,Anáhuac Campoamor,Colonia,General Escobedo,Nuevo León,Ciudad General Escobedo,Urbano,https://postali.app/mx/nuevo-leon/general-escobedo/anahuac-campoamor
66054,Anáhuac la Pergola,Colonia,General Escobedo,Nuevo León,Ciudad General Escobedo,Urbano,https://postali.app/mx/nuevo-leon/general-escobedo/anahuac-la-pergola
66054,CPA Logistics Center Escobedo,Zona industrial,General Escobedo,Nuevo León,Ciudad General Escobedo,Urbano,https://postali.app/mx/nuevo-leon/general-escobedo/cpa-logistics-center-escobedo
66054,Ex-Hacienda el Canadá,Colonia,General Escobedo,Nuevo León,Ciudad General Escobedo,Urbano,https://postali.app/mx/nuevo-leon/general-escobedo/ex-hacienda-el-canada
66054,Haciendas del Canada,Colonia,General Escobedo,Nuevo León,Ciudad General Escobedo,Urbano,https://postali.app/mx/nuevo-leon/general-escobedo/haciendas-del-canada
66054,La Encomienda,Fraccionamiento,General Escobedo,Nuevo León,Ciudad General Escobedo,Urbano,https://postali.app/mx/nuevo-leon/general-escobedo/la-encomienda
66054,La Encomienda II,Fraccionamiento,General Escobedo,Nuevo León,Ciudad General Escobedo,Urbano,https://postali.app/mx/nuevo-leon/general-escobedo/la-encomienda-ii
66054,Puerta del Norte Residencial,Fraccionamiento,General Escobedo,Nuevo León,Ciudad General Escobedo,Urbano,https://postali.app/mx/nuevo-leon/general-escobedo/puerta-del-norte-residencial
66055,Caleido,Fraccionamiento,General Escobedo,Nuevo León,Ciudad General Escobedo,Urbano,https://postali.app/mx/nuevo-leon/general-escobedo/caleido
66055,California Residencial,Fraccionamiento,General Escobedo,Nuevo León,Ciudad General Escobedo,Urbano,https://postali.app/mx/nuevo-leon/general-escobedo/california-residencial
66055,Celestino Gasca,Colonia,General Escobedo,Nuevo León,Ciudad General Escobedo,Urbano,https://postali.app/mx/nuevo-leon/general-escobedo/celestino-gasca
66055,Haciendas de Anáhuac,Colonia,General Escobedo,Nuevo León,Ciudad General Escobedo,Urbano,https://postali.app/mx/nuevo-leon/general-escobedo/haciendas-de-anahuac
66055,INFONAVIT Felipe Carrillo Puerto,Fraccionamiento,General Escobedo,Nuevo León,Ciudad General Escobedo,Urbano,https://postali.app/mx/nuevo-leon/general-escobedo/infonavit-felipe-carrillo-puerto
66055,INFONAVIT Insurgentes,Colonia,General Escobedo,Nuevo León,Ciudad General Escobedo,Urbano,https://postali.app/mx/nuevo-leon/general-escobedo/infonavit-insurgentes
66055,INFONAVIT Topo Grande,Colonia,General Escobedo,Nuevo León,Ciudad General Escobedo,Urbano,https://postali.app/mx/nuevo-leon/general-escobedo/infonavit-topo-grande
66055,Joyas de Anáhuac,Colonia,General Escobedo,Nuevo León,Ciudad General Escobedo,Urbano,https://postali.app/mx/nuevo-leon/general-escobedo/joyas-de-anahuac
66055,Nexxus Residencial Sector Cristal,Colonia,General Escobedo,Nuevo León,Ciudad General Escobedo,Urbano,https://postali.app/mx/nuevo-leon/general-escobedo/nexxus-residencial-sector-cristal
66055,Nexxus Residencial Sector Diamante,Colonia,General Escobedo,Nuevo León,Ciudad General Escobedo,Urbano,https://postali.app/mx/nuevo-leon/general-escobedo/nexxus-residencial-sector-diamante
66055,Nexxus Residencial Sector Esmeralda,Fraccionamiento,General Escobedo,Nuevo León,Ciudad General Escobedo,Urbano,https://postali.app/mx/nuevo-leon/general-escobedo/nexxus-residencial-sector-esmeralda
66055,Nexxus Residencial Sector Platino,Fraccionamiento,General Escobedo,Nuevo León,Ciudad General Escobedo,Urbano,https://postali.app/mx/nuevo-leon/general-escobedo/nexxus-residencial-sector-platino
66055,Nexxus Residencial Sector Rubí,Fraccionamiento,General Escobedo,Nuevo León,Ciudad General Escobedo,Urbano,https://postali.app/mx/nuevo-leon/general-escobedo/nexxus-residencial-sector-rubi
66055,Nexxus Residencial Sector Zafiro,Fraccionamiento,General Escobedo,Nuevo León,Ciudad General Escobedo,Urbano,https://postali.app/mx/nuevo-leon/general-escobedo/nexxus-residencial-sector-zafiro
66055,Parque Industrial Nexxus XXI,Zona industrial,General Escobedo,Nuevo León,Ciudad General Escobedo,Urbano,https://postali.app/mx/nuevo-leon/general-escobedo/parque-industrial-nexxus-xxi
66055,Portal de Escobedo,Fraccionamiento,General Escobedo,Nuevo León,Ciudad General Escobedo,Urbano,https://postali.app/mx/nuevo-leon/general-escobedo/portal-de-escobedo
66055,Privadas Bougambilias,Colonia,General Escobedo,Nuevo León,Ciudad General Escobedo,Urbano,https://postali.app/mx/nuevo-leon/general-escobedo/privadas-bougambilias
66055,Privadas del Ángel,Fraccionamiento,General Escobedo,Nuevo León,Ciudad General Escobedo,Urbano,https://postali.app/mx/nuevo-leon/general-escobedo/privadas-del-angel
66055,Residencial Pinos,Colonia,General Escobedo,Nuevo León,Ciudad General Escobedo,Urbano,https://postali.app/mx/nuevo-leon/general-escobedo/residencial-pinos
66055,Roble Nuevo,Colonia,General Escobedo,Nuevo León,Ciudad General Escobedo,Urbano,https://postali.app/mx/nuevo-leon/general-escobedo/roble-nuevo
66055,Valle Nord,Fraccionamiento,General Escobedo,Nuevo León,Ciudad General Escobedo,Urbano,https://postali.app/mx/nuevo-leon/general-escobedo/valle-nord
66055,Villas de Escobedo II,Fraccionamiento,General Escobedo,Nuevo León,Ciudad General Escobedo,Urbano,https://postali.app/mx/nuevo-leon/general-escobedo/villas-de-escobedo-ii
66055,Villas Del Parque,Colonia,General Escobedo,Nuevo León,Ciudad General Escobedo,Urbano,https://postali.app/mx/nuevo-leon/general-escobedo/villas-del-parque
66056,Balcones de Anáhuac,Colonia,General Escobedo,Nuevo León,Ciudad General Escobedo,Urbano,https://postali.app/mx/nuevo-leon/general-escobedo/balcones-de-anahuac
66056,Bosques de Quebéc,Colonia,General Escobedo,Nuevo León,Ciudad General Escobedo,Urbano,https://postali.app/mx/nuevo-leon/general-escobedo/bosques-de-quebec
66056,Hilario Ayala Predio,Colonia,General Escobedo,Nuevo León,Ciudad General Escobedo,Urbano,https://postali.app/mx/nuevo-leon/general-escobedo/hilario-ayala-predio
66056,INFONAVIT Monterreal,Colonia,General Escobedo,Nuevo León,Ciudad General Escobedo,Urbano,https://postali.app/mx/nuevo-leon/general-escobedo/infonavit-monterreal
66056,Lomas de Escobedo,Colonia,General Escobedo,Nuevo León,Ciudad General Escobedo,Urbano,https://postali.app/mx/nuevo-leon/general-escobedo/lomas-de-escobedo
66056,Los Girasoles I,Fraccionamiento,General Escobedo,Nuevo León,Ciudad General Escobedo,Urbano,https://postali.app/mx/nuevo-leon/general-escobedo/los-girasoles-i
66056,Praderas de Girasoles,Colonia,General Escobedo,Nuevo León,Ciudad General Escobedo,Urbano,https://postali.app/mx/nuevo-leon/general-escobedo/praderas-de-girasoles
66056,Riberas de Girasoles,Fraccionamiento,General Escobedo,Nuevo León,Ciudad General Escobedo,Urbano,https://postali.app/mx/nuevo-leon/general-escobedo/riberas-de-girasoles
66056,Topo Grande,Colonia,General Escobedo,Nuevo León,Ciudad General Escobedo,Urbano,https://postali.app/mx/nuevo-leon/general-escobedo/topo-grande
66056,Valle de Girasoles,Colonia,General Escobedo,Nuevo León,Ciudad General Escobedo,Urbano,https://postali.app/mx/nuevo-leon/general-escobedo/valle-de-girasoles
66056,Villas de Escobedo,Colonia,General Escobedo,Nuevo León,Ciudad General Escobedo,Urbano,https://postali.app/mx/nuevo-leon/general-escobedo/villas-de-escobedo
66057,Fuentes de Escobedo,Fraccionamiento,General Escobedo,Nuevo León,Ciudad General Escobedo,Urbano,https://postali.app/mx/nuevo-leon/general-escobedo/fuentes-de-escobedo
66057,Hacienda Escobedo,Fraccionamiento,General Escobedo,Nuevo León,Ciudad General Escobedo,Urbano,https://postali.app/mx/nuevo-leon/general-escobedo/hacienda-escobedo
66057,Los Rincones Residencial,Fraccionamiento,General Escobedo,Nuevo León,Ciudad General Escobedo,Urbano,https://postali.app/mx/nuevo-leon/general-escobedo/los-rincones-residencial
66057,Novus Sendero,Fraccionamiento,General Escobedo,Nuevo León,Ciudad General Escobedo,Urbano,https://postali.app/mx/nuevo-leon/general-escobedo/novus-sendero
66057,Nuestra Señora de Fátima,Colonia,General Escobedo,Nuevo León,Ciudad General Escobedo,Urbano,https://postali.app/mx/nuevo-leon/general-escobedo/nuestra-senora-de-fatima
66057,Privada Residencial Aviana,Fraccionamiento,General Escobedo,Nuevo León,Ciudad General Escobedo,Urbano,https://postali.app/mx/nuevo-leon/general-escobedo/privada-residencial-aviana
66057,Residencial Escobedo,Fraccionamiento,General Escobedo,Nuevo León,Ciudad General Escobedo,Urbano,https://postali.app/mx/nuevo-leon/general-escobedo/residencial-escobedo
66057,Veneto Residencial,Fraccionamiento,General Escobedo,Nuevo León,Ciudad General Escobedo,Urbano,https://postali.app/mx/nuevo-leon/general-escobedo/veneto-residencial
66058,16 de Septiembre,Colonia,General Escobedo,Nuevo León,Ciudad General Escobedo,Urbano,https://postali.app/mx/nuevo-leon/general-escobedo/16-de-septiembre
66058,Ampliación Lázaro Cárdenas,Colonia,General Escobedo,Nuevo León,Ciudad General Escobedo,Urbano,https://postali.app/mx/nuevo-leon/general-escobedo/ampliacion-lazaro-cardenas
66058,Anáhuac San Patricio,Fraccionamiento,General Escobedo,Nuevo León,Ciudad General Escobedo,Urbano,https://postali.app/mx/nuevo-leon/general-escobedo/anahuac-san-patricio
66058,Dirona Aduana Interior,Zona industrial,General Escobedo,Nuevo León,Ciudad General Escobedo,Urbano,https://postali.app/mx/nuevo-leon/general-escobedo/dirona-aduana-interior
66058,INFONAVIT Ex-Hacienda el Canadá,Fraccionamiento,General Escobedo,Nuevo León,Ciudad General Escobedo,Urbano,https://postali.app/mx/nuevo-leon/general-escobedo/infonavit-ex-hacienda-el-canada
66058,Jardines de Escobedo III,Colonia,General Escobedo,Nuevo León,Ciudad General Escobedo,Urbano,https://postali.app/mx/nuevo-leon/general-escobedo/jardines-de-escobedo-iii
66058,La Loma,Colonia,General Escobedo,Nuevo León,Ciudad General Escobedo,Urbano,https://postali.app/mx/nuevo-leon/general-escobedo/la-loma
66058,Las Hadas,Fraccionamiento,General Escobedo,Nuevo León,Ciudad General Escobedo,Urbano,https://postali.app/mx/nuevo-leon/general-escobedo/las-hadas
66058,Las Malvinas,Colonia,General Escobedo,Nuevo León,Ciudad General Escobedo,Urbano,https://postali.app/mx/nuevo-leon/general-escobedo/las-malvinas
66058,Los Girasoles III,Fraccionamiento,General Escobedo,Nuevo León,Ciudad General Escobedo,Urbano,https://postali.app/mx/nuevo-leon/general-escobedo/los-girasoles-iii
66058,Lázaro Cárdenas,Colonia,General Escobedo,Nuevo León,Ciudad General Escobedo,Urbano,https://postali.app/mx/nuevo-leon/general-escobedo/lazaro-cardenas
66058,Mártires del 36,Colonia,General Escobedo,Nuevo León,Ciudad General Escobedo,Urbano,https://postali.app/mx/nuevo-leon/general-escobedo/martires-del-36
66058,Parque Industrial Nexxus Escobedo Center,Zona industrial,General Escobedo,Nuevo León,Ciudad General Escobedo,Urbano,https://postali.app/mx/nuevo-leon/general-escobedo/parque-industrial-nexxus-escobedo-center
66058,Praderas de Topo Grande,Colonia,General Escobedo,Nuevo León,Ciudad General Escobedo,Urbano,https://postali.app/mx/nuevo-leon/general-escobedo/praderas-de-topo-grande
66058,Salvaterra,Fraccionamiento,General Escobedo,Nuevo León,Ciudad General Escobedo,Urbano,https://postali.app/mx/nuevo-leon/general-escobedo/salvaterra
66058,Solidaridad,Colonia,General Escobedo,Nuevo León,Ciudad General Escobedo,Urbano,https://postali.app/mx/nuevo-leon/general-escobedo/solidaridad
66058,UCAM,Colonia,General Escobedo,Nuevo León,Ciudad General Escobedo,Urbano,https://postali.app/mx/nuevo-leon/general-escobedo/ucam
66059,Anáhuac Madeira,Fraccionamiento,General Escobedo,Nuevo León,Ciudad General Escobedo,Urbano,https://postali.app/mx/nuevo-leon/general-escobedo/anahuac-madeira
66059,Calzadas Anáhuac,Fraccionamiento,General Escobedo,Nuevo León,Ciudad General Escobedo,Urbano,https://postali.app/mx/nuevo-leon/general-escobedo/calzadas-anahuac
66059,Cerradas de Anáhuac,Fraccionamiento,General Escobedo,Nuevo León,Ciudad General Escobedo,Urbano,https://postali.app/mx/nuevo-leon/general-escobedo/cerradas-de-anahuac
66059,Cerradas de Anáhuac Sector Contemporáneo,Fraccionamiento,General Escobedo,Nuevo León,Ciudad General Escobedo,Urbano,https://postali.app/mx/nuevo-leon/general-escobedo/cerradas-de-anahuac-sector-contemporaneo
66059,Cerradas de Anáhuac Sector Premier,Fraccionamiento,General Escobedo,Nuevo León,Ciudad General Escobedo,Urbano,https://postali.app/mx/nuevo-leon/general-escobedo/cerradas-de-anahuac-sector-premier
66059,El Centenario,Colonia,General Escobedo,Nuevo León,Ciudad General Escobedo,Urbano,https://postali.app/mx/nuevo-leon/general-escobedo/el-centenario
66059,Hacienda los Cantú,Fraccionamiento,General Escobedo,Nuevo León,Ciudad General Escobedo,Urbano,https://postali.app/mx/nuevo-leon/general-escobedo/hacienda-los-cantu
66059,La Cantera Privada Residencial,Fraccionamiento,General Escobedo,Nuevo León,Ciudad General Escobedo,Urbano,https://postali.app/mx/nuevo-leon/general-escobedo/la-cantera-privada-residencial
66059,Misión de Anáhuac,Fraccionamiento,General Escobedo,Nuevo León,Ciudad General Escobedo,Urbano,https://postali.app/mx/nuevo-leon/general-escobedo/mision-de-anahuac
66059,Nexxus Residencial Sector Dorado,Colonia,General Escobedo,Nuevo León,Ciudad General Escobedo,Urbano,https://postali.app/mx/nuevo-leon/general-escobedo/nexxus-residencial-sector-dorado
66059,Paraje Anáhuac,Fraccionamiento,General Escobedo,Nuevo León,Ciudad General Escobedo,Urbano,https://postali.app/mx/nuevo-leon/general-escobedo/paraje-anahuac
66059,Privadas de Anáhuac Sector Español,Fraccionamiento,General Escobedo,Nuevo León,Ciudad General Escobedo,Urbano,https://postali.app/mx/nuevo-leon/general-escobedo/privadas-de-anahuac-sector-espanol
66059,Privadas de Anáhuac Sector Francés,Fraccionamiento,General Escobedo,Nuevo León,Ciudad General Escobedo,Urbano,https://postali.app/mx/nuevo-leon/general-escobedo/privadas-de-anahuac-sector-frances
66059,Privadas de Anáhuac Sector Himalaya,Fraccionamiento,General Escobedo,Nuevo León,Ciudad General Escobedo,Urbano,https://postali.app/mx/nuevo-leon/general-escobedo/privadas-de-anahuac-sector-himalaya
66059,Privadas de Anáhuac Sector Inglés,Fraccionamiento,General Escobedo,Nuevo León,Ciudad General Escobedo,Urbano,https://postali.app/mx/nuevo-leon/general-escobedo/privadas-de-anahuac-sector-ingles
66059,Privadas de Anáhuac Sector Irlandes,Colonia,General Escobedo,Nuevo León,Ciudad General Escobedo,Urbano,https://postali.app/mx/nuevo-leon/general-escobedo/privadas-de-anahuac-sector-irlandes
66059,Privadas de Anáhuac Sector Mediterráneo,Fraccionamiento,General Escobedo,Nuevo León,Ciudad General Escobedo,Urbano,https://postali.app/mx/nuevo-leon/general-escobedo/privadas-de-anahuac-sector-mediterraneo
66059,Privadas de Anáhuac Sector Niza,Fraccionamiento,General Escobedo,Nuevo León,Ciudad General Escobedo,Urbano,https://postali.app/mx/nuevo-leon/general-escobedo/privadas-de-anahuac-sector-niza
66059,Privadas de Anáhuac Sector Tíbet,Fraccionamiento,General Escobedo,Nuevo León,Ciudad General Escobedo,Urbano,https://postali.app/mx/nuevo-leon/general-escobedo/privadas-de-anahuac-sector-tibet
66059,Privadas de Lindora,Colonia,General Escobedo,Nuevo León,Ciudad General Escobedo,Urbano,https://postali.app/mx/nuevo-leon/general-escobedo/privadas-de-lindora
66059,Privadas del Canadá,Fraccionamiento,General Escobedo,Nuevo León,Ciudad General Escobedo,Urbano,https://postali.app/mx/nuevo-leon/general-escobedo/privadas-del-canada
66059,Quintas de Anáhuac,Fraccionamiento,General Escobedo,Nuevo León,Ciudad General Escobedo,Urbano,https://postali.app/mx/nuevo-leon/general-escobedo/quintas-de-anahuac
66059,Valle del Canadá,Colonia,General Escobedo,Nuevo León,Ciudad General Escobedo,Urbano,https://postali.app/mx/nuevo-leon/general-escobedo/valle-del-canada
66059,Villas de Anáhuac,Fraccionamiento,General Escobedo,Nuevo León,Ciudad General Escobedo,Urbano,https://postali.app/mx/nuevo-leon/general-escobedo/villas-de-anahuac
66059,Villas de Anáhuac Sector Alpes,Fraccionamiento,General Escobedo,Nuevo León,Ciudad General Escobedo,Urbano,https://postali.app/mx/nuevo-leon/general-escobedo/villas-de-anahuac-sector-alpes
66061,Jardines de San Martín,Colonia,General Escobedo,Nuevo León,Ciudad General Escobedo,Urbano,https://postali.app/mx/nuevo-leon/general-escobedo/jardines-de-san-martin
66061,Pedregal de Escobedo,Fraccionamiento,General Escobedo,Nuevo León,Ciudad General Escobedo,Urbano,https://postali.app/mx/nuevo-leon/general-escobedo/pedregal-de-escobedo
66061,Pedregal del Topo Chico (Fomerrey 52),Colonia,General Escobedo,Nuevo León,Ciudad General Escobedo,Urbano,https://postali.app/mx/nuevo-leon/general-escobedo/pedregal-del-topo-chico-fomerrey-52
66061,San Martín,Colonia,General Escobedo,Nuevo León,Ciudad General Escobedo,Urbano,https://postali.app/mx/nuevo-leon/general-escobedo/san-martin
66062,Gloria Mendiola,Colonia,General Escobedo,Nuevo León,Ciudad General Escobedo,Urbano,https://postali.app/mx/nuevo-leon/general-escobedo/gloria-mendiola
66062,Hacienda la Providencia,Fraccionamiento,General Escobedo,Nuevo León,Ciudad General Escobedo,Urbano,https://postali.app/mx/nuevo-leon/general-escobedo/hacienda-la-providencia
66062,La Isla,Colonia,General Escobedo,Nuevo León,Ciudad General Escobedo,Urbano,https://postali.app/mx/nuevo-leon/general-escobedo/la-isla
66062,Las Villas,Fraccionamiento,General Escobedo,Nuevo León,Ciudad General Escobedo,Urbano,https://postali.app/mx/nuevo-leon/general-escobedo/las-villas
66062,Parque Industrial Escobedo,Zona industrial,General Escobedo,Nuevo León,Ciudad General Escobedo,Urbano,https://postali.app/mx/nuevo-leon/general-escobedo/parque-industrial-escobedo
66062,Parque Industrial Periférico,Zona industrial,General Escobedo,Nuevo León,Ciudad General Escobedo,Urbano,https://postali.app/mx/nuevo-leon/general-escobedo/parque-industrial-periferico
66062,Paso Cucharas,Colonia,General Escobedo,Nuevo León,Ciudad General Escobedo,Urbano,https://postali.app/mx/nuevo-leon/general-escobedo/paso-cucharas
66062,San Miguel Residencial,Fraccionamiento,General Escobedo,Nuevo León,Ciudad General Escobedo,Urbano,https://postali.app/mx/nuevo-leon/general-escobedo/san-miguel-residencial
66062,Villas de San Francisco,Fraccionamiento,General Escobedo,Nuevo León,Ciudad General Escobedo,Urbano,https://postali.app/mx/nuevo-leon/general-escobedo/villas-de-san-francisco
66063,19 de Julio,Colonia,General Escobedo,Nuevo León,Ciudad General Escobedo,Urbano,https://postali.app/mx/nuevo-leon/general-escobedo/19-de-julio
66063,5 de Mayo,Colonia,General Escobedo,Nuevo León,Ciudad General Escobedo,Urbano,https://postali.app/mx/nuevo-leon/general-escobedo/5-de-mayo
66063,Balcones del Río,Colonia,General Escobedo,Nuevo León,Ciudad General Escobedo,Urbano,https://postali.app/mx/nuevo-leon/general-escobedo/balcones-del-rio
66063,San Isidro,Colonia,General Escobedo,Nuevo León,Ciudad General Escobedo,Urbano,https://postali.app/mx/nuevo-leon/general-escobedo/san-isidro
66064,18 de Octubre,Colonia,General Escobedo,Nuevo León,Ciudad General Escobedo,Urbano,https://postali.app/mx/nuevo-leon/general-escobedo/18-de-octubre
66064,Centro Logístico Libramiento,Zona industrial,General Escobedo,Nuevo León,Ciudad General Escobedo,Urbano,https://postali.app/mx/nuevo-leon/general-escobedo/centro-logistico-libramiento
66064,Ciudad San Marcos,Fraccionamiento,General Escobedo,Nuevo León,Ciudad General Escobedo,Urbano,https://postali.app/mx/nuevo-leon/general-escobedo/ciudad-san-marcos
66064,Ciudad San Marcos Sector Pionero,Fraccionamiento,General Escobedo,Nuevo León,Ciudad General Escobedo,Urbano,https://postali.app/mx/nuevo-leon/general-escobedo/ciudad-san-marcos-sector-pionero
66064,La Concordia,Fraccionamiento,General Escobedo,Nuevo León,Ciudad General Escobedo,Urbano,https://postali.app/mx/nuevo-leon/general-escobedo/la-concordia
66064,La Unidad (Fomerrey),Unidad habitacional,General Escobedo,Nuevo León,Ciudad General Escobedo,Urbano,https://postali.app/mx/nuevo-leon/general-escobedo/la-unidad-fomerrey
66064,Las Flores,Fraccionamiento,General Escobedo,Nuevo León,Ciudad General Escobedo,Urbano,https://postali.app/mx/nuevo-leon/general-escobedo/las-flores
66064,Los Vergeles,Fraccionamiento,General Escobedo,Nuevo León,Ciudad General Escobedo,Urbano,https://postali.app/mx/nuevo-leon/general-escobedo/los-vergeles
66064,Nueva Esperanza (Fomerrey 193),Colonia,General Escobedo,Nuevo León,Ciudad General Escobedo,Urbano,https://postali.app/mx/nuevo-leon/general-escobedo/nueva-esperanza-fomerrey-193
66064,Nuevo Escobedo,Colonia,General Escobedo,Nuevo León,Ciudad General Escobedo,Urbano,https://postali.app/mx/nuevo-leon/general-escobedo/nuevo-escobedo
66064,Portal del Fraile,Fraccionamiento,General Escobedo,Nuevo León,Ciudad General Escobedo,Urbano,https://postali.app/mx/nuevo-leon/general-escobedo/portal-del-fraile
66064,Privadas de Camino Real,Colonia,General Escobedo,Nuevo León,Ciudad General Escobedo,Urbano,https://postali.app/mx/nuevo-leon/general-escobedo/privadas-de-camino-real
66064,Riveras de los Naranjos,Colonia,General Escobedo,Nuevo León,Ciudad General Escobedo,Urbano,https://postali.app/mx/nuevo-leon/general-escobedo/riveras-de-los-naranjos
66064,San Marcos,Fraccionamiento,General Escobedo,Nuevo León,Ciudad General Escobedo,Urbano,https://postali.app/mx/nuevo-leon/general-escobedo/san-marcos
66064,Santa Martha (Fomerrey 191),Colonia,General Escobedo,Nuevo León,Ciudad General Escobedo,Urbano,https://postali.app/mx/nuevo-leon/general-escobedo/santa-martha-fomerrey-191
66064,Valle de San Francisco,Fraccionamiento,General Escobedo,Nuevo León,Ciudad General Escobedo,Urbano,https://postali.app/mx/nuevo-leon/general-escobedo/valle-de-san-francisco
66064,Vida,Colonia,General Escobedo,Nuevo León,Ciudad General Escobedo,Urbano,https://postali.app/mx/nuevo-leon/general-escobedo/vida
66064,Villas de San Martín,Colonia,General Escobedo,Nuevo León,Ciudad General Escobedo,Urbano,https://postali.app/mx/nuevo-leon/general-escobedo/villas-de-san-martin
66065,Colinas de Topo Chico (Fomerrey 49),Colonia,General Escobedo,Nuevo León,Ciudad General Escobedo,Urbano,https://postali.app/mx/nuevo-leon/general-escobedo/colinas-de-topo-chico-fomerrey-49
66065,Eulalio Villarreal Ayala,Colonia,General Escobedo,Nuevo León,Ciudad General Escobedo,Urbano,https://postali.app/mx/nuevo-leon/general-escobedo/eulalio-villarreal-ayala
66065,La Ilusión,Colonia,General Escobedo,Nuevo León,Ciudad General Escobedo,Urbano,https://postali.app/mx/nuevo-leon/general-escobedo/la-ilusion
66065,Laderas de Topo Chico,Colonia,General Escobedo,Nuevo León,Ciudad General Escobedo,Urbano,https://postali.app/mx/nuevo-leon/general-escobedo/laderas-de-topo-chico
66065,Santa Lucía (Fomerrey 154),Colonia,General Escobedo,Nuevo León,Ciudad General Escobedo,Urbano,https://postali.app/mx/nuevo-leon/general-escobedo/santa-lucia-fomerrey-154
66065,Serranías,Fraccionamiento,General Escobedo,Nuevo León,Ciudad General Escobedo,Urbano,https://postali.app/mx/nuevo-leon/general-escobedo/serranias
66068,Balcones de San Patricio,Fraccionamiento,General Escobedo,Nuevo León,Ciudad General Escobedo,Urbano,https://postali.app/mx/nuevo-leon/general-escobedo/balcones-de-san-patricio
66068,Los Alebrijes,Fraccionamiento,General Escobedo,Nuevo León,Ciudad General Escobedo,Urbano,https://postali.app/mx/nuevo-leon/general-escobedo/los-alebrijes
66068,Pedregal de San Agustín,Fraccionamiento,General Escobedo,Nuevo León,Ciudad General Escobedo,Urbano,https://postali.app/mx/nuevo-leon/general-escobedo/pedregal-de-san-agustin
66068,Rincón de San Patricio,Fraccionamiento,General Escobedo,Nuevo León,Ciudad General Escobedo,Urbano,https://postali.app/mx/nuevo-leon/general-escobedo/rincon-de-san-patricio
66070,Brianzzas Residencial Segundo Sector,Fraccionamiento,General Escobedo,Nuevo León,Ciudad General Escobedo,Urbano,https://postali.app/mx/nuevo-leon/general-escobedo/brianzzas-residencial-segundo-sector
66070,Brianzzas Residencial Tercer Sector,Fraccionamiento,General Escobedo,Nuevo León,Ciudad General Escobedo,Urbano,https://postali.app/mx/nuevo-leon/general-escobedo/brianzzas-residencial-tercer-sector
66070,Lomas de San Genaro,Colonia,General Escobedo,Nuevo León,Ciudad General Escobedo,Urbano,https://postali.app/mx/nuevo-leon/general-escobedo/lomas-de-san-genaro
66070,Monte Horeb,Colonia,General Escobedo,Nuevo León,Ciudad General Escobedo,Urbano,https://postali.app/mx/nuevo-leon/general-escobedo/monte-horeb
66070,Muriel Residencial,Fraccionamiento,General Escobedo,Nuevo León,Ciudad General Escobedo,Urbano,https://postali.app/mx/nuevo-leon/general-escobedo/muriel-residencial
66070,Provileon,Colonia,General Escobedo,Nuevo León,Ciudad General Escobedo,Urbano,https://postali.app/mx/nuevo-leon/general-escobedo/provileon
66070,Puerta del Sol,Fraccionamiento,General Escobedo,Nuevo León,Ciudad General Escobedo,Urbano,https://postali.app/mx/nuevo-leon/general-escobedo/puerta-del-sol
66070,Santaluz,Colonia,General Escobedo,Nuevo León,Ciudad General Escobedo,Urbano,https://postali.app/mx/nuevo-leon/general-escobedo/santaluz
66070,Villa de los Ayala,Colonia,General Escobedo,Nuevo León,Ciudad General Escobedo,Urbano,https://postali.app/mx/nuevo-leon/general-escobedo/villa-de-los-ayala
66070,Villas Mirasur,Fraccionamiento,General Escobedo,Nuevo León,Ciudad General Escobedo,Urbano,https://postali.app/mx/nuevo-leon/general-escobedo/villas-mirasur
66072,Bosques de Escobedo,Colonia,General Escobedo,Nuevo León,Ciudad General Escobedo,Urbano,https://postali.app/mx/nuevo-leon/general-escobedo/bosques-de-escobedo
66072,Brianzzas Residencial,Fraccionamiento,General Escobedo,Nuevo León,Ciudad General Escobedo,Urbano,https://postali.app/mx/nuevo-leon/general-escobedo/brianzzas-residencial
66072,Cortijo los Ayala,Fraccionamiento,General Escobedo,Nuevo León,Ciudad General Escobedo,Urbano,https://postali.app/mx/nuevo-leon/general-escobedo/cortijo-los-ayala
66072,Hacienda del Topo,Colonia,General Escobedo,Nuevo León,Ciudad General Escobedo,Urbano,https://postali.app/mx/nuevo-leon/general-escobedo/hacienda-del-topo
66072,Hacienda el Vergel,Fraccionamiento,General Escobedo,Nuevo León,Ciudad General Escobedo,Urbano,https://postali.app/mx/nuevo-leon/general-escobedo/hacienda-el-vergel
66072,Hacienda los Ayala,Colonia,General Escobedo,Nuevo León,Ciudad General Escobedo,Urbano,https://postali.app/mx/nuevo-leon/general-escobedo/hacienda-los-ayala
66072,La Providencia,Fraccionamiento,General Escobedo,Nuevo León,Ciudad General Escobedo,Urbano,https://postali.app/mx/nuevo-leon/general-escobedo/la-providencia
66072,Los Agaves,Condominio,General Escobedo,Nuevo León,Ciudad General Escobedo,Urbano,https://postali.app/mx/nuevo-leon/general-escobedo/los-agaves
66072,Mirador del Valle,Fraccionamiento,General Escobedo,Nuevo León,Ciudad General Escobedo,Urbano,https://postali.app/mx/nuevo-leon/general-escobedo/mirador-del-valle
66072,Mirasur II,Fraccionamiento,General Escobedo,Nuevo León,Ciudad General Escobedo,Urbano,https://postali.app/mx/nuevo-leon/general-escobedo/mirasur-ii
66072,Parque Industrial Libramiento,Zona industrial,General Escobedo,Nuevo León,Ciudad General Escobedo,Urbano,https://postali.app/mx/nuevo-leon/general-escobedo/parque-industrial-libramiento
66072,Paseo Real,Fraccionamiento,General Escobedo,Nuevo León,Ciudad General Escobedo,Urbano,https://postali.app/mx/nuevo-leon/general-escobedo/paseo-real
66072,Progreso Paso Cucharas,Colonia,General Escobedo,Nuevo León,Ciudad General Escobedo,Urbano,https://postali.app/mx/nuevo-leon/general-escobedo/progreso-paso-cucharas
66072,Quinto Centenario,Colonia,General Escobedo,Nuevo León,Ciudad General Escobedo,Urbano,https://postali.app/mx/nuevo-leon/general-escobedo/quinto-centenario
66072,Renacimiento,Fraccionamiento,General Escobedo,Nuevo León,Ciudad General Escobedo,Urbano,https://postali.app/mx/nuevo-leon/general-escobedo/renacimiento
66073,Adelitas de Villa,Colonia,General Escobedo,Nuevo León,Ciudad General Escobedo,Urbano,https://postali.app/mx/nuevo-leon/general-escobedo/adelitas-de-villa
66073,Colinas de Anáhuac,Fraccionamiento,General Escobedo,Nuevo León,Ciudad General Escobedo,Urbano,https://postali.app/mx/nuevo-leon/general-escobedo/colinas-de-anahuac
66073,INFONAVIT San Genaro,Colonia,General Escobedo,Nuevo León,Ciudad General Escobedo,Urbano,https://postali.app/mx/nuevo-leon/general-escobedo/infonavit-san-genaro
66073,Las Lomas,Fraccionamiento,General Escobedo,Nuevo León,Ciudad General Escobedo,Urbano,https://postali.app/mx/nuevo-leon/general-escobedo/las-lomas
66073,Lomas de Aztlán (Fomerrey 153),Colonia,General Escobedo,Nuevo León,Ciudad General Escobedo,Urbano,https://postali.app/mx/nuevo-leon/general-escobedo/lomas-de-aztlan-fomerrey-153
66073,Los Girasoles IV,Fraccionamiento,General Escobedo,Nuevo León,Ciudad General Escobedo,Urbano,https://postali.app/mx/nuevo-leon/general-escobedo/los-girasoles-iv
66073,Santa Julia,Fraccionamiento,General Escobedo,Nuevo León,Ciudad General Escobedo,Urbano,https://postali.app/mx/nuevo-leon/general-escobedo/santa-julia
66073,Solidaridad Social (Fomerrey 9),Colonia,General Escobedo,Nuevo León,Ciudad General Escobedo,Urbano,https://postali.app/mx/nuevo-leon/general-escobedo/solidaridad-social-fomerrey-9
66074,Mirasur,Fraccionamiento,General Escobedo,Nuevo León,Ciudad General Escobedo,Urbano,https://postali.app/mx/nuevo-leon/general-escobedo/mirasur
66075,Raúl Caballero (Fomerrey 36),Colonia,General Escobedo,Nuevo León,Ciudad General Escobedo,Urbano,https://postali.app/mx/nuevo-leon/general-escobedo/raul-caballero-fomerrey-36
66080,Andrés Caballero Moreno Agropecuaria,Colonia,General Escobedo,Nuevo León,Ciudad General Escobedo,Urbano,https://postali.app/mx/nuevo-leon/general-escobedo/andres-caballero-moreno-agropecuaria
66080,Parque Industrial GP Escobedo SIC,Zona industrial,General Escobedo,Nuevo León,Ciudad General Escobedo,Urbano,https://postali.app/mx/nuevo-leon/general-escobedo/parque-industrial-gp-escobedo-sic
66083,Navistar,Zona industrial,General Escobedo,Nuevo León,Ciudad General Escobedo,Rural,https://postali.app/mx/nuevo-leon/general-escobedo/navistar
66083,VYNMSA Escobedo Industrial Park II,Zona industrial,General Escobedo,Nuevo León,Ciudad General Escobedo,Urbano,https://postali.app/mx/nuevo-leon/general-escobedo/vynmsa-escobedo-industrial-park-ii
66083,Zona Industrial,Zona industrial,General Escobedo,Nuevo León,Ciudad General Escobedo,Urbano,https://postali.app/mx/nuevo-leon/general-escobedo/zona-industrial
66084,Alianza Real,Colonia,General Escobedo,Nuevo León,Ciudad General Escobedo,Urbano,https://postali.app/mx/nuevo-leon/general-escobedo/alianza-real
66084,Laderas de San Miguel,Fraccionamiento,General Escobedo,Nuevo León,Ciudad General Escobedo,Urbano,https://postali.app/mx/nuevo-leon/general-escobedo/laderas-de-san-miguel
66084,Nuevo León Estado de Progreso,Fraccionamiento,General Escobedo,Nuevo León,Ciudad General Escobedo,Urbano,https://postali.app/mx/nuevo-leon/general-escobedo/nuevo-leon-estado-de-progreso
66084,Palmiras,Fraccionamiento,General Escobedo,Nuevo León,Ciudad General Escobedo,Urbano,https://postali.app/mx/nuevo-leon/general-escobedo/palmiras
66084,Portal de San Francisco,Fraccionamiento,General Escobedo,Nuevo León,Ciudad General Escobedo,Urbano,https://postali.app/mx/nuevo-leon/general-escobedo/portal-de-san-francisco
66084,Privadas de Camino Real II,Fraccionamiento,General Escobedo,Nuevo León,Ciudad General Escobedo,Urbano,https://postali.app/mx/nuevo-leon/general-escobedo/privadas-de-camino-real-ii
66084,Puerta del Sol,Colonia,General Escobedo,Nuevo León,Ciudad General Escobedo,Urbano,https://postali.app/mx/nuevo-leon/general-escobedo/puerta-del-sol-66084
66084,Real de los Agaves,Fraccionamiento,General Escobedo,Nuevo León,Ciudad General Escobedo,Urbano,https://postali.app/mx/nuevo-leon/general-escobedo/real-de-los-agaves
66084,San Miguel del Parque,Fraccionamiento,General Escobedo,Nuevo León,Ciudad General Escobedo,Urbano,https://postali.app/mx/nuevo-leon/general-escobedo/san-miguel-del-parque
66084,Solana Residencial,Fraccionamiento,General Escobedo,Nuevo León,Ciudad General Escobedo,Urbano,https://postali.app/mx/nuevo-leon/general-escobedo/solana-residencial
66084,Unión Agropecuarios Lázaro Cárdenas del Norte,Colonia,General Escobedo,Nuevo León,Ciudad General Escobedo,Urbano,https://postali.app/mx/nuevo-leon/general-escobedo/union-agropecuarios-lazaro-cardenas-del-norte
66085,Monclova Primer Sector,Colonia,General Escobedo,Nuevo León,,Urbano,https://postali.app/mx/nuevo-leon/general-escobedo/monclova-primer-sector
66085,Monclova Segundo Sector,Colonia,General Escobedo,Nuevo León,,Urbano,https://postali.app/mx/nuevo-leon/general-escobedo/monclova-segundo-sector
66085,Portal de Piedra,Colonia,General Escobedo,Nuevo León,,Urbano,https://postali.app/mx/nuevo-leon/general-escobedo/portal-de-piedra
66085,Praderas de San Francisco,Fraccionamiento,General Escobedo,Nuevo León,,Urbano,https://postali.app/mx/nuevo-leon/general-escobedo/praderas-de-san-francisco
66085,Residencial San Francisco,Fraccionamiento,General Escobedo,Nuevo León,,Urbano,https://postali.app/mx/nuevo-leon/general-escobedo/residencial-san-francisco
66085,San Miguel de los Garza,Colonia,General Escobedo,Nuevo León,,Urbano,https://postali.app/mx/nuevo-leon/general-escobedo/san-miguel-de-los-garza
66085,San Miguel de los Garza (La Luz),Colonia,General Escobedo,Nuevo León,,Rural,https://postali.app/mx/nuevo-leon/general-escobedo/san-miguel-de-los-garza-la-luz
66085,Unión de Colonos Santana,Colonia,General Escobedo,Nuevo León,,Rural,https://postali.app/mx/nuevo-leon/general-escobedo/union-de-colonos-santana
66085,Valle de San Miguel,Colonia,General Escobedo,Nuevo León,,Urbano,https://postali.app/mx/nuevo-leon/general-escobedo/valle-de-san-miguel
66085,Vistas del Parque,Fraccionamiento,General Escobedo,Nuevo León,,Urbano,https://postali.app/mx/nuevo-leon/general-escobedo/vistas-del-parque
66100,La Fama,Colonia,Santa Catarina,Nuevo León,Ciudad Santa Catarina,Urbano,https://postali.app/mx/nuevo-leon/santa-catarina/la-fama
66100,Privada Acueducto,Colonia,Santa Catarina,Nuevo León,Ciudad Santa Catarina,Urbano,https://postali.app/mx/nuevo-leon/santa-catarina/privada-acueducto
66100,Privada Antigua,Colonia,Santa Catarina,Nuevo León,Ciudad Santa Catarina,Urbano,https://postali.app/mx/nuevo-leon/santa-catarina/privada-antigua
66100,Privada La Bolita,Colonia,Santa Catarina,Nuevo León,Ciudad Santa Catarina,Urbano,https://postali.app/mx/nuevo-leon/santa-catarina/privada-la-bolita
66110,Cimas del Poniente,Colonia,Santa Catarina,Nuevo León,Ciudad Santa Catarina,Urbano,https://postali.app/mx/nuevo-leon/santa-catarina/cimas-del-poniente
66114,Cerro de las Mitras,Colonia,Santa Catarina,Nuevo León,Ciudad Santa Catarina,Urbano,https://postali.app/mx/nuevo-leon/santa-catarina/cerro-de-las-mitras
66114,Cima de las Mitras,Colonia,Santa Catarina,Nuevo León,Ciudad Santa Catarina,Urbano,https://postali.app/mx/nuevo-leon/santa-catarina/cima-de-las-mitras
66115,Jardín de las Mitras,Colonia,Santa Catarina,Nuevo León,Ciudad Santa Catarina,Urbano,https://postali.app/mx/nuevo-leon/santa-catarina/jardin-de-las-mitras
66116,Fama II,Colonia,Santa Catarina,Nuevo León,Ciudad Santa Catarina,Urbano,https://postali.app/mx/nuevo-leon/santa-catarina/fama-ii
66116,Fama IV,Fraccionamiento,Santa Catarina,Nuevo León,Ciudad Santa Catarina,Urbano,https://postali.app/mx/nuevo-leon/santa-catarina/fama-iv
66116,Fama V,Colonia,Santa Catarina,Nuevo León,Ciudad Santa Catarina,Urbano,https://postali.app/mx/nuevo-leon/santa-catarina/fama-v
66117,La Fama 1,Colonia,Santa Catarina,Nuevo León,Ciudad Santa Catarina,Urbano,https://postali.app/mx/nuevo-leon/santa-catarina/la-fama-1
66118,Eugenio Canavati CTM,Colonia,Santa Catarina,Nuevo León,Ciudad Santa Catarina,Urbano,https://postali.app/mx/nuevo-leon/santa-catarina/eugenio-canavati-ctm
66118,Fama III,Colonia,Santa Catarina,Nuevo León,Ciudad Santa Catarina,Urbano,https://postali.app/mx/nuevo-leon/santa-catarina/fama-iii
66119,Arboledas de las Mitras,Colonia,Santa Catarina,Nuevo León,Ciudad Santa Catarina,Urbano,https://postali.app/mx/nuevo-leon/santa-catarina/arboledas-de-las-mitras
66119,Cañada Brasil,Barrio,Santa Catarina,Nuevo León,Ciudad Santa Catarina,Urbano,https://postali.app/mx/nuevo-leon/santa-catarina/canada-brasil
66119,Lomas de La Fama,Colonia,Santa Catarina,Nuevo León,Ciudad Santa Catarina,Urbano,https://postali.app/mx/nuevo-leon/santa-catarina/lomas-de-la-fama
66119,Lomas Del Mirador,Colonia,Santa Catarina,Nuevo León,Ciudad Santa Catarina,Urbano,https://postali.app/mx/nuevo-leon/santa-catarina/lomas-del-mirador
66120,Los Portales,Colonia,Santa Catarina,Nuevo León,Ciudad Santa Catarina,Urbano,https://postali.app/mx/nuevo-leon/santa-catarina/los-portales
66120,San Humberto,Colonia,Santa Catarina,Nuevo León,Ciudad Santa Catarina,Urbano,https://postali.app/mx/nuevo-leon/santa-catarina/san-humberto
66120,Villas de San Humberto,Colonia,Santa Catarina,Nuevo León,Ciudad Santa Catarina,Urbano,https://postali.app/mx/nuevo-leon/santa-catarina/villas-de-san-humberto
66120,Villas los Portales,Colonia,Santa Catarina,Nuevo León,Ciudad Santa Catarina,Urbano,https://postali.app/mx/nuevo-leon/santa-catarina/villas-los-portales
66129,Altica,Fraccionamiento,Santa Catarina,Nuevo León,Ciudad Santa Catarina,Urbano,https://postali.app/mx/nuevo-leon/santa-catarina/altica
66129,Cooperativa la Unión,Colonia,Santa Catarina,Nuevo León,Ciudad Santa Catarina,Urbano,https://postali.app/mx/nuevo-leon/santa-catarina/cooperativa-la-union
66129,La Ermita,Colonia,Santa Catarina,Nuevo León,Ciudad Santa Catarina,Urbano,https://postali.app/mx/nuevo-leon/santa-catarina/la-ermita
66129,Prados de San Jorge,Colonia,Santa Catarina,Nuevo León,Ciudad Santa Catarina,Urbano,https://postali.app/mx/nuevo-leon/santa-catarina/prados-de-san-jorge
66129,Privadas del Poniente,Fraccionamiento,Santa Catarina,Nuevo León,Ciudad Santa Catarina,Urbano,https://postali.app/mx/nuevo-leon/santa-catarina/privadas-del-poniente
66129,Provivienda del Poniente Sector Dos,Colonia,Santa Catarina,Nuevo León,Ciudad Santa Catarina,Urbano,https://postali.app/mx/nuevo-leon/santa-catarina/provivienda-del-poniente-sector-dos
66129,Provivienda del Poniente Sector Tres,Colonia,Santa Catarina,Nuevo León,Ciudad Santa Catarina,Urbano,https://postali.app/mx/nuevo-leon/santa-catarina/provivienda-del-poniente-sector-tres
66129,Provivienda del Poniente Sector Uno,Colonia,Santa Catarina,Nuevo León,Ciudad Santa Catarina,Urbano,https://postali.app/mx/nuevo-leon/santa-catarina/provivienda-del-poniente-sector-uno
66129,Vertice,Fraccionamiento,Santa Catarina,Nuevo León,Ciudad Santa Catarina,Urbano,https://postali.app/mx/nuevo-leon/santa-catarina/vertice
66139,Rincón de las Mitras (Fomerrey 2),Colonia,Santa Catarina,Nuevo León,Ciudad Santa Catarina,Urbano,https://postali.app/mx/nuevo-leon/santa-catarina/rincon-de-las-mitras-fomerrey-2
66140,José López Portillo,Colonia,Santa Catarina,Nuevo León,Ciudad Santa Catarina,Urbano,https://postali.app/mx/nuevo-leon/santa-catarina/jose-lopez-portillo
66145,Hacienda los Portales,Colonia,Santa Catarina,Nuevo León,Ciudad Santa Catarina,Urbano,https://postali.app/mx/nuevo-leon/santa-catarina/hacienda-los-portales
66147,Santa Magdalena,Colonia,Santa Catarina,Nuevo León,Ciudad Santa Catarina,Urbano,https://postali.app/mx/nuevo-leon/santa-catarina/santa-magdalena
66149,Trabajadores,Colonia,Santa Catarina,Nuevo León,Ciudad Santa Catarina,Urbano,https://postali.app/mx/nuevo-leon/santa-catarina/trabajadores
66150,Las Vivenzias,Fraccionamiento,Santa Catarina,Nuevo León,Ciudad Santa Catarina,Urbano,https://postali.app/mx/nuevo-leon/santa-catarina/las-vivenzias
66150,Los Treviño,Colonia,Santa Catarina,Nuevo León,Ciudad Santa Catarina,Urbano,https://postali.app/mx/nuevo-leon/santa-catarina/los-trevino
66150,Parques la Fama,Colonia,Santa Catarina,Nuevo León,Ciudad Santa Catarina,Urbano,https://postali.app/mx/nuevo-leon/santa-catarina/parques-la-fama
66150,Privada Treviño,Colonia,Santa Catarina,Nuevo León,Ciudad Santa Catarina,Urbano,https://postali.app/mx/nuevo-leon/santa-catarina/privada-trevino
66160,Benito Juárez,Colonia,Santa Catarina,Nuevo León,Ciudad Santa Catarina,Urbano,https://postali.app/mx/nuevo-leon/santa-catarina/benito-juarez
66165,Jardines de La Fama,Colonia,Santa Catarina,Nuevo León,Ciudad Santa Catarina,Urbano,https://postali.app/mx/nuevo-leon/santa-catarina/jardines-de-la-fama
66165,Privadas Ondara,Fraccionamiento,Santa Catarina,Nuevo León,Ciudad Santa Catarina,Urbano,https://postali.app/mx/nuevo-leon/santa-catarina/privadas-ondara
66165,Valle de La Sierra,Colonia,Santa Catarina,Nuevo León,Ciudad Santa Catarina,Urbano,https://postali.app/mx/nuevo-leon/santa-catarina/valle-de-la-sierra
66166,Campania,Colonia,Santa Catarina,Nuevo León,Ciudad Santa Catarina,Urbano,https://postali.app/mx/nuevo-leon/santa-catarina/campania
66167,Huasteca del Valle II,Fraccionamiento,Santa Catarina,Nuevo León,Ciudad Santa Catarina,Urbano,https://postali.app/mx/nuevo-leon/santa-catarina/huasteca-del-valle-ii
66167,La Española,Colonia,Santa Catarina,Nuevo León,Ciudad Santa Catarina,Urbano,https://postali.app/mx/nuevo-leon/santa-catarina/la-espanola
66168,La Concordia,Colonia,Santa Catarina,Nuevo León,Ciudad Santa Catarina,Urbano,https://postali.app/mx/nuevo-leon/santa-catarina/la-concordia
66169,Efimex,Colonia,Santa Catarina,Nuevo León,Ciudad Santa Catarina,Urbano,https://postali.app/mx/nuevo-leon/santa-catarina/efimex
66170,Protexa,Colonia,Santa Catarina,Nuevo León,Ciudad Santa Catarina,Urbano,https://postali.app/mx/nuevo-leon/santa-catarina/protexa
66179,Montenegro,Colonia,Santa Catarina,Nuevo León,Ciudad Santa Catarina,Urbano,https://postali.app/mx/nuevo-leon/santa-catarina/montenegro
66180,Jesús M Garza,Colonia,Santa Catarina,Nuevo León,Ciudad Santa Catarina,Urbano,https://postali.app/mx/nuevo-leon/santa-catarina/jesus-m-garza
66187,Las Palmas,Colonia,Santa Catarina,Nuevo León,Ciudad Santa Catarina,Urbano,https://postali.app/mx/nuevo-leon/santa-catarina/las-palmas
66188,Cantizal,Fraccionamiento,Santa Catarina,Nuevo León,Ciudad Santa Catarina,Urbano,https://postali.app/mx/nuevo-leon/santa-catarina/cantizal
66188,La Fraternidad,Colonia,Santa Catarina,Nuevo León,Ciudad Santa Catarina,Urbano,https://postali.app/mx/nuevo-leon/santa-catarina/la-fraternidad
66188,Las Almenas,Fraccionamiento,Santa Catarina,Nuevo León,Ciudad Santa Catarina,Urbano,https://postali.app/mx/nuevo-leon/santa-catarina/las-almenas
66188,Las Fincas,Fraccionamiento,Santa Catarina,Nuevo León,Ciudad Santa Catarina,Urbano,https://postali.app/mx/nuevo-leon/santa-catarina/las-fincas
66188,Las Fincas II,Fraccionamiento,Santa Catarina,Nuevo León,Ciudad Santa Catarina,Urbano,https://postali.app/mx/nuevo-leon/santa-catarina/las-fincas-ii
66188,Montalia,Fraccionamiento,Santa Catarina,Nuevo León,Ciudad Santa Catarina,Urbano,https://postali.app/mx/nuevo-leon/santa-catarina/montalia
66188,Residencial Olinca,Fraccionamiento,Santa Catarina,Nuevo León,Ciudad Santa Catarina,Urbano,https://postali.app/mx/nuevo-leon/santa-catarina/residencial-olinca
66189,La Barrica,Colonia,Santa Catarina,Nuevo León,Ciudad Santa Catarina,Urbano,https://postali.app/mx/nuevo-leon/santa-catarina/la-barrica
66190,San Isidro,Colonia,Santa Catarina,Nuevo León,Ciudad Santa Catarina,Urbano,https://postali.app/mx/nuevo-leon/santa-catarina/san-isidro
66195,Nueva Fortaleza,Colonia,Santa Catarina,Nuevo León,Ciudad Santa Catarina,Urbano,https://postali.app/mx/nuevo-leon/santa-catarina/nueva-fortaleza
66196,La Banda,Colonia,Santa Catarina,Nuevo León,Ciudad Santa Catarina,Urbano,https://postali.app/mx/nuevo-leon/santa-catarina/la-banda
66196,Los Cenizos,Fraccionamiento,Santa Catarina,Nuevo León,Ciudad Santa Catarina,Urbano,https://postali.app/mx/nuevo-leon/santa-catarina/los-cenizos
66196,Miguel Hidalgo,Colonia,Santa Catarina,Nuevo León,Ciudad Santa Catarina,Urbano,https://postali.app/mx/nuevo-leon/santa-catarina/miguel-hidalgo
66196,Residencial Cordillera,Fraccionamiento,Santa Catarina,Nuevo León,Ciudad Santa Catarina,Urbano,https://postali.app/mx/nuevo-leon/santa-catarina/residencial-cordillera
66196,Valle Poniente Sector Olinca,Fraccionamiento,Santa Catarina,Nuevo León,Ciudad Santa Catarina,Urbano,https://postali.app/mx/nuevo-leon/santa-catarina/valle-poniente-sector-olinca
66196,Vía Cordillera,Fraccionamiento,Santa Catarina,Nuevo León,Ciudad Santa Catarina,Urbano,https://postali.app/mx/nuevo-leon/santa-catarina/via-cordillera
66197,Consulado General de los Estados Unidos de América,Equipamiento,Santa Catarina,Nuevo León,Ciudad Santa Catarina,Urbano,https://postali.app/mx/nuevo-leon/santa-catarina/consulado-general-de-los-estados-unidos-de-america
66197,El Aguacatal,Colonia,Santa Catarina,Nuevo León,Ciudad Santa Catarina,Urbano,https://postali.app/mx/nuevo-leon/santa-catarina/el-aguacatal
66197,Huasteca Real,Colonia,Santa Catarina,Nuevo León,Ciudad Santa Catarina,Urbano,https://postali.app/mx/nuevo-leon/santa-catarina/huasteca-real
66197,Huasteca Real II,Fraccionamiento,Santa Catarina,Nuevo León,Ciudad Santa Catarina,Urbano,https://postali.app/mx/nuevo-leon/santa-catarina/huasteca-real-ii
66197,Jardín Secreto,Condominio,Santa Catarina,Nuevo León,Ciudad Santa Catarina,Urbano,https://postali.app/mx/nuevo-leon/santa-catarina/jardin-secreto
66197,Las Montañas,Colonia,Santa Catarina,Nuevo León,Ciudad Santa Catarina,Urbano,https://postali.app/mx/nuevo-leon/santa-catarina/las-montanas
66197,Loma Blanca,Colonia,Santa Catarina,Nuevo León,Ciudad Santa Catarina,Urbano,https://postali.app/mx/nuevo-leon/santa-catarina/loma-blanca
66198,La Fortaleza,Colonia,Santa Catarina,Nuevo León,Ciudad Santa Catarina,Urbano,https://postali.app/mx/nuevo-leon/santa-catarina/la-fortaleza
66199,Idelfonso Vázquez,Colonia,Santa Catarina,Nuevo León,Ciudad Santa Catarina,Urbano,https://postali.app/mx/nuevo-leon/santa-catarina/idelfonso-vazquez
66200,Los Encinos,Colonia,San Pedro Garza García,Nuevo León,San Pedro Garza García,Urbano,https://postali.app/mx/nuevo-leon/san-pedro-garza-garcia/los-encinos
66200,San Pedro Garza García Centro,Colonia,San Pedro Garza García,Nuevo León,San Pedro Garza García,Urbano,https://postali.app/mx/nuevo-leon/san-pedro-garza-garcia/san-pedro-garza-garcia-centro
66210,San Pedro 400,Colonia,San Pedro Garza García,Nuevo León,San Pedro Garza García,Urbano,https://postali.app/mx/nuevo-leon/san-pedro-garza-garcia/san-pedro-400
66214,Villa del Obispo,Colonia,San Pedro Garza García,Nuevo León,San Pedro Garza García,Urbano,https://postali.app/mx/nuevo-leon/san-pedro-garza-garcia/villa-del-obispo
66215,San Pedro,Unidad habitacional,San Pedro Garza García,Nuevo León,San Pedro Garza García,Urbano,https://postali.app/mx/nuevo-leon/san-pedro-garza-garcia/san-pedro
66216,El Obispo,Colonia,San Pedro Garza García,Nuevo León,San Pedro Garza García,Urbano,https://postali.app/mx/nuevo-leon/san-pedro-garza-garcia/el-obispo
66216,Vista Montaña,Colonia,San Pedro Garza García,Nuevo León,San Pedro Garza García,Urbano,https://postali.app/mx/nuevo-leon/san-pedro-garza-garcia/vista-montana
66216,Zona Clouhtier,Colonia,San Pedro Garza García,Nuevo León,San Pedro Garza García,Urbano,https://postali.app/mx/nuevo-leon/san-pedro-garza-garcia/zona-clouhtier
66217,Plan de Ayala,Colonia,San Pedro Garza García,Nuevo León,San Pedro Garza García,Urbano,https://postali.app/mx/nuevo-leon/san-pedro-garza-garcia/plan-de-ayala
66217,Zona Industrial,Zona industrial,San Pedro Garza García,Nuevo León,San Pedro Garza García,Urbano,https://postali.app/mx/nuevo-leon/san-pedro-garza-garcia/zona-industrial
66218,Echeverría,Colonia,San Pedro Garza García,Nuevo León,San Pedro Garza García,Urbano,https://postali.app/mx/nuevo-leon/san-pedro-garza-garcia/echeverria
66218,Lucio Blanco 1er. Sector,Colonia,San Pedro Garza García,Nuevo León,San Pedro Garza García,Urbano,https://postali.app/mx/nuevo-leon/san-pedro-garza-garcia/lucio-blanco-1er-sector
66218,Lucio Blanco 2do. Sector,Colonia,San Pedro Garza García,Nuevo León,San Pedro Garza García,Urbano,https://postali.app/mx/nuevo-leon/san-pedro-garza-garcia/lucio-blanco-2do-sector
66218,Valle del Seminario,Fraccionamiento,San Pedro Garza García,Nuevo León,San Pedro Garza García,Urbano,https://postali.app/mx/nuevo-leon/san-pedro-garza-garcia/valle-del-seminario
66219,Revolución,Colonia,San Pedro Garza García,Nuevo León,San Pedro Garza García,Urbano,https://postali.app/mx/nuevo-leon/san-pedro-garza-garcia/revolucion
66219,Zona Revolución,Colonia,San Pedro Garza García,Nuevo León,San Pedro Garza García,Urbano,https://postali.app/mx/nuevo-leon/san-pedro-garza-garcia/zona-revolucion
66220,Del Valle,Colonia,San Pedro Garza García,Nuevo León,San Pedro Garza García,Urbano,https://postali.app/mx/nuevo-leon/san-pedro-garza-garcia/del-valle
66220,Jardines Del Valle,Colonia,San Pedro Garza García,Nuevo León,San Pedro Garza García,Urbano,https://postali.app/mx/nuevo-leon/san-pedro-garza-garcia/jardines-del-valle
66224,Fuentes del David,Colonia,San Pedro Garza García,Nuevo León,San Pedro Garza García,Urbano,https://postali.app/mx/nuevo-leon/san-pedro-garza-garcia/fuentes-del-david
66224,Fuentes del Valle,Colonia,San Pedro Garza García,Nuevo León,San Pedro Garza García,Urbano,https://postali.app/mx/nuevo-leon/san-pedro-garza-garcia/fuentes-del-valle
66224,Fuentes del Valle Sector Colinas,Colonia,San Pedro Garza García,Nuevo León,San Pedro Garza García,Urbano,https://postali.app/mx/nuevo-leon/san-pedro-garza-garcia/fuentes-del-valle-sector-colinas
66224,Residencial Santa Bárbara la Cripta,Colonia,San Pedro Garza García,Nuevo León,San Pedro Garza García,Urbano,https://postali.app/mx/nuevo-leon/san-pedro-garza-garcia/residencial-santa-barbara-la-cripta
66224,Zona Fuentes del Valle,Colonia,San Pedro Garza García,Nuevo León,San Pedro Garza García,Urbano,https://postali.app/mx/nuevo-leon/san-pedro-garza-garcia/zona-fuentes-del-valle
66224,Zona los Sabinos,Colonia,San Pedro Garza García,Nuevo León,San Pedro Garza García,Urbano,https://postali.app/mx/nuevo-leon/san-pedro-garza-garcia/zona-los-sabinos
66224,Zona Santa Bárbara Poniente,Colonia,San Pedro Garza García,Nuevo León,San Pedro Garza García,Urbano,https://postali.app/mx/nuevo-leon/san-pedro-garza-garcia/zona-santa-barbara-poniente
66225,La Joya,Colonia,San Pedro Garza García,Nuevo León,San Pedro Garza García,Urbano,https://postali.app/mx/nuevo-leon/san-pedro-garza-garcia/la-joya
66225,Zona del Valle,Colonia,San Pedro Garza García,Nuevo León,San Pedro Garza García,Urbano,https://postali.app/mx/nuevo-leon/san-pedro-garza-garcia/zona-del-valle
66226,Conjunto Habitacional Bugambilias,Fraccionamiento,San Pedro Garza García,Nuevo León,San Pedro Garza García,Urbano,https://postali.app/mx/nuevo-leon/san-pedro-garza-garcia/conjunto-habitacional-bugambilias
66226,Valle Del Mezquite,Colonia,San Pedro Garza García,Nuevo León,San Pedro Garza García,Urbano,https://postali.app/mx/nuevo-leon/san-pedro-garza-garcia/valle-del-mezquite
66227,Las Capillas,Colonia,San Pedro Garza García,Nuevo León,San Pedro Garza García,Urbano,https://postali.app/mx/nuevo-leon/san-pedro-garza-garcia/las-capillas
66227,Los Olivos,Colonia,San Pedro Garza García,Nuevo León,San Pedro Garza García,Urbano,https://postali.app/mx/nuevo-leon/san-pedro-garza-garcia/los-olivos
66227,San Francisco,Colonia,San Pedro Garza García,Nuevo León,San Pedro Garza García,Urbano,https://postali.app/mx/nuevo-leon/san-pedro-garza-garcia/san-francisco
66228,Residencial San Carlos,Colonia,San Pedro Garza García,Nuevo León,San Pedro Garza García,Urbano,https://postali.app/mx/nuevo-leon/san-pedro-garza-garcia/residencial-san-carlos
66228,Zona de Los Callejones,Colonia,San Pedro Garza García,Nuevo León,San Pedro Garza García,Urbano,https://postali.app/mx/nuevo-leon/san-pedro-garza-garcia/zona-de-los-callejones
66230,Calendas,Fraccionamiento,San Pedro Garza García,Nuevo León,San Pedro Garza García,Urbano,https://postali.app/mx/nuevo-leon/san-pedro-garza-garcia/calendas
66230,Cantanas,Fraccionamiento,San Pedro Garza García,Nuevo León,San Pedro Garza García,Urbano,https://postali.app/mx/nuevo-leon/san-pedro-garza-garcia/cantanas
66230,Codornices Aldama,Colonia,San Pedro Garza García,Nuevo León,San Pedro Garza García,Urbano,https://postali.app/mx/nuevo-leon/san-pedro-garza-garcia/codornices-aldama
66230,Conjunto Habitacional Morelos,Colonia,San Pedro Garza García,Nuevo León,San Pedro Garza García,Urbano,https://postali.app/mx/nuevo-leon/san-pedro-garza-garcia/conjunto-habitacional-morelos
66230,Jardines Coloniales,Colonia,San Pedro Garza García,Nuevo León,San Pedro Garza García,Urbano,https://postali.app/mx/nuevo-leon/san-pedro-garza-garcia/jardines-coloniales
66230,La Cima,Colonia,San Pedro Garza García,Nuevo León,San Pedro Garza García,Urbano,https://postali.app/mx/nuevo-leon/san-pedro-garza-garcia/la-cima
66230,La Cúspide,Colonia,San Pedro Garza García,Nuevo León,San Pedro Garza García,Urbano,https://postali.app/mx/nuevo-leon/san-pedro-garza-garcia/la-cuspide
66230,La Finca,Colonia,San Pedro Garza García,Nuevo León,San Pedro Garza García,Urbano,https://postali.app/mx/nuevo-leon/san-pedro-garza-garcia/la-finca
66230,La Toscana,Fraccionamiento,San Pedro Garza García,Nuevo León,San Pedro Garza García,Urbano,https://postali.app/mx/nuevo-leon/san-pedro-garza-garcia/la-toscana
66230,La Ventana,Colonia,San Pedro Garza García,Nuevo León,San Pedro Garza García,Urbano,https://postali.app/mx/nuevo-leon/san-pedro-garza-garcia/la-ventana
66230,Las Codornices,Fraccionamiento,San Pedro Garza García,Nuevo León,San Pedro Garza García,Urbano,https://postali.app/mx/nuevo-leon/san-pedro-garza-garcia/las-codornices
66230,Las Uvas,Colonia,San Pedro Garza García,Nuevo León,San Pedro Garza García,Urbano,https://postali.app/mx/nuevo-leon/san-pedro-garza-garcia/las-uvas
66230,Las Velas,Fraccionamiento,San Pedro Garza García,Nuevo León,San Pedro Garza García,Urbano,https://postali.app/mx/nuevo-leon/san-pedro-garza-garcia/las-velas
66230,Las Verandas,Colonia,San Pedro Garza García,Nuevo León,San Pedro Garza García,Urbano,https://postali.app/mx/nuevo-leon/san-pedro-garza-garcia/las-verandas
66230,Misión Del Valle,Fraccionamiento,San Pedro Garza García,Nuevo León,San Pedro Garza García,Urbano,https://postali.app/mx/nuevo-leon/san-pedro-garza-garcia/mision-del-valle
66230,Prados de La Sierra,Colonia,San Pedro Garza García,Nuevo León,San Pedro Garza García,Urbano,https://postali.app/mx/nuevo-leon/san-pedro-garza-garcia/prados-de-la-sierra
66230,Privada Versalles,Fraccionamiento,San Pedro Garza García,Nuevo León,San Pedro Garza García,Urbano,https://postali.app/mx/nuevo-leon/san-pedro-garza-garcia/privada-versalles
66230,Residencial Los Cubos,Colonia,San Pedro Garza García,Nuevo León,San Pedro Garza García,Urbano,https://postali.app/mx/nuevo-leon/san-pedro-garza-garcia/residencial-los-cubos
66230,Rincón Colonial,Colonia,San Pedro Garza García,Nuevo León,San Pedro Garza García,Urbano,https://postali.app/mx/nuevo-leon/san-pedro-garza-garcia/rincon-colonial
66230,San Gabriel,Colonia,San Pedro Garza García,Nuevo León,San Pedro Garza García,Urbano,https://postali.app/mx/nuevo-leon/san-pedro-garza-garcia/san-gabriel
66230,San José,Colonia,San Pedro Garza García,Nuevo León,San Pedro Garza García,Urbano,https://postali.app/mx/nuevo-leon/san-pedro-garza-garcia/san-jose
66230,San Pedro,Colonia,San Pedro Garza García,Nuevo León,San Pedro Garza García,Urbano,https://postali.app/mx/nuevo-leon/san-pedro-garza-garcia/san-pedro-66230
66230,Villa Campanario,Colonia,San Pedro Garza García,Nuevo León,San Pedro Garza García,Urbano,https://postali.app/mx/nuevo-leon/san-pedro-garza-garcia/villa-campanario
66230,Zona Hacienda San Francisco,Colonia,San Pedro Garza García,Nuevo León,San Pedro Garza García,Urbano,https://postali.app/mx/nuevo-leon/san-pedro-garza-garcia/zona-hacienda-san-francisco
66230,Zona la Cima,Colonia,San Pedro Garza García,Nuevo León,San Pedro Garza García,Urbano,https://postali.app/mx/nuevo-leon/san-pedro-garza-garcia/zona-la-cima
66230,Zona Palo Blanco,Colonia,San Pedro Garza García,Nuevo León,San Pedro Garza García,Urbano,https://postali.app/mx/nuevo-leon/san-pedro-garza-garcia/zona-palo-blanco
66230,Zona Rosario,Colonia,San Pedro Garza García,Nuevo León,San Pedro Garza García,Urbano,https://postali.app/mx/nuevo-leon/san-pedro-garza-garcia/zona-rosario
66233,Las Sendas Galicias,Colonia,San Pedro Garza García,Nuevo León,San Pedro Garza García,Urbano,https://postali.app/mx/nuevo-leon/san-pedro-garza-garcia/las-sendas-galicias
66233,Misión del Valle 3,Fraccionamiento,San Pedro Garza García,Nuevo León,San Pedro Garza García,Urbano,https://postali.app/mx/nuevo-leon/san-pedro-garza-garcia/mision-del-valle-3
66233,Santa Elena,Colonia,San Pedro Garza García,Nuevo León,San Pedro Garza García,Urbano,https://postali.app/mx/nuevo-leon/san-pedro-garza-garcia/santa-elena
66233,Villa de los Patos,Fraccionamiento,San Pedro Garza García,Nuevo León,San Pedro Garza García,Urbano,https://postali.app/mx/nuevo-leon/san-pedro-garza-garcia/villa-de-los-patos
66233,Zona Valle Poniente,Colonia,San Pedro Garza García,Nuevo León,San Pedro Garza García,Urbano,https://postali.app/mx/nuevo-leon/san-pedro-garza-garcia/zona-valle-poniente
66234,La Ventura,Fraccionamiento,San Pedro Garza García,Nuevo León,San Pedro Garza García,Urbano,https://postali.app/mx/nuevo-leon/san-pedro-garza-garcia/la-ventura
66235,Los Olmos,Fraccionamiento,San Pedro Garza García,Nuevo León,San Pedro Garza García,Urbano,https://postali.app/mx/nuevo-leon/san-pedro-garza-garcia/los-olmos
66235,Villa Montaña,Colonia,San Pedro Garza García,Nuevo León,San Pedro Garza García,Urbano,https://postali.app/mx/nuevo-leon/san-pedro-garza-garcia/villa-montana
66236,Jardines de Mirasierra,Colonia,San Pedro Garza García,Nuevo León,San Pedro Garza García,Urbano,https://postali.app/mx/nuevo-leon/san-pedro-garza-garcia/jardines-de-mirasierra
66236,Palo Blanco,Colonia,San Pedro Garza García,Nuevo León,San Pedro Garza García,Urbano,https://postali.app/mx/nuevo-leon/san-pedro-garza-garcia/palo-blanco
66236,Palo Blanco Sector El Edén,Colonia,San Pedro Garza García,Nuevo León,San Pedro Garza García,Urbano,https://postali.app/mx/nuevo-leon/san-pedro-garza-garcia/palo-blanco-sector-el-eden
66236,Residencial Palo Blanco,Colonia,San Pedro Garza García,Nuevo León,San Pedro Garza García,Urbano,https://postali.app/mx/nuevo-leon/san-pedro-garza-garcia/residencial-palo-blanco
66236,Villas de Santa Bárbara,Colonia,San Pedro Garza García,Nuevo León,San Pedro Garza García,Urbano,https://postali.app/mx/nuevo-leon/san-pedro-garza-garcia/villas-de-santa-barbara
66237,Los Sauces 1er. Sector,Colonia,San Pedro Garza García,Nuevo León,San Pedro Garza García,Urbano,https://postali.app/mx/nuevo-leon/san-pedro-garza-garcia/los-sauces-1er-sector
66237,Los Sauces 2 Sector,Colonia,San Pedro Garza García,Nuevo León,San Pedro Garza García,Urbano,https://postali.app/mx/nuevo-leon/san-pedro-garza-garcia/los-sauces-2-sector
66238,Jesús M Garza,Colonia,San Pedro Garza García,Nuevo León,San Pedro Garza García,Urbano,https://postali.app/mx/nuevo-leon/san-pedro-garza-garcia/jesus-m-garza
66238,Lindavista,Colonia,San Pedro Garza García,Nuevo León,San Pedro Garza García,Urbano,https://postali.app/mx/nuevo-leon/san-pedro-garza-garcia/lindavista
66238,Lucio Blanco 3er. Sector,Colonia,San Pedro Garza García,Nuevo León,San Pedro Garza García,Urbano,https://postali.app/mx/nuevo-leon/san-pedro-garza-garcia/lucio-blanco-3er-sector
66238,Lázaro Garza Ayala,Colonia,San Pedro Garza García,Nuevo León,San Pedro Garza García,Urbano,https://postali.app/mx/nuevo-leon/san-pedro-garza-garcia/lazaro-garza-ayala
66238,Mirador de Vasconcelos,Colonia,San Pedro Garza García,Nuevo León,San Pedro Garza García,Urbano,https://postali.app/mx/nuevo-leon/san-pedro-garza-garcia/mirador-de-vasconcelos
66238,Rincón de San Francisco,Colonia,San Pedro Garza García,Nuevo León,San Pedro Garza García,Urbano,https://postali.app/mx/nuevo-leon/san-pedro-garza-garcia/rincon-de-san-francisco
66238,Valle de Vasconcelos,Colonia,San Pedro Garza García,Nuevo León,San Pedro Garza García,Urbano,https://postali.app/mx/nuevo-leon/san-pedro-garza-garcia/valle-de-vasconcelos
66238,Zona los Sauces,Colonia,San Pedro Garza García,Nuevo León,San Pedro Garza García,Urbano,https://postali.app/mx/nuevo-leon/san-pedro-garza-garcia/zona-los-sauces
66238,Zona Mirador Vazconcelos,Colonia,San Pedro Garza García,Nuevo León,San Pedro Garza García,Urbano,https://postali.app/mx/nuevo-leon/san-pedro-garza-garcia/zona-mirador-vazconcelos
66239,Hacienda de los Callejones,Colonia,San Pedro Garza García,Nuevo León,San Pedro Garza García,Urbano,https://postali.app/mx/nuevo-leon/san-pedro-garza-garcia/hacienda-de-los-callejones
66239,Los Pinos,Colonia,San Pedro Garza García,Nuevo León,San Pedro Garza García,Urbano,https://postali.app/mx/nuevo-leon/san-pedro-garza-garcia/los-pinos
66239,Nemesio García Naranjo,Colonia,San Pedro Garza García,Nuevo León,San Pedro Garza García,Urbano,https://postali.app/mx/nuevo-leon/san-pedro-garza-garcia/nemesio-garcia-naranjo
66239,Residencial las Amapas,Fraccionamiento,San Pedro Garza García,Nuevo León,San Pedro Garza García,Urbano,https://postali.app/mx/nuevo-leon/san-pedro-garza-garcia/residencial-las-amapas
66239,Rincón de Corregidora,Colonia,San Pedro Garza García,Nuevo León,San Pedro Garza García,Urbano,https://postali.app/mx/nuevo-leon/san-pedro-garza-garcia/rincon-de-corregidora
66239,Volkswagen,Colonia,San Pedro Garza García,Nuevo León,San Pedro Garza García,Urbano,https://postali.app/mx/nuevo-leon/san-pedro-garza-garcia/volkswagen
66240,La Barranca,Colonia,San Pedro Garza García,Nuevo León,San Pedro Garza García,Urbano,https://postali.app/mx/nuevo-leon/san-pedro-garza-garcia/la-barranca
66240,La Montaña,Colonia,San Pedro Garza García,Nuevo León,San Pedro Garza García,Urbano,https://postali.app/mx/nuevo-leon/san-pedro-garza-garcia/la-montana
66240,Lomas de Tampiquito,Colonia,San Pedro Garza García,Nuevo León,San Pedro Garza García,Urbano,https://postali.app/mx/nuevo-leon/san-pedro-garza-garcia/lomas-de-tampiquito
66240,Mirasierra,Colonia,San Pedro Garza García,Nuevo León,San Pedro Garza García,Urbano,https://postali.app/mx/nuevo-leon/san-pedro-garza-garcia/mirasierra
66240,Olímpico,Colonia,San Pedro Garza García,Nuevo León,San Pedro Garza García,Urbano,https://postali.app/mx/nuevo-leon/san-pedro-garza-garcia/olimpico
66240,Privada San Andrés,Fraccionamiento,San Pedro Garza García,Nuevo León,San Pedro Garza García,Urbano,https://postali.app/mx/nuevo-leon/san-pedro-garza-garcia/privada-san-andres
66240,Pro Vivienda Popular,Colonia,San Pedro Garza García,Nuevo León,San Pedro Garza García,Urbano,https://postali.app/mx/nuevo-leon/san-pedro-garza-garcia/pro-vivienda-popular
66240,Rincón de la Montaña,Colonia,San Pedro Garza García,Nuevo León,San Pedro Garza García,Urbano,https://postali.app/mx/nuevo-leon/san-pedro-garza-garcia/rincon-de-la-montana
66240,Tampiquito,Colonia,San Pedro Garza García,Nuevo León,San Pedro Garza García,Urbano,https://postali.app/mx/nuevo-leon/san-pedro-garza-garcia/tampiquito
66240,Zona Mirasierra,Colonia,San Pedro Garza García,Nuevo León,San Pedro Garza García,Urbano,https://postali.app/mx/nuevo-leon/san-pedro-garza-garcia/zona-mirasierra
66240,Zona Valle del Mezquite,Colonia,San Pedro Garza García,Nuevo León,San Pedro Garza García,Urbano,https://postali.app/mx/nuevo-leon/san-pedro-garza-garcia/zona-valle-del-mezquite
66244,Capistrano,Colonia,San Pedro Garza García,Nuevo León,San Pedro Garza García,Urbano,https://postali.app/mx/nuevo-leon/san-pedro-garza-garcia/capistrano
66244,Lomas del Bosque,Colonia,San Pedro Garza García,Nuevo León,San Pedro Garza García,Urbano,https://postali.app/mx/nuevo-leon/san-pedro-garza-garcia/lomas-del-bosque
66244,Lomas Valle Sector Convento,Colonia,San Pedro Garza García,Nuevo León,San Pedro Garza García,Urbano,https://postali.app/mx/nuevo-leon/san-pedro-garza-garcia/lomas-valle-sector-convento
66244,Los Fresnos,Colonia,San Pedro Garza García,Nuevo León,San Pedro Garza García,Urbano,https://postali.app/mx/nuevo-leon/san-pedro-garza-garcia/los-fresnos
66244,Privada 20 de Noviembre,Fraccionamiento,San Pedro Garza García,Nuevo León,San Pedro Garza García,Urbano,https://postali.app/mx/nuevo-leon/san-pedro-garza-garcia/privada-20-de-noviembre
66245,Barranca Del Pedregal,Colonia,San Pedro Garza García,Nuevo León,San Pedro Garza García,Urbano,https://postali.app/mx/nuevo-leon/san-pedro-garza-garcia/barranca-del-pedregal
66246,Hacienda del Valle,Colonia,San Pedro Garza García,Nuevo León,San Pedro Garza García,Urbano,https://postali.app/mx/nuevo-leon/san-pedro-garza-garcia/hacienda-del-valle
66247,Hacienda el Rosario,Colonia,San Pedro Garza García,Nuevo León,San Pedro Garza García,Urbano,https://postali.app/mx/nuevo-leon/san-pedro-garza-garcia/hacienda-el-rosario
66247,Hacienda las Campanas,Colonia,San Pedro Garza García,Nuevo León,San Pedro Garza García,Urbano,https://postali.app/mx/nuevo-leon/san-pedro-garza-garcia/hacienda-las-campanas
66247,La Parvada Angelitos,Colonia,San Pedro Garza García,Nuevo León,San Pedro Garza García,Urbano,https://postali.app/mx/nuevo-leon/san-pedro-garza-garcia/la-parvada-angelitos
66247,Mansión Del Rosario,Colonia,San Pedro Garza García,Nuevo León,San Pedro Garza García,Urbano,https://postali.app/mx/nuevo-leon/san-pedro-garza-garcia/mansion-del-rosario
66249,Cerrada Moralillo,Colonia,San Pedro Garza García,Nuevo León,San Pedro Garza García,Urbano,https://postali.app/mx/nuevo-leon/san-pedro-garza-garcia/cerrada-moralillo
66249,Moralillo,Colonia,San Pedro Garza García,Nuevo León,San Pedro Garza García,Urbano,https://postali.app/mx/nuevo-leon/san-pedro-garza-garcia/moralillo
66249,Villas de Terrasol,Colonia,San Pedro Garza García,Nuevo León,San Pedro Garza García,Urbano,https://postali.app/mx/nuevo-leon/san-pedro-garza-garcia/villas-de-terrasol
66250,Bosques del Valle,Colonia,San Pedro Garza García,Nuevo León,San Pedro Garza García,Urbano,https://postali.app/mx/nuevo-leon/san-pedro-garza-garcia/bosques-del-valle
66250,Fátima,Colonia,San Pedro Garza García,Nuevo León,San Pedro Garza García,Urbano,https://postali.app/mx/nuevo-leon/san-pedro-garza-garcia/fatima
66250,Jerónimo Siller,Colonia,San Pedro Garza García,Nuevo León,San Pedro Garza García,Urbano,https://postali.app/mx/nuevo-leon/san-pedro-garza-garcia/jeronimo-siller
66250,Privada Río Ebro,Fraccionamiento,San Pedro Garza García,Nuevo León,San Pedro Garza García,Urbano,https://postali.app/mx/nuevo-leon/san-pedro-garza-garcia/privada-rio-ebro
66250,Privada Sierra Madre,Colonia,San Pedro Garza García,Nuevo León,San Pedro Garza García,Urbano,https://postali.app/mx/nuevo-leon/san-pedro-garza-garcia/privada-sierra-madre
66250,Valle de Chipinque,Colonia,San Pedro Garza García,Nuevo León,San Pedro Garza García,Urbano,https://postali.app/mx/nuevo-leon/san-pedro-garza-garcia/valle-de-chipinque
66250,Zona Jerónimo Siller,Colonia,San Pedro Garza García,Nuevo León,San Pedro Garza García,Urbano,https://postali.app/mx/nuevo-leon/san-pedro-garza-garcia/zona-jeronimo-siller
66250,Zona Privada Río Tamazunchale,Colonia,San Pedro Garza García,Nuevo León,San Pedro Garza García,Urbano,https://postali.app/mx/nuevo-leon/san-pedro-garza-garcia/zona-privada-rio-tamazunchale
66254,Carrizalejo,Colonia,San Pedro Garza García,Nuevo León,San Pedro Garza García,Urbano,https://postali.app/mx/nuevo-leon/san-pedro-garza-garcia/carrizalejo
66256,Lomas Del Valle,Colonia,San Pedro Garza García,Nuevo León,San Pedro Garza García,Urbano,https://postali.app/mx/nuevo-leon/san-pedro-garza-garcia/lomas-del-valle
66257,Del Valle Sector Fátima,Colonia,San Pedro Garza García,Nuevo León,San Pedro Garza García,Urbano,https://postali.app/mx/nuevo-leon/san-pedro-garza-garcia/del-valle-sector-fatima
66257,Zona Fátima,Colonia,San Pedro Garza García,Nuevo León,San Pedro Garza García,Urbano,https://postali.app/mx/nuevo-leon/san-pedro-garza-garcia/zona-fatima
66259,Cortijo Del Valle,Colonia,San Pedro Garza García,Nuevo León,San Pedro Garza García,Urbano,https://postali.app/mx/nuevo-leon/san-pedro-garza-garcia/cortijo-del-valle
66259,Gómez Morin,Zona comercial,San Pedro Garza García,Nuevo León,San Pedro Garza García,Urbano,https://postali.app/mx/nuevo-leon/san-pedro-garza-garcia/gomez-morin
66259,La Cañada,Colonia,San Pedro Garza García,Nuevo León,San Pedro Garza García,Urbano,https://postali.app/mx/nuevo-leon/san-pedro-garza-garcia/la-canada
66259,Rincón de Carrizalejo,Colonia,San Pedro Garza García,Nuevo León,San Pedro Garza García,Urbano,https://postali.app/mx/nuevo-leon/san-pedro-garza-garcia/rincon-de-carrizalejo
66259,Zona Antigua Exhacienda Carrizalejo,Colonia,San Pedro Garza García,Nuevo León,San Pedro Garza García,Urbano,https://postali.app/mx/nuevo-leon/san-pedro-garza-garcia/zona-antigua-exhacienda-carrizalejo
66259,Zona Carrizalejo,Colonia,San Pedro Garza García,Nuevo León,San Pedro Garza García,Urbano,https://postali.app/mx/nuevo-leon/san-pedro-garza-garcia/zona-carrizalejo
66259,Zona la Alianza,Colonia,San Pedro Garza García,Nuevo León,San Pedro Garza García,Urbano,https://postali.app/mx/nuevo-leon/san-pedro-garza-garcia/zona-la-alianza
66260,Ampliación Canteras,Colonia,San Pedro Garza García,Nuevo León,San Pedro Garza García,Urbano,https://postali.app/mx/nuevo-leon/san-pedro-garza-garcia/ampliacion-canteras
66260,Ampliación Valle del Mirador,Colonia,San Pedro Garza García,Nuevo León,San Pedro Garza García,Urbano,https://postali.app/mx/nuevo-leon/san-pedro-garza-garcia/ampliacion-valle-del-mirador
66260,Corporativo Proser,Colonia,San Pedro Garza García,Nuevo León,San Pedro Garza García,Urbano,https://postali.app/mx/nuevo-leon/san-pedro-garza-garcia/corporativo-proser
66260,Del Valle Oriente,Colonia,San Pedro Garza García,Nuevo León,San Pedro Garza García,Urbano,https://postali.app/mx/nuevo-leon/san-pedro-garza-garcia/del-valle-oriente
66260,Haciendas de la Sierra,Colonia,San Pedro Garza García,Nuevo León,San Pedro Garza García,Urbano,https://postali.app/mx/nuevo-leon/san-pedro-garza-garcia/haciendas-de-la-sierra
66260,Jardines de Campestre,Colonia,San Pedro Garza García,Nuevo León,San Pedro Garza García,Urbano,https://postali.app/mx/nuevo-leon/san-pedro-garza-garcia/jardines-de-campestre
66260,Portal de Santa Engracia,Colonia,San Pedro Garza García,Nuevo León,San Pedro Garza García,Urbano,https://postali.app/mx/nuevo-leon/san-pedro-garza-garcia/portal-de-santa-engracia
66260,Residencial Canteras,Fraccionamiento,San Pedro Garza García,Nuevo León,San Pedro Garza García,Urbano,https://postali.app/mx/nuevo-leon/san-pedro-garza-garcia/residencial-canteras
66260,Residencial San Agustín Primer Sector,Colonia,San Pedro Garza García,Nuevo León,San Pedro Garza García,Urbano,https://postali.app/mx/nuevo-leon/san-pedro-garza-garcia/residencial-san-agustin-primer-sector
66260,Residencial San Agustín Segundo Sector,Colonia,San Pedro Garza García,Nuevo León,San Pedro Garza García,Urbano,https://postali.app/mx/nuevo-leon/san-pedro-garza-garcia/residencial-san-agustin-segundo-sector
66260,Residencial San Mateo,Fraccionamiento,San Pedro Garza García,Nuevo León,San Pedro Garza García,Urbano,https://postali.app/mx/nuevo-leon/san-pedro-garza-garcia/residencial-san-mateo
66260,Zona San Agustín,Colonia,San Pedro Garza García,Nuevo León,San Pedro Garza García,Urbano,https://postali.app/mx/nuevo-leon/san-pedro-garza-garcia/zona-san-agustin
66263,Zona Campestre,Colonia,San Pedro Garza García,Nuevo León,San Pedro Garza García,Urbano,https://postali.app/mx/nuevo-leon/san-pedro-garza-garcia/zona-campestre
66263,Zona Santa Engracia,Colonia,San Pedro Garza García,Nuevo León,San Pedro Garza García,Urbano,https://postali.app/mx/nuevo-leon/san-pedro-garza-garcia/zona-santa-engracia
66265,Valle Del Campestre,Colonia,San Pedro Garza García,Nuevo León,San Pedro Garza García,Urbano,https://postali.app/mx/nuevo-leon/san-pedro-garza-garcia/valle-del-campestre
66265,Zona la Diana,Colonia,San Pedro Garza García,Nuevo León,San Pedro Garza García,Urbano,https://postali.app/mx/nuevo-leon/san-pedro-garza-garcia/zona-la-diana
66266,Conjunto Habitacional Renzo,Condominio,San Pedro Garza García,Nuevo León,San Pedro Garza García,Urbano,https://postali.app/mx/nuevo-leon/san-pedro-garza-garcia/conjunto-habitacional-renzo
66266,La Admiranza,Colonia,San Pedro Garza García,Nuevo León,San Pedro Garza García,Urbano,https://postali.app/mx/nuevo-leon/san-pedro-garza-garcia/la-admiranza
66266,La Diana,Fraccionamiento,San Pedro Garza García,Nuevo León,San Pedro Garza García,Urbano,https://postali.app/mx/nuevo-leon/san-pedro-garza-garcia/la-diana
66266,Los Arcángeles,Condominio,San Pedro Garza García,Nuevo León,San Pedro Garza García,Urbano,https://postali.app/mx/nuevo-leon/san-pedro-garza-garcia/los-arcangeles
66266,Mirador Del Campestre,Fraccionamiento,San Pedro Garza García,Nuevo León,San Pedro Garza García,Urbano,https://postali.app/mx/nuevo-leon/san-pedro-garza-garcia/mirador-del-campestre
66266,Privada Residencial Frida Kahlo,Fraccionamiento,San Pedro Garza García,Nuevo León,San Pedro Garza García,Urbano,https://postali.app/mx/nuevo-leon/san-pedro-garza-garcia/privada-residencial-frida-kahlo
66266,Residencial Santa Bárbara,Colonia,San Pedro Garza García,Nuevo León,San Pedro Garza García,Urbano,https://postali.app/mx/nuevo-leon/san-pedro-garza-garcia/residencial-santa-barbara
66266,Verona,Colonia,San Pedro Garza García,Nuevo León,San Pedro Garza García,Urbano,https://postali.app/mx/nuevo-leon/san-pedro-garza-garcia/verona
66266,Villas de San Agustin,Colonia,San Pedro Garza García,Nuevo León,San Pedro Garza García,Urbano,https://postali.app/mx/nuevo-leon/san-pedro-garza-garcia/villas-de-san-agustin
66266,Vista Real,Fraccionamiento,San Pedro Garza García,Nuevo León,San Pedro Garza García,Urbano,https://postali.app/mx/nuevo-leon/san-pedro-garza-garcia/vista-real
66266,Zona Loma Blanca Poniente,Colonia,San Pedro Garza García,Nuevo León,San Pedro Garza García,Urbano,https://postali.app/mx/nuevo-leon/san-pedro-garza-garcia/zona-loma-blanca-poniente
66266,Zona Loma Larga Oriente,Colonia,San Pedro Garza García,Nuevo León,San Pedro Garza García,Urbano,https://postali.app/mx/nuevo-leon/san-pedro-garza-garcia/zona-loma-larga-oriente
66266,Zona Valle Oriente Norte,Colonia,San Pedro Garza García,Nuevo León,San Pedro Garza García,Urbano,https://postali.app/mx/nuevo-leon/san-pedro-garza-garcia/zona-valle-oriente-norte
66267,Santa Engracia,Colonia,San Pedro Garza García,Nuevo León,San Pedro Garza García,Urbano,https://postali.app/mx/nuevo-leon/san-pedro-garza-garcia/santa-engracia
66268,Del Valle Sect Norte,Colonia,San Pedro Garza García,Nuevo León,San Pedro Garza García,Urbano,https://postali.app/mx/nuevo-leon/san-pedro-garza-garcia/del-valle-sect-norte
66268,Privada Santa Engracia,Colonia,San Pedro Garza García,Nuevo León,San Pedro Garza García,Urbano,https://postali.app/mx/nuevo-leon/san-pedro-garza-garcia/privada-santa-engracia
66268,Valle de Santa Engracia,Colonia,San Pedro Garza García,Nuevo León,San Pedro Garza García,Urbano,https://postali.app/mx/nuevo-leon/san-pedro-garza-garcia/valle-de-santa-engracia
66268,Villas de Santa Engracia,Colonia,San Pedro Garza García,Nuevo León,San Pedro Garza García,Urbano,https://postali.app/mx/nuevo-leon/san-pedro-garza-garcia/villas-de-santa-engracia
66268,Zona Valle Santa Engracia,Colonia,San Pedro Garza García,Nuevo León,San Pedro Garza García,Urbano,https://postali.app/mx/nuevo-leon/san-pedro-garza-garcia/zona-valle-santa-engracia
66270,Colinas de San Agustin,Colonia,San Pedro Garza García,Nuevo León,San Pedro Garza García,Urbano,https://postali.app/mx/nuevo-leon/san-pedro-garza-garcia/colinas-de-san-agustin
66270,Los Colorines,Fraccionamiento,San Pedro Garza García,Nuevo León,San Pedro Garza García,Urbano,https://postali.app/mx/nuevo-leon/san-pedro-garza-garcia/los-colorines
66270,Misión San Patricio,Colonia,San Pedro Garza García,Nuevo León,San Pedro Garza García,Urbano,https://postali.app/mx/nuevo-leon/san-pedro-garza-garcia/mision-san-patricio
66270,Privada Gruta,Fraccionamiento,San Pedro Garza García,Nuevo León,San Pedro Garza García,Urbano,https://postali.app/mx/nuevo-leon/san-pedro-garza-garcia/privada-gruta
66270,Privada Veredalta,Fraccionamiento,San Pedro Garza García,Nuevo León,San Pedro Garza García,Urbano,https://postali.app/mx/nuevo-leon/san-pedro-garza-garcia/privada-veredalta
66270,Residencial Galeana,Condominio,San Pedro Garza García,Nuevo León,San Pedro Garza García,Urbano,https://postali.app/mx/nuevo-leon/san-pedro-garza-garcia/residencial-galeana
66270,San Agustin Campestre,Colonia,San Pedro Garza García,Nuevo León,San Pedro Garza García,Urbano,https://postali.app/mx/nuevo-leon/san-pedro-garza-garcia/san-agustin-campestre
66270,San Patricio,Fraccionamiento,San Pedro Garza García,Nuevo León,San Pedro Garza García,Urbano,https://postali.app/mx/nuevo-leon/san-pedro-garza-garcia/san-patricio
66270,Veredalta,Colonia,San Pedro Garza García,Nuevo León,San Pedro Garza García,Urbano,https://postali.app/mx/nuevo-leon/san-pedro-garza-garcia/veredalta
66270,Zona Lomas de San Agustín,Colonia,San Pedro Garza García,Nuevo León,San Pedro Garza García,Urbano,https://postali.app/mx/nuevo-leon/san-pedro-garza-garcia/zona-lomas-de-san-agustin
66270,Zona Tampiquito,Colonia,San Pedro Garza García,Nuevo León,San Pedro Garza García,Urbano,https://postali.app/mx/nuevo-leon/san-pedro-garza-garcia/zona-tampiquito
66273,Villas de Aragón,Colonia,San Pedro Garza García,Nuevo León,San Pedro Garza García,Urbano,https://postali.app/mx/nuevo-leon/san-pedro-garza-garcia/villas-de-aragon
66273,Zona Montebello,Colonia,San Pedro Garza García,Nuevo León,San Pedro Garza García,Urbano,https://postali.app/mx/nuevo-leon/san-pedro-garza-garcia/zona-montebello
66274,El Secreto,Fraccionamiento,San Pedro Garza García,Nuevo León,San Pedro Garza García,Urbano,https://postali.app/mx/nuevo-leon/san-pedro-garza-garcia/el-secreto
66274,Jardines de San Agustin,Fraccionamiento,San Pedro Garza García,Nuevo León,San Pedro Garza García,Urbano,https://postali.app/mx/nuevo-leon/san-pedro-garza-garcia/jardines-de-san-agustin
66274,Zona Antigua Exhacienda San Agustín,Colonia,San Pedro Garza García,Nuevo León,San Pedro Garza García,Urbano,https://postali.app/mx/nuevo-leon/san-pedro-garza-garcia/zona-antigua-exhacienda-san-agustin
66275,Azhara,Fraccionamiento,San Pedro Garza García,Nuevo León,San Pedro Garza García,Urbano,https://postali.app/mx/nuevo-leon/san-pedro-garza-garcia/azhara
66275,Los Encinos de San Agustín,Fraccionamiento,San Pedro Garza García,Nuevo León,San Pedro Garza García,Urbano,https://postali.app/mx/nuevo-leon/san-pedro-garza-garcia/los-encinos-de-san-agustin
66275,Los Encinos de San Agustín 2,Fraccionamiento,San Pedro Garza García,Nuevo León,San Pedro Garza García,Urbano,https://postali.app/mx/nuevo-leon/san-pedro-garza-garcia/los-encinos-de-san-agustin-2
66275,Privada el Cóndor,Colonia,San Pedro Garza García,Nuevo León,San Pedro Garza García,Urbano,https://postali.app/mx/nuevo-leon/san-pedro-garza-garcia/privada-el-condor
66276,Hacienda San Agustin,Colonia,San Pedro Garza García,Nuevo León,San Pedro Garza García,Urbano,https://postali.app/mx/nuevo-leon/san-pedro-garza-garcia/hacienda-san-agustin
66276,Villa las Palmas,Fraccionamiento,San Pedro Garza García,Nuevo León,San Pedro Garza García,Urbano,https://postali.app/mx/nuevo-leon/san-pedro-garza-garcia/villa-las-palmas
66276,Zona Hacienda San Agustín,Colonia,San Pedro Garza García,Nuevo León,San Pedro Garza García,Urbano,https://postali.app/mx/nuevo-leon/san-pedro-garza-garcia/zona-hacienda-san-agustin
66276,Zona Lomas del Campestre,Colonia,San Pedro Garza García,Nuevo León,San Pedro Garza García,Urbano,https://postali.app/mx/nuevo-leon/san-pedro-garza-garcia/zona-lomas-del-campestre
66277,La Encantada,Colonia,San Pedro Garza García,Nuevo León,San Pedro Garza García,Urbano,https://postali.app/mx/nuevo-leon/san-pedro-garza-garcia/la-encantada
66277,Las Ceibas,Fraccionamiento,San Pedro Garza García,Nuevo León,San Pedro Garza García,Urbano,https://postali.app/mx/nuevo-leon/san-pedro-garza-garcia/las-ceibas
66277,Privada Real de San Agustín,Fraccionamiento,San Pedro Garza García,Nuevo León,San Pedro Garza García,Urbano,https://postali.app/mx/nuevo-leon/san-pedro-garza-garcia/privada-real-de-san-agustin
66277,Privada San Roberto,Colonia,San Pedro Garza García,Nuevo León,San Pedro Garza García,Urbano,https://postali.app/mx/nuevo-leon/san-pedro-garza-garcia/privada-san-roberto
66277,Santa Cruz,Colonia,San Pedro Garza García,Nuevo León,San Pedro Garza García,Urbano,https://postali.app/mx/nuevo-leon/san-pedro-garza-garcia/santa-cruz
66277,Turquesa,Fraccionamiento,San Pedro Garza García,Nuevo León,San Pedro Garza García,Urbano,https://postali.app/mx/nuevo-leon/san-pedro-garza-garcia/turquesa
66278,Alto Eucalipto,Colonia,San Pedro Garza García,Nuevo León,San Pedro Garza García,Urbano,https://postali.app/mx/nuevo-leon/san-pedro-garza-garcia/alto-eucalipto
66278,Antigua Hacienda San Agustin,Colonia,San Pedro Garza García,Nuevo León,San Pedro Garza García,Urbano,https://postali.app/mx/nuevo-leon/san-pedro-garza-garcia/antigua-hacienda-san-agustin
66278,Balcones de San Agustin,Colonia,San Pedro Garza García,Nuevo León,San Pedro Garza García,Urbano,https://postali.app/mx/nuevo-leon/san-pedro-garza-garcia/balcones-de-san-agustin
66278,Balcones Del Campestre,Fraccionamiento,San Pedro Garza García,Nuevo León,San Pedro Garza García,Urbano,https://postali.app/mx/nuevo-leon/san-pedro-garza-garcia/balcones-del-campestre
66278,Colonial San Agustin,Fraccionamiento,San Pedro Garza García,Nuevo León,San Pedro Garza García,Urbano,https://postali.app/mx/nuevo-leon/san-pedro-garza-garcia/colonial-san-agustin
66278,Corporativo Prodesa,Colonia,San Pedro Garza García,Nuevo León,San Pedro Garza García,Urbano,https://postali.app/mx/nuevo-leon/san-pedro-garza-garcia/corporativo-prodesa
66278,El Refugio,Colonia,San Pedro Garza García,Nuevo León,San Pedro Garza García,Urbano,https://postali.app/mx/nuevo-leon/san-pedro-garza-garcia/el-refugio
66278,Flor de Mayo,Colonia,San Pedro Garza García,Nuevo León,San Pedro Garza García,Urbano,https://postali.app/mx/nuevo-leon/san-pedro-garza-garcia/flor-de-mayo
66278,La Muralla,Colonia,San Pedro Garza García,Nuevo León,San Pedro Garza García,Urbano,https://postali.app/mx/nuevo-leon/san-pedro-garza-garcia/la-muralla
66278,Las Calzadas,Fraccionamiento,San Pedro Garza García,Nuevo León,San Pedro Garza García,Urbano,https://postali.app/mx/nuevo-leon/san-pedro-garza-garcia/las-calzadas
66278,Las Privanzas,Fraccionamiento,San Pedro Garza García,Nuevo León,San Pedro Garza García,Urbano,https://postali.app/mx/nuevo-leon/san-pedro-garza-garcia/las-privanzas
66278,Las Querenzas,Fraccionamiento,San Pedro Garza García,Nuevo León,San Pedro Garza García,Urbano,https://postali.app/mx/nuevo-leon/san-pedro-garza-garcia/las-querenzas
66278,Lomas de San Agustín 1er. Sector,Colonia,San Pedro Garza García,Nuevo León,San Pedro Garza García,Urbano,https://postali.app/mx/nuevo-leon/san-pedro-garza-garcia/lomas-de-san-agustin-1er-sector
66278,Lomas de San Agustín 2do. Sector,Colonia,San Pedro Garza García,Nuevo León,San Pedro Garza García,Urbano,https://postali.app/mx/nuevo-leon/san-pedro-garza-garcia/lomas-de-san-agustin-2do-sector
66278,Lomas de San Agustín 3er. Sector,Colonia,San Pedro Garza García,Nuevo León,San Pedro Garza García,Urbano,https://postali.app/mx/nuevo-leon/san-pedro-garza-garcia/lomas-de-san-agustin-3er-sector
66278,Lomas del Campestre,Fraccionamiento,San Pedro Garza García,Nuevo León,San Pedro Garza García,Urbano,https://postali.app/mx/nuevo-leon/san-pedro-garza-garcia/lomas-del-campestre
66278,Los Amates,Colonia,San Pedro Garza García,Nuevo León,San Pedro Garza García,Urbano,https://postali.app/mx/nuevo-leon/san-pedro-garza-garcia/los-amates
66278,Los Quetzales,Fraccionamiento,San Pedro Garza García,Nuevo León,San Pedro Garza García,Urbano,https://postali.app/mx/nuevo-leon/san-pedro-garza-garcia/los-quetzales
66278,Los Rincones,Colonia,San Pedro Garza García,Nuevo León,San Pedro Garza García,Urbano,https://postali.app/mx/nuevo-leon/san-pedro-garza-garcia/los-rincones
66278,Misión de San Agustín,Colonia,San Pedro Garza García,Nuevo León,San Pedro Garza García,Urbano,https://postali.app/mx/nuevo-leon/san-pedro-garza-garcia/mision-de-san-agustin
66278,Parque Corporativo Ucaly,Zona comercial,San Pedro Garza García,Nuevo León,San Pedro Garza García,Urbano,https://postali.app/mx/nuevo-leon/san-pedro-garza-garcia/parque-corporativo-ucaly
66278,Privada Lomas de San Agustin,Colonia,San Pedro Garza García,Nuevo León,San Pedro Garza García,Urbano,https://postali.app/mx/nuevo-leon/san-pedro-garza-garcia/privada-lomas-de-san-agustin
66278,Real de San Agustin,Colonia,San Pedro Garza García,Nuevo León,San Pedro Garza García,Urbano,https://postali.app/mx/nuevo-leon/san-pedro-garza-garcia/real-de-san-agustin
66278,Real Del Valle,Colonia,San Pedro Garza García,Nuevo León,San Pedro Garza García,Urbano,https://postali.app/mx/nuevo-leon/san-pedro-garza-garcia/real-del-valle
66278,Rincón del Campestre,Colonia,San Pedro Garza García,Nuevo León,San Pedro Garza García,Urbano,https://postali.app/mx/nuevo-leon/san-pedro-garza-garcia/rincon-del-campestre
66278,Santa Fe,Colonia,San Pedro Garza García,Nuevo León,San Pedro Garza García,Urbano,https://postali.app/mx/nuevo-leon/san-pedro-garza-garcia/santa-fe
66278,Valle de San Agustin,Colonia,San Pedro Garza García,Nuevo León,San Pedro Garza García,Urbano,https://postali.app/mx/nuevo-leon/san-pedro-garza-garcia/valle-de-san-agustin
66278,Villas Carmel,Colonia,San Pedro Garza García,Nuevo León,San Pedro Garza García,Urbano,https://postali.app/mx/nuevo-leon/san-pedro-garza-garcia/villas-carmel
66278,Zona San Agustín Campestre,Colonia,San Pedro Garza García,Nuevo León,San Pedro Garza García,Urbano,https://postali.app/mx/nuevo-leon/san-pedro-garza-garcia/zona-san-agustin-campestre
66278,Zona Valle Oriente,Colonia,San Pedro Garza García,Nuevo León,San Pedro Garza García,Urbano,https://postali.app/mx/nuevo-leon/san-pedro-garza-garcia/zona-valle-oriente
66279,Corporativo Santa Engracia,Zona comercial,San Pedro Garza García,Nuevo León,San Pedro Garza García,Urbano,https://postali.app/mx/nuevo-leon/san-pedro-garza-garcia/corporativo-santa-engracia
66279,Punto Central,Fraccionamiento,San Pedro Garza García,Nuevo León,San Pedro Garza García,Urbano,https://postali.app/mx/nuevo-leon/san-pedro-garza-garcia/punto-central
66280,Balcones Del Valle,Colonia,San Pedro Garza García,Nuevo León,San Pedro Garza García,Urbano,https://postali.app/mx/nuevo-leon/san-pedro-garza-garcia/balcones-del-valle
66280,Bosques de La Sierra 1er. Sector,Colonia,San Pedro Garza García,Nuevo León,San Pedro Garza García,Urbano,https://postali.app/mx/nuevo-leon/san-pedro-garza-garcia/bosques-de-la-sierra-1er-sector
66280,Colinas de La Sierra Madre,Colonia,San Pedro Garza García,Nuevo León,San Pedro Garza García,Urbano,https://postali.app/mx/nuevo-leon/san-pedro-garza-garcia/colinas-de-la-sierra-madre
66280,Pedregal Del Valle,Colonia,San Pedro Garza García,Nuevo León,San Pedro Garza García,Urbano,https://postali.app/mx/nuevo-leon/san-pedro-garza-garcia/pedregal-del-valle
66280,Villa del Pedregal,Colonia,San Pedro Garza García,Nuevo León,San Pedro Garza García,Urbano,https://postali.app/mx/nuevo-leon/san-pedro-garza-garcia/villa-del-pedregal
66280,Villas Crisantemo,Colonia,San Pedro Garza García,Nuevo León,San Pedro Garza García,Urbano,https://postali.app/mx/nuevo-leon/san-pedro-garza-garcia/villas-crisantemo
66280,Zona Bosques de la Sierra,Colonia,San Pedro Garza García,Nuevo León,San Pedro Garza García,Urbano,https://postali.app/mx/nuevo-leon/san-pedro-garza-garcia/zona-bosques-de-la-sierra
66284,El Sendero,Colonia,San Pedro Garza García,Nuevo León,San Pedro Garza García,Rural,https://postali.app/mx/nuevo-leon/san-pedro-garza-garcia/el-sendero
66284,La Milarda,Colonia,San Pedro Garza García,Nuevo León,San Pedro Garza García,Rural,https://postali.app/mx/nuevo-leon/san-pedro-garza-garcia/la-milarda
66284,La Sierrita,Colonia,San Pedro Garza García,Nuevo León,San Pedro Garza García,Rural,https://postali.app/mx/nuevo-leon/san-pedro-garza-garcia/la-sierrita
66284,Las Cañadas,Colonia,San Pedro Garza García,Nuevo León,San Pedro Garza García,Rural,https://postali.app/mx/nuevo-leon/san-pedro-garza-garcia/las-canadas
66284,Los Encinos,Colonia,San Pedro Garza García,Nuevo León,San Pedro Garza García,Rural,https://postali.app/mx/nuevo-leon/san-pedro-garza-garcia/los-encinos-66284
66284,Villa del Pedregal,Colonia,San Pedro Garza García,Nuevo León,San Pedro Garza García,Rural,https://postali.app/mx/nuevo-leon/san-pedro-garza-garcia/villa-del-pedregal-66284
66285,Sierra Nevada,Colonia,San Pedro Garza García,Nuevo León,San Pedro Garza García,Urbano,https://postali.app/mx/nuevo-leon/san-pedro-garza-garcia/sierra-nevada
66285,Villas del Valle,Colonia,San Pedro Garza García,Nuevo León,San Pedro Garza García,Urbano,https://postali.app/mx/nuevo-leon/san-pedro-garza-garcia/villas-del-valle
66285,Zona Bosques del Valle,Colonia,San Pedro Garza García,Nuevo León,San Pedro Garza García,Urbano,https://postali.app/mx/nuevo-leon/san-pedro-garza-garcia/zona-bosques-del-valle
66285,Zona Colinas Sierra Madre,Colonia,San Pedro Garza García,Nuevo León,San Pedro Garza García,Urbano,https://postali.app/mx/nuevo-leon/san-pedro-garza-garcia/zona-colinas-sierra-madre
66285,Zona Valle San Ángel,Colonia,San Pedro Garza García,Nuevo León,San Pedro Garza García,Urbano,https://postali.app/mx/nuevo-leon/san-pedro-garza-garcia/zona-valle-san-angel
66286,Colonial La Sierra,Colonia,San Pedro Garza García,Nuevo León,San Pedro Garza García,Urbano,https://postali.app/mx/nuevo-leon/san-pedro-garza-garcia/colonial-la-sierra
66286,El Santuario,Fraccionamiento,San Pedro Garza García,Nuevo León,San Pedro Garza García,Urbano,https://postali.app/mx/nuevo-leon/san-pedro-garza-garcia/el-santuario
66286,Residencial Sierra Del Valle,Colonia,San Pedro Garza García,Nuevo León,San Pedro Garza García,Urbano,https://postali.app/mx/nuevo-leon/san-pedro-garza-garcia/residencial-sierra-del-valle
66286,Zona el Santuario,Colonia,San Pedro Garza García,Nuevo León,San Pedro Garza García,Urbano,https://postali.app/mx/nuevo-leon/san-pedro-garza-garcia/zona-el-santuario
66287,Lomas Del Rosario,Colonia,San Pedro Garza García,Nuevo León,San Pedro Garza García,Urbano,https://postali.app/mx/nuevo-leon/san-pedro-garza-garcia/lomas-del-rosario
66287,Zona Pedregal del Valle,Colonia,San Pedro Garza García,Nuevo León,San Pedro Garza García,Urbano,https://postali.app/mx/nuevo-leon/san-pedro-garza-garcia/zona-pedregal-del-valle
66290,Bosques de San Ángel Sector Palmillas,Colonia,San Pedro Garza García,Nuevo León,San Pedro Garza García,Urbano,https://postali.app/mx/nuevo-leon/san-pedro-garza-garcia/bosques-de-san-angel-sector-palmillas
66290,Olinalá,Colonia,San Pedro Garza García,Nuevo León,San Pedro Garza García,Urbano,https://postali.app/mx/nuevo-leon/san-pedro-garza-garcia/olinala
66290,Privada Bosques,Fraccionamiento,San Pedro Garza García,Nuevo León,San Pedro Garza García,Urbano,https://postali.app/mx/nuevo-leon/san-pedro-garza-garcia/privada-bosques
66290,Valle de San Ángel Rincón Francés,Colonia,San Pedro Garza García,Nuevo León,San Pedro Garza García,Urbano,https://postali.app/mx/nuevo-leon/san-pedro-garza-garcia/valle-de-san-angel-rincon-frances
66290,Valle de San Ángel Sect Español,Colonia,San Pedro Garza García,Nuevo León,San Pedro Garza García,Urbano,https://postali.app/mx/nuevo-leon/san-pedro-garza-garcia/valle-de-san-angel-sect-espanol
66290,Valle de San Ángel Sect Frances,Colonia,San Pedro Garza García,Nuevo León,San Pedro Garza García,Urbano,https://postali.app/mx/nuevo-leon/san-pedro-garza-garcia/valle-de-san-angel-sect-frances
66290,Valle de San Ángel Sect Jardines,Colonia,San Pedro Garza García,Nuevo León,San Pedro Garza García,Urbano,https://postali.app/mx/nuevo-leon/san-pedro-garza-garcia/valle-de-san-angel-sect-jardines
66290,Valle de San Ángel Sect Mexicano,Colonia,San Pedro Garza García,Nuevo León,San Pedro Garza García,Urbano,https://postali.app/mx/nuevo-leon/san-pedro-garza-garcia/valle-de-san-angel-sect-mexicano
66295,Comercial Alpino Chipinque,Colonia,San Pedro Garza García,Nuevo León,San Pedro Garza García,Urbano,https://postali.app/mx/nuevo-leon/san-pedro-garza-garcia/comercial-alpino-chipinque
66295,Hacienda de Carrizalejo,Colonia,San Pedro Garza García,Nuevo León,San Pedro Garza García,Urbano,https://postali.app/mx/nuevo-leon/san-pedro-garza-garcia/hacienda-de-carrizalejo
66295,Joya del Venado,Colonia,San Pedro Garza García,Nuevo León,San Pedro Garza García,Urbano,https://postali.app/mx/nuevo-leon/san-pedro-garza-garcia/joya-del-venado
66295,La Joya de la Corona,Fraccionamiento,San Pedro Garza García,Nuevo León,San Pedro Garza García,Urbano,https://postali.app/mx/nuevo-leon/san-pedro-garza-garcia/la-joya-de-la-corona
66295,Lomas de San Ángel,Colonia,San Pedro Garza García,Nuevo León,San Pedro Garza García,Urbano,https://postali.app/mx/nuevo-leon/san-pedro-garza-garcia/lomas-de-san-angel
66295,Mesa de la Corona,Colonia,San Pedro Garza García,Nuevo León,San Pedro Garza García,Urbano,https://postali.app/mx/nuevo-leon/san-pedro-garza-garcia/mesa-de-la-corona
66295,Zona Alpino,Colonia,San Pedro Garza García,Nuevo León,San Pedro Garza García,Urbano,https://postali.app/mx/nuevo-leon/san-pedro-garza-garcia/zona-alpino
66296,Canoas,Paraje,San Pedro Garza García,Nuevo León,San Pedro Garza García,Urbano,https://postali.app/mx/nuevo-leon/san-pedro-garza-garcia/canoas
66296,Chipinque,Equipamiento,San Pedro Garza García,Nuevo León,San Pedro Garza García,Urbano,https://postali.app/mx/nuevo-leon/san-pedro-garza-garcia/chipinque
66296,Colinas de San Ángel,Colonia,San Pedro Garza García,Nuevo León,San Pedro Garza García,Urbano,https://postali.app/mx/nuevo-leon/san-pedro-garza-garcia/colinas-de-san-angel
66296,Las Delicias,Paraje,San Pedro Garza García,Nuevo León,San Pedro Garza García,Urbano,https://postali.app/mx/nuevo-leon/san-pedro-garza-garcia/las-delicias
66297,Las Alondras,Colonia,San Pedro Garza García,Nuevo León,San Pedro Garza García,Urbano,https://postali.app/mx/nuevo-leon/san-pedro-garza-garcia/las-alondras
66297,Los Encinos,Fraccionamiento,San Pedro Garza García,Nuevo León,San Pedro Garza García,Urbano,https://postali.app/mx/nuevo-leon/san-pedro-garza-garcia/los-encinos-66297
66297,Residencial Chipinque,Colonia,San Pedro Garza García,Nuevo León,San Pedro Garza García,Urbano,https://postali.app/mx/nuevo-leon/san-pedro-garza-garcia/residencial-chipinque
66297,Villa Chipinque,Colonia,San Pedro Garza García,Nuevo León,San Pedro Garza García,Urbano,https://postali.app/mx/nuevo-leon/san-pedro-garza-garcia/villa-chipinque
66297,Villas La Rivera,Colonia,San Pedro Garza García,Nuevo León,San Pedro Garza García,Urbano,https://postali.app/mx/nuevo-leon/san-pedro-garza-garcia/villas-la-rivera
66297,Zona Loma Blanca,Colonia,San Pedro Garza García,Nuevo León,San Pedro Garza García,Urbano,https://postali.app/mx/nuevo-leon/san-pedro-garza-garcia/zona-loma-blanca
66297,Zona Residencial Chipinque,Colonia,San Pedro Garza García,Nuevo León,San Pedro Garza García,Urbano,https://postali.app/mx/nuevo-leon/san-pedro-garza-garcia/zona-residencial-chipinque
66350,Cerrada del Valle,Fraccionamiento,Santa Catarina,Nuevo León,Ciudad Santa Catarina,Urbano,https://postali.app/mx/nuevo-leon/santa-catarina/cerrada-del-valle
66350,Cerrada del Valle Plus,Fraccionamiento,Santa Catarina,Nuevo León,Ciudad Santa Catarina,Urbano,https://postali.app/mx/nuevo-leon/santa-catarina/cerrada-del-valle-plus
66350,Ciudad Santa Catarina Centro,Colonia,Santa Catarina,Nuevo León,Ciudad Santa Catarina,Urbano,https://postali.app/mx/nuevo-leon/santa-catarina/ciudad-santa-catarina-centro
66350,El Castillo,Colonia,Santa Catarina,Nuevo León,Ciudad Santa Catarina,Urbano,https://postali.app/mx/nuevo-leon/santa-catarina/el-castillo
66350,Loma Pelona,Colonia,Santa Catarina,Nuevo León,Ciudad Santa Catarina,Urbano,https://postali.app/mx/nuevo-leon/santa-catarina/loma-pelona
66350,Lázaro Cárdenas,Colonia,Santa Catarina,Nuevo León,Ciudad Santa Catarina,Urbano,https://postali.app/mx/nuevo-leon/santa-catarina/lazaro-cardenas
66350,Mirador de Santa Catarina,Colonia,Santa Catarina,Nuevo León,Ciudad Santa Catarina,Urbano,https://postali.app/mx/nuevo-leon/santa-catarina/mirador-de-santa-catarina
66350,Nueva Santa Catarina,Colonia,Santa Catarina,Nuevo León,Ciudad Santa Catarina,Urbano,https://postali.app/mx/nuevo-leon/santa-catarina/nueva-santa-catarina
66350,Privada 10 de Mayo,Barrio,Santa Catarina,Nuevo León,Ciudad Santa Catarina,Urbano,https://postali.app/mx/nuevo-leon/santa-catarina/privada-10-de-mayo
66350,Privada las Flores,Fraccionamiento,Santa Catarina,Nuevo León,Ciudad Santa Catarina,Urbano,https://postali.app/mx/nuevo-leon/santa-catarina/privada-las-flores
66350,Privada Olivos,Fraccionamiento,Santa Catarina,Nuevo León,Ciudad Santa Catarina,Urbano,https://postali.app/mx/nuevo-leon/santa-catarina/privada-olivos
66350,Privada Roble,Fraccionamiento,Santa Catarina,Nuevo León,Ciudad Santa Catarina,Urbano,https://postali.app/mx/nuevo-leon/santa-catarina/privada-roble
66350,Real del Valle,Colonia,Santa Catarina,Nuevo León,Ciudad Santa Catarina,Urbano,https://postali.app/mx/nuevo-leon/santa-catarina/real-del-valle
66350,Residencial el Castillo,Fraccionamiento,Santa Catarina,Nuevo León,Ciudad Santa Catarina,Urbano,https://postali.app/mx/nuevo-leon/santa-catarina/residencial-el-castillo
66350,Residencial Panorámica,Colonia,Santa Catarina,Nuevo León,Ciudad Santa Catarina,Urbano,https://postali.app/mx/nuevo-leon/santa-catarina/residencial-panoramica
66350,Santa Martha I,Colonia,Santa Catarina,Nuevo León,Ciudad Santa Catarina,Urbano,https://postali.app/mx/nuevo-leon/santa-catarina/santa-martha-i
66350,Santa Martha II,Colonia,Santa Catarina,Nuevo León,Ciudad Santa Catarina,Urbano,https://postali.app/mx/nuevo-leon/santa-catarina/santa-martha-ii
66353,El Paraíso,Colonia,Santa Catarina,Nuevo León,Ciudad Santa Catarina,Urbano,https://postali.app/mx/nuevo-leon/santa-catarina/el-paraiso
66353,Privada San Patricio,Fraccionamiento,Santa Catarina,Nuevo León,Ciudad Santa Catarina,Urbano,https://postali.app/mx/nuevo-leon/santa-catarina/privada-san-patricio
66353,Privada Valle Poniente,Condominio,Santa Catarina,Nuevo León,Ciudad Santa Catarina,Urbano,https://postali.app/mx/nuevo-leon/santa-catarina/privada-valle-poniente
66353,Residencial la Huasteca,Fraccionamiento,Santa Catarina,Nuevo León,Ciudad Santa Catarina,Urbano,https://postali.app/mx/nuevo-leon/santa-catarina/residencial-la-huasteca
66353,Villas de la Huasteca,Condominio,Santa Catarina,Nuevo León,Ciudad Santa Catarina,Urbano,https://postali.app/mx/nuevo-leon/santa-catarina/villas-de-la-huasteca
66354,El Horreo,Fraccionamiento,Santa Catarina,Nuevo León,Ciudad Santa Catarina,Urbano,https://postali.app/mx/nuevo-leon/santa-catarina/el-horreo
66354,Enrique Rangel,Colonia,Santa Catarina,Nuevo León,Ciudad Santa Catarina,Urbano,https://postali.app/mx/nuevo-leon/santa-catarina/enrique-rangel
66354,INFONAVIT la Huasteca,Unidad habitacional,Santa Catarina,Nuevo León,Ciudad Santa Catarina,Urbano,https://postali.app/mx/nuevo-leon/santa-catarina/infonavit-la-huasteca
66354,INFONAVIT Santa Catarina,Unidad habitacional,Santa Catarina,Nuevo León,Ciudad Santa Catarina,Urbano,https://postali.app/mx/nuevo-leon/santa-catarina/infonavit-santa-catarina
66354,Mirador de la Huasteca,Colonia,Santa Catarina,Nuevo León,Ciudad Santa Catarina,Urbano,https://postali.app/mx/nuevo-leon/santa-catarina/mirador-de-la-huasteca
66354,Misión de la Huasteca,Fraccionamiento,Santa Catarina,Nuevo León,Ciudad Santa Catarina,Urbano,https://postali.app/mx/nuevo-leon/santa-catarina/mision-de-la-huasteca
66354,Pedregal la Huasteca,Fraccionamiento,Santa Catarina,Nuevo León,Ciudad Santa Catarina,Urbano,https://postali.app/mx/nuevo-leon/santa-catarina/pedregal-la-huasteca
66354,Privadas la Huasteca,Colonia,Santa Catarina,Nuevo León,Ciudad Santa Catarina,Urbano,https://postali.app/mx/nuevo-leon/santa-catarina/privadas-la-huasteca
66354,Privadas Sierra Madre Residencial,Fraccionamiento,Santa Catarina,Nuevo León,Ciudad Santa Catarina,Urbano,https://postali.app/mx/nuevo-leon/santa-catarina/privadas-sierra-madre-residencial
66354,Ventanas de La Huasteca,Colonia,Santa Catarina,Nuevo León,Ciudad Santa Catarina,Urbano,https://postali.app/mx/nuevo-leon/santa-catarina/ventanas-de-la-huasteca
66356,Alfonso Martínez Domínguez,Colonia,Santa Catarina,Nuevo León,Ciudad Santa Catarina,Urbano,https://postali.app/mx/nuevo-leon/santa-catarina/alfonso-martinez-dominguez
66356,Praderas Del Castillo,Colonia,Santa Catarina,Nuevo León,Ciudad Santa Catarina,Urbano,https://postali.app/mx/nuevo-leon/santa-catarina/praderas-del-castillo
66357,Balcones de Santa Catarina (Fomerrey 134),Colonia,Santa Catarina,Nuevo León,Ciudad Santa Catarina,Urbano,https://postali.app/mx/nuevo-leon/santa-catarina/balcones-de-santa-catarina-fomerrey-134
66357,Hacienda de Santa Catarina,Colonia,Santa Catarina,Nuevo León,Ciudad Santa Catarina,Urbano,https://postali.app/mx/nuevo-leon/santa-catarina/hacienda-de-santa-catarina
66357,Paseo de La Sierra,Colonia,Santa Catarina,Nuevo León,Ciudad Santa Catarina,Urbano,https://postali.app/mx/nuevo-leon/santa-catarina/paseo-de-la-sierra
66358,Antigua Santa Catarina,Colonia,Santa Catarina,Nuevo León,Ciudad Santa Catarina,Urbano,https://postali.app/mx/nuevo-leon/santa-catarina/antigua-santa-catarina
66358,Cordilleras del Virrey,Colonia,Santa Catarina,Nuevo León,Ciudad Santa Catarina,Urbano,https://postali.app/mx/nuevo-leon/santa-catarina/cordilleras-del-virrey
66358,Cumbres de Santa Catarina,Colonia,Santa Catarina,Nuevo León,Ciudad Santa Catarina,Urbano,https://postali.app/mx/nuevo-leon/santa-catarina/cumbres-de-santa-catarina
66358,General Francisco Naranjo,Colonia,Santa Catarina,Nuevo León,Ciudad Santa Catarina,Urbano,https://postali.app/mx/nuevo-leon/santa-catarina/general-francisco-naranjo
66358,Las Catarinas,Colonia,Santa Catarina,Nuevo León,Ciudad Santa Catarina,Urbano,https://postali.app/mx/nuevo-leon/santa-catarina/las-catarinas
66358,Luis Echeverría Álvarez,Colonia,Santa Catarina,Nuevo León,Ciudad Santa Catarina,Urbano,https://postali.app/mx/nuevo-leon/santa-catarina/luis-echeverria-alvarez
66358,Pedregal de Santa Catarina,Fraccionamiento,Santa Catarina,Nuevo León,Ciudad Santa Catarina,Urbano,https://postali.app/mx/nuevo-leon/santa-catarina/pedregal-de-santa-catarina
66358,Privada Encinos,Fraccionamiento,Santa Catarina,Nuevo León,Ciudad Santa Catarina,Urbano,https://postali.app/mx/nuevo-leon/santa-catarina/privada-encinos
66358,Puerta Del Sol,Colonia,Santa Catarina,Nuevo León,Ciudad Santa Catarina,Urbano,https://postali.app/mx/nuevo-leon/santa-catarina/puerta-del-sol
66358,Residencial de la Sierra,Fraccionamiento,Santa Catarina,Nuevo León,Ciudad Santa Catarina,Urbano,https://postali.app/mx/nuevo-leon/santa-catarina/residencial-de-la-sierra
66358,Zimix,Colonia,Santa Catarina,Nuevo León,Ciudad Santa Catarina,Urbano,https://postali.app/mx/nuevo-leon/santa-catarina/zimix
66358,Zimix Leones,Colonia,Santa Catarina,Nuevo León,Ciudad Santa Catarina,Urbano,https://postali.app/mx/nuevo-leon/santa-catarina/zimix-leones
66358,Zimix Norte,Colonia,Santa Catarina,Nuevo León,Ciudad Santa Catarina,Urbano,https://postali.app/mx/nuevo-leon/santa-catarina/zimix-norte
66358,Zimix Sur,Colonia,Santa Catarina,Nuevo León,Ciudad Santa Catarina,Urbano,https://postali.app/mx/nuevo-leon/santa-catarina/zimix-sur
66359,Bosques de la Sierra,Fraccionamiento,Santa Catarina,Nuevo León,Ciudad Santa Catarina,Urbano,https://postali.app/mx/nuevo-leon/santa-catarina/bosques-de-la-sierra
66359,Bosques de Santa Catarina,Fraccionamiento,Santa Catarina,Nuevo León,Ciudad Santa Catarina,Urbano,https://postali.app/mx/nuevo-leon/santa-catarina/bosques-de-santa-catarina
66359,INFONAVIT Lomas de Santa Catarina,Colonia,Santa Catarina,Nuevo León,Ciudad Santa Catarina,Urbano,https://postali.app/mx/nuevo-leon/santa-catarina/infonavit-lomas-de-santa-catarina
66359,La Puerta de La Huasteca,Fraccionamiento,Santa Catarina,Nuevo León,Ciudad Santa Catarina,Urbano,https://postali.app/mx/nuevo-leon/santa-catarina/la-puerta-de-la-huasteca
66359,Las Anacuas,Colonia,Santa Catarina,Nuevo León,Ciudad Santa Catarina,Urbano,https://postali.app/mx/nuevo-leon/santa-catarina/las-anacuas
66359,Lomas Altas,Fraccionamiento,Santa Catarina,Nuevo León,Ciudad Santa Catarina,Urbano,https://postali.app/mx/nuevo-leon/santa-catarina/lomas-altas
66359,Lomas de Santa Catarina,Colonia,Santa Catarina,Nuevo León,Ciudad Santa Catarina,Urbano,https://postali.app/mx/nuevo-leon/santa-catarina/lomas-de-santa-catarina
66359,Los Vitrales,Colonia,Santa Catarina,Nuevo León,Ciudad Santa Catarina,Urbano,https://postali.app/mx/nuevo-leon/santa-catarina/los-vitrales
66359,Mirador de las Mitras,Colonia,Santa Catarina,Nuevo León,Ciudad Santa Catarina,Urbano,https://postali.app/mx/nuevo-leon/santa-catarina/mirador-de-las-mitras
66359,Parque Industrial Sierra Madre,Zona industrial,Santa Catarina,Nuevo León,Ciudad Santa Catarina,Urbano,https://postali.app/mx/nuevo-leon/santa-catarina/parque-industrial-sierra-madre
66359,Prados de Santa Catarina,Colonia,Santa Catarina,Nuevo León,Ciudad Santa Catarina,Urbano,https://postali.app/mx/nuevo-leon/santa-catarina/prados-de-santa-catarina
66359,Privadas de La Montaña,Fraccionamiento,Santa Catarina,Nuevo León,Ciudad Santa Catarina,Urbano,https://postali.app/mx/nuevo-leon/santa-catarina/privadas-de-la-montana
66359,Residencial Santa Cecilia I,Fraccionamiento,Santa Catarina,Nuevo León,Ciudad Santa Catarina,Urbano,https://postali.app/mx/nuevo-leon/santa-catarina/residencial-santa-cecilia-i
66359,Residencial Santa Cecilia II,Fraccionamiento,Santa Catarina,Nuevo León,Ciudad Santa Catarina,Urbano,https://postali.app/mx/nuevo-leon/santa-catarina/residencial-santa-cecilia-ii
66359,Robles de Santa Catarina,Colonia,Santa Catarina,Nuevo León,Ciudad Santa Catarina,Urbano,https://postali.app/mx/nuevo-leon/santa-catarina/robles-de-santa-catarina
66359,Torres de Santa Catarina,Colonia,Santa Catarina,Nuevo León,Ciudad Santa Catarina,Urbano,https://postali.app/mx/nuevo-leon/santa-catarina/torres-de-santa-catarina
66359,Universidad Tecnológica de Santa Catarina,Equipamiento,Santa Catarina,Nuevo León,Ciudad Santa Catarina,Urbano,https://postali.app/mx/nuevo-leon/santa-catarina/universidad-tecnologica-de-santa-catarina
66359,Vistangello,Fraccionamiento,Santa Catarina,Nuevo León,Ciudad Santa Catarina,Urbano,https://postali.app/mx/nuevo-leon/santa-catarina/vistangello
66360,Adolfo López Mateos,Unidad habitacional,Santa Catarina,Nuevo León,Ciudad Santa Catarina,Urbano,https://postali.app/mx/nuevo-leon/santa-catarina/adolfo-lopez-mateos
66360,Colinas de Santa Catarina,Colonia,Santa Catarina,Nuevo León,Ciudad Santa Catarina,Urbano,https://postali.app/mx/nuevo-leon/santa-catarina/colinas-de-santa-catarina
66360,El Obispo JOMYCO,Zona industrial,Santa Catarina,Nuevo León,Ciudad Santa Catarina,Urbano,https://postali.app/mx/nuevo-leon/santa-catarina/el-obispo-jomyco
66360,Hacienda San José,Colonia,Santa Catarina,Nuevo León,Ciudad Santa Catarina,Urbano,https://postali.app/mx/nuevo-leon/santa-catarina/hacienda-san-jose
66360,Industrial Monte de los Olivos,Zona industrial,Santa Catarina,Nuevo León,Ciudad Santa Catarina,Urbano,https://postali.app/mx/nuevo-leon/santa-catarina/industrial-monte-de-los-olivos
66360,Industrial Unidad Nacional,Zona industrial,Santa Catarina,Nuevo León,Ciudad Santa Catarina,Urbano,https://postali.app/mx/nuevo-leon/santa-catarina/industrial-unidad-nacional
66360,INFONAVIT Adolfo López Mateos,Unidad habitacional,Santa Catarina,Nuevo León,Ciudad Santa Catarina,Urbano,https://postali.app/mx/nuevo-leon/santa-catarina/infonavit-adolfo-lopez-mateos
66360,INFONAVIT Cuauhtémoc,Unidad habitacional,Santa Catarina,Nuevo León,Ciudad Santa Catarina,Urbano,https://postali.app/mx/nuevo-leon/santa-catarina/infonavit-cuauhtemoc
66360,La Joya,Fraccionamiento,Santa Catarina,Nuevo León,Ciudad Santa Catarina,Urbano,https://postali.app/mx/nuevo-leon/santa-catarina/la-joya
66360,Misión Santa Catarina,Fraccionamiento,Santa Catarina,Nuevo León,Ciudad Santa Catarina,Urbano,https://postali.app/mx/nuevo-leon/santa-catarina/mision-santa-catarina
66360,Residencial Cuauhtémoc,Colonia,Santa Catarina,Nuevo León,Ciudad Santa Catarina,Urbano,https://postali.app/mx/nuevo-leon/santa-catarina/residencial-cuauhtemoc
66362,Bosques del Poniente,Fraccionamiento,Santa Catarina,Nuevo León,Ciudad Santa Catarina,Urbano,https://postali.app/mx/nuevo-leon/santa-catarina/bosques-del-poniente
66362,El Molino,Colonia,Santa Catarina,Nuevo León,Ciudad Santa Catarina,Urbano,https://postali.app/mx/nuevo-leon/santa-catarina/el-molino
66362,Jardines de Santa Catarina,Colonia,Santa Catarina,Nuevo León,Ciudad Santa Catarina,Urbano,https://postali.app/mx/nuevo-leon/santa-catarina/jardines-de-santa-catarina
66362,Las Margaritas,Fraccionamiento,Santa Catarina,Nuevo León,Ciudad Santa Catarina,Urbano,https://postali.app/mx/nuevo-leon/santa-catarina/las-margaritas
66362,Mercado de Abastos Poniente,Zona comercial,Santa Catarina,Nuevo León,Ciudad Santa Catarina,Urbano,https://postali.app/mx/nuevo-leon/santa-catarina/mercado-de-abastos-poniente
66362,Paseo del Prado,Fraccionamiento,Santa Catarina,Nuevo León,Ciudad Santa Catarina,Urbano,https://postali.app/mx/nuevo-leon/santa-catarina/paseo-del-prado
66362,Pio XII,Colonia,Santa Catarina,Nuevo León,Ciudad Santa Catarina,Urbano,https://postali.app/mx/nuevo-leon/santa-catarina/pio-xii
66362,Privada 5 de Mayo,Colonia,Santa Catarina,Nuevo León,Ciudad Santa Catarina,Urbano,https://postali.app/mx/nuevo-leon/santa-catarina/privada-5-de-mayo
66362,Residencial Arvore,Fraccionamiento,Santa Catarina,Nuevo León,Ciudad Santa Catarina,Urbano,https://postali.app/mx/nuevo-leon/santa-catarina/residencial-arvore
66362,Rincón de las Huertas,Colonia,Santa Catarina,Nuevo León,Ciudad Santa Catarina,Urbano,https://postali.app/mx/nuevo-leon/santa-catarina/rincon-de-las-huertas
66362,Valle de Santa Cruz,Fraccionamiento,Santa Catarina,Nuevo León,Ciudad Santa Catarina,Urbano,https://postali.app/mx/nuevo-leon/santa-catarina/valle-de-santa-cruz
66362,Villas de las Huertas,Fraccionamiento,Santa Catarina,Nuevo León,Ciudad Santa Catarina,Urbano,https://postali.app/mx/nuevo-leon/santa-catarina/villas-de-las-huertas
66362,Villas del Poniente Las Granadas,Fraccionamiento,Santa Catarina,Nuevo León,Ciudad Santa Catarina,Urbano,https://postali.app/mx/nuevo-leon/santa-catarina/villas-del-poniente-las-granadas
66363,El Escorial,Colonia,Santa Catarina,Nuevo León,Ciudad Santa Catarina,Urbano,https://postali.app/mx/nuevo-leon/santa-catarina/el-escorial
66363,Labores Nuevas,Colonia,Santa Catarina,Nuevo León,Ciudad Santa Catarina,Urbano,https://postali.app/mx/nuevo-leon/santa-catarina/labores-nuevas
66363,Senderos,Colonia,Santa Catarina,Nuevo León,Ciudad Santa Catarina,Urbano,https://postali.app/mx/nuevo-leon/santa-catarina/senderos
66364,Unión del Noreste,Colonia,Santa Catarina,Nuevo León,Ciudad Santa Catarina,Urbano,https://postali.app/mx/nuevo-leon/santa-catarina/union-del-noreste
66365,Mártires de Cananea,Colonia,Santa Catarina,Nuevo León,Ciudad Santa Catarina,Urbano,https://postali.app/mx/nuevo-leon/santa-catarina/martires-de-cananea
66365,Prados Del Rey,Colonia,Santa Catarina,Nuevo León,Ciudad Santa Catarina,Urbano,https://postali.app/mx/nuevo-leon/santa-catarina/prados-del-rey
66365,Prados Del Sol,Colonia,Santa Catarina,Nuevo León,Ciudad Santa Catarina,Urbano,https://postali.app/mx/nuevo-leon/santa-catarina/prados-del-sol
66365,Rincón de La Huasteca,Colonia,Santa Catarina,Nuevo León,Ciudad Santa Catarina,Urbano,https://postali.app/mx/nuevo-leon/santa-catarina/rincon-de-la-huasteca
66365,Villas Del Mirador,Fraccionamiento,Santa Catarina,Nuevo León,Ciudad Santa Catarina,Urbano,https://postali.app/mx/nuevo-leon/santa-catarina/villas-del-mirador
66365,Ápice,Fraccionamiento,Santa Catarina,Nuevo León,Ciudad Santa Catarina,Urbano,https://postali.app/mx/nuevo-leon/santa-catarina/apice
66365,Ápice Cuatro,Fraccionamiento,Santa Catarina,Nuevo León,Ciudad Santa Catarina,Urbano,https://postali.app/mx/nuevo-leon/santa-catarina/apice-cuatro
66365,Ápice Dos,Fraccionamiento,Santa Catarina,Nuevo León,Ciudad Santa Catarina,Urbano,https://postali.app/mx/nuevo-leon/santa-catarina/apice-dos
66365,Ápice Tres,Fraccionamiento,Santa Catarina,Nuevo León,Ciudad Santa Catarina,Urbano,https://postali.app/mx/nuevo-leon/santa-catarina/apice-tres
66366,Tepeyac,Colonia,Santa Catarina,Nuevo León,Ciudad Santa Catarina,Urbano,https://postali.app/mx/nuevo-leon/santa-catarina/tepeyac
66367,Bosques la Huasteca,Fraccionamiento,Santa Catarina,Nuevo León,Ciudad Santa Catarina,Urbano,https://postali.app/mx/nuevo-leon/santa-catarina/bosques-la-huasteca
66367,El Frutal,Colonia,Santa Catarina,Nuevo León,Ciudad Santa Catarina,Urbano,https://postali.app/mx/nuevo-leon/santa-catarina/el-frutal
66367,El Obispo,Zona industrial,Santa Catarina,Nuevo León,Ciudad Santa Catarina,Urbano,https://postali.app/mx/nuevo-leon/santa-catarina/el-obispo
66367,Forza Park,Zona industrial,Santa Catarina,Nuevo León,Ciudad Santa Catarina,Urbano,https://postali.app/mx/nuevo-leon/santa-catarina/forza-park
66367,Hacienda el Palmar,Fraccionamiento,Santa Catarina,Nuevo León,Ciudad Santa Catarina,Urbano,https://postali.app/mx/nuevo-leon/santa-catarina/hacienda-el-palmar
66367,Huasteca del Valle I,Colonia,Santa Catarina,Nuevo León,Ciudad Santa Catarina,Urbano,https://postali.app/mx/nuevo-leon/santa-catarina/huasteca-del-valle-i
66367,Industrial Santa Catarina,Zona industrial,Santa Catarina,Nuevo León,Ciudad Santa Catarina,Urbano,https://postali.app/mx/nuevo-leon/santa-catarina/industrial-santa-catarina
66367,Industrial Unidad Nacional II,Zona industrial,Santa Catarina,Nuevo León,Ciudad Santa Catarina,Urbano,https://postali.app/mx/nuevo-leon/santa-catarina/industrial-unidad-nacional-ii
66367,Los Viñedos,Fraccionamiento,Santa Catarina,Nuevo León,Ciudad Santa Catarina,Urbano,https://postali.app/mx/nuevo-leon/santa-catarina/los-vinedos
66367,Magna Industrial Park,Zona industrial,Santa Catarina,Nuevo León,Ciudad Santa Catarina,Urbano,https://postali.app/mx/nuevo-leon/santa-catarina/magna-industrial-park
66367,Metro Alianza Santa Catarina,Zona industrial,Santa Catarina,Nuevo León,Ciudad Santa Catarina,Urbano,https://postali.app/mx/nuevo-leon/santa-catarina/metro-alianza-santa-catarina
66367,Norberto Aguirre,Colonia,Santa Catarina,Nuevo León,Ciudad Santa Catarina,Urbano,https://postali.app/mx/nuevo-leon/santa-catarina/norberto-aguirre
66367,Parque Industrial AVIA,Zona industrial,Santa Catarina,Nuevo León,Ciudad Santa Catarina,Urbano,https://postali.app/mx/nuevo-leon/santa-catarina/parque-industrial-avia
66367,Parque Industrial del Poniente Kalos,Zona industrial,Santa Catarina,Nuevo León,Ciudad Santa Catarina,Urbano,https://postali.app/mx/nuevo-leon/santa-catarina/parque-industrial-del-poniente-kalos
66367,Parque Industrial Diamante,Zona industrial,Santa Catarina,Nuevo León,Ciudad Santa Catarina,Urbano,https://postali.app/mx/nuevo-leon/santa-catarina/parque-industrial-diamante
66367,Parque Industrial GONHER,Zona industrial,Santa Catarina,Nuevo León,Ciudad Santa Catarina,Urbano,https://postali.app/mx/nuevo-leon/santa-catarina/parque-industrial-gonher
66367,Parque Industrial la Concordia,Zona industrial,Santa Catarina,Nuevo León,Ciudad Santa Catarina,Urbano,https://postali.app/mx/nuevo-leon/santa-catarina/parque-industrial-la-concordia
66367,Parque Industrial la Esperanza,Zona industrial,Santa Catarina,Nuevo León,Ciudad Santa Catarina,Urbano,https://postali.app/mx/nuevo-leon/santa-catarina/parque-industrial-la-esperanza
66367,Parque Industrial la Puerta,Zona industrial,Santa Catarina,Nuevo León,Ciudad Santa Catarina,Urbano,https://postali.app/mx/nuevo-leon/santa-catarina/parque-industrial-la-puerta
66367,Parque Industrial las Torres,Zona industrial,Santa Catarina,Nuevo León,Ciudad Santa Catarina,Urbano,https://postali.app/mx/nuevo-leon/santa-catarina/parque-industrial-las-torres
66367,Parque Industrial los Nogales,Zona industrial,Santa Catarina,Nuevo León,Ciudad Santa Catarina,Urbano,https://postali.app/mx/nuevo-leon/santa-catarina/parque-industrial-los-nogales
66367,Parque Industrial Marfer,Zona industrial,Santa Catarina,Nuevo León,Ciudad Santa Catarina,Urbano,https://postali.app/mx/nuevo-leon/santa-catarina/parque-industrial-marfer
66367,Parque Industrial Martel de Santa Catarina,Zona industrial,Santa Catarina,Nuevo León,Ciudad Santa Catarina,Urbano,https://postali.app/mx/nuevo-leon/santa-catarina/parque-industrial-martel-de-santa-catarina
66367,Parque Industrial Milenium,Zona industrial,Santa Catarina,Nuevo León,Ciudad Santa Catarina,Urbano,https://postali.app/mx/nuevo-leon/santa-catarina/parque-industrial-milenium
66367,Parque Industrial Multitech,Zona industrial,Santa Catarina,Nuevo León,Ciudad Santa Catarina,Urbano,https://postali.app/mx/nuevo-leon/santa-catarina/parque-industrial-multitech
66367,Parque Industrial Pedreras,Zona industrial,Santa Catarina,Nuevo León,Ciudad Santa Catarina,Urbano,https://postali.app/mx/nuevo-leon/santa-catarina/parque-industrial-pedreras
66367,Parque Industrial Stiva Santa Catarina,Zona industrial,Santa Catarina,Nuevo León,Ciudad Santa Catarina,Urbano,https://postali.app/mx/nuevo-leon/santa-catarina/parque-industrial-stiva-santa-catarina
66367,Privada San Pedro Residencial,Fraccionamiento,Santa Catarina,Nuevo León,Ciudad Santa Catarina,Urbano,https://postali.app/mx/nuevo-leon/santa-catarina/privada-san-pedro-residencial
66367,Privadas de Santa Catarina,Colonia,Santa Catarina,Nuevo León,Ciudad Santa Catarina,Urbano,https://postali.app/mx/nuevo-leon/santa-catarina/privadas-de-santa-catarina
66367,Privadas de Santa Catarina Sector Elite,Fraccionamiento,Santa Catarina,Nuevo León,Ciudad Santa Catarina,Urbano,https://postali.app/mx/nuevo-leon/santa-catarina/privadas-de-santa-catarina-sector-elite
66367,Privadas del Parque,Fraccionamiento,Santa Catarina,Nuevo León,,Urbano,https://postali.app/mx/nuevo-leon/santa-catarina/privadas-del-parque
66367,Puerta de las Mitras,Colonia,Santa Catarina,Nuevo León,Ciudad Santa Catarina,Urbano,https://postali.app/mx/nuevo-leon/santa-catarina/puerta-de-las-mitras
66367,Regio Parque Industrial Santa Catarina,Zona industrial,Santa Catarina,Nuevo León,Ciudad Santa Catarina,Urbano,https://postali.app/mx/nuevo-leon/santa-catarina/regio-parque-industrial-santa-catarina
66367,Residencial de Santa Catarina,Colonia,Santa Catarina,Nuevo León,Ciudad Santa Catarina,Urbano,https://postali.app/mx/nuevo-leon/santa-catarina/residencial-de-santa-catarina
66367,Santa Catarina Industrial Park,Zona industrial,Santa Catarina,Nuevo León,Ciudad Santa Catarina,Urbano,https://postali.app/mx/nuevo-leon/santa-catarina/santa-catarina-industrial-park
66367,T.A.D. Pemex Refineria,Zona industrial,Santa Catarina,Nuevo León,Ciudad Santa Catarina,Urbano,https://postali.app/mx/nuevo-leon/santa-catarina/t-a-d-pemex-refineria
66367,Terra Park Santa Catarina,Zona industrial,Santa Catarina,Nuevo León,Ciudad Santa Catarina,Urbano,https://postali.app/mx/nuevo-leon/santa-catarina/terra-park-santa-catarina
66367,Terra Park Santa Catarina II,Zona industrial,Santa Catarina,Nuevo León,Ciudad Santa Catarina,Urbano,https://postali.app/mx/nuevo-leon/santa-catarina/terra-park-santa-catarina-ii
66367,Terra Park Santa Catarina IV,Zona industrial,Santa Catarina,Nuevo León,Ciudad Santa Catarina,Urbano,https://postali.app/mx/nuevo-leon/santa-catarina/terra-park-santa-catarina-iv
66368,Micro Empresarios,Zona comercial,Santa Catarina,Nuevo León,Ciudad Santa Catarina,Urbano,https://postali.app/mx/nuevo-leon/santa-catarina/micro-empresarios
66368,Parque 100,Zona industrial,Santa Catarina,Nuevo León,Ciudad Santa Catarina,Urbano,https://postali.app/mx/nuevo-leon/santa-catarina/parque-100
66368,Parque 200,Zona industrial,Santa Catarina,Nuevo León,Ciudad Santa Catarina,Urbano,https://postali.app/mx/nuevo-leon/santa-catarina/parque-200
66368,Parque 300,Zona industrial,Santa Catarina,Nuevo León,Ciudad Santa Catarina,Urbano,https://postali.app/mx/nuevo-leon/santa-catarina/parque-300
66368,Parque Industrial las Palmas,Zona industrial,Santa Catarina,Nuevo León,Ciudad Santa Catarina,Urbano,https://postali.app/mx/nuevo-leon/santa-catarina/parque-industrial-las-palmas
66368,Real de Santa Catarina,Fraccionamiento,Santa Catarina,Nuevo León,Ciudad Santa Catarina,Urbano,https://postali.app/mx/nuevo-leon/santa-catarina/real-de-santa-catarina
66368,Rincón de las Palmas,Colonia,Santa Catarina,Nuevo León,Ciudad Santa Catarina,Urbano,https://postali.app/mx/nuevo-leon/santa-catarina/rincon-de-las-palmas
66368,Rincón Del Poniente,Colonia,Santa Catarina,Nuevo León,Ciudad Santa Catarina,Urbano,https://postali.app/mx/nuevo-leon/santa-catarina/rincon-del-poniente
66368,San Francisco,Colonia,Santa Catarina,Nuevo León,Ciudad Santa Catarina,Urbano,https://postali.app/mx/nuevo-leon/santa-catarina/san-francisco
66368,Terra Park Colosio,Zona industrial,Santa Catarina,Nuevo León,Ciudad Santa Catarina,Urbano,https://postali.app/mx/nuevo-leon/santa-catarina/terra-park-colosio
66369,La Conquista,Colonia,Santa Catarina,Nuevo León,Ciudad Santa Catarina,Urbano,https://postali.app/mx/nuevo-leon/santa-catarina/la-conquista
66369,Las Sombrillas,Colonia,Santa Catarina,Nuevo León,Ciudad Santa Catarina,Urbano,https://postali.app/mx/nuevo-leon/santa-catarina/las-sombrillas
66369,Lomas del Poniente,Colonia,Santa Catarina,Nuevo León,Ciudad Santa Catarina,Urbano,https://postali.app/mx/nuevo-leon/santa-catarina/lomas-del-poniente
66369,Misión de las Villas,Colonia,Santa Catarina,Nuevo León,Ciudad Santa Catarina,Urbano,https://postali.app/mx/nuevo-leon/santa-catarina/mision-de-las-villas
66369,San Gilberto,Colonia,Santa Catarina,Nuevo León,Ciudad Santa Catarina,Urbano,https://postali.app/mx/nuevo-leon/santa-catarina/san-gilberto
66369,Visión de la Huasteca,Fraccionamiento,Santa Catarina,Nuevo León,Ciudad Santa Catarina,Urbano,https://postali.app/mx/nuevo-leon/santa-catarina/vision-de-la-huasteca
66370,Industrias del Poniente,Colonia,Santa Catarina,Nuevo León,Ciudad Santa Catarina,Urbano,https://postali.app/mx/nuevo-leon/santa-catarina/industrias-del-poniente
66373,27 de Mayo,Colonia,Santa Catarina,Nuevo León,Ciudad Santa Catarina,Urbano,https://postali.app/mx/nuevo-leon/santa-catarina/27-de-mayo
66373,Ampliación San Gregorio,Colonia,Santa Catarina,Nuevo León,Ciudad Santa Catarina,Urbano,https://postali.app/mx/nuevo-leon/santa-catarina/ampliacion-san-gregorio
66374,Albia Residencial,Fraccionamiento,Santa Catarina,Nuevo León,Ciudad Santa Catarina,Urbano,https://postali.app/mx/nuevo-leon/santa-catarina/albia-residencial
66374,Privada San Miguel la Huasteca,Fraccionamiento,Santa Catarina,Nuevo León,Ciudad Santa Catarina,Urbano,https://postali.app/mx/nuevo-leon/santa-catarina/privada-san-miguel-la-huasteca
66374,Virginia Tafich,Colonia,Santa Catarina,Nuevo León,Ciudad Santa Catarina,Urbano,https://postali.app/mx/nuevo-leon/santa-catarina/virginia-tafich
66375,29 de Julio,Colonia,Santa Catarina,Nuevo León,Ciudad Santa Catarina,Urbano,https://postali.app/mx/nuevo-leon/santa-catarina/29-de-julio
66375,Vista a la Sierra,Fraccionamiento,Santa Catarina,Nuevo León,Ciudad Santa Catarina,Urbano,https://postali.app/mx/nuevo-leon/santa-catarina/vista-a-la-sierra
66376,El Lechugal,Colonia,Santa Catarina,Nuevo León,Ciudad Santa Catarina,Urbano,https://postali.app/mx/nuevo-leon/santa-catarina/el-lechugal
66376,Santa Catalina,Colonia,Santa Catarina,Nuevo León,Ciudad Santa Catarina,Urbano,https://postali.app/mx/nuevo-leon/santa-catarina/santa-catalina
66376,Santa Julia,Colonia,Santa Catarina,Nuevo León,Ciudad Santa Catarina,Urbano,https://postali.app/mx/nuevo-leon/santa-catarina/santa-julia
66377,Las Sierras,Colonia,Santa Catarina,Nuevo León,Ciudad Santa Catarina,Urbano,https://postali.app/mx/nuevo-leon/santa-catarina/las-sierras
66377,San Gregorio,Colonia,Santa Catarina,Nuevo León,Ciudad Santa Catarina,Urbano,https://postali.app/mx/nuevo-leon/santa-catarina/san-gregorio
66378,Aurora,Colonia,Santa Catarina,Nuevo León,Ciudad Santa Catarina,Urbano,https://postali.app/mx/nuevo-leon/santa-catarina/aurora
66378,Aurorita,Colonia,Santa Catarina,Nuevo León,Ciudad Santa Catarina,Urbano,https://postali.app/mx/nuevo-leon/santa-catarina/aurorita
66380,Parque Industrial FINSA Santa Catarina,Zona industrial,Santa Catarina,Nuevo León,,Urbano,https://postali.app/mx/nuevo-leon/santa-catarina/parque-industrial-finsa-santa-catarina
66380,VYNMSA Santa Catarina Industrial Park II,Zona industrial,Santa Catarina,Nuevo León,,Urbano,https://postali.app/mx/nuevo-leon/santa-catarina/vynmsa-santa-catarina-industrial-park-ii
66384,Industrial Ligne,Zona industrial,Santa Catarina,Nuevo León,,Urbano,https://postali.app/mx/nuevo-leon/santa-catarina/industrial-ligne
66384,Parque Industrial Magna Park II,Zona industrial,Santa Catarina,Nuevo León,,Urbano,https://postali.app/mx/nuevo-leon/santa-catarina/parque-industrial-magna-park-ii
66384,Privada Industrial Aries,Zona industrial,Santa Catarina,Nuevo León,,Urbano,https://postali.app/mx/nuevo-leon/santa-catarina/privada-industrial-aries
66390,Desarrollo Industrial Monterrey,Zona industrial,Santa Catarina,Nuevo León,,Rural,https://postali.app/mx/nuevo-leon/santa-catarina/desarrollo-industrial-monterrey
66390,Parque Industrial Atlas,Zona industrial,Santa Catarina,Nuevo León,,Rural,https://postali.app/mx/nuevo-leon/santa-catarina/parque-industrial-atlas
66390,Parque Industrial Milimex,Zona industrial,Santa Catarina,Nuevo León,,Rural,https://postali.app/mx/nuevo-leon/santa-catarina/parque-industrial-milimex
66400,San Nicolás de los Garza Centro,Colonia,San Nicolás de los Garza,Nuevo León,San Nicolás de los Garza,Urbano,https://postali.app/mx/nuevo-leon/san-nicolas-de-los-garza/san-nicolas-de-los-garza-centro
66410,Benito Juárez,Colonia,San Nicolás de los Garza,Nuevo León,San Nicolás de los Garza,Urbano,https://postali.app/mx/nuevo-leon/san-nicolas-de-los-garza/benito-juarez
66410,Constituyentes Del 17,Colonia,San Nicolás de los Garza,Nuevo León,San Nicolás de los Garza,Urbano,https://postali.app/mx/nuevo-leon/san-nicolas-de-los-garza/constituyentes-del-17
66410,Ignacio Ramírez,Colonia,San Nicolás de los Garza,Nuevo León,San Nicolás de los Garza,Urbano,https://postali.app/mx/nuevo-leon/san-nicolas-de-los-garza/ignacio-ramirez
66410,La Enramada,Colonia,San Nicolás de los Garza,Nuevo León,San Nicolás de los Garza,Urbano,https://postali.app/mx/nuevo-leon/san-nicolas-de-los-garza/la-enramada
66410,Las Alamedas,Colonia,San Nicolás de los Garza,Nuevo León,San Nicolás de los Garza,Urbano,https://postali.app/mx/nuevo-leon/san-nicolas-de-los-garza/las-alamedas
66410,Miraflores,Colonia,San Nicolás de los Garza,Nuevo León,San Nicolás de los Garza,Urbano,https://postali.app/mx/nuevo-leon/san-nicolas-de-los-garza/miraflores
66410,México Lindo,Colonia,San Nicolás de los Garza,Nuevo León,San Nicolás de los Garza,Urbano,https://postali.app/mx/nuevo-leon/san-nicolas-de-los-garza/mexico-lindo
66410,Nicolás Bravo,Colonia,San Nicolás de los Garza,Nuevo León,San Nicolás de los Garza,Urbano,https://postali.app/mx/nuevo-leon/san-nicolas-de-los-garza/nicolas-bravo
66410,Privada Sendero Anáhuac,Colonia,San Nicolás de los Garza,Nuevo León,San Nicolás de los Garza,Urbano,https://postali.app/mx/nuevo-leon/san-nicolas-de-los-garza/privada-sendero-anahuac
66413,Bosques del Roble,Colonia,San Nicolás de los Garza,Nuevo León,San Nicolás de los Garza,Urbano,https://postali.app/mx/nuevo-leon/san-nicolas-de-los-garza/bosques-del-roble
66413,El Naranjal,Colonia,San Nicolás de los Garza,Nuevo León,San Nicolás de los Garza,Urbano,https://postali.app/mx/nuevo-leon/san-nicolas-de-los-garza/el-naranjal
66413,Rincón del Roble,Colonia,San Nicolás de los Garza,Nuevo León,San Nicolás de los Garza,Urbano,https://postali.app/mx/nuevo-leon/san-nicolas-de-los-garza/rincon-del-roble
66413,San Bartolo,Colonia,San Nicolás de los Garza,Nuevo León,San Nicolás de los Garza,Urbano,https://postali.app/mx/nuevo-leon/san-nicolas-de-los-garza/san-bartolo
66413,San Isidro,Colonia,San Nicolás de los Garza,Nuevo León,San Nicolás de los Garza,Urbano,https://postali.app/mx/nuevo-leon/san-nicolas-de-los-garza/san-isidro
66414,El Fundador,Colonia,San Nicolás de los Garza,Nuevo León,San Nicolás de los Garza,Urbano,https://postali.app/mx/nuevo-leon/san-nicolas-de-los-garza/el-fundador
66414,Jardines de San Nicolás,Colonia,San Nicolás de los Garza,Nuevo León,San Nicolás de los Garza,Urbano,https://postali.app/mx/nuevo-leon/san-nicolas-de-los-garza/jardines-de-san-nicolas
66414,Residencial El Roble,Colonia,San Nicolás de los Garza,Nuevo León,San Nicolás de los Garza,Urbano,https://postali.app/mx/nuevo-leon/san-nicolas-de-los-garza/residencial-el-roble
66414,Residencial Roble Cuarto Sector,Colonia,San Nicolás de los Garza,Nuevo León,San Nicolás de los Garza,Urbano,https://postali.app/mx/nuevo-leon/san-nicolas-de-los-garza/residencial-roble-cuarto-sector
66414,Residencial Roble Sector Tres,Colonia,San Nicolás de los Garza,Nuevo León,San Nicolás de los Garza,Urbano,https://postali.app/mx/nuevo-leon/san-nicolas-de-los-garza/residencial-roble-sector-tres
66414,Residencial San Nicolás,Colonia,San Nicolás de los Garza,Nuevo León,San Nicolás de los Garza,Urbano,https://postali.app/mx/nuevo-leon/san-nicolas-de-los-garza/residencial-san-nicolas
66414,Roble San Nicolás,Colonia,San Nicolás de los Garza,Nuevo León,San Nicolás de los Garza,Urbano,https://postali.app/mx/nuevo-leon/san-nicolas-de-los-garza/roble-san-nicolas
66414,Roble San Nicolás Sector 2,Colonia,San Nicolás de los Garza,Nuevo León,San Nicolás de los Garza,Urbano,https://postali.app/mx/nuevo-leon/san-nicolas-de-los-garza/roble-san-nicolas-sector-2
66414,Roble San Nicolás Sector 3,Colonia,San Nicolás de los Garza,Nuevo León,San Nicolás de los Garza,Urbano,https://postali.app/mx/nuevo-leon/san-nicolas-de-los-garza/roble-san-nicolas-sector-3
66414,Roble San Nicolás Sector Siete,Colonia,San Nicolás de los Garza,Nuevo León,San Nicolás de los Garza,Urbano,https://postali.app/mx/nuevo-leon/san-nicolas-de-los-garza/roble-san-nicolas-sector-siete
66415,Fomerrey 4 Mujeres Ilustres,Fraccionamiento,San Nicolás de los Garza,Nuevo León,San Nicolás de los Garza,Urbano,https://postali.app/mx/nuevo-leon/san-nicolas-de-los-garza/fomerrey-4-mujeres-ilustres
66415,Héroes de México,Colonia,San Nicolás de los Garza,Nuevo León,San Nicolás de los Garza,Urbano,https://postali.app/mx/nuevo-leon/san-nicolas-de-los-garza/heroes-de-mexico
66415,Villa Luz,Colonia,San Nicolás de los Garza,Nuevo León,San Nicolás de los Garza,Urbano,https://postali.app/mx/nuevo-leon/san-nicolas-de-los-garza/villa-luz
66417,Anáhuac Sendero,Fraccionamiento,San Nicolás de los Garza,Nuevo León,San Nicolás de los Garza,Urbano,https://postali.app/mx/nuevo-leon/san-nicolas-de-los-garza/anahuac-sendero
66417,Borana Residencial,Fraccionamiento,San Nicolás de los Garza,Nuevo León,San Nicolás de los Garza,Urbano,https://postali.app/mx/nuevo-leon/san-nicolas-de-los-garza/borana-residencial
66417,Hacienda del Roble,Fraccionamiento,San Nicolás de los Garza,Nuevo León,San Nicolás de los Garza,Urbano,https://postali.app/mx/nuevo-leon/san-nicolas-de-los-garza/hacienda-del-roble
66417,La Nogalera,Colonia,San Nicolás de los Garza,Nuevo León,San Nicolás de los Garza,Urbano,https://postali.app/mx/nuevo-leon/san-nicolas-de-los-garza/la-nogalera
66417,Portal del Roble,Fraccionamiento,San Nicolás de los Garza,Nuevo León,San Nicolás de los Garza,Urbano,https://postali.app/mx/nuevo-leon/san-nicolas-de-los-garza/portal-del-roble
66417,Residencial Roble Sector Seis,Colonia,San Nicolás de los Garza,Nuevo León,San Nicolás de los Garza,Urbano,https://postali.app/mx/nuevo-leon/san-nicolas-de-los-garza/residencial-roble-sector-seis
66417,Valle de las Alamedas,Colonia,San Nicolás de los Garza,Nuevo León,San Nicolás de los Garza,Urbano,https://postali.app/mx/nuevo-leon/san-nicolas-de-los-garza/valle-de-las-alamedas
66417,Valle Del Roble,Colonia,San Nicolás de los Garza,Nuevo León,San Nicolás de los Garza,Urbano,https://postali.app/mx/nuevo-leon/san-nicolas-de-los-garza/valle-del-roble
66417,Villas Del Roble,Colonia,San Nicolás de los Garza,Nuevo León,San Nicolás de los Garza,Urbano,https://postali.app/mx/nuevo-leon/san-nicolas-de-los-garza/villas-del-roble
66418,Centenario II,Colonia,San Nicolás de los Garza,Nuevo León,San Nicolás de los Garza,Urbano,https://postali.app/mx/nuevo-leon/san-nicolas-de-los-garza/centenario-ii
66418,Residencial Roble Sector 2,Colonia,San Nicolás de los Garza,Nuevo León,San Nicolás de los Garza,Urbano,https://postali.app/mx/nuevo-leon/san-nicolas-de-los-garza/residencial-roble-sector-2
66418,Valle Dorado,Colonia,San Nicolás de los Garza,Nuevo León,San Nicolás de los Garza,Urbano,https://postali.app/mx/nuevo-leon/san-nicolas-de-los-garza/valle-dorado
66418,Valle Sol,Fraccionamiento,San Nicolás de los Garza,Nuevo León,San Nicolás de los Garza,Urbano,https://postali.app/mx/nuevo-leon/san-nicolas-de-los-garza/valle-sol
66418,Viejo Roble,Colonia,San Nicolás de los Garza,Nuevo León,San Nicolás de los Garza,Urbano,https://postali.app/mx/nuevo-leon/san-nicolas-de-los-garza/viejo-roble
66420,Cerradas del Roble,Fraccionamiento,San Nicolás de los Garza,Nuevo León,San Nicolás de los Garza,Urbano,https://postali.app/mx/nuevo-leon/san-nicolas-de-los-garza/cerradas-del-roble
66420,Iturbide,Colonia,San Nicolás de los Garza,Nuevo León,San Nicolás de los Garza,Urbano,https://postali.app/mx/nuevo-leon/san-nicolas-de-los-garza/iturbide
66420,Las Villas,Colonia,San Nicolás de los Garza,Nuevo León,San Nicolás de los Garza,Urbano,https://postali.app/mx/nuevo-leon/san-nicolas-de-los-garza/las-villas
66420,Residencial Periférico,Colonia,San Nicolás de los Garza,Nuevo León,San Nicolás de los Garza,Urbano,https://postali.app/mx/nuevo-leon/san-nicolas-de-los-garza/residencial-periferico
66420,Villa Universidad,Colonia,San Nicolás de los Garza,Nuevo León,San Nicolás de los Garza,Urbano,https://postali.app/mx/nuevo-leon/san-nicolas-de-los-garza/villa-universidad
66420,Villazul,Colonia,San Nicolás de los Garza,Nuevo León,San Nicolás de los Garza,Urbano,https://postali.app/mx/nuevo-leon/san-nicolas-de-los-garza/villazul
66422,Balcones de Anáhuac,Colonia,San Nicolás de los Garza,Nuevo León,San Nicolás de los Garza,Urbano,https://postali.app/mx/nuevo-leon/san-nicolas-de-los-garza/balcones-de-anahuac
66422,El Mirador de San Nicolás (fomerrey 129),Colonia,San Nicolás de los Garza,Nuevo León,San Nicolás de los Garza,Urbano,https://postali.app/mx/nuevo-leon/san-nicolas-de-los-garza/el-mirador-de-san-nicolas-fomerrey-129
66422,Paraíso de Anáhuac,Fraccionamiento,San Nicolás de los Garza,Nuevo León,San Nicolás de los Garza,Urbano,https://postali.app/mx/nuevo-leon/san-nicolas-de-los-garza/paraiso-de-anahuac
66422,Reserva de Anáhuac,Fraccionamiento,San Nicolás de los Garza,Nuevo León,San Nicolás de los Garza,Urbano,https://postali.app/mx/nuevo-leon/san-nicolas-de-los-garza/reserva-de-anahuac
66422,Residencial Anáhuac Zona Norte,Colonia,San Nicolás de los Garza,Nuevo León,San Nicolás de los Garza,Urbano,https://postali.app/mx/nuevo-leon/san-nicolas-de-los-garza/residencial-anahuac-zona-norte
66422,Rincón de Anáhuac,Colonia,San Nicolás de los Garza,Nuevo León,San Nicolás de los Garza,Urbano,https://postali.app/mx/nuevo-leon/san-nicolas-de-los-garza/rincon-de-anahuac
66422,Villas de Anáhuac,Colonia,San Nicolás de los Garza,Nuevo León,San Nicolás de los Garza,Urbano,https://postali.app/mx/nuevo-leon/san-nicolas-de-los-garza/villas-de-anahuac
66423,Nuevo Periférico,Colonia,San Nicolás de los Garza,Nuevo León,San Nicolás de los Garza,Urbano,https://postali.app/mx/nuevo-leon/san-nicolas-de-los-garza/nuevo-periferico
66424,Periférico Norte,Colonia,San Nicolás de los Garza,Nuevo León,San Nicolás de los Garza,Urbano,https://postali.app/mx/nuevo-leon/san-nicolas-de-los-garza/periferico-norte
66425,Colinas de Anáhuac,Fraccionamiento,San Nicolás de los Garza,Nuevo León,San Nicolás de los Garza,Urbano,https://postali.app/mx/nuevo-leon/san-nicolas-de-los-garza/colinas-de-anahuac
66425,Estación Ramon Treviño,Colonia,San Nicolás de los Garza,Nuevo León,San Nicolás de los Garza,Urbano,https://postali.app/mx/nuevo-leon/san-nicolas-de-los-garza/estacion-ramon-trevino
66425,Getsemani,Colonia,San Nicolás de los Garza,Nuevo León,San Nicolás de los Garza,Urbano,https://postali.app/mx/nuevo-leon/san-nicolas-de-los-garza/getsemani
66425,Parque Industrial Stiva Barragán,Zona industrial,San Nicolás de los Garza,Nuevo León,San Nicolás de los Garza,Urbano,https://postali.app/mx/nuevo-leon/san-nicolas-de-los-garza/parque-industrial-stiva-barragan
66425,Privada Residencia Hacienda Anáhuac,Fraccionamiento,San Nicolás de los Garza,Nuevo León,San Nicolás de los Garza,Urbano,https://postali.app/mx/nuevo-leon/san-nicolas-de-los-garza/privada-residencia-hacienda-anahuac
66425,Tabachines,Colonia,San Nicolás de los Garza,Nuevo León,San Nicolás de los Garza,Urbano,https://postali.app/mx/nuevo-leon/san-nicolas-de-los-garza/tabachines
66425,Zona Industrial,Zona industrial,San Nicolás de los Garza,Nuevo León,San Nicolás de los Garza,Urbano,https://postali.app/mx/nuevo-leon/san-nicolas-de-los-garza/zona-industrial
66427,Villa Real,Fraccionamiento,San Nicolás de los Garza,Nuevo León,San Nicolás de los Garza,Urbano,https://postali.app/mx/nuevo-leon/san-nicolas-de-los-garza/villa-real
66428,Casa Bella,Colonia,San Nicolás de los Garza,Nuevo León,San Nicolás de los Garza,Urbano,https://postali.app/mx/nuevo-leon/san-nicolas-de-los-garza/casa-bella
66428,Las Misiones,Colonia,San Nicolás de los Garza,Nuevo León,San Nicolás de los Garza,Urbano,https://postali.app/mx/nuevo-leon/san-nicolas-de-los-garza/las-misiones
66428,Privada Casa Bella,Colonia,San Nicolás de los Garza,Nuevo León,San Nicolás de los Garza,Urbano,https://postali.app/mx/nuevo-leon/san-nicolas-de-los-garza/privada-casa-bella
66430,Betel,Colonia,San Nicolás de los Garza,Nuevo León,San Nicolás de los Garza,Urbano,https://postali.app/mx/nuevo-leon/san-nicolas-de-los-garza/betel
66430,Congregación Mariano Escobedo,Colonia,San Nicolás de los Garza,Nuevo León,San Nicolás de los Garza,Urbano,https://postali.app/mx/nuevo-leon/san-nicolas-de-los-garza/congregacion-mariano-escobedo
66430,El Refugio Sector 1,Colonia,San Nicolás de los Garza,Nuevo León,San Nicolás de los Garza,Urbano,https://postali.app/mx/nuevo-leon/san-nicolas-de-los-garza/el-refugio-sector-1
66430,El Refugio Sector 2,Colonia,San Nicolás de los Garza,Nuevo León,San Nicolás de los Garza,Urbano,https://postali.app/mx/nuevo-leon/san-nicolas-de-los-garza/el-refugio-sector-2
66430,Francisco Villa,Colonia,San Nicolás de los Garza,Nuevo León,San Nicolás de los Garza,Urbano,https://postali.app/mx/nuevo-leon/san-nicolas-de-los-garza/francisco-villa
66430,La Gloria,Colonia,San Nicolás de los Garza,Nuevo León,San Nicolás de los Garza,Urbano,https://postali.app/mx/nuevo-leon/san-nicolas-de-los-garza/la-gloria
66430,Los Nogales,Colonia,San Nicolás de los Garza,Nuevo León,San Nicolás de los Garza,Urbano,https://postali.app/mx/nuevo-leon/san-nicolas-de-los-garza/los-nogales
66430,Los Álamos,Colonia,San Nicolás de los Garza,Nuevo León,San Nicolás de los Garza,Urbano,https://postali.app/mx/nuevo-leon/san-nicolas-de-los-garza/los-alamos
66430,Rincón de los Álamos,Fraccionamiento,San Nicolás de los Garza,Nuevo León,San Nicolás de los Garza,Urbano,https://postali.app/mx/nuevo-leon/san-nicolas-de-los-garza/rincon-de-los-alamos
66430,San Antonio,Colonia,San Nicolás de los Garza,Nuevo León,San Nicolás de los Garza,Urbano,https://postali.app/mx/nuevo-leon/san-nicolas-de-los-garza/san-antonio
66430,San Ignacio,Fraccionamiento,San Nicolás de los Garza,Nuevo León,San Nicolás de los Garza,Urbano,https://postali.app/mx/nuevo-leon/san-nicolas-de-los-garza/san-ignacio
66430,Santa María,Colonia,San Nicolás de los Garza,Nuevo León,San Nicolás de los Garza,Urbano,https://postali.app/mx/nuevo-leon/san-nicolas-de-los-garza/santa-maria
66434,Rivera San Nicolás,Colonia,San Nicolás de los Garza,Nuevo León,San Nicolás de los Garza,Urbano,https://postali.app/mx/nuevo-leon/san-nicolas-de-los-garza/rivera-san-nicolas
66435,Rincón de los Cedros,Colonia,San Nicolás de los Garza,Nuevo León,San Nicolás de los Garza,Urbano,https://postali.app/mx/nuevo-leon/san-nicolas-de-los-garza/rincon-de-los-cedros
66436,Las Nuevas Puente,Colonia,San Nicolás de los Garza,Nuevo León,San Nicolás de los Garza,Urbano,https://postali.app/mx/nuevo-leon/san-nicolas-de-los-garza/las-nuevas-puente
66436,Praderas de Santo Domingo,Colonia,San Nicolás de los Garza,Nuevo León,San Nicolás de los Garza,Urbano,https://postali.app/mx/nuevo-leon/san-nicolas-de-los-garza/praderas-de-santo-domingo
66437,Poblado de Santo Domingo,Colonia,San Nicolás de los Garza,Nuevo León,San Nicolás de los Garza,Urbano,https://postali.app/mx/nuevo-leon/san-nicolas-de-los-garza/poblado-de-santo-domingo
66437,Valle de San Carlos,Colonia,San Nicolás de los Garza,Nuevo León,San Nicolás de los Garza,Urbano,https://postali.app/mx/nuevo-leon/san-nicolas-de-los-garza/valle-de-san-carlos
66437,Vicente Guerrero (fomerrey 46),Colonia,San Nicolás de los Garza,Nuevo León,San Nicolás de los Garza,Urbano,https://postali.app/mx/nuevo-leon/san-nicolas-de-los-garza/vicente-guerrero-fomerrey-46
66437,Villas de Santo Domingo,Colonia,San Nicolás de los Garza,Nuevo León,San Nicolás de los Garza,Urbano,https://postali.app/mx/nuevo-leon/san-nicolas-de-los-garza/villas-de-santo-domingo
66438,Valle de las Flores,Colonia,San Nicolás de los Garza,Nuevo León,San Nicolás de los Garza,Urbano,https://postali.app/mx/nuevo-leon/san-nicolas-de-los-garza/valle-de-las-flores
66438,Valle de Santo Domingo,Colonia,San Nicolás de los Garza,Nuevo León,San Nicolás de los Garza,Urbano,https://postali.app/mx/nuevo-leon/san-nicolas-de-los-garza/valle-de-santo-domingo
66440,Los Morales,Colonia,San Nicolás de los Garza,Nuevo León,San Nicolás de los Garza,Urbano,https://postali.app/mx/nuevo-leon/san-nicolas-de-los-garza/los-morales
66440,Los Nogales (Fomerrey 44),Colonia,San Nicolás de los Garza,Nuevo León,San Nicolás de los Garza,Urbano,https://postali.app/mx/nuevo-leon/san-nicolas-de-los-garza/los-nogales-fomerrey-44
66440,Nuevo Mezquital,Colonia,San Nicolás de los Garza,Nuevo León,San Nicolás de los Garza,Urbano,https://postali.app/mx/nuevo-leon/san-nicolas-de-los-garza/nuevo-mezquital
66440,Torres de Santo Domingo,Colonia,San Nicolás de los Garza,Nuevo León,San Nicolás de los Garza,Urbano,https://postali.app/mx/nuevo-leon/san-nicolas-de-los-garza/torres-de-santo-domingo
66440,Unidad Laboral,Unidad habitacional,San Nicolás de los Garza,Nuevo León,San Nicolás de los Garza,Urbano,https://postali.app/mx/nuevo-leon/san-nicolas-de-los-garza/unidad-laboral
66444,Carmen Romano de López Portillo (Fomerrey 27),Colonia,San Nicolás de los Garza,Nuevo León,San Nicolás de los Garza,Urbano,https://postali.app/mx/nuevo-leon/san-nicolas-de-los-garza/carmen-romano-de-lopez-portillo-fomerrey-27
66444,Fuentes de Anáhuac,Fraccionamiento,San Nicolás de los Garza,Nuevo León,San Nicolás de los Garza,Urbano,https://postali.app/mx/nuevo-leon/san-nicolas-de-los-garza/fuentes-de-anahuac
66444,Paseo de los Andes,Colonia,San Nicolás de los Garza,Nuevo León,San Nicolás de los Garza,Urbano,https://postali.app/mx/nuevo-leon/san-nicolas-de-los-garza/paseo-de-los-andes
66444,Paseo San Nicolás 2do Sector,Fraccionamiento,San Nicolás de los Garza,Nuevo León,San Nicolás de los Garza,Urbano,https://postali.app/mx/nuevo-leon/san-nicolas-de-los-garza/paseo-san-nicolas-2do-sector
66444,Pedregal de Santo Domingo,Colonia,San Nicolás de los Garza,Nuevo León,San Nicolás de los Garza,Urbano,https://postali.app/mx/nuevo-leon/san-nicolas-de-los-garza/pedregal-de-santo-domingo
66444,Prados de Santo Domingo,Colonia,San Nicolás de los Garza,Nuevo León,San Nicolás de los Garza,Urbano,https://postali.app/mx/nuevo-leon/san-nicolas-de-los-garza/prados-de-santo-domingo
66444,Privada Santo Domingo,Condominio,San Nicolás de los Garza,Nuevo León,San Nicolás de los Garza,Urbano,https://postali.app/mx/nuevo-leon/san-nicolas-de-los-garza/privada-santo-domingo
66444,Real Anáhuac,Fraccionamiento,San Nicolás de los Garza,Nuevo León,San Nicolás de los Garza,Urbano,https://postali.app/mx/nuevo-leon/san-nicolas-de-los-garza/real-anahuac
66445,Albaterra Residencial,Fraccionamiento,San Nicolás de los Garza,Nuevo León,San Nicolás de los Garza,Urbano,https://postali.app/mx/nuevo-leon/san-nicolas-de-los-garza/albaterra-residencial
66445,Fraccionamiento Industrial los Parques,Zona industrial,San Nicolás de los Garza,Nuevo León,San Nicolás de los Garza,Urbano,https://postali.app/mx/nuevo-leon/san-nicolas-de-los-garza/fraccionamiento-industrial-los-parques
66445,Jardines Del Mezquital,Colonia,San Nicolás de los Garza,Nuevo León,San Nicolás de los Garza,Urbano,https://postali.app/mx/nuevo-leon/san-nicolas-de-los-garza/jardines-del-mezquital
66445,Valle del Mezquital (Fomerrey 30),Colonia,San Nicolás de los Garza,Nuevo León,San Nicolás de los Garza,Urbano,https://postali.app/mx/nuevo-leon/san-nicolas-de-los-garza/valle-del-mezquital-fomerrey-30
66446,Anáhuac la Escondida,Fraccionamiento,San Nicolás de los Garza,Nuevo León,San Nicolás de los Garza,Urbano,https://postali.app/mx/nuevo-leon/san-nicolas-de-los-garza/anahuac-la-escondida
66446,Balcones de Santo Domingo,Colonia,San Nicolás de los Garza,Nuevo León,San Nicolás de los Garza,Urbano,https://postali.app/mx/nuevo-leon/san-nicolas-de-los-garza/balcones-de-santo-domingo
66446,Paseo San Nicolás,Colonia,San Nicolás de los Garza,Nuevo León,San Nicolás de los Garza,Urbano,https://postali.app/mx/nuevo-leon/san-nicolas-de-los-garza/paseo-san-nicolas
66447,Santo Domingo (Fom. 34),Colonia,San Nicolás de los Garza,Nuevo León,San Nicolás de los Garza,Urbano,https://postali.app/mx/nuevo-leon/san-nicolas-de-los-garza/santo-domingo-fom-34
66448,Arboledas de Santo Domingo,Colonia,San Nicolás de los Garza,Nuevo León,San Nicolás de los Garza,Urbano,https://postali.app/mx/nuevo-leon/san-nicolas-de-los-garza/arboledas-de-santo-domingo
66448,Los Naranjos,Colonia,San Nicolás de los Garza,Nuevo León,San Nicolás de los Garza,Urbano,https://postali.app/mx/nuevo-leon/san-nicolas-de-los-garza/los-naranjos
66448,Residencial Santo Domingo,Colonia,San Nicolás de los Garza,Nuevo León,San Nicolás de los Garza,Urbano,https://postali.app/mx/nuevo-leon/san-nicolas-de-los-garza/residencial-santo-domingo
66449,Aquiles Serdán (Fomerrey 33),Colonia,San Nicolás de los Garza,Nuevo León,San Nicolás de los Garza,Urbano,https://postali.app/mx/nuevo-leon/san-nicolas-de-los-garza/aquiles-serdan-fomerrey-33
66449,Arboledas del Mezquital,Colonia,San Nicolás de los Garza,Nuevo León,San Nicolás de los Garza,Urbano,https://postali.app/mx/nuevo-leon/san-nicolas-de-los-garza/arboledas-del-mezquital
66449,Fomerrey 119,Colonia,San Nicolás de los Garza,Nuevo León,San Nicolás de los Garza,Urbano,https://postali.app/mx/nuevo-leon/san-nicolas-de-los-garza/fomerrey-119
66449,Hacienda de Santo Domingo,Colonia,San Nicolás de los Garza,Nuevo León,San Nicolás de los Garza,Urbano,https://postali.app/mx/nuevo-leon/san-nicolas-de-los-garza/hacienda-de-santo-domingo
66449,Parques de Santo Domingo,Colonia,San Nicolás de los Garza,Nuevo León,San Nicolás de los Garza,Urbano,https://postali.app/mx/nuevo-leon/san-nicolas-de-los-garza/parques-de-santo-domingo
66449,Residencial Santo Domingo Sector 2,Colonia,San Nicolás de los Garza,Nuevo León,San Nicolás de los Garza,Urbano,https://postali.app/mx/nuevo-leon/san-nicolas-de-los-garza/residencial-santo-domingo-sector-2
66449,Torres de Santo Domingo (Fomerrey 118),Colonia,San Nicolás de los Garza,Nuevo León,San Nicolás de los Garza,Urbano,https://postali.app/mx/nuevo-leon/san-nicolas-de-los-garza/torres-de-santo-domingo-fomerrey-118
66450,Anáhuac,Colonia,San Nicolás de los Garza,Nuevo León,San Nicolás de los Garza,Urbano,https://postali.app/mx/nuevo-leon/san-nicolas-de-los-garza/anahuac
66450,Avita Anáhuac,Fraccionamiento,San Nicolás de los Garza,Nuevo León,San Nicolás de los Garza,Urbano,https://postali.app/mx/nuevo-leon/san-nicolas-de-los-garza/avita-anahuac
66450,Chapultepec,Colonia,San Nicolás de los Garza,Nuevo León,San Nicolás de los Garza,Urbano,https://postali.app/mx/nuevo-leon/san-nicolas-de-los-garza/chapultepec
66450,Cuauhtémoc,Colonia,San Nicolás de los Garza,Nuevo León,San Nicolás de los Garza,Urbano,https://postali.app/mx/nuevo-leon/san-nicolas-de-los-garza/cuauhtemoc
66450,El Roble,Colonia,San Nicolás de los Garza,Nuevo León,San Nicolás de los Garza,Urbano,https://postali.app/mx/nuevo-leon/san-nicolas-de-los-garza/el-roble
66450,Lomas del Roble,Colonia,San Nicolás de los Garza,Nuevo León,San Nicolás de los Garza,Urbano,https://postali.app/mx/nuevo-leon/san-nicolas-de-los-garza/lomas-del-roble
66450,Pedregal de Anáhuac,Fraccionamiento,San Nicolás de los Garza,Nuevo León,San Nicolás de los Garza,Urbano,https://postali.app/mx/nuevo-leon/san-nicolas-de-los-garza/pedregal-de-anahuac
66450,Prival de Anáhuac,Fraccionamiento,San Nicolás de los Garza,Nuevo León,San Nicolás de los Garza,Urbano,https://postali.app/mx/nuevo-leon/san-nicolas-de-los-garza/prival-de-anahuac
66450,Royal,Fraccionamiento,San Nicolás de los Garza,Nuevo León,San Nicolás de los Garza,Urbano,https://postali.app/mx/nuevo-leon/san-nicolas-de-los-garza/royal
66450,Valle de Anáhuac,Colonia,San Nicolás de los Garza,Nuevo León,San Nicolás de los Garza,Urbano,https://postali.app/mx/nuevo-leon/san-nicolas-de-los-garza/valle-de-anahuac
66450,Viejo Anáhuac,Colonia,San Nicolás de los Garza,Nuevo León,San Nicolás de los Garza,Urbano,https://postali.app/mx/nuevo-leon/san-nicolas-de-los-garza/viejo-anahuac
66455,Ciudad Universitaria,Colonia,San Nicolás de los Garza,Nuevo León,San Nicolás de los Garza,Urbano,https://postali.app/mx/nuevo-leon/san-nicolas-de-los-garza/ciudad-universitaria
66456,Ancestra,Fraccionamiento,San Nicolás de los Garza,Nuevo León,San Nicolás de los Garza,Urbano,https://postali.app/mx/nuevo-leon/san-nicolas-de-los-garza/ancestra
66456,Parque Anáhuac,Colonia,San Nicolás de los Garza,Nuevo León,San Nicolás de los Garza,Urbano,https://postali.app/mx/nuevo-leon/san-nicolas-de-los-garza/parque-anahuac
66456,Potrero Anáhuac,Colonia,San Nicolás de los Garza,Nuevo León,San Nicolás de los Garza,Urbano,https://postali.app/mx/nuevo-leon/san-nicolas-de-los-garza/potrero-anahuac
66457,Residencial Anáhuac,Colonia,San Nicolás de los Garza,Nuevo León,San Nicolás de los Garza,Urbano,https://postali.app/mx/nuevo-leon/san-nicolas-de-los-garza/residencial-anahuac
66458,Roble Norte,Colonia,San Nicolás de los Garza,Nuevo León,San Nicolás de los Garza,Urbano,https://postali.app/mx/nuevo-leon/san-nicolas-de-los-garza/roble-norte
66459,Nuevo Laredo,Colonia,San Nicolás de los Garza,Nuevo León,San Nicolás de los Garza,Urbano,https://postali.app/mx/nuevo-leon/san-nicolas-de-los-garza/nuevo-laredo
66460,Anáhuac 11,Condominio,San Nicolás de los Garza,Nuevo León,San Nicolás de los Garza,Urbano,https://postali.app/mx/nuevo-leon/san-nicolas-de-los-garza/anahuac-11
66460,Año de Juárez (Fomerrey 86),Colonia,San Nicolás de los Garza,Nuevo León,San Nicolás de los Garza,Urbano,https://postali.app/mx/nuevo-leon/san-nicolas-de-los-garza/ano-de-juarez-fomerrey-86
66460,Jardín de las Puentes,Colonia,San Nicolás de los Garza,Nuevo León,San Nicolás de los Garza,Urbano,https://postali.app/mx/nuevo-leon/san-nicolas-de-los-garza/jardin-de-las-puentes
66460,Las Puentes Sector 1,Colonia,San Nicolás de los Garza,Nuevo León,San Nicolás de los Garza,Urbano,https://postali.app/mx/nuevo-leon/san-nicolas-de-los-garza/las-puentes-sector-1
66460,Las Puentes Sector 10,Fraccionamiento,San Nicolás de los Garza,Nuevo León,San Nicolás de los Garza,Urbano,https://postali.app/mx/nuevo-leon/san-nicolas-de-los-garza/las-puentes-sector-10
66460,Las Puentes Sector 11,Fraccionamiento,San Nicolás de los Garza,Nuevo León,San Nicolás de los Garza,Urbano,https://postali.app/mx/nuevo-leon/san-nicolas-de-los-garza/las-puentes-sector-11
66460,Las Puentes Sector 12,Fraccionamiento,San Nicolás de los Garza,Nuevo León,San Nicolás de los Garza,Urbano,https://postali.app/mx/nuevo-leon/san-nicolas-de-los-garza/las-puentes-sector-12
66460,Las Puentes Sector 14,Fraccionamiento,San Nicolás de los Garza,Nuevo León,San Nicolás de los Garza,Urbano,https://postali.app/mx/nuevo-leon/san-nicolas-de-los-garza/las-puentes-sector-14
66460,Las Puentes Sector 15,Fraccionamiento,San Nicolás de los Garza,Nuevo León,San Nicolás de los Garza,Urbano,https://postali.app/mx/nuevo-leon/san-nicolas-de-los-garza/las-puentes-sector-15
66460,Las Puentes Sector 2,Fraccionamiento,San Nicolás de los Garza,Nuevo León,San Nicolás de los Garza,Urbano,https://postali.app/mx/nuevo-leon/san-nicolas-de-los-garza/las-puentes-sector-2
66460,Las Puentes Sector 3,Fraccionamiento,San Nicolás de los Garza,Nuevo León,San Nicolás de los Garza,Urbano,https://postali.app/mx/nuevo-leon/san-nicolas-de-los-garza/las-puentes-sector-3
66460,Las Puentes Sector 4,Fraccionamiento,San Nicolás de los Garza,Nuevo León,San Nicolás de los Garza,Urbano,https://postali.app/mx/nuevo-leon/san-nicolas-de-los-garza/las-puentes-sector-4
66460,Las Puentes Sector 5,Fraccionamiento,San Nicolás de los Garza,Nuevo León,San Nicolás de los Garza,Urbano,https://postali.app/mx/nuevo-leon/san-nicolas-de-los-garza/las-puentes-sector-5
66460,Las Puentes Sector 6,Fraccionamiento,San Nicolás de los Garza,Nuevo León,San Nicolás de los Garza,Urbano,https://postali.app/mx/nuevo-leon/san-nicolas-de-los-garza/las-puentes-sector-6
66460,Las Puentes Sector 7,Fraccionamiento,San Nicolás de los Garza,Nuevo León,San Nicolás de los Garza,Urbano,https://postali.app/mx/nuevo-leon/san-nicolas-de-los-garza/las-puentes-sector-7
66460,Las Puentes Sector 8,Fraccionamiento,San Nicolás de los Garza,Nuevo León,San Nicolás de los Garza,Urbano,https://postali.app/mx/nuevo-leon/san-nicolas-de-los-garza/las-puentes-sector-8
66460,Las Puentes Sector 9,Fraccionamiento,San Nicolás de los Garza,Nuevo León,San Nicolás de los Garza,Urbano,https://postali.app/mx/nuevo-leon/san-nicolas-de-los-garza/las-puentes-sector-9
66460,Ohana Residencial,Fraccionamiento,San Nicolás de los Garza,Nuevo León,San Nicolás de los Garza,Urbano,https://postali.app/mx/nuevo-leon/san-nicolas-de-los-garza/ohana-residencial
66460,Paseo de las Puentes,Colonia,San Nicolás de los Garza,Nuevo León,San Nicolás de los Garza,Urbano,https://postali.app/mx/nuevo-leon/san-nicolas-de-los-garza/paseo-de-las-puentes
66460,Residencial las Puentes,Colonia,San Nicolás de los Garza,Nuevo León,San Nicolás de los Garza,Urbano,https://postali.app/mx/nuevo-leon/san-nicolas-de-los-garza/residencial-las-puentes
66460,Rincón de las Puentes,Colonia,San Nicolás de los Garza,Nuevo León,San Nicolás de los Garza,Urbano,https://postali.app/mx/nuevo-leon/san-nicolas-de-los-garza/rincon-de-las-puentes
66460,Rincón de los Andes,Colonia,San Nicolás de los Garza,Nuevo León,San Nicolás de los Garza,Urbano,https://postali.app/mx/nuevo-leon/san-nicolas-de-los-garza/rincon-de-los-andes
66460,Valle de las Puentes,Colonia,San Nicolás de los Garza,Nuevo León,San Nicolás de los Garza,Urbano,https://postali.app/mx/nuevo-leon/san-nicolas-de-los-garza/valle-de-las-puentes
66460,Villa las Puentes,Colonia,San Nicolás de los Garza,Nuevo León,San Nicolás de los Garza,Urbano,https://postali.app/mx/nuevo-leon/san-nicolas-de-los-garza/villa-las-puentes
66463,Bosques de Anáhuac,Fraccionamiento,San Nicolás de los Garza,Nuevo León,San Nicolás de los Garza,Urbano,https://postali.app/mx/nuevo-leon/san-nicolas-de-los-garza/bosques-de-anahuac
66463,Jardines de Anáhuac,Colonia,San Nicolás de los Garza,Nuevo León,San Nicolás de los Garza,Urbano,https://postali.app/mx/nuevo-leon/san-nicolas-de-los-garza/jardines-de-anahuac
66464,Residencial Nova,Colonia,San Nicolás de los Garza,Nuevo León,San Nicolás de los Garza,Urbano,https://postali.app/mx/nuevo-leon/san-nicolas-de-los-garza/residencial-nova
66465,Arboledas de San Jorge,Colonia,San Nicolás de los Garza,Nuevo León,San Nicolás de los Garza,Urbano,https://postali.app/mx/nuevo-leon/san-nicolas-de-los-garza/arboledas-de-san-jorge
66465,Colonial las Puentes,Fraccionamiento,San Nicolás de los Garza,Nuevo León,San Nicolás de los Garza,Urbano,https://postali.app/mx/nuevo-leon/san-nicolas-de-los-garza/colonial-las-puentes
66465,Hacienda las Puentes,Colonia,San Nicolás de los Garza,Nuevo León,San Nicolás de los Garza,Urbano,https://postali.app/mx/nuevo-leon/san-nicolas-de-los-garza/hacienda-las-puentes
66465,Residencial las Palmas,Colonia,San Nicolás de los Garza,Nuevo León,San Nicolás de los Garza,Urbano,https://postali.app/mx/nuevo-leon/san-nicolas-de-los-garza/residencial-las-palmas
66465,Riveras de las Puentes,Colonia,San Nicolás de los Garza,Nuevo León,San Nicolás de los Garza,Urbano,https://postali.app/mx/nuevo-leon/san-nicolas-de-los-garza/riveras-de-las-puentes
66466,Balcones de las Puentes,Colonia,San Nicolás de los Garza,Nuevo León,San Nicolás de los Garza,Urbano,https://postali.app/mx/nuevo-leon/san-nicolas-de-los-garza/balcones-de-las-puentes
66468,Jardines de Santo Domingo,Colonia,San Nicolás de los Garza,Nuevo León,San Nicolás de los Garza,Urbano,https://postali.app/mx/nuevo-leon/san-nicolas-de-los-garza/jardines-de-santo-domingo
66469,Julio Camelo Treviño,Colonia,San Nicolás de los Garza,Nuevo León,San Nicolás de los Garza,Urbano,https://postali.app/mx/nuevo-leon/san-nicolas-de-los-garza/julio-camelo-trevino
66469,Villa Esperanza,Colonia,San Nicolás de los Garza,Nuevo León,San Nicolás de los Garza,Urbano,https://postali.app/mx/nuevo-leon/san-nicolas-de-los-garza/villa-esperanza
66470,Alcatraces Residencial,Fraccionamiento,San Nicolás de los Garza,Nuevo León,San Nicolás de los Garza,Urbano,https://postali.app/mx/nuevo-leon/san-nicolas-de-los-garza/alcatraces-residencial
66470,Andalucía,Colonia,San Nicolás de los Garza,Nuevo León,San Nicolás de los Garza,Urbano,https://postali.app/mx/nuevo-leon/san-nicolas-de-los-garza/andalucia
66470,Costa del Sol,Colonia,San Nicolás de los Garza,Nuevo León,San Nicolás de los Garza,Urbano,https://postali.app/mx/nuevo-leon/san-nicolas-de-los-garza/costa-del-sol
66470,Industrias del Vidrio Ampliación Oriente,Colonia,San Nicolás de los Garza,Nuevo León,San Nicolás de los Garza,Urbano,https://postali.app/mx/nuevo-leon/san-nicolas-de-los-garza/industrias-del-vidrio-ampliacion-oriente
66470,Los Laureles,Colonia,San Nicolás de los Garza,Nuevo León,San Nicolás de los Garza,Urbano,https://postali.app/mx/nuevo-leon/san-nicolas-de-los-garza/los-laureles
66470,Miguel Aleman,Colonia,San Nicolás de los Garza,Nuevo León,San Nicolás de los Garza,Urbano,https://postali.app/mx/nuevo-leon/san-nicolas-de-los-garza/miguel-aleman
66470,Residencial los Morales,Fraccionamiento,San Nicolás de los Garza,Nuevo León,San Nicolás de los Garza,Urbano,https://postali.app/mx/nuevo-leon/san-nicolas-de-los-garza/residencial-los-morales
66470,Residencial Paseo de los Ángeles,Colonia,San Nicolás de los Garza,Nuevo León,San Nicolás de los Garza,Urbano,https://postali.app/mx/nuevo-leon/san-nicolas-de-los-garza/residencial-paseo-de-los-angeles
66470,Rincón Del Oriente,Colonia,San Nicolás de los Garza,Nuevo León,San Nicolás de los Garza,Urbano,https://postali.app/mx/nuevo-leon/san-nicolas-de-los-garza/rincon-del-oriente
66470,San Benito del Lago,Fraccionamiento,San Nicolás de los Garza,Nuevo León,San Nicolás de los Garza,Urbano,https://postali.app/mx/nuevo-leon/san-nicolas-de-los-garza/san-benito-del-lago
66470,Tacuba,Colonia,San Nicolás de los Garza,Nuevo León,San Nicolás de los Garza,Urbano,https://postali.app/mx/nuevo-leon/san-nicolas-de-los-garza/tacuba
66470,Villas de Oriente,Colonia,San Nicolás de los Garza,Nuevo León,San Nicolás de los Garza,Urbano,https://postali.app/mx/nuevo-leon/san-nicolas-de-los-garza/villas-de-oriente
66470,Vivenza,Fraccionamiento,San Nicolás de los Garza,Nuevo León,San Nicolás de los Garza,Urbano,https://postali.app/mx/nuevo-leon/san-nicolas-de-los-garza/vivenza
66473,Blas Chumacero CTM,Fraccionamiento,San Nicolás de los Garza,Nuevo León,San Nicolás de los Garza,Urbano,https://postali.app/mx/nuevo-leon/san-nicolas-de-los-garza/blas-chumacero-ctm
66473,Bosques de Lindavista,Colonia,San Nicolás de los Garza,Nuevo León,San Nicolás de los Garza,Urbano,https://postali.app/mx/nuevo-leon/san-nicolas-de-los-garza/bosques-de-lindavista
66473,Bosques de Lindavista Sector Diamante,Fraccionamiento,San Nicolás de los Garza,Nuevo León,San Nicolás de los Garza,Urbano,https://postali.app/mx/nuevo-leon/san-nicolas-de-los-garza/bosques-de-lindavista-sector-diamante
66473,La Talaverna,Colonia,San Nicolás de los Garza,Nuevo León,San Nicolás de los Garza,Urbano,https://postali.app/mx/nuevo-leon/san-nicolas-de-los-garza/la-talaverna
66473,La Talaverna CROC,Unidad habitacional,San Nicolás de los Garza,Nuevo León,San Nicolás de los Garza,Urbano,https://postali.app/mx/nuevo-leon/san-nicolas-de-los-garza/la-talaverna-croc
66473,Los Cipreses,Colonia,San Nicolás de los Garza,Nuevo León,San Nicolás de los Garza,Urbano,https://postali.app/mx/nuevo-leon/san-nicolas-de-los-garza/los-cipreses
66473,Parque La Talaverna,Colonia,San Nicolás de los Garza,Nuevo León,San Nicolás de los Garza,Urbano,https://postali.app/mx/nuevo-leon/san-nicolas-de-los-garza/parque-la-talaverna
66473,Villas de San Miguel,Colonia,San Nicolás de los Garza,Nuevo León,San Nicolás de los Garza,Urbano,https://postali.app/mx/nuevo-leon/san-nicolas-de-los-garza/villas-de-san-miguel
66475,Casa Blanca,Colonia,San Nicolás de los Garza,Nuevo León,San Nicolás de los Garza,Urbano,https://postali.app/mx/nuevo-leon/san-nicolas-de-los-garza/casa-blanca
66475,INFONAVIT los Ángeles Sector Ocho,Colonia,San Nicolás de los Garza,Nuevo León,San Nicolás de los Garza,Urbano,https://postali.app/mx/nuevo-leon/san-nicolas-de-los-garza/infonavit-los-angeles-sector-ocho
66475,INFONAVIT los Ángeles Sector Siete,Colonia,San Nicolás de los Garza,Nuevo León,San Nicolás de los Garza,Urbano,https://postali.app/mx/nuevo-leon/san-nicolas-de-los-garza/infonavit-los-angeles-sector-siete
66475,Jardines de Casa Blanca,Colonia,San Nicolás de los Garza,Nuevo León,San Nicolás de los Garza,Urbano,https://postali.app/mx/nuevo-leon/san-nicolas-de-los-garza/jardines-de-casa-blanca
66475,Reserva Casa Blanca,Fraccionamiento,San Nicolás de los Garza,Nuevo León,San Nicolás de los Garza,Urbano,https://postali.app/mx/nuevo-leon/san-nicolas-de-los-garza/reserva-casa-blanca
66475,San Ángel Casa Blanca,Colonia,San Nicolás de los Garza,Nuevo León,San Nicolás de los Garza,Urbano,https://postali.app/mx/nuevo-leon/san-nicolas-de-los-garza/san-angel-casa-blanca
66475,Villas de Casa Blanca,Colonia,San Nicolás de los Garza,Nuevo León,San Nicolás de los Garza,Urbano,https://postali.app/mx/nuevo-leon/san-nicolas-de-los-garza/villas-de-casa-blanca
66476,La Estancia,Colonia,San Nicolás de los Garza,Nuevo León,San Nicolás de los Garza,Urbano,https://postali.app/mx/nuevo-leon/san-nicolas-de-los-garza/la-estancia
66476,Los Reales,Colonia,San Nicolás de los Garza,Nuevo León,San Nicolás de los Garza,Urbano,https://postali.app/mx/nuevo-leon/san-nicolas-de-los-garza/los-reales
66476,Villa Luis,Fraccionamiento,San Nicolás de los Garza,Nuevo León,San Nicolás de los Garza,Urbano,https://postali.app/mx/nuevo-leon/san-nicolas-de-los-garza/villa-luis
66477,Del Lago,Colonia,San Nicolás de los Garza,Nuevo León,San Nicolás de los Garza,Urbano,https://postali.app/mx/nuevo-leon/san-nicolas-de-los-garza/del-lago
66477,Hacienda las Fuentes,Fraccionamiento,San Nicolás de los Garza,Nuevo León,San Nicolás de los Garza,Urbano,https://postali.app/mx/nuevo-leon/san-nicolas-de-los-garza/hacienda-las-fuentes
66477,Hacienda los Ángeles,Colonia,San Nicolás de los Garza,Nuevo León,San Nicolás de los Garza,Urbano,https://postali.app/mx/nuevo-leon/san-nicolas-de-los-garza/hacienda-los-angeles
66477,La Fe,Colonia,San Nicolás de los Garza,Nuevo León,San Nicolás de los Garza,Urbano,https://postali.app/mx/nuevo-leon/san-nicolas-de-los-garza/la-fe
66477,Residencial Santa Fe,Fraccionamiento,San Nicolás de los Garza,Nuevo León,San Nicolás de los Garza,Urbano,https://postali.app/mx/nuevo-leon/san-nicolas-de-los-garza/residencial-santa-fe
66478,Arboledas de San Cristóbal,Colonia,San Nicolás de los Garza,Nuevo León,San Nicolás de los Garza,Urbano,https://postali.app/mx/nuevo-leon/san-nicolas-de-los-garza/arboledas-de-san-cristobal
66478,Cerradas de Casa Blanca,Fraccionamiento,San Nicolás de los Garza,Nuevo León,San Nicolás de los Garza,Urbano,https://postali.app/mx/nuevo-leon/san-nicolas-de-los-garza/cerradas-de-casa-blanca
66478,CFE Planta Monterrey,Equipamiento,San Nicolás de los Garza,Nuevo León,San Nicolás de los Garza,Urbano,https://postali.app/mx/nuevo-leon/san-nicolas-de-los-garza/cfe-planta-monterrey
66478,Fresnos del Lago,Colonia,San Nicolás de los Garza,Nuevo León,San Nicolás de los Garza,Urbano,https://postali.app/mx/nuevo-leon/san-nicolas-de-los-garza/fresnos-del-lago
66478,Grazia,Condominio,San Nicolás de los Garza,Nuevo León,San Nicolás de los Garza,Urbano,https://postali.app/mx/nuevo-leon/san-nicolas-de-los-garza/grazia
66478,INFONAVIT los Ángeles Sector Cinco,Colonia,San Nicolás de los Garza,Nuevo León,San Nicolás de los Garza,Urbano,https://postali.app/mx/nuevo-leon/san-nicolas-de-los-garza/infonavit-los-angeles-sector-cinco
66478,INFONAVIT los Ángeles Sector Cuatro,Colonia,San Nicolás de los Garza,Nuevo León,San Nicolás de los Garza,Urbano,https://postali.app/mx/nuevo-leon/san-nicolas-de-los-garza/infonavit-los-angeles-sector-cuatro
66478,INFONAVIT los Ángeles Sector Dos,Colonia,San Nicolás de los Garza,Nuevo León,San Nicolás de los Garza,Urbano,https://postali.app/mx/nuevo-leon/san-nicolas-de-los-garza/infonavit-los-angeles-sector-dos
66478,INFONAVIT los Ángeles Sector Tres,Colonia,San Nicolás de los Garza,Nuevo León,San Nicolás de los Garza,Urbano,https://postali.app/mx/nuevo-leon/san-nicolas-de-los-garza/infonavit-los-angeles-sector-tres
66478,INFONAVIT los Ángeles Sector Uno,Colonia,San Nicolás de los Garza,Nuevo León,San Nicolás de los Garza,Urbano,https://postali.app/mx/nuevo-leon/san-nicolas-de-los-garza/infonavit-los-angeles-sector-uno
66478,Los Pinos,Fraccionamiento,San Nicolás de los Garza,Nuevo León,San Nicolás de los Garza,Urbano,https://postali.app/mx/nuevo-leon/san-nicolas-de-los-garza/los-pinos
66478,Misión de Casa Blanca,Colonia,San Nicolás de los Garza,Nuevo León,San Nicolás de los Garza,Urbano,https://postali.app/mx/nuevo-leon/san-nicolas-de-los-garza/mision-de-casa-blanca
66478,Misión de San Cristóbal,Colonia,San Nicolás de los Garza,Nuevo León,San Nicolás de los Garza,Urbano,https://postali.app/mx/nuevo-leon/san-nicolas-de-los-garza/mision-de-san-cristobal
66478,Palmas Diamante,Fraccionamiento,San Nicolás de los Garza,Nuevo León,San Nicolás de los Garza,Urbano,https://postali.app/mx/nuevo-leon/san-nicolas-de-los-garza/palmas-diamante
66478,Privadas de Casa Blanca,Colonia,San Nicolás de los Garza,Nuevo León,San Nicolás de los Garza,Urbano,https://postali.app/mx/nuevo-leon/san-nicolas-de-los-garza/privadas-de-casa-blanca
66478,Quinta Montecarlo,Fraccionamiento,San Nicolás de los Garza,Nuevo León,San Nicolás de los Garza,Urbano,https://postali.app/mx/nuevo-leon/san-nicolas-de-los-garza/quinta-montecarlo
66478,Residencial San Cristóbal,Colonia,San Nicolás de los Garza,Nuevo León,San Nicolás de los Garza,Urbano,https://postali.app/mx/nuevo-leon/san-nicolas-de-los-garza/residencial-san-cristobal
66478,Residencial San Cristóbal Sector Tres,Colonia,San Nicolás de los Garza,Nuevo León,San Nicolás de los Garza,Urbano,https://postali.app/mx/nuevo-leon/san-nicolas-de-los-garza/residencial-san-cristobal-sector-tres
66478,Rincón de Casa Blanca 1er. Sector,Colonia,San Nicolás de los Garza,Nuevo León,San Nicolás de los Garza,Urbano,https://postali.app/mx/nuevo-leon/san-nicolas-de-los-garza/rincon-de-casa-blanca-1er-sector
66478,Rincón de Casa Blanca Sector 2,Colonia,San Nicolás de los Garza,Nuevo León,San Nicolás de los Garza,Urbano,https://postali.app/mx/nuevo-leon/san-nicolas-de-los-garza/rincon-de-casa-blanca-sector-2
66478,Rincón de los Ángeles,Fraccionamiento,San Nicolás de los Garza,Nuevo León,San Nicolás de los Garza,Urbano,https://postali.app/mx/nuevo-leon/san-nicolas-de-los-garza/rincon-de-los-angeles
66478,Valle Casa Blanca,Colonia,San Nicolás de los Garza,Nuevo León,San Nicolás de los Garza,Urbano,https://postali.app/mx/nuevo-leon/san-nicolas-de-los-garza/valle-casa-blanca
66478,Villas de San Cristóbal,Colonia,San Nicolás de los Garza,Nuevo León,San Nicolás de los Garza,Urbano,https://postali.app/mx/nuevo-leon/san-nicolas-de-los-garza/villas-de-san-cristobal
66479,Margarita Salazar,Colonia,San Nicolás de los Garza,Nuevo León,San Nicolás de los Garza,Urbano,https://postali.app/mx/nuevo-leon/san-nicolas-de-los-garza/margarita-salazar
66480,Azteca (Fomerrey 11),Colonia,San Nicolás de los Garza,Nuevo León,San Nicolás de los Garza,Urbano,https://postali.app/mx/nuevo-leon/san-nicolas-de-los-garza/azteca-fomerrey-11
66480,Bosques del Nogalar,Colonia,San Nicolás de los Garza,Nuevo León,San Nicolás de los Garza,Urbano,https://postali.app/mx/nuevo-leon/san-nicolas-de-los-garza/bosques-del-nogalar
66480,Deportivo Lagrange,Colonia,San Nicolás de los Garza,Nuevo León,San Nicolás de los Garza,Urbano,https://postali.app/mx/nuevo-leon/san-nicolas-de-los-garza/deportivo-lagrange
66480,Díaz Ordaz,Colonia,San Nicolás de los Garza,Nuevo León,San Nicolás de los Garza,Urbano,https://postali.app/mx/nuevo-leon/san-nicolas-de-los-garza/diaz-ordaz
66480,Garza Cantu,Colonia,San Nicolás de los Garza,Nuevo León,San Nicolás de los Garza,Urbano,https://postali.app/mx/nuevo-leon/san-nicolas-de-los-garza/garza-cantu
66480,José López Portillo,Colonia,San Nicolás de los Garza,Nuevo León,San Nicolás de los Garza,Urbano,https://postali.app/mx/nuevo-leon/san-nicolas-de-los-garza/jose-lopez-portillo
66480,Living San Nicolás,Fraccionamiento,San Nicolás de los Garza,Nuevo León,San Nicolás de los Garza,Urbano,https://postali.app/mx/nuevo-leon/san-nicolas-de-los-garza/living-san-nicolas
66480,Paseo del Nogalar,Colonia,San Nicolás de los Garza,Nuevo León,San Nicolás de los Garza,Urbano,https://postali.app/mx/nuevo-leon/san-nicolas-de-los-garza/paseo-del-nogalar
66480,Privadas San Nicolás,Fraccionamiento,San Nicolás de los Garza,Nuevo León,San Nicolás de los Garza,Urbano,https://postali.app/mx/nuevo-leon/san-nicolas-de-los-garza/privadas-san-nicolas
66480,Residencial Nogalar,Colonia,San Nicolás de los Garza,Nuevo León,San Nicolás de los Garza,Urbano,https://postali.app/mx/nuevo-leon/san-nicolas-de-los-garza/residencial-nogalar
66480,Valle Azteca (fomerrey 12),Colonia,San Nicolás de los Garza,Nuevo León,San Nicolás de los Garza,Urbano,https://postali.app/mx/nuevo-leon/san-nicolas-de-los-garza/valle-azteca-fomerrey-12
66480,Valle de las Granjas (fomerrey 13),Colonia,San Nicolás de los Garza,Nuevo León,San Nicolás de los Garza,Urbano,https://postali.app/mx/nuevo-leon/san-nicolas-de-los-garza/valle-de-las-granjas-fomerrey-13
66480,Valle Del Nogalar,Colonia,San Nicolás de los Garza,Nuevo León,San Nicolás de los Garza,Urbano,https://postali.app/mx/nuevo-leon/san-nicolas-de-los-garza/valle-del-nogalar
66482,Mercado de Abastos Estrella,Colonia,San Nicolás de los Garza,Nuevo León,San Nicolás de los Garza,Urbano,https://postali.app/mx/nuevo-leon/san-nicolas-de-los-garza/mercado-de-abastos-estrella
66482,Predio Aldape,Colonia,San Nicolás de los Garza,Nuevo León,San Nicolás de los Garza,Urbano,https://postali.app/mx/nuevo-leon/san-nicolas-de-los-garza/predio-aldape
66484,Antiguo Nogalar,Colonia,San Nicolás de los Garza,Nuevo León,San Nicolás de los Garza,Urbano,https://postali.app/mx/nuevo-leon/san-nicolas-de-los-garza/antiguo-nogalar
66484,Futuro Nogalar,Colonia,San Nicolás de los Garza,Nuevo León,San Nicolás de los Garza,Urbano,https://postali.app/mx/nuevo-leon/san-nicolas-de-los-garza/futuro-nogalar
66484,Industrial Nogalar,Colonia,San Nicolás de los Garza,Nuevo León,San Nicolás de los Garza,Urbano,https://postali.app/mx/nuevo-leon/san-nicolas-de-los-garza/industrial-nogalar
66485,Bosques de Santo Domingo (Fomerrey 92),Colonia,San Nicolás de los Garza,Nuevo León,San Nicolás de los Garza,Urbano,https://postali.app/mx/nuevo-leon/san-nicolas-de-los-garza/bosques-de-santo-domingo-fomerrey-92
66485,Rincón Del Nogalar,Colonia,San Nicolás de los Garza,Nuevo León,San Nicolás de los Garza,Urbano,https://postali.app/mx/nuevo-leon/san-nicolas-de-los-garza/rincon-del-nogalar
66486,4 de Octubre Fomerrey 72,Colonia,San Nicolás de los Garza,Nuevo León,San Nicolás de los Garza,Urbano,https://postali.app/mx/nuevo-leon/san-nicolas-de-los-garza/4-de-octubre-fomerrey-72
66486,Cuchilla la Morena,Colonia,San Nicolás de los Garza,Nuevo León,San Nicolás de los Garza,Urbano,https://postali.app/mx/nuevo-leon/san-nicolas-de-los-garza/cuchilla-la-morena
66486,Hacienda Nogalar,Colonia,San Nicolás de los Garza,Nuevo León,San Nicolás de los Garza,Urbano,https://postali.app/mx/nuevo-leon/san-nicolas-de-los-garza/hacienda-nogalar
66486,Jardines Del Nogalar (fomerrey 28),Colonia,San Nicolás de los Garza,Nuevo León,San Nicolás de los Garza,Urbano,https://postali.app/mx/nuevo-leon/san-nicolas-de-los-garza/jardines-del-nogalar-fomerrey-28
66486,Privada Nogalar,Fraccionamiento,San Nicolás de los Garza,Nuevo León,San Nicolás de los Garza,Urbano,https://postali.app/mx/nuevo-leon/san-nicolas-de-los-garza/privada-nogalar
66486,Salvador Allende,Colonia,San Nicolás de los Garza,Nuevo León,San Nicolás de los Garza,Urbano,https://postali.app/mx/nuevo-leon/san-nicolas-de-los-garza/salvador-allende
66488,Floridos Bosques Del Nogalar (fomerrey 90),Colonia,San Nicolás de los Garza,Nuevo León,San Nicolás de los Garza,Urbano,https://postali.app/mx/nuevo-leon/san-nicolas-de-los-garza/floridos-bosques-del-nogalar-fomerrey-90
66489,Lagos de Chapultepec (fomerrey 69),Colonia,San Nicolás de los Garza,Nuevo León,San Nicolás de los Garza,Urbano,https://postali.app/mx/nuevo-leon/san-nicolas-de-los-garza/lagos-de-chapultepec-fomerrey-69
66490,Antiguo Corral de Piedra,Colonia,San Nicolás de los Garza,Nuevo León,San Nicolás de los Garza,Urbano,https://postali.app/mx/nuevo-leon/san-nicolas-de-los-garza/antiguo-corral-de-piedra
66490,Ciudad Ideal,Colonia,San Nicolás de los Garza,Nuevo León,San Nicolás de los Garza,Urbano,https://postali.app/mx/nuevo-leon/san-nicolas-de-los-garza/ciudad-ideal
66490,Colonial Lagrange,Colonia,San Nicolás de los Garza,Nuevo León,San Nicolás de los Garza,Urbano,https://postali.app/mx/nuevo-leon/san-nicolas-de-los-garza/colonial-lagrange
66490,Constituyentes de Querétaro Sector 1,Colonia,San Nicolás de los Garza,Nuevo León,San Nicolás de los Garza,Urbano,https://postali.app/mx/nuevo-leon/san-nicolas-de-los-garza/constituyentes-de-queretaro-sector-1
66490,Constituyentes de Querétaro Sector 2,Unidad habitacional,San Nicolás de los Garza,Nuevo León,San Nicolás de los Garza,Urbano,https://postali.app/mx/nuevo-leon/san-nicolas-de-los-garza/constituyentes-de-queretaro-sector-2
66490,Constituyentes de Querétaro Sector 3,Unidad habitacional,San Nicolás de los Garza,Nuevo León,San Nicolás de los Garza,Urbano,https://postali.app/mx/nuevo-leon/san-nicolas-de-los-garza/constituyentes-de-queretaro-sector-3
66490,Constituyentes de Querétaro Sector 4,Unidad habitacional,San Nicolás de los Garza,Nuevo León,San Nicolás de los Garza,Urbano,https://postali.app/mx/nuevo-leon/san-nicolas-de-los-garza/constituyentes-de-queretaro-sector-4
66490,Constituyentes de Querétaro Sector 5,Unidad habitacional,San Nicolás de los Garza,Nuevo León,San Nicolás de los Garza,Urbano,https://postali.app/mx/nuevo-leon/san-nicolas-de-los-garza/constituyentes-de-queretaro-sector-5
66490,Constituyentes de Querétaro Sector 6,Unidad habitacional,San Nicolás de los Garza,Nuevo León,San Nicolás de los Garza,Urbano,https://postali.app/mx/nuevo-leon/san-nicolas-de-los-garza/constituyentes-de-queretaro-sector-6
66490,Francisco Garza Sada,Colonia,San Nicolás de los Garza,Nuevo León,San Nicolás de los Garza,Urbano,https://postali.app/mx/nuevo-leon/san-nicolas-de-los-garza/francisco-garza-sada
66490,Industrias del Vidrio Ampliación Norte Sector 1,Colonia,San Nicolás de los Garza,Nuevo León,San Nicolás de los Garza,Urbano,https://postali.app/mx/nuevo-leon/san-nicolas-de-los-garza/industrias-del-vidrio-ampliacion-norte-sector-1
66490,Industrias del Vidrio Ampliación Norte Sector 2,Colonia,San Nicolás de los Garza,Nuevo León,San Nicolás de los Garza,Urbano,https://postali.app/mx/nuevo-leon/san-nicolas-de-los-garza/industrias-del-vidrio-ampliacion-norte-sector-2
66490,Industrias del Vidrio Ampliación Norte Sector 3,Colonia,San Nicolás de los Garza,Nuevo León,San Nicolás de los Garza,Urbano,https://postali.app/mx/nuevo-leon/san-nicolas-de-los-garza/industrias-del-vidrio-ampliacion-norte-sector-3
66490,Industrias del Vidrio Ampliación Norte Sector 4,Colonia,San Nicolás de los Garza,Nuevo León,San Nicolás de los Garza,Urbano,https://postali.app/mx/nuevo-leon/san-nicolas-de-los-garza/industrias-del-vidrio-ampliacion-norte-sector-4
66490,INFONAVIT Valle de Lagrange,Colonia,San Nicolás de los Garza,Nuevo León,San Nicolás de los Garza,Urbano,https://postali.app/mx/nuevo-leon/san-nicolas-de-los-garza/infonavit-valle-de-lagrange
66490,Nuevo Mundo,Colonia,San Nicolás de los Garza,Nuevo León,San Nicolás de los Garza,Urbano,https://postali.app/mx/nuevo-leon/san-nicolas-de-los-garza/nuevo-mundo
66490,Peña Guerra,Colonia,San Nicolás de los Garza,Nuevo León,San Nicolás de los Garza,Urbano,https://postali.app/mx/nuevo-leon/san-nicolas-de-los-garza/pena-guerra
66490,Residencial Riviera,Fraccionamiento,San Nicolás de los Garza,Nuevo León,San Nicolás de los Garza,Urbano,https://postali.app/mx/nuevo-leon/san-nicolas-de-los-garza/residencial-riviera
66494,Central de Carga,Colonia,San Nicolás de los Garza,Nuevo León,San Nicolás de los Garza,Urbano,https://postali.app/mx/nuevo-leon/san-nicolas-de-los-garza/central-de-carga
66495,Hacienda los Morales,Colonia,San Nicolás de los Garza,Nuevo León,San Nicolás de los Garza,Urbano,https://postali.app/mx/nuevo-leon/san-nicolas-de-los-garza/hacienda-los-morales
66496,Alejandría,Fraccionamiento,San Nicolás de los Garza,Nuevo León,San Nicolás de los Garza,Urbano,https://postali.app/mx/nuevo-leon/san-nicolas-de-los-garza/alejandria
66496,Fidel Velázquez Sánchez,Colonia,San Nicolás de los Garza,Nuevo León,San Nicolás de los Garza,Urbano,https://postali.app/mx/nuevo-leon/san-nicolas-de-los-garza/fidel-velazquez-sanchez
66496,Valle de los Morales,Colonia,San Nicolás de los Garza,Nuevo León,San Nicolás de los Garza,Urbano,https://postali.app/mx/nuevo-leon/san-nicolas-de-los-garza/valle-de-los-morales
66499,Ecocentro Industrial,Zona industrial,San Nicolás de los Garza,Nuevo León,San Nicolás de los Garza,Urbano,https://postali.app/mx/nuevo-leon/san-nicolas-de-los-garza/ecocentro-industrial
66499,Hacienda Lagrange,Colonia,San Nicolás de los Garza,Nuevo León,San Nicolás de los Garza,Urbano,https://postali.app/mx/nuevo-leon/san-nicolas-de-los-garza/hacienda-lagrange
66499,Los Mezquites,Fraccionamiento,San Nicolás de los Garza,Nuevo León,San Nicolás de los Garza,Urbano,https://postali.app/mx/nuevo-leon/san-nicolas-de-los-garza/los-mezquites
66499,Parque Industrial Monterrey,Zona industrial,San Nicolás de los Garza,Nuevo León,San Nicolás de los Garza,Urbano,https://postali.app/mx/nuevo-leon/san-nicolas-de-los-garza/parque-industrial-monterrey
66499,Residencial San Felipe,Colonia,San Nicolás de los Garza,Nuevo León,San Nicolás de los Garza,Urbano,https://postali.app/mx/nuevo-leon/san-nicolas-de-los-garza/residencial-san-felipe
66550,Bella Aurora,Fraccionamiento,El Carmen,Nuevo León,,Urbano,https://postali.app/mx/nuevo-leon/el-carmen/bella-aurora
66550,Bernabé Villarreal,Colonia,El Carmen,Nuevo León,,Urbano,https://postali.app/mx/nuevo-leon/el-carmen/bernabe-villarreal
66550,Carmen Centro,Colonia,El Carmen,Nuevo León,,Rural,https://postali.app/mx/nuevo-leon/el-carmen/carmen-centro
66550,Diego Villarreal,Colonia,El Carmen,Nuevo León,,Urbano,https://postali.app/mx/nuevo-leon/el-carmen/diego-villarreal
66550,El Jaral,Colonia,El Carmen,Nuevo León,,Urbano,https://postali.app/mx/nuevo-leon/el-carmen/el-jaral
66550,El Mirador,Colonia,El Carmen,Nuevo León,,Urbano,https://postali.app/mx/nuevo-leon/el-carmen/el-mirador
66550,Fundadores de la CROC INFONAVIT,Fraccionamiento,El Carmen,Nuevo León,,Urbano,https://postali.app/mx/nuevo-leon/el-carmen/fundadores-de-la-croc-infonavit
66550,La Noria,Fraccionamiento,El Carmen,Nuevo León,,Urbano,https://postali.app/mx/nuevo-leon/el-carmen/la-noria
66550,Melitón Villarreal,Colonia,El Carmen,Nuevo León,,Urbano,https://postali.app/mx/nuevo-leon/el-carmen/meliton-villarreal
66550,Paseo del Carmen,Colonia,El Carmen,Nuevo León,,Urbano,https://postali.app/mx/nuevo-leon/el-carmen/paseo-del-carmen
66550,Popular,Colonia,El Carmen,Nuevo León,,Urbano,https://postali.app/mx/nuevo-leon/el-carmen/popular
66550,Privadas del Carmen,Colonia,El Carmen,Nuevo León,,Urbano,https://postali.app/mx/nuevo-leon/el-carmen/privadas-del-carmen
66550,Ricardo Morales,Colonia,El Carmen,Nuevo León,,Urbano,https://postali.app/mx/nuevo-leon/el-carmen/ricardo-morales
66550,Rincón del Carmen,Colonia,El Carmen,Nuevo León,,Rural,https://postali.app/mx/nuevo-leon/el-carmen/rincon-del-carmen
66550,Villas del Arco,Fraccionamiento,El Carmen,Nuevo León,,Urbano,https://postali.app/mx/nuevo-leon/el-carmen/villas-del-arco
66553,Alianza Real,Colonia,El Carmen,Nuevo León,,Rural,https://postali.app/mx/nuevo-leon/el-carmen/alianza-real
66553,Valle de Querétaro,Fraccionamiento,El Carmen,Nuevo León,,Urbano,https://postali.app/mx/nuevo-leon/el-carmen/valle-de-queretaro
66553,Vistas del Carmen,Fraccionamiento,El Carmen,Nuevo León,,Urbano,https://postali.app/mx/nuevo-leon/el-carmen/vistas-del-carmen
66556,Parque Industrial el Carmen,Zona industrial,El Carmen,Nuevo León,,Urbano,https://postali.app/mx/nuevo-leon/el-carmen/parque-industrial-el-carmen
66563,Del Valle,Fraccionamiento,El Carmen,Nuevo León,,Rural,https://postali.app/mx/nuevo-leon/el-carmen/del-valle
66563,Los González,Colonia,El Carmen,Nuevo León,,Rural,https://postali.app/mx/nuevo-leon/el-carmen/los-gonzalez
66580,Antares,Fraccionamiento,El Carmen,Nuevo León,,Urbano,https://postali.app/mx/nuevo-leon/el-carmen/antares
66580,El Jaral,Fraccionamiento,El Carmen,Nuevo León,,Urbano,https://postali.app/mx/nuevo-leon/el-carmen/el-jaral-66580
66580,Parque Industrial STIVA el Jaral,Zona industrial,El Carmen,Nuevo León,,Urbano,https://postali.app/mx/nuevo-leon/el-carmen/parque-industrial-stiva-el-jaral
66580,Privada Monte Carmelo,Fraccionamiento,El Carmen,Nuevo León,,Urbano,https://postali.app/mx/nuevo-leon/el-carmen/privada-monte-carmelo
66580,Privadas El Jaral,Fraccionamiento,El Carmen,Nuevo León,,Rural,https://postali.app/mx/nuevo-leon/el-carmen/privadas-el-jaral
66580,Privadas los Prados,Fraccionamiento,El Carmen,Nuevo León,,Urbano,https://postali.app/mx/nuevo-leon/el-carmen/privadas-los-prados
66580,Valle del Jaral,Fraccionamiento,El Carmen,Nuevo León,,Rural,https://postali.app/mx/nuevo-leon/el-carmen/valle-del-jaral
66580,Villas del Jaral,Fraccionamiento,El Carmen,Nuevo León,,Rural,https://postali.app/mx/nuevo-leon/el-carmen/villas-del-jaral
66583,Buena Vista,Fraccionamiento,El Carmen,Nuevo León,,Urbano,https://postali.app/mx/nuevo-leon/el-carmen/buena-vista
66583,Emiliano Zapata,Colonia,El Carmen,Nuevo León,,Rural,https://postali.app/mx/nuevo-leon/el-carmen/emiliano-zapata
66583,Portal Buenavista,Fraccionamiento,El Carmen,Nuevo León,,Rural,https://postali.app/mx/nuevo-leon/el-carmen/portal-buenavista
66583,Villas Buenavista,Fraccionamiento,El Carmen,Nuevo León,,Urbano,https://postali.app/mx/nuevo-leon/el-carmen/villas-buenavista
66600,Ciudad Apodaca Centro,Colonia,Apodaca,Nuevo León,Ciudad Apodaca,Urbano,https://postali.app/mx/nuevo-leon/apodaca/ciudad-apodaca-centro
66600,Futuro Apodaca,Colonia,Apodaca,Nuevo León,Ciudad Apodaca,Urbano,https://postali.app/mx/nuevo-leon/apodaca/futuro-apodaca
66600,Homero Sepúlveda,Colonia,Apodaca,Nuevo León,Ciudad Apodaca,Urbano,https://postali.app/mx/nuevo-leon/apodaca/homero-sepulveda
66600,Manuel Villarreal,Colonia,Apodaca,Nuevo León,Ciudad Apodaca,Urbano,https://postali.app/mx/nuevo-leon/apodaca/manuel-villarreal
66600,Moderno Apodaca,Colonia,Apodaca,Nuevo León,Ciudad Apodaca,Urbano,https://postali.app/mx/nuevo-leon/apodaca/moderno-apodaca
66600,San Francisco,Colonia,Apodaca,Nuevo León,Ciudad Apodaca,Urbano,https://postali.app/mx/nuevo-leon/apodaca/san-francisco
66600,Santa Rosa Sector Dos,Colonia,Apodaca,Nuevo León,Ciudad Apodaca,Urbano,https://postali.app/mx/nuevo-leon/apodaca/santa-rosa-sector-dos
66603,GDS Business Park,Zona industrial,Apodaca,Nuevo León,Ciudad Apodaca,Urbano,https://postali.app/mx/nuevo-leon/apodaca/gds-business-park
66603,Nuevo Centro Urbano,Zona industrial,Apodaca,Nuevo León,Ciudad Apodaca,Urbano,https://postali.app/mx/nuevo-leon/apodaca/nuevo-centro-urbano
66603,Parque Industrial Apodaca,Zona industrial,Apodaca,Nuevo León,Ciudad Apodaca,Urbano,https://postali.app/mx/nuevo-leon/apodaca/parque-industrial-apodaca
66603,Parque Industrial Elicán,Zona industrial,Apodaca,Nuevo León,Ciudad Apodaca,Urbano,https://postali.app/mx/nuevo-leon/apodaca/parque-industrial-elican
66603,Parque Industrial Kalos,Zona industrial,Apodaca,Nuevo León,Ciudad Apodaca,Urbano,https://postali.app/mx/nuevo-leon/apodaca/parque-industrial-kalos
66603,Parque Industrial Kronos,Zona industrial,Apodaca,Nuevo León,Ciudad Apodaca,Urbano,https://postali.app/mx/nuevo-leon/apodaca/parque-industrial-kronos
66603,Parque Industrial Monterrey,Zona industrial,Apodaca,Nuevo León,Ciudad Apodaca,Urbano,https://postali.app/mx/nuevo-leon/apodaca/parque-industrial-monterrey
66603,Pimsa Oriente,Zona industrial,Apodaca,Nuevo León,Ciudad Apodaca,Urbano,https://postali.app/mx/nuevo-leon/apodaca/pimsa-oriente
66603,Plaza Sendero La Fe,Zona comercial,Apodaca,Nuevo León,Ciudad Apodaca,Urbano,https://postali.app/mx/nuevo-leon/apodaca/plaza-sendero-la-fe
66603,Prologis Monterrey Industrial Center,Zona industrial,Apodaca,Nuevo León,Ciudad Apodaca,Urbano,https://postali.app/mx/nuevo-leon/apodaca/prologis-monterrey-industrial-center
66603,Residencial San Francisco,Colonia,Apodaca,Nuevo León,Ciudad Apodaca,Urbano,https://postali.app/mx/nuevo-leon/apodaca/residencial-san-francisco
66603,Valle de San Francisco,Fraccionamiento,Apodaca,Nuevo León,Ciudad Apodaca,Urbano,https://postali.app/mx/nuevo-leon/apodaca/valle-de-san-francisco
66604,Altabrisa,Fraccionamiento,Apodaca,Nuevo León,Ciudad Apodaca,Urbano,https://postali.app/mx/nuevo-leon/apodaca/altabrisa
66604,Altabrisa Premier,Fraccionamiento,Apodaca,Nuevo León,Ciudad Apodaca,Urbano,https://postali.app/mx/nuevo-leon/apodaca/altabrisa-premier
66604,Bosque de Agua,Colonia,Apodaca,Nuevo León,Ciudad Apodaca,Urbano,https://postali.app/mx/nuevo-leon/apodaca/bosque-de-agua
66604,Bosquealto,Colonia,Apodaca,Nuevo León,Ciudad Apodaca,Urbano,https://postali.app/mx/nuevo-leon/apodaca/bosquealto
66604,Burócratas Municipales,Colonia,Apodaca,Nuevo León,Ciudad Apodaca,Urbano,https://postali.app/mx/nuevo-leon/apodaca/burocratas-municipales
66604,Capellanía Residencial,Fraccionamiento,Apodaca,Nuevo León,Ciudad Apodaca,Urbano,https://postali.app/mx/nuevo-leon/apodaca/capellania-residencial
66604,Casas Reales,Colonia,Apodaca,Nuevo León,Ciudad Apodaca,Urbano,https://postali.app/mx/nuevo-leon/apodaca/casas-reales
66604,Crystal Lagoons,Fraccionamiento,Apodaca,Nuevo León,Ciudad Apodaca,Urbano,https://postali.app/mx/nuevo-leon/apodaca/crystal-lagoons
66604,Emana Residencial,Fraccionamiento,Apodaca,Nuevo León,Ciudad Apodaca,Urbano,https://postali.app/mx/nuevo-leon/apodaca/emana-residencial
66604,Gévora Residencial,Fraccionamiento,Apodaca,Nuevo León,Ciudad Apodaca,Urbano,https://postali.app/mx/nuevo-leon/apodaca/gevora-residencial
66604,Los Castaños Privada Residencial,Fraccionamiento,Apodaca,Nuevo León,Ciudad Apodaca,Urbano,https://postali.app/mx/nuevo-leon/apodaca/los-castanos-privada-residencial
66604,Molinos San Francisco,Fraccionamiento,Apodaca,Nuevo León,Ciudad Apodaca,Urbano,https://postali.app/mx/nuevo-leon/apodaca/molinos-san-francisco
66604,Parque Industrial Concordia,Zona industrial,Apodaca,Nuevo León,Ciudad Apodaca,Urbano,https://postali.app/mx/nuevo-leon/apodaca/parque-industrial-concordia
66604,Parque Industrial HG 1500,Zona industrial,Apodaca,Nuevo León,Ciudad Apodaca,Urbano,https://postali.app/mx/nuevo-leon/apodaca/parque-industrial-hg-1500
66604,Parque Industrial Kuadrum,Zona industrial,Apodaca,Nuevo León,Ciudad Apodaca,Urbano,https://postali.app/mx/nuevo-leon/apodaca/parque-industrial-kuadrum
66604,Privada Santa Martha,Fraccionamiento,Apodaca,Nuevo León,Ciudad Apodaca,Urbano,https://postali.app/mx/nuevo-leon/apodaca/privada-santa-martha
66604,Reserva San Francisco,Fraccionamiento,Apodaca,Nuevo León,Ciudad Apodaca,Urbano,https://postali.app/mx/nuevo-leon/apodaca/reserva-san-francisco
66604,Reserva Valle,Fraccionamiento,Apodaca,Nuevo León,Ciudad Apodaca,Urbano,https://postali.app/mx/nuevo-leon/apodaca/reserva-valle
66604,San Francisco Segundo Sector,Fraccionamiento,Apodaca,Nuevo León,Ciudad Apodaca,Urbano,https://postali.app/mx/nuevo-leon/apodaca/san-francisco-segundo-sector
66604,Santa Rosa Primer Sector,Colonia,Apodaca,Nuevo León,Ciudad Apodaca,Urbano,https://postali.app/mx/nuevo-leon/apodaca/santa-rosa-primer-sector
66604,Torento,Fraccionamiento,Apodaca,Nuevo León,Ciudad Apodaca,Urbano,https://postali.app/mx/nuevo-leon/apodaca/torento
66605,Benito Juárez,Colonia,Apodaca,Nuevo León,Ciudad Apodaca,Urbano,https://postali.app/mx/nuevo-leon/apodaca/benito-juarez
66605,La Condesa,Fraccionamiento,Apodaca,Nuevo León,Ciudad Apodaca,Urbano,https://postali.app/mx/nuevo-leon/apodaca/la-condesa
66605,Novapodaca,Colonia,Apodaca,Nuevo León,Ciudad Apodaca,Urbano,https://postali.app/mx/nuevo-leon/apodaca/novapodaca
66605,Parque Industrial Milenium Center,Zona industrial,Apodaca,Nuevo León,Ciudad Apodaca,Urbano,https://postali.app/mx/nuevo-leon/apodaca/parque-industrial-milenium-center
66605,Pedregal de Apodaca,Colonia,Apodaca,Nuevo León,Ciudad Apodaca,Urbano,https://postali.app/mx/nuevo-leon/apodaca/pedregal-de-apodaca
66605,Residencial Apodaca,Fraccionamiento,Apodaca,Nuevo León,Ciudad Apodaca,Urbano,https://postali.app/mx/nuevo-leon/apodaca/residencial-apodaca
66605,Teresita,Colonia,Apodaca,Nuevo León,Ciudad Apodaca,Urbano,https://postali.app/mx/nuevo-leon/apodaca/teresita
66606,Alvento,Fraccionamiento,Apodaca,Nuevo León,Ciudad Apodaca,Urbano,https://postali.app/mx/nuevo-leon/apodaca/alvento
66606,Cerradas de Rinconada,Fraccionamiento,Apodaca,Nuevo León,Ciudad Apodaca,Urbano,https://postali.app/mx/nuevo-leon/apodaca/cerradas-de-rinconada
66606,Katavia Residencial,Fraccionamiento,Apodaca,Nuevo León,Ciudad Apodaca,Urbano,https://postali.app/mx/nuevo-leon/apodaca/katavia-residencial
66606,Privadas de Rinconada,Fraccionamiento,Apodaca,Nuevo León,Ciudad Apodaca,Urbano,https://postali.app/mx/nuevo-leon/apodaca/privadas-de-rinconada
66606,Residencial San Roberto,Fraccionamiento,Apodaca,Nuevo León,Ciudad Apodaca,Urbano,https://postali.app/mx/nuevo-leon/apodaca/residencial-san-roberto
66606,Rinconada Colonial,Fraccionamiento,Apodaca,Nuevo León,Ciudad Apodaca,Urbano,https://postali.app/mx/nuevo-leon/apodaca/rinconada-colonial
66606,Rinconada Norte,Fraccionamiento,Apodaca,Nuevo León,Ciudad Apodaca,Urbano,https://postali.app/mx/nuevo-leon/apodaca/rinconada-norte
66606,Sierra la Esperanza,Fraccionamiento,Apodaca,Nuevo León,Ciudad Apodaca,Urbano,https://postali.app/mx/nuevo-leon/apodaca/sierra-la-esperanza
66606,Villas Coloniales,Fraccionamiento,Apodaca,Nuevo León,Ciudad Apodaca,Urbano,https://postali.app/mx/nuevo-leon/apodaca/villas-coloniales
66607,Hacienda los Guajardo,Fraccionamiento,Apodaca,Nuevo León,Ciudad Apodaca,Urbano,https://postali.app/mx/nuevo-leon/apodaca/hacienda-los-guajardo
66607,Los Astures,Fraccionamiento,Apodaca,Nuevo León,Ciudad Apodaca,Urbano,https://postali.app/mx/nuevo-leon/apodaca/los-astures
66607,Luana,Fraccionamiento,Apodaca,Nuevo León,Ciudad Apodaca,Urbano,https://postali.app/mx/nuevo-leon/apodaca/luana
66607,Paraje Santa Rosa Sector Norte,Colonia,Apodaca,Nuevo León,Ciudad Apodaca,Urbano,https://postali.app/mx/nuevo-leon/apodaca/paraje-santa-rosa-sector-norte
66607,Paraje Santa Rosa Sector Sur,Colonia,Apodaca,Nuevo León,Ciudad Apodaca,Urbano,https://postali.app/mx/nuevo-leon/apodaca/paraje-santa-rosa-sector-sur
66607,Parque Industrial Avante Apodaca,Zona industrial,Apodaca,Nuevo León,Ciudad Apodaca,Urbano,https://postali.app/mx/nuevo-leon/apodaca/parque-industrial-avante-apodaca
66607,Parque Industrial Santo Tomás,Zona industrial,Apodaca,Nuevo León,Ciudad Apodaca,Urbano,https://postali.app/mx/nuevo-leon/apodaca/parque-industrial-santo-tomas
66607,Paseo de los Nogales Santa Rosa,Fraccionamiento,Apodaca,Nuevo León,Ciudad Apodaca,Urbano,https://postali.app/mx/nuevo-leon/apodaca/paseo-de-los-nogales-santa-rosa
66607,Privada Tiara,Fraccionamiento,Apodaca,Nuevo León,Ciudad Apodaca,Urbano,https://postali.app/mx/nuevo-leon/apodaca/privada-tiara
66607,Privenza Quinta Real,Fraccionamiento,Apodaca,Nuevo León,Ciudad Apodaca,Urbano,https://postali.app/mx/nuevo-leon/apodaca/privenza-quinta-real
66607,Quinta Real Residencial,Fraccionamiento,Apodaca,Nuevo León,Ciudad Apodaca,Urbano,https://postali.app/mx/nuevo-leon/apodaca/quinta-real-residencial
66607,Santa Rosa,Colonia,Apodaca,Nuevo León,Ciudad Apodaca,Urbano,https://postali.app/mx/nuevo-leon/apodaca/santa-rosa
66607,Valle de Salduero,Fraccionamiento,Apodaca,Nuevo León,Ciudad Apodaca,Urbano,https://postali.app/mx/nuevo-leon/apodaca/valle-de-salduero
66607,Valle la Rioja,Fraccionamiento,Apodaca,Nuevo León,Ciudad Apodaca,Urbano,https://postali.app/mx/nuevo-leon/apodaca/valle-la-rioja
66609,Arbado Sector Marquesa,Fraccionamiento,Apodaca,Nuevo León,Ciudad Apodaca,Urbano,https://postali.app/mx/nuevo-leon/apodaca/arbado-sector-marquesa
66609,Cerradas Concordia,Fraccionamiento,Apodaca,Nuevo León,Ciudad Apodaca,Urbano,https://postali.app/mx/nuevo-leon/apodaca/cerradas-concordia
66609,Concordia Norte,Fraccionamiento,Apodaca,Nuevo León,Ciudad Apodaca,Urbano,https://postali.app/mx/nuevo-leon/apodaca/concordia-norte
66609,Estancias Valle de Plata,Fraccionamiento,Apodaca,Nuevo León,Ciudad Apodaca,Urbano,https://postali.app/mx/nuevo-leon/apodaca/estancias-valle-de-plata
66609,Kuatro,Zona comercial,Apodaca,Nuevo León,Ciudad Apodaca,Urbano,https://postali.app/mx/nuevo-leon/apodaca/kuatro
66609,Misión de los Ángeles,Fraccionamiento,Apodaca,Nuevo León,Ciudad Apodaca,Urbano,https://postali.app/mx/nuevo-leon/apodaca/mision-de-los-angeles
66609,Monetta,Fraccionamiento,Apodaca,Nuevo León,Ciudad Apodaca,Urbano,https://postali.app/mx/nuevo-leon/apodaca/monetta
66609,Privalia Concordia,Fraccionamiento,Apodaca,Nuevo León,Ciudad Apodaca,Urbano,https://postali.app/mx/nuevo-leon/apodaca/privalia-concordia
66609,Radica,Fraccionamiento,Apodaca,Nuevo León,Ciudad Apodaca,Urbano,https://postali.app/mx/nuevo-leon/apodaca/radica
66609,Sámara Residencial,Fraccionamiento,Apodaca,Nuevo León,Ciudad Apodaca,Urbano,https://postali.app/mx/nuevo-leon/apodaca/samara-residencial
66610,Amberes Residencial,Fraccionamiento,Apodaca,Nuevo León,Ciudad Apodaca,Urbano,https://postali.app/mx/nuevo-leon/apodaca/amberes-residencial
66610,Antigua Santa Rosa,Fraccionamiento,Apodaca,Nuevo León,Ciudad Apodaca,Urbano,https://postali.app/mx/nuevo-leon/apodaca/antigua-santa-rosa
66610,Arbado Sector Castañares,Fraccionamiento,Apodaca,Nuevo León,Ciudad Apodaca,Urbano,https://postali.app/mx/nuevo-leon/apodaca/arbado-sector-castanares
66610,Arbado Sector Monarca,Fraccionamiento,Apodaca,Nuevo León,Ciudad Apodaca,Urbano,https://postali.app/mx/nuevo-leon/apodaca/arbado-sector-monarca
66610,Balcones de Santa Rosa,Fraccionamiento,Apodaca,Nuevo León,Ciudad Apodaca,Urbano,https://postali.app/mx/nuevo-leon/apodaca/balcones-de-santa-rosa
66610,Bonaterra,Fraccionamiento,Apodaca,Nuevo León,Ciudad Apodaca,Urbano,https://postali.app/mx/nuevo-leon/apodaca/bonaterra
66610,Bosquenuevo,Fraccionamiento,Apodaca,Nuevo León,Ciudad Apodaca,Urbano,https://postali.app/mx/nuevo-leon/apodaca/bosquenuevo
66610,Bosques de Santa Rosa,Fraccionamiento,Apodaca,Nuevo León,Ciudad Apodaca,Urbano,https://postali.app/mx/nuevo-leon/apodaca/bosques-de-santa-rosa
66610,Ex-Hacienda Santa Rosa,Colonia,Apodaca,Nuevo León,Ciudad Apodaca,Urbano,https://postali.app/mx/nuevo-leon/apodaca/ex-hacienda-santa-rosa
66610,Jardines de Santa Rosa,Fraccionamiento,Apodaca,Nuevo León,Ciudad Apodaca,Urbano,https://postali.app/mx/nuevo-leon/apodaca/jardines-de-santa-rosa
66610,Los Lienzos,Fraccionamiento,Apodaca,Nuevo León,Ciudad Apodaca,Urbano,https://postali.app/mx/nuevo-leon/apodaca/los-lienzos
66610,Los Murales,Fraccionamiento,Apodaca,Nuevo León,Ciudad Apodaca,Urbano,https://postali.app/mx/nuevo-leon/apodaca/los-murales
66610,Los Soles,Fraccionamiento,Apodaca,Nuevo León,Ciudad Apodaca,Urbano,https://postali.app/mx/nuevo-leon/apodaca/los-soles
66610,Los Ébanos Doceavo Sector,Colonia,Apodaca,Nuevo León,Ciudad Apodaca,Urbano,https://postali.app/mx/nuevo-leon/apodaca/los-ebanos-doceavo-sector
66610,Los Ébanos Décimo Sector,Colonia,Apodaca,Nuevo León,Ciudad Apodaca,Urbano,https://postali.app/mx/nuevo-leon/apodaca/los-ebanos-decimo-sector
66610,Los Ébanos Noveno Sector,Colonia,Apodaca,Nuevo León,Ciudad Apodaca,Urbano,https://postali.app/mx/nuevo-leon/apodaca/los-ebanos-noveno-sector
66610,Los Ébanos Octavo Sector,Colonia,Apodaca,Nuevo León,Ciudad Apodaca,Urbano,https://postali.app/mx/nuevo-leon/apodaca/los-ebanos-octavo-sector
66610,Los Ébanos Onceavo Sector,Colonia,Apodaca,Nuevo León,Ciudad Apodaca,Urbano,https://postali.app/mx/nuevo-leon/apodaca/los-ebanos-onceavo-sector
66610,Los Ébanos Séptimo Sector,Colonia,Apodaca,Nuevo León,Ciudad Apodaca,Urbano,https://postali.app/mx/nuevo-leon/apodaca/los-ebanos-septimo-sector
66610,Pedregal del Valle,Fraccionamiento,Apodaca,Nuevo León,Ciudad Apodaca,Urbano,https://postali.app/mx/nuevo-leon/apodaca/pedregal-del-valle
66610,Prados de Santa Rosa,Colonia,Apodaca,Nuevo León,Ciudad Apodaca,Urbano,https://postali.app/mx/nuevo-leon/apodaca/prados-de-santa-rosa
66610,Privadas de Santa Rosa,Fraccionamiento,Apodaca,Nuevo León,Ciudad Apodaca,Urbano,https://postali.app/mx/nuevo-leon/apodaca/privadas-de-santa-rosa
66610,Privadas de Santa Rosa Sector Dos,Fraccionamiento,Apodaca,Nuevo León,Ciudad Apodaca,Urbano,https://postali.app/mx/nuevo-leon/apodaca/privadas-de-santa-rosa-sector-dos
66610,Quinta Colonial Apodaca,Fraccionamiento,Apodaca,Nuevo León,Ciudad Apodaca,Urbano,https://postali.app/mx/nuevo-leon/apodaca/quinta-colonial-apodaca
66610,Rincón de Santa Rosa,Colonia,Apodaca,Nuevo León,Ciudad Apodaca,Urbano,https://postali.app/mx/nuevo-leon/apodaca/rincon-de-santa-rosa
66610,Valle de los Nogales Primer Sector,Fraccionamiento,Apodaca,Nuevo León,Ciudad Apodaca,Urbano,https://postali.app/mx/nuevo-leon/apodaca/valle-de-los-nogales-primer-sector
66610,Valle de los Nogales Segundo Sector,Fraccionamiento,Apodaca,Nuevo León,Ciudad Apodaca,Urbano,https://postali.app/mx/nuevo-leon/apodaca/valle-de-los-nogales-segundo-sector
66610,Villas de Santa Rosa,Fraccionamiento,Apodaca,Nuevo León,Ciudad Apodaca,Urbano,https://postali.app/mx/nuevo-leon/apodaca/villas-de-santa-rosa
66612,Almendros,Fraccionamiento,Apodaca,Nuevo León,Ciudad Apodaca,Urbano,https://postali.app/mx/nuevo-leon/apodaca/almendros
66612,Andalucía,Colonia,Apodaca,Nuevo León,Ciudad Apodaca,Urbano,https://postali.app/mx/nuevo-leon/apodaca/andalucia
66612,Aria Residencial,Fraccionamiento,Apodaca,Nuevo León,Ciudad Apodaca,Urbano,https://postali.app/mx/nuevo-leon/apodaca/aria-residencial
66612,Bosque Real,Colonia,Apodaca,Nuevo León,Ciudad Apodaca,Urbano,https://postali.app/mx/nuevo-leon/apodaca/bosque-real
66612,Cortijo las Palmas,Colonia,Apodaca,Nuevo León,Ciudad Apodaca,Urbano,https://postali.app/mx/nuevo-leon/apodaca/cortijo-las-palmas
66612,El Molino,Colonia,Apodaca,Nuevo León,Ciudad Apodaca,Urbano,https://postali.app/mx/nuevo-leon/apodaca/el-molino
66612,Hacienda las Yucas,Colonia,Apodaca,Nuevo León,Ciudad Apodaca,Urbano,https://postali.app/mx/nuevo-leon/apodaca/hacienda-las-yucas
66612,Hacienda Santa Isabel,Fraccionamiento,Apodaca,Nuevo León,Ciudad Apodaca,Urbano,https://postali.app/mx/nuevo-leon/apodaca/hacienda-santa-isabel
66612,Insurgentes,Colonia,Apodaca,Nuevo León,Ciudad Apodaca,Urbano,https://postali.app/mx/nuevo-leon/apodaca/insurgentes
66612,Jardines de las Palmas,Colonia,Apodaca,Nuevo León,Ciudad Apodaca,Urbano,https://postali.app/mx/nuevo-leon/apodaca/jardines-de-las-palmas
66612,Jardines de San Andrés,Fraccionamiento,Apodaca,Nuevo León,Ciudad Apodaca,Urbano,https://postali.app/mx/nuevo-leon/apodaca/jardines-de-san-andres
66612,Las Huertas,Fraccionamiento,Apodaca,Nuevo León,Ciudad Apodaca,Urbano,https://postali.app/mx/nuevo-leon/apodaca/las-huertas
66612,Lombardía Residencial,Fraccionamiento,Apodaca,Nuevo León,Ciudad Apodaca,Urbano,https://postali.app/mx/nuevo-leon/apodaca/lombardia-residencial
66612,Los Encinos,Fraccionamiento,Apodaca,Nuevo León,Ciudad Apodaca,Urbano,https://postali.app/mx/nuevo-leon/apodaca/los-encinos
66612,Los Ébanos,Colonia,Apodaca,Nuevo León,Ciudad Apodaca,Urbano,https://postali.app/mx/nuevo-leon/apodaca/los-ebanos
66612,Manantial Primer Sector,Colonia,Apodaca,Nuevo León,Ciudad Apodaca,Urbano,https://postali.app/mx/nuevo-leon/apodaca/manantial-primer-sector
66612,Manantial Segundo Sector,Colonia,Apodaca,Nuevo León,Ciudad Apodaca,Urbano,https://postali.app/mx/nuevo-leon/apodaca/manantial-segundo-sector
66612,Metroplex,Colonia,Apodaca,Nuevo León,Ciudad Apodaca,Urbano,https://postali.app/mx/nuevo-leon/apodaca/metroplex
66612,Misión de Fundadores,Fraccionamiento,Apodaca,Nuevo León,Ciudad Apodaca,Urbano,https://postali.app/mx/nuevo-leon/apodaca/mision-de-fundadores
66612,Misión de San José Privadas,Fraccionamiento,Apodaca,Nuevo León,Ciudad Apodaca,Urbano,https://postali.app/mx/nuevo-leon/apodaca/mision-de-san-jose-privadas
66612,Misión de San José Residencias,Fraccionamiento,Apodaca,Nuevo León,Ciudad Apodaca,Urbano,https://postali.app/mx/nuevo-leon/apodaca/mision-de-san-jose-residencias
66612,Misión del Parque,Fraccionamiento,Apodaca,Nuevo León,Ciudad Apodaca,Urbano,https://postali.app/mx/nuevo-leon/apodaca/mision-del-parque
66612,Moravia Residencial,Fraccionamiento,Apodaca,Nuevo León,Ciudad Apodaca,Urbano,https://postali.app/mx/nuevo-leon/apodaca/moravia-residencial
66612,Muran Residencial,Fraccionamiento,Apodaca,Nuevo León,Ciudad Apodaca,Urbano,https://postali.app/mx/nuevo-leon/apodaca/muran-residencial
66612,Nuevo las Puentes Primer Sector,Colonia,Apodaca,Nuevo León,Ciudad Apodaca,Urbano,https://postali.app/mx/nuevo-leon/apodaca/nuevo-las-puentes-primer-sector
66612,Nuevo las Puentes Segundo Sector,Colonia,Apodaca,Nuevo León,Ciudad Apodaca,Urbano,https://postali.app/mx/nuevo-leon/apodaca/nuevo-las-puentes-segundo-sector
66612,Nuevo las Puentes Tercer Sector,Colonia,Apodaca,Nuevo León,Ciudad Apodaca,Urbano,https://postali.app/mx/nuevo-leon/apodaca/nuevo-las-puentes-tercer-sector
66612,Prados de los Pinos,Colonia,Apodaca,Nuevo León,Ciudad Apodaca,Urbano,https://postali.app/mx/nuevo-leon/apodaca/prados-de-los-pinos
66612,Prados Del Virrey,Colonia,Apodaca,Nuevo León,Ciudad Apodaca,Urbano,https://postali.app/mx/nuevo-leon/apodaca/prados-del-virrey
66612,Privada Lumena,Fraccionamiento,Apodaca,Nuevo León,Ciudad Apodaca,Urbano,https://postali.app/mx/nuevo-leon/apodaca/privada-lumena
66612,Privada Marietta,Fraccionamiento,Apodaca,Nuevo León,Ciudad Apodaca,Urbano,https://postali.app/mx/nuevo-leon/apodaca/privada-marietta
66612,Privada Sundara,Fraccionamiento,Apodaca,Nuevo León,Ciudad Apodaca,Urbano,https://postali.app/mx/nuevo-leon/apodaca/privada-sundara
66612,Privadas del Rey,Colonia,Apodaca,Nuevo León,Ciudad Apodaca,Urbano,https://postali.app/mx/nuevo-leon/apodaca/privadas-del-rey
66612,Real de San Andrés,Fraccionamiento,Apodaca,Nuevo León,Ciudad Apodaca,Urbano,https://postali.app/mx/nuevo-leon/apodaca/real-de-san-andres
66612,Residencial las Estancias,Colonia,Apodaca,Nuevo León,Ciudad Apodaca,Urbano,https://postali.app/mx/nuevo-leon/apodaca/residencial-las-estancias
66612,Sabanah Residencial,Fraccionamiento,Apodaca,Nuevo León,Ciudad Apodaca,Urbano,https://postali.app/mx/nuevo-leon/apodaca/sabanah-residencial
66612,Santa Alicia,Colonia,Apodaca,Nuevo León,Ciudad Apodaca,Urbano,https://postali.app/mx/nuevo-leon/apodaca/santa-alicia
66612,Valle de Apodaca,Colonia,Apodaca,Nuevo León,Ciudad Apodaca,Urbano,https://postali.app/mx/nuevo-leon/apodaca/valle-de-apodaca
66612,Valle de las Bugambilias,Colonia,Apodaca,Nuevo León,Ciudad Apodaca,Urbano,https://postali.app/mx/nuevo-leon/apodaca/valle-de-las-bugambilias
66612,Valle de las Palmas Cuarto Sector,Colonia,Apodaca,Nuevo León,Ciudad Apodaca,Urbano,https://postali.app/mx/nuevo-leon/apodaca/valle-de-las-palmas-cuarto-sector
66612,Valle de las Palmas Quinto Sector,Colonia,Apodaca,Nuevo León,Ciudad Apodaca,Urbano,https://postali.app/mx/nuevo-leon/apodaca/valle-de-las-palmas-quinto-sector
66612,Valle de las Palmas Segundo Sector,Colonia,Apodaca,Nuevo León,Ciudad Apodaca,Urbano,https://postali.app/mx/nuevo-leon/apodaca/valle-de-las-palmas-segundo-sector
66612,Valle de las Palmas Sexto Sector,Colonia,Apodaca,Nuevo León,Ciudad Apodaca,Urbano,https://postali.app/mx/nuevo-leon/apodaca/valle-de-las-palmas-sexto-sector
66612,Valle de las Palmas Tercer Sector,Colonia,Apodaca,Nuevo León,Ciudad Apodaca,Urbano,https://postali.app/mx/nuevo-leon/apodaca/valle-de-las-palmas-tercer-sector
66612,Valle de San Andrés,Colonia,Apodaca,Nuevo León,Ciudad Apodaca,Urbano,https://postali.app/mx/nuevo-leon/apodaca/valle-de-san-andres
66612,Villa de las Puentes,Fraccionamiento,Apodaca,Nuevo León,Ciudad Apodaca,Urbano,https://postali.app/mx/nuevo-leon/apodaca/villa-de-las-puentes
66612,Villas Premier,Colonia,Apodaca,Nuevo León,Ciudad Apodaca,Urbano,https://postali.app/mx/nuevo-leon/apodaca/villas-premier
66612,Ébanos Norte,Colonia,Apodaca,Nuevo León,Ciudad Apodaca,Urbano,https://postali.app/mx/nuevo-leon/apodaca/ebanos-norte
66613,Balcones del Norte Tercer Sector,Fraccionamiento,Apodaca,Nuevo León,Ciudad Apodaca,Urbano,https://postali.app/mx/nuevo-leon/apodaca/balcones-del-norte-tercer-sector
66613,Jardines de Monterrey Primer Sector,Colonia,Apodaca,Nuevo León,Ciudad Apodaca,Urbano,https://postali.app/mx/nuevo-leon/apodaca/jardines-de-monterrey-primer-sector
66613,Jardines de Monterrey Segundo Sector,Colonia,Apodaca,Nuevo León,Ciudad Apodaca,Urbano,https://postali.app/mx/nuevo-leon/apodaca/jardines-de-monterrey-segundo-sector
66613,Jardines de Monterrey Tercer Sector,Colonia,Apodaca,Nuevo León,Ciudad Apodaca,Urbano,https://postali.app/mx/nuevo-leon/apodaca/jardines-de-monterrey-tercer-sector
66613,Los Altos,Colonia,Apodaca,Nuevo León,Ciudad Apodaca,Urbano,https://postali.app/mx/nuevo-leon/apodaca/los-altos
66613,Los Amarantos,Fraccionamiento,Apodaca,Nuevo León,Ciudad Apodaca,Urbano,https://postali.app/mx/nuevo-leon/apodaca/los-amarantos
66613,Los Lirios,Fraccionamiento,Apodaca,Nuevo León,Ciudad Apodaca,Urbano,https://postali.app/mx/nuevo-leon/apodaca/los-lirios
66613,Los Nuevos Vergeles,Rancho,Apodaca,Nuevo León,Ciudad Apodaca,Rural,https://postali.app/mx/nuevo-leon/apodaca/los-nuevos-vergeles
66613,Mirador del Topo Fundadores,Colonia,Apodaca,Nuevo León,Ciudad Apodaca,Urbano,https://postali.app/mx/nuevo-leon/apodaca/mirador-del-topo-fundadores
66613,Moisés Sáenz,Colonia,Apodaca,Nuevo León,Ciudad Apodaca,Urbano,https://postali.app/mx/nuevo-leon/apodaca/moises-saenz
66613,Parque Industrial del Norte,Zona industrial,Apodaca,Nuevo León,Ciudad Apodaca,Urbano,https://postali.app/mx/nuevo-leon/apodaca/parque-industrial-del-norte
66613,Parque Industrial Jardínes de Monterrey,Zona industrial,Apodaca,Nuevo León,Ciudad Apodaca,Urbano,https://postali.app/mx/nuevo-leon/apodaca/parque-industrial-jardines-de-monterrey
66613,Parque Industrial LAMAR,Zona industrial,Apodaca,Nuevo León,Ciudad Apodaca,Urbano,https://postali.app/mx/nuevo-leon/apodaca/parque-industrial-lamar
66613,Paseo de Apodaca,Fraccionamiento,Apodaca,Nuevo León,Ciudad Apodaca,Urbano,https://postali.app/mx/nuevo-leon/apodaca/paseo-de-apodaca
66613,Privadas del Rey II,Fraccionamiento,Apodaca,Nuevo León,Ciudad Apodaca,Urbano,https://postali.app/mx/nuevo-leon/apodaca/privadas-del-rey-ii
66613,Residencial Moisés Sáenz,Colonia,Apodaca,Nuevo León,Ciudad Apodaca,Urbano,https://postali.app/mx/nuevo-leon/apodaca/residencial-moises-saenz
66613,Santa Elena,Fraccionamiento,Apodaca,Nuevo León,Ciudad Apodaca,Urbano,https://postali.app/mx/nuevo-leon/apodaca/santa-elena
66614,Arboledas de Santa Rosa,Fraccionamiento,Apodaca,Nuevo León,Ciudad Apodaca,Urbano,https://postali.app/mx/nuevo-leon/apodaca/arboledas-de-santa-rosa
66614,Cosmópolis,Fraccionamiento,Apodaca,Nuevo León,Ciudad Apodaca,Urbano,https://postali.app/mx/nuevo-leon/apodaca/cosmopolis
66614,Cosmópolis Octavo Sector,Fraccionamiento,Apodaca,Nuevo León,Ciudad Apodaca,Urbano,https://postali.app/mx/nuevo-leon/apodaca/cosmopolis-octavo-sector
66614,Industrial Apodaca,Zona industrial,Apodaca,Nuevo León,Ciudad Apodaca,Urbano,https://postali.app/mx/nuevo-leon/apodaca/industrial-apodaca
66614,Las Mercedes,Fraccionamiento,Apodaca,Nuevo León,Ciudad Apodaca,Urbano,https://postali.app/mx/nuevo-leon/apodaca/las-mercedes
66614,Misión de los Olivos,Fraccionamiento,Apodaca,Nuevo León,Ciudad Apodaca,Urbano,https://postali.app/mx/nuevo-leon/apodaca/mision-de-los-olivos
66614,Parque Industrial Azteca,Zona industrial,Apodaca,Nuevo León,Ciudad Apodaca,Urbano,https://postali.app/mx/nuevo-leon/apodaca/parque-industrial-azteca
66614,Parque Industrial Kalos Santa Rosa,Zona industrial,Apodaca,Nuevo León,Ciudad Apodaca,Urbano,https://postali.app/mx/nuevo-leon/apodaca/parque-industrial-kalos-santa-rosa
66614,Parque Industrial Milimex Santa Rosa,Zona industrial,Apodaca,Nuevo León,Ciudad Apodaca,Urbano,https://postali.app/mx/nuevo-leon/apodaca/parque-industrial-milimex-santa-rosa
66614,Paseo de Santa Rosa,Fraccionamiento,Apodaca,Nuevo León,Ciudad Apodaca,Urbano,https://postali.app/mx/nuevo-leon/apodaca/paseo-de-santa-rosa
66614,Portal de Santa Rosa,Fraccionamiento,Apodaca,Nuevo León,Ciudad Apodaca,Urbano,https://postali.app/mx/nuevo-leon/apodaca/portal-de-santa-rosa
66614,Renaceres,Fraccionamiento,Apodaca,Nuevo León,Ciudad Apodaca,Urbano,https://postali.app/mx/nuevo-leon/apodaca/renaceres
66614,Ventura de Santa Rosa,Fraccionamiento,Apodaca,Nuevo León,Ciudad Apodaca,Urbano,https://postali.app/mx/nuevo-leon/apodaca/ventura-de-santa-rosa
66616,Cuartel General 7a. Z. M.,Zona militar,Apodaca,Nuevo León,,Urbano,https://postali.app/mx/nuevo-leon/apodaca/cuartel-general-7a-z-m
66616,Entronque Laredo-Salinas Victoria,Colonia,Apodaca,Nuevo León,,Urbano,https://postali.app/mx/nuevo-leon/apodaca/entronque-laredo-salinas-victoria
66616,Parque Aros Santa Rosa,Zona industrial,Apodaca,Nuevo León,,Urbano,https://postali.app/mx/nuevo-leon/apodaca/parque-aros-santa-rosa
66616,Parque Industrial Aeropuerto 1er. Sector,Zona industrial,Apodaca,Nuevo León,,Urbano,https://postali.app/mx/nuevo-leon/apodaca/parque-industrial-aeropuerto-1er-sector
66620,Agua Fría,Colonia,Apodaca,Nuevo León,,Rural,https://postali.app/mx/nuevo-leon/apodaca/agua-fria
66620,Asturias Premier,Fraccionamiento,Apodaca,Nuevo León,,Urbano,https://postali.app/mx/nuevo-leon/apodaca/asturias-premier
66620,Asturias Residencial,Fraccionamiento,Apodaca,Nuevo León,,Urbano,https://postali.app/mx/nuevo-leon/apodaca/asturias-residencial
66620,Cerritos de Agua Fría,Colonia,Apodaca,Nuevo León,,Urbano,https://postali.app/mx/nuevo-leon/apodaca/cerritos-de-agua-fria
66620,Rincón de Galicia,Fraccionamiento,Apodaca,Nuevo León,,Urbano,https://postali.app/mx/nuevo-leon/apodaca/rincon-de-galicia
66620,Rincón de las Fuentes,Fraccionamiento,Apodaca,Nuevo León,,Urbano,https://postali.app/mx/nuevo-leon/apodaca/rincon-de-las-fuentes
66620,Triana,Fraccionamiento,Apodaca,Nuevo León,,Urbano,https://postali.app/mx/nuevo-leon/apodaca/triana
66620,Triana Bosques,Fraccionamiento,Apodaca,Nuevo León,,Urbano,https://postali.app/mx/nuevo-leon/apodaca/triana-bosques
66620,Triana Palmas,Fraccionamiento,Apodaca,Nuevo León,,Urbano,https://postali.app/mx/nuevo-leon/apodaca/triana-palmas
66620,Valle Azul,Fraccionamiento,Apodaca,Nuevo León,,Urbano,https://postali.app/mx/nuevo-leon/apodaca/valle-azul
66623,Artemio Treviño,Colonia,Apodaca,Nuevo León,,Urbano,https://postali.app/mx/nuevo-leon/apodaca/artemio-trevino
66623,Avatares de Apodaca,Fraccionamiento,Apodaca,Nuevo León,,Rural,https://postali.app/mx/nuevo-leon/apodaca/avatares-de-apodaca
66623,Ciudad Natura,Colonia,Apodaca,Nuevo León,,Urbano,https://postali.app/mx/nuevo-leon/apodaca/ciudad-natura
66623,Mirador de Apodaca,Fraccionamiento,Apodaca,Nuevo León,,Urbano,https://postali.app/mx/nuevo-leon/apodaca/mirador-de-apodaca
66624,San Jerónimo (La Hacienda),Colonia,Apodaca,Nuevo León,Ciudad Apodaca,Rural,https://postali.app/mx/nuevo-leon/apodaca/san-jeronimo-la-hacienda
66625,Los Cielos de Apodaca,Fraccionamiento,Apodaca,Nuevo León,Ciudad Apodaca,Rural,https://postali.app/mx/nuevo-leon/apodaca/los-cielos-de-apodaca
66626,Almería,Fraccionamiento,Apodaca,Nuevo León,Ciudad Apodaca,Urbano,https://postali.app/mx/nuevo-leon/apodaca/almeria
66626,Parque Industrial FINSA Monterrey,Zona industrial,Apodaca,Nuevo León,Ciudad Apodaca,Urbano,https://postali.app/mx/nuevo-leon/apodaca/parque-industrial-finsa-monterrey
66626,Parque Industrial Milenium Aeropuerto,Zona industrial,Apodaca,Nuevo León,Ciudad Apodaca,Urbano,https://postali.app/mx/nuevo-leon/apodaca/parque-industrial-milenium-aeropuerto
66626,Parque Industrial Stiva Aeropuerto,Zona industrial,Apodaca,Nuevo León,Ciudad Apodaca,Urbano,https://postali.app/mx/nuevo-leon/apodaca/parque-industrial-stiva-aeropuerto
66626,Parque Industrial Villacero,Zona industrial,Apodaca,Nuevo León,Ciudad Apodaca,Urbano,https://postali.app/mx/nuevo-leon/apodaca/parque-industrial-villacero
66626,Pocket Park Aeropuerto,Zona industrial,Apodaca,Nuevo León,Ciudad Apodaca,Urbano,https://postali.app/mx/nuevo-leon/apodaca/pocket-park-aeropuerto
66626,VYNMSA Aero Industrial Park,Zona industrial,Apodaca,Nuevo León,Ciudad Apodaca,Urbano,https://postali.app/mx/nuevo-leon/apodaca/vynmsa-aero-industrial-park
66626,VYNMSA Aeropuerto Apodaca Industrial Park,Zona industrial,Apodaca,Nuevo León,Ciudad Apodaca,Urbano,https://postali.app/mx/nuevo-leon/apodaca/vynmsa-aeropuerto-apodaca-industrial-park
66627,Apodaca Technology Park,Zona industrial,Apodaca,Nuevo León,Ciudad Apodaca,Urbano,https://postali.app/mx/nuevo-leon/apodaca/apodaca-technology-park
66627,Eco Park,Zona industrial,Apodaca,Nuevo León,Ciudad Apodaca,Urbano,https://postali.app/mx/nuevo-leon/apodaca/eco-park
66627,Las Cruces Residencial Club de Golf,Fraccionamiento,Apodaca,Nuevo León,Ciudad Apodaca,Urbano,https://postali.app/mx/nuevo-leon/apodaca/las-cruces-residencial-club-de-golf
66627,Parque Industrial Hasna,Zona industrial,Apodaca,Nuevo León,Ciudad Apodaca,Urbano,https://postali.app/mx/nuevo-leon/apodaca/parque-industrial-hasna
66627,Parque Industrial VIA 54,Zona industrial,Apodaca,Nuevo León,Ciudad Apodaca,Urbano,https://postali.app/mx/nuevo-leon/apodaca/parque-industrial-via-54
66627,Prologis Park Agua Fría,Zona industrial,Apodaca,Nuevo León,Ciudad Apodaca,Urbano,https://postali.app/mx/nuevo-leon/apodaca/prologis-park-agua-fria
66627,ProLogis Park Apodaca,Zona industrial,Apodaca,Nuevo León,Ciudad Apodaca,Urbano,https://postali.app/mx/nuevo-leon/apodaca/prologis-park-apodaca
66627,Puerta Jardín,Fraccionamiento,Apodaca,Nuevo León,Ciudad Apodaca,Urbano,https://postali.app/mx/nuevo-leon/apodaca/puerta-jardin
66628,Parque de Investigación e Inovación Tecnológica,Equipamiento,Apodaca,Nuevo León,,Urbano,https://postali.app/mx/nuevo-leon/apodaca/parque-de-investigacion-e-inovacion-tecnologica
66628,Parque Industrial Milenium Innova,Zona industrial,Apodaca,Nuevo León,,Urbano,https://postali.app/mx/nuevo-leon/apodaca/parque-industrial-milenium-innova
66628,VYNMSA Apodaca Industrial Park,Zona industrial,Apodaca,Nuevo León,,Urbano,https://postali.app/mx/nuevo-leon/apodaca/vynmsa-apodaca-industrial-park
66629,Aeropuerto Internacional de Monterrey,Aeropuerto,Apodaca,Nuevo León,,Urbano,https://postali.app/mx/nuevo-leon/apodaca/aeropuerto-internacional-de-monterrey
66630,Andana Residencial,Fraccionamiento,Apodaca,Nuevo León,Ciudad Apodaca,Urbano,https://postali.app/mx/nuevo-leon/apodaca/andana-residencial
66630,Arbado Sector Floresta,Fraccionamiento,Apodaca,Nuevo León,Ciudad Apodaca,Urbano,https://postali.app/mx/nuevo-leon/apodaca/arbado-sector-floresta
66630,Arboledas del Mezquital,Fraccionamiento,Apodaca,Nuevo León,Ciudad Apodaca,Urbano,https://postali.app/mx/nuevo-leon/apodaca/arboledas-del-mezquital
66630,Calabria Residencial,Fraccionamiento,Apodaca,Nuevo León,Ciudad Apodaca,Urbano,https://postali.app/mx/nuevo-leon/apodaca/calabria-residencial
66630,Cantizales,Fraccionamiento,Apodaca,Nuevo León,Ciudad Apodaca,Urbano,https://postali.app/mx/nuevo-leon/apodaca/cantizales
66630,Corinto Residencial,Fraccionamiento,Apodaca,Nuevo León,Ciudad Apodaca,Urbano,https://postali.app/mx/nuevo-leon/apodaca/corinto-residencial
66630,Ejido el Mezquital,Colonia,Apodaca,Nuevo León,Ciudad Apodaca,Urbano,https://postali.app/mx/nuevo-leon/apodaca/ejido-el-mezquital
66630,El Mezquital,Colonia,Apodaca,Nuevo León,Ciudad Apodaca,Urbano,https://postali.app/mx/nuevo-leon/apodaca/el-mezquital
66630,Francisco Elizondo,Colonia,Apodaca,Nuevo León,Ciudad Apodaca,Urbano,https://postali.app/mx/nuevo-leon/apodaca/francisco-elizondo
66630,Francisco Martínez,Colonia,Apodaca,Nuevo León,Ciudad Apodaca,Urbano,https://postali.app/mx/nuevo-leon/apodaca/francisco-martinez
66630,García Mireles,Colonia,Apodaca,Nuevo León,Ciudad Apodaca,Urbano,https://postali.app/mx/nuevo-leon/apodaca/garcia-mireles
66630,Hacienda de los Nogales,Fraccionamiento,Apodaca,Nuevo León,Ciudad Apodaca,Urbano,https://postali.app/mx/nuevo-leon/apodaca/hacienda-de-los-nogales
66630,Hacienda del Moro,Fraccionamiento,Apodaca,Nuevo León,Ciudad Apodaca,Urbano,https://postali.app/mx/nuevo-leon/apodaca/hacienda-del-moro
66630,Las Américas,Colonia,Apodaca,Nuevo León,Ciudad Apodaca,Urbano,https://postali.app/mx/nuevo-leon/apodaca/las-americas
66630,Privada 103,Fraccionamiento,Apodaca,Nuevo León,Ciudad Apodaca,Urbano,https://postali.app/mx/nuevo-leon/apodaca/privada-103
66630,Privada los Olmos,Fraccionamiento,Apodaca,Nuevo León,Ciudad Apodaca,Urbano,https://postali.app/mx/nuevo-leon/apodaca/privada-los-olmos
66630,Riviera del Mezquital,Fraccionamiento,Apodaca,Nuevo León,Ciudad Apodaca,Urbano,https://postali.app/mx/nuevo-leon/apodaca/riviera-del-mezquital
66630,Vellanía Residencial,Fraccionamiento,Apodaca,Nuevo León,Ciudad Apodaca,Urbano,https://postali.app/mx/nuevo-leon/apodaca/vellania-residencial
66630,Viejo Mezquital,Colonia,Apodaca,Nuevo León,Ciudad Apodaca,Urbano,https://postali.app/mx/nuevo-leon/apodaca/viejo-mezquital
66632,Balcones del Mezquital,Colonia,Apodaca,Nuevo León,Ciudad Apodaca,Urbano,https://postali.app/mx/nuevo-leon/apodaca/balcones-del-mezquital
66632,Cantú,Colonia,Apodaca,Nuevo León,Ciudad Apodaca,Urbano,https://postali.app/mx/nuevo-leon/apodaca/cantu
66632,Cerradas Ambar,Fraccionamiento,Apodaca,Nuevo León,Ciudad Apodaca,Urbano,https://postali.app/mx/nuevo-leon/apodaca/cerradas-ambar
66632,Cerradas de Santa Rosa,Fraccionamiento,Apodaca,Nuevo León,Ciudad Apodaca,Urbano,https://postali.app/mx/nuevo-leon/apodaca/cerradas-de-santa-rosa
66632,Cerradas del Parque,Fraccionamiento,Apodaca,Nuevo León,Ciudad Apodaca,Urbano,https://postali.app/mx/nuevo-leon/apodaca/cerradas-del-parque
66632,Cerradas del Parque Premier,Fraccionamiento,Apodaca,Nuevo León,Ciudad Apodaca,Urbano,https://postali.app/mx/nuevo-leon/apodaca/cerradas-del-parque-premier
66632,Cerradas Magenta,Fraccionamiento,Apodaca,Nuevo León,Ciudad Apodaca,Urbano,https://postali.app/mx/nuevo-leon/apodaca/cerradas-magenta
66632,Desarrollo Industrial GP Apodaca 2,Zona industrial,Apodaca,Nuevo León,Ciudad Apodaca,Urbano,https://postali.app/mx/nuevo-leon/apodaca/desarrollo-industrial-gp-apodaca-2
66632,Ex Hacienda San Francisco,Fraccionamiento,Apodaca,Nuevo León,Ciudad Apodaca,Urbano,https://postali.app/mx/nuevo-leon/apodaca/ex-hacienda-san-francisco
66632,Hacienda del Mezquital,Colonia,Apodaca,Nuevo León,Ciudad Apodaca,Urbano,https://postali.app/mx/nuevo-leon/apodaca/hacienda-del-mezquital
66632,José María García Ponce,Colonia,Apodaca,Nuevo León,Ciudad Apodaca,Urbano,https://postali.app/mx/nuevo-leon/apodaca/jose-maria-garcia-ponce
66632,Nuevo Mezquital,Colonia,Apodaca,Nuevo León,Ciudad Apodaca,Urbano,https://postali.app/mx/nuevo-leon/apodaca/nuevo-mezquital
66632,Planicies 1,Fraccionamiento,Apodaca,Nuevo León,Ciudad Apodaca,Urbano,https://postali.app/mx/nuevo-leon/apodaca/planicies-1
66632,Privadas Borneo,Fraccionamiento,Apodaca,Nuevo León,Ciudad Apodaca,Urbano,https://postali.app/mx/nuevo-leon/apodaca/privadas-borneo
66632,Recova Residencial,Fraccionamiento,Apodaca,Nuevo León,Ciudad Apodaca,Urbano,https://postali.app/mx/nuevo-leon/apodaca/recova-residencial
66632,Rincón de la Moraleja,Fraccionamiento,Apodaca,Nuevo León,Ciudad Apodaca,Urbano,https://postali.app/mx/nuevo-leon/apodaca/rincon-de-la-moraleja
66632,Santa Rosa Premier,Fraccionamiento,Apodaca,Nuevo León,Ciudad Apodaca,Urbano,https://postali.app/mx/nuevo-leon/apodaca/santa-rosa-premier
66632,Valle Del Mezquital,Colonia,Apodaca,Nuevo León,Ciudad Apodaca,Urbano,https://postali.app/mx/nuevo-leon/apodaca/valle-del-mezquital
66632,Villas del Mezquital,Colonia,Apodaca,Nuevo León,Ciudad Apodaca,Urbano,https://postali.app/mx/nuevo-leon/apodaca/villas-del-mezquital
66633,Alianza,Zona industrial,Apodaca,Nuevo León,Ciudad Apodaca,Urbano,https://postali.app/mx/nuevo-leon/apodaca/alianza
66633,Deportivo Huinalá,Fraccionamiento,Apodaca,Nuevo León,Ciudad Apodaca,Urbano,https://postali.app/mx/nuevo-leon/apodaca/deportivo-huinala
66633,Deportivo Huinalá Mundialista,Fraccionamiento,Apodaca,Nuevo León,Ciudad Apodaca,Urbano,https://postali.app/mx/nuevo-leon/apodaca/deportivo-huinala-mundialista
66633,Fresnos del Lago,Colonia,Apodaca,Nuevo León,Ciudad Apodaca,Urbano,https://postali.app/mx/nuevo-leon/apodaca/fresnos-del-lago
66633,Hacienda Santa Fe,Colonia,Apodaca,Nuevo León,Ciudad Apodaca,Urbano,https://postali.app/mx/nuevo-leon/apodaca/hacienda-santa-fe
66633,Jardines de San Jorge,Fraccionamiento,Apodaca,Nuevo León,Ciudad Apodaca,Urbano,https://postali.app/mx/nuevo-leon/apodaca/jardines-de-san-jorge
66633,Kalos Miguel Alemán,Zona industrial,Apodaca,Nuevo León,Ciudad Apodaca,Urbano,https://postali.app/mx/nuevo-leon/apodaca/kalos-miguel-aleman
66633,La Encarnación,Colonia,Apodaca,Nuevo León,Ciudad Apodaca,Urbano,https://postali.app/mx/nuevo-leon/apodaca/la-encarnacion
66633,La Noria Norte,Colonia,Apodaca,Nuevo León,Ciudad Apodaca,Urbano,https://postali.app/mx/nuevo-leon/apodaca/la-noria-norte
66633,Los Arrecifes,Colonia,Apodaca,Nuevo León,Ciudad Apodaca,Urbano,https://postali.app/mx/nuevo-leon/apodaca/los-arrecifes
66633,Los Álamos,Fraccionamiento,Apodaca,Nuevo León,Ciudad Apodaca,Urbano,https://postali.app/mx/nuevo-leon/apodaca/los-alamos
66633,Mirador Huinalá,Colonia,Apodaca,Nuevo León,Ciudad Apodaca,Urbano,https://postali.app/mx/nuevo-leon/apodaca/mirador-huinala
66633,Monterrey Business Park,Zona industrial,Apodaca,Nuevo León,Ciudad Apodaca,Urbano,https://postali.app/mx/nuevo-leon/apodaca/monterrey-business-park
66633,Noria Sur,Colonia,Apodaca,Nuevo León,Ciudad Apodaca,Urbano,https://postali.app/mx/nuevo-leon/apodaca/noria-sur
66633,Orion Residencial,Fraccionamiento,Apodaca,Nuevo León,Ciudad Apodaca,Urbano,https://postali.app/mx/nuevo-leon/apodaca/orion-residencial
66633,Parque Industrial Hasna III,Zona industrial,Apodaca,Nuevo León,Ciudad Apodaca,Urbano,https://postali.app/mx/nuevo-leon/apodaca/parque-industrial-hasna-iii
66633,Parque Industrial JM,Zona industrial,Apodaca,Nuevo León,Ciudad Apodaca,Urbano,https://postali.app/mx/nuevo-leon/apodaca/parque-industrial-jm
66633,Parque Industrial Kalos Encarnación,Zona industrial,Apodaca,Nuevo León,Ciudad Apodaca,Urbano,https://postali.app/mx/nuevo-leon/apodaca/parque-industrial-kalos-encarnacion
66633,Parque Industrial Multipark,Zona industrial,Apodaca,Nuevo León,Ciudad Apodaca,Urbano,https://postali.app/mx/nuevo-leon/apodaca/parque-industrial-multipark
66633,Parque Industrial México,Zona industrial,Apodaca,Nuevo León,Ciudad Apodaca,Urbano,https://postali.app/mx/nuevo-leon/apodaca/parque-industrial-mexico
66633,Parque Industrial OMOLAP,Zona industrial,Apodaca,Nuevo León,Ciudad Apodaca,Urbano,https://postali.app/mx/nuevo-leon/apodaca/parque-industrial-omolap
66633,Parque Industrial Titan,Zona industrial,Apodaca,Nuevo León,Ciudad Apodaca,Urbano,https://postali.app/mx/nuevo-leon/apodaca/parque-industrial-titan
66633,Privada Antigua Huinalá,Fraccionamiento,Apodaca,Nuevo León,Ciudad Apodaca,Urbano,https://postali.app/mx/nuevo-leon/apodaca/privada-antigua-huinala
66633,Privadas Del Parque,Colonia,Apodaca,Nuevo León,Ciudad Apodaca,Urbano,https://postali.app/mx/nuevo-leon/apodaca/privadas-del-parque
66633,Regio Parque Industrial,Zona industrial,Apodaca,Nuevo León,Ciudad Apodaca,Urbano,https://postali.app/mx/nuevo-leon/apodaca/regio-parque-industrial
66633,Residencial Joyas de Huinalá,Fraccionamiento,Apodaca,Nuevo León,Ciudad Apodaca,Urbano,https://postali.app/mx/nuevo-leon/apodaca/residencial-joyas-de-huinala
66633,Rincón de la Gloria,Fraccionamiento,Apodaca,Nuevo León,Ciudad Apodaca,Urbano,https://postali.app/mx/nuevo-leon/apodaca/rincon-de-la-gloria
66633,San Ignacio,Colonia,Apodaca,Nuevo León,Ciudad Apodaca,Urbano,https://postali.app/mx/nuevo-leon/apodaca/san-ignacio
66633,Torre de Campo,Colonia,Apodaca,Nuevo León,Ciudad Apodaca,Urbano,https://postali.app/mx/nuevo-leon/apodaca/torre-de-campo
66633,Valle de los Álamos,Colonia,Apodaca,Nuevo León,Ciudad Apodaca,Urbano,https://postali.app/mx/nuevo-leon/apodaca/valle-de-los-alamos
66633,Ventura de Asís Primer Sector,Fraccionamiento,Apodaca,Nuevo León,Ciudad Apodaca,Urbano,https://postali.app/mx/nuevo-leon/apodaca/ventura-de-asis-primer-sector
66633,Ventura de Asís Segundo Sector,Fraccionamiento,Apodaca,Nuevo León,Ciudad Apodaca,Urbano,https://postali.app/mx/nuevo-leon/apodaca/ventura-de-asis-segundo-sector
66633,Álamos del Parque,Colonia,Apodaca,Nuevo León,Ciudad Apodaca,Urbano,https://postali.app/mx/nuevo-leon/apodaca/alamos-del-parque
66634,Axis Mty,Zona industrial,Apodaca,Nuevo León,Ciudad Apodaca,Urbano,https://postali.app/mx/nuevo-leon/apodaca/axis-mty
66634,Campestre CTM,Colonia,Apodaca,Nuevo León,Ciudad Apodaca,Urbano,https://postali.app/mx/nuevo-leon/apodaca/campestre-ctm
66634,El Milagro,Zona industrial,Apodaca,Nuevo León,Ciudad Apodaca,Urbano,https://postali.app/mx/nuevo-leon/apodaca/el-milagro
66634,Independencia,Unidad habitacional,Apodaca,Nuevo León,Ciudad Apodaca,Urbano,https://postali.app/mx/nuevo-leon/apodaca/independencia
66634,Jacarandas,Fraccionamiento,Apodaca,Nuevo León,Ciudad Apodaca,Urbano,https://postali.app/mx/nuevo-leon/apodaca/jacarandas
66634,Los Encinos Residencial,Fraccionamiento,Apodaca,Nuevo León,Ciudad Apodaca,Urbano,https://postali.app/mx/nuevo-leon/apodaca/los-encinos-residencial
66634,Misión de San Patricio,Fraccionamiento,Apodaca,Nuevo León,Ciudad Apodaca,Urbano,https://postali.app/mx/nuevo-leon/apodaca/mision-de-san-patricio
66634,Montalto Residencial,Fraccionamiento,Apodaca,Nuevo León,Ciudad Apodaca,Urbano,https://postali.app/mx/nuevo-leon/apodaca/montalto-residencial
66634,Privada Iltamarindo,Fraccionamiento,Apodaca,Nuevo León,Ciudad Apodaca,Urbano,https://postali.app/mx/nuevo-leon/apodaca/privada-iltamarindo
66634,Privada la Castaña,Colonia,Apodaca,Nuevo León,Ciudad Apodaca,Urbano,https://postali.app/mx/nuevo-leon/apodaca/privada-la-castana
66634,Privadas Premier,Fraccionamiento,Apodaca,Nuevo León,Ciudad Apodaca,Urbano,https://postali.app/mx/nuevo-leon/apodaca/privadas-premier
66634,Privadas Santa Fe,Colonia,Apodaca,Nuevo León,Ciudad Apodaca,Urbano,https://postali.app/mx/nuevo-leon/apodaca/privadas-santa-fe
66634,Residencial las Provincias,Fraccionamiento,Apodaca,Nuevo León,Ciudad Apodaca,Urbano,https://postali.app/mx/nuevo-leon/apodaca/residencial-las-provincias
66634,Valle de Huinalá,Fraccionamiento,Apodaca,Nuevo León,Ciudad Apodaca,Urbano,https://postali.app/mx/nuevo-leon/apodaca/valle-de-huinala
66634,Villas de Huinalá,Colonia,Apodaca,Nuevo León,Ciudad Apodaca,Urbano,https://postali.app/mx/nuevo-leon/apodaca/villas-de-huinala
66635,Hacienda las Palmas Primer Sector,Colonia,Apodaca,Nuevo León,Ciudad Apodaca,Urbano,https://postali.app/mx/nuevo-leon/apodaca/hacienda-las-palmas-primer-sector
66635,Hacienda las Palmas Segundo Sector,Colonia,Apodaca,Nuevo León,Ciudad Apodaca,Urbano,https://postali.app/mx/nuevo-leon/apodaca/hacienda-las-palmas-segundo-sector
66635,Hacienda los Encinos,Colonia,Apodaca,Nuevo León,Ciudad Apodaca,Urbano,https://postali.app/mx/nuevo-leon/apodaca/hacienda-los-encinos
66635,Jardines de Apodaca,Colonia,Apodaca,Nuevo León,Ciudad Apodaca,Urbano,https://postali.app/mx/nuevo-leon/apodaca/jardines-de-apodaca
66635,Jardines de La Enramada,Colonia,Apodaca,Nuevo León,Ciudad Apodaca,Urbano,https://postali.app/mx/nuevo-leon/apodaca/jardines-de-la-enramada
66635,Kebana,Fraccionamiento,Apodaca,Nuevo León,Ciudad Apodaca,Urbano,https://postali.app/mx/nuevo-leon/apodaca/kebana
66635,La Enramada Cuarto Sector,Colonia,Apodaca,Nuevo León,Ciudad Apodaca,Urbano,https://postali.app/mx/nuevo-leon/apodaca/la-enramada-cuarto-sector
66635,La Enramada Primer Sector,Colonia,Apodaca,Nuevo León,Ciudad Apodaca,Urbano,https://postali.app/mx/nuevo-leon/apodaca/la-enramada-primer-sector
66635,La Enramada Quinto Sector,Colonia,Apodaca,Nuevo León,Ciudad Apodaca,Urbano,https://postali.app/mx/nuevo-leon/apodaca/la-enramada-quinto-sector
66635,La Enramada Segundo Sector,Colonia,Apodaca,Nuevo León,Ciudad Apodaca,Urbano,https://postali.app/mx/nuevo-leon/apodaca/la-enramada-segundo-sector
66635,La Enramada Sexto Sector,Colonia,Apodaca,Nuevo León,Ciudad Apodaca,Urbano,https://postali.app/mx/nuevo-leon/apodaca/la-enramada-sexto-sector
66635,La Enramada Séptimo Sector,Colonia,Apodaca,Nuevo León,Ciudad Apodaca,Urbano,https://postali.app/mx/nuevo-leon/apodaca/la-enramada-septimo-sector
66635,La Enramada Tercer Sector,Colonia,Apodaca,Nuevo León,Ciudad Apodaca,Urbano,https://postali.app/mx/nuevo-leon/apodaca/la-enramada-tercer-sector
66635,Las Praderas Primer Sector,Colonia,Apodaca,Nuevo León,Ciudad Apodaca,Urbano,https://postali.app/mx/nuevo-leon/apodaca/las-praderas-primer-sector
66635,Las Praderas Segundo Sector,Colonia,Apodaca,Nuevo León,Ciudad Apodaca,Urbano,https://postali.app/mx/nuevo-leon/apodaca/las-praderas-segundo-sector
66635,Los Fresnos Primer Sector,Colonia,Apodaca,Nuevo León,Ciudad Apodaca,Urbano,https://postali.app/mx/nuevo-leon/apodaca/los-fresnos-primer-sector
66635,Los Fresnos Segundo Sector,Fraccionamiento,Apodaca,Nuevo León,Ciudad Apodaca,Urbano,https://postali.app/mx/nuevo-leon/apodaca/los-fresnos-segundo-sector
66635,Los Fresnos Tercer Sector,Fraccionamiento,Apodaca,Nuevo León,Ciudad Apodaca,Urbano,https://postali.app/mx/nuevo-leon/apodaca/los-fresnos-tercer-sector
66635,Los Pinos Cuarto Sector,Colonia,Apodaca,Nuevo León,Ciudad Apodaca,Urbano,https://postali.app/mx/nuevo-leon/apodaca/los-pinos-cuarto-sector
66635,Los Pinos Quinto Sector,Colonia,Apodaca,Nuevo León,Ciudad Apodaca,Urbano,https://postali.app/mx/nuevo-leon/apodaca/los-pinos-quinto-sector
66635,Los Pinos Tercer Sector,Colonia,Apodaca,Nuevo León,Ciudad Apodaca,Urbano,https://postali.app/mx/nuevo-leon/apodaca/los-pinos-tercer-sector
66635,Magnolias,Fraccionamiento,Apodaca,Nuevo León,Ciudad Apodaca,Urbano,https://postali.app/mx/nuevo-leon/apodaca/magnolias
66635,Mujeres Ilustres,Colonia,Apodaca,Nuevo León,Ciudad Apodaca,Urbano,https://postali.app/mx/nuevo-leon/apodaca/mujeres-ilustres
66635,Nueva Democracia,Colonia,Apodaca,Nuevo León,Ciudad Apodaca,Urbano,https://postali.app/mx/nuevo-leon/apodaca/nueva-democracia
66635,Paseo de las Palmas Cuarto Sector,Colonia,Apodaca,Nuevo León,Ciudad Apodaca,Urbano,https://postali.app/mx/nuevo-leon/apodaca/paseo-de-las-palmas-cuarto-sector
66635,Paseo de las Palmas Primer Sector,Colonia,Apodaca,Nuevo León,Ciudad Apodaca,Urbano,https://postali.app/mx/nuevo-leon/apodaca/paseo-de-las-palmas-primer-sector
66635,Paseo de las Palmas Segundo Sector,Colonia,Apodaca,Nuevo León,Ciudad Apodaca,Urbano,https://postali.app/mx/nuevo-leon/apodaca/paseo-de-las-palmas-segundo-sector
66635,Paseo de las Palmas Tercer Sector,Colonia,Apodaca,Nuevo León,Ciudad Apodaca,Urbano,https://postali.app/mx/nuevo-leon/apodaca/paseo-de-las-palmas-tercer-sector
66635,Portal de Anáhuac,Fraccionamiento,Apodaca,Nuevo León,Ciudad Apodaca,Urbano,https://postali.app/mx/nuevo-leon/apodaca/portal-de-anahuac
66635,Praderas de la Enramada,Colonia,Apodaca,Nuevo León,Ciudad Apodaca,Urbano,https://postali.app/mx/nuevo-leon/apodaca/praderas-de-la-enramada
66635,Valle de las Palmas Primer Sector,Colonia,Apodaca,Nuevo León,Ciudad Apodaca,Urbano,https://postali.app/mx/nuevo-leon/apodaca/valle-de-las-palmas-primer-sector
66635,Villa Luz,Colonia,Apodaca,Nuevo León,Ciudad Apodaca,Urbano,https://postali.app/mx/nuevo-leon/apodaca/villa-luz
66635,Villa Sol,Colonia,Apodaca,Nuevo León,Ciudad Apodaca,Urbano,https://postali.app/mx/nuevo-leon/apodaca/villa-sol
66636,Altamura Residencial,Fraccionamiento,Apodaca,Nuevo León,Ciudad Apodaca,Urbano,https://postali.app/mx/nuevo-leon/apodaca/altamura-residencial
66636,Arbado Sector Colomos,Fraccionamiento,Apodaca,Nuevo León,Ciudad Apodaca,Urbano,https://postali.app/mx/nuevo-leon/apodaca/arbado-sector-colomos
66636,Arbado Sector Primavera,Fraccionamiento,Apodaca,Nuevo León,Ciudad Apodaca,Urbano,https://postali.app/mx/nuevo-leon/apodaca/arbado-sector-primavera
66636,Arboledas del Virrey,Colonia,Apodaca,Nuevo León,Ciudad Apodaca,Urbano,https://postali.app/mx/nuevo-leon/apodaca/arboledas-del-virrey
66636,Cerrada Providencia,Fraccionamiento,Apodaca,Nuevo León,Ciudad Apodaca,Urbano,https://postali.app/mx/nuevo-leon/apodaca/cerrada-providencia
66636,Fresnos Norte,Colonia,Apodaca,Nuevo León,Ciudad Apodaca,Urbano,https://postali.app/mx/nuevo-leon/apodaca/fresnos-norte
66636,Hacienda los Pinos Primer Sector,Colonia,Apodaca,Nuevo León,Ciudad Apodaca,Urbano,https://postali.app/mx/nuevo-leon/apodaca/hacienda-los-pinos-primer-sector
66636,Hacienda los Pinos Segundo Sector,Colonia,Apodaca,Nuevo León,Ciudad Apodaca,Urbano,https://postali.app/mx/nuevo-leon/apodaca/hacienda-los-pinos-segundo-sector
66636,Jardines de los Pinos Primer Sector,Colonia,Apodaca,Nuevo León,Ciudad Apodaca,Urbano,https://postali.app/mx/nuevo-leon/apodaca/jardines-de-los-pinos-primer-sector
66636,Jardines de los Pinos Segundo Sector,Colonia,Apodaca,Nuevo León,Ciudad Apodaca,Urbano,https://postali.app/mx/nuevo-leon/apodaca/jardines-de-los-pinos-segundo-sector
66636,La Hacienda,Colonia,Apodaca,Nuevo León,Ciudad Apodaca,Urbano,https://postali.app/mx/nuevo-leon/apodaca/la-hacienda
66636,La Morada Residencial,Fraccionamiento,Apodaca,Nuevo León,Ciudad Apodaca,Urbano,https://postali.app/mx/nuevo-leon/apodaca/la-morada-residencial
66636,Los Fresnos Cuarto Sector,Fraccionamiento,Apodaca,Nuevo León,Ciudad Apodaca,Urbano,https://postali.app/mx/nuevo-leon/apodaca/los-fresnos-cuarto-sector
66636,Los Fresnos Décimo Sector,Fraccionamiento,Apodaca,Nuevo León,Ciudad Apodaca,Urbano,https://postali.app/mx/nuevo-leon/apodaca/los-fresnos-decimo-sector
66636,Los Fresnos Noveno Sector,Fraccionamiento,Apodaca,Nuevo León,Ciudad Apodaca,Urbano,https://postali.app/mx/nuevo-leon/apodaca/los-fresnos-noveno-sector
66636,Los Fresnos Octavo Sector,Fraccionamiento,Apodaca,Nuevo León,Ciudad Apodaca,Urbano,https://postali.app/mx/nuevo-leon/apodaca/los-fresnos-octavo-sector
66636,Los Pinos Primer Sector,Colonia,Apodaca,Nuevo León,Ciudad Apodaca,Urbano,https://postali.app/mx/nuevo-leon/apodaca/los-pinos-primer-sector
66636,Los Pinos Segundo Sector,Colonia,Apodaca,Nuevo León,Ciudad Apodaca,Urbano,https://postali.app/mx/nuevo-leon/apodaca/los-pinos-segundo-sector
66636,Los Robles,Colonia,Apodaca,Nuevo León,Ciudad Apodaca,Urbano,https://postali.app/mx/nuevo-leon/apodaca/los-robles
66636,Nuevo Amanecer Primer Sector,Colonia,Apodaca,Nuevo León,Ciudad Apodaca,Urbano,https://postali.app/mx/nuevo-leon/apodaca/nuevo-amanecer-primer-sector
66636,Nuevo Amanecer Segundo Sector,Colonia,Apodaca,Nuevo León,Ciudad Apodaca,Urbano,https://postali.app/mx/nuevo-leon/apodaca/nuevo-amanecer-segundo-sector
66636,Paseo de los Nogales,Fraccionamiento,Apodaca,Nuevo León,Ciudad Apodaca,Urbano,https://postali.app/mx/nuevo-leon/apodaca/paseo-de-los-nogales
66636,Paseo de los Pinos Segundo Sector,Colonia,Apodaca,Nuevo León,Ciudad Apodaca,Urbano,https://postali.app/mx/nuevo-leon/apodaca/paseo-de-los-pinos-segundo-sector
66636,Praderas de Apodaca,Colonia,Apodaca,Nuevo León,Ciudad Apodaca,Urbano,https://postali.app/mx/nuevo-leon/apodaca/praderas-de-apodaca
66636,Prados de La Cieneguita,Colonia,Apodaca,Nuevo León,Ciudad Apodaca,Urbano,https://postali.app/mx/nuevo-leon/apodaca/prados-de-la-cieneguita
66636,Residencial Palmas,Fraccionamiento,Apodaca,Nuevo León,Ciudad Apodaca,Urbano,https://postali.app/mx/nuevo-leon/apodaca/residencial-palmas
66636,Santa Cecilia,Fraccionamiento,Apodaca,Nuevo León,Ciudad Apodaca,Urbano,https://postali.app/mx/nuevo-leon/apodaca/santa-cecilia
66637,Almacentro,Zona industrial,Apodaca,Nuevo León,Ciudad Apodaca,Urbano,https://postali.app/mx/nuevo-leon/apodaca/almacentro
66637,Industrial Martel,Zona industrial,Apodaca,Nuevo León,Ciudad Apodaca,Urbano,https://postali.app/mx/nuevo-leon/apodaca/industrial-martel
66637,Parque Industrial Milimex Miguel Alemán,Zona industrial,Apodaca,Nuevo León,Ciudad Apodaca,Urbano,https://postali.app/mx/nuevo-leon/apodaca/parque-industrial-milimex-miguel-aleman
66640,Alberta Escamilla,Colonia,Apodaca,Nuevo León,Ciudad Apodaca,Urbano,https://postali.app/mx/nuevo-leon/apodaca/alberta-escamilla
66640,Balcones de Huinalá,Colonia,Apodaca,Nuevo León,Ciudad Apodaca,Urbano,https://postali.app/mx/nuevo-leon/apodaca/balcones-de-huinala
66640,Colonial de Huinalá,Colonia,Apodaca,Nuevo León,Ciudad Apodaca,Urbano,https://postali.app/mx/nuevo-leon/apodaca/colonial-de-huinala
66640,Estancia Castaño,Fraccionamiento,Apodaca,Nuevo León,Ciudad Apodaca,Urbano,https://postali.app/mx/nuevo-leon/apodaca/estancia-castano
66640,Fraccionamiento Industrial San Andrés,Zona industrial,Apodaca,Nuevo León,Ciudad Apodaca,Urbano,https://postali.app/mx/nuevo-leon/apodaca/fraccionamiento-industrial-san-andres
66640,Hacienda San Gerardo,Fraccionamiento,Apodaca,Nuevo León,Ciudad Apodaca,Urbano,https://postali.app/mx/nuevo-leon/apodaca/hacienda-san-gerardo
66640,Huinalá,Colonia,Apodaca,Nuevo León,Ciudad Apodaca,Urbano,https://postali.app/mx/nuevo-leon/apodaca/huinala
66640,Jardines de Huinalá,Colonia,Apodaca,Nuevo León,Ciudad Apodaca,Urbano,https://postali.app/mx/nuevo-leon/apodaca/jardines-de-huinala
66640,Lomas de Huinalá Segundo Sector,Colonia,Apodaca,Nuevo León,Ciudad Apodaca,Urbano,https://postali.app/mx/nuevo-leon/apodaca/lomas-de-huinala-segundo-sector
66640,Los Prados Residencial Primer Sector,Fraccionamiento,Apodaca,Nuevo León,Ciudad Apodaca,Urbano,https://postali.app/mx/nuevo-leon/apodaca/los-prados-residencial-primer-sector
66640,Misión Real,Fraccionamiento,Apodaca,Nuevo León,Ciudad Apodaca,Urbano,https://postali.app/mx/nuevo-leon/apodaca/mision-real
66640,Real de Apodaca,Fraccionamiento,Apodaca,Nuevo León,Ciudad Apodaca,Urbano,https://postali.app/mx/nuevo-leon/apodaca/real-de-apodaca
66640,Reforma,Colonia,Apodaca,Nuevo León,Ciudad Apodaca,Urbano,https://postali.app/mx/nuevo-leon/apodaca/reforma
66640,San Andrés,Colonia,Apodaca,Nuevo León,Ciudad Apodaca,Urbano,https://postali.app/mx/nuevo-leon/apodaca/san-andres
66640,San Miguel Golondrinas,Colonia,Apodaca,Nuevo León,Ciudad Apodaca,Urbano,https://postali.app/mx/nuevo-leon/apodaca/san-miguel-golondrinas
66643,Fraccionamiento Industrial San Javier,Zona industrial,Apodaca,Nuevo León,Ciudad Apodaca,Urbano,https://postali.app/mx/nuevo-leon/apodaca/fraccionamiento-industrial-san-javier
66643,Hacienda el Campanario,Fraccionamiento,Apodaca,Nuevo León,Ciudad Apodaca,Urbano,https://postali.app/mx/nuevo-leon/apodaca/hacienda-el-campanario
66643,Huertas de San Javier,Fraccionamiento,Apodaca,Nuevo León,Ciudad Apodaca,Urbano,https://postali.app/mx/nuevo-leon/apodaca/huertas-de-san-javier
66643,Misión San Pablo,Fraccionamiento,Apodaca,Nuevo León,Ciudad Apodaca,Urbano,https://postali.app/mx/nuevo-leon/apodaca/mision-san-pablo
66643,Modena,Fraccionamiento,Apodaca,Nuevo León,Ciudad Apodaca,Rural,https://postali.app/mx/nuevo-leon/apodaca/modena
66643,Parque Industrial Avante Aeropuerto,Zona industrial,Apodaca,Nuevo León,Ciudad Apodaca,Urbano,https://postali.app/mx/nuevo-leon/apodaca/parque-industrial-avante-aeropuerto
66643,Parque Industrial Avante Aeropuerto Sur Sector Apodaca,Zona industrial,Apodaca,Nuevo León,Ciudad Apodaca,Urbano,https://postali.app/mx/nuevo-leon/apodaca/parque-industrial-avante-aeropuerto-sur-sector-apodaca
66643,Parque Industrial la Silla Apodaca,Zona industrial,Apodaca,Nuevo León,Ciudad Apodaca,Urbano,https://postali.app/mx/nuevo-leon/apodaca/parque-industrial-la-silla-apodaca
66643,Parque Industrial Nexxus Aeropuerto,Zona industrial,Apodaca,Nuevo León,Ciudad Apodaca,Urbano,https://postali.app/mx/nuevo-leon/apodaca/parque-industrial-nexxus-aeropuerto
66643,Paseo de las Flores,Fraccionamiento,Apodaca,Nuevo León,Ciudad Apodaca,Urbano,https://postali.app/mx/nuevo-leon/apodaca/paseo-de-las-flores
66643,Portal del Valle,Fraccionamiento,Apodaca,Nuevo León,Ciudad Apodaca,Urbano,https://postali.app/mx/nuevo-leon/apodaca/portal-del-valle
66643,Privada Cerezo,Fraccionamiento,Apodaca,Nuevo León,Ciudad Apodaca,Urbano,https://postali.app/mx/nuevo-leon/apodaca/privada-cerezo
66643,Privada Mugnano,Fraccionamiento,Apodaca,Nuevo León,Ciudad Apodaca,Urbano,https://postali.app/mx/nuevo-leon/apodaca/privada-mugnano
66643,Prologis Park Apodaca East,Zona industrial,Apodaca,Nuevo León,Ciudad Apodaca,Urbano,https://postali.app/mx/nuevo-leon/apodaca/prologis-park-apodaca-east
66643,Protexa,Zona comercial,Apodaca,Nuevo León,Ciudad Apodaca,Rural,https://postali.app/mx/nuevo-leon/apodaca/protexa
66643,Punta Nizuc,Fraccionamiento,Apodaca,Nuevo León,Ciudad Apodaca,Urbano,https://postali.app/mx/nuevo-leon/apodaca/punta-nizuc
66643,Residencial Accadia,Fraccionamiento,Apodaca,Nuevo León,Ciudad Apodaca,Urbano,https://postali.app/mx/nuevo-leon/apodaca/residencial-accadia
66643,Santa Anita,Fraccionamiento,Apodaca,Nuevo León,Ciudad Apodaca,Urbano,https://postali.app/mx/nuevo-leon/apodaca/santa-anita
66644,Bugambilias de Huinalá,Fraccionamiento,Apodaca,Nuevo León,Ciudad Apodaca,Urbano,https://postali.app/mx/nuevo-leon/apodaca/bugambilias-de-huinala
66644,Céntrika Huinalá,Fraccionamiento,Apodaca,Nuevo León,Ciudad Apodaca,Urbano,https://postali.app/mx/nuevo-leon/apodaca/centrika-huinala
66644,Fraccionamiento Industrial San Carlos,Zona industrial,Apodaca,Nuevo León,Ciudad Apodaca,Urbano,https://postali.app/mx/nuevo-leon/apodaca/fraccionamiento-industrial-san-carlos
66644,Jerónimo Treviño,Colonia,Apodaca,Nuevo León,Ciudad Apodaca,Urbano,https://postali.app/mx/nuevo-leon/apodaca/jeronimo-trevino
66644,Real Hacienda de Huinalá,Colonia,Apodaca,Nuevo León,Ciudad Apodaca,Urbano,https://postali.app/mx/nuevo-leon/apodaca/real-hacienda-de-huinala
66644,Rincón de Huinalá,Colonia,Apodaca,Nuevo León,Ciudad Apodaca,Urbano,https://postali.app/mx/nuevo-leon/apodaca/rincon-de-huinala
66644,Santa Mónica,Colonia,Apodaca,Nuevo León,Ciudad Apodaca,Urbano,https://postali.app/mx/nuevo-leon/apodaca/santa-monica
66644,Villas de San Carlos,Colonia,Apodaca,Nuevo León,Ciudad Apodaca,Urbano,https://postali.app/mx/nuevo-leon/apodaca/villas-de-san-carlos
66645,Bosques de Huinalá,Fraccionamiento,Apodaca,Nuevo León,Ciudad Apodaca,Urbano,https://postali.app/mx/nuevo-leon/apodaca/bosques-de-huinala
66645,Hacienda del Carmen,Colonia,Apodaca,Nuevo León,Ciudad Apodaca,Urbano,https://postali.app/mx/nuevo-leon/apodaca/hacienda-del-carmen
66645,Jardines Del Virrey,Colonia,Apodaca,Nuevo León,Ciudad Apodaca,Urbano,https://postali.app/mx/nuevo-leon/apodaca/jardines-del-virrey
66645,Padilla,Colonia,Apodaca,Nuevo León,Ciudad Apodaca,Urbano,https://postali.app/mx/nuevo-leon/apodaca/padilla
66645,Parque Industrial el Sabinal,Zona industrial,Apodaca,Nuevo León,Ciudad Apodaca,Urbano,https://postali.app/mx/nuevo-leon/apodaca/parque-industrial-el-sabinal
66645,Parque Industrial Huinalá,Zona industrial,Apodaca,Nuevo León,Ciudad Apodaca,Urbano,https://postali.app/mx/nuevo-leon/apodaca/parque-industrial-huinala
66645,Parque Industrial las Américas,Zona industrial,Apodaca,Nuevo León,Ciudad Apodaca,Urbano,https://postali.app/mx/nuevo-leon/apodaca/parque-industrial-las-americas
66645,PIRSA,Zona industrial,Apodaca,Nuevo León,Ciudad Apodaca,Urbano,https://postali.app/mx/nuevo-leon/apodaca/pirsa
66645,Urbi 21 Parque Industrial Huinalá,Zona industrial,Apodaca,Nuevo León,Ciudad Apodaca,Urbano,https://postali.app/mx/nuevo-leon/apodaca/urbi-21-parque-industrial-huinala
66646,Lomas de San Isidro,Colonia,Apodaca,Nuevo León,Ciudad Apodaca,Urbano,https://postali.app/mx/nuevo-leon/apodaca/lomas-de-san-isidro
66646,Los Colibries,Colonia,Apodaca,Nuevo León,Ciudad Apodaca,Urbano,https://postali.app/mx/nuevo-leon/apodaca/los-colibries
66646,Milenium Residencial,Colonia,Apodaca,Nuevo León,Ciudad Apodaca,Urbano,https://postali.app/mx/nuevo-leon/apodaca/milenium-residencial
66646,Misión de Huinalá,Fraccionamiento,Apodaca,Nuevo León,Ciudad Apodaca,Urbano,https://postali.app/mx/nuevo-leon/apodaca/mision-de-huinala
66646,Misión de San Javier,Colonia,Apodaca,Nuevo León,Ciudad Apodaca,Urbano,https://postali.app/mx/nuevo-leon/apodaca/mision-de-san-javier
66646,Montebello Huinalá,Fraccionamiento,Apodaca,Nuevo León,Ciudad Apodaca,Urbano,https://postali.app/mx/nuevo-leon/apodaca/montebello-huinala
66646,Portal de Huinalá,Colonia,Apodaca,Nuevo León,Ciudad Apodaca,Urbano,https://postali.app/mx/nuevo-leon/apodaca/portal-de-huinala
66646,Privada Dominio,Fraccionamiento,Apodaca,Nuevo León,Ciudad Apodaca,Urbano,https://postali.app/mx/nuevo-leon/apodaca/privada-dominio
66646,Privadas Canteras,Fraccionamiento,Apodaca,Nuevo León,Ciudad Apodaca,Urbano,https://postali.app/mx/nuevo-leon/apodaca/privadas-canteras
66646,Privalia Huinalá,Fraccionamiento,Apodaca,Nuevo León,Ciudad Apodaca,Urbano,https://postali.app/mx/nuevo-leon/apodaca/privalia-huinala
66646,Pueblo Nuevo,Colonia,Apodaca,Nuevo León,Ciudad Apodaca,Urbano,https://postali.app/mx/nuevo-leon/apodaca/pueblo-nuevo
66646,Residencial San Benito,Fraccionamiento,Apodaca,Nuevo León,Ciudad Apodaca,Urbano,https://postali.app/mx/nuevo-leon/apodaca/residencial-san-benito
66646,Riberas de Huinalá,Fraccionamiento,Apodaca,Nuevo León,Ciudad Apodaca,Urbano,https://postali.app/mx/nuevo-leon/apodaca/riberas-de-huinala
66646,San Isidro,Fraccionamiento,Apodaca,Nuevo León,Ciudad Apodaca,Urbano,https://postali.app/mx/nuevo-leon/apodaca/san-isidro
66646,San Javier,Colonia,Apodaca,Nuevo León,Ciudad Apodaca,Urbano,https://postali.app/mx/nuevo-leon/apodaca/san-javier
66646,Santa Sofía Residencial,Fraccionamiento,Apodaca,Nuevo León,Ciudad Apodaca,Urbano,https://postali.app/mx/nuevo-leon/apodaca/santa-sofia-residencial
66646,Terranova Elite,Fraccionamiento,Apodaca,Nuevo León,Ciudad Apodaca,Urbano,https://postali.app/mx/nuevo-leon/apodaca/terranova-elite
66646,Tréboles,Fraccionamiento,Apodaca,Nuevo León,Ciudad Apodaca,Urbano,https://postali.app/mx/nuevo-leon/apodaca/treboles
66647,American Industries Apodaca,Zona industrial,Apodaca,Nuevo León,Ciudad Apodaca,Rural,https://postali.app/mx/nuevo-leon/apodaca/american-industries-apodaca
66647,Arbolada,Fraccionamiento,Apodaca,Nuevo León,Ciudad Apodaca,Urbano,https://postali.app/mx/nuevo-leon/apodaca/arbolada
66647,Bosque Boreal,Fraccionamiento,Apodaca,Nuevo León,Ciudad Apodaca,Urbano,https://postali.app/mx/nuevo-leon/apodaca/bosque-boreal
66647,Bosques de San Miguel,Colonia,Apodaca,Nuevo León,Ciudad Apodaca,Urbano,https://postali.app/mx/nuevo-leon/apodaca/bosques-de-san-miguel
66647,Bosques del Sol Segundo Sector,Colonia,Apodaca,Nuevo León,Ciudad Apodaca,Urbano,https://postali.app/mx/nuevo-leon/apodaca/bosques-del-sol-segundo-sector
66647,Campestre Huinalá,Colonia,Apodaca,Nuevo León,Ciudad Apodaca,Urbano,https://postali.app/mx/nuevo-leon/apodaca/campestre-huinala
66647,Caoba Residencial,Fraccionamiento,Apodaca,Nuevo León,Ciudad Apodaca,Urbano,https://postali.app/mx/nuevo-leon/apodaca/caoba-residencial
66647,DAVISA Industrial Park Apodaca,Zona industrial,Apodaca,Nuevo León,Ciudad Apodaca,Urbano,https://postali.app/mx/nuevo-leon/apodaca/davisa-industrial-park-apodaca
66647,El Rosario,Fraccionamiento,Apodaca,Nuevo León,Ciudad Apodaca,Urbano,https://postali.app/mx/nuevo-leon/apodaca/el-rosario
66647,Fuentes de Santa Lucia,Colonia,Apodaca,Nuevo León,Ciudad Apodaca,Urbano,https://postali.app/mx/nuevo-leon/apodaca/fuentes-de-santa-lucia
66647,Fátima,Fraccionamiento,Apodaca,Nuevo León,Ciudad Apodaca,Urbano,https://postali.app/mx/nuevo-leon/apodaca/fatima
66647,Hacienda las Margaritas,Colonia,Apodaca,Nuevo León,Ciudad Apodaca,Urbano,https://postali.app/mx/nuevo-leon/apodaca/hacienda-las-margaritas
66647,Jardines de San Patricio,Fraccionamiento,Apodaca,Nuevo León,Ciudad Apodaca,Urbano,https://postali.app/mx/nuevo-leon/apodaca/jardines-de-san-patricio
66647,Loma de la Paz,Fraccionamiento,Apodaca,Nuevo León,Ciudad Apodaca,Urbano,https://postali.app/mx/nuevo-leon/apodaca/loma-de-la-paz
66647,Los Candiles,Colonia,Apodaca,Nuevo León,Ciudad Apodaca,Urbano,https://postali.app/mx/nuevo-leon/apodaca/los-candiles
66647,Los Olivos Residencial,Fraccionamiento,Apodaca,Nuevo León,Ciudad Apodaca,Urbano,https://postali.app/mx/nuevo-leon/apodaca/los-olivos-residencial
66647,Los Pinceles,Colonia,Apodaca,Nuevo León,Ciudad Apodaca,Urbano,https://postali.app/mx/nuevo-leon/apodaca/los-pinceles
66647,Los Vitrales,Colonia,Apodaca,Nuevo León,Ciudad Apodaca,Urbano,https://postali.app/mx/nuevo-leon/apodaca/los-vitrales
66647,Mirasol Residencial,Fraccionamiento,Apodaca,Nuevo León,Ciudad Apodaca,Urbano,https://postali.app/mx/nuevo-leon/apodaca/mirasol-residencial
66647,Paseo de la Loma,Fraccionamiento,Apodaca,Nuevo León,Ciudad Apodaca,Urbano,https://postali.app/mx/nuevo-leon/apodaca/paseo-de-la-loma
66647,Paseo de las Fuentes,Fraccionamiento,Apodaca,Nuevo León,Ciudad Apodaca,Urbano,https://postali.app/mx/nuevo-leon/apodaca/paseo-de-las-fuentes
66647,PECARI Dulces Nombres Industrial Park,Zona industrial,Apodaca,Nuevo León,Ciudad Apodaca,Urbano,https://postali.app/mx/nuevo-leon/apodaca/pecari-dulces-nombres-industrial-park
66647,Praderas de Huinalá,Fraccionamiento,Apodaca,Nuevo León,Ciudad Apodaca,Urbano,https://postali.app/mx/nuevo-leon/apodaca/praderas-de-huinala
66647,Regio Beef,Zona industrial,Apodaca,Nuevo León,Ciudad Apodaca,Urbano,https://postali.app/mx/nuevo-leon/apodaca/regio-beef
66647,Reserva Acanto,Fraccionamiento,Apodaca,Nuevo León,Ciudad Apodaca,Urbano,https://postali.app/mx/nuevo-leon/apodaca/reserva-acanto
66647,Reserva Acanto Sector Olmo,Fraccionamiento,Apodaca,Nuevo León,Ciudad Apodaca,Urbano,https://postali.app/mx/nuevo-leon/apodaca/reserva-acanto-sector-olmo
66647,Rivieras de Apodaca,Fraccionamiento,Apodaca,Nuevo León,Ciudad Apodaca,Urbano,https://postali.app/mx/nuevo-leon/apodaca/rivieras-de-apodaca
66647,Rivieras Oriente,Fraccionamiento,Apodaca,Nuevo León,Ciudad Apodaca,Urbano,https://postali.app/mx/nuevo-leon/apodaca/rivieras-oriente
66647,Toscana Residencial,Fraccionamiento,Apodaca,Nuevo León,Ciudad Apodaca,Urbano,https://postali.app/mx/nuevo-leon/apodaca/toscana-residencial
66647,Valle de las Flores,Colonia,Apodaca,Nuevo León,Ciudad Apodaca,Urbano,https://postali.app/mx/nuevo-leon/apodaca/valle-de-las-flores
66647,Vesta Park Apodaca,Zona industrial,Apodaca,Nuevo León,Ciudad Apodaca,Urbano,https://postali.app/mx/nuevo-leon/apodaca/vesta-park-apodaca
66647,Vivienda Digna,Colonia,Apodaca,Nuevo León,Ciudad Apodaca,Urbano,https://postali.app/mx/nuevo-leon/apodaca/vivienda-digna
66648,Cerrada la Toscana,Fraccionamiento,Apodaca,Nuevo León,Ciudad Apodaca,Urbano,https://postali.app/mx/nuevo-leon/apodaca/cerrada-la-toscana
66648,Colinas de San Miguel,Colonia,Apodaca,Nuevo León,Ciudad Apodaca,Urbano,https://postali.app/mx/nuevo-leon/apodaca/colinas-de-san-miguel
66648,El Campanario,Colonia,Apodaca,Nuevo León,Ciudad Apodaca,Urbano,https://postali.app/mx/nuevo-leon/apodaca/el-campanario
66648,Joyas Del Pedregal,Colonia,Apodaca,Nuevo León,Ciudad Apodaca,Urbano,https://postali.app/mx/nuevo-leon/apodaca/joyas-del-pedregal
66648,Lomas de Huinalá Primer Sector,Colonia,Apodaca,Nuevo León,Ciudad Apodaca,Urbano,https://postali.app/mx/nuevo-leon/apodaca/lomas-de-huinala-primer-sector
66648,Lomas Del Pedregal,Colonia,Apodaca,Nuevo León,Ciudad Apodaca,Urbano,https://postali.app/mx/nuevo-leon/apodaca/lomas-del-pedregal
66648,Los Tres Nogales,Fraccionamiento,Apodaca,Nuevo León,Ciudad Apodaca,Urbano,https://postali.app/mx/nuevo-leon/apodaca/los-tres-nogales
66648,Madeira Residencial,Fraccionamiento,Apodaca,Nuevo León,Ciudad Apodaca,Urbano,https://postali.app/mx/nuevo-leon/apodaca/madeira-residencial
66648,Misión de las Flores,Colonia,Apodaca,Nuevo León,Ciudad Apodaca,Urbano,https://postali.app/mx/nuevo-leon/apodaca/mision-de-las-flores
66648,Misión de San Miguel,Colonia,Apodaca,Nuevo León,Ciudad Apodaca,Urbano,https://postali.app/mx/nuevo-leon/apodaca/mision-de-san-miguel
66648,Montealbán Segundo Sector,Fraccionamiento,Apodaca,Nuevo León,Ciudad Apodaca,Urbano,https://postali.app/mx/nuevo-leon/apodaca/montealban-segundo-sector
66648,Privada San Agustín,Fraccionamiento,Apodaca,Nuevo León,Ciudad Apodaca,Urbano,https://postali.app/mx/nuevo-leon/apodaca/privada-san-agustin
66648,Rincón de San Miguel,Colonia,Apodaca,Nuevo León,Ciudad Apodaca,Urbano,https://postali.app/mx/nuevo-leon/apodaca/rincon-de-san-miguel
66648,Roberto Espinoza,Colonia,Apodaca,Nuevo León,Ciudad Apodaca,Urbano,https://postali.app/mx/nuevo-leon/apodaca/roberto-espinoza
66648,Santa Fé,Colonia,Apodaca,Nuevo León,Ciudad Apodaca,Urbano,https://postali.app/mx/nuevo-leon/apodaca/santa-fe
66648,Valle de San Miguel,Fraccionamiento,Apodaca,Nuevo León,Ciudad Apodaca,Urbano,https://postali.app/mx/nuevo-leon/apodaca/valle-de-san-miguel
66648,Valle del Pedregal,Colonia,Apodaca,Nuevo León,Ciudad Apodaca,Urbano,https://postali.app/mx/nuevo-leon/apodaca/valle-del-pedregal
66648,Valterra Residencial,Fraccionamiento,Apodaca,Nuevo León,Ciudad Apodaca,Urbano,https://postali.app/mx/nuevo-leon/apodaca/valterra-residencial
66649,Altaria Residencial,Fraccionamiento,Apodaca,Nuevo León,Ciudad Apodaca,Urbano,https://postali.app/mx/nuevo-leon/apodaca/altaria-residencial
66649,Golondrinas,Colonia,Apodaca,Nuevo León,Ciudad Apodaca,Urbano,https://postali.app/mx/nuevo-leon/apodaca/golondrinas
66649,Miguel Hidalgo,Colonia,Apodaca,Nuevo León,Ciudad Apodaca,Urbano,https://postali.app/mx/nuevo-leon/apodaca/miguel-hidalgo
66649,Mixcoac,Colonia,Apodaca,Nuevo León,Ciudad Apodaca,Urbano,https://postali.app/mx/nuevo-leon/apodaca/mixcoac
66649,Montealbán Primer Sector,Fraccionamiento,Apodaca,Nuevo León,Ciudad Apodaca,Urbano,https://postali.app/mx/nuevo-leon/apodaca/montealban-primer-sector
66649,Montealbán Tercer Sector,Fraccionamiento,Apodaca,Nuevo León,Ciudad Apodaca,Urbano,https://postali.app/mx/nuevo-leon/apodaca/montealban-tercer-sector
66649,Nueva Mixcoac,Colonia,Apodaca,Nuevo León,Ciudad Apodaca,Urbano,https://postali.app/mx/nuevo-leon/apodaca/nueva-mixcoac
66649,Privada San Miguelito,Fraccionamiento,Apodaca,Nuevo León,Ciudad Apodaca,Urbano,https://postali.app/mx/nuevo-leon/apodaca/privada-san-miguelito
66649,Quinta San Miguel,Fraccionamiento,Apodaca,Nuevo León,Ciudad Apodaca,Urbano,https://postali.app/mx/nuevo-leon/apodaca/quinta-san-miguel
66649,Reserva Real de San Miguel,Fraccionamiento,Apodaca,Nuevo León,Ciudad Apodaca,Urbano,https://postali.app/mx/nuevo-leon/apodaca/reserva-real-de-san-miguel
66649,Rincón de los Cristales,Fraccionamiento,Apodaca,Nuevo León,Ciudad Apodaca,Urbano,https://postali.app/mx/nuevo-leon/apodaca/rincon-de-los-cristales
66649,Riveras de Loreto,Fraccionamiento,Apodaca,Nuevo León,Ciudad Apodaca,Urbano,https://postali.app/mx/nuevo-leon/apodaca/riveras-de-loreto
66649,San Miguel,Colonia,Apodaca,Nuevo León,Ciudad Apodaca,Urbano,https://postali.app/mx/nuevo-leon/apodaca/san-miguel
66649,Sebastián Elizondo,Colonia,Apodaca,Nuevo León,Ciudad Apodaca,Urbano,https://postali.app/mx/nuevo-leon/apodaca/sebastian-elizondo
66649,Villa de San Miguelito,Fraccionamiento,Apodaca,Nuevo León,Ciudad Apodaca,Urbano,https://postali.app/mx/nuevo-leon/apodaca/villa-de-san-miguelito
66649,Villas de Loreto,Fraccionamiento,Apodaca,Nuevo León,Ciudad Apodaca,Urbano,https://postali.app/mx/nuevo-leon/apodaca/villas-de-loreto
66650,Centro de Pesquería,Colonia,Pesquería,Nuevo León,,Urbano,https://postali.app/mx/nuevo-leon/pesqueria/centro-de-pesqueria
66650,Paseo Pesquería,Fraccionamiento,Pesquería,Nuevo León,,Urbano,https://postali.app/mx/nuevo-leon/pesqueria/paseo-pesqueria
66653,Desarrollo Solidaridad,Colonia,Pesquería,Nuevo León,,Urbano,https://postali.app/mx/nuevo-leon/pesqueria/desarrollo-solidaridad
66653,Jardines Floridos,Colonia,Pesquería,Nuevo León,,Urbano,https://postali.app/mx/nuevo-leon/pesqueria/jardines-floridos
66653,Jorge Treviño CROC,Colonia,Pesquería,Nuevo León,,Urbano,https://postali.app/mx/nuevo-leon/pesqueria/jorge-trevino-croc
66653,Paseo Lindavista,Fraccionamiento,Pesquería,Nuevo León,,Urbano,https://postali.app/mx/nuevo-leon/pesqueria/paseo-lindavista
66653,Valles de Pesquería,Colonia,Pesquería,Nuevo León,,Urbano,https://postali.app/mx/nuevo-leon/pesqueria/valles-de-pesqueria
66653,Villas Regina,Fraccionamiento,Pesquería,Nuevo León,,Urbano,https://postali.app/mx/nuevo-leon/pesqueria/villas-regina
66655,Arcos del Parque,Fraccionamiento,Pesquería,Nuevo León,,Urbano,https://postali.app/mx/nuevo-leon/pesqueria/arcos-del-parque
66655,Colinas de Santa Engracia,Colonia,Pesquería,Nuevo León,,Urbano,https://postali.app/mx/nuevo-leon/pesqueria/colinas-de-santa-engracia
66655,Colinas del Aeropuerto,Fraccionamiento,Pesquería,Nuevo León,,Urbano,https://postali.app/mx/nuevo-leon/pesqueria/colinas-del-aeropuerto
66655,El Barrito Residencial,Fraccionamiento,Pesquería,Nuevo León,,Urbano,https://postali.app/mx/nuevo-leon/pesqueria/el-barrito-residencial
66655,El Llano,Fraccionamiento,Pesquería,Nuevo León,,Rural,https://postali.app/mx/nuevo-leon/pesqueria/el-llano
66655,El Rodeo,Colonia,Pesquería,Nuevo León,,Urbano,https://postali.app/mx/nuevo-leon/pesqueria/el-rodeo
66655,Floresta Residencial,Colonia,Pesquería,Nuevo León,,Urbano,https://postali.app/mx/nuevo-leon/pesqueria/floresta-residencial
66655,Hacienda Montecarlo,Fraccionamiento,Pesquería,Nuevo León,,Urbano,https://postali.app/mx/nuevo-leon/pesqueria/hacienda-montecarlo
66655,La Mesa,Colonia,Pesquería,Nuevo León,,Urbano,https://postali.app/mx/nuevo-leon/pesqueria/la-mesa
66655,Ladrillera (Entronque Pesquería),Colonia,Pesquería,Nuevo León,,Urbano,https://postali.app/mx/nuevo-leon/pesqueria/ladrillera-entronque-pesqueria
66655,Las Estrellas,Fraccionamiento,Pesquería,Nuevo León,,Urbano,https://postali.app/mx/nuevo-leon/pesqueria/las-estrellas
66655,Las Haciendas,Fraccionamiento,Pesquería,Nuevo León,,Urbano,https://postali.app/mx/nuevo-leon/pesqueria/las-haciendas
66655,Lomas del Mirador,Fraccionamiento,Pesquería,Nuevo León,,Urbano,https://postali.app/mx/nuevo-leon/pesqueria/lomas-del-mirador
66655,Paseo San Andrés,Fraccionamiento,Pesquería,Nuevo León,,Urbano,https://postali.app/mx/nuevo-leon/pesqueria/paseo-san-andres
66655,Privadas del Roble,Fraccionamiento,Pesquería,Nuevo León,,Urbano,https://postali.app/mx/nuevo-leon/pesqueria/privadas-del-roble
66655,Zacatecas,Colonia,Pesquería,Nuevo León,,Rural,https://postali.app/mx/nuevo-leon/pesqueria/zacatecas
66657,Airport Technology Park,Zona industrial,Pesquería,Nuevo León,,Rural,https://postali.app/mx/nuevo-leon/pesqueria/airport-technology-park
66658,La Arena,Colonia,Pesquería,Nuevo León,,Rural,https://postali.app/mx/nuevo-leon/pesqueria/la-arena
66660,Las Aves Residencial and Golf Resort,Fraccionamiento,Pesquería,Nuevo León,,Rural,https://postali.app/mx/nuevo-leon/pesqueria/las-aves-residencial-and-golf-resort
66660,Los Girasoles,Colonia,Pesquería,Nuevo León,,Rural,https://postali.app/mx/nuevo-leon/pesqueria/los-girasoles
66660,Privadas Gran Dinastía,Fraccionamiento,Pesquería,Nuevo León,,Urbano,https://postali.app/mx/nuevo-leon/pesqueria/privadas-gran-dinastia
66660,Real de Loreto,Fraccionamiento,Pesquería,Nuevo León,,Rural,https://postali.app/mx/nuevo-leon/pesqueria/real-de-loreto
66670,Campestre Dos Amigos,Colonia,Pesquería,Nuevo León,,Rural,https://postali.app/mx/nuevo-leon/pesqueria/campestre-dos-amigos
66670,Dulces Nombres,Colonia,Pesquería,Nuevo León,,Rural,https://postali.app/mx/nuevo-leon/pesqueria/dulces-nombres
66670,Dulces Nombres (La Lajita),Pueblo,Pesquería,Nuevo León,,Rural,https://postali.app/mx/nuevo-leon/pesqueria/dulces-nombres-la-lajita
66670,Fraccionamiento Industrial San Javier,Zona industrial,Pesquería,Nuevo León,,Urbano,https://postali.app/mx/nuevo-leon/pesqueria/fraccionamiento-industrial-san-javier
66670,Iberdrola,Zona industrial,Pesquería,Nuevo León,,Rural,https://postali.app/mx/nuevo-leon/pesqueria/iberdrola
66670,Las Palmas (Los Manantiales),Colonia,Pesquería,Nuevo León,,Rural,https://postali.app/mx/nuevo-leon/pesqueria/las-palmas-los-manantiales
66670,Las Palmas (Los Pinos),Colonia,Pesquería,Nuevo León,,Rural,https://postali.app/mx/nuevo-leon/pesqueria/las-palmas-los-pinos
66670,Madiba,Fraccionamiento,Pesquería,Nuevo León,,Urbano,https://postali.app/mx/nuevo-leon/pesqueria/madiba
66670,Nexxus Santa María,Zona industrial,Pesquería,Nuevo León,,Urbano,https://postali.app/mx/nuevo-leon/pesqueria/nexxus-santa-maria
66670,Privada Sierra Madre,Fraccionamiento,Pesquería,Nuevo León,,Rural,https://postali.app/mx/nuevo-leon/pesqueria/privada-sierra-madre
66670,Valle de Santa María,Fraccionamiento,Pesquería,Nuevo León,,Urbano,https://postali.app/mx/nuevo-leon/pesqueria/valle-de-santa-maria
66672,Las Palmas,Fraccionamiento,Pesquería,Nuevo León,,Rural,https://postali.app/mx/nuevo-leon/pesqueria/las-palmas
66672,Los Olmos,Fraccionamiento,Pesquería,Nuevo León,,Rural,https://postali.app/mx/nuevo-leon/pesqueria/los-olmos
66672,Modena,Fraccionamiento,Pesquería,Nuevo León,,Urbano,https://postali.app/mx/nuevo-leon/pesqueria/modena
66672,Paseo de San Javier,Fraccionamiento,Pesquería,Nuevo León,,Urbano,https://postali.app/mx/nuevo-leon/pesqueria/paseo-de-san-javier
66672,Siena,Fraccionamiento,Pesquería,Nuevo León,,Rural,https://postali.app/mx/nuevo-leon/pesqueria/siena
66673,Cantoral,Fraccionamiento,Pesquería,Nuevo León,,Urbano,https://postali.app/mx/nuevo-leon/pesqueria/cantoral
66673,Lomas de San Martín,Fraccionamiento,Pesquería,Nuevo León,,Urbano,https://postali.app/mx/nuevo-leon/pesqueria/lomas-de-san-martin
66673,Lomas Diamante,Fraccionamiento,Pesquería,Nuevo León,,Urbano,https://postali.app/mx/nuevo-leon/pesqueria/lomas-diamante
66673,SIGMA Alimentos Noreste SA de CV,Zona comercial,Pesquería,Nuevo León,,Urbano,https://postali.app/mx/nuevo-leon/pesqueria/sigma-alimentos-noreste-sa-de-cv
66674,Jesús María,Colonia,Pesquería,Nuevo León,,Rural,https://postali.app/mx/nuevo-leon/pesqueria/jesus-maria
66674,Parque Industrial Pro Park,Zona industrial,Pesquería,Nuevo León,,Rural,https://postali.app/mx/nuevo-leon/pesqueria/parque-industrial-pro-park
66675,El Sabinal (HJ),Colonia,Pesquería,Nuevo León,,Rural,https://postali.app/mx/nuevo-leon/pesqueria/el-sabinal-hj
66675,Francisco Villa,Ejido,Pesquería,Nuevo León,,Rural,https://postali.app/mx/nuevo-leon/pesqueria/francisco-villa
66677,Parque Industrial Avante Aeropuerto Sur Sector Pesquería,Zona industrial,Pesquería,Nuevo León,,Urbano,https://postali.app/mx/nuevo-leon/pesqueria/parque-industrial-avante-aeropuerto-sur-sector-pesqueria
66679,Cardinal Bussines Park,Zona industrial,Pesquería,Nuevo León,,Rural,https://postali.app/mx/nuevo-leon/pesqueria/cardinal-bussines-park
66679,Kía Motors,Zona industrial,Pesquería,Nuevo León,,Rural,https://postali.app/mx/nuevo-leon/pesqueria/kia-motors
66679,La Arena,Ejido,Pesquería,Nuevo León,,Rural,https://postali.app/mx/nuevo-leon/pesqueria/la-arena-66679
66679,La Victoria,Ejido,Pesquería,Nuevo León,,Rural,https://postali.app/mx/nuevo-leon/pesqueria/la-victoria
66679,Parque Industrial Asia Pacific Park,Zona industrial,Pesquería,Nuevo León,,Rural,https://postali.app/mx/nuevo-leon/pesqueria/parque-industrial-asia-pacific-park
66679,Ternium Planta Pesquería,Zona industrial,Pesquería,Nuevo León,,Rural,https://postali.app/mx/nuevo-leon/pesqueria/ternium-planta-pesqueria
66680,Hacienda Santa María la Floreña,Colonia,Pesquería,Nuevo León,,Rural,https://postali.app/mx/nuevo-leon/pesqueria/hacienda-santa-maria-la-florena
66683,La Providencia,Ranchería,Pesquería,Nuevo León,,Rural,https://postali.app/mx/nuevo-leon/pesqueria/la-providencia
66690,Estación Milpa,Paraje,Pesquería,Nuevo León,,Rural,https://postali.app/mx/nuevo-leon/pesqueria/estacion-milpa
66693,Santa María Pesquería,Ejido,Pesquería,Nuevo León,,Rural,https://postali.app/mx/nuevo-leon/pesqueria/santa-maria-pesqueria
66700,25 de Enero,Colonia,Marín,Nuevo León,,Urbano,https://postali.app/mx/nuevo-leon/marin/25-de-enero
66700,Cañada Blanca (Roots Industrial Technologies),Zona industrial,Marín,Nuevo León,,Rural,https://postali.app/mx/nuevo-leon/marin/canada-blanca-roots-industrial-technologies
66700,Fundadores (Centenario),Colonia,Marín,Nuevo León,,Rural,https://postali.app/mx/nuevo-leon/marin/fundadores-centenario
66700,INFONAVIT,Colonia,Marín,Nuevo León,,Urbano,https://postali.app/mx/nuevo-leon/marin/infonavit
66700,Marín,Ejido,Marín,Nuevo León,,Rural,https://postali.app/mx/nuevo-leon/marin/marin
66700,Marín,Pueblo,Marín,Nuevo León,,Urbano,https://postali.app/mx/nuevo-leon/marin/marin-66700
66700,Raymundo Gutiérrez,Colonia,Marín,Nuevo León,,Urbano,https://postali.app/mx/nuevo-leon/marin/raymundo-gutierrez
66700,San Isidro,Colonia,Marín,Nuevo León,,Urbano,https://postali.app/mx/nuevo-leon/marin/san-isidro
66700,Tampiquito,Barrio,Marín,Nuevo León,,Urbano,https://postali.app/mx/nuevo-leon/marin/tampiquito
66700,Valles de Solidaridad,Colonia,Marín,Nuevo León,,Urbano,https://postali.app/mx/nuevo-leon/marin/valles-de-solidaridad
66708,Hacienda Guadalupe,Colonia,Marín,Nuevo León,,Rural,https://postali.app/mx/nuevo-leon/marin/hacienda-guadalupe
66710,El Saladito,Colonia,Marín,Nuevo León,,Rural,https://postali.app/mx/nuevo-leon/marin/el-saladito
66750,Buenos Aires,Colonia,Doctor González,Nuevo León,,Urbano,https://postali.app/mx/nuevo-leon/doctor-gonzalez/buenos-aires
66750,Doctor González Centro,Pueblo,Doctor González,Nuevo León,,Urbano,https://postali.app/mx/nuevo-leon/doctor-gonzalez/doctor-gonzalez-centro
66750,Industrial,Colonia,Doctor González,Nuevo León,,Urbano,https://postali.app/mx/nuevo-leon/doctor-gonzalez/industrial
66750,Los Manantiales,Colonia,Doctor González,Nuevo León,,Urbano,https://postali.app/mx/nuevo-leon/doctor-gonzalez/los-manantiales
66757,La Morita (La Mora),Ranchería,Doctor González,Nuevo León,,Rural,https://postali.app/mx/nuevo-leon/doctor-gonzalez/la-morita-la-mora
66757,Labor Grande (Ovidio Martínez),Rancho,Doctor González,Nuevo León,,Rural,https://postali.app/mx/nuevo-leon/doctor-gonzalez/labor-grande-ovidio-martinez
66757,Terracota Residencial,Fraccionamiento,Doctor González,Nuevo León,,Rural,https://postali.app/mx/nuevo-leon/doctor-gonzalez/terracota-residencial
66760,Don Lalo,Granja,Doctor González,Nuevo León,,Rural,https://postali.app/mx/nuevo-leon/doctor-gonzalez/don-lalo
66760,Las Tres G (Guadalupe González Garza),Rancho,Doctor González,Nuevo León,,Rural,https://postali.app/mx/nuevo-leon/doctor-gonzalez/las-tres-g-guadalupe-gonzalez-garza
66760,Los Hualiches,Colonia,Doctor González,Nuevo León,,Rural,https://postali.app/mx/nuevo-leon/doctor-gonzalez/los-hualiches
66760,Los Partidores (Rogelio González),Rancho,Doctor González,Nuevo León,,Rural,https://postali.app/mx/nuevo-leon/doctor-gonzalez/los-partidores-rogelio-gonzalez
66765,Los Peña,Hacienda,Doctor González,Nuevo León,,Rural,https://postali.app/mx/nuevo-leon/doctor-gonzalez/los-pena
66770,María Aurora,Granja,Doctor González,Nuevo León,,Rural,https://postali.app/mx/nuevo-leon/doctor-gonzalez/maria-aurora
66770,Nuevo Repueblo,Pueblo,Doctor González,Nuevo León,,Rural,https://postali.app/mx/nuevo-leon/doctor-gonzalez/nuevo-repueblo
66770,Rosalinda,Granja,Doctor González,Nuevo León,,Rural,https://postali.app/mx/nuevo-leon/doctor-gonzalez/rosalinda
66773,Papagayos,Ejido,Doctor González,Nuevo León,,Rural,https://postali.app/mx/nuevo-leon/doctor-gonzalez/papagayos
66783,La Morita,Rancho,Doctor González,Nuevo León,,Rural,https://postali.app/mx/nuevo-leon/doctor-gonzalez/la-morita
66785,El Guardado,Ranchería,Doctor González,Nuevo León,,Rural,https://postali.app/mx/nuevo-leon/doctor-gonzalez/el-guardado
66785,La Venadera,Colonia,Doctor González,Nuevo León,,Rural,https://postali.app/mx/nuevo-leon/doctor-gonzalez/la-venadera
66800,Altamira (Capadero),Colonia,Los Ramones,Nuevo León,,Rural,https://postali.app/mx/nuevo-leon/los-ramones/altamira-capadero
66800,Los Ramones,Pueblo,Los Ramones,Nuevo León,,Urbano,https://postali.app/mx/nuevo-leon/los-ramones/los-ramones
66800,Progreso,Colonia,Los Ramones,Nuevo León,,Urbano,https://postali.app/mx/nuevo-leon/los-ramones/progreso
66810,Hidalgo,Pueblo,Los Ramones,Nuevo León,,Rural,https://postali.app/mx/nuevo-leon/los-ramones/hidalgo
66812,Facundo González (El Peine),Pueblo,Los Ramones,Nuevo León,,Rural,https://postali.app/mx/nuevo-leon/los-ramones/facundo-gonzalez-el-peine
66820,Garza González,Pueblo,Los Ramones,Nuevo León,,Rural,https://postali.app/mx/nuevo-leon/los-ramones/garza-gonzalez
66824,Loma,Paraje,Los Ramones,Nuevo León,,Rural,https://postali.app/mx/nuevo-leon/los-ramones/loma
66825,Repueblo de Oriente (El Ranchito),Pueblo,Los Ramones,Nuevo León,,Rural,https://postali.app/mx/nuevo-leon/los-ramones/repueblo-de-oriente-el-ranchito
66825,San Benito,Pueblo,Los Ramones,Nuevo León,,Rural,https://postali.app/mx/nuevo-leon/los-ramones/san-benito
66826,Los Ángeles (Palo Blanco),Ranchería,Los Ramones,Nuevo León,,Rural,https://postali.app/mx/nuevo-leon/los-ramones/los-angeles-palo-blanco
66827,El Saucito,Rancho,Los Ramones,Nuevo León,,Rural,https://postali.app/mx/nuevo-leon/los-ramones/el-saucito
66830,La Posada,Barrio,Los Ramones,Nuevo León,,Rural,https://postali.app/mx/nuevo-leon/los-ramones/la-posada
66830,San Isidro,Hacienda,Los Ramones,Nuevo León,,Rural,https://postali.app/mx/nuevo-leon/los-ramones/san-isidro
66835,El Ayancual,Hacienda,Los Ramones,Nuevo León,,Rural,https://postali.app/mx/nuevo-leon/los-ramones/el-ayancual
66840,El Carrizo,Ejido,Los Ramones,Nuevo León,,Rural,https://postali.app/mx/nuevo-leon/los-ramones/el-carrizo
66842,El Carrizo,Ejido,Los Ramones,Nuevo León,,Rural,https://postali.app/mx/nuevo-leon/los-ramones/el-carrizo-66842
66847,Las Enramadas,Ranchería,Los Ramones,Nuevo León,,Rural,https://postali.app/mx/nuevo-leon/los-ramones/las-enramadas
66848,La Conquista,Ejido,Los Ramones,Nuevo León,,Rural,https://postali.app/mx/nuevo-leon/los-ramones/la-conquista
66849,El Porvenir (Porvenir Ramones),Hacienda,Los Ramones,Nuevo León,,Rural,https://postali.app/mx/nuevo-leon/los-ramones/el-porvenir-porvenir-ramones
66850,Los Herreras,Pueblo,Los Herreras,Nuevo León,,Urbano,https://postali.app/mx/nuevo-leon/los-herreras/los-herreras
66860,San Vicente,Pueblo,Los Herreras,Nuevo León,,Rural,https://postali.app/mx/nuevo-leon/los-herreras/san-vicente
66861,Hacienda de Guadalupe (Guadalupe),Hacienda,Los Herreras,Nuevo León,,Rural,https://postali.app/mx/nuevo-leon/los-herreras/hacienda-de-guadalupe-guadalupe
66865,La Laja (San José de la Laja),Colonia,Los Herreras,Nuevo León,,Rural,https://postali.app/mx/nuevo-leon/los-herreras/la-laja-san-jose-de-la-laja
66872,San Agustín,Pueblo,Los Herreras,Nuevo León,,Rural,https://postali.app/mx/nuevo-leon/los-herreras/san-agustin
66880,Barretosa,Pueblo,Los Herreras,Nuevo León,,Rural,https://postali.app/mx/nuevo-leon/los-herreras/barretosa
66900,Los Aldamas,Pueblo,Los Aldamas,Nuevo León,,Urbano,https://postali.app/mx/nuevo-leon/los-aldamas/los-aldamas
66910,Aldamas,Barrio,Los Aldamas,Nuevo León,,Rural,https://postali.app/mx/nuevo-leon/los-aldamas/aldamas
66930,Estación Aldama,Pueblo,Los Aldamas,Nuevo León,,Rural,https://postali.app/mx/nuevo-leon/los-aldamas/estacion-aldama
66940,San Pedro,Colonia,Los Aldamas,Nuevo León,,Rural,https://postali.app/mx/nuevo-leon/los-aldamas/san-pedro
66945,La Palmita,Ejido,Los Aldamas,Nuevo León,,Rural,https://postali.app/mx/nuevo-leon/los-aldamas/la-palmita
66950,Doctor Coss,Pueblo,Doctor Coss,Nuevo León,,Urbano,https://postali.app/mx/nuevo-leon/doctor-coss/doctor-coss
66950,Hacienda de Guadalupe,Fraccionamiento,Doctor Coss,Nuevo León,,Urbano,https://postali.app/mx/nuevo-leon/doctor-coss/hacienda-de-guadalupe
66950,Norte,Barrio,Doctor Coss,Nuevo León,,Urbano,https://postali.app/mx/nuevo-leon/doctor-coss/norte
66955,Francisco I. Madero,Pueblo,Doctor Coss,Nuevo León,,Rural,https://postali.app/mx/nuevo-leon/doctor-coss/francisco-i-madero
66960,La Lajilla,Colonia,Doctor Coss,Nuevo León,,Rural,https://postali.app/mx/nuevo-leon/doctor-coss/la-lajilla
66964,La Ceja,Ranchería,Doctor Coss,Nuevo León,,Rural,https://postali.app/mx/nuevo-leon/doctor-coss/la-ceja
66964,Serafín,Ranchería,Doctor Coss,Nuevo León,,Rural,https://postali.app/mx/nuevo-leon/doctor-coss/serafin
66970,El Brasil,Rancho,Doctor Coss,Nuevo León,,Rural,https://postali.app/mx/nuevo-leon/doctor-coss/el-brasil
66973,La Canela,Rancho,Doctor Coss,Nuevo León,,Rural,https://postali.app/mx/nuevo-leon/doctor-coss/la-canela
66980,Cantú (Gachupines),Pueblo,Doctor Coss,Nuevo León,,Rural,https://postali.app/mx/nuevo-leon/doctor-coss/cantu-gachupines
67000,Barrio Norte,Colonia,General Bravo,Nuevo León,,Urbano,https://postali.app/mx/nuevo-leon/general-bravo/barrio-norte
67000,Bicentenario,Colonia,General Bravo,Nuevo León,,Urbano,https://postali.app/mx/nuevo-leon/general-bravo/bicentenario
67000,General Bravo Centro,Colonia,General Bravo,Nuevo León,,Urbano,https://postali.app/mx/nuevo-leon/general-bravo/general-bravo-centro
67000,La Fortaleza,Colonia,General Bravo,Nuevo León,,Urbano,https://postali.app/mx/nuevo-leon/general-bravo/la-fortaleza
67000,La Loma,Colonia,General Bravo,Nuevo León,,Urbano,https://postali.app/mx/nuevo-leon/general-bravo/la-loma
67000,Las Vegas,Colonia,General Bravo,Nuevo León,,Urbano,https://postali.app/mx/nuevo-leon/general-bravo/las-vegas
67000,María Guadalupe Guajardo,Colonia,General Bravo,Nuevo León,,Urbano,https://postali.app/mx/nuevo-leon/general-bravo/maria-guadalupe-guajardo
67000,Obrera,Colonia,General Bravo,Nuevo León,,Urbano,https://postali.app/mx/nuevo-leon/general-bravo/obrera
67000,Tijerina,Colonia,General Bravo,Nuevo León,,Urbano,https://postali.app/mx/nuevo-leon/general-bravo/tijerina
67000,Treviño,Colonia,General Bravo,Nuevo León,,Urbano,https://postali.app/mx/nuevo-leon/general-bravo/trevino
67002,Las Tranquitas,Ranchería,General Bravo,Nuevo León,,Rural,https://postali.app/mx/nuevo-leon/general-bravo/las-tranquitas
67003,Las Tres Caídas,Ranchería,General Bravo,Nuevo León,,Rural,https://postali.app/mx/nuevo-leon/general-bravo/las-tres-caidas
67004,Conferín Arizpe,Colonia,General Bravo,Nuevo León,,Rural,https://postali.app/mx/nuevo-leon/general-bravo/conferin-arizpe
67004,Jardínes del Bravo,Colonia,General Bravo,Nuevo León,,Rural,https://postali.app/mx/nuevo-leon/general-bravo/jardines-del-bravo
67006,El Huizache (Estación de Compresión PEMEX),Zona industrial,General Bravo,Nuevo León,,Rural,https://postali.app/mx/nuevo-leon/general-bravo/el-huizache-estacion-de-compresion-pemex
67006,General Tapia (Mariano Escobedo),Colonia,General Bravo,Nuevo León,,Rural,https://postali.app/mx/nuevo-leon/general-bravo/general-tapia-mariano-escobedo
67010,Esquina del Potrero,Ranchería,General Bravo,Nuevo León,,Rural,https://postali.app/mx/nuevo-leon/general-bravo/esquina-del-potrero
67012,Santa Teresa de Jesús (El Amole),Ranchería,General Bravo,Nuevo León,,Rural,https://postali.app/mx/nuevo-leon/general-bravo/santa-teresa-de-jesus-el-amole
67030,El Mantillo,Ranchería,General Bravo,Nuevo León,,Rural,https://postali.app/mx/nuevo-leon/general-bravo/el-mantillo
67050,5 de Mayo,Colonia,China,Nuevo León,,Urbano,https://postali.app/mx/nuevo-leon/china/5-de-mayo
67050,China,Pueblo,China,Nuevo León,,Urbano,https://postali.app/mx/nuevo-leon/china/china
67050,El Cuchillo,Colonia,China,Nuevo León,,Urbano,https://postali.app/mx/nuevo-leon/china/el-cuchillo
67050,El Maestro,Colonia,China,Nuevo León,,Rural,https://postali.app/mx/nuevo-leon/china/el-maestro
67050,La Laguna,Colonia,China,Nuevo León,,Urbano,https://postali.app/mx/nuevo-leon/china/la-laguna
67050,Revolución,Colonia,China,Nuevo León,,Urbano,https://postali.app/mx/nuevo-leon/china/revolucion
67050,San Isidro,Colonia,China,Nuevo León,,Urbano,https://postali.app/mx/nuevo-leon/china/san-isidro
67050,Valle de San Felipe,Colonia,China,Nuevo León,,Urbano,https://postali.app/mx/nuevo-leon/china/valle-de-san-felipe
67050,Valles de Cadereyta,Fraccionamiento,China,Nuevo León,,Urbano,https://postali.app/mx/nuevo-leon/china/valles-de-cadereyta
67050,Vista Hermosa,Colonia,China,Nuevo León,,Urbano,https://postali.app/mx/nuevo-leon/china/vista-hermosa
67050,Viuda Emilia,Colonia,China,Nuevo León,,Urbano,https://postali.app/mx/nuevo-leon/china/viuda-emilia
67052,Santa Mónica,Ranchería,China,Nuevo León,,Rural,https://postali.app/mx/nuevo-leon/china/santa-monica
67066,El Cuchillo,Rancho,China,Nuevo León,,Rural,https://postali.app/mx/nuevo-leon/china/el-cuchillo-67066
67066,El Cuchillo (Paso de la Loma),Ranchería,China,Nuevo León,,Rural,https://postali.app/mx/nuevo-leon/china/el-cuchillo-paso-de-la-loma
67087,San Juanito,Ranchería,China,Nuevo León,,Rural,https://postali.app/mx/nuevo-leon/china/san-juanito
67093,San Fernando,Ranchería,China,Nuevo León,,Rural,https://postali.app/mx/nuevo-leon/china/san-fernando
67093,San Pablo,Ranchería,China,Nuevo León,,Rural,https://postali.app/mx/nuevo-leon/china/san-pablo
67097,La Barreta Tres (La Barreta y Anexos),Ranchería,China,Nuevo León,,Rural,https://postali.app/mx/nuevo-leon/china/la-barreta-tres-la-barreta-y-anexos
67099,Doctor Ignacio Morones Prieto,Colonia,China,Nuevo León,,Rural,https://postali.app/mx/nuevo-leon/china/doctor-ignacio-morones-prieto
67099,Francisco I. Madero,Colonia,China,Nuevo León,,Rural,https://postali.app/mx/nuevo-leon/china/francisco-i-madero
67100,Guadalupe Centro,Colonia,Guadalupe,Nuevo León,Guadalupe,Urbano,https://postali.app/mx/nuevo-leon/guadalupe/guadalupe-centro
67110,Arboledas de San Miguel,Colonia,Guadalupe,Nuevo León,Guadalupe,Urbano,https://postali.app/mx/nuevo-leon/guadalupe/arboledas-de-san-miguel
67110,Bosques del Oriente,Colonia,Guadalupe,Nuevo León,Guadalupe,Urbano,https://postali.app/mx/nuevo-leon/guadalupe/bosques-del-oriente
67110,Jardines la Victoria,Colonia,Guadalupe,Nuevo León,Guadalupe,Urbano,https://postali.app/mx/nuevo-leon/guadalupe/jardines-la-victoria
67110,La Amistad,Colonia,Guadalupe,Nuevo León,Guadalupe,Urbano,https://postali.app/mx/nuevo-leon/guadalupe/la-amistad
67110,La Victoria,Colonia,Guadalupe,Nuevo León,Guadalupe,Urbano,https://postali.app/mx/nuevo-leon/guadalupe/la-victoria
67110,Los Olivos,Colonia,Guadalupe,Nuevo León,Guadalupe,Urbano,https://postali.app/mx/nuevo-leon/guadalupe/los-olivos
67110,Paseo San Miguel,Colonia,Guadalupe,Nuevo León,Guadalupe,Urbano,https://postali.app/mx/nuevo-leon/guadalupe/paseo-san-miguel
67110,Pedregal de Lindavista,Colonia,Guadalupe,Nuevo León,Guadalupe,Urbano,https://postali.app/mx/nuevo-leon/guadalupe/pedregal-de-lindavista
67110,Plaza San Antonio,Colonia,Guadalupe,Nuevo León,Guadalupe,Urbano,https://postali.app/mx/nuevo-leon/guadalupe/plaza-san-antonio
67110,Rincón Lindavista,Fraccionamiento,Guadalupe,Nuevo León,Guadalupe,Urbano,https://postali.app/mx/nuevo-leon/guadalupe/rincon-lindavista
67110,San Rafael,Zona industrial,Guadalupe,Nuevo León,Guadalupe,Urbano,https://postali.app/mx/nuevo-leon/guadalupe/san-rafael
67110,Talaberna,Colonia,Guadalupe,Nuevo León,Guadalupe,Urbano,https://postali.app/mx/nuevo-leon/guadalupe/talaberna
67110,Villa de San Miguel,Colonia,Guadalupe,Nuevo León,Guadalupe,Urbano,https://postali.app/mx/nuevo-leon/guadalupe/villa-de-san-miguel
67110,Villa San Antonio,Colonia,Guadalupe,Nuevo León,Guadalupe,Urbano,https://postali.app/mx/nuevo-leon/guadalupe/villa-san-antonio
67112,Almendros,Colonia,Guadalupe,Nuevo León,Guadalupe,Urbano,https://postali.app/mx/nuevo-leon/guadalupe/almendros
67112,Hacienda los Encinos,Fraccionamiento,Guadalupe,Nuevo León,Guadalupe,Urbano,https://postali.app/mx/nuevo-leon/guadalupe/hacienda-los-encinos
67112,Las Dalias,Fraccionamiento,Guadalupe,Nuevo León,Guadalupe,Urbano,https://postali.app/mx/nuevo-leon/guadalupe/las-dalias
67112,Pedregal de Lindavista II,Colonia,Guadalupe,Nuevo León,Guadalupe,Urbano,https://postali.app/mx/nuevo-leon/guadalupe/pedregal-de-lindavista-ii
67112,Privadas de Lindavista,Fraccionamiento,Guadalupe,Nuevo León,Guadalupe,Urbano,https://postali.app/mx/nuevo-leon/guadalupe/privadas-de-lindavista
67112,Provivienda,Colonia,Guadalupe,Nuevo León,Guadalupe,Urbano,https://postali.app/mx/nuevo-leon/guadalupe/provivienda
67112,Provivienda la Esperanza,Colonia,Guadalupe,Nuevo León,Guadalupe,Urbano,https://postali.app/mx/nuevo-leon/guadalupe/provivienda-la-esperanza
67112,Residencial San Antonio,Fraccionamiento,Guadalupe,Nuevo León,Guadalupe,Urbano,https://postali.app/mx/nuevo-leon/guadalupe/residencial-san-antonio
67112,Residencial Santa Fe,Fraccionamiento,Guadalupe,Nuevo León,Guadalupe,Urbano,https://postali.app/mx/nuevo-leon/guadalupe/residencial-santa-fe
67112,Valle de San Antonio,Colonia,Guadalupe,Nuevo León,Guadalupe,Urbano,https://postali.app/mx/nuevo-leon/guadalupe/valle-de-san-antonio
67112,Villas del Río,Colonia,Guadalupe,Nuevo León,Guadalupe,Urbano,https://postali.app/mx/nuevo-leon/guadalupe/villas-del-rio
67113,Arboledas de Acapulco,Colonia,Guadalupe,Nuevo León,Guadalupe,Urbano,https://postali.app/mx/nuevo-leon/guadalupe/arboledas-de-acapulco
67113,Balcones de San Miguel,Colonia,Guadalupe,Nuevo León,Guadalupe,Urbano,https://postali.app/mx/nuevo-leon/guadalupe/balcones-de-san-miguel
67113,Colonial de San Miguel,Colonia,Guadalupe,Nuevo León,Guadalupe,Urbano,https://postali.app/mx/nuevo-leon/guadalupe/colonial-de-san-miguel
67113,Coloniales San Miguel Sector Uno,Colonia,Guadalupe,Nuevo León,Guadalupe,Urbano,https://postali.app/mx/nuevo-leon/guadalupe/coloniales-san-miguel-sector-uno
67113,Fuentes de San Miguel,Colonia,Guadalupe,Nuevo León,Guadalupe,Urbano,https://postali.app/mx/nuevo-leon/guadalupe/fuentes-de-san-miguel
67113,Hacienda San Miguel,Colonia,Guadalupe,Nuevo León,Guadalupe,Urbano,https://postali.app/mx/nuevo-leon/guadalupe/hacienda-san-miguel
67113,INFONAVIT Benito Juárez,Colonia,Guadalupe,Nuevo León,Guadalupe,Urbano,https://postali.app/mx/nuevo-leon/guadalupe/infonavit-benito-juarez
67113,Lomas de San Miguel,Colonia,Guadalupe,Nuevo León,Guadalupe,Urbano,https://postali.app/mx/nuevo-leon/guadalupe/lomas-de-san-miguel
67113,Mixcoac,Colonia,Guadalupe,Nuevo León,Guadalupe,Urbano,https://postali.app/mx/nuevo-leon/guadalupe/mixcoac
67113,Policía Auxiliar,Colonia,Guadalupe,Nuevo León,Guadalupe,Urbano,https://postali.app/mx/nuevo-leon/guadalupe/policia-auxiliar
67113,Privada San Fernando,Fraccionamiento,Guadalupe,Nuevo León,Guadalupe,Urbano,https://postali.app/mx/nuevo-leon/guadalupe/privada-san-fernando
67113,Real de San Miguel Sector Cuatro,Fraccionamiento,Guadalupe,Nuevo León,Guadalupe,Urbano,https://postali.app/mx/nuevo-leon/guadalupe/real-de-san-miguel-sector-cuatro
67113,Real de San Miguel Sector Dos,Fraccionamiento,Guadalupe,Nuevo León,Guadalupe,Urbano,https://postali.app/mx/nuevo-leon/guadalupe/real-de-san-miguel-sector-dos
67113,Real de San Miguel Sector Tres,Fraccionamiento,Guadalupe,Nuevo León,Guadalupe,Urbano,https://postali.app/mx/nuevo-leon/guadalupe/real-de-san-miguel-sector-tres
67113,Real de San Miguel Sector Uno,Fraccionamiento,Guadalupe,Nuevo León,Guadalupe,Urbano,https://postali.app/mx/nuevo-leon/guadalupe/real-de-san-miguel-sector-uno
67113,Residencial Avante,Fraccionamiento,Guadalupe,Nuevo León,Guadalupe,Urbano,https://postali.app/mx/nuevo-leon/guadalupe/residencial-avante
67113,Torres de San Miguel,Colonia,Guadalupe,Nuevo León,Guadalupe,Urbano,https://postali.app/mx/nuevo-leon/guadalupe/torres-de-san-miguel
67113,Valle San Miguel,Colonia,Guadalupe,Nuevo León,Guadalupe,Urbano,https://postali.app/mx/nuevo-leon/guadalupe/valle-san-miguel
67115,Maya,Fraccionamiento,Guadalupe,Nuevo León,Guadalupe,Urbano,https://postali.app/mx/nuevo-leon/guadalupe/maya
67115,Nuevo Milenio,Fraccionamiento,Guadalupe,Nuevo León,Guadalupe,Urbano,https://postali.app/mx/nuevo-leon/guadalupe/nuevo-milenio
67115,Parque Industrial Viga,Zona industrial,Guadalupe,Nuevo León,Guadalupe,Urbano,https://postali.app/mx/nuevo-leon/guadalupe/parque-industrial-viga
67115,Pedregal de Oriente,Colonia,Guadalupe,Nuevo León,Guadalupe,Urbano,https://postali.app/mx/nuevo-leon/guadalupe/pedregal-de-oriente
67115,PROMOFISA,Zona industrial,Guadalupe,Nuevo León,Guadalupe,Urbano,https://postali.app/mx/nuevo-leon/guadalupe/promofisa
67115,San Miguel,Zona industrial,Guadalupe,Nuevo León,Guadalupe,Urbano,https://postali.app/mx/nuevo-leon/guadalupe/san-miguel
67115,Sebastián Elizondo,Colonia,Guadalupe,Nuevo León,Guadalupe,Urbano,https://postali.app/mx/nuevo-leon/guadalupe/sebastian-elizondo
67116,Areya Guadalupe Industrial Park,Zona industrial,Guadalupe,Nuevo León,Guadalupe,Urbano,https://postali.app/mx/nuevo-leon/guadalupe/areya-guadalupe-industrial-park
67116,Benito Juárez,Unidad habitacional,Guadalupe,Nuevo León,Guadalupe,Urbano,https://postali.app/mx/nuevo-leon/guadalupe/benito-juarez
67116,Jardines de Casa Blanca,Colonia,Guadalupe,Nuevo León,Guadalupe,Urbano,https://postali.app/mx/nuevo-leon/guadalupe/jardines-de-casa-blanca
67116,Jardines de San Miguel,Colonia,Guadalupe,Nuevo León,Guadalupe,Urbano,https://postali.app/mx/nuevo-leon/guadalupe/jardines-de-san-miguel
67116,Jardines del Río,Colonia,Guadalupe,Nuevo León,Guadalupe,Urbano,https://postali.app/mx/nuevo-leon/guadalupe/jardines-del-rio
67116,Jardines Guadalupe,Colonia,Guadalupe,Nuevo León,Guadalupe,Urbano,https://postali.app/mx/nuevo-leon/guadalupe/jardines-guadalupe
67116,Nuevo San Miguel,Colonia,Guadalupe,Nuevo León,Guadalupe,Urbano,https://postali.app/mx/nuevo-leon/guadalupe/nuevo-san-miguel
67116,Puerta Oriente,Fraccionamiento,Guadalupe,Nuevo León,Guadalupe,Urbano,https://postali.app/mx/nuevo-leon/guadalupe/puerta-oriente
67116,Riveras de la Silla (Fomerrey 31),Colonia,Guadalupe,Nuevo León,Guadalupe,Urbano,https://postali.app/mx/nuevo-leon/guadalupe/riveras-de-la-silla-fomerrey-31
67116,Siete Colinas Sector Palatino,Colonia,Guadalupe,Nuevo León,Guadalupe,Urbano,https://postali.app/mx/nuevo-leon/guadalupe/siete-colinas-sector-palatino
67117,Arboledas del Oriente,Colonia,Guadalupe,Nuevo León,Guadalupe,Urbano,https://postali.app/mx/nuevo-leon/guadalupe/arboledas-del-oriente
67117,Cañada Blanca,Unidad habitacional,Guadalupe,Nuevo León,Guadalupe,Urbano,https://postali.app/mx/nuevo-leon/guadalupe/canada-blanca
67117,Centroamérica,Colonia,Guadalupe,Nuevo León,Guadalupe,Urbano,https://postali.app/mx/nuevo-leon/guadalupe/centroamerica
67117,Eduardo Caballero,Colonia,Guadalupe,Nuevo León,Guadalupe,Urbano,https://postali.app/mx/nuevo-leon/guadalupe/eduardo-caballero
67117,Josefa Zozaya,Colonia,Guadalupe,Nuevo León,Guadalupe,Urbano,https://postali.app/mx/nuevo-leon/guadalupe/josefa-zozaya
67117,Los Cristales,Colonia,Guadalupe,Nuevo León,Guadalupe,Urbano,https://postali.app/mx/nuevo-leon/guadalupe/los-cristales
67117,Los Cristales Tercer Sector,Colonia,Guadalupe,Nuevo León,Guadalupe,Urbano,https://postali.app/mx/nuevo-leon/guadalupe/los-cristales-tercer-sector
67117,Misión de Guadalupe,Colonia,Guadalupe,Nuevo León,Guadalupe,Urbano,https://postali.app/mx/nuevo-leon/guadalupe/mision-de-guadalupe
67117,Raúl Caballero,Colonia,Guadalupe,Nuevo León,Guadalupe,Urbano,https://postali.app/mx/nuevo-leon/guadalupe/raul-caballero
67117,Residencial Torremolinos,Fraccionamiento,Guadalupe,Nuevo León,Guadalupe,Urbano,https://postali.app/mx/nuevo-leon/guadalupe/residencial-torremolinos
67117,Santa Fe Living,Fraccionamiento,Guadalupe,Nuevo León,Guadalupe,Urbano,https://postali.app/mx/nuevo-leon/guadalupe/santa-fe-living
67117,Torremolinos la Fe,Fraccionamiento,Guadalupe,Nuevo León,Guadalupe,Urbano,https://postali.app/mx/nuevo-leon/guadalupe/torremolinos-la-fe
67117,Valle Torremolinos,Fraccionamiento,Guadalupe,Nuevo León,Guadalupe,Urbano,https://postali.app/mx/nuevo-leon/guadalupe/valle-torremolinos
67117,Zozayita,Colonia,Guadalupe,Nuevo León,Guadalupe,Urbano,https://postali.app/mx/nuevo-leon/guadalupe/zozayita
67118,Emiliano Zapata (Fomerrey 18),Colonia,Guadalupe,Nuevo León,Guadalupe,Urbano,https://postali.app/mx/nuevo-leon/guadalupe/emiliano-zapata-fomerrey-18
67118,Hacienda la Española,Colonia,Guadalupe,Nuevo León,Guadalupe,Urbano,https://postali.app/mx/nuevo-leon/guadalupe/hacienda-la-espanola
67118,La Floresta,Colonia,Guadalupe,Nuevo León,Guadalupe,Urbano,https://postali.app/mx/nuevo-leon/guadalupe/la-floresta
67118,Misión del Valle,Colonia,Guadalupe,Nuevo León,Guadalupe,Urbano,https://postali.app/mx/nuevo-leon/guadalupe/mision-del-valle
67118,Nuevo San Rafael,Colonia,Guadalupe,Nuevo León,Guadalupe,Urbano,https://postali.app/mx/nuevo-leon/guadalupe/nuevo-san-rafael
67118,Valle San Rafael,Colonia,Guadalupe,Nuevo León,Guadalupe,Urbano,https://postali.app/mx/nuevo-leon/guadalupe/valle-san-rafael
67118,Villa Española,Colonia,Guadalupe,Nuevo León,Guadalupe,Urbano,https://postali.app/mx/nuevo-leon/guadalupe/villa-espanola
67119,Industrial Jardines San Rafael,Zona industrial,Guadalupe,Nuevo León,Guadalupe,Urbano,https://postali.app/mx/nuevo-leon/guadalupe/industrial-jardines-san-rafael
67119,Jardines de San Rafael,Colonia,Guadalupe,Nuevo León,Guadalupe,Urbano,https://postali.app/mx/nuevo-leon/guadalupe/jardines-de-san-rafael
67119,Praderas de San Rafael,Colonia,Guadalupe,Nuevo León,Guadalupe,Urbano,https://postali.app/mx/nuevo-leon/guadalupe/praderas-de-san-rafael
67119,San Rafael,Colonia,Guadalupe,Nuevo León,Guadalupe,Urbano,https://postali.app/mx/nuevo-leon/guadalupe/san-rafael-67119
67120,Adolfo Prieto,Colonia,Guadalupe,Nuevo León,Guadalupe,Urbano,https://postali.app/mx/nuevo-leon/guadalupe/adolfo-prieto
67120,Adolfo Prieto Sector 2,Colonia,Guadalupe,Nuevo León,Guadalupe,Urbano,https://postali.app/mx/nuevo-leon/guadalupe/adolfo-prieto-sector-2
67120,Adolfo Prieto Sector 3,Colonia,Guadalupe,Nuevo León,Guadalupe,Urbano,https://postali.app/mx/nuevo-leon/guadalupe/adolfo-prieto-sector-3
67120,América Obrera,Colonia,Guadalupe,Nuevo León,Guadalupe,Urbano,https://postali.app/mx/nuevo-leon/guadalupe/america-obrera
67120,Hércules,Colonia,Guadalupe,Nuevo León,Guadalupe,Urbano,https://postali.app/mx/nuevo-leon/guadalupe/hercules
67120,La Luz,Colonia,Guadalupe,Nuevo León,Guadalupe,Urbano,https://postali.app/mx/nuevo-leon/guadalupe/la-luz
67120,León XIII,Colonia,Guadalupe,Nuevo León,Guadalupe,Urbano,https://postali.app/mx/nuevo-leon/guadalupe/leon-xiii
67120,Nueva Libertad,Colonia,Guadalupe,Nuevo León,Guadalupe,Urbano,https://postali.app/mx/nuevo-leon/guadalupe/nueva-libertad
67120,Residencial Minerva,Colonia,Guadalupe,Nuevo León,Guadalupe,Urbano,https://postali.app/mx/nuevo-leon/guadalupe/residencial-minerva
67123,10 de Mayo,Colonia,Guadalupe,Nuevo León,Guadalupe,Urbano,https://postali.app/mx/nuevo-leon/guadalupe/10-de-mayo
67123,Arboledas de Corregidora,Colonia,Guadalupe,Nuevo León,Guadalupe,Urbano,https://postali.app/mx/nuevo-leon/guadalupe/arboledas-de-corregidora
67123,Jardines de Lindavista,Colonia,Guadalupe,Nuevo León,Guadalupe,Urbano,https://postali.app/mx/nuevo-leon/guadalupe/jardines-de-lindavista
67123,Libertad,Colonia,Guadalupe,Nuevo León,Guadalupe,Urbano,https://postali.app/mx/nuevo-leon/guadalupe/libertad
67123,Linda Vista,Colonia,Guadalupe,Nuevo León,Guadalupe,Urbano,https://postali.app/mx/nuevo-leon/guadalupe/linda-vista
67124,Adolfo Prieto Sector 4,Colonia,Guadalupe,Nuevo León,Guadalupe,Urbano,https://postali.app/mx/nuevo-leon/guadalupe/adolfo-prieto-sector-4
67124,Aragonés,Colonia,Guadalupe,Nuevo León,Guadalupe,Urbano,https://postali.app/mx/nuevo-leon/guadalupe/aragones
67124,Escamilla,Colonia,Guadalupe,Nuevo León,Guadalupe,Urbano,https://postali.app/mx/nuevo-leon/guadalupe/escamilla
67124,Real de Minas,Colonia,Guadalupe,Nuevo León,Guadalupe,Urbano,https://postali.app/mx/nuevo-leon/guadalupe/real-de-minas
67125,Albana Linda Vista,Fraccionamiento,Guadalupe,Nuevo León,Guadalupe,Urbano,https://postali.app/mx/nuevo-leon/guadalupe/albana-linda-vista
67125,América,Colonia,Guadalupe,Nuevo León,Guadalupe,Urbano,https://postali.app/mx/nuevo-leon/guadalupe/america
67125,Cerradas de Lindavista,Colonia,Guadalupe,Nuevo León,Guadalupe,Urbano,https://postali.app/mx/nuevo-leon/guadalupe/cerradas-de-lindavista
67125,Condocasa Lindavista,Fraccionamiento,Guadalupe,Nuevo León,Guadalupe,Urbano,https://postali.app/mx/nuevo-leon/guadalupe/condocasa-lindavista
67125,Lolyta,Colonia,Guadalupe,Nuevo León,Guadalupe,Urbano,https://postali.app/mx/nuevo-leon/guadalupe/lolyta
67125,Privada Purísima,Fraccionamiento,Guadalupe,Nuevo León,Guadalupe,Urbano,https://postali.app/mx/nuevo-leon/guadalupe/privada-purisima
67125,Valle de Lindavista,Colonia,Guadalupe,Nuevo León,Guadalupe,Urbano,https://postali.app/mx/nuevo-leon/guadalupe/valle-de-lindavista
67125,Vista Sol,Colonia,Guadalupe,Nuevo León,Guadalupe,Urbano,https://postali.app/mx/nuevo-leon/guadalupe/vista-sol
67126,18 de Marzo,Colonia,Guadalupe,Nuevo León,Guadalupe,Urbano,https://postali.app/mx/nuevo-leon/guadalupe/18-de-marzo
67126,Doctor Ángel Martínez Villarreal,Colonia,Guadalupe,Nuevo León,Guadalupe,Urbano,https://postali.app/mx/nuevo-leon/guadalupe/doctor-angel-martinez-villarreal
67126,Rivera de Linda Vista,Colonia,Guadalupe,Nuevo León,Guadalupe,Urbano,https://postali.app/mx/nuevo-leon/guadalupe/rivera-de-linda-vista
67126,Riveras de la Purísima,Colonia,Guadalupe,Nuevo León,Guadalupe,Urbano,https://postali.app/mx/nuevo-leon/guadalupe/riveras-de-la-purisima
67126,Torres Lindavista,Colonia,Guadalupe,Nuevo León,Guadalupe,Urbano,https://postali.app/mx/nuevo-leon/guadalupe/torres-lindavista
67128,Parque Industrial las Américas,Zona industrial,Guadalupe,Nuevo León,Guadalupe,Urbano,https://postali.app/mx/nuevo-leon/guadalupe/parque-industrial-las-americas
67129,Arboledas Nueva Lindavista,Colonia,Guadalupe,Nuevo León,Guadalupe,Urbano,https://postali.app/mx/nuevo-leon/guadalupe/arboledas-nueva-lindavista
67129,Central de Carga,Zona comercial,Guadalupe,Nuevo León,Guadalupe,Urbano,https://postali.app/mx/nuevo-leon/guadalupe/central-de-carga
67129,Jardines Nueva Lindavista,Colonia,Guadalupe,Nuevo León,Guadalupe,Urbano,https://postali.app/mx/nuevo-leon/guadalupe/jardines-nueva-lindavista
67129,La Purísima,Colonia,Guadalupe,Nuevo León,Guadalupe,Urbano,https://postali.app/mx/nuevo-leon/guadalupe/la-purisima
67129,La Talaverna Módulo Social FOVISSSTE,Unidad habitacional,Guadalupe,Nuevo León,Guadalupe,Urbano,https://postali.app/mx/nuevo-leon/guadalupe/la-talaverna-modulo-social-fovissste
67129,Nueva Linda Vista,Colonia,Guadalupe,Nuevo León,Guadalupe,Urbano,https://postali.app/mx/nuevo-leon/guadalupe/nueva-linda-vista
67129,Rincón de la Purísima,Colonia,Guadalupe,Nuevo León,Guadalupe,Urbano,https://postali.app/mx/nuevo-leon/guadalupe/rincon-de-la-purisima
67129,Serena,Fraccionamiento,Guadalupe,Nuevo León,Guadalupe,Urbano,https://postali.app/mx/nuevo-leon/guadalupe/serena
67130,Bosques del Sol,Colonia,Guadalupe,Nuevo León,Guadalupe,Urbano,https://postali.app/mx/nuevo-leon/guadalupe/bosques-del-sol
67130,Cerrada México,Fraccionamiento,Guadalupe,Nuevo León,Guadalupe,Urbano,https://postali.app/mx/nuevo-leon/guadalupe/cerrada-mexico
67130,La Condesa,Colonia,Guadalupe,Nuevo León,Guadalupe,Urbano,https://postali.app/mx/nuevo-leon/guadalupe/la-condesa
67130,Parque Industrial Nexxus,Zona industrial,Guadalupe,Nuevo León,Guadalupe,Urbano,https://postali.app/mx/nuevo-leon/guadalupe/parque-industrial-nexxus
67130,Paseo Amberes,Fraccionamiento,Guadalupe,Nuevo León,Guadalupe,Urbano,https://postali.app/mx/nuevo-leon/guadalupe/paseo-amberes
67130,Privadas de San Miguel,Fraccionamiento,Guadalupe,Nuevo León,Guadalupe,Urbano,https://postali.app/mx/nuevo-leon/guadalupe/privadas-de-san-miguel
67130,Valle de las Flores,Colonia,Guadalupe,Nuevo León,Guadalupe,Urbano,https://postali.app/mx/nuevo-leon/guadalupe/valle-de-las-flores
67130,Valle Soleado,Colonia,Guadalupe,Nuevo León,Guadalupe,Urbano,https://postali.app/mx/nuevo-leon/guadalupe/valle-soleado
67132,Bello Amanecer,Fraccionamiento,Guadalupe,Nuevo León,Guadalupe,Urbano,https://postali.app/mx/nuevo-leon/guadalupe/bello-amanecer
67132,Fátima,Fraccionamiento,Guadalupe,Nuevo León,Guadalupe,Urbano,https://postali.app/mx/nuevo-leon/guadalupe/fatima
67132,Parque Industrial FINSA Monterrey-Guadalupe,Zona industrial,Guadalupe,Nuevo León,Guadalupe,Urbano,https://postali.app/mx/nuevo-leon/guadalupe/parque-industrial-finsa-monterrey-guadalupe
67132,Regio Parque Industrial Guadalupe,Zona industrial,Guadalupe,Nuevo León,Guadalupe,Urbano,https://postali.app/mx/nuevo-leon/guadalupe/regio-parque-industrial-guadalupe
67132,Riviera de Guadalupe,Fraccionamiento,Guadalupe,Nuevo León,Guadalupe,Urbano,https://postali.app/mx/nuevo-leon/guadalupe/riviera-de-guadalupe
67133,Andara Residencial,Fraccionamiento,Guadalupe,Nuevo León,Guadalupe,Urbano,https://postali.app/mx/nuevo-leon/guadalupe/andara-residencial
67133,Kalos Guadalupe Aeropuerto,Zona industrial,Guadalupe,Nuevo León,Guadalupe,Urbano,https://postali.app/mx/nuevo-leon/guadalupe/kalos-guadalupe-aeropuerto
67133,Las Escobas,Colonia,Guadalupe,Nuevo León,Guadalupe,Urbano,https://postali.app/mx/nuevo-leon/guadalupe/las-escobas
67133,Las Águilas,Colonia,Guadalupe,Nuevo León,Guadalupe,Urbano,https://postali.app/mx/nuevo-leon/guadalupe/las-aguilas
67134,Arboledas de Santa Cecilia,Colonia,Guadalupe,Nuevo León,Guadalupe,Urbano,https://postali.app/mx/nuevo-leon/guadalupe/arboledas-de-santa-cecilia
67134,Constanza,Fraccionamiento,Guadalupe,Nuevo León,Guadalupe,Urbano,https://postali.app/mx/nuevo-leon/guadalupe/constanza
67134,Dos Ríos,Fraccionamiento,Guadalupe,Nuevo León,Guadalupe,Urbano,https://postali.app/mx/nuevo-leon/guadalupe/dos-rios
67134,Evania,Fraccionamiento,Guadalupe,Nuevo León,Guadalupe,Urbano,https://postali.app/mx/nuevo-leon/guadalupe/evania
67134,Fontana Residencial,Fraccionamiento,Guadalupe,Nuevo León,Guadalupe,Urbano,https://postali.app/mx/nuevo-leon/guadalupe/fontana-residencial
67134,Península Residencial,Fraccionamiento,Guadalupe,Nuevo León,Guadalupe,Urbano,https://postali.app/mx/nuevo-leon/guadalupe/peninsula-residencial
67134,Privada San Carlos,Fraccionamiento,Guadalupe,Nuevo León,Guadalupe,Urbano,https://postali.app/mx/nuevo-leon/guadalupe/privada-san-carlos
67134,Residencial Privada las Plazas,Fraccionamiento,Guadalupe,Nuevo León,Guadalupe,Urbano,https://postali.app/mx/nuevo-leon/guadalupe/residencial-privada-las-plazas
67134,Riberas de Dos Ríos,Fraccionamiento,Guadalupe,Nuevo León,Guadalupe,Urbano,https://postali.app/mx/nuevo-leon/guadalupe/riberas-de-dos-rios
67134,Santa Clara,Fraccionamiento,Guadalupe,Nuevo León,Guadalupe,Urbano,https://postali.app/mx/nuevo-leon/guadalupe/santa-clara
67140,Central de Abastos,Zona comercial,Guadalupe,Nuevo León,Guadalupe,Urbano,https://postali.app/mx/nuevo-leon/guadalupe/central-de-abastos
67140,Chinameca,Colonia,Guadalupe,Nuevo León,Guadalupe,Urbano,https://postali.app/mx/nuevo-leon/guadalupe/chinameca
67140,Cóndor,Unidad habitacional,Guadalupe,Nuevo León,Guadalupe,Urbano,https://postali.app/mx/nuevo-leon/guadalupe/condor
67140,Del Maestro,Colonia,Guadalupe,Nuevo León,Guadalupe,Urbano,https://postali.app/mx/nuevo-leon/guadalupe/del-maestro
67140,Esmeralda,Colonia,Guadalupe,Nuevo León,Guadalupe,Urbano,https://postali.app/mx/nuevo-leon/guadalupe/esmeralda
67140,Ignacio Altamirano,Colonia,Guadalupe,Nuevo León,Guadalupe,Urbano,https://postali.app/mx/nuevo-leon/guadalupe/ignacio-altamirano
67140,Jardines la Pastora,Colonia,Guadalupe,Nuevo León,Guadalupe,Urbano,https://postali.app/mx/nuevo-leon/guadalupe/jardines-la-pastora
67140,Juan Álvarez,Colonia,Guadalupe,Nuevo León,Guadalupe,Urbano,https://postali.app/mx/nuevo-leon/guadalupe/juan-alvarez
67140,La Herradura,Colonia,Guadalupe,Nuevo León,Guadalupe,Urbano,https://postali.app/mx/nuevo-leon/guadalupe/la-herradura
67140,La Pastora,Colonia,Guadalupe,Nuevo León,Guadalupe,Urbano,https://postali.app/mx/nuevo-leon/guadalupe/la-pastora
67140,Las Plazas Dos,Unidad habitacional,Guadalupe,Nuevo León,Guadalupe,Urbano,https://postali.app/mx/nuevo-leon/guadalupe/las-plazas-dos
67140,Las Plazas Tres,Unidad habitacional,Guadalupe,Nuevo León,Guadalupe,Urbano,https://postali.app/mx/nuevo-leon/guadalupe/las-plazas-tres
67140,Las Plazas Uno,Unidad habitacional,Guadalupe,Nuevo León,Guadalupe,Urbano,https://postali.app/mx/nuevo-leon/guadalupe/las-plazas-uno
67140,Los Sauces,Colonia,Guadalupe,Nuevo León,Guadalupe,Urbano,https://postali.app/mx/nuevo-leon/guadalupe/los-sauces
67140,Paraíso,Colonia,Guadalupe,Nuevo León,Guadalupe,Urbano,https://postali.app/mx/nuevo-leon/guadalupe/paraiso
67140,Polanco,Colonia,Guadalupe,Nuevo León,Guadalupe,Urbano,https://postali.app/mx/nuevo-leon/guadalupe/polanco
67140,Polanco Oriente,Colonia,Guadalupe,Nuevo León,Guadalupe,Urbano,https://postali.app/mx/nuevo-leon/guadalupe/polanco-oriente
67140,Residencial Cerro de la Silla,Colonia,Guadalupe,Nuevo León,Guadalupe,Urbano,https://postali.app/mx/nuevo-leon/guadalupe/residencial-cerro-de-la-silla
67140,Revolución,Colonia,Guadalupe,Nuevo León,Guadalupe,Urbano,https://postali.app/mx/nuevo-leon/guadalupe/revolucion
67140,Rivera de la Pastora,Colonia,Guadalupe,Nuevo León,Guadalupe,Urbano,https://postali.app/mx/nuevo-leon/guadalupe/rivera-de-la-pastora
67140,Santa Margarita,Colonia,Guadalupe,Nuevo León,Guadalupe,Urbano,https://postali.app/mx/nuevo-leon/guadalupe/santa-margarita
67140,Valle de Chapultepec,Colonia,Guadalupe,Nuevo León,Guadalupe,Urbano,https://postali.app/mx/nuevo-leon/guadalupe/valle-de-chapultepec
67144,Benito Juárez,Colonia,Guadalupe,Nuevo León,Guadalupe,Urbano,https://postali.app/mx/nuevo-leon/guadalupe/benito-juarez-67144
67144,El Bajío,Colonia,Guadalupe,Nuevo León,Guadalupe,Urbano,https://postali.app/mx/nuevo-leon/guadalupe/el-bajio
67144,Guerra,Colonia,Guadalupe,Nuevo León,Guadalupe,Urbano,https://postali.app/mx/nuevo-leon/guadalupe/guerra
67144,La Huerta,Colonia,Guadalupe,Nuevo León,Guadalupe,Urbano,https://postali.app/mx/nuevo-leon/guadalupe/la-huerta
67144,Marte,Colonia,Guadalupe,Nuevo León,Guadalupe,Urbano,https://postali.app/mx/nuevo-leon/guadalupe/marte
67144,Riviera del Contry,Colonia,Guadalupe,Nuevo León,Guadalupe,Urbano,https://postali.app/mx/nuevo-leon/guadalupe/riviera-del-contry
67144,Venus,Colonia,Guadalupe,Nuevo León,Guadalupe,Urbano,https://postali.app/mx/nuevo-leon/guadalupe/venus
67150,Azteca,Colonia,Guadalupe,Nuevo León,Guadalupe,Urbano,https://postali.app/mx/nuevo-leon/guadalupe/azteca
67150,INFONAVIT Azteca,Unidad habitacional,Guadalupe,Nuevo León,Guadalupe,Urbano,https://postali.app/mx/nuevo-leon/guadalupe/infonavit-azteca
67150,José María Morelos,Colonia,Guadalupe,Nuevo León,Guadalupe,Urbano,https://postali.app/mx/nuevo-leon/guadalupe/jose-maria-morelos
67150,Las Canteras,Colonia,Guadalupe,Nuevo León,Guadalupe,Urbano,https://postali.app/mx/nuevo-leon/guadalupe/las-canteras
67150,Nueva Exposición,Colonia,Guadalupe,Nuevo León,Guadalupe,Urbano,https://postali.app/mx/nuevo-leon/guadalupe/nueva-exposicion
67150,Residencial Azteca,Colonia,Guadalupe,Nuevo León,Guadalupe,Urbano,https://postali.app/mx/nuevo-leon/guadalupe/residencial-azteca
67150,Rincón de la Azteca,Colonia,Guadalupe,Nuevo León,Guadalupe,Urbano,https://postali.app/mx/nuevo-leon/guadalupe/rincon-de-la-azteca
67153,Privada Chapultepec,Colonia,Guadalupe,Nuevo León,Guadalupe,Urbano,https://postali.app/mx/nuevo-leon/guadalupe/privada-chapultepec
67153,Privada Laura,Colonia,Guadalupe,Nuevo León,Guadalupe,Urbano,https://postali.app/mx/nuevo-leon/guadalupe/privada-laura
67154,El Sabino,Colonia,Guadalupe,Nuevo León,Guadalupe,Urbano,https://postali.app/mx/nuevo-leon/guadalupe/el-sabino
67154,Exposición Modelo,Colonia,Guadalupe,Nuevo León,Guadalupe,Urbano,https://postali.app/mx/nuevo-leon/guadalupe/exposicion-modelo
67154,La Fuente,Colonia,Guadalupe,Nuevo León,Guadalupe,Urbano,https://postali.app/mx/nuevo-leon/guadalupe/la-fuente
67154,San Diego,Colonia,Guadalupe,Nuevo León,Guadalupe,Urbano,https://postali.app/mx/nuevo-leon/guadalupe/san-diego
67155,Alamedas de la Hacienda,Colonia,Guadalupe,Nuevo León,Guadalupe,Urbano,https://postali.app/mx/nuevo-leon/guadalupe/alamedas-de-la-hacienda
67155,Expo Ganadera,Colonia,Guadalupe,Nuevo León,Guadalupe,Urbano,https://postali.app/mx/nuevo-leon/guadalupe/expo-ganadera
67155,Exposición,Colonia,Guadalupe,Nuevo León,Guadalupe,Urbano,https://postali.app/mx/nuevo-leon/guadalupe/exposicion
67155,Guadalupe Zitoon,Colonia,Guadalupe,Nuevo León,Guadalupe,Urbano,https://postali.app/mx/nuevo-leon/guadalupe/guadalupe-zitoon
67155,La Hacienda,Colonia,Guadalupe,Nuevo León,Guadalupe,Urbano,https://postali.app/mx/nuevo-leon/guadalupe/la-hacienda
67160,INFONAVIT la Joya,Colonia,Guadalupe,Nuevo León,Guadalupe,Urbano,https://postali.app/mx/nuevo-leon/guadalupe/infonavit-la-joya
67160,Riberas del Río,Colonia,Guadalupe,Nuevo León,Guadalupe,Urbano,https://postali.app/mx/nuevo-leon/guadalupe/riberas-del-rio
67160,Valle Hermoso Sector Uno,Colonia,Guadalupe,Nuevo León,Guadalupe,Urbano,https://postali.app/mx/nuevo-leon/guadalupe/valle-hermoso-sector-uno
67163,Ignacio Zaragoza,Colonia,Guadalupe,Nuevo León,Guadalupe,Urbano,https://postali.app/mx/nuevo-leon/guadalupe/ignacio-zaragoza
67163,San Agustín,Colonia,Guadalupe,Nuevo León,Guadalupe,Urbano,https://postali.app/mx/nuevo-leon/guadalupe/san-agustin
67163,Vicente Guerrero,Colonia,Guadalupe,Nuevo León,Guadalupe,Urbano,https://postali.app/mx/nuevo-leon/guadalupe/vicente-guerrero
67164,21 de Enero,Colonia,Guadalupe,Nuevo León,Guadalupe,Urbano,https://postali.app/mx/nuevo-leon/guadalupe/21-de-enero
67164,Río,Colonia,Guadalupe,Nuevo León,Guadalupe,Urbano,https://postali.app/mx/nuevo-leon/guadalupe/rio
67164,Unión,Colonia,Guadalupe,Nuevo León,Guadalupe,Urbano,https://postali.app/mx/nuevo-leon/guadalupe/union
67164,Valle Hermoso Sector Dos,Colonia,Guadalupe,Nuevo León,Guadalupe,Urbano,https://postali.app/mx/nuevo-leon/guadalupe/valle-hermoso-sector-dos
67165,Los Encinos,Colonia,Guadalupe,Nuevo León,Guadalupe,Urbano,https://postali.app/mx/nuevo-leon/guadalupe/los-encinos
67165,Residencial las Quintas,Colonia,Guadalupe,Nuevo León,Guadalupe,Urbano,https://postali.app/mx/nuevo-leon/guadalupe/residencial-las-quintas
67165,Unión Modelo,Colonia,Guadalupe,Nuevo León,Guadalupe,Urbano,https://postali.app/mx/nuevo-leon/guadalupe/union-modelo
67167,INFONAVIT la Joya Cuarto Sector,Colonia,Guadalupe,Nuevo León,Guadalupe,Urbano,https://postali.app/mx/nuevo-leon/guadalupe/infonavit-la-joya-cuarto-sector
67167,INFONAVIT la Joya Quinto Sector,Colonia,Guadalupe,Nuevo León,Guadalupe,Urbano,https://postali.app/mx/nuevo-leon/guadalupe/infonavit-la-joya-quinto-sector
67167,La Joyita,Colonia,Guadalupe,Nuevo León,Guadalupe,Urbano,https://postali.app/mx/nuevo-leon/guadalupe/la-joyita
67167,Orizaba,Colonia,Guadalupe,Nuevo León,Guadalupe,Urbano,https://postali.app/mx/nuevo-leon/guadalupe/orizaba
67167,Rosita,Colonia,Guadalupe,Nuevo León,Guadalupe,Urbano,https://postali.app/mx/nuevo-leon/guadalupe/rosita
67168,Hacienda de los Arcángeles,Fraccionamiento,Guadalupe,Nuevo León,Guadalupe,Urbano,https://postali.app/mx/nuevo-leon/guadalupe/hacienda-de-los-arcangeles
67168,Hacienda los Lermas,Colonia,Guadalupe,Nuevo León,Guadalupe,Urbano,https://postali.app/mx/nuevo-leon/guadalupe/hacienda-los-lermas
67168,Las Sabinas (Solidaridad Fomerrey),Colonia,Guadalupe,Nuevo León,Guadalupe,Urbano,https://postali.app/mx/nuevo-leon/guadalupe/las-sabinas-solidaridad-fomerrey
67168,Marsella Residencial,Fraccionamiento,Guadalupe,Nuevo León,Guadalupe,Urbano,https://postali.app/mx/nuevo-leon/guadalupe/marsella-residencial
67168,Nueva Joya,Fraccionamiento,Guadalupe,Nuevo León,Guadalupe,Urbano,https://postali.app/mx/nuevo-leon/guadalupe/nueva-joya
67168,Portal de la Hacienda,Colonia,Guadalupe,Nuevo León,Guadalupe,Urbano,https://postali.app/mx/nuevo-leon/guadalupe/portal-de-la-hacienda
67168,Rincón de la Hacienda,Fraccionamiento,Guadalupe,Nuevo León,Guadalupe,Urbano,https://postali.app/mx/nuevo-leon/guadalupe/rincon-de-la-hacienda
67168,Simuplade,Colonia,Guadalupe,Nuevo León,Guadalupe,Urbano,https://postali.app/mx/nuevo-leon/guadalupe/simuplade
67168,Valle de las Sabinas,Colonia,Guadalupe,Nuevo León,Guadalupe,Urbano,https://postali.app/mx/nuevo-leon/guadalupe/valle-de-las-sabinas
67169,6 de Marzo,Colonia,Guadalupe,Nuevo León,Guadalupe,Urbano,https://postali.app/mx/nuevo-leon/guadalupe/6-de-marzo
67169,El Quetzal,Colonia,Guadalupe,Nuevo León,Guadalupe,Urbano,https://postali.app/mx/nuevo-leon/guadalupe/el-quetzal
67169,Evante Residencial,Fraccionamiento,Guadalupe,Nuevo León,Guadalupe,Urbano,https://postali.app/mx/nuevo-leon/guadalupe/evante-residencial
67169,Faisanes Sur,Colonia,Guadalupe,Nuevo León,Guadalupe,Urbano,https://postali.app/mx/nuevo-leon/guadalupe/faisanes-sur
67169,Libertadores de América,Colonia,Guadalupe,Nuevo León,Guadalupe,Urbano,https://postali.app/mx/nuevo-leon/guadalupe/libertadores-de-america
67169,Los Faisanes,Fraccionamiento,Guadalupe,Nuevo León,Guadalupe,Urbano,https://postali.app/mx/nuevo-leon/guadalupe/los-faisanes
67169,Los Faisanes Sector el Dorado,Colonia,Guadalupe,Nuevo León,Guadalupe,Urbano,https://postali.app/mx/nuevo-leon/guadalupe/los-faisanes-sector-el-dorado
67169,Los Faisanes Sector Platino,Colonia,Guadalupe,Nuevo León,Guadalupe,Urbano,https://postali.app/mx/nuevo-leon/guadalupe/los-faisanes-sector-platino
67169,Sabinitas,Colonia,Guadalupe,Nuevo León,Guadalupe,Urbano,https://postali.app/mx/nuevo-leon/guadalupe/sabinitas
67170,15 de Mayo,Colonia,Guadalupe,Nuevo León,Guadalupe,Urbano,https://postali.app/mx/nuevo-leon/guadalupe/15-de-mayo
67170,20 de Noviembre,Colonia,Guadalupe,Nuevo León,Guadalupe,Urbano,https://postali.app/mx/nuevo-leon/guadalupe/20-de-noviembre
67170,Camino Real,Colonia,Guadalupe,Nuevo León,Guadalupe,Urbano,https://postali.app/mx/nuevo-leon/guadalupe/camino-real
67170,Mirasol,Colonia,Guadalupe,Nuevo León,Guadalupe,Urbano,https://postali.app/mx/nuevo-leon/guadalupe/mirasol
67170,Olivas,Condominio,Guadalupe,Nuevo León,Guadalupe,Urbano,https://postali.app/mx/nuevo-leon/guadalupe/olivas
67170,Progreso,Colonia,Guadalupe,Nuevo León,Guadalupe,Urbano,https://postali.app/mx/nuevo-leon/guadalupe/progreso
67170,Residencial 15 de Mayo,Fraccionamiento,Guadalupe,Nuevo León,Guadalupe,Urbano,https://postali.app/mx/nuevo-leon/guadalupe/residencial-15-de-mayo
67173,Contry la Costa,Colonia,Guadalupe,Nuevo León,Guadalupe,Urbano,https://postali.app/mx/nuevo-leon/guadalupe/contry-la-costa
67173,Contry la Escondida,Colonia,Guadalupe,Nuevo León,Guadalupe,Urbano,https://postali.app/mx/nuevo-leon/guadalupe/contry-la-escondida
67173,Contry la Silla,Colonia,Guadalupe,Nuevo León,Guadalupe,Urbano,https://postali.app/mx/nuevo-leon/guadalupe/contry-la-silla
67173,Contry los Nogales,Colonia,Guadalupe,Nuevo León,Guadalupe,Urbano,https://postali.app/mx/nuevo-leon/guadalupe/contry-los-nogales
67173,Pedregal Contry,Colonia,Guadalupe,Nuevo León,Guadalupe,Urbano,https://postali.app/mx/nuevo-leon/guadalupe/pedregal-contry
67173,Punta Contry,Colonia,Guadalupe,Nuevo León,Guadalupe,Urbano,https://postali.app/mx/nuevo-leon/guadalupe/punta-contry
67173,Rincón Colonial la Silla,Colonia,Guadalupe,Nuevo León,Guadalupe,Urbano,https://postali.app/mx/nuevo-leon/guadalupe/rincon-colonial-la-silla
67173,Rincón de la Primavera,Colonia,Guadalupe,Nuevo León,Guadalupe,Urbano,https://postali.app/mx/nuevo-leon/guadalupe/rincon-de-la-primavera
67174,25 de Noviembre,Colonia,Guadalupe,Nuevo León,Guadalupe,Urbano,https://postali.app/mx/nuevo-leon/guadalupe/25-de-noviembre
67174,Atoyac de Álvarez,Colonia,Guadalupe,Nuevo León,Guadalupe,Urbano,https://postali.app/mx/nuevo-leon/guadalupe/atoyac-de-alvarez
67174,Bosques de la Pastora,Colonia,Guadalupe,Nuevo León,Guadalupe,Urbano,https://postali.app/mx/nuevo-leon/guadalupe/bosques-de-la-pastora
67174,Bosques del Contry,Colonia,Guadalupe,Nuevo León,Guadalupe,Urbano,https://postali.app/mx/nuevo-leon/guadalupe/bosques-del-contry
67174,Contry Sol,Colonia,Guadalupe,Nuevo León,Guadalupe,Urbano,https://postali.app/mx/nuevo-leon/guadalupe/contry-sol
67174,Las Águilas,Fraccionamiento,Guadalupe,Nuevo León,Guadalupe,Urbano,https://postali.app/mx/nuevo-leon/guadalupe/las-aguilas-67174
67174,Puesta del Sol,Colonia,Guadalupe,Nuevo León,Guadalupe,Urbano,https://postali.app/mx/nuevo-leon/guadalupe/puesta-del-sol
67174,Riberas del Contry,Colonia,Guadalupe,Nuevo León,Guadalupe,Urbano,https://postali.app/mx/nuevo-leon/guadalupe/riberas-del-contry
67174,Rincón del Contry,Colonia,Guadalupe,Nuevo León,Guadalupe,Urbano,https://postali.app/mx/nuevo-leon/guadalupe/rincon-del-contry
67174,Valle del Contry,Colonia,Guadalupe,Nuevo León,Guadalupe,Urbano,https://postali.app/mx/nuevo-leon/guadalupe/valle-del-contry
67174,Villa Pastora,Colonia,Guadalupe,Nuevo León,Guadalupe,Urbano,https://postali.app/mx/nuevo-leon/guadalupe/villa-pastora
67175,Felipe Ángeles,Colonia,Guadalupe,Nuevo León,Guadalupe,Urbano,https://postali.app/mx/nuevo-leon/guadalupe/felipe-angeles
67175,La Quinta,Colonia,Guadalupe,Nuevo León,Guadalupe,Urbano,https://postali.app/mx/nuevo-leon/guadalupe/la-quinta
67175,Las Villas,Colonia,Guadalupe,Nuevo León,Guadalupe,Urbano,https://postali.app/mx/nuevo-leon/guadalupe/las-villas
67175,Plan del Río,Colonia,Guadalupe,Nuevo León,Guadalupe,Urbano,https://postali.app/mx/nuevo-leon/guadalupe/plan-del-rio
67175,Tolteca,Colonia,Guadalupe,Nuevo León,Guadalupe,Urbano,https://postali.app/mx/nuevo-leon/guadalupe/tolteca
67176,Fresnos la Silla,Colonia,Guadalupe,Nuevo León,Guadalupe,Urbano,https://postali.app/mx/nuevo-leon/guadalupe/fresnos-la-silla
67176,Mirador de la Silla,Colonia,Guadalupe,Nuevo León,Guadalupe,Urbano,https://postali.app/mx/nuevo-leon/guadalupe/mirador-de-la-silla
67176,Privada los Sabinos,Fraccionamiento,Guadalupe,Nuevo León,Guadalupe,Urbano,https://postali.app/mx/nuevo-leon/guadalupe/privada-los-sabinos
67176,Ruiz Cortínes,Colonia,Guadalupe,Nuevo León,Guadalupe,Urbano,https://postali.app/mx/nuevo-leon/guadalupe/ruiz-cortines
67176,Valle Real,Colonia,Guadalupe,Nuevo León,Guadalupe,Urbano,https://postali.app/mx/nuevo-leon/guadalupe/valle-real
67176,Vivienda Popular,Colonia,Guadalupe,Nuevo León,Guadalupe,Urbano,https://postali.app/mx/nuevo-leon/guadalupe/vivienda-popular
67177,Altos San Roque (Fomerrey 26),Colonia,Guadalupe,Nuevo León,Guadalupe,Urbano,https://postali.app/mx/nuevo-leon/guadalupe/altos-san-roque-fomerrey-26
67177,Cerro de la Silla,Colonia,Guadalupe,Nuevo León,Guadalupe,Urbano,https://postali.app/mx/nuevo-leon/guadalupe/cerro-de-la-silla
67177,FOVISSSTE Camino Real,Colonia,Guadalupe,Nuevo León,Guadalupe,Urbano,https://postali.app/mx/nuevo-leon/guadalupe/fovissste-camino-real
67177,Galerías del Camino Real Primer Sector,Fraccionamiento,Guadalupe,Nuevo León,Guadalupe,Urbano,https://postali.app/mx/nuevo-leon/guadalupe/galerias-del-camino-real-primer-sector
67177,Galerías del Camino Real Segundo Sector,Fraccionamiento,Guadalupe,Nuevo León,Guadalupe,Urbano,https://postali.app/mx/nuevo-leon/guadalupe/galerias-del-camino-real-segundo-sector
67177,Lomas de la Silla (Fomerrey 14),Colonia,Guadalupe,Nuevo León,Guadalupe,Urbano,https://postali.app/mx/nuevo-leon/guadalupe/lomas-de-la-silla-fomerrey-14
67177,Residencial Real de la Silla,Fraccionamiento,Guadalupe,Nuevo León,Guadalupe,Urbano,https://postali.app/mx/nuevo-leon/guadalupe/residencial-real-de-la-silla
67177,Valle de Guadalupe,Colonia,Guadalupe,Nuevo León,Guadalupe,Urbano,https://postali.app/mx/nuevo-leon/guadalupe/valle-de-guadalupe
67178,Alfonso Martínez Domínguez,Colonia,Guadalupe,Nuevo León,Guadalupe,Urbano,https://postali.app/mx/nuevo-leon/guadalupe/alfonso-martinez-dominguez
67178,Contry los Encinos,Fraccionamiento,Guadalupe,Nuevo León,Guadalupe,Urbano,https://postali.app/mx/nuevo-leon/guadalupe/contry-los-encinos
67178,Granjitas la Silla,Colonia,Guadalupe,Nuevo León,Guadalupe,Urbano,https://postali.app/mx/nuevo-leon/guadalupe/granjitas-la-silla
67178,Jardines de Tolteca,Colonia,Guadalupe,Nuevo León,Guadalupe,Urbano,https://postali.app/mx/nuevo-leon/guadalupe/jardines-de-tolteca
67178,Lomas de Tolteca,Colonia,Guadalupe,Nuevo León,Guadalupe,Urbano,https://postali.app/mx/nuevo-leon/guadalupe/lomas-de-tolteca
67178,Los Canelos,Colonia,Guadalupe,Nuevo León,Guadalupe,Urbano,https://postali.app/mx/nuevo-leon/guadalupe/los-canelos
67178,Privadas de Contry,Fraccionamiento,Guadalupe,Nuevo León,Guadalupe,Urbano,https://postali.app/mx/nuevo-leon/guadalupe/privadas-de-contry
67179,Ignacio Allende,Colonia,Guadalupe,Nuevo León,Guadalupe,Urbano,https://postali.app/mx/nuevo-leon/guadalupe/ignacio-allende
67180,Burócratas Municipales,Colonia,Guadalupe,Nuevo León,Guadalupe,Urbano,https://postali.app/mx/nuevo-leon/guadalupe/burocratas-municipales
67180,Díaz Ordaz,Colonia,Guadalupe,Nuevo León,Guadalupe,Urbano,https://postali.app/mx/nuevo-leon/guadalupe/diaz-ordaz
67180,Fomerrey 20 (2 de Mayo),Colonia,Guadalupe,Nuevo León,Guadalupe,Urbano,https://postali.app/mx/nuevo-leon/guadalupe/fomerrey-20-2-de-mayo
67180,La Playa,Colonia,Guadalupe,Nuevo León,Guadalupe,Urbano,https://postali.app/mx/nuevo-leon/guadalupe/la-playa
67180,La Playita,Colonia,Guadalupe,Nuevo León,Guadalupe,Urbano,https://postali.app/mx/nuevo-leon/guadalupe/la-playita
67180,Miguel Hidalgo (Fomerrey 19),Colonia,Guadalupe,Nuevo León,Guadalupe,Urbano,https://postali.app/mx/nuevo-leon/guadalupe/miguel-hidalgo-fomerrey-19
67180,Parque San Andrés,Colonia,Guadalupe,Nuevo León,Guadalupe,Urbano,https://postali.app/mx/nuevo-leon/guadalupe/parque-san-andres
67180,Valles de la Silla,Colonia,Guadalupe,Nuevo León,Guadalupe,Urbano,https://postali.app/mx/nuevo-leon/guadalupe/valles-de-la-silla
67180,Villa de los Reyes,Colonia,Guadalupe,Nuevo León,Guadalupe,Urbano,https://postali.app/mx/nuevo-leon/guadalupe/villa-de-los-reyes
67180,Zertuche Segundo Sector,Colonia,Guadalupe,Nuevo León,Guadalupe,Urbano,https://postali.app/mx/nuevo-leon/guadalupe/zertuche-segundo-sector
67182,23 de Noviembre,Colonia,Guadalupe,Nuevo León,Guadalupe,Urbano,https://postali.app/mx/nuevo-leon/guadalupe/23-de-noviembre
67182,Almaguer,Colonia,Guadalupe,Nuevo León,Guadalupe,Urbano,https://postali.app/mx/nuevo-leon/guadalupe/almaguer
67182,Arboledas de la Silla,Colonia,Guadalupe,Nuevo León,Guadalupe,Urbano,https://postali.app/mx/nuevo-leon/guadalupe/arboledas-de-la-silla
67182,Cañón de la Silla,Colonia,Guadalupe,Nuevo León,Guadalupe,Urbano,https://postali.app/mx/nuevo-leon/guadalupe/canon-de-la-silla
67182,Colinas de Guadalupe,Colonia,Guadalupe,Nuevo León,Guadalupe,Urbano,https://postali.app/mx/nuevo-leon/guadalupe/colinas-de-guadalupe
67182,Colinas de la Silla,Colonia,Guadalupe,Nuevo León,Guadalupe,Urbano,https://postali.app/mx/nuevo-leon/guadalupe/colinas-de-la-silla
67182,El Peñón,Colonia,Guadalupe,Nuevo León,Guadalupe,Urbano,https://postali.app/mx/nuevo-leon/guadalupe/el-penon
67182,Encino de la Silla,Colonia,Guadalupe,Nuevo León,Guadalupe,Urbano,https://postali.app/mx/nuevo-leon/guadalupe/encino-de-la-silla
67182,Guadalupe Chávez,Colonia,Guadalupe,Nuevo León,Guadalupe,Urbano,https://postali.app/mx/nuevo-leon/guadalupe/guadalupe-chavez
67182,Morenita Guajardo,Colonia,Guadalupe,Nuevo León,Guadalupe,Urbano,https://postali.app/mx/nuevo-leon/guadalupe/morenita-guajardo
67182,Privada Vicente Ferrer,Colonia,Guadalupe,Nuevo León,Guadalupe,Urbano,https://postali.app/mx/nuevo-leon/guadalupe/privada-vicente-ferrer
67183,Ampliación México Nuevo,Colonia,Guadalupe,Nuevo León,Guadalupe,Urbano,https://postali.app/mx/nuevo-leon/guadalupe/ampliacion-mexico-nuevo
67183,Bosques de la Silla,Colonia,Guadalupe,Nuevo León,Guadalupe,Urbano,https://postali.app/mx/nuevo-leon/guadalupe/bosques-de-la-silla
67183,Campestre la Silla,Colonia,Guadalupe,Nuevo León,Guadalupe,Urbano,https://postali.app/mx/nuevo-leon/guadalupe/campestre-la-silla
67183,Garza Melo,Colonia,Guadalupe,Nuevo León,Guadalupe,Urbano,https://postali.app/mx/nuevo-leon/guadalupe/garza-melo
67183,Guajardo,Colonia,Guadalupe,Nuevo León,Guadalupe,Urbano,https://postali.app/mx/nuevo-leon/guadalupe/guajardo
67183,La Alianza de Ruteros,Colonia,Guadalupe,Nuevo León,Guadalupe,Urbano,https://postali.app/mx/nuevo-leon/guadalupe/la-alianza-de-ruteros
67183,Los Delfines,Colonia,Guadalupe,Nuevo León,Guadalupe,Urbano,https://postali.app/mx/nuevo-leon/guadalupe/los-delfines
67183,Luis Donaldo Colosio,Colonia,Guadalupe,Nuevo León,Guadalupe,Urbano,https://postali.app/mx/nuevo-leon/guadalupe/luis-donaldo-colosio
67183,Miguel de la Madrid,Colonia,Guadalupe,Nuevo León,Guadalupe,Urbano,https://postali.app/mx/nuevo-leon/guadalupe/miguel-de-la-madrid
67183,Nuevo México,Colonia,Guadalupe,Nuevo León,Guadalupe,Urbano,https://postali.app/mx/nuevo-leon/guadalupe/nuevo-mexico
67183,Villa Olímpica,Colonia,Guadalupe,Nuevo León,Guadalupe,Urbano,https://postali.app/mx/nuevo-leon/guadalupe/villa-olimpica
67184,Colibrí Tres,Colonia,Guadalupe,Nuevo León,Guadalupe,Urbano,https://postali.app/mx/nuevo-leon/guadalupe/colibri-tres
67184,Condado de Santa Lucía,Colonia,Guadalupe,Nuevo León,Guadalupe,Urbano,https://postali.app/mx/nuevo-leon/guadalupe/condado-de-santa-lucia
67184,Insurgentes,Colonia,Guadalupe,Nuevo León,Guadalupe,Urbano,https://postali.app/mx/nuevo-leon/guadalupe/insurgentes
67184,Jardines de Santa Clara,Colonia,Guadalupe,Nuevo León,Guadalupe,Urbano,https://postali.app/mx/nuevo-leon/guadalupe/jardines-de-santa-clara
67184,La Comedia,Colonia,Guadalupe,Nuevo León,Guadalupe,Urbano,https://postali.app/mx/nuevo-leon/guadalupe/la-comedia
67184,Pablo Livas,Colonia,Guadalupe,Nuevo León,Guadalupe,Urbano,https://postali.app/mx/nuevo-leon/guadalupe/pablo-livas
67184,San Cristóbal,Colonia,Guadalupe,Nuevo León,Guadalupe,Urbano,https://postali.app/mx/nuevo-leon/guadalupe/san-cristobal
67184,San Sebastián,Colonia,Guadalupe,Nuevo León,Guadalupe,Urbano,https://postali.app/mx/nuevo-leon/guadalupe/san-sebastian
67184,Santa Isabel,Colonia,Guadalupe,Nuevo León,Guadalupe,Urbano,https://postali.app/mx/nuevo-leon/guadalupe/santa-isabel
67184,Tacubaya,Colonia,Guadalupe,Nuevo León,Guadalupe,Urbano,https://postali.app/mx/nuevo-leon/guadalupe/tacubaya
67184,Valle de San Andrés,Fraccionamiento,Guadalupe,Nuevo León,Guadalupe,Urbano,https://postali.app/mx/nuevo-leon/guadalupe/valle-de-san-andres
67184,Valle San Roque,Fraccionamiento,Guadalupe,Nuevo León,Guadalupe,Urbano,https://postali.app/mx/nuevo-leon/guadalupe/valle-san-roque
67184,Vesta Park Guadalupe,Zona industrial,Guadalupe,Nuevo León,Guadalupe,Urbano,https://postali.app/mx/nuevo-leon/guadalupe/vesta-park-guadalupe
67184,Villa San Sebastián,Colonia,Guadalupe,Nuevo León,Guadalupe,Urbano,https://postali.app/mx/nuevo-leon/guadalupe/villa-san-sebastian
67184,Zertuche Primer Sector,Colonia,Guadalupe,Nuevo León,Guadalupe,Urbano,https://postali.app/mx/nuevo-leon/guadalupe/zertuche-primer-sector
67185,13 de Mayo,Colonia,Guadalupe,Nuevo León,Guadalupe,Urbano,https://postali.app/mx/nuevo-leon/guadalupe/13-de-mayo
67185,Agua Nueva,Colonia,Guadalupe,Nuevo León,Guadalupe,Urbano,https://postali.app/mx/nuevo-leon/guadalupe/agua-nueva
67185,Cerradas de la Silla,Colonia,Guadalupe,Nuevo León,Guadalupe,Urbano,https://postali.app/mx/nuevo-leon/guadalupe/cerradas-de-la-silla
67185,El Milagro,Colonia,Guadalupe,Nuevo León,Guadalupe,Urbano,https://postali.app/mx/nuevo-leon/guadalupe/el-milagro
67185,Fomerrey 32,Colonia,Guadalupe,Nuevo León,Guadalupe,Urbano,https://postali.app/mx/nuevo-leon/guadalupe/fomerrey-32
67185,Guadalupe Victoria,Colonia,Guadalupe,Nuevo León,Guadalupe,Urbano,https://postali.app/mx/nuevo-leon/guadalupe/guadalupe-victoria
67185,José Luis Mora,Colonia,Guadalupe,Nuevo León,Guadalupe,Urbano,https://postali.app/mx/nuevo-leon/guadalupe/jose-luis-mora
67185,La Roca,Colonia,Guadalupe,Nuevo León,Guadalupe,Urbano,https://postali.app/mx/nuevo-leon/guadalupe/la-roca
67185,Las Avenidas,Colonia,Guadalupe,Nuevo León,Guadalupe,Urbano,https://postali.app/mx/nuevo-leon/guadalupe/las-avenidas
67185,Parques de Guadalupe,Colonia,Guadalupe,Nuevo León,Guadalupe,Urbano,https://postali.app/mx/nuevo-leon/guadalupe/parques-de-guadalupe
67185,Rafael Ramírez Sector I,Colonia,Guadalupe,Nuevo León,Guadalupe,Urbano,https://postali.app/mx/nuevo-leon/guadalupe/rafael-ramirez-sector-i
67185,Rafael Ramírez Sector II,Colonia,Guadalupe,Nuevo León,Guadalupe,Urbano,https://postali.app/mx/nuevo-leon/guadalupe/rafael-ramirez-sector-ii
67185,Santa Clara,Fraccionamiento,Guadalupe,Nuevo León,Guadalupe,Urbano,https://postali.app/mx/nuevo-leon/guadalupe/santa-clara-67185
67186,Collados de Guadalupe Primer Sector,Fraccionamiento,Guadalupe,Nuevo León,Guadalupe,Urbano,https://postali.app/mx/nuevo-leon/guadalupe/collados-de-guadalupe-primer-sector
67186,Collados de Guadalupe Segundo Sector,Fraccionamiento,Guadalupe,Nuevo León,Guadalupe,Urbano,https://postali.app/mx/nuevo-leon/guadalupe/collados-de-guadalupe-segundo-sector
67186,Collados de Guadalupe Tercer Sector,Fraccionamiento,Guadalupe,Nuevo León,Guadalupe,Urbano,https://postali.app/mx/nuevo-leon/guadalupe/collados-de-guadalupe-tercer-sector
67186,Cuesta Verde,Colonia,Guadalupe,Nuevo León,Guadalupe,Urbano,https://postali.app/mx/nuevo-leon/guadalupe/cuesta-verde
67186,Gloria Mendiola,Colonia,Guadalupe,Nuevo León,Guadalupe,Urbano,https://postali.app/mx/nuevo-leon/guadalupe/gloria-mendiola
67186,Josefa Ortiz de Domínguez,Colonia,Guadalupe,Nuevo León,Guadalupe,Urbano,https://postali.app/mx/nuevo-leon/guadalupe/josefa-ortiz-de-dominguez
67186,Las Terrassas,Fraccionamiento,Guadalupe,Nuevo León,Guadalupe,Urbano,https://postali.app/mx/nuevo-leon/guadalupe/las-terrassas
67186,Loma Verde,Colonia,Guadalupe,Nuevo León,Guadalupe,Urbano,https://postali.app/mx/nuevo-leon/guadalupe/loma-verde
67186,Lomas de San Roque,Colonia,Guadalupe,Nuevo León,Guadalupe,Urbano,https://postali.app/mx/nuevo-leon/guadalupe/lomas-de-san-roque
67186,Lucio Blanco,Colonia,Guadalupe,Nuevo León,Guadalupe,Urbano,https://postali.app/mx/nuevo-leon/guadalupe/lucio-blanco
67186,Nuevo Almaguer,Colonia,Guadalupe,Nuevo León,Guadalupe,Urbano,https://postali.app/mx/nuevo-leon/guadalupe/nuevo-almaguer
67186,Praderas de la Silla,Fraccionamiento,Guadalupe,Nuevo León,Guadalupe,Urbano,https://postali.app/mx/nuevo-leon/guadalupe/praderas-de-la-silla
67186,Privada el Mirador,Fraccionamiento,Guadalupe,Nuevo León,Guadalupe,Urbano,https://postali.app/mx/nuevo-leon/guadalupe/privada-el-mirador
67186,San Eduardo,Colonia,Guadalupe,Nuevo León,Guadalupe,Urbano,https://postali.app/mx/nuevo-leon/guadalupe/san-eduardo
67186,Unidad Piloto,Unidad habitacional,Guadalupe,Nuevo León,Guadalupe,Urbano,https://postali.app/mx/nuevo-leon/guadalupe/unidad-piloto
67186,Valle la Silla,Colonia,Guadalupe,Nuevo León,Guadalupe,Urbano,https://postali.app/mx/nuevo-leon/guadalupe/valle-la-silla
67186,Vicente Ferrer,Colonia,Guadalupe,Nuevo León,Guadalupe,Urbano,https://postali.app/mx/nuevo-leon/guadalupe/vicente-ferrer
67188,Cerradas de Bugambilias,Colonia,Guadalupe,Nuevo León,Guadalupe,Urbano,https://postali.app/mx/nuevo-leon/guadalupe/cerradas-de-bugambilias
67188,Chula Vista,Colonia,Guadalupe,Nuevo León,Guadalupe,Urbano,https://postali.app/mx/nuevo-leon/guadalupe/chula-vista
67188,Los Lermas,Colonia,Guadalupe,Nuevo León,Guadalupe,Urbano,https://postali.app/mx/nuevo-leon/guadalupe/los-lermas
67188,Melchor Ocampo,Colonia,Guadalupe,Nuevo León,Guadalupe,Urbano,https://postali.app/mx/nuevo-leon/guadalupe/melchor-ocampo
67188,Nuevo San Sebastián,Colonia,Guadalupe,Nuevo León,Guadalupe,Urbano,https://postali.app/mx/nuevo-leon/guadalupe/nuevo-san-sebastian
67188,Rosalinda,Colonia,Guadalupe,Nuevo León,Guadalupe,Urbano,https://postali.app/mx/nuevo-leon/guadalupe/rosalinda
67188,Via Antigua,Fraccionamiento,Guadalupe,Nuevo León,Guadalupe,Urbano,https://postali.app/mx/nuevo-leon/guadalupe/via-antigua
67189,2 de Junio,Colonia,Guadalupe,Nuevo León,Guadalupe,Urbano,https://postali.app/mx/nuevo-leon/guadalupe/2-de-junio
67189,Colibrí Dos,Colonia,Guadalupe,Nuevo León,Guadalupe,Urbano,https://postali.app/mx/nuevo-leon/guadalupe/colibri-dos
67189,Los Ángeles,Colonia,Guadalupe,Nuevo León,Guadalupe,Urbano,https://postali.app/mx/nuevo-leon/guadalupe/los-angeles
67189,Residencial Colibrí,Colonia,Guadalupe,Nuevo León,Guadalupe,Urbano,https://postali.app/mx/nuevo-leon/guadalupe/residencial-colibri
67189,Santa Elena,Colonia,Guadalupe,Nuevo León,Guadalupe,Urbano,https://postali.app/mx/nuevo-leon/guadalupe/santa-elena
67189,Solidaridad,Colonia,Guadalupe,Nuevo León,Guadalupe,Urbano,https://postali.app/mx/nuevo-leon/guadalupe/solidaridad
67190,3 Caminos,Unidad habitacional,Guadalupe,Nuevo León,Guadalupe,Urbano,https://postali.app/mx/nuevo-leon/guadalupe/3-caminos
67190,3 Caminos Norte,Colonia,Guadalupe,Nuevo León,Guadalupe,Urbano,https://postali.app/mx/nuevo-leon/guadalupe/3-caminos-norte
67190,Cerro Azul,Colonia,Guadalupe,Nuevo León,Guadalupe,Urbano,https://postali.app/mx/nuevo-leon/guadalupe/cerro-azul
67190,Cerro de la Silla UC,Colonia,Guadalupe,Nuevo León,Guadalupe,Urbano,https://postali.app/mx/nuevo-leon/guadalupe/cerro-de-la-silla-uc
67190,División del Norte,Colonia,Guadalupe,Nuevo León,Guadalupe,Urbano,https://postali.app/mx/nuevo-leon/guadalupe/division-del-norte
67190,Guadalupe la Silla,Colonia,Guadalupe,Nuevo León,Guadalupe,Urbano,https://postali.app/mx/nuevo-leon/guadalupe/guadalupe-la-silla
67190,Lantana Privadas Residencial,Fraccionamiento,Guadalupe,Nuevo León,Guadalupe,Urbano,https://postali.app/mx/nuevo-leon/guadalupe/lantana-privadas-residencial
67190,Las Flores,Colonia,Guadalupe,Nuevo León,Guadalupe,Urbano,https://postali.app/mx/nuevo-leon/guadalupe/las-flores
67190,Niños Héroes,Colonia,Guadalupe,Nuevo León,Guadalupe,Urbano,https://postali.app/mx/nuevo-leon/guadalupe/ninos-heroes
67190,Parque Industrial Guadalupe,Zona industrial,Guadalupe,Nuevo León,Guadalupe,Urbano,https://postali.app/mx/nuevo-leon/guadalupe/parque-industrial-guadalupe
67190,Residencial Guadalupe,Fraccionamiento,Guadalupe,Nuevo León,Guadalupe,Urbano,https://postali.app/mx/nuevo-leon/guadalupe/residencial-guadalupe
67190,Reynosa,Colonia,Guadalupe,Nuevo León,Guadalupe,Urbano,https://postali.app/mx/nuevo-leon/guadalupe/reynosa
67190,Roble Santa María,Colonia,Guadalupe,Nuevo León,Guadalupe,Urbano,https://postali.app/mx/nuevo-leon/guadalupe/roble-santa-maria
67192,Bugambilias de la Sierra,Colonia,Guadalupe,Nuevo León,Guadalupe,Urbano,https://postali.app/mx/nuevo-leon/guadalupe/bugambilias-de-la-sierra
67192,Las Colinas,Colonia,Guadalupe,Nuevo León,Guadalupe,Urbano,https://postali.app/mx/nuevo-leon/guadalupe/las-colinas
67192,Las Palmas,Colonia,Guadalupe,Nuevo León,Guadalupe,Urbano,https://postali.app/mx/nuevo-leon/guadalupe/las-palmas
67192,Nueva Aurora,Colonia,Guadalupe,Nuevo León,Guadalupe,Urbano,https://postali.app/mx/nuevo-leon/guadalupe/nueva-aurora
67192,Rancho Viejo Sector Dos,Colonia,Guadalupe,Nuevo León,Guadalupe,Urbano,https://postali.app/mx/nuevo-leon/guadalupe/rancho-viejo-sector-dos
67192,Rancho Viejo Sector Uno,Colonia,Guadalupe,Nuevo León,Guadalupe,Urbano,https://postali.app/mx/nuevo-leon/guadalupe/rancho-viejo-sector-uno
67192,Valle de San Roque,Colonia,Guadalupe,Nuevo León,Guadalupe,Urbano,https://postali.app/mx/nuevo-leon/guadalupe/valle-de-san-roque
67193,Acueducto Guadalupe,Colonia,Guadalupe,Nuevo León,Guadalupe,Urbano,https://postali.app/mx/nuevo-leon/guadalupe/acueducto-guadalupe
67193,Jardines de Andalucía,Colonia,Guadalupe,Nuevo León,Guadalupe,Urbano,https://postali.app/mx/nuevo-leon/guadalupe/jardines-de-andalucia
67193,Misión Santa Fe,Colonia,Guadalupe,Nuevo León,Guadalupe,Urbano,https://postali.app/mx/nuevo-leon/guadalupe/mision-santa-fe
67193,Parque Industrial Acueducto,Zona industrial,Guadalupe,Nuevo León,Guadalupe,Urbano,https://postali.app/mx/nuevo-leon/guadalupe/parque-industrial-acueducto
67193,Sierra Morena,Colonia,Guadalupe,Nuevo León,Guadalupe,Urbano,https://postali.app/mx/nuevo-leon/guadalupe/sierra-morena
67194,Bosques del Rey,Colonia,Guadalupe,Nuevo León,Guadalupe,Urbano,https://postali.app/mx/nuevo-leon/guadalupe/bosques-del-rey
67194,Colinas del Rey,Colonia,Guadalupe,Nuevo León,Guadalupe,Urbano,https://postali.app/mx/nuevo-leon/guadalupe/colinas-del-rey
67194,La Escondida Residencial,Fraccionamiento,Guadalupe,Nuevo León,Guadalupe,Urbano,https://postali.app/mx/nuevo-leon/guadalupe/la-escondida-residencial
67194,Lomas del Rey,Fraccionamiento,Guadalupe,Nuevo León,Guadalupe,Urbano,https://postali.app/mx/nuevo-leon/guadalupe/lomas-del-rey
67194,Molino del Rey,Colonia,Guadalupe,Nuevo León,Guadalupe,Urbano,https://postali.app/mx/nuevo-leon/guadalupe/molino-del-rey
67194,México 86,Colonia,Guadalupe,Nuevo León,Guadalupe,Urbano,https://postali.app/mx/nuevo-leon/guadalupe/mexico-86
67194,Nosara Residencial,Fraccionamiento,Guadalupe,Nuevo León,Guadalupe,Urbano,https://postali.app/mx/nuevo-leon/guadalupe/nosara-residencial
67194,Portales de la Silla,Colonia,Guadalupe,Nuevo León,Guadalupe,Urbano,https://postali.app/mx/nuevo-leon/guadalupe/portales-de-la-silla
67194,Portales de la Silla Segundo Sector,Fraccionamiento,Guadalupe,Nuevo León,Guadalupe,Urbano,https://postali.app/mx/nuevo-leon/guadalupe/portales-de-la-silla-segundo-sector
67194,Privadas del Rey,Fraccionamiento,Guadalupe,Nuevo León,Guadalupe,Urbano,https://postali.app/mx/nuevo-leon/guadalupe/privadas-del-rey
67194,Rincón de la Sierra,Colonia,Guadalupe,Nuevo León,Guadalupe,Urbano,https://postali.app/mx/nuevo-leon/guadalupe/rincon-de-la-sierra
67195,Acacia Residencial,Fraccionamiento,Guadalupe,Nuevo León,Guadalupe,Urbano,https://postali.app/mx/nuevo-leon/guadalupe/acacia-residencial
67195,Ciudad CROC,Unidad habitacional,Guadalupe,Nuevo León,Guadalupe,Urbano,https://postali.app/mx/nuevo-leon/guadalupe/ciudad-croc
67195,Parque Industrial la Silla,Zona industrial,Guadalupe,Nuevo León,Guadalupe,Urbano,https://postali.app/mx/nuevo-leon/guadalupe/parque-industrial-la-silla
67195,Pedregal de Guadalupe,Colonia,Guadalupe,Nuevo León,Guadalupe,Urbano,https://postali.app/mx/nuevo-leon/guadalupe/pedregal-de-guadalupe
67195,Valles de Guadalupe,Unidad habitacional,Guadalupe,Nuevo León,Guadalupe,Urbano,https://postali.app/mx/nuevo-leon/guadalupe/valles-de-guadalupe
67195,Villa Alegre,Colonia,Guadalupe,Nuevo León,Guadalupe,Urbano,https://postali.app/mx/nuevo-leon/guadalupe/villa-alegre
67196,Jardines de Xochimilco,Colonia,Guadalupe,Nuevo León,Guadalupe,Urbano,https://postali.app/mx/nuevo-leon/guadalupe/jardines-de-xochimilco
67196,Las Escobas,Rancho,Guadalupe,Nuevo León,Guadalupe,Rural,https://postali.app/mx/nuevo-leon/guadalupe/las-escobas-67196
67196,Portal de Xochimilco,Colonia,Guadalupe,Nuevo León,Guadalupe,Urbano,https://postali.app/mx/nuevo-leon/guadalupe/portal-de-xochimilco
67196,Privadas de la Silla,Fraccionamiento,Guadalupe,Nuevo León,Guadalupe,Urbano,https://postali.app/mx/nuevo-leon/guadalupe/privadas-de-la-silla
67196,Rincón la Silla,Colonia,Guadalupe,Nuevo León,Guadalupe,Urbano,https://postali.app/mx/nuevo-leon/guadalupe/rincon-la-silla
67196,Valle del Sol,Colonia,Guadalupe,Nuevo León,Guadalupe,Urbano,https://postali.app/mx/nuevo-leon/guadalupe/valle-del-sol
67196,Xochimilco,Colonia,Guadalupe,Nuevo León,Guadalupe,Urbano,https://postali.app/mx/nuevo-leon/guadalupe/xochimilco
67197,Cortijo la Silla,Fraccionamiento,Guadalupe,Nuevo León,Guadalupe,Urbano,https://postali.app/mx/nuevo-leon/guadalupe/cortijo-la-silla
67197,Hacienda de Guadalupe,Colonia,Guadalupe,Nuevo León,Guadalupe,Urbano,https://postali.app/mx/nuevo-leon/guadalupe/hacienda-de-guadalupe
67197,Misión de la Silla,Fraccionamiento,Guadalupe,Nuevo León,Guadalupe,Urbano,https://postali.app/mx/nuevo-leon/guadalupe/mision-de-la-silla
67197,Tierra Propia Sector Dos,Colonia,Guadalupe,Nuevo León,Guadalupe,Urbano,https://postali.app/mx/nuevo-leon/guadalupe/tierra-propia-sector-dos
67197,Tierra Propia Sector Uno,Colonia,Guadalupe,Nuevo León,Guadalupe,Urbano,https://postali.app/mx/nuevo-leon/guadalupe/tierra-propia-sector-uno
67197,Valle de los Encinos,Colonia,Guadalupe,Nuevo León,Guadalupe,Urbano,https://postali.app/mx/nuevo-leon/guadalupe/valle-de-los-encinos
67198,Acapulco,Colonia,Guadalupe,Nuevo León,Guadalupe,Urbano,https://postali.app/mx/nuevo-leon/guadalupe/acapulco
67198,Carmen Serdán,Colonia,Guadalupe,Nuevo León,Guadalupe,Urbano,https://postali.app/mx/nuevo-leon/guadalupe/carmen-serdan
67198,Fomerrey Tres,Colonia,Guadalupe,Nuevo León,Guadalupe,Urbano,https://postali.app/mx/nuevo-leon/guadalupe/fomerrey-tres
67198,Nuevo Santa María,Fraccionamiento,Guadalupe,Nuevo León,Guadalupe,Urbano,https://postali.app/mx/nuevo-leon/guadalupe/nuevo-santa-maria
67198,Rincón de Guadalupe,Colonia,Guadalupe,Nuevo León,Guadalupe,Urbano,https://postali.app/mx/nuevo-leon/guadalupe/rincon-de-guadalupe
67198,Santa María,Colonia,Guadalupe,Nuevo León,Guadalupe,Urbano,https://postali.app/mx/nuevo-leon/guadalupe/santa-maria
67198,SCOP,Colonia,Guadalupe,Nuevo León,Guadalupe,Urbano,https://postali.app/mx/nuevo-leon/guadalupe/scop
67199,Hacienda la Silla,Colonia,Guadalupe,Nuevo León,Guadalupe,Urbano,https://postali.app/mx/nuevo-leon/guadalupe/hacienda-la-silla
67199,Los Independientes,Colonia,Guadalupe,Nuevo León,Guadalupe,Urbano,https://postali.app/mx/nuevo-leon/guadalupe/los-independientes
67199,Paseo de Guadalupe,Fraccionamiento,Guadalupe,Nuevo León,Guadalupe,Urbano,https://postali.app/mx/nuevo-leon/guadalupe/paseo-de-guadalupe
67199,SCT,Colonia,Guadalupe,Nuevo León,Guadalupe,Urbano,https://postali.app/mx/nuevo-leon/guadalupe/sct
67200,31 de Diciembre,Colonia,Guadalupe,Nuevo León,Guadalupe,Urbano,https://postali.app/mx/nuevo-leon/guadalupe/31-de-diciembre
67200,Ciudad CNOP,Colonia,Guadalupe,Nuevo León,Guadalupe,Urbano,https://postali.app/mx/nuevo-leon/guadalupe/ciudad-cnop
67200,Evolución,Fraccionamiento,Guadalupe,Nuevo León,Guadalupe,Urbano,https://postali.app/mx/nuevo-leon/guadalupe/evolucion
67200,Nuevo Tamaulipas,Colonia,Guadalupe,Nuevo León,Guadalupe,Urbano,https://postali.app/mx/nuevo-leon/guadalupe/nuevo-tamaulipas
67200,Puerta del Sol,Colonia,Guadalupe,Nuevo León,Guadalupe,Urbano,https://postali.app/mx/nuevo-leon/guadalupe/puerta-del-sol
67200,Tamaulipas,Colonia,Guadalupe,Nuevo León,Guadalupe,Urbano,https://postali.app/mx/nuevo-leon/guadalupe/tamaulipas
67202,5 de Enero (La Cuchilla),Colonia,Guadalupe,Nuevo León,Guadalupe,Urbano,https://postali.app/mx/nuevo-leon/guadalupe/5-de-enero-la-cuchilla
67202,La Trinidad,Colonia,Guadalupe,Nuevo León,Guadalupe,Urbano,https://postali.app/mx/nuevo-leon/guadalupe/la-trinidad
67202,Miguel Hidalgo,Colonia,Guadalupe,Nuevo León,Guadalupe,Urbano,https://postali.app/mx/nuevo-leon/guadalupe/miguel-hidalgo
67202,Nuevo León,Colonia,Guadalupe,Nuevo León,Guadalupe,Urbano,https://postali.app/mx/nuevo-leon/guadalupe/nuevo-leon
67202,Residencial Santa María,Fraccionamiento,Guadalupe,Nuevo León,Guadalupe,Urbano,https://postali.app/mx/nuevo-leon/guadalupe/residencial-santa-maria
67202,Sandra Saavedra,Colonia,Guadalupe,Nuevo León,Guadalupe,Urbano,https://postali.app/mx/nuevo-leon/guadalupe/sandra-saavedra
67203,Hacienda San Sebastián,Colonia,Guadalupe,Nuevo León,Guadalupe,Urbano,https://postali.app/mx/nuevo-leon/guadalupe/hacienda-san-sebastian
67203,María Teresa,Colonia,Guadalupe,Nuevo León,Guadalupe,Urbano,https://postali.app/mx/nuevo-leon/guadalupe/maria-teresa
67203,Oasis Residencial,Fraccionamiento,Guadalupe,Nuevo León,Guadalupe,Urbano,https://postali.app/mx/nuevo-leon/guadalupe/oasis-residencial
67203,Praderas de Guadalupe,Colonia,Guadalupe,Nuevo León,Guadalupe,Urbano,https://postali.app/mx/nuevo-leon/guadalupe/praderas-de-guadalupe
67203,Vaquerías,Colonia,Guadalupe,Nuevo León,Guadalupe,Urbano,https://postali.app/mx/nuevo-leon/guadalupe/vaquerias
67204,Crispín Treviño,Colonia,Guadalupe,Nuevo León,Guadalupe,Urbano,https://postali.app/mx/nuevo-leon/guadalupe/crispin-trevino
67204,David Cavazos,Colonia,Guadalupe,Nuevo León,Guadalupe,Urbano,https://postali.app/mx/nuevo-leon/guadalupe/david-cavazos
67204,Huerta de Guadalupe,Colonia,Guadalupe,Nuevo León,Guadalupe,Urbano,https://postali.app/mx/nuevo-leon/guadalupe/huerta-de-guadalupe
67204,Industrial la Silla,Zona industrial,Guadalupe,Nuevo León,Guadalupe,Urbano,https://postali.app/mx/nuevo-leon/guadalupe/industrial-la-silla
67204,Los Manantiales,Colonia,Guadalupe,Nuevo León,Guadalupe,Urbano,https://postali.app/mx/nuevo-leon/guadalupe/los-manantiales
67204,Privada Villas del Río,Fraccionamiento,Guadalupe,Nuevo León,Guadalupe,Urbano,https://postali.app/mx/nuevo-leon/guadalupe/privada-villas-del-rio
67204,Villas del Río,Colonia,Guadalupe,Nuevo León,Guadalupe,Urbano,https://postali.app/mx/nuevo-leon/guadalupe/villas-del-rio-67204
67205,29 de Julio,Colonia,Guadalupe,Nuevo León,Guadalupe,Urbano,https://postali.app/mx/nuevo-leon/guadalupe/29-de-julio
67205,Fuentes de Guadalupe,Fraccionamiento,Guadalupe,Nuevo León,Guadalupe,Urbano,https://postali.app/mx/nuevo-leon/guadalupe/fuentes-de-guadalupe
67205,Kalos Guadalupe,Zona industrial,Guadalupe,Nuevo León,Guadalupe,Urbano,https://postali.app/mx/nuevo-leon/guadalupe/kalos-guadalupe
67205,Misión Santa Cruz,Colonia,Guadalupe,Nuevo León,Guadalupe,Urbano,https://postali.app/mx/nuevo-leon/guadalupe/mision-santa-cruz
67205,Privadas Masai,Fraccionamiento,Guadalupe,Nuevo León,Guadalupe,Urbano,https://postali.app/mx/nuevo-leon/guadalupe/privadas-masai
67205,Rincón de los Sabinos,Colonia,Guadalupe,Nuevo León,Guadalupe,Urbano,https://postali.app/mx/nuevo-leon/guadalupe/rincon-de-los-sabinos
67205,Santa Cruz,Colonia,Guadalupe,Nuevo León,Guadalupe,Urbano,https://postali.app/mx/nuevo-leon/guadalupe/santa-cruz
67250,Ciudad Benito Juárez Centro,Colonia,Juárez,Nuevo León,Ciudad Benito Juárez,Urbano,https://postali.app/mx/nuevo-leon/juarez/ciudad-benito-juarez-centro
67250,Hacienda San José,Fraccionamiento,Juárez,Nuevo León,Ciudad Benito Juárez,Urbano,https://postali.app/mx/nuevo-leon/juarez/hacienda-san-jose
67250,Hacienda Santa Lucía,Colonia,Juárez,Nuevo León,Ciudad Benito Juárez,Urbano,https://postali.app/mx/nuevo-leon/juarez/hacienda-santa-lucia
67253,INFONAVIT Benito Juárez,Unidad habitacional,Juárez,Nuevo León,Ciudad Benito Juárez,Urbano,https://postali.app/mx/nuevo-leon/juarez/infonavit-benito-juarez
67253,Riberas de Santa María,Fraccionamiento,Juárez,Nuevo León,Ciudad Benito Juárez,Urbano,https://postali.app/mx/nuevo-leon/juarez/riberas-de-santa-maria
67254,La Ciudadela Sector Real de San José,Fraccionamiento,Juárez,Nuevo León,Ciudad Benito Juárez,Urbano,https://postali.app/mx/nuevo-leon/juarez/la-ciudadela-sector-real-de-san-jose
67254,La Ciudadela Sector Villas de San Juan,Fraccionamiento,Juárez,Nuevo León,Ciudad Benito Juárez,Urbano,https://postali.app/mx/nuevo-leon/juarez/la-ciudadela-sector-villas-de-san-juan
67254,Lomas Del Sol,Colonia,Juárez,Nuevo León,Ciudad Benito Juárez,Urbano,https://postali.app/mx/nuevo-leon/juarez/lomas-del-sol
67254,Los Alcatraces,Colonia,Juárez,Nuevo León,Ciudad Benito Juárez,Urbano,https://postali.app/mx/nuevo-leon/juarez/los-alcatraces
67254,Mirador de la Montaña,Colonia,Juárez,Nuevo León,Ciudad Benito Juárez,Rural,https://postali.app/mx/nuevo-leon/juarez/mirador-de-la-montana
67254,Mirador del Parque,Fraccionamiento,Juárez,Nuevo León,Ciudad Benito Juárez,Urbano,https://postali.app/mx/nuevo-leon/juarez/mirador-del-parque
67254,Privada Veralta,Fraccionamiento,Juárez,Nuevo León,Ciudad Benito Juárez,Urbano,https://postali.app/mx/nuevo-leon/juarez/privada-veralta
67254,Riberas de la Morena,Fraccionamiento,Juárez,Nuevo León,Ciudad Benito Juárez,Urbano,https://postali.app/mx/nuevo-leon/juarez/riberas-de-la-morena
67254,Rinconada San Juan,Fraccionamiento,Juárez,Nuevo León,Ciudad Benito Juárez,Urbano,https://postali.app/mx/nuevo-leon/juarez/rinconada-san-juan
67254,Villas de San José,Fraccionamiento,Juárez,Nuevo León,Ciudad Benito Juárez,Urbano,https://postali.app/mx/nuevo-leon/juarez/villas-de-san-jose
67255,Cerradas Diamante,Fraccionamiento,Juárez,Nuevo León,Ciudad Benito Juárez,Urbano,https://postali.app/mx/nuevo-leon/juarez/cerradas-diamante
67255,Mirador San Antonio,Fraccionamiento,Juárez,Nuevo León,Ciudad Benito Juárez,Urbano,https://postali.app/mx/nuevo-leon/juarez/mirador-san-antonio
67255,San Antonio,Colonia,Juárez,Nuevo León,Ciudad Benito Juárez,Rural,https://postali.app/mx/nuevo-leon/juarez/san-antonio
67255,Solaris,Fraccionamiento,Juárez,Nuevo León,Ciudad Benito Juárez,Urbano,https://postali.app/mx/nuevo-leon/juarez/solaris
67255,Villa Palmanova,Fraccionamiento,Juárez,Nuevo León,Ciudad Benito Juárez,Urbano,https://postali.app/mx/nuevo-leon/juarez/villa-palmanova
67256,Ejido Juárez,Colonia,Juárez,Nuevo León,Ciudad Benito Juárez,Urbano,https://postali.app/mx/nuevo-leon/juarez/ejido-juarez
67256,Las Vistas,Fraccionamiento,Juárez,Nuevo León,Ciudad Benito Juárez,Urbano,https://postali.app/mx/nuevo-leon/juarez/las-vistas
67256,Morava,Fraccionamiento,Juárez,Nuevo León,Ciudad Benito Juárez,Urbano,https://postali.app/mx/nuevo-leon/juarez/morava
67256,Oporto,Fraccionamiento,Juárez,Nuevo León,Ciudad Benito Juárez,Urbano,https://postali.app/mx/nuevo-leon/juarez/oporto
67256,Portoalegre,Fraccionamiento,Juárez,Nuevo León,Ciudad Benito Juárez,Urbano,https://postali.app/mx/nuevo-leon/juarez/portoalegre
67256,Privada San Fernando,Fraccionamiento,Juárez,Nuevo León,Ciudad Benito Juárez,Urbano,https://postali.app/mx/nuevo-leon/juarez/privada-san-fernando
67256,San Cristóbal,Fraccionamiento,Juárez,Nuevo León,Ciudad Benito Juárez,Urbano,https://postali.app/mx/nuevo-leon/juarez/san-cristobal
67256,URBI Villa del Real,Fraccionamiento,Juárez,Nuevo León,Ciudad Benito Juárez,Urbano,https://postali.app/mx/nuevo-leon/juarez/urbi-villa-del-real
67256,Valle de Oporto,Fraccionamiento,Juárez,Nuevo León,Ciudad Benito Juárez,Urbano,https://postali.app/mx/nuevo-leon/juarez/valle-de-oporto
67256,Valle Santa Isabel,Colonia,Juárez,Nuevo León,Ciudad Benito Juárez,Urbano,https://postali.app/mx/nuevo-leon/juarez/valle-santa-isabel
67256,Villa del Real,Fraccionamiento,Juárez,Nuevo León,Ciudad Benito Juárez,Urbano,https://postali.app/mx/nuevo-leon/juarez/villa-del-real
67257,Calderón,Colonia,Juárez,Nuevo León,Ciudad Benito Juárez,Urbano,https://postali.app/mx/nuevo-leon/juarez/calderon
67257,Coahuila,Colonia,Juárez,Nuevo León,Ciudad Benito Juárez,Urbano,https://postali.app/mx/nuevo-leon/juarez/coahuila
67257,Colinas Del Sol,Fraccionamiento,Juárez,Nuevo León,Ciudad Benito Juárez,Urbano,https://postali.app/mx/nuevo-leon/juarez/colinas-del-sol
67257,El Sabinal,Fraccionamiento,Juárez,Nuevo León,Ciudad Benito Juárez,Urbano,https://postali.app/mx/nuevo-leon/juarez/el-sabinal
67257,Joyas de San Roque,Fraccionamiento,Juárez,Nuevo León,Ciudad Benito Juárez,Urbano,https://postali.app/mx/nuevo-leon/juarez/joyas-de-san-roque
67257,Las Lomas Residencial,Fraccionamiento,Juárez,Nuevo León,Ciudad Benito Juárez,Urbano,https://postali.app/mx/nuevo-leon/juarez/las-lomas-residencial
67257,Las Sabinas,Colonia,Juárez,Nuevo León,Ciudad Benito Juárez,Urbano,https://postali.app/mx/nuevo-leon/juarez/las-sabinas
67257,Las Sabinitas,Colonia,Juárez,Nuevo León,Ciudad Benito Juárez,Urbano,https://postali.app/mx/nuevo-leon/juarez/las-sabinitas
67257,Monte Verde,Colonia,Juárez,Nuevo León,Ciudad Benito Juárez,Urbano,https://postali.app/mx/nuevo-leon/juarez/monte-verde
67257,Privadas del Rey,Fraccionamiento,Juárez,Nuevo León,Ciudad Benito Juárez,Urbano,https://postali.app/mx/nuevo-leon/juarez/privadas-del-rey
67257,Privadas Sierra Morena,Fraccionamiento,Juárez,Nuevo León,Ciudad Benito Juárez,Urbano,https://postali.app/mx/nuevo-leon/juarez/privadas-sierra-morena
67257,Quinta las Sabinas,Fraccionamiento,Juárez,Nuevo León,Ciudad Benito Juárez,Urbano,https://postali.app/mx/nuevo-leon/juarez/quinta-las-sabinas
67257,Reforma,Colonia,Juárez,Nuevo León,Ciudad Benito Juárez,Urbano,https://postali.app/mx/nuevo-leon/juarez/reforma
67257,Reforma Guadalupe,Colonia,Juárez,Nuevo León,Ciudad Benito Juárez,Urbano,https://postali.app/mx/nuevo-leon/juarez/reforma-guadalupe
67257,Residencial Punta Esmeralda,Fraccionamiento,Juárez,Nuevo León,Ciudad Benito Juárez,Urbano,https://postali.app/mx/nuevo-leon/juarez/residencial-punta-esmeralda
67257,Sinaí Residencial,Fraccionamiento,Juárez,Nuevo León,Ciudad Benito Juárez,Urbano,https://postali.app/mx/nuevo-leon/juarez/sinai-residencial
67257,Valle del Virrey,Fraccionamiento,Juárez,Nuevo León,Ciudad Benito Juárez,Urbano,https://postali.app/mx/nuevo-leon/juarez/valle-del-virrey
67257,Valmoral,Fraccionamiento,Juárez,Nuevo León,Ciudad Benito Juárez,Urbano,https://postali.app/mx/nuevo-leon/juarez/valmoral
67258,Anzures,Fraccionamiento,Juárez,Nuevo León,Ciudad Benito Juárez,Urbano,https://postali.app/mx/nuevo-leon/juarez/anzures
67258,Anzures Ventura,Fraccionamiento,Juárez,Nuevo León,Ciudad Benito Juárez,Urbano,https://postali.app/mx/nuevo-leon/juarez/anzures-ventura
67258,La Toscana,Fraccionamiento,Juárez,Nuevo León,Ciudad Benito Juárez,Urbano,https://postali.app/mx/nuevo-leon/juarez/la-toscana
67258,Lomas Anzures,Fraccionamiento,Juárez,Nuevo León,Ciudad Benito Juárez,Urbano,https://postali.app/mx/nuevo-leon/juarez/lomas-anzures
67258,Lomas de Fátima,Fraccionamiento,Juárez,Nuevo León,Ciudad Benito Juárez,Urbano,https://postali.app/mx/nuevo-leon/juarez/lomas-de-fatima
67258,Los Puertos,Fraccionamiento,Juárez,Nuevo León,Ciudad Benito Juárez,Urbano,https://postali.app/mx/nuevo-leon/juarez/los-puertos
67258,Los Puertos Cuarto Sector,Fraccionamiento,Juárez,Nuevo León,Ciudad Benito Juárez,Urbano,https://postali.app/mx/nuevo-leon/juarez/los-puertos-cuarto-sector
67258,Los Puertos Tercer Sector,Fraccionamiento,Juárez,Nuevo León,Ciudad Benito Juárez,Urbano,https://postali.app/mx/nuevo-leon/juarez/los-puertos-tercer-sector
67258,Nápoles,Fraccionamiento,Juárez,Nuevo León,Ciudad Benito Juárez,Urbano,https://postali.app/mx/nuevo-leon/juarez/napoles
67258,Valparaíso,Fraccionamiento,Juárez,Nuevo León,Ciudad Benito Juárez,Urbano,https://postali.app/mx/nuevo-leon/juarez/valparaiso
67258,Villas Anzures,Fraccionamiento,Juárez,Nuevo León,Ciudad Benito Juárez,Urbano,https://postali.app/mx/nuevo-leon/juarez/villas-anzures
67260,20 de Septiembre,Colonia,Juárez,Nuevo León,Ciudad Benito Juárez,Urbano,https://postali.app/mx/nuevo-leon/juarez/20-de-septiembre
67260,Fomerrey 131,Unidad habitacional,Juárez,Nuevo León,Ciudad Benito Juárez,Urbano,https://postali.app/mx/nuevo-leon/juarez/fomerrey-131
67260,Paseo Andaluz,Fraccionamiento,Juárez,Nuevo León,Ciudad Benito Juárez,Urbano,https://postali.app/mx/nuevo-leon/juarez/paseo-andaluz
67260,Paseo de las Lomas,Fraccionamiento,Juárez,Nuevo León,Ciudad Benito Juárez,Urbano,https://postali.app/mx/nuevo-leon/juarez/paseo-de-las-lomas
67260,Paseo Santa Fe,Fraccionamiento,Juárez,Nuevo León,Ciudad Benito Juárez,Urbano,https://postali.app/mx/nuevo-leon/juarez/paseo-santa-fe
67262,Almira,Fraccionamiento,Juárez,Nuevo León,Ciudad Benito Juárez,Urbano,https://postali.app/mx/nuevo-leon/juarez/almira
67262,Arboledas del Parque,Fraccionamiento,Juárez,Nuevo León,Ciudad Benito Juárez,Urbano,https://postali.app/mx/nuevo-leon/juarez/arboledas-del-parque
67262,Colinas de San Juan,Fraccionamiento,Juárez,Nuevo León,Ciudad Benito Juárez,Urbano,https://postali.app/mx/nuevo-leon/juarez/colinas-de-san-juan
67262,Doce de Octubre,Colonia,Juárez,Nuevo León,Ciudad Benito Juárez,Rural,https://postali.app/mx/nuevo-leon/juarez/doce-de-octubre
67262,Fuente de Piedra,Fraccionamiento,Juárez,Nuevo León,Ciudad Benito Juárez,Urbano,https://postali.app/mx/nuevo-leon/juarez/fuente-de-piedra
67262,Hacienda la Morena,Fraccionamiento,Juárez,Nuevo León,Ciudad Benito Juárez,Urbano,https://postali.app/mx/nuevo-leon/juarez/hacienda-la-morena
67262,Hacienda los Tulipanes,Fraccionamiento,Juárez,Nuevo León,Ciudad Benito Juárez,Urbano,https://postali.app/mx/nuevo-leon/juarez/hacienda-los-tulipanes
67262,Ismael Flores,Colonia,Juárez,Nuevo León,Ciudad Benito Juárez,Rural,https://postali.app/mx/nuevo-leon/juarez/ismael-flores
67262,Jardines de la Fuente,Fraccionamiento,Juárez,Nuevo León,Ciudad Benito Juárez,Urbano,https://postali.app/mx/nuevo-leon/juarez/jardines-de-la-fuente
67262,La Luz (La Posta),Rancho,Juárez,Nuevo León,Ciudad Benito Juárez,Rural,https://postali.app/mx/nuevo-leon/juarez/la-luz-la-posta
67262,Privadas de San Pablo,Fraccionamiento,Juárez,Nuevo León,Ciudad Benito Juárez,Urbano,https://postali.app/mx/nuevo-leon/juarez/privadas-de-san-pablo
67262,Residencial San Antonio,Fraccionamiento,Juárez,Nuevo León,Ciudad Benito Juárez,Urbano,https://postali.app/mx/nuevo-leon/juarez/residencial-san-antonio
67262,San Antonio,Colonia,Juárez,Nuevo León,Ciudad Benito Juárez,Urbano,https://postali.app/mx/nuevo-leon/juarez/san-antonio-67262
67262,San José,Colonia,Juárez,Nuevo León,Ciudad Benito Juárez,Rural,https://postali.app/mx/nuevo-leon/juarez/san-jose
67262,Sierra Nogal,Fraccionamiento,Juárez,Nuevo León,Ciudad Benito Juárez,Urbano,https://postali.app/mx/nuevo-leon/juarez/sierra-nogal
67262,Villas de San Antonio,Fraccionamiento,Juárez,Nuevo León,Ciudad Benito Juárez,Urbano,https://postali.app/mx/nuevo-leon/juarez/villas-de-san-antonio
67265,Bosques del Seminario,Fraccionamiento,Juárez,Nuevo León,Ciudad Benito Juárez,Urbano,https://postali.app/mx/nuevo-leon/juarez/bosques-del-seminario
67265,Colinas Del Vergel,Colonia,Juárez,Nuevo León,Ciudad Benito Juárez,Urbano,https://postali.app/mx/nuevo-leon/juarez/colinas-del-vergel
67265,Del Abuelo,Rancho,Juárez,Nuevo León,Ciudad Benito Juárez,Rural,https://postali.app/mx/nuevo-leon/juarez/del-abuelo
67265,Hacienda Escondida,Fraccionamiento,Juárez,Nuevo León,Ciudad Benito Juárez,Urbano,https://postali.app/mx/nuevo-leon/juarez/hacienda-escondida
67265,La Ciudadela,Colonia,Juárez,Nuevo León,Ciudad Benito Juárez,Urbano,https://postali.app/mx/nuevo-leon/juarez/la-ciudadela
67265,Las Lomas,Colonia,Juárez,Nuevo León,Ciudad Benito Juárez,Urbano,https://postali.app/mx/nuevo-leon/juarez/las-lomas
67265,Las Quintas Residencial,Colonia,Juárez,Nuevo León,Ciudad Benito Juárez,Urbano,https://postali.app/mx/nuevo-leon/juarez/las-quintas-residencial
67265,Los Huertos,Colonia,Juárez,Nuevo León,Ciudad Benito Juárez,Rural,https://postali.app/mx/nuevo-leon/juarez/los-huertos
67265,Paraje Juárez,Colonia,Juárez,Nuevo León,Ciudad Benito Juárez,Urbano,https://postali.app/mx/nuevo-leon/juarez/paraje-juarez
67265,Praderas de Oriente,Fraccionamiento,Juárez,Nuevo León,Ciudad Benito Juárez,Urbano,https://postali.app/mx/nuevo-leon/juarez/praderas-de-oriente
67265,Privadas de San Mateo,Fraccionamiento,Juárez,Nuevo León,Ciudad Benito Juárez,Urbano,https://postali.app/mx/nuevo-leon/juarez/privadas-de-san-mateo
67265,Privadas los Cyranos Primer Sector,Fraccionamiento,Juárez,Nuevo León,Ciudad Benito Juárez,Urbano,https://postali.app/mx/nuevo-leon/juarez/privadas-los-cyranos-primer-sector
67265,Privadas los Ébanos,Fraccionamiento,Juárez,Nuevo León,Ciudad Benito Juárez,Urbano,https://postali.app/mx/nuevo-leon/juarez/privadas-los-ebanos
67265,Residencial los Huertos,Fraccionamiento,Juárez,Nuevo León,Ciudad Benito Juárez,Urbano,https://postali.app/mx/nuevo-leon/juarez/residencial-los-huertos
67266,El Mirador,Colonia,Juárez,Nuevo León,Ciudad Benito Juárez,Urbano,https://postali.app/mx/nuevo-leon/juarez/el-mirador
67266,Hacienda Real,Fraccionamiento,Juárez,Nuevo León,Ciudad Benito Juárez,Urbano,https://postali.app/mx/nuevo-leon/juarez/hacienda-real
67266,La Paz (Camino a la Paz),Rancho,Juárez,Nuevo León,Ciudad Benito Juárez,Rural,https://postali.app/mx/nuevo-leon/juarez/la-paz-camino-a-la-paz
67266,Los Cántaros,Fraccionamiento,Juárez,Nuevo León,Ciudad Benito Juárez,Urbano,https://postali.app/mx/nuevo-leon/juarez/los-cantaros
67266,Navara,Fraccionamiento,Juárez,Nuevo León,Ciudad Benito Juárez,Urbano,https://postali.app/mx/nuevo-leon/juarez/navara
67266,Portal de Juárez,Fraccionamiento,Juárez,Nuevo León,Ciudad Benito Juárez,Urbano,https://postali.app/mx/nuevo-leon/juarez/portal-de-juarez
67266,Portal de San Roberto,Fraccionamiento,Juárez,Nuevo León,Ciudad Benito Juárez,Urbano,https://postali.app/mx/nuevo-leon/juarez/portal-de-san-roberto
67266,Privadas Cantabria,Fraccionamiento,Juárez,Nuevo León,Ciudad Benito Juárez,Urbano,https://postali.app/mx/nuevo-leon/juarez/privadas-cantabria
67266,Privadas los Cyranos Segundo Sector,Fraccionamiento,Juárez,Nuevo León,Ciudad Benito Juárez,Urbano,https://postali.app/mx/nuevo-leon/juarez/privadas-los-cyranos-segundo-sector
67266,San Miguelito,Fraccionamiento,Juárez,Nuevo León,Ciudad Benito Juárez,Urbano,https://postali.app/mx/nuevo-leon/juarez/san-miguelito
67266,San Patricio y Alba,Fraccionamiento,Juárez,Nuevo León,Ciudad Benito Juárez,Urbano,https://postali.app/mx/nuevo-leon/juarez/san-patricio-y-alba
67266,Valle del Seminario,Fraccionamiento,Juárez,Nuevo León,Ciudad Benito Juárez,Urbano,https://postali.app/mx/nuevo-leon/juarez/valle-del-seminario
67266,Villa Alborada,Fraccionamiento,Juárez,Nuevo León,Ciudad Benito Juárez,Urbano,https://postali.app/mx/nuevo-leon/juarez/villa-alborada
67266,Vistas de San Juan,Fraccionamiento,Juárez,Nuevo León,Ciudad Benito Juárez,Urbano,https://postali.app/mx/nuevo-leon/juarez/vistas-de-san-juan
67267,El Ancon,Colonia,Juárez,Nuevo León,Ciudad Benito Juárez,Urbano,https://postali.app/mx/nuevo-leon/juarez/el-ancon
67267,Fuentes de Juárez,Colonia,Juárez,Nuevo León,Ciudad Benito Juárez,Urbano,https://postali.app/mx/nuevo-leon/juarez/fuentes-de-juarez
67267,Garza y Garza,Colonia,Juárez,Nuevo León,Ciudad Benito Juárez,Urbano,https://postali.app/mx/nuevo-leon/juarez/garza-y-garza
67267,Hacienda de Juárez,Fraccionamiento,Juárez,Nuevo León,Ciudad Benito Juárez,Urbano,https://postali.app/mx/nuevo-leon/juarez/hacienda-de-juarez
67267,Hacienda de Villa de Juárez,Fraccionamiento,Juárez,Nuevo León,Ciudad Benito Juárez,Urbano,https://postali.app/mx/nuevo-leon/juarez/hacienda-de-villa-de-juarez
67267,Hacienda San Benito,Fraccionamiento,Juárez,Nuevo León,Ciudad Benito Juárez,Urbano,https://postali.app/mx/nuevo-leon/juarez/hacienda-san-benito
67267,INFONAVIT Francisco Villa,Unidad habitacional,Juárez,Nuevo León,Ciudad Benito Juárez,Urbano,https://postali.app/mx/nuevo-leon/juarez/infonavit-francisco-villa
67267,INFONAVIT Valle del Oriente,Fraccionamiento,Juárez,Nuevo León,Ciudad Benito Juárez,Urbano,https://postali.app/mx/nuevo-leon/juarez/infonavit-valle-del-oriente
67267,Jardines de Villa Juárez,Fraccionamiento,Juárez,Nuevo León,Ciudad Benito Juárez,Urbano,https://postali.app/mx/nuevo-leon/juarez/jardines-de-villa-juarez
67267,La Escondida,Colonia,Juárez,Nuevo León,Ciudad Benito Juárez,Urbano,https://postali.app/mx/nuevo-leon/juarez/la-escondida
67267,Mirador del Río,Fraccionamiento,Juárez,Nuevo León,Ciudad Benito Juárez,Urbano,https://postali.app/mx/nuevo-leon/juarez/mirador-del-rio
67267,Paseo de la Rivera,Fraccionamiento,Juárez,Nuevo León,Ciudad Benito Juárez,Urbano,https://postali.app/mx/nuevo-leon/juarez/paseo-de-la-rivera
67267,Praderas de San Juan,Fraccionamiento,Juárez,Nuevo León,Ciudad Benito Juárez,Urbano,https://postali.app/mx/nuevo-leon/juarez/praderas-de-san-juan
67267,Privadas Ocania,Fraccionamiento,Juárez,Nuevo León,Ciudad Benito Juárez,Urbano,https://postali.app/mx/nuevo-leon/juarez/privadas-ocania
67267,Residencial Terranova,Colonia,Juárez,Nuevo León,Ciudad Benito Juárez,Urbano,https://postali.app/mx/nuevo-leon/juarez/residencial-terranova
67267,Santo Tomás,Fraccionamiento,Juárez,Nuevo León,Ciudad Benito Juárez,Urbano,https://postali.app/mx/nuevo-leon/juarez/santo-tomas
67267,Villas de Oriente,Colonia,Juárez,Nuevo León,Ciudad Benito Juárez,Urbano,https://postali.app/mx/nuevo-leon/juarez/villas-de-oriente
67267,Vistas del Río,Colonia,Juárez,Nuevo León,Ciudad Benito Juárez,Urbano,https://postali.app/mx/nuevo-leon/juarez/vistas-del-rio
67269,Colinas del Río,Fraccionamiento,Juárez,Nuevo León,Ciudad Benito Juárez,Urbano,https://postali.app/mx/nuevo-leon/juarez/colinas-del-rio
67269,Colinas del Río,Colonia,Juárez,Nuevo León,Ciudad Benito Juárez,Rural,https://postali.app/mx/nuevo-leon/juarez/colinas-del-rio-67269
67269,Las Margaritas,Colonia,Juárez,Nuevo León,Ciudad Benito Juárez,Rural,https://postali.app/mx/nuevo-leon/juarez/las-margaritas
67269,Paseo de las Margaritas,Fraccionamiento,Juárez,Nuevo León,Ciudad Benito Juárez,Urbano,https://postali.app/mx/nuevo-leon/juarez/paseo-de-las-margaritas
67269,Rincón del Parque,Fraccionamiento,Juárez,Nuevo León,Ciudad Benito Juárez,Urbano,https://postali.app/mx/nuevo-leon/juarez/rincon-del-parque
67275,Héctor Caballero,Colonia,Juárez,Nuevo León,Ciudad Benito Juárez,Urbano,https://postali.app/mx/nuevo-leon/juarez/hector-caballero
67275,La Esperanza,Colonia,Juárez,Nuevo León,Ciudad Benito Juárez,Urbano,https://postali.app/mx/nuevo-leon/juarez/la-esperanza
67275,Las Concordias,Fraccionamiento,Juárez,Nuevo León,Ciudad Benito Juárez,Urbano,https://postali.app/mx/nuevo-leon/juarez/las-concordias
67275,Lomas de Córdoba,Fraccionamiento,Juárez,Nuevo León,Ciudad Benito Juárez,Urbano,https://postali.app/mx/nuevo-leon/juarez/lomas-de-cordoba
67275,Los Agaves,Fraccionamiento,Juárez,Nuevo León,Ciudad Benito Juárez,Urbano,https://postali.app/mx/nuevo-leon/juarez/los-agaves
67275,Los Encinos,Colonia,Juárez,Nuevo León,Ciudad Benito Juárez,Urbano,https://postali.app/mx/nuevo-leon/juarez/los-encinos
67275,Palermo,Fraccionamiento,Juárez,Nuevo León,Ciudad Benito Juárez,Urbano,https://postali.app/mx/nuevo-leon/juarez/palermo
67275,Paseo Del Prado,Colonia,Juárez,Nuevo León,Ciudad Benito Juárez,Urbano,https://postali.app/mx/nuevo-leon/juarez/paseo-del-prado
67275,Privada Belterra,Fraccionamiento,Juárez,Nuevo León,Ciudad Benito Juárez,Urbano,https://postali.app/mx/nuevo-leon/juarez/privada-belterra
67275,Riviera del Sol,Fraccionamiento,Juárez,Nuevo León,Ciudad Benito Juárez,Urbano,https://postali.app/mx/nuevo-leon/juarez/riviera-del-sol
67275,San Juan,Fraccionamiento,Juárez,Nuevo León,Ciudad Benito Juárez,Urbano,https://postali.app/mx/nuevo-leon/juarez/san-juan
67275,Villa Luz,Colonia,Juárez,Nuevo León,Ciudad Benito Juárez,Urbano,https://postali.app/mx/nuevo-leon/juarez/villa-luz
67276,Cardel,Fraccionamiento,Juárez,Nuevo León,Ciudad Benito Juárez,Urbano,https://postali.app/mx/nuevo-leon/juarez/cardel
67276,Centro Habitacional Burócratas de Guadalupe,Colonia,Juárez,Nuevo León,Ciudad Benito Juárez,Urbano,https://postali.app/mx/nuevo-leon/juarez/centro-habitacional-burocratas-de-guadalupe
67276,Cerro de La Silla,Colonia,Juárez,Nuevo León,Ciudad Benito Juárez,Urbano,https://postali.app/mx/nuevo-leon/juarez/cerro-de-la-silla
67276,Corfu Residencial,Fraccionamiento,Juárez,Nuevo León,Ciudad Benito Juárez,Urbano,https://postali.app/mx/nuevo-leon/juarez/corfu-residencial
67276,Gardenias,Fraccionamiento,Juárez,Nuevo León,Ciudad Benito Juárez,Urbano,https://postali.app/mx/nuevo-leon/juarez/gardenias
67276,Hacienda San Marcos,Fraccionamiento,Juárez,Nuevo León,Ciudad Benito Juárez,Urbano,https://postali.app/mx/nuevo-leon/juarez/hacienda-san-marcos
67276,Las Bugambilias,Fraccionamiento,Juárez,Nuevo León,Ciudad Benito Juárez,Urbano,https://postali.app/mx/nuevo-leon/juarez/las-bugambilias
67276,Portofino Residencial,Fraccionamiento,Juárez,Nuevo León,Ciudad Benito Juárez,Urbano,https://postali.app/mx/nuevo-leon/juarez/portofino-residencial
67276,Residencial Santa Julia,Fraccionamiento,Juárez,Nuevo León,Ciudad Benito Juárez,Urbano,https://postali.app/mx/nuevo-leon/juarez/residencial-santa-julia
67276,Sol Residencial,Fraccionamiento,Juárez,Nuevo León,Ciudad Benito Juárez,Urbano,https://postali.app/mx/nuevo-leon/juarez/sol-residencial
67276,Villa San Francisco,Fraccionamiento,Juárez,Nuevo León,Ciudad Benito Juárez,Urbano,https://postali.app/mx/nuevo-leon/juarez/villa-san-francisco
67277,América Unida,Colonia,Juárez,Nuevo León,Ciudad Benito Juárez,Urbano,https://postali.app/mx/nuevo-leon/juarez/america-unida
67277,Arcos de Zirándaro,Fraccionamiento,Juárez,Nuevo León,Ciudad Benito Juárez,Urbano,https://postali.app/mx/nuevo-leon/juarez/arcos-de-zirandaro
67277,Balcones de Zirandaro,Colonia,Juárez,Nuevo León,Ciudad Benito Juárez,Urbano,https://postali.app/mx/nuevo-leon/juarez/balcones-de-zirandaro
67277,Cerradas del Rey,Fraccionamiento,Juárez,Nuevo León,Ciudad Benito Juárez,Urbano,https://postali.app/mx/nuevo-leon/juarez/cerradas-del-rey
67277,Lagos de Zirándaro,Fraccionamiento,Juárez,Nuevo León,Ciudad Benito Juárez,Urbano,https://postali.app/mx/nuevo-leon/juarez/lagos-de-zirandaro
67277,Los Reyes,Colonia,Juárez,Nuevo León,Ciudad Benito Juárez,Urbano,https://postali.app/mx/nuevo-leon/juarez/los-reyes
67277,Paseo de Zirándanos,Fraccionamiento,Juárez,Nuevo León,Ciudad Benito Juárez,Urbano,https://postali.app/mx/nuevo-leon/juarez/paseo-de-zirandanos
67277,Portal de San Roque,Fraccionamiento,Juárez,Nuevo León,Ciudad Benito Juárez,Urbano,https://postali.app/mx/nuevo-leon/juarez/portal-de-san-roque
67277,Prados de San Roque,Fraccionamiento,Juárez,Nuevo León,Ciudad Benito Juárez,Urbano,https://postali.app/mx/nuevo-leon/juarez/prados-de-san-roque
67277,Privada San Roque,Fraccionamiento,Juárez,Nuevo León,Ciudad Benito Juárez,Urbano,https://postali.app/mx/nuevo-leon/juarez/privada-san-roque
67277,Reserva de San Roque,Fraccionamiento,Juárez,Nuevo León,Ciudad Benito Juárez,Urbano,https://postali.app/mx/nuevo-leon/juarez/reserva-de-san-roque
67277,Sol Residencial II Sector,Fraccionamiento,Juárez,Nuevo León,Ciudad Benito Juárez,Urbano,https://postali.app/mx/nuevo-leon/juarez/sol-residencial-ii-sector
67277,Zirandaro,Fraccionamiento,Juárez,Nuevo León,Ciudad Benito Juárez,Urbano,https://postali.app/mx/nuevo-leon/juarez/zirandaro
67279,Los Arcos,Colonia,Juárez,Nuevo León,Ciudad Benito Juárez,Urbano,https://postali.app/mx/nuevo-leon/juarez/los-arcos
67279,Villa los Arcos,Colonia,Juárez,Nuevo León,Ciudad Benito Juárez,Urbano,https://postali.app/mx/nuevo-leon/juarez/villa-los-arcos
67280,Alborada,Fraccionamiento,Juárez,Nuevo León,Ciudad Benito Juárez,Urbano,https://postali.app/mx/nuevo-leon/juarez/alborada
67280,Arboledas de los Naranjos,Colonia,Juárez,Nuevo León,Ciudad Benito Juárez,Urbano,https://postali.app/mx/nuevo-leon/juarez/arboledas-de-los-naranjos
67280,Arboledas de San Roque,Colonia,Juárez,Nuevo León,Ciudad Benito Juárez,Urbano,https://postali.app/mx/nuevo-leon/juarez/arboledas-de-san-roque
67280,Arboledas Residencial,Fraccionamiento,Juárez,Nuevo León,Ciudad Benito Juárez,Urbano,https://postali.app/mx/nuevo-leon/juarez/arboledas-residencial
67280,Aurora,Fraccionamiento,Juárez,Nuevo León,Ciudad Benito Juárez,Urbano,https://postali.app/mx/nuevo-leon/juarez/aurora
67280,Bosques de San Roque,Fraccionamiento,Juárez,Nuevo León,Ciudad Benito Juárez,Urbano,https://postali.app/mx/nuevo-leon/juarez/bosques-de-san-roque
67280,Cristales de San Roque,Fraccionamiento,Juárez,Nuevo León,Ciudad Benito Juárez,Urbano,https://postali.app/mx/nuevo-leon/juarez/cristales-de-san-roque
67280,Fuentes del Seminario,Fraccionamiento,Juárez,Nuevo León,Ciudad Benito Juárez,Urbano,https://postali.app/mx/nuevo-leon/juarez/fuentes-del-seminario
67280,Hacienda Rancho Viejo,Colonia,Juárez,Nuevo León,Ciudad Benito Juárez,Urbano,https://postali.app/mx/nuevo-leon/juarez/hacienda-rancho-viejo
67280,Jardines de San Roque,Fraccionamiento,Juárez,Nuevo León,Ciudad Benito Juárez,Urbano,https://postali.app/mx/nuevo-leon/juarez/jardines-de-san-roque
67280,Lantana,Fraccionamiento,Juárez,Nuevo León,Ciudad Benito Juárez,Urbano,https://postali.app/mx/nuevo-leon/juarez/lantana
67280,Los Canelos,Rancho,Juárez,Nuevo León,Ciudad Benito Juárez,Rural,https://postali.app/mx/nuevo-leon/juarez/los-canelos
67280,Los Cometas,Fraccionamiento,Juárez,Nuevo León,Ciudad Benito Juárez,Urbano,https://postali.app/mx/nuevo-leon/juarez/los-cometas
67280,Los Valles,Colonia,Juárez,Nuevo León,Ciudad Benito Juárez,Urbano,https://postali.app/mx/nuevo-leon/juarez/los-valles
67280,Los Valles Segundo Sector,Colonia,Juárez,Nuevo León,Ciudad Benito Juárez,Urbano,https://postali.app/mx/nuevo-leon/juarez/los-valles-segundo-sector
67280,Monte Kristal,Colonia,Juárez,Nuevo León,Ciudad Benito Juárez,Urbano,https://postali.app/mx/nuevo-leon/juarez/monte-kristal
67280,Monte Kristal Cuarto Sector,Colonia,Juárez,Nuevo León,Ciudad Benito Juárez,Urbano,https://postali.app/mx/nuevo-leon/juarez/monte-kristal-cuarto-sector
67280,Montebello,Colonia,Juárez,Nuevo León,Ciudad Benito Juárez,Urbano,https://postali.app/mx/nuevo-leon/juarez/montebello
67280,Portal de Vaquerías,Fraccionamiento,Juárez,Nuevo León,Ciudad Benito Juárez,Urbano,https://postali.app/mx/nuevo-leon/juarez/portal-de-vaquerias
67280,San Francisco,Fraccionamiento,Juárez,Nuevo León,Ciudad Benito Juárez,Urbano,https://postali.app/mx/nuevo-leon/juarez/san-francisco
67280,San Roque,Colonia,Juárez,Nuevo León,Ciudad Benito Juárez,Rural,https://postali.app/mx/nuevo-leon/juarez/san-roque
67280,Valle de Vaquerías,Fraccionamiento,Juárez,Nuevo León,Ciudad Benito Juárez,Urbano,https://postali.app/mx/nuevo-leon/juarez/valle-de-vaquerias
67280,Valle Real,Fraccionamiento,Juárez,Nuevo León,Ciudad Benito Juárez,Urbano,https://postali.app/mx/nuevo-leon/juarez/valle-real
67280,Valle Sur,Colonia,Juárez,Nuevo León,Ciudad Benito Juárez,Urbano,https://postali.app/mx/nuevo-leon/juarez/valle-sur
67280,Vistas del Seminario,Fraccionamiento,Juárez,Nuevo León,Ciudad Benito Juárez,Urbano,https://postali.app/mx/nuevo-leon/juarez/vistas-del-seminario
67280,Vistas del Seminario 2,Fraccionamiento,Juárez,Nuevo León,Ciudad Benito Juárez,Urbano,https://postali.app/mx/nuevo-leon/juarez/vistas-del-seminario-2
67280,Viviendas Magdalena,Fraccionamiento,Juárez,Nuevo León,Ciudad Benito Juárez,Urbano,https://postali.app/mx/nuevo-leon/juarez/viviendas-magdalena
67286,10 de Mayo,Colonia,Juárez,Nuevo León,Ciudad Benito Juárez,Urbano,https://postali.app/mx/nuevo-leon/juarez/10-de-mayo
67286,Arcadia,Fraccionamiento,Juárez,Nuevo León,Ciudad Benito Juárez,Urbano,https://postali.app/mx/nuevo-leon/juarez/arcadia
67286,Bosques de San Pedro,Colonia,Juárez,Nuevo León,Ciudad Benito Juárez,Urbano,https://postali.app/mx/nuevo-leon/juarez/bosques-de-san-pedro
67286,Hacienda los Laureles,Fraccionamiento,Juárez,Nuevo León,Ciudad Benito Juárez,Urbano,https://postali.app/mx/nuevo-leon/juarez/hacienda-los-laureles
67286,La Maestranza,Colonia,Juárez,Nuevo León,Ciudad Benito Juárez,Urbano,https://postali.app/mx/nuevo-leon/juarez/la-maestranza
67286,La Trinidad,Fraccionamiento,Juárez,Nuevo León,Ciudad Benito Juárez,Urbano,https://postali.app/mx/nuevo-leon/juarez/la-trinidad
67286,Laderas de la Silla,Fraccionamiento,Juárez,Nuevo León,Ciudad Benito Juárez,Urbano,https://postali.app/mx/nuevo-leon/juarez/laderas-de-la-silla
67286,Las Espinas,Rancho,Juárez,Nuevo León,Ciudad Benito Juárez,Rural,https://postali.app/mx/nuevo-leon/juarez/las-espinas
67286,Lomas de Santa Mónica I,Fraccionamiento,Juárez,Nuevo León,Ciudad Benito Juárez,Urbano,https://postali.app/mx/nuevo-leon/juarez/lomas-de-santa-monica-i
67286,Lomas de Santa Mónica II,Fraccionamiento,Juárez,Nuevo León,Ciudad Benito Juárez,Urbano,https://postali.app/mx/nuevo-leon/juarez/lomas-de-santa-monica-ii
67286,Los Rehiletes,Fraccionamiento,Juárez,Nuevo León,Ciudad Benito Juárez,Urbano,https://postali.app/mx/nuevo-leon/juarez/los-rehiletes
67286,Pedregal Santa Mónica,Fraccionamiento,Juárez,Nuevo León,Ciudad Benito Juárez,Urbano,https://postali.app/mx/nuevo-leon/juarez/pedregal-santa-monica
67286,Privadas de la Silla,Fraccionamiento,Juárez,Nuevo León,Ciudad Benito Juárez,Urbano,https://postali.app/mx/nuevo-leon/juarez/privadas-de-la-silla
67286,Privadas del Bosque,Fraccionamiento,Juárez,Nuevo León,Ciudad Benito Juárez,Urbano,https://postali.app/mx/nuevo-leon/juarez/privadas-del-bosque
67286,Rancho el Ébano,Colonia,Juárez,Nuevo León,Ciudad Benito Juárez,Urbano,https://postali.app/mx/nuevo-leon/juarez/rancho-el-ebano
67286,Salvador Chavez Mora,Colonia,Juárez,Nuevo León,Ciudad Benito Juárez,Urbano,https://postali.app/mx/nuevo-leon/juarez/salvador-chavez-mora
67286,San Pedro,Colonia,Juárez,Nuevo León,Ciudad Benito Juárez,Urbano,https://postali.app/mx/nuevo-leon/juarez/san-pedro
67286,Santa Mónica,Fraccionamiento,Juárez,Nuevo León,Ciudad Benito Juárez,Urbano,https://postali.app/mx/nuevo-leon/juarez/santa-monica
67286,Valle de la Silla,Fraccionamiento,Juárez,Nuevo León,Ciudad Benito Juárez,Urbano,https://postali.app/mx/nuevo-leon/juarez/valle-de-la-silla
67286,Valle Real 2,Fraccionamiento,Juárez,Nuevo León,Ciudad Benito Juárez,Urbano,https://postali.app/mx/nuevo-leon/juarez/valle-real-2
67287,Jardines de la Silla (Jardines),Colonia,Juárez,Nuevo León,Ciudad Benito Juárez,Urbano,https://postali.app/mx/nuevo-leon/juarez/jardines-de-la-silla-jardines
67287,Privada Jardín Residencial,Fraccionamiento,Juárez,Nuevo León,Ciudad Benito Juárez,Urbano,https://postali.app/mx/nuevo-leon/juarez/privada-jardin-residencial
67287,Ricardo Flores Magón,Colonia,Juárez,Nuevo León,Ciudad Benito Juárez,Urbano,https://postali.app/mx/nuevo-leon/juarez/ricardo-flores-magon
67288,Ex Hacienda el Rosario,Fraccionamiento,Juárez,Nuevo León,Ciudad Benito Juárez,Urbano,https://postali.app/mx/nuevo-leon/juarez/ex-hacienda-el-rosario
67288,Ex Hacienda el Rosario Sector Diamante,Fraccionamiento,Juárez,Nuevo León,Ciudad Benito Juárez,Urbano,https://postali.app/mx/nuevo-leon/juarez/ex-hacienda-el-rosario-sector-diamante
67288,Héroe de Nacozari,Colonia,Juárez,Nuevo León,Ciudad Benito Juárez,Urbano,https://postali.app/mx/nuevo-leon/juarez/heroe-de-nacozari
67288,La Querencia Residencial,Fraccionamiento,Juárez,Nuevo León,Ciudad Benito Juárez,Urbano,https://postali.app/mx/nuevo-leon/juarez/la-querencia-residencial
67288,Lomas de los Naranjos,Colonia,Juárez,Nuevo León,Ciudad Benito Juárez,Urbano,https://postali.app/mx/nuevo-leon/juarez/lomas-de-los-naranjos
67288,Los Naranjos,Colonia,Juárez,Nuevo León,Ciudad Benito Juárez,Urbano,https://postali.app/mx/nuevo-leon/juarez/los-naranjos
67288,Monte Alto,Colonia,Juárez,Nuevo León,Ciudad Benito Juárez,Urbano,https://postali.app/mx/nuevo-leon/juarez/monte-alto
67288,Paseo de Acueducto Juárez,Colonia,Juárez,Nuevo León,Ciudad Benito Juárez,Urbano,https://postali.app/mx/nuevo-leon/juarez/paseo-de-acueducto-juarez
67288,Privada Tramonto,Fraccionamiento,Juárez,Nuevo León,Ciudad Benito Juárez,Urbano,https://postali.app/mx/nuevo-leon/juarez/privada-tramonto
67288,Rancho Viejo,Colonia,Juárez,Nuevo León,Ciudad Benito Juárez,Urbano,https://postali.app/mx/nuevo-leon/juarez/rancho-viejo
67288,Santa Isabel,Fraccionamiento,Juárez,Nuevo León,Ciudad Benito Juárez,Urbano,https://postali.app/mx/nuevo-leon/juarez/santa-isabel
67288,Sierra Vista,Fraccionamiento,Juárez,Nuevo León,Ciudad Benito Juárez,Urbano,https://postali.app/mx/nuevo-leon/juarez/sierra-vista
67288,Villa los Naranjos,Colonia,Juárez,Nuevo León,Ciudad Benito Juárez,Urbano,https://postali.app/mx/nuevo-leon/juarez/villa-los-naranjos
67288,Villas de la Hacienda,Fraccionamiento,Juárez,Nuevo León,Ciudad Benito Juárez,Urbano,https://postali.app/mx/nuevo-leon/juarez/villas-de-la-hacienda
67289,Privada Vía Siete,Fraccionamiento,Juárez,Nuevo León,Ciudad Benito Juárez,Urbano,https://postali.app/mx/nuevo-leon/juarez/privada-via-siete
67289,Punta Esmeralda Sur,Fraccionamiento,Juárez,Nuevo León,Ciudad Benito Juárez,Urbano,https://postali.app/mx/nuevo-leon/juarez/punta-esmeralda-sur
67289,Valle de Juárez,Colonia,Juárez,Nuevo León,Ciudad Benito Juárez,Urbano,https://postali.app/mx/nuevo-leon/juarez/valle-de-juarez
67290,Santa Ana de Arriba,Colonia,Juárez,Nuevo León,Ciudad Benito Juárez,Rural,https://postali.app/mx/nuevo-leon/juarez/santa-ana-de-arriba
67293,Dieciséis de Septiembre,Colonia,Juárez,Nuevo León,Ciudad Benito Juárez,Rural,https://postali.app/mx/nuevo-leon/juarez/dieciseis-de-septiembre
67294,Aliria Residencial,Fraccionamiento,Juárez,Nuevo León,Ciudad Benito Juárez,Urbano,https://postali.app/mx/nuevo-leon/juarez/aliria-residencial
67294,Allegra Valle Condesa I,Fraccionamiento,Juárez,Nuevo León,Ciudad Benito Juárez,Urbano,https://postali.app/mx/nuevo-leon/juarez/allegra-valle-condesa-i
67294,Allegra Valle Condesa II,Fraccionamiento,Juárez,Nuevo León,Ciudad Benito Juárez,Urbano,https://postali.app/mx/nuevo-leon/juarez/allegra-valle-condesa-ii
67294,Altta Condesa,Fraccionamiento,Juárez,Nuevo León,Ciudad Benito Juárez,Urbano,https://postali.app/mx/nuevo-leon/juarez/altta-condesa
67294,Brío Residencial,Fraccionamiento,Juárez,Nuevo León,Ciudad Benito Juárez,Urbano,https://postali.app/mx/nuevo-leon/juarez/brio-residencial
67294,Contessa,Fraccionamiento,Juárez,Nuevo León,Ciudad Benito Juárez,Urbano,https://postali.app/mx/nuevo-leon/juarez/contessa
67294,Dalias Residencial,Fraccionamiento,Juárez,Nuevo León,Ciudad Benito Juárez,Urbano,https://postali.app/mx/nuevo-leon/juarez/dalias-residencial
67294,Dalias Residencial II,Fraccionamiento,Juárez,Nuevo León,Ciudad Benito Juárez,Urbano,https://postali.app/mx/nuevo-leon/juarez/dalias-residencial-ii
67294,Miria Residencial,Fraccionamiento,Juárez,Nuevo León,Ciudad Benito Juárez,Urbano,https://postali.app/mx/nuevo-leon/juarez/miria-residencial
67294,Palos Altos,Rancho,Juárez,Nuevo León,Ciudad Benito Juárez,Rural,https://postali.app/mx/nuevo-leon/juarez/palos-altos
67294,Terra Park Condesa,Fraccionamiento,Juárez,Nuevo León,Ciudad Benito Juárez,Urbano,https://postali.app/mx/nuevo-leon/juarez/terra-park-condesa
67294,Tracia Vía Residencial,Fraccionamiento,Juárez,Nuevo León,Ciudad Benito Juárez,Urbano,https://postali.app/mx/nuevo-leon/juarez/tracia-via-residencial
67294,Valle Condesa I,Fraccionamiento,Juárez,Nuevo León,Ciudad Benito Juárez,Urbano,https://postali.app/mx/nuevo-leon/juarez/valle-condesa-i
67294,Valle Condesa II,Fraccionamiento,Juárez,Nuevo León,Ciudad Benito Juárez,Urbano,https://postali.app/mx/nuevo-leon/juarez/valle-condesa-ii
67294,Valle Condesa III,Fraccionamiento,Juárez,Nuevo León,Ciudad Benito Juárez,Urbano,https://postali.app/mx/nuevo-leon/juarez/valle-condesa-iii
67294,Valle Condesa Sector Britania,Fraccionamiento,Juárez,Nuevo León,Ciudad Benito Juárez,Urbano,https://postali.app/mx/nuevo-leon/juarez/valle-condesa-sector-britania
67294,Valle Condesa Sector Escocés,Fraccionamiento,Juárez,Nuevo León,Ciudad Benito Juárez,Urbano,https://postali.app/mx/nuevo-leon/juarez/valle-condesa-sector-escoces
67294,Valle Condesa Sector Francés,Fraccionamiento,Juárez,Nuevo León,Ciudad Benito Juárez,Urbano,https://postali.app/mx/nuevo-leon/juarez/valle-condesa-sector-frances
67294,Valle Condesa Sector Inglés,Fraccionamiento,Juárez,Nuevo León,Ciudad Benito Juárez,Urbano,https://postali.app/mx/nuevo-leon/juarez/valle-condesa-sector-ingles
67294,Valle Condesa Sector Irlandés,Fraccionamiento,Juárez,Nuevo León,Ciudad Benito Juárez,Urbano,https://postali.app/mx/nuevo-leon/juarez/valle-condesa-sector-irlandes
67294,Villaterra,Fraccionamiento,Juárez,Nuevo León,Ciudad Benito Juárez,Urbano,https://postali.app/mx/nuevo-leon/juarez/villaterra
67294,Vonetto Residencial,Fraccionamiento,Juárez,Nuevo León,Ciudad Benito Juárez,Urbano,https://postali.app/mx/nuevo-leon/juarez/vonetto-residencial
67296,San Mateo,Colonia,Juárez,Nuevo León,Ciudad Benito Juárez,Rural,https://postali.app/mx/nuevo-leon/juarez/san-mateo
67298,Bosques de la Silla (Santa Ana de Abajo),Fraccionamiento,Juárez,Nuevo León,Ciudad Benito Juárez,Rural,https://postali.app/mx/nuevo-leon/juarez/bosques-de-la-silla-santa-ana-de-abajo
67298,Carricitos,Colonia,Juárez,Nuevo León,Ciudad Benito Juárez,Rural,https://postali.app/mx/nuevo-leon/juarez/carricitos
67298,El Campanario,Fraccionamiento,Juárez,Nuevo León,Ciudad Benito Juárez,Rural,https://postali.app/mx/nuevo-leon/juarez/el-campanario
67298,La Ciénega (La Cieneguita),Colonia,Juárez,Nuevo León,Ciudad Benito Juárez,Rural,https://postali.app/mx/nuevo-leon/juarez/la-cienega-la-cieneguita
67298,La Lobita,Colonia,Juárez,Nuevo León,Ciudad Benito Juárez,Rural,https://postali.app/mx/nuevo-leon/juarez/la-lobita
67300,Amorada Privada Residencial,Fraccionamiento,Santiago,Nuevo León,,Urbano,https://postali.app/mx/nuevo-leon/santiago/amorada-privada-residencial
67300,Arturo Marroquín,Colonia,Santiago,Nuevo León,,Urbano,https://postali.app/mx/nuevo-leon/santiago/arturo-marroquin
67300,Guaxuco,Fraccionamiento,Santiago,Nuevo León,,Urbano,https://postali.app/mx/nuevo-leon/santiago/guaxuco
67300,Huajuquito o los Cavazos,Colonia,Santiago,Nuevo León,,Urbano,https://postali.app/mx/nuevo-leon/santiago/huajuquito-o-los-cavazos
67300,Los Cántaros,Fraccionamiento,Santiago,Nuevo León,,Urbano,https://postali.app/mx/nuevo-leon/santiago/los-cantaros
67300,Los Rodríguez,Colonia,Santiago,Nuevo León,,Urbano,https://postali.app/mx/nuevo-leon/santiago/los-rodriguez
67300,Mareta Residencial,Fraccionamiento,Santiago,Nuevo León,,Urbano,https://postali.app/mx/nuevo-leon/santiago/mareta-residencial
67300,San Juan,Colonia,Santiago,Nuevo León,,Urbano,https://postali.app/mx/nuevo-leon/santiago/san-juan
67302,AYSSO,Fraccionamiento,Santiago,Nuevo León,,Urbano,https://postali.app/mx/nuevo-leon/santiago/aysso
67302,Bosques de las Misiones,Fraccionamiento,Santiago,Nuevo León,,Urbano,https://postali.app/mx/nuevo-leon/santiago/bosques-de-las-misiones
67302,Bosques de las Misiones Sector Encino,Fraccionamiento,Santiago,Nuevo León,,Urbano,https://postali.app/mx/nuevo-leon/santiago/bosques-de-las-misiones-sector-encino
67302,Bosques de las Misiones Sector Reserva,Fraccionamiento,Santiago,Nuevo León,,Urbano,https://postali.app/mx/nuevo-leon/santiago/bosques-de-las-misiones-sector-reserva
67302,El Faisán,Colonia,Santiago,Nuevo León,,Urbano,https://postali.app/mx/nuevo-leon/santiago/el-faisan
67302,Fontana Residencial,Fraccionamiento,Santiago,Nuevo León,,Urbano,https://postali.app/mx/nuevo-leon/santiago/fontana-residencial
67302,La Noria Privada Residencial,Fraccionamiento,Santiago,Nuevo León,,Urbano,https://postali.app/mx/nuevo-leon/santiago/la-noria-privada-residencial
67302,Las Misiones,Fraccionamiento,Santiago,Nuevo León,,Urbano,https://postali.app/mx/nuevo-leon/santiago/las-misiones
67302,Los Nogales,Fraccionamiento,Santiago,Nuevo León,,Urbano,https://postali.app/mx/nuevo-leon/santiago/los-nogales
67302,Los Olivos Residencial,Fraccionamiento,Santiago,Nuevo León,,Urbano,https://postali.app/mx/nuevo-leon/santiago/los-olivos-residencial
67302,Los Querubines,Colonia,Santiago,Nuevo León,,Urbano,https://postali.app/mx/nuevo-leon/santiago/los-querubines
67302,Mandalas Residencial,Fraccionamiento,Santiago,Nuevo León,,Urbano,https://postali.app/mx/nuevo-leon/santiago/mandalas-residencial
67302,Montano,Fraccionamiento,Santiago,Nuevo León,,Urbano,https://postali.app/mx/nuevo-leon/santiago/montano
67302,Privada los Franciscanos,Fraccionamiento,Santiago,Nuevo León,,Urbano,https://postali.app/mx/nuevo-leon/santiago/privada-los-franciscanos
67302,Quivira,Fraccionamiento,Santiago,Nuevo León,,Urbano,https://postali.app/mx/nuevo-leon/santiago/quivira
67302,Residencial Campestre El Faisán,Fraccionamiento,Santiago,Nuevo León,,Urbano,https://postali.app/mx/nuevo-leon/santiago/residencial-campestre-el-faisan
67302,Yerbaniz,Colonia,Santiago,Nuevo León,,Urbano,https://postali.app/mx/nuevo-leon/santiago/yerbaniz
67303,El Barrial,Colonia,Santiago,Nuevo León,,Urbano,https://postali.app/mx/nuevo-leon/santiago/el-barrial
67303,El Cerrito,Colonia,Santiago,Nuevo León,,Urbano,https://postali.app/mx/nuevo-leon/santiago/el-cerrito
67303,El Ranchito,Colonia,Santiago,Nuevo León,,Urbano,https://postali.app/mx/nuevo-leon/santiago/el-ranchito
67303,Equinoccio Privadas,Fraccionamiento,Santiago,Nuevo León,,Urbano,https://postali.app/mx/nuevo-leon/santiago/equinoccio-privadas
67303,San Andres,Fraccionamiento,Santiago,Nuevo León,,Urbano,https://postali.app/mx/nuevo-leon/santiago/san-andres
67304,La Boca,Colonia,Santiago,Nuevo León,,Rural,https://postali.app/mx/nuevo-leon/santiago/la-boca
67307,Bosques de San José,Fraccionamiento,Santiago,Nuevo León,,Urbano,https://postali.app/mx/nuevo-leon/santiago/bosques-de-san-jose
67307,La Esperanza,Fraccionamiento,Santiago,Nuevo León,,Urbano,https://postali.app/mx/nuevo-leon/santiago/la-esperanza
67307,San Pedro,Ranchería,Santiago,Nuevo León,,Rural,https://postali.app/mx/nuevo-leon/santiago/san-pedro
67308,Cieneguilla,Colonia,Santiago,Nuevo León,,Urbano,https://postali.app/mx/nuevo-leon/santiago/cieneguilla
67308,Potrero de Serna (La Nogalera),Pueblo,Santiago,Nuevo León,,Rural,https://postali.app/mx/nuevo-leon/santiago/potrero-de-serna-la-nogalera
67310,Campestre Real,Fraccionamiento,Santiago,Nuevo León,Santiago,Urbano,https://postali.app/mx/nuevo-leon/santiago/campestre-real
67310,Compostela Villas,Fraccionamiento,Santiago,Nuevo León,Santiago,Urbano,https://postali.app/mx/nuevo-leon/santiago/compostela-villas
67310,El Pueblito de Santiago,Fraccionamiento,Santiago,Nuevo León,Santiago,Urbano,https://postali.app/mx/nuevo-leon/santiago/el-pueblito-de-santiago
67310,Portales de Santiago,Fraccionamiento,Santiago,Nuevo León,Santiago,Urbano,https://postali.app/mx/nuevo-leon/santiago/portales-de-santiago
67310,Reserva Santiago,Fraccionamiento,Santiago,Nuevo León,Santiago,Urbano,https://postali.app/mx/nuevo-leon/santiago/reserva-santiago
67310,Santiago Centro,Colonia,Santiago,Nuevo León,Santiago,Urbano,https://postali.app/mx/nuevo-leon/santiago/santiago-centro
67310,Valle de Santa Rosalía,Colonia,Santiago,Nuevo León,Santiago,Urbano,https://postali.app/mx/nuevo-leon/santiago/valle-de-santa-rosalia
67310,Villa Rosario,Colonia,Santiago,Nuevo León,Santiago,Urbano,https://postali.app/mx/nuevo-leon/santiago/villa-rosario
67312,Del Maestro,Colonia,Santiago,Nuevo León,Santiago,Urbano,https://postali.app/mx/nuevo-leon/santiago/del-maestro
67312,Lagos de San Francisco,Fraccionamiento,Santiago,Nuevo León,Santiago,Urbano,https://postali.app/mx/nuevo-leon/santiago/lagos-de-san-francisco
67312,San Francisco,Colonia,Santiago,Nuevo León,Santiago,Urbano,https://postali.app/mx/nuevo-leon/santiago/san-francisco
67313,Amara,Fraccionamiento,Santiago,Nuevo León,Santiago,Urbano,https://postali.app/mx/nuevo-leon/santiago/amara
67313,Jardines de Santiago,Colonia,Santiago,Nuevo León,Santiago,Urbano,https://postali.app/mx/nuevo-leon/santiago/jardines-de-santiago
67314,San Jorge,Fraccionamiento,Santiago,Nuevo León,Santiago,Urbano,https://postali.app/mx/nuevo-leon/santiago/san-jorge
67315,Alina Residencial,Fraccionamiento,Santiago,Nuevo León,Santiago,Urbano,https://postali.app/mx/nuevo-leon/santiago/alina-residencial
67315,Altares Residencial,Fraccionamiento,Santiago,Nuevo León,Santiago,Urbano,https://postali.app/mx/nuevo-leon/santiago/altares-residencial
67315,Condado de Asturias,Colonia,Santiago,Nuevo León,Santiago,Urbano,https://postali.app/mx/nuevo-leon/santiago/condado-de-asturias
67315,Solaire,Fraccionamiento,Santiago,Nuevo León,Santiago,Urbano,https://postali.app/mx/nuevo-leon/santiago/solaire
67315,Valles de Santiago,Colonia,Santiago,Nuevo León,Santiago,Urbano,https://postali.app/mx/nuevo-leon/santiago/valles-de-santiago
67315,Viento Libre,Colonia,Santiago,Nuevo León,Santiago,Urbano,https://postali.app/mx/nuevo-leon/santiago/viento-libre
67315,Viento Nuevo Residencial,Fraccionamiento,Santiago,Nuevo León,Santiago,Urbano,https://postali.app/mx/nuevo-leon/santiago/viento-nuevo-residencial
67316,Cyra Residencial,Fraccionamiento,Santiago,Nuevo León,Santiago,Urbano,https://postali.app/mx/nuevo-leon/santiago/cyra-residencial
67316,Héctor Caballero,Colonia,Santiago,Nuevo León,Santiago,Urbano,https://postali.app/mx/nuevo-leon/santiago/hector-caballero
67316,Las Huertas,Fraccionamiento,Santiago,Nuevo León,Santiago,Urbano,https://postali.app/mx/nuevo-leon/santiago/las-huertas
67316,Los Sabinos,Fraccionamiento,Santiago,Nuevo León,Santiago,Urbano,https://postali.app/mx/nuevo-leon/santiago/los-sabinos
67316,Sierras del Vergel,Fraccionamiento,Santiago,Nuevo León,Santiago,Urbano,https://postali.app/mx/nuevo-leon/santiago/sierras-del-vergel
67317,La Boca,Fraccionamiento,Santiago,Nuevo León,Santiago,Urbano,https://postali.app/mx/nuevo-leon/santiago/la-boca-67317
67317,Las Cristalinas,Fraccionamiento,Santiago,Nuevo León,Santiago,Urbano,https://postali.app/mx/nuevo-leon/santiago/las-cristalinas
67317,Punta la Boca,Colonia,Santiago,Nuevo León,Santiago,Urbano,https://postali.app/mx/nuevo-leon/santiago/punta-la-boca
67318,Alborea,Fraccionamiento,Santiago,Nuevo León,Santiago,Urbano,https://postali.app/mx/nuevo-leon/santiago/alborea
67318,Alborea Cristalina,Fraccionamiento,Santiago,Nuevo León,Santiago,Urbano,https://postali.app/mx/nuevo-leon/santiago/alborea-cristalina
67318,Alborea Tramonte,Fraccionamiento,Santiago,Nuevo León,Santiago,Urbano,https://postali.app/mx/nuevo-leon/santiago/alborea-tramonte
67318,Aldabas de Cavazzo,Fraccionamiento,Santiago,Nuevo León,Santiago,Urbano,https://postali.app/mx/nuevo-leon/santiago/aldabas-de-cavazzo
67318,Arboledas,Fraccionamiento,Santiago,Nuevo León,Santiago,Urbano,https://postali.app/mx/nuevo-leon/santiago/arboledas
67318,Arturo Cavazos,Colonia,Santiago,Nuevo León,Santiago,Urbano,https://postali.app/mx/nuevo-leon/santiago/arturo-cavazos
67318,Campestre Santiago,Fraccionamiento,Santiago,Nuevo León,Santiago,Urbano,https://postali.app/mx/nuevo-leon/santiago/campestre-santiago
67318,Manantial del Vergel,Fraccionamiento,Santiago,Nuevo León,Santiago,Urbano,https://postali.app/mx/nuevo-leon/santiago/manantial-del-vergel
67318,Santa Rosalía,Colonia,Santiago,Nuevo León,Santiago,Urbano,https://postali.app/mx/nuevo-leon/santiago/santa-rosalia
67318,Valle de Santiago,Fraccionamiento,Santiago,Nuevo León,Santiago,Urbano,https://postali.app/mx/nuevo-leon/santiago/valle-de-santiago
67320,15 de Mayo,Colonia,Santiago,Nuevo León,El cercado,Urbano,https://postali.app/mx/nuevo-leon/santiago/15-de-mayo
67320,El Cercado Centro,Colonia,Santiago,Nuevo León,El cercado,Urbano,https://postali.app/mx/nuevo-leon/santiago/el-cercado-centro
67322,Alameda,Colonia,Santiago,Nuevo León,El cercado,Urbano,https://postali.app/mx/nuevo-leon/santiago/alameda
67322,Lomas Del Cercado,Colonia,Santiago,Nuevo León,El cercado,Urbano,https://postali.app/mx/nuevo-leon/santiago/lomas-del-cercado
67322,Los Pescadores,Colonia,Santiago,Nuevo León,El cercado,Urbano,https://postali.app/mx/nuevo-leon/santiago/los-pescadores
67322,Los Terreros,Colonia,Santiago,Nuevo León,El cercado,Rural,https://postali.app/mx/nuevo-leon/santiago/los-terreros
67322,San Javier,Colonia,Santiago,Nuevo León,El cercado,Urbano,https://postali.app/mx/nuevo-leon/santiago/san-javier
67323,Antonio Villalón,Colonia,Santiago,Nuevo León,El cercado,Urbano,https://postali.app/mx/nuevo-leon/santiago/antonio-villalon
67323,Jardines de La Boca,Colonia,Santiago,Nuevo León,El cercado,Urbano,https://postali.app/mx/nuevo-leon/santiago/jardines-de-la-boca
67323,Las Hadas,Fraccionamiento,Santiago,Nuevo León,El cercado,Urbano,https://postali.app/mx/nuevo-leon/santiago/las-hadas
67323,Los Nísperos,Colonia,Santiago,Nuevo León,El cercado,Urbano,https://postali.app/mx/nuevo-leon/santiago/los-nisperos
67323,Los Silva,Colonia,Santiago,Nuevo León,,Urbano,https://postali.app/mx/nuevo-leon/santiago/los-silva
67324,Bosques de las Lomas,Fraccionamiento,Santiago,Nuevo León,El cercado,Urbano,https://postali.app/mx/nuevo-leon/santiago/bosques-de-las-lomas
67324,Campestre Santa Clara,Colonia,Santiago,Nuevo León,El cercado,Urbano,https://postali.app/mx/nuevo-leon/santiago/campestre-santa-clara
67324,Las Margaritas,Colonia,Santiago,Nuevo León,El cercado,Urbano,https://postali.app/mx/nuevo-leon/santiago/las-margaritas
67324,Privadas de las Lomas,Fraccionamiento,Santiago,Nuevo León,El cercado,Urbano,https://postali.app/mx/nuevo-leon/santiago/privadas-de-las-lomas
67324,R Garza Madero,Colonia,Santiago,Nuevo León,El cercado,Urbano,https://postali.app/mx/nuevo-leon/santiago/r-garza-madero
67325,Las Margaritas,Rancho,Santiago,Nuevo León,El cercado,Rural,https://postali.app/mx/nuevo-leon/santiago/las-margaritas-67325
67327,Alamosur,Fraccionamiento,Santiago,Nuevo León,,Urbano,https://postali.app/mx/nuevo-leon/santiago/alamosur
67327,Pedregal de Santiago,Fraccionamiento,Santiago,Nuevo León,,Urbano,https://postali.app/mx/nuevo-leon/santiago/pedregal-de-santiago
67327,Piedra de Fierro,Colonia,Santiago,Nuevo León,El cercado,Urbano,https://postali.app/mx/nuevo-leon/santiago/piedra-de-fierro
67328,Bosque de San Pedro,Fraccionamiento,Santiago,Nuevo León,El cercado,Urbano,https://postali.app/mx/nuevo-leon/santiago/bosque-de-san-pedro
67328,Cumbres de Santiago,Fraccionamiento,Santiago,Nuevo León,El cercado,Urbano,https://postali.app/mx/nuevo-leon/santiago/cumbres-de-santiago
67328,Fidencio Cavazos,Colonia,Santiago,Nuevo León,El cercado,Urbano,https://postali.app/mx/nuevo-leon/santiago/fidencio-cavazos
67328,Raúl Caballero Escamilla,Colonia,Santiago,Nuevo León,El cercado,Urbano,https://postali.app/mx/nuevo-leon/santiago/raul-caballero-escamilla
67328,San German,Fraccionamiento,Santiago,Nuevo León,El cercado,Urbano,https://postali.app/mx/nuevo-leon/santiago/san-german
67328,San José Norte,Colonia,Santiago,Nuevo León,,Urbano,https://postali.app/mx/nuevo-leon/santiago/san-jose-norte
67328,San José Sur,Colonia,Santiago,Nuevo León,El cercado,Urbano,https://postali.app/mx/nuevo-leon/santiago/san-jose-sur
67328,San Pedro El Álamo,Colonia,Santiago,Nuevo León,El cercado,Urbano,https://postali.app/mx/nuevo-leon/santiago/san-pedro-el-alamo
67328,Santa Tais,Colonia,Santiago,Nuevo León,El cercado,Urbano,https://postali.app/mx/nuevo-leon/santiago/santa-tais
67328,Valle Dorado,Fraccionamiento,Santiago,Nuevo León,El cercado,Urbano,https://postali.app/mx/nuevo-leon/santiago/valle-dorado
67329,Blas Chumacero,Colonia,Santiago,Nuevo León,El cercado,Urbano,https://postali.app/mx/nuevo-leon/santiago/blas-chumacero
67329,La Cieneguilla,Colonia,Santiago,Nuevo León,El cercado,Rural,https://postali.app/mx/nuevo-leon/santiago/la-cieneguilla
67329,La Plazuela,Colonia,Santiago,Nuevo León,El cercado,Urbano,https://postali.app/mx/nuevo-leon/santiago/la-plazuela
67329,Melchor Ocampo,Colonia,Santiago,Nuevo León,El cercado,Urbano,https://postali.app/mx/nuevo-leon/santiago/melchor-ocampo
67329,Residencial Hacienda Santiago,Fraccionamiento,Santiago,Nuevo León,El cercado,Urbano,https://postali.app/mx/nuevo-leon/santiago/residencial-hacienda-santiago
67329,San José de Arriba (Los Leones),Rancho,Santiago,Nuevo León,El cercado,Rural,https://postali.app/mx/nuevo-leon/santiago/san-jose-de-arriba-los-leones
67329,Valle Alto,Colonia,Santiago,Nuevo León,El cercado,Urbano,https://postali.app/mx/nuevo-leon/santiago/valle-alto
67330,La Ciénega de González,Ejido,Santiago,Nuevo León,,Rural,https://postali.app/mx/nuevo-leon/santiago/la-cienega-de-gonzalez
67334,Potrero Redondo,Ranchería,Santiago,Nuevo León,,Rural,https://postali.app/mx/nuevo-leon/santiago/potrero-redondo
67337,El Tejocote,Ranchería,Santiago,Nuevo León,,Rural,https://postali.app/mx/nuevo-leon/santiago/el-tejocote
67338,Laguna de Sánchez,Ejido,Santiago,Nuevo León,,Rural,https://postali.app/mx/nuevo-leon/santiago/laguna-de-sanchez
67338,San Isidro,Rancho,Santiago,Nuevo León,,Rural,https://postali.app/mx/nuevo-leon/santiago/san-isidro
67340,Bosque Residencial,Fraccionamiento,Santiago,Nuevo León,,Urbano,https://postali.app/mx/nuevo-leon/santiago/bosque-residencial
67340,Bosque Residencial Sector Encinos,Fraccionamiento,Santiago,Nuevo León,,Urbano,https://postali.app/mx/nuevo-leon/santiago/bosque-residencial-sector-encinos
67340,Bosque Residencial Sector Nogales,Fraccionamiento,Santiago,Nuevo León,,Urbano,https://postali.app/mx/nuevo-leon/santiago/bosque-residencial-sector-nogales
67340,Calenna,Fraccionamiento,Santiago,Nuevo León,,Urbano,https://postali.app/mx/nuevo-leon/santiago/calenna
67340,Los Linos,Fraccionamiento,Santiago,Nuevo León,,Urbano,https://postali.app/mx/nuevo-leon/santiago/los-linos
67340,Quinta San Jorge,Colonia,Santiago,Nuevo León,,Urbano,https://postali.app/mx/nuevo-leon/santiago/quinta-san-jorge
67340,San Juan Bautista,Ranchería,Santiago,Nuevo León,,Rural,https://postali.app/mx/nuevo-leon/santiago/san-juan-bautista
67344,San José de las Boquillas,Ranchería,Santiago,Nuevo León,,Rural,https://postali.app/mx/nuevo-leon/santiago/san-jose-de-las-boquillas
67350,Alfonso Martínez Domínguez,Colonia,Allende,Nuevo León,,Urbano,https://postali.app/mx/nuevo-leon/allende/alfonso-martinez-dominguez
67350,Arcángeles,Fraccionamiento,Allende,Nuevo León,,Urbano,https://postali.app/mx/nuevo-leon/allende/arcangeles
67350,Baudilio Silva,Fraccionamiento,Allende,Nuevo León,,Urbano,https://postali.app/mx/nuevo-leon/allende/baudilio-silva
67350,Benito Juárez,Colonia,Allende,Nuevo León,,Urbano,https://postali.app/mx/nuevo-leon/allende/benito-juarez
67350,Bernardo Flores,Colonia,Allende,Nuevo León,,Urbano,https://postali.app/mx/nuevo-leon/allende/bernardo-flores
67350,Cerradas de Buena Vista,Fraccionamiento,Allende,Nuevo León,,Urbano,https://postali.app/mx/nuevo-leon/allende/cerradas-de-buena-vista
67350,Ciudad de Allende Centro,Colonia,Allende,Nuevo León,,Urbano,https://postali.app/mx/nuevo-leon/allende/ciudad-de-allende-centro
67350,Colinas de Allende,Fraccionamiento,Allende,Nuevo León,,Urbano,https://postali.app/mx/nuevo-leon/allende/colinas-de-allende
67350,Eduardo A Elizondo,Colonia,Allende,Nuevo León,,Urbano,https://postali.app/mx/nuevo-leon/allende/eduardo-a-elizondo
67350,Eduardo Livas Villarreal,Colonia,Allende,Nuevo León,,Urbano,https://postali.app/mx/nuevo-leon/allende/eduardo-livas-villarreal
67350,El Maguey,Colonia,Allende,Nuevo León,,Urbano,https://postali.app/mx/nuevo-leon/allende/el-maguey
67350,El Puerto,Colonia,Allende,Nuevo León,,Urbano,https://postali.app/mx/nuevo-leon/allende/el-puerto
67350,El Puerto Sección Independencia,Colonia,Allende,Nuevo León,,Urbano,https://postali.app/mx/nuevo-leon/allende/el-puerto-seccion-independencia
67350,El Vergel,Fraccionamiento,Allende,Nuevo León,,Urbano,https://postali.app/mx/nuevo-leon/allende/el-vergel
67350,Elverdin Azahares,Fraccionamiento,Allende,Nuevo León,,Urbano,https://postali.app/mx/nuevo-leon/allende/elverdin-azahares
67350,Florines,Fraccionamiento,Allende,Nuevo León,,Urbano,https://postali.app/mx/nuevo-leon/allende/florines
67350,Hacienda Valle Real,Fraccionamiento,Allende,Nuevo León,,Urbano,https://postali.app/mx/nuevo-leon/allende/hacienda-valle-real
67350,Independencia,Colonia,Allende,Nuevo León,,Urbano,https://postali.app/mx/nuevo-leon/allende/independencia
67350,La Colmena,Fraccionamiento,Allende,Nuevo León,,Urbano,https://postali.app/mx/nuevo-leon/allende/la-colmena
67350,La Orquídea Blanca,Colonia,Allende,Nuevo León,,Urbano,https://postali.app/mx/nuevo-leon/allende/la-orquidea-blanca
67350,Las Boquillas,Colonia,Allende,Nuevo León,,Urbano,https://postali.app/mx/nuevo-leon/allende/las-boquillas
67350,Las Bugambilias,Fraccionamiento,Allende,Nuevo León,,Urbano,https://postali.app/mx/nuevo-leon/allende/las-bugambilias
67350,Loma Santa Cruz,Colonia,Allende,Nuevo León,,Urbano,https://postali.app/mx/nuevo-leon/allende/loma-santa-cruz
67350,Los Barros,Colonia,Allende,Nuevo León,,Rural,https://postali.app/mx/nuevo-leon/allende/los-barros
67350,Los Encinos,Fraccionamiento,Allende,Nuevo León,,Urbano,https://postali.app/mx/nuevo-leon/allende/los-encinos
67350,Los Maestros,Colonia,Allende,Nuevo León,,Urbano,https://postali.app/mx/nuevo-leon/allende/los-maestros
67350,Los Perales,Fraccionamiento,Allende,Nuevo León,,Urbano,https://postali.app/mx/nuevo-leon/allende/los-perales
67350,Los Ébanos,Colonia,Allende,Nuevo León,,Urbano,https://postali.app/mx/nuevo-leon/allende/los-ebanos
67350,Luis Donaldo Colosio,Colonia,Allende,Nuevo León,,Urbano,https://postali.app/mx/nuevo-leon/allende/luis-donaldo-colosio
67350,Nuevo Repueblo,Colonia,Allende,Nuevo León,,Urbano,https://postali.app/mx/nuevo-leon/allende/nuevo-repueblo
67350,Popular,Colonia,Allende,Nuevo León,,Urbano,https://postali.app/mx/nuevo-leon/allende/popular
67350,Privada San Antonio,Fraccionamiento,Allende,Nuevo León,,Urbano,https://postali.app/mx/nuevo-leon/allende/privada-san-antonio
67350,Progreso,Fraccionamiento,Allende,Nuevo León,,Urbano,https://postali.app/mx/nuevo-leon/allende/progreso
67350,Raúl Caballero,Colonia,Allende,Nuevo León,,Urbano,https://postali.app/mx/nuevo-leon/allende/raul-caballero
67350,Residencial Barreras,Fraccionamiento,Allende,Nuevo León,,Urbano,https://postali.app/mx/nuevo-leon/allende/residencial-barreras
67350,Residencial la Molienda,Fraccionamiento,Allende,Nuevo León,,Urbano,https://postali.app/mx/nuevo-leon/allende/residencial-la-molienda
67350,Residencial Piedralta,Colonia,Allende,Nuevo León,,Urbano,https://postali.app/mx/nuevo-leon/allende/residencial-piedralta
67350,Rincón del Vergel,Fraccionamiento,Allende,Nuevo León,,Urbano,https://postali.app/mx/nuevo-leon/allende/rincon-del-vergel
67350,Río Ramos,Fraccionamiento,Allende,Nuevo León,,Urbano,https://postali.app/mx/nuevo-leon/allende/rio-ramos
67350,San Javier,Fraccionamiento,Allende,Nuevo León,,Urbano,https://postali.app/mx/nuevo-leon/allende/san-javier
67350,Sección Buenavista,Colonia,Allende,Nuevo León,,Urbano,https://postali.app/mx/nuevo-leon/allende/seccion-buenavista
67350,Sección Diego López,Colonia,Allende,Nuevo León,,Urbano,https://postali.app/mx/nuevo-leon/allende/seccion-diego-lopez
67350,Sección Juárez,Colonia,Allende,Nuevo León,,Urbano,https://postali.app/mx/nuevo-leon/allende/seccion-juarez
67350,Sección los Álamos,Colonia,Allende,Nuevo León,,Urbano,https://postali.app/mx/nuevo-leon/allende/seccion-los-alamos
67350,Sección Zaragoza,Colonia,Allende,Nuevo León,,Urbano,https://postali.app/mx/nuevo-leon/allende/seccion-zaragoza
67350,Sócrates Rizo (Valle de los Duraznos),Colonia,Allende,Nuevo León,,Urbano,https://postali.app/mx/nuevo-leon/allende/socrates-rizo-valle-de-los-duraznos
67350,Talleres,Colonia,Allende,Nuevo León,,Urbano,https://postali.app/mx/nuevo-leon/allende/talleres
67350,Valle de los Álamos,Fraccionamiento,Allende,Nuevo León,,Urbano,https://postali.app/mx/nuevo-leon/allende/valle-de-los-alamos
67350,Valle Dorado,Fraccionamiento,Allende,Nuevo León,,Urbano,https://postali.app/mx/nuevo-leon/allende/valle-dorado
67350,Valle los Naranjos,Fraccionamiento,Allende,Nuevo León,,Urbano,https://postali.app/mx/nuevo-leon/allende/valle-los-naranjos
67350,Villa Antigua,Fraccionamiento,Allende,Nuevo León,,Urbano,https://postali.app/mx/nuevo-leon/allende/villa-antigua
67350,Vista de Allende,Fraccionamiento,Allende,Nuevo León,,Urbano,https://postali.app/mx/nuevo-leon/allende/vista-de-allende
67353,El Cerrito,Pueblo,Allende,Nuevo León,,Rural,https://postali.app/mx/nuevo-leon/allende/el-cerrito
67353,La Cañada Honda,Colonia,Allende,Nuevo León,,Rural,https://postali.app/mx/nuevo-leon/allende/la-canada-honda
67353,Los Sabinos (Sabinos de Abajo),Pueblo,Allende,Nuevo León,,Rural,https://postali.app/mx/nuevo-leon/allende/los-sabinos-sabinos-de-abajo
67353,Los Sabinos de Arriba,Pueblo,Allende,Nuevo León,,Rural,https://postali.app/mx/nuevo-leon/allende/los-sabinos-de-arriba
67354,El Porvenir,Pueblo,Allende,Nuevo León,,Rural,https://postali.app/mx/nuevo-leon/allende/el-porvenir
67354,Jáuregui,Pueblo,Allende,Nuevo León,,Rural,https://postali.app/mx/nuevo-leon/allende/jauregui
67354,Paso Hondo,Pueblo,Allende,Nuevo León,,Rural,https://postali.app/mx/nuevo-leon/allende/paso-hondo
67362,Atongo de Abajo (Atongo Allende),Pueblo,Allende,Nuevo León,,Rural,https://postali.app/mx/nuevo-leon/allende/atongo-de-abajo-atongo-allende
67363,Los Aguirre,Colonia,Allende,Nuevo León,,Rural,https://postali.app/mx/nuevo-leon/allende/los-aguirre
67363,Los Terreros,Ejido,Allende,Nuevo León,,Rural,https://postali.app/mx/nuevo-leon/allende/los-terreros
67370,Colinas del Vergel,Colonia,Allende,Nuevo León,,Rural,https://postali.app/mx/nuevo-leon/allende/colinas-del-vergel
67370,Los Guzmán,Pueblo,Allende,Nuevo León,,Rural,https://postali.app/mx/nuevo-leon/allende/los-guzman
67370,Villas de San Antonio,Colonia,Allende,Nuevo León,,Rural,https://postali.app/mx/nuevo-leon/allende/villas-de-san-antonio
67373,San Antonio (Hacienda San Antonio),Pueblo,Allende,Nuevo León,,Rural,https://postali.app/mx/nuevo-leon/allende/san-antonio-hacienda-san-antonio
67374,Las Colmenas,Fraccionamiento,Allende,Nuevo León,,Rural,https://postali.app/mx/nuevo-leon/allende/las-colmenas
67374,Las Cruces [Carretera Nacional Kilómetro 236],Colonia,Allende,Nuevo León,,Rural,https://postali.app/mx/nuevo-leon/allende/las-cruces-carretera-nacional-kilometro-236
67374,Lazarillos de Abajo,Pueblo,Allende,Nuevo León,,Rural,https://postali.app/mx/nuevo-leon/allende/lazarillos-de-abajo
67374,Lazarillos de Arriba,Ranchería,Allende,Nuevo León,,Rural,https://postali.app/mx/nuevo-leon/allende/lazarillos-de-arriba
67380,Los Altares,Fraccionamiento,Allende,Nuevo León,,Rural,https://postali.app/mx/nuevo-leon/allende/los-altares
67380,Raíces,Ranchería,Allende,Nuevo León,,Rural,https://postali.app/mx/nuevo-leon/allende/raices
67383,La Boquilla (Las Boquillas),Pueblo,Allende,Nuevo León,,Rural,https://postali.app/mx/nuevo-leon/allende/la-boquilla-las-boquillas
67383,La Colmena de Abajo,Pueblo,Allende,Nuevo León,,Rural,https://postali.app/mx/nuevo-leon/allende/la-colmena-de-abajo
67383,La Colmena de Arriba,Pueblo,Allende,Nuevo León,,Rural,https://postali.app/mx/nuevo-leon/allende/la-colmena-de-arriba
67400,Bicentenario,Colonia,General Terán,Nuevo León,,Rural,https://postali.app/mx/nuevo-leon/general-teran/bicentenario
67400,Citricultores,Colonia,General Terán,Nuevo León,,Rural,https://postali.app/mx/nuevo-leon/general-teran/citricultores
67400,Ciudad General Terán,Pueblo,General Terán,Nuevo León,,Urbano,https://postali.app/mx/nuevo-leon/general-teran/ciudad-general-teran
67400,El Granjenal,Pueblo,General Terán,Nuevo León,,Rural,https://postali.app/mx/nuevo-leon/general-teran/el-granjenal
67400,El Naranjo,Colonia,General Terán,Nuevo León,,Rural,https://postali.app/mx/nuevo-leon/general-teran/el-naranjo
67400,El Progreso,Colonia,General Terán,Nuevo León,,Rural,https://postali.app/mx/nuevo-leon/general-teran/el-progreso
67400,Hacienda San José,Colonia,General Terán,Nuevo León,,Urbano,https://postali.app/mx/nuevo-leon/general-teran/hacienda-san-jose
67400,Los Azahares,Fraccionamiento,General Terán,Nuevo León,,Urbano,https://postali.app/mx/nuevo-leon/general-teran/los-azahares
67400,Progreso,Colonia,General Terán,Nuevo León,,Urbano,https://postali.app/mx/nuevo-leon/general-teran/progreso
67400,San Pedro,Ejido,General Terán,Nuevo León,,Rural,https://postali.app/mx/nuevo-leon/general-teran/san-pedro
67400,Zaragoza,Colonia,General Terán,Nuevo León,,Urbano,https://postali.app/mx/nuevo-leon/general-teran/zaragoza
67403,California,Ranchería,General Terán,Nuevo León,,Rural,https://postali.app/mx/nuevo-leon/general-teran/california
67405,Ojo de Agua,Ranchería,General Terán,Nuevo León,,Rural,https://postali.app/mx/nuevo-leon/general-teran/ojo-de-agua
67405,Ramírez,Ejido,General Terán,Nuevo León,,Rural,https://postali.app/mx/nuevo-leon/general-teran/ramirez
67406,La Purísima,Ejido,General Terán,Nuevo León,,Rural,https://postali.app/mx/nuevo-leon/general-teran/la-purisima
67413,La Morita,Rancho,General Terán,Nuevo León,,Rural,https://postali.app/mx/nuevo-leon/general-teran/la-morita
67413,La Unión,Ranchería,General Terán,Nuevo León,,Rural,https://postali.app/mx/nuevo-leon/general-teran/la-union
67413,Las Anacuas,Ejido,General Terán,Nuevo León,,Rural,https://postali.app/mx/nuevo-leon/general-teran/las-anacuas
67414,Las Anacuitas,Ejido,General Terán,Nuevo León,,Rural,https://postali.app/mx/nuevo-leon/general-teran/las-anacuitas
67415,La Corona,Ejido,General Terán,Nuevo León,,Rural,https://postali.app/mx/nuevo-leon/general-teran/la-corona
67416,El Encadenado,Ranchería,General Terán,Nuevo León,,Rural,https://postali.app/mx/nuevo-leon/general-teran/el-encadenado
67416,Las Brisas,Ejido,General Terán,Nuevo León,,Rural,https://postali.app/mx/nuevo-leon/general-teran/las-brisas
67416,Santa Engracia,Colonia,General Terán,Nuevo León,,Rural,https://postali.app/mx/nuevo-leon/general-teran/santa-engracia
67417,El Encadenado,Ejido,General Terán,Nuevo León,,Rural,https://postali.app/mx/nuevo-leon/general-teran/el-encadenado-67417
67423,Guadalupe la Joya,Ranchería,General Terán,Nuevo León,,Rural,https://postali.app/mx/nuevo-leon/general-teran/guadalupe-la-joya
67430,San Julián,Ranchería,General Terán,Nuevo León,,Rural,https://postali.app/mx/nuevo-leon/general-teran/san-julian
67448,Buenavista de Jiménez,Ranchería,General Terán,Nuevo León,,Rural,https://postali.app/mx/nuevo-leon/general-teran/buenavista-de-jimenez
67450,Hacienda del Cielo,Fraccionamiento,Cadereyta Jiménez,Nuevo León,,Rural,https://postali.app/mx/nuevo-leon/cadereyta-jimenez/hacienda-del-cielo
67451,Cárdenas,Ranchería,Cadereyta Jiménez,Nuevo León,,Rural,https://postali.app/mx/nuevo-leon/cadereyta-jimenez/cardenas
67453,La Senda,Colonia,Cadereyta Jiménez,Nuevo León,,Rural,https://postali.app/mx/nuevo-leon/cadereyta-jimenez/la-senda
67453,Santa Fe,Hacienda,Cadereyta Jiménez,Nuevo León,,Rural,https://postali.app/mx/nuevo-leon/cadereyta-jimenez/santa-fe
67454,La Nutria,Ranchería,Cadereyta Jiménez,Nuevo León,,Rural,https://postali.app/mx/nuevo-leon/cadereyta-jimenez/la-nutria
67454,Rancho Viejo,Ejido,Cadereyta Jiménez,Nuevo León,,Rural,https://postali.app/mx/nuevo-leon/cadereyta-jimenez/rancho-viejo
67454,San Juan,Ejido,Cadereyta Jiménez,Nuevo León,,Rural,https://postali.app/mx/nuevo-leon/cadereyta-jimenez/san-juan
67454,San Juan (El Calvario),Ejido,Cadereyta Jiménez,Nuevo León,,Rural,https://postali.app/mx/nuevo-leon/cadereyta-jimenez/san-juan-el-calvario
67455,El Saucito (El Sauz),Ejido,Cadereyta Jiménez,Nuevo León,,Rural,https://postali.app/mx/nuevo-leon/cadereyta-jimenez/el-saucito-el-sauz
67456,Chihuahua,Hacienda,Cadereyta Jiménez,Nuevo León,,Rural,https://postali.app/mx/nuevo-leon/cadereyta-jimenez/chihuahua
67456,El Castillo,Ejido,Cadereyta Jiménez,Nuevo León,,Rural,https://postali.app/mx/nuevo-leon/cadereyta-jimenez/el-castillo
67456,San Bartolo,Hacienda,Cadereyta Jiménez,Nuevo León,,Rural,https://postali.app/mx/nuevo-leon/cadereyta-jimenez/san-bartolo
67456,San Bartolo (Puerto Rico),Ejido,Cadereyta Jiménez,Nuevo León,,Rural,https://postali.app/mx/nuevo-leon/cadereyta-jimenez/san-bartolo-puerto-rico
67456,San Juan,Rancho,Cadereyta Jiménez,Nuevo León,,Rural,https://postali.app/mx/nuevo-leon/cadereyta-jimenez/san-juan-67456
67457,Hacienda el Mezcal,Colonia,Cadereyta Jiménez,Nuevo León,,Rural,https://postali.app/mx/nuevo-leon/cadereyta-jimenez/hacienda-el-mezcal
67457,Misión Antigua,Fraccionamiento,Cadereyta Jiménez,Nuevo León,,Urbano,https://postali.app/mx/nuevo-leon/cadereyta-jimenez/mision-antigua
67457,San Martín,Colonia,Cadereyta Jiménez,Nuevo León,,Rural,https://postali.app/mx/nuevo-leon/cadereyta-jimenez/san-martin
67458,Santa Rita,Fraccionamiento,Cadereyta Jiménez,Nuevo León,,Urbano,https://postali.app/mx/nuevo-leon/cadereyta-jimenez/santa-rita
67458,Valle del Roble,Fraccionamiento,Cadereyta Jiménez,Nuevo León,,Urbano,https://postali.app/mx/nuevo-leon/cadereyta-jimenez/valle-del-roble
67459,San Juan de los Garza (San Juanito),Ejido,Cadereyta Jiménez,Nuevo León,,Rural,https://postali.app/mx/nuevo-leon/cadereyta-jimenez/san-juan-de-los-garza-san-juanito
67460,Atongo de Abajo,Pueblo,Cadereyta Jiménez,Nuevo León,,Rural,https://postali.app/mx/nuevo-leon/cadereyta-jimenez/atongo-de-abajo
67460,Cerradas de Atongo,Fraccionamiento,Cadereyta Jiménez,Nuevo León,,Rural,https://postali.app/mx/nuevo-leon/cadereyta-jimenez/cerradas-de-atongo
67460,La Purísima,Ejido,Cadereyta Jiménez,Nuevo León,,Rural,https://postali.app/mx/nuevo-leon/cadereyta-jimenez/la-purisima
67460,Las Adjuntas (Rancho Viejo),Ejido,Cadereyta Jiménez,Nuevo León,,Rural,https://postali.app/mx/nuevo-leon/cadereyta-jimenez/las-adjuntas-rancho-viejo
67462,La Trinidad,Hacienda,Cadereyta Jiménez,Nuevo León,,Rural,https://postali.app/mx/nuevo-leon/cadereyta-jimenez/la-trinidad
67462,San Rafael,Hacienda,Cadereyta Jiménez,Nuevo León,,Rural,https://postali.app/mx/nuevo-leon/cadereyta-jimenez/san-rafael
67463,El Alamito,Hacienda,Cadereyta Jiménez,Nuevo León,,Rural,https://postali.app/mx/nuevo-leon/cadereyta-jimenez/el-alamito
67463,El Refugio,Hacienda,Cadereyta Jiménez,Nuevo León,,Rural,https://postali.app/mx/nuevo-leon/cadereyta-jimenez/el-refugio
67463,La Ceja,Hacienda,Cadereyta Jiménez,Nuevo León,,Rural,https://postali.app/mx/nuevo-leon/cadereyta-jimenez/la-ceja
67463,La Condesa,Fraccionamiento,Cadereyta Jiménez,Nuevo León,,Rural,https://postali.app/mx/nuevo-leon/cadereyta-jimenez/la-condesa
67464,Las Abras de Abajo,Ranchería,Cadereyta Jiménez,Nuevo León,,Rural,https://postali.app/mx/nuevo-leon/cadereyta-jimenez/las-abras-de-abajo
67464,Los Cerritos,Ranchería,Cadereyta Jiménez,Nuevo León,,Rural,https://postali.app/mx/nuevo-leon/cadereyta-jimenez/los-cerritos
67464,San Lorenzo,Ejido,Cadereyta Jiménez,Nuevo León,,Rural,https://postali.app/mx/nuevo-leon/cadereyta-jimenez/san-lorenzo
67464,San Patricio Privadas Campestres,Fraccionamiento,Cadereyta Jiménez,Nuevo León,,Rural,https://postali.app/mx/nuevo-leon/cadereyta-jimenez/san-patricio-privadas-campestres
67464,Santa Isabel,Hacienda,Cadereyta Jiménez,Nuevo León,,Rural,https://postali.app/mx/nuevo-leon/cadereyta-jimenez/santa-isabel
67465,La Esperanza,Ejido,Cadereyta Jiménez,Nuevo León,,Rural,https://postali.app/mx/nuevo-leon/cadereyta-jimenez/la-esperanza
67465,Palmitos,Ejido,Cadereyta Jiménez,Nuevo León,,Rural,https://postali.app/mx/nuevo-leon/cadereyta-jimenez/palmitos
67465,Palmitos (Hacienda Palmitos),Hacienda,Cadereyta Jiménez,Nuevo León,,Rural,https://postali.app/mx/nuevo-leon/cadereyta-jimenez/palmitos-hacienda-palmitos
67467,El Barranquito,Ejido,Cadereyta Jiménez,Nuevo León,,Rural,https://postali.app/mx/nuevo-leon/cadereyta-jimenez/el-barranquito
67467,Hacienda el Barranquito,Ranchería,Cadereyta Jiménez,Nuevo León,,Rural,https://postali.app/mx/nuevo-leon/cadereyta-jimenez/hacienda-el-barranquito
67467,Hacienda San Isidro,Ranchería,Cadereyta Jiménez,Nuevo León,,Rural,https://postali.app/mx/nuevo-leon/cadereyta-jimenez/hacienda-san-isidro
67467,La Unión,Ranchería,Cadereyta Jiménez,Nuevo León,,Rural,https://postali.app/mx/nuevo-leon/cadereyta-jimenez/la-union
67467,La Unión,Ejido,Cadereyta Jiménez,Nuevo León,,Rural,https://postali.app/mx/nuevo-leon/cadereyta-jimenez/la-union-67467
67467,Lajitas de Arriba,Hacienda,Cadereyta Jiménez,Nuevo León,,Rural,https://postali.app/mx/nuevo-leon/cadereyta-jimenez/lajitas-de-arriba
67467,Las Calzadas de Puerta Dorada,Fraccionamiento,Cadereyta Jiménez,Nuevo León,,Rural,https://postali.app/mx/nuevo-leon/cadereyta-jimenez/las-calzadas-de-puerta-dorada
67467,San José,Ranchería,Cadereyta Jiménez,Nuevo León,,Rural,https://postali.app/mx/nuevo-leon/cadereyta-jimenez/san-jose
67469,Las Adjuntas,Ejido,Cadereyta Jiménez,Nuevo León,,Rural,https://postali.app/mx/nuevo-leon/cadereyta-jimenez/las-adjuntas
67470,Las Palomitas (La Fragua),Colonia,Cadereyta Jiménez,Nuevo León,,Rural,https://postali.app/mx/nuevo-leon/cadereyta-jimenez/las-palomitas-la-fragua
67473,CERESO Cadereyta,Equipamiento,Cadereyta Jiménez,Nuevo León,,Rural,https://postali.app/mx/nuevo-leon/cadereyta-jimenez/cereso-cadereyta
67474,Casas Viejas (La Florida),Ejido,Cadereyta Jiménez,Nuevo León,,Rural,https://postali.app/mx/nuevo-leon/cadereyta-jimenez/casas-viejas-la-florida
67474,El Refugio (El Nopalito),Hacienda,Cadereyta Jiménez,Nuevo León,,Rural,https://postali.app/mx/nuevo-leon/cadereyta-jimenez/el-refugio-el-nopalito
67474,Hacienda las Trancas,Hacienda,Cadereyta Jiménez,Nuevo León,,Rural,https://postali.app/mx/nuevo-leon/cadereyta-jimenez/hacienda-las-trancas
67474,La Chueca,Ejido,Cadereyta Jiménez,Nuevo León,,Rural,https://postali.app/mx/nuevo-leon/cadereyta-jimenez/la-chueca
67474,Sabarado,Hacienda,Cadereyta Jiménez,Nuevo León,,Rural,https://postali.app/mx/nuevo-leon/cadereyta-jimenez/sabarado
67474,San Miguelito,Ejido,Cadereyta Jiménez,Nuevo León,,Rural,https://postali.app/mx/nuevo-leon/cadereyta-jimenez/san-miguelito
67474,Santa Efigenia,Ejido,Cadereyta Jiménez,Nuevo León,,Rural,https://postali.app/mx/nuevo-leon/cadereyta-jimenez/santa-efigenia
67475,Soledad Herrera,Ejido,Cadereyta Jiménez,Nuevo León,,Rural,https://postali.app/mx/nuevo-leon/cadereyta-jimenez/soledad-herrera
67475,Soledad Herrera (Sabinos),Ejido,Cadereyta Jiménez,Nuevo León,,Rural,https://postali.app/mx/nuevo-leon/cadereyta-jimenez/soledad-herrera-sabinos
67476,Santa Fe y Chihuahua,Ejido,Cadereyta Jiménez,Nuevo León,,Rural,https://postali.app/mx/nuevo-leon/cadereyta-jimenez/santa-fe-y-chihuahua
67480,Cadereyta Jiménez Centro,Colonia,Cadereyta Jiménez,Nuevo León,Cadereyta Jiménez,Urbano,https://postali.app/mx/nuevo-leon/cadereyta-jimenez/cadereyta-jimenez-centro
67480,Delia,Colonia,Cadereyta Jiménez,Nuevo León,Cadereyta Jiménez,Urbano,https://postali.app/mx/nuevo-leon/cadereyta-jimenez/delia
67480,Fidel Velázquez,Colonia,Cadereyta Jiménez,Nuevo León,Cadereyta Jiménez,Urbano,https://postali.app/mx/nuevo-leon/cadereyta-jimenez/fidel-velazquez
67480,Garza Cantú,Colonia,Cadereyta Jiménez,Nuevo León,Cadereyta Jiménez,Urbano,https://postali.app/mx/nuevo-leon/cadereyta-jimenez/garza-cantu
67480,La Capilla,Fraccionamiento,Cadereyta Jiménez,Nuevo León,Cadereyta Jiménez,Urbano,https://postali.app/mx/nuevo-leon/cadereyta-jimenez/la-capilla
67480,La Rioja,Colonia,Cadereyta Jiménez,Nuevo León,Cadereyta Jiménez,Urbano,https://postali.app/mx/nuevo-leon/cadereyta-jimenez/la-rioja
67480,Pedregal de Cadereyta,Fraccionamiento,Cadereyta Jiménez,Nuevo León,Cadereyta Jiménez,Urbano,https://postali.app/mx/nuevo-leon/cadereyta-jimenez/pedregal-de-cadereyta
67480,Privadas San Juan,Fraccionamiento,Cadereyta Jiménez,Nuevo León,Cadereyta Jiménez,Urbano,https://postali.app/mx/nuevo-leon/cadereyta-jimenez/privadas-san-juan
67480,Residencial Cadereyta Viyees,Fraccionamiento,Cadereyta Jiménez,Nuevo León,Cadereyta Jiménez,Urbano,https://postali.app/mx/nuevo-leon/cadereyta-jimenez/residencial-cadereyta-viyees
67483,Alfredo V Bonfil,Colonia,Cadereyta Jiménez,Nuevo León,Cadereyta Jiménez,Urbano,https://postali.app/mx/nuevo-leon/cadereyta-jimenez/alfredo-v-bonfil
67483,Burócratas Municipales,Colonia,Cadereyta Jiménez,Nuevo León,Cadereyta Jiménez,Urbano,https://postali.app/mx/nuevo-leon/cadereyta-jimenez/burocratas-municipales
67483,Candelaria Ríos,Colonia,Cadereyta Jiménez,Nuevo León,Cadereyta Jiménez,Urbano,https://postali.app/mx/nuevo-leon/cadereyta-jimenez/candelaria-rios
67483,Estación Cadereyta,Zona industrial,Cadereyta Jiménez,Nuevo León,Cadereyta Jiménez,Urbano,https://postali.app/mx/nuevo-leon/cadereyta-jimenez/estacion-cadereyta
67483,Gloria Mendiola,Colonia,Cadereyta Jiménez,Nuevo León,Cadereyta Jiménez,Urbano,https://postali.app/mx/nuevo-leon/cadereyta-jimenez/gloria-mendiola
67483,Graciano Sánchez,Colonia,Cadereyta Jiménez,Nuevo León,Cadereyta Jiménez,Urbano,https://postali.app/mx/nuevo-leon/cadereyta-jimenez/graciano-sanchez
67483,Jerónimo Treviño Primera Sección,Colonia,Cadereyta Jiménez,Nuevo León,Cadereyta Jiménez,Urbano,https://postali.app/mx/nuevo-leon/cadereyta-jimenez/jeronimo-trevino-primera-seccion
67483,José Luis Lozano,Colonia,Cadereyta Jiménez,Nuevo León,Cadereyta Jiménez,Urbano,https://postali.app/mx/nuevo-leon/cadereyta-jimenez/jose-luis-lozano
67483,Las Misiones,Fraccionamiento,Cadereyta Jiménez,Nuevo León,Cadereyta Jiménez,Urbano,https://postali.app/mx/nuevo-leon/cadereyta-jimenez/las-misiones
67483,Lázaro Cárdenas,Colonia,Cadereyta Jiménez,Nuevo León,Cadereyta Jiménez,Urbano,https://postali.app/mx/nuevo-leon/cadereyta-jimenez/lazaro-cardenas
67483,Nueva Cadereyta,Colonia,Cadereyta Jiménez,Nuevo León,Cadereyta Jiménez,Urbano,https://postali.app/mx/nuevo-leon/cadereyta-jimenez/nueva-cadereyta
67483,PEMEX,Colonia,Cadereyta Jiménez,Nuevo León,Cadereyta Jiménez,Urbano,https://postali.app/mx/nuevo-leon/cadereyta-jimenez/pemex
67483,Puertas de Cadereyta,Colonia,Cadereyta Jiménez,Nuevo León,Cadereyta Jiménez,Urbano,https://postali.app/mx/nuevo-leon/cadereyta-jimenez/puertas-de-cadereyta
67483,Rafael de León,Colonia,Cadereyta Jiménez,Nuevo León,Cadereyta Jiménez,Urbano,https://postali.app/mx/nuevo-leon/cadereyta-jimenez/rafael-de-leon
67483,Veteranos,Colonia,Cadereyta Jiménez,Nuevo León,Cadereyta Jiménez,Urbano,https://postali.app/mx/nuevo-leon/cadereyta-jimenez/veteranos
67484,Alberos,Fraccionamiento,Cadereyta Jiménez,Nuevo León,Cadereyta Jiménez,Urbano,https://postali.app/mx/nuevo-leon/cadereyta-jimenez/alberos
67484,Fidel Velázquez,Fraccionamiento,Cadereyta Jiménez,Nuevo León,Cadereyta Jiménez,Urbano,https://postali.app/mx/nuevo-leon/cadereyta-jimenez/fidel-velazquez-67484
67484,Ignacio Allende,Fraccionamiento,Cadereyta Jiménez,Nuevo León,Cadereyta Jiménez,Urbano,https://postali.app/mx/nuevo-leon/cadereyta-jimenez/ignacio-allende
67484,INFONAVIT Arboledas,Colonia,Cadereyta Jiménez,Nuevo León,Cadereyta Jiménez,Urbano,https://postali.app/mx/nuevo-leon/cadereyta-jimenez/infonavit-arboledas
67484,INFONAVIT Jerónimo Treviño,Colonia,Cadereyta Jiménez,Nuevo León,Cadereyta Jiménez,Urbano,https://postali.app/mx/nuevo-leon/cadereyta-jimenez/infonavit-jeronimo-trevino
67484,Jardines de Capellanía,Colonia,Cadereyta Jiménez,Nuevo León,Cadereyta Jiménez,Urbano,https://postali.app/mx/nuevo-leon/cadereyta-jimenez/jardines-de-capellania
67484,José O Martínez Sección A,Colonia,Cadereyta Jiménez,Nuevo León,Cadereyta Jiménez,Urbano,https://postali.app/mx/nuevo-leon/cadereyta-jimenez/jose-o-martinez-seccion-a
67484,José O Martínez Sección B,Colonia,Cadereyta Jiménez,Nuevo León,Cadereyta Jiménez,Urbano,https://postali.app/mx/nuevo-leon/cadereyta-jimenez/jose-o-martinez-seccion-b
67484,Koel,Fraccionamiento,Cadereyta Jiménez,Nuevo León,Cadereyta Jiménez,Urbano,https://postali.app/mx/nuevo-leon/cadereyta-jimenez/koel
67484,Marín González,Colonia,Cadereyta Jiménez,Nuevo León,Cadereyta Jiménez,Urbano,https://postali.app/mx/nuevo-leon/cadereyta-jimenez/marin-gonzalez
67484,Portal de Cadereyta,Fraccionamiento,Cadereyta Jiménez,Nuevo León,Cadereyta Jiménez,Rural,https://postali.app/mx/nuevo-leon/cadereyta-jimenez/portal-de-cadereyta
67484,Praderas de Cadereyta,Colonia,Cadereyta Jiménez,Nuevo León,Cadereyta Jiménez,Urbano,https://postali.app/mx/nuevo-leon/cadereyta-jimenez/praderas-de-cadereyta
67484,Residencial Jardines de Compostela,Fraccionamiento,Cadereyta Jiménez,Nuevo León,Cadereyta Jiménez,Urbano,https://postali.app/mx/nuevo-leon/cadereyta-jimenez/residencial-jardines-de-compostela
67484,Residencial Paraíso,Fraccionamiento,Cadereyta Jiménez,Nuevo León,Cadereyta Jiménez,Urbano,https://postali.app/mx/nuevo-leon/cadereyta-jimenez/residencial-paraiso
67484,Salinas de Gortari,Colonia,Cadereyta Jiménez,Nuevo León,Cadereyta Jiménez,Urbano,https://postali.app/mx/nuevo-leon/cadereyta-jimenez/salinas-de-gortari
67484,San Moisés,Fraccionamiento,Cadereyta Jiménez,Nuevo León,Cadereyta Jiménez,Urbano,https://postali.app/mx/nuevo-leon/cadereyta-jimenez/san-moises
67484,Santa Cecilia,Colonia,Cadereyta Jiménez,Nuevo León,Cadereyta Jiménez,Urbano,https://postali.app/mx/nuevo-leon/cadereyta-jimenez/santa-cecilia
67484,Valle de Cadereyta,Fraccionamiento,Cadereyta Jiménez,Nuevo León,Cadereyta Jiménez,Urbano,https://postali.app/mx/nuevo-leon/cadereyta-jimenez/valle-de-cadereyta
67484,Valles del Rey,Fraccionamiento,Cadereyta Jiménez,Nuevo León,Cadereyta Jiménez,Urbano,https://postali.app/mx/nuevo-leon/cadereyta-jimenez/valles-del-rey
67484,Villa Luz,Fraccionamiento,Cadereyta Jiménez,Nuevo León,Cadereyta Jiménez,Urbano,https://postali.app/mx/nuevo-leon/cadereyta-jimenez/villa-luz
67485,Ampliación Galindo,Colonia,Cadereyta Jiménez,Nuevo León,Cadereyta Jiménez,Urbano,https://postali.app/mx/nuevo-leon/cadereyta-jimenez/ampliacion-galindo
67485,Bellavista,Fraccionamiento,Cadereyta Jiménez,Nuevo León,Cadereyta Jiménez,Urbano,https://postali.app/mx/nuevo-leon/cadereyta-jimenez/bellavista
67485,Bellavista Cuarto Sector,Fraccionamiento,Cadereyta Jiménez,Nuevo León,Cadereyta Jiménez,Urbano,https://postali.app/mx/nuevo-leon/cadereyta-jimenez/bellavista-cuarto-sector
67485,Burócratas Federales,Colonia,Cadereyta Jiménez,Nuevo León,Cadereyta Jiménez,Urbano,https://postali.app/mx/nuevo-leon/cadereyta-jimenez/burocratas-federales
67485,Casa Blanca,Fraccionamiento,Cadereyta Jiménez,Nuevo León,Cadereyta Jiménez,Urbano,https://postali.app/mx/nuevo-leon/cadereyta-jimenez/casa-blanca
67485,Casazul,Colonia,Cadereyta Jiménez,Nuevo León,Cadereyta Jiménez,Urbano,https://postali.app/mx/nuevo-leon/cadereyta-jimenez/casazul
67485,Ejido Cadereyta,Colonia,Cadereyta Jiménez,Nuevo León,Cadereyta Jiménez,Urbano,https://postali.app/mx/nuevo-leon/cadereyta-jimenez/ejido-cadereyta
67485,El Rosario,Fraccionamiento,Cadereyta Jiménez,Nuevo León,Cadereyta Jiménez,Urbano,https://postali.app/mx/nuevo-leon/cadereyta-jimenez/el-rosario
67485,Emiliano Zapata,Colonia,Cadereyta Jiménez,Nuevo León,Cadereyta Jiménez,Urbano,https://postali.app/mx/nuevo-leon/cadereyta-jimenez/emiliano-zapata
67485,Fomerrey Cadereyta,Colonia,Cadereyta Jiménez,Nuevo León,Cadereyta Jiménez,Urbano,https://postali.app/mx/nuevo-leon/cadereyta-jimenez/fomerrey-cadereyta
67485,Framboyanes,Fraccionamiento,Cadereyta Jiménez,Nuevo León,Cadereyta Jiménez,Urbano,https://postali.app/mx/nuevo-leon/cadereyta-jimenez/framboyanes
67485,Galindo,Colonia,Cadereyta Jiménez,Nuevo León,Cadereyta Jiménez,Urbano,https://postali.app/mx/nuevo-leon/cadereyta-jimenez/galindo
67485,INFONAVIT Sabinitos,Colonia,Cadereyta Jiménez,Nuevo León,Cadereyta Jiménez,Urbano,https://postali.app/mx/nuevo-leon/cadereyta-jimenez/infonavit-sabinitos
67485,Jardines de Cadereyta,Fraccionamiento,Cadereyta Jiménez,Nuevo León,Cadereyta Jiménez,Urbano,https://postali.app/mx/nuevo-leon/cadereyta-jimenez/jardines-de-cadereyta
67485,Las Espigas,Fraccionamiento,Cadereyta Jiménez,Nuevo León,Cadereyta Jiménez,Urbano,https://postali.app/mx/nuevo-leon/cadereyta-jimenez/las-espigas
67485,Las Palmas,Fraccionamiento,Cadereyta Jiménez,Nuevo León,Cadereyta Jiménez,Urbano,https://postali.app/mx/nuevo-leon/cadereyta-jimenez/las-palmas
67485,Las Villas,Fraccionamiento,Cadereyta Jiménez,Nuevo León,Cadereyta Jiménez,Urbano,https://postali.app/mx/nuevo-leon/cadereyta-jimenez/las-villas
67485,Lomas de San Agustín,Fraccionamiento,Cadereyta Jiménez,Nuevo León,Cadereyta Jiménez,Urbano,https://postali.app/mx/nuevo-leon/cadereyta-jimenez/lomas-de-san-agustin
67485,López Mateos,Colonia,Cadereyta Jiménez,Nuevo León,Cadereyta Jiménez,Urbano,https://postali.app/mx/nuevo-leon/cadereyta-jimenez/lopez-mateos
67485,Nueva Madero,Colonia,Cadereyta Jiménez,Nuevo León,Cadereyta Jiménez,Urbano,https://postali.app/mx/nuevo-leon/cadereyta-jimenez/nueva-madero
67485,Padilla,Colonia,Cadereyta Jiménez,Nuevo León,Cadereyta Jiménez,Urbano,https://postali.app/mx/nuevo-leon/cadereyta-jimenez/padilla
67485,Privada Santa Lucía,Fraccionamiento,Cadereyta Jiménez,Nuevo León,Cadereyta Jiménez,Urbano,https://postali.app/mx/nuevo-leon/cadereyta-jimenez/privada-santa-lucia
67485,Privadas del Río,Fraccionamiento,Cadereyta Jiménez,Nuevo León,Cadereyta Jiménez,Urbano,https://postali.app/mx/nuevo-leon/cadereyta-jimenez/privadas-del-rio
67485,Real de Cadereyta,Fraccionamiento,Cadereyta Jiménez,Nuevo León,Cadereyta Jiménez,Urbano,https://postali.app/mx/nuevo-leon/cadereyta-jimenez/real-de-cadereyta
67485,San Genaro,Colonia,Cadereyta Jiménez,Nuevo León,Cadereyta Jiménez,Urbano,https://postali.app/mx/nuevo-leon/cadereyta-jimenez/san-genaro
67485,San Ignacio,Colonia,Cadereyta Jiménez,Nuevo León,Cadereyta Jiménez,Urbano,https://postali.app/mx/nuevo-leon/cadereyta-jimenez/san-ignacio
67485,Santa Anita,Fraccionamiento,Cadereyta Jiménez,Nuevo León,Cadereyta Jiménez,Urbano,https://postali.app/mx/nuevo-leon/cadereyta-jimenez/santa-anita
67485,Santa Liliana,Fraccionamiento,Cadereyta Jiménez,Nuevo León,Cadereyta Jiménez,Urbano,https://postali.app/mx/nuevo-leon/cadereyta-jimenez/santa-liliana
67485,Santa Lucía,Colonia,Cadereyta Jiménez,Nuevo León,Cadereyta Jiménez,Urbano,https://postali.app/mx/nuevo-leon/cadereyta-jimenez/santa-lucia
67485,Santa Lucía Segundo Sector,Fraccionamiento,Cadereyta Jiménez,Nuevo León,Cadereyta Jiménez,Urbano,https://postali.app/mx/nuevo-leon/cadereyta-jimenez/santa-lucia-segundo-sector
67485,Santa María,Colonia,Cadereyta Jiménez,Nuevo León,Cadereyta Jiménez,Urbano,https://postali.app/mx/nuevo-leon/cadereyta-jimenez/santa-maria
67485,Valle de los Encinos,Fraccionamiento,Cadereyta Jiménez,Nuevo León,Cadereyta Jiménez,Urbano,https://postali.app/mx/nuevo-leon/cadereyta-jimenez/valle-de-los-encinos
67485,Villas del Bosque,Fraccionamiento,Cadereyta Jiménez,Nuevo León,Cadereyta Jiménez,Urbano,https://postali.app/mx/nuevo-leon/cadereyta-jimenez/villas-del-bosque
67486,Lomas de los Pilares,Fraccionamiento,Cadereyta Jiménez,Nuevo León,Cadereyta Jiménez,Urbano,https://postali.app/mx/nuevo-leon/cadereyta-jimenez/lomas-de-los-pilares
67486,Lomas de Rosarito,Fraccionamiento,Cadereyta Jiménez,Nuevo León,Cadereyta Jiménez,Urbano,https://postali.app/mx/nuevo-leon/cadereyta-jimenez/lomas-de-rosarito
67486,Palmanova,Fraccionamiento,Cadereyta Jiménez,Nuevo León,Cadereyta Jiménez,Urbano,https://postali.app/mx/nuevo-leon/cadereyta-jimenez/palmanova
67488,PEMEX Refinería,Equipamiento,Cadereyta Jiménez,Nuevo León,Cadereyta Jiménez,Urbano,https://postali.app/mx/nuevo-leon/cadereyta-jimenez/pemex-refineria
67490,La Concepción,Ejido,Cadereyta Jiménez,Nuevo León,,Rural,https://postali.app/mx/nuevo-leon/cadereyta-jimenez/la-concepcion
67490,Pueblo Nuevo (Tepehuaje),Pueblo,Cadereyta Jiménez,Nuevo León,,Rural,https://postali.app/mx/nuevo-leon/cadereyta-jimenez/pueblo-nuevo-tepehuaje
67490,Tepehuaje,Pueblo,Cadereyta Jiménez,Nuevo León,,Rural,https://postali.app/mx/nuevo-leon/cadereyta-jimenez/tepehuaje
67492,La Haciendita,Ejido,Cadereyta Jiménez,Nuevo León,,Rural,https://postali.app/mx/nuevo-leon/cadereyta-jimenez/la-haciendita
67493,Dolores,Hacienda,Cadereyta Jiménez,Nuevo León,,Rural,https://postali.app/mx/nuevo-leon/cadereyta-jimenez/dolores
67493,San Diego,Ejido,Cadereyta Jiménez,Nuevo León,,Rural,https://postali.app/mx/nuevo-leon/cadereyta-jimenez/san-diego
67493,Santa Isabel y Dolores,Ejido,Cadereyta Jiménez,Nuevo León,,Rural,https://postali.app/mx/nuevo-leon/cadereyta-jimenez/santa-isabel-y-dolores
67493,Tepehuaje,Ranchería,Cadereyta Jiménez,Nuevo León,,Rural,https://postali.app/mx/nuevo-leon/cadereyta-jimenez/tepehuaje-67493
67496,Vaqueros [Estación],Paraje,Cadereyta Jiménez,Nuevo León,,Rural,https://postali.app/mx/nuevo-leon/cadereyta-jimenez/vaqueros-estacion
67497,El Matorral,Colonia,Cadereyta Jiménez,Nuevo León,,Rural,https://postali.app/mx/nuevo-leon/cadereyta-jimenez/el-matorral
67498,El Barco,Ejido,Cadereyta Jiménez,Nuevo León,,Rural,https://postali.app/mx/nuevo-leon/cadereyta-jimenez/el-barco
67498,Valle Hidalgo (El Quemado),Ranchería,Cadereyta Jiménez,Nuevo León,,Rural,https://postali.app/mx/nuevo-leon/cadereyta-jimenez/valle-hidalgo-el-quemado
67499,Trancas y Sabarado,Ejido,Cadereyta Jiménez,Nuevo León,,Rural,https://postali.app/mx/nuevo-leon/cadereyta-jimenez/trancas-y-sabarado
67500,Montemorelos Centro,Colonia,Montemorelos,Nuevo León,Montemorelos,Urbano,https://postali.app/mx/nuevo-leon/montemorelos/montemorelos-centro
67510,Del Maestro,Colonia,Montemorelos,Nuevo León,Montemorelos,Urbano,https://postali.app/mx/nuevo-leon/montemorelos/del-maestro
67510,Matamoros,Barrio,Montemorelos,Nuevo León,Montemorelos,Urbano,https://postali.app/mx/nuevo-leon/montemorelos/matamoros
67512,Arcángeles II,Fraccionamiento,Montemorelos,Nuevo León,Montemorelos,Urbano,https://postali.app/mx/nuevo-leon/montemorelos/arcangeles-ii
67512,Brisas del Pedregal,Fraccionamiento,Montemorelos,Nuevo León,Montemorelos,Urbano,https://postali.app/mx/nuevo-leon/montemorelos/brisas-del-pedregal
67512,Las Palmas,Fraccionamiento,Montemorelos,Nuevo León,Montemorelos,Urbano,https://postali.app/mx/nuevo-leon/montemorelos/las-palmas
67512,Los Arcángeles,Fraccionamiento,Montemorelos,Nuevo León,Montemorelos,Urbano,https://postali.app/mx/nuevo-leon/montemorelos/los-arcangeles
67512,Residencial Hacienda las Cumbres,Fraccionamiento,Montemorelos,Nuevo León,Montemorelos,Urbano,https://postali.app/mx/nuevo-leon/montemorelos/residencial-hacienda-las-cumbres
67512,Residencial Santa Fe,Fraccionamiento,Montemorelos,Nuevo León,Montemorelos,Urbano,https://postali.app/mx/nuevo-leon/montemorelos/residencial-santa-fe
67512,Rincón de las Huertas,Fraccionamiento,Montemorelos,Nuevo León,Montemorelos,Urbano,https://postali.app/mx/nuevo-leon/montemorelos/rincon-de-las-huertas
67512,San Mateo,Fraccionamiento,Montemorelos,Nuevo León,Montemorelos,Urbano,https://postali.app/mx/nuevo-leon/montemorelos/san-mateo
67512,Zambrano,Colonia,Montemorelos,Nuevo León,Montemorelos,Urbano,https://postali.app/mx/nuevo-leon/montemorelos/zambrano
67515,El Bosque,Colonia,Montemorelos,Nuevo León,Montemorelos,Rural,https://postali.app/mx/nuevo-leon/montemorelos/el-bosque
67515,El Fresno,Fraccionamiento,Montemorelos,Nuevo León,Montemorelos,Urbano,https://postali.app/mx/nuevo-leon/montemorelos/el-fresno
67515,La Carroza,Colonia,Montemorelos,Nuevo León,Montemorelos,Rural,https://postali.app/mx/nuevo-leon/montemorelos/la-carroza
67515,Los Fresnos,Fraccionamiento,Montemorelos,Nuevo León,Montemorelos,Urbano,https://postali.app/mx/nuevo-leon/montemorelos/los-fresnos
67515,Los Nogales,Fraccionamiento,Montemorelos,Nuevo León,Montemorelos,Urbano,https://postali.app/mx/nuevo-leon/montemorelos/los-nogales
67515,Los Sabinos,Colonia,Montemorelos,Nuevo León,Montemorelos,Urbano,https://postali.app/mx/nuevo-leon/montemorelos/los-sabinos
67515,Maranatha,Fraccionamiento,Montemorelos,Nuevo León,Montemorelos,Urbano,https://postali.app/mx/nuevo-leon/montemorelos/maranatha
67515,Real del Valle,Fraccionamiento,Montemorelos,Nuevo León,Montemorelos,Urbano,https://postali.app/mx/nuevo-leon/montemorelos/real-del-valle
67515,Valle Dorado,Colonia,Montemorelos,Nuevo León,Montemorelos,Urbano,https://postali.app/mx/nuevo-leon/montemorelos/valle-dorado
67520,Hacienda los Azahares,Fraccionamiento,Montemorelos,Nuevo León,Montemorelos,Urbano,https://postali.app/mx/nuevo-leon/montemorelos/hacienda-los-azahares
67520,Paras,Barrio,Montemorelos,Nuevo León,Montemorelos,Urbano,https://postali.app/mx/nuevo-leon/montemorelos/paras
67528,Cruz Verde,Fraccionamiento,Montemorelos,Nuevo León,Montemorelos,Urbano,https://postali.app/mx/nuevo-leon/montemorelos/cruz-verde
67528,Hacienda los Naranjos,Fraccionamiento,Montemorelos,Nuevo León,Montemorelos,Urbano,https://postali.app/mx/nuevo-leon/montemorelos/hacienda-los-naranjos
67528,Rincón de los Naranjos,Fraccionamiento,Montemorelos,Nuevo León,Montemorelos,Urbano,https://postali.app/mx/nuevo-leon/montemorelos/rincon-de-los-naranjos
67530,La Primavera,Fraccionamiento,Montemorelos,Nuevo León,Montemorelos,Urbano,https://postali.app/mx/nuevo-leon/montemorelos/la-primavera
67530,Las Alamedas,Fraccionamiento,Montemorelos,Nuevo León,Montemorelos,Urbano,https://postali.app/mx/nuevo-leon/montemorelos/las-alamedas
67530,Zaragoza,Colonia,Montemorelos,Nuevo León,Montemorelos,Urbano,https://postali.app/mx/nuevo-leon/montemorelos/zaragoza
67535,7 de Noviembre,Colonia,Montemorelos,Nuevo León,Montemorelos,Urbano,https://postali.app/mx/nuevo-leon/montemorelos/7-de-noviembre
67535,Alfonso Martínez Domínguez,Colonia,Montemorelos,Nuevo León,Montemorelos,Urbano,https://postali.app/mx/nuevo-leon/montemorelos/alfonso-martinez-dominguez
67535,Bugambilias,Fraccionamiento,Montemorelos,Nuevo León,Montemorelos,Urbano,https://postali.app/mx/nuevo-leon/montemorelos/bugambilias
67535,La Fé,Fraccionamiento,Montemorelos,Nuevo León,Montemorelos,Urbano,https://postali.app/mx/nuevo-leon/montemorelos/la-fe
67535,Montemorelos Industrial Park,Zona industrial,Montemorelos,Nuevo León,Montemorelos,Urbano,https://postali.app/mx/nuevo-leon/montemorelos/montemorelos-industrial-park
67535,Morelos II,Colonia,Montemorelos,Nuevo León,Montemorelos,Urbano,https://postali.app/mx/nuevo-leon/montemorelos/morelos-ii
67535,Primero de Mayo,Colonia,Montemorelos,Nuevo León,Montemorelos,Urbano,https://postali.app/mx/nuevo-leon/montemorelos/primero-de-mayo
67535,Puente Amarillo,Colonia,Montemorelos,Nuevo León,Montemorelos,Urbano,https://postali.app/mx/nuevo-leon/montemorelos/puente-amarillo
67535,Rincón del Edén,Fraccionamiento,Montemorelos,Nuevo León,Montemorelos,Urbano,https://postali.app/mx/nuevo-leon/montemorelos/rincon-del-eden
67540,Mendivil,Barrio,Montemorelos,Nuevo León,Montemorelos,Urbano,https://postali.app/mx/nuevo-leon/montemorelos/mendivil
67541,Anita,Colonia,Montemorelos,Nuevo León,Montemorelos,Urbano,https://postali.app/mx/nuevo-leon/montemorelos/anita
67543,Buenos Aires,Colonia,Montemorelos,Nuevo León,Montemorelos,Urbano,https://postali.app/mx/nuevo-leon/montemorelos/buenos-aires
67543,Hortencia González,Colonia,Montemorelos,Nuevo León,Montemorelos,Urbano,https://postali.app/mx/nuevo-leon/montemorelos/hortencia-gonzalez
67543,INFONAVIT Antonio I Villareal,Fraccionamiento,Montemorelos,Nuevo León,Montemorelos,Urbano,https://postali.app/mx/nuevo-leon/montemorelos/infonavit-antonio-i-villareal
67543,José María Morelos y Pavón,Colonia,Montemorelos,Nuevo León,Montemorelos,Urbano,https://postali.app/mx/nuevo-leon/montemorelos/jose-maria-morelos-y-pavon
67543,La Estación,Colonia,Montemorelos,Nuevo León,Montemorelos,Urbano,https://postali.app/mx/nuevo-leon/montemorelos/la-estacion
67543,Las Latitas,Colonia,Montemorelos,Nuevo León,Montemorelos,Rural,https://postali.app/mx/nuevo-leon/montemorelos/las-latitas
67543,Lázaro Cárdenas,Colonia,Montemorelos,Nuevo León,Montemorelos,Urbano,https://postali.app/mx/nuevo-leon/montemorelos/lazaro-cardenas
67543,Raúl Caballero,Colonia,Montemorelos,Nuevo León,Montemorelos,Urbano,https://postali.app/mx/nuevo-leon/montemorelos/raul-caballero
67543,Valeriano García Galván,Colonia,Montemorelos,Nuevo León,Montemorelos,Urbano,https://postali.app/mx/nuevo-leon/montemorelos/valeriano-garcia-galvan
67544,Burócratas Municipales,Colonia,Montemorelos,Nuevo León,Montemorelos,Urbano,https://postali.app/mx/nuevo-leon/montemorelos/burocratas-municipales
67544,Los Nogales,Fraccionamiento,Montemorelos,Nuevo León,Montemorelos,Urbano,https://postali.app/mx/nuevo-leon/montemorelos/los-nogales-67544
67544,Morelos I,Colonia,Montemorelos,Nuevo León,Montemorelos,Urbano,https://postali.app/mx/nuevo-leon/montemorelos/morelos-i
67550,Mexiquito,Colonia,Montemorelos,Nuevo León,Montemorelos,Rural,https://postali.app/mx/nuevo-leon/montemorelos/mexiquito
67554,El Consuelo (Echavarría),Ranchería,Montemorelos,Nuevo León,Montemorelos,Rural,https://postali.app/mx/nuevo-leon/montemorelos/el-consuelo-echavarria
67560,Gil de Leyva,Colonia,Montemorelos,Nuevo León,Montemorelos,Urbano,https://postali.app/mx/nuevo-leon/montemorelos/gil-de-leyva
67560,Jardines del Pedregal,Colonia,Montemorelos,Nuevo León,Montemorelos,Urbano,https://postali.app/mx/nuevo-leon/montemorelos/jardines-del-pedregal
67560,Monte Real,Colonia,Montemorelos,Nuevo León,Montemorelos,Urbano,https://postali.app/mx/nuevo-leon/montemorelos/monte-real
67560,Naranjos,Fraccionamiento,Montemorelos,Nuevo León,Montemorelos,Urbano,https://postali.app/mx/nuevo-leon/montemorelos/naranjos
67560,Padre Mier,Colonia,Montemorelos,Nuevo León,Montemorelos,Rural,https://postali.app/mx/nuevo-leon/montemorelos/padre-mier
67570,Campestre Don Arnulfo,Fraccionamiento,Montemorelos,Nuevo León,Montemorelos,Urbano,https://postali.app/mx/nuevo-leon/montemorelos/campestre-don-arnulfo
67570,Lerdo de Tejada,Colonia,Montemorelos,Nuevo León,Montemorelos,Urbano,https://postali.app/mx/nuevo-leon/montemorelos/lerdo-de-tejada
67580,La Ladrillera,Colonia,Montemorelos,Nuevo León,Montemorelos,Urbano,https://postali.app/mx/nuevo-leon/montemorelos/la-ladrillera
67587,Centenario,Fraccionamiento,Montemorelos,Nuevo León,Montemorelos,Urbano,https://postali.app/mx/nuevo-leon/montemorelos/centenario
67587,Francisco Villa,Colonia,Montemorelos,Nuevo León,Montemorelos,Urbano,https://postali.app/mx/nuevo-leon/montemorelos/francisco-villa
67588,6 de Abril,Colonia,Montemorelos,Nuevo León,Montemorelos,Urbano,https://postali.app/mx/nuevo-leon/montemorelos/6-de-abril
67588,José María Paras,Colonia,Montemorelos,Nuevo León,Montemorelos,Urbano,https://postali.app/mx/nuevo-leon/montemorelos/jose-maria-paras
67588,Miguel Hidalgo,Colonia,Montemorelos,Nuevo León,Montemorelos,Urbano,https://postali.app/mx/nuevo-leon/montemorelos/miguel-hidalgo
67589,Emiliano Zapata,Colonia,Montemorelos,Nuevo León,Montemorelos,Urbano,https://postali.app/mx/nuevo-leon/montemorelos/emiliano-zapata
67590,Garza García,Barrio,Montemorelos,Nuevo León,Montemorelos,Urbano,https://postali.app/mx/nuevo-leon/montemorelos/garza-garcia
67590,José López Portillo,Colonia,Montemorelos,Nuevo León,Montemorelos,Urbano,https://postali.app/mx/nuevo-leon/montemorelos/jose-lopez-portillo
67599,Jalisco,Colonia,Montemorelos,Nuevo León,Montemorelos,Urbano,https://postali.app/mx/nuevo-leon/montemorelos/jalisco
67600,El Fraile,Ejido,Montemorelos,Nuevo León,,Rural,https://postali.app/mx/nuevo-leon/montemorelos/el-fraile
67600,La Presa,Colonia,Montemorelos,Nuevo León,,Rural,https://postali.app/mx/nuevo-leon/montemorelos/la-presa
67600,San Miguel,Pueblo,Montemorelos,Nuevo León,,Rural,https://postali.app/mx/nuevo-leon/montemorelos/san-miguel
67604,El Galeme,Ejido,Montemorelos,Nuevo León,,Rural,https://postali.app/mx/nuevo-leon/montemorelos/el-galeme
67604,El Pilón Viejo (El Pilón),Ranchería,Montemorelos,Nuevo León,,Rural,https://postali.app/mx/nuevo-leon/montemorelos/el-pilon-viejo-el-pilon
67604,Hacienda de Cañas,Ranchería,Montemorelos,Nuevo León,,Rural,https://postali.app/mx/nuevo-leon/montemorelos/hacienda-de-canas
67604,Hacienda de Enmedio,Ranchería,Montemorelos,Nuevo León,,Rural,https://postali.app/mx/nuevo-leon/montemorelos/hacienda-de-enmedio
67604,Ignacio Ramírez,Ejido,Montemorelos,Nuevo León,,Rural,https://postali.app/mx/nuevo-leon/montemorelos/ignacio-ramirez
67604,Los Arroyos (Sección Juárez),Colonia,Montemorelos,Nuevo León,,Rural,https://postali.app/mx/nuevo-leon/montemorelos/los-arroyos-seccion-juarez
67606,Cieneguillas,Colonia,Montemorelos,Nuevo León,,Rural,https://postali.app/mx/nuevo-leon/montemorelos/cieneguillas
67606,El Fraile (El Faro),Ejido,Montemorelos,Nuevo León,,Rural,https://postali.app/mx/nuevo-leon/montemorelos/el-fraile-el-faro
67606,El Nogalito (El Barranco),Ejido,Montemorelos,Nuevo León,,Rural,https://postali.app/mx/nuevo-leon/montemorelos/el-nogalito-el-barranco
67606,Hacienda el Santuario,Fraccionamiento,Montemorelos,Nuevo León,,Rural,https://postali.app/mx/nuevo-leon/montemorelos/hacienda-el-santuario
67606,Tierras Coloradas,Ejido,Montemorelos,Nuevo León,,Rural,https://postali.app/mx/nuevo-leon/montemorelos/tierras-coloradas
67606,Tierras Coloradas,Colonia,Montemorelos,Nuevo León,,Rural,https://postali.app/mx/nuevo-leon/montemorelos/tierras-coloradas-67606
67606,Valle Hidalgo (La Cotorra),Ranchería,Montemorelos,Nuevo León,,Rural,https://postali.app/mx/nuevo-leon/montemorelos/valle-hidalgo-la-cotorra
67606,Villas del Faro,Fraccionamiento,Montemorelos,Nuevo León,,Rural,https://postali.app/mx/nuevo-leon/montemorelos/villas-del-faro
67607,Rancho Escondido,Ranchería,Montemorelos,Nuevo León,,Rural,https://postali.app/mx/nuevo-leon/montemorelos/rancho-escondido
67608,Congregación Calles,Pueblo,Montemorelos,Nuevo León,,Rural,https://postali.app/mx/nuevo-leon/montemorelos/congregacion-calles
67608,La Barranca,Colonia,Montemorelos,Nuevo León,,Rural,https://postali.app/mx/nuevo-leon/montemorelos/la-barranca
67608,La Morita,Colonia,Montemorelos,Nuevo León,,Rural,https://postali.app/mx/nuevo-leon/montemorelos/la-morita
67608,Los Lirios (Hacienda los Lirios),Colonia,Montemorelos,Nuevo León,,Rural,https://postali.app/mx/nuevo-leon/montemorelos/los-lirios-hacienda-los-lirios
67610,Campestre Bosque Real,Fraccionamiento,Montemorelos,Nuevo León,,Rural,https://postali.app/mx/nuevo-leon/montemorelos/campestre-bosque-real
67610,Canoas,Ranchería,Montemorelos,Nuevo León,,Rural,https://postali.app/mx/nuevo-leon/montemorelos/canoas
67610,Loma Prieta,Colonia,Montemorelos,Nuevo León,,Rural,https://postali.app/mx/nuevo-leon/montemorelos/loma-prieta
67610,Los Azahares,Colonia,Montemorelos,Nuevo León,,Rural,https://postali.app/mx/nuevo-leon/montemorelos/los-azahares
67610,Los Laureles,Colonia,Montemorelos,Nuevo León,,Rural,https://postali.app/mx/nuevo-leon/montemorelos/los-laureles
67610,Playa del Vergel,Fraccionamiento,Montemorelos,Nuevo León,,Rural,https://postali.app/mx/nuevo-leon/montemorelos/playa-del-vergel
67611,El Desagüe,Colonia,Montemorelos,Nuevo León,,Rural,https://postali.app/mx/nuevo-leon/montemorelos/el-desague
67612,El Bajío,Pueblo,Montemorelos,Nuevo León,,Rural,https://postali.app/mx/nuevo-leon/montemorelos/el-bajio
67613,La Trinidad,Ejido,Montemorelos,Nuevo León,,Rural,https://postali.app/mx/nuevo-leon/montemorelos/la-trinidad
67614,Chihuahua,Ejido,Montemorelos,Nuevo León,,Rural,https://postali.app/mx/nuevo-leon/montemorelos/chihuahua
67614,Ojo de Agua,Ranchería,Montemorelos,Nuevo León,,Rural,https://postali.app/mx/nuevo-leon/montemorelos/ojo-de-agua
67614,San Rafael del Llano (Macuña),Ejido,Montemorelos,Nuevo León,,Rural,https://postali.app/mx/nuevo-leon/montemorelos/san-rafael-del-llano-macuna
67614,San Vicente,Ranchería,Montemorelos,Nuevo León,,Rural,https://postali.app/mx/nuevo-leon/montemorelos/san-vicente
67615,Cantera Chica (Cantera los Sauces),Colonia,Montemorelos,Nuevo León,,Rural,https://postali.app/mx/nuevo-leon/montemorelos/cantera-chica-cantera-los-sauces
67615,La Almira,Colonia,Montemorelos,Nuevo León,,Rural,https://postali.app/mx/nuevo-leon/montemorelos/la-almira
67615,Puerto la Cantera (San Ignacio Ramírez),Colonia,Montemorelos,Nuevo León,,Rural,https://postali.app/mx/nuevo-leon/montemorelos/puerto-la-cantera-san-ignacio-ramirez
67616,Las Puentes,Ejido,Montemorelos,Nuevo León,,Rural,https://postali.app/mx/nuevo-leon/montemorelos/las-puentes
67617,El Pastor,Ranchería,Montemorelos,Nuevo León,,Rural,https://postali.app/mx/nuevo-leon/montemorelos/el-pastor
67617,Vista Encinos,Fraccionamiento,Montemorelos,Nuevo León,,Rural,https://postali.app/mx/nuevo-leon/montemorelos/vista-encinos
67618,El Terrero,Ranchería,Montemorelos,Nuevo León,,Rural,https://postali.app/mx/nuevo-leon/montemorelos/el-terrero
67618,General Escobedo,Pueblo,Montemorelos,Nuevo León,,Rural,https://postali.app/mx/nuevo-leon/montemorelos/general-escobedo
67618,La Joya Campestre Boutique,Fraccionamiento,Montemorelos,Nuevo León,,Rural,https://postali.app/mx/nuevo-leon/montemorelos/la-joya-campestre-boutique
67619,La Cáscara,Colonia,Montemorelos,Nuevo León,,Rural,https://postali.app/mx/nuevo-leon/montemorelos/la-cascara
67619,Los Adobes,Ranchería,Montemorelos,Nuevo León,,Rural,https://postali.app/mx/nuevo-leon/montemorelos/los-adobes
67619,Raíces,Ranchería,Montemorelos,Nuevo León,,Rural,https://postali.app/mx/nuevo-leon/montemorelos/raices
67619,Santa Cruz,Ranchería,Montemorelos,Nuevo León,,Rural,https://postali.app/mx/nuevo-leon/montemorelos/santa-cruz
67636,El Alto,Ejido,Montemorelos,Nuevo León,,Rural,https://postali.app/mx/nuevo-leon/montemorelos/el-alto
67637,Buenavista (Las Caleras),Ranchería,Montemorelos,Nuevo León,,Rural,https://postali.app/mx/nuevo-leon/montemorelos/buenavista-las-caleras
67637,Cabezones,Colonia,Montemorelos,Nuevo León,,Rural,https://postali.app/mx/nuevo-leon/montemorelos/cabezones
67637,El Toro,Ejido,Montemorelos,Nuevo León,,Rural,https://postali.app/mx/nuevo-leon/montemorelos/el-toro
67637,La Unión,Ranchería,Montemorelos,Nuevo León,,Rural,https://postali.app/mx/nuevo-leon/montemorelos/la-union
67639,Estación Huertas,Ejido,Montemorelos,Nuevo León,,Rural,https://postali.app/mx/nuevo-leon/montemorelos/estacion-huertas
67640,Las Adjuntas,Colonia,Montemorelos,Nuevo León,,Urbano,https://postali.app/mx/nuevo-leon/montemorelos/las-adjuntas
67650,Rayones,Pueblo,Rayones,Nuevo León,,Urbano,https://postali.app/mx/nuevo-leon/rayones/rayones
67670,José María Morelos (Santa Rosa),Pueblo,Rayones,Nuevo León,,Rural,https://postali.app/mx/nuevo-leon/rayones/jose-maria-morelos-santa-rosa
67674,Pablo L. Sidar (Casillas),Rancho,Rayones,Nuevo León,,Rural,https://postali.app/mx/nuevo-leon/rayones/pablo-l-sidar-casillas
67676,Emilio Carranza,Ejido,Rayones,Nuevo León,,Rural,https://postali.app/mx/nuevo-leon/rayones/emilio-carranza
67677,Emiliano Zapata,Colonia,Rayones,Nuevo León,,Rural,https://postali.app/mx/nuevo-leon/rayones/emiliano-zapata
67680,Ignacio Zaragoza (El Barreal),Ejido,Rayones,Nuevo León,,Rural,https://postali.app/mx/nuevo-leon/rayones/ignacio-zaragoza-el-barreal
67690,Pedro Carrizales,Ejido,Rayones,Nuevo León,,Rural,https://postali.app/mx/nuevo-leon/rayones/pedro-carrizales
67700,Linares Centro,Colonia,Linares,Nuevo León,Linares,Urbano,https://postali.app/mx/nuevo-leon/linares/linares-centro
67710,Alvarado,Colonia,Linares,Nuevo León,Linares,Urbano,https://postali.app/mx/nuevo-leon/linares/alvarado
67710,INFONAVIT Rodrigo Gómez,Fraccionamiento,Linares,Nuevo León,Linares,Urbano,https://postali.app/mx/nuevo-leon/linares/infonavit-rodrigo-gomez
67710,Las Palmas,Fraccionamiento,Linares,Nuevo León,Linares,Urbano,https://postali.app/mx/nuevo-leon/linares/las-palmas
67713,La Amistad,Colonia,Linares,Nuevo León,Linares,Urbano,https://postali.app/mx/nuevo-leon/linares/la-amistad
67714,América,Colonia,Linares,Nuevo León,Linares,Urbano,https://postali.app/mx/nuevo-leon/linares/america
67714,Ejido San Felipe,Colonia,Linares,Nuevo León,Linares,Urbano,https://postali.app/mx/nuevo-leon/linares/ejido-san-felipe
67714,Hacienda San Felipe,Fraccionamiento,Linares,Nuevo León,Linares,Urbano,https://postali.app/mx/nuevo-leon/linares/hacienda-san-felipe
67714,Los Nogales,Fraccionamiento,Linares,Nuevo León,Linares,Urbano,https://postali.app/mx/nuevo-leon/linares/los-nogales
67715,Gloria Mendiola,Colonia,Linares,Nuevo León,Linares,Urbano,https://postali.app/mx/nuevo-leon/linares/gloria-mendiola
67716,INFONAVIT Doctor Ignacio Morones Prieto,Colonia,Linares,Nuevo León,Linares,Urbano,https://postali.app/mx/nuevo-leon/linares/infonavit-doctor-ignacio-morones-prieto
67716,INFONAVIT Río Verde,Colonia,Linares,Nuevo León,Linares,Urbano,https://postali.app/mx/nuevo-leon/linares/infonavit-rio-verde
67716,Misiones de Río Verde,Fraccionamiento,Linares,Nuevo León,Linares,Urbano,https://postali.app/mx/nuevo-leon/linares/misiones-de-rio-verde
67716,San Luisito,Colonia,Linares,Nuevo León,Linares,Urbano,https://postali.app/mx/nuevo-leon/linares/san-luisito
67716,Villas del Carmen,Fraccionamiento,Linares,Nuevo León,Linares,Urbano,https://postali.app/mx/nuevo-leon/linares/villas-del-carmen
67720,Benito Juárez,Colonia,Linares,Nuevo León,Linares,Urbano,https://postali.app/mx/nuevo-leon/linares/benito-juarez
67720,Francisco Medina,Colonia,Linares,Nuevo León,Linares,Urbano,https://postali.app/mx/nuevo-leon/linares/francisco-medina
67720,Los Noriega,Fraccionamiento,Linares,Nuevo León,Linares,Urbano,https://postali.app/mx/nuevo-leon/linares/los-noriega
67730,Camacho,Colonia,Linares,Nuevo León,Linares,Urbano,https://postali.app/mx/nuevo-leon/linares/camacho
67730,FOMERREY Ignacio Zaragoza,Fraccionamiento,Linares,Nuevo León,Linares,Urbano,https://postali.app/mx/nuevo-leon/linares/fomerrey-ignacio-zaragoza
67730,Ignacio Zaragoza,Fraccionamiento,Linares,Nuevo León,Linares,Urbano,https://postali.app/mx/nuevo-leon/linares/ignacio-zaragoza
67730,INFONAVIT Jardines de Linares,Fraccionamiento,Linares,Nuevo León,Linares,Urbano,https://postali.app/mx/nuevo-leon/linares/infonavit-jardines-de-linares
67730,Magisterial,Fraccionamiento,Linares,Nuevo León,Linares,Urbano,https://postali.app/mx/nuevo-leon/linares/magisterial
67730,San Joaquín,Colonia,Linares,Nuevo León,Linares,Urbano,https://postali.app/mx/nuevo-leon/linares/san-joaquin
67730,Santa Lucía,Colonia,Linares,Nuevo León,Linares,Urbano,https://postali.app/mx/nuevo-leon/linares/santa-lucia
67735,Arboledas del Valle,Colonia,Linares,Nuevo León,Linares,Urbano,https://postali.app/mx/nuevo-leon/linares/arboledas-del-valle
67735,Ciudad Industrial,Zona industrial,Linares,Nuevo León,Linares,Urbano,https://postali.app/mx/nuevo-leon/linares/ciudad-industrial
67740,El Barrial,Colonia,Linares,Nuevo León,Linares,Urbano,https://postali.app/mx/nuevo-leon/linares/el-barrial
67740,Villegas,Colonia,Linares,Nuevo León,Linares,Urbano,https://postali.app/mx/nuevo-leon/linares/villegas
67750,Buenos Aires,Colonia,Linares,Nuevo León,Linares,Urbano,https://postali.app/mx/nuevo-leon/linares/buenos-aires
67750,El Quijote,Fraccionamiento,Linares,Nuevo León,Linares,Urbano,https://postali.app/mx/nuevo-leon/linares/el-quijote
67750,La Petaca,Colonia,Linares,Nuevo León,Linares,Urbano,https://postali.app/mx/nuevo-leon/linares/la-petaca
67750,Pedro Zorrilla,Colonia,Linares,Nuevo León,Linares,Urbano,https://postali.app/mx/nuevo-leon/linares/pedro-zorrilla
67750,Ricardo Cantú,Colonia,Linares,Nuevo León,Linares,Urbano,https://postali.app/mx/nuevo-leon/linares/ricardo-cantu
67750,Sócrates Rizzo,Colonia,Linares,Nuevo León,Linares,Urbano,https://postali.app/mx/nuevo-leon/linares/socrates-rizzo
67754,Fomerrey 53 las Huertas,Colonia,Linares,Nuevo León,Linares,Urbano,https://postali.app/mx/nuevo-leon/linares/fomerrey-53-las-huertas
67754,Residencial Nogalar,Fraccionamiento,Linares,Nuevo León,Linares,Urbano,https://postali.app/mx/nuevo-leon/linares/residencial-nogalar
67755,El Cerrito,Colonia,Linares,Nuevo León,Linares,Urbano,https://postali.app/mx/nuevo-leon/linares/el-cerrito
67755,FOVISSSTE Linares IV,Fraccionamiento,Linares,Nuevo León,Linares,Urbano,https://postali.app/mx/nuevo-leon/linares/fovissste-linares-iv
67755,INFONAVIT el Cerrito,Fraccionamiento,Linares,Nuevo León,Linares,Urbano,https://postali.app/mx/nuevo-leon/linares/infonavit-el-cerrito
67755,Modesto Galván Cantú,Colonia,Linares,Nuevo León,Linares,Urbano,https://postali.app/mx/nuevo-leon/linares/modesto-galvan-cantu
67755,Provileon,Colonia,Linares,Nuevo León,Linares,Urbano,https://postali.app/mx/nuevo-leon/linares/provileon
67755,Residencial Hacienda los Nogales,Fraccionamiento,Linares,Nuevo León,Linares,Urbano,https://postali.app/mx/nuevo-leon/linares/residencial-hacienda-los-nogales
67755,Riveras del Río,Colonia,Linares,Nuevo León,Linares,Urbano,https://postali.app/mx/nuevo-leon/linares/riveras-del-rio
67756,Fidel Velázquez,Colonia,Linares,Nuevo León,Linares,Urbano,https://postali.app/mx/nuevo-leon/linares/fidel-velazquez
67756,INFONAVIT Constituyentes de 1857,Fraccionamiento,Linares,Nuevo León,Linares,Urbano,https://postali.app/mx/nuevo-leon/linares/infonavit-constituyentes-de-1857
67756,INFONAVIT la Petaca,Fraccionamiento,Linares,Nuevo León,Linares,Urbano,https://postali.app/mx/nuevo-leon/linares/infonavit-la-petaca
67756,INFONAVIT San Gerardo,Fraccionamiento,Linares,Nuevo León,Linares,Urbano,https://postali.app/mx/nuevo-leon/linares/infonavit-san-gerardo
67756,Las Bugambilias,Fraccionamiento,Linares,Nuevo León,Linares,Urbano,https://postali.app/mx/nuevo-leon/linares/las-bugambilias
67760,Moderna,Colonia,Linares,Nuevo León,Linares,Urbano,https://postali.app/mx/nuevo-leon/linares/moderna
67760,Privada del Carmen,Fraccionamiento,Linares,Nuevo León,Linares,Urbano,https://postali.app/mx/nuevo-leon/linares/privada-del-carmen
67767,Camachito,Colonia,Linares,Nuevo León,Linares,Urbano,https://postali.app/mx/nuevo-leon/linares/camachito
67767,El Pedregal,Fraccionamiento,Linares,Nuevo León,Linares,Urbano,https://postali.app/mx/nuevo-leon/linares/el-pedregal
67767,Las Glorias,Fraccionamiento,Linares,Nuevo León,Linares,Urbano,https://postali.app/mx/nuevo-leon/linares/las-glorias
67768,San Francisco,Colonia,Linares,Nuevo León,Linares,Urbano,https://postali.app/mx/nuevo-leon/linares/san-francisco
67769,Alejandro Cano,Colonia,Linares,Nuevo León,Linares,Urbano,https://postali.app/mx/nuevo-leon/linares/alejandro-cano
67769,Las Alamedas,Colonia,Linares,Nuevo León,Linares,Urbano,https://postali.app/mx/nuevo-leon/linares/las-alamedas
67769,Los Naranjos,Fraccionamiento,Linares,Nuevo León,Linares,Urbano,https://postali.app/mx/nuevo-leon/linares/los-naranjos
67770,La Loma,Colonia,Linares,Nuevo León,,Urbano,https://postali.app/mx/nuevo-leon/linares/la-loma
67770,Miguel Hidalgo,Colonia,Linares,Nuevo León,Linares,Urbano,https://postali.app/mx/nuevo-leon/linares/miguel-hidalgo
67770,Porfirio Díaz,Colonia,Linares,Nuevo León,Linares,Urbano,https://postali.app/mx/nuevo-leon/linares/porfirio-diaz
67778,El Vergel,Fraccionamiento,Linares,Nuevo León,Linares,Urbano,https://postali.app/mx/nuevo-leon/linares/el-vergel
67778,Las Alamedas,Fraccionamiento,Linares,Nuevo León,Linares,Urbano,https://postali.app/mx/nuevo-leon/linares/las-alamedas-67778
67778,Marco Antonio,Fraccionamiento,Linares,Nuevo León,Linares,Urbano,https://postali.app/mx/nuevo-leon/linares/marco-antonio
67778,Misión de San Gerardo,Fraccionamiento,Linares,Nuevo León,Linares,Urbano,https://postali.app/mx/nuevo-leon/linares/mision-de-san-gerardo
67778,Niños Héroes,Colonia,Linares,Nuevo León,Linares,Urbano,https://postali.app/mx/nuevo-leon/linares/ninos-heroes
67779,El Roble,Colonia,Linares,Nuevo León,Linares,Urbano,https://postali.app/mx/nuevo-leon/linares/el-roble
67779,La Bohemia,Colonia,Linares,Nuevo León,Linares,Urbano,https://postali.app/mx/nuevo-leon/linares/la-bohemia
67780,Solidaridad,Colonia,Linares,Nuevo León,Linares,Urbano,https://postali.app/mx/nuevo-leon/linares/solidaridad
67780,Villaseca,Colonia,Linares,Nuevo León,Linares,Urbano,https://postali.app/mx/nuevo-leon/linares/villaseca
67780,Zaragoza,Colonia,Linares,Nuevo León,Linares,Urbano,https://postali.app/mx/nuevo-leon/linares/zaragoza
67790,Las Brisas,Fraccionamiento,Linares,Nuevo León,Linares,Urbano,https://postali.app/mx/nuevo-leon/linares/las-brisas
67790,Lomas de Villaseca,Colonia,Linares,Nuevo León,Linares,Urbano,https://postali.app/mx/nuevo-leon/linares/lomas-de-villaseca
67790,Lázaro Dimas,Colonia,Linares,Nuevo León,Linares,Urbano,https://postali.app/mx/nuevo-leon/linares/lazaro-dimas
67790,Privada San Carlos,Fraccionamiento,Linares,Nuevo León,Linares,Urbano,https://postali.app/mx/nuevo-leon/linares/privada-san-carlos
67790,Riveras de San Antonio,Fraccionamiento,Linares,Nuevo León,Linares,Urbano,https://postali.app/mx/nuevo-leon/linares/riveras-de-san-antonio
67790,San Antonio,Colonia,Linares,Nuevo León,Linares,Urbano,https://postali.app/mx/nuevo-leon/linares/san-antonio
67790,San Carlos,Fraccionamiento,Linares,Nuevo León,Linares,Urbano,https://postali.app/mx/nuevo-leon/linares/san-carlos
67790,Tepeyac,Colonia,Linares,Nuevo León,Linares,Urbano,https://postali.app/mx/nuevo-leon/linares/tepeyac
67800,Caja Pinta,Ejido,Linares,Nuevo León,,Rural,https://postali.app/mx/nuevo-leon/linares/caja-pinta
67800,El Fresno,Ejido,Linares,Nuevo León,,Rural,https://postali.app/mx/nuevo-leon/linares/el-fresno
67800,San Francisco (San Francisco Tenamaxtle),Ejido,Linares,Nuevo León,,Rural,https://postali.app/mx/nuevo-leon/linares/san-francisco-san-francisco-tenamaxtle
67800,San Rafael,Pueblo,Linares,Nuevo León,,Rural,https://postali.app/mx/nuevo-leon/linares/san-rafael
67802,El Diez,Ejido,Linares,Nuevo León,,Rural,https://postali.app/mx/nuevo-leon/linares/el-diez
67802,El Popote (El Poblado),Ejido,Linares,Nuevo León,,Rural,https://postali.app/mx/nuevo-leon/linares/el-popote-el-poblado
67802,Guadalupe (La Hacienda de Guadalupe),Ejido,Linares,Nuevo León,,Rural,https://postali.app/mx/nuevo-leon/linares/guadalupe-la-hacienda-de-guadalupe
67803,Santa Rosa (La Pita),Ejido,Linares,Nuevo León,,Rural,https://postali.app/mx/nuevo-leon/linares/santa-rosa-la-pita
67804,Benítez,Ejido,Linares,Nuevo León,,Rural,https://postali.app/mx/nuevo-leon/linares/benitez
67804,El Refugio (Veredas),Pueblo,Linares,Nuevo León,,Rural,https://postali.app/mx/nuevo-leon/linares/el-refugio-veredas
67805,Loma el Perico,Ejido,Linares,Nuevo León,,Rural,https://postali.app/mx/nuevo-leon/linares/loma-el-perico
67806,La Reforma,Ejido,Linares,Nuevo León,,Rural,https://postali.app/mx/nuevo-leon/linares/la-reforma
67806,La Soledad,Pueblo,Linares,Nuevo León,,Rural,https://postali.app/mx/nuevo-leon/linares/la-soledad
67808,Jesús María del Puerto,Ranchería,Linares,Nuevo León,,Rural,https://postali.app/mx/nuevo-leon/linares/jesus-maria-del-puerto
67808,Los Hoyos (La Rosita),Ranchería,Linares,Nuevo León,,Rural,https://postali.app/mx/nuevo-leon/linares/los-hoyos-la-rosita
67808,Ranchería,Pueblo,Linares,Nuevo León,,Rural,https://postali.app/mx/nuevo-leon/linares/rancheria
67809,Los Álamos,Ejido,Linares,Nuevo León,,Rural,https://postali.app/mx/nuevo-leon/linares/los-alamos
67809,San José,Ejido,Linares,Nuevo León,,Rural,https://postali.app/mx/nuevo-leon/linares/san-jose
67812,Gatos Güeros,Ejido,Linares,Nuevo León,,Rural,https://postali.app/mx/nuevo-leon/linares/gatos-gueros
67812,San Isidro,Ejido,Linares,Nuevo León,,Rural,https://postali.app/mx/nuevo-leon/linares/san-isidro
67815,El Porvenir,Ranchería,Linares,Nuevo León,,Rural,https://postali.app/mx/nuevo-leon/linares/el-porvenir
67815,Los Fresnos,Ejido,Linares,Nuevo León,,Rural,https://postali.app/mx/nuevo-leon/linares/los-fresnos
67815,San Jacinto (La Garita),Ejido,Linares,Nuevo León,,Rural,https://postali.app/mx/nuevo-leon/linares/san-jacinto-la-garita
67816,Dolores de San Julián,Ejido,Linares,Nuevo León,,Rural,https://postali.app/mx/nuevo-leon/linares/dolores-de-san-julian
67816,El Carmen de los Elizondo,Ejido,Linares,Nuevo León,,Rural,https://postali.app/mx/nuevo-leon/linares/el-carmen-de-los-elizondo
67816,La Morita,Ejido,Linares,Nuevo León,,Rural,https://postali.app/mx/nuevo-leon/linares/la-morita
67817,Cerro Prieto,Ejido,Linares,Nuevo León,,Rural,https://postali.app/mx/nuevo-leon/linares/cerro-prieto
67817,Los Leones,Ejido,Linares,Nuevo León,,Rural,https://postali.app/mx/nuevo-leon/linares/los-leones
67819,El Pretil,Ejido,Linares,Nuevo León,,Rural,https://postali.app/mx/nuevo-leon/linares/el-pretil
67819,San Pedro Garza García (Jesús María),Ejido,Linares,Nuevo León,,Rural,https://postali.app/mx/nuevo-leon/linares/san-pedro-garza-garcia-jesus-maria
67824,El Salitre (Berlanga García),Ejido,Linares,Nuevo León,,Rural,https://postali.app/mx/nuevo-leon/linares/el-salitre-berlanga-garcia
67824,Guadalupe Victoria,Ejido,Linares,Nuevo León,,Rural,https://postali.app/mx/nuevo-leon/linares/guadalupe-victoria
67824,La Estrella,Pueblo,Linares,Nuevo León,,Rural,https://postali.app/mx/nuevo-leon/linares/la-estrella
67824,La Estrella (El Charco),Ejido,Linares,Nuevo León,,Rural,https://postali.app/mx/nuevo-leon/linares/la-estrella-el-charco
67824,Loma Alta,Pueblo,Linares,Nuevo León,,Rural,https://postali.app/mx/nuevo-leon/linares/loma-alta
67825,Emiliano Zapata,Ejido,Linares,Nuevo León,,Rural,https://postali.app/mx/nuevo-leon/linares/emiliano-zapata
67825,La Escondida (El Ranchito),Ejido,Linares,Nuevo León,,Rural,https://postali.app/mx/nuevo-leon/linares/la-escondida-el-ranchito
67825,Río Verde,Ranchería,Linares,Nuevo León,,Rural,https://postali.app/mx/nuevo-leon/linares/rio-verde
67825,Río Verde (Lampazos),Ejido,Linares,Nuevo León,,Rural,https://postali.app/mx/nuevo-leon/linares/rio-verde-lampazos
67825,Santa Teresa,Rancho,Linares,Nuevo León,,Rural,https://postali.app/mx/nuevo-leon/linares/santa-teresa
67828,El Brasil,Pueblo,Linares,Nuevo León,,Rural,https://postali.app/mx/nuevo-leon/linares/el-brasil
67828,Ojo de Agua,Ejido,Linares,Nuevo León,,Rural,https://postali.app/mx/nuevo-leon/linares/ojo-de-agua
67828,Vista Hermosa,Ranchería,Linares,Nuevo León,,Rural,https://postali.app/mx/nuevo-leon/linares/vista-hermosa
67830,Alejandría,Colonia,Iturbide,Nuevo León,,Urbano,https://postali.app/mx/nuevo-leon/iturbide/alejandria
67830,El Jardín,Colonia,Iturbide,Nuevo León,,Urbano,https://postali.app/mx/nuevo-leon/iturbide/el-jardin
67830,El Maestro,Colonia,Iturbide,Nuevo León,,Urbano,https://postali.app/mx/nuevo-leon/iturbide/el-maestro
67830,El Mirador,Colonia,Iturbide,Nuevo León,,Urbano,https://postali.app/mx/nuevo-leon/iturbide/el-mirador
67830,El Pedregal,Colonia,Iturbide,Nuevo León,,Urbano,https://postali.app/mx/nuevo-leon/iturbide/el-pedregal
67830,El Álamo,Colonia,Iturbide,Nuevo León,,Urbano,https://postali.app/mx/nuevo-leon/iturbide/el-alamo
67830,Iturbide,Pueblo,Iturbide,Nuevo León,,Urbano,https://postali.app/mx/nuevo-leon/iturbide/iturbide
67830,La Loma,Colonia,Iturbide,Nuevo León,,Urbano,https://postali.app/mx/nuevo-leon/iturbide/la-loma
67830,Los Cedros,Colonia,Iturbide,Nuevo León,,Urbano,https://postali.app/mx/nuevo-leon/iturbide/los-cedros
67830,Morelos,Colonia,Iturbide,Nuevo León,,Urbano,https://postali.app/mx/nuevo-leon/iturbide/morelos
67834,Santa Rosa (Laguna de Santa Rosa),Ranchería,Iturbide,Nuevo León,,Rural,https://postali.app/mx/nuevo-leon/iturbide/santa-rosa-laguna-de-santa-rosa
67835,San Antonio de Peñitas,Ejido,Iturbide,Nuevo León,,Rural,https://postali.app/mx/nuevo-leon/iturbide/san-antonio-de-penitas
67836,El Saucillo,Rancho,Iturbide,Nuevo León,,Rural,https://postali.app/mx/nuevo-leon/iturbide/el-saucillo
67836,San Antonio,Ranchería,Iturbide,Nuevo León,,Rural,https://postali.app/mx/nuevo-leon/iturbide/san-antonio
67837,Las Delicias,Ranchería,Iturbide,Nuevo León,,Rural,https://postali.app/mx/nuevo-leon/iturbide/las-delicias
67838,La Colorada,Ejido,Iturbide,Nuevo León,,Rural,https://postali.app/mx/nuevo-leon/iturbide/la-colorada
67842,Cuevas,Ejido,Iturbide,Nuevo León,,Rural,https://postali.app/mx/nuevo-leon/iturbide/cuevas
67842,Lampazos,Ranchería,Iturbide,Nuevo León,,Rural,https://postali.app/mx/nuevo-leon/iturbide/lampazos
67844,La Luz,Ejido,Iturbide,Nuevo León,,Rural,https://postali.app/mx/nuevo-leon/iturbide/la-luz
67845,Benito Juárez (Las Adjuntas),Ejido,Iturbide,Nuevo León,,Rural,https://postali.app/mx/nuevo-leon/iturbide/benito-juarez-las-adjuntas
67845,Camarones,Ranchería,Iturbide,Nuevo León,,Rural,https://postali.app/mx/nuevo-leon/iturbide/camarones
67845,La Boquilla,Ranchería,Iturbide,Nuevo León,,Rural,https://postali.app/mx/nuevo-leon/iturbide/la-boquilla
67846,Agua de Enmedio,Rancho,Iturbide,Nuevo León,,Rural,https://postali.app/mx/nuevo-leon/iturbide/agua-de-enmedio
67846,El Madroño,Ejido,Iturbide,Nuevo León,,Rural,https://postali.app/mx/nuevo-leon/iturbide/el-madrono
67846,San Francisco de las Adjuntas,Ejido,Iturbide,Nuevo León,,Rural,https://postali.app/mx/nuevo-leon/iturbide/san-francisco-de-las-adjuntas
67847,Buena Vista,Ejido,Iturbide,Nuevo León,,Rural,https://postali.app/mx/nuevo-leon/iturbide/buena-vista
67847,Santa Inés,Ejido,Iturbide,Nuevo León,,Rural,https://postali.app/mx/nuevo-leon/iturbide/santa-ines
67849,La Mentira (Las Anacuas),Ranchería,Iturbide,Nuevo León,,Rural,https://postali.app/mx/nuevo-leon/iturbide/la-mentira-las-anacuas
67849,La Purísima,Ejido,Iturbide,Nuevo León,,Rural,https://postali.app/mx/nuevo-leon/iturbide/la-purisima
67850,Barrio de Jalisco (Jalisco),Ejido,Galeana,Nuevo León,,Rural,https://postali.app/mx/nuevo-leon/galeana/barrio-de-jalisco-jalisco
67850,Del Maestro Segundo Sector,Colonia,Galeana,Nuevo León,,Rural,https://postali.app/mx/nuevo-leon/galeana/del-maestro-segundo-sector
67850,El Chamizal,Colonia,Galeana,Nuevo León,,Rural,https://postali.app/mx/nuevo-leon/galeana/el-chamizal
67850,El Mirador,Colonia,Galeana,Nuevo León,,Rural,https://postali.app/mx/nuevo-leon/galeana/el-mirador
67850,El Potrero de Prieto,Ranchería,Galeana,Nuevo León,,Rural,https://postali.app/mx/nuevo-leon/galeana/el-potrero-de-prieto
67850,El Potrero Prieto de Arriba,Ejido,Galeana,Nuevo León,,Rural,https://postali.app/mx/nuevo-leon/galeana/el-potrero-prieto-de-arriba
67850,Galeana,Colonia,Galeana,Nuevo León,,Urbano,https://postali.app/mx/nuevo-leon/galeana/galeana
67850,José Salazar Reyna,Colonia,Galeana,Nuevo León,,Rural,https://postali.app/mx/nuevo-leon/galeana/jose-salazar-reyna
67850,Labradores,Colonia,Galeana,Nuevo León,,Rural,https://postali.app/mx/nuevo-leon/galeana/labradores
67850,Laguna de Labradores,Colonia,Galeana,Nuevo León,,Rural,https://postali.app/mx/nuevo-leon/galeana/laguna-de-labradores
67850,Mariano Escobedo,Colonia,Galeana,Nuevo León,,Rural,https://postali.app/mx/nuevo-leon/galeana/mariano-escobedo
67850,Santa Rita,Colonia,Galeana,Nuevo León,,Urbano,https://postali.app/mx/nuevo-leon/galeana/santa-rita
67850,Santa Rita (Santa Rita de Cordeladas),Barrio,Galeana,Nuevo León,,Rural,https://postali.app/mx/nuevo-leon/galeana/santa-rita-santa-rita-de-cordeladas
67850,Sócrates Rizo,Colonia,Galeana,Nuevo León,,Rural,https://postali.app/mx/nuevo-leon/galeana/socrates-rizo
67852,Catarino Rodríguez (El Potosí),Ejido,Galeana,Nuevo León,,Rural,https://postali.app/mx/nuevo-leon/galeana/catarino-rodriguez-el-potosi
67852,El Cristal,Ranchería,Galeana,Nuevo León,,Rural,https://postali.app/mx/nuevo-leon/galeana/el-cristal
67852,El Potosí,Ejido,Galeana,Nuevo León,,Rural,https://postali.app/mx/nuevo-leon/galeana/el-potosi
67852,La Trinidad (El Cedrito),Ejido,Galeana,Nuevo León,,Rural,https://postali.app/mx/nuevo-leon/galeana/la-trinidad-el-cedrito
67853,El Barrocito,Ejido,Galeana,Nuevo León,,Rural,https://postali.app/mx/nuevo-leon/galeana/el-barrocito
67853,El Canelito,Ejido,Galeana,Nuevo León,,Rural,https://postali.app/mx/nuevo-leon/galeana/el-canelito
67853,El Peñuelo,Ejido,Galeana,Nuevo León,,Rural,https://postali.app/mx/nuevo-leon/galeana/el-penuelo
67853,San Antonio de González,Ejido,Galeana,Nuevo León,,Rural,https://postali.app/mx/nuevo-leon/galeana/san-antonio-de-gonzalez
67853,San Isidro de Berlanga,Ejido,Galeana,Nuevo León,,Rural,https://postali.app/mx/nuevo-leon/galeana/san-isidro-de-berlanga
67853,San Juan de Dios,Ejido,Galeana,Nuevo León,,Rural,https://postali.app/mx/nuevo-leon/galeana/san-juan-de-dios
67853,San Pablo de las Mitras,Ejido,Galeana,Nuevo León,,Rural,https://postali.app/mx/nuevo-leon/galeana/san-pablo-de-las-mitras
67854,Puerto de Pastores,Ejido,Galeana,Nuevo León,,Rural,https://postali.app/mx/nuevo-leon/galeana/puerto-de-pastores
67855,El Tokio,Ejido,Galeana,Nuevo León,,Rural,https://postali.app/mx/nuevo-leon/galeana/el-tokio
67855,Entronque San Roberto,Paraje,Galeana,Nuevo León,,Rural,https://postali.app/mx/nuevo-leon/galeana/entronque-san-roberto
67855,La Primavera (El Charco),Ejido,Galeana,Nuevo León,,Rural,https://postali.app/mx/nuevo-leon/galeana/la-primavera-el-charco
67855,Los Pocitos,Ejido,Galeana,Nuevo León,,Rural,https://postali.app/mx/nuevo-leon/galeana/los-pocitos
67855,San Roberto,Ranchería,Galeana,Nuevo León,,Rural,https://postali.app/mx/nuevo-leon/galeana/san-roberto
67855,Santo Domingo,Ejido,Galeana,Nuevo León,,Rural,https://postali.app/mx/nuevo-leon/galeana/santo-domingo
67856,Dieciocho de Marzo,Ejido,Galeana,Nuevo León,,Rural,https://postali.app/mx/nuevo-leon/galeana/dieciocho-de-marzo
67856,El Cedral,Ejido,Galeana,Nuevo León,,Rural,https://postali.app/mx/nuevo-leon/galeana/el-cedral
67856,El Derramadero,Ejido,Galeana,Nuevo León,,Rural,https://postali.app/mx/nuevo-leon/galeana/el-derramadero
67856,San Francisco de los Blancos,Ejido,Galeana,Nuevo León,,Rural,https://postali.app/mx/nuevo-leon/galeana/san-francisco-de-los-blancos
67857,Alfredo V. Bonfil (La Lagunita),Ejido,Galeana,Nuevo León,,Rural,https://postali.app/mx/nuevo-leon/galeana/alfredo-v-bonfil-la-lagunita
67857,La Lagunita (El Orito),Ejido,Galeana,Nuevo León,,Rural,https://postali.app/mx/nuevo-leon/galeana/la-lagunita-el-orito
67857,Los Llanitos,Pueblo,Galeana,Nuevo León,,Rural,https://postali.app/mx/nuevo-leon/galeana/los-llanitos
67857,Los Nogales,Ranchería,Galeana,Nuevo León,,Rural,https://postali.app/mx/nuevo-leon/galeana/los-nogales
67857,San José de la Joya,Ejido,Galeana,Nuevo León,,Rural,https://postali.app/mx/nuevo-leon/galeana/san-jose-de-la-joya
67857,San Lucas (La Mesa),Ejido,Galeana,Nuevo León,,Rural,https://postali.app/mx/nuevo-leon/galeana/san-lucas-la-mesa
67857,Santa Cruz,Rancho,Galeana,Nuevo León,,Rural,https://postali.app/mx/nuevo-leon/galeana/santa-cruz
67857,Santa Cruz de Sauces,Ejido,Galeana,Nuevo León,,Rural,https://postali.app/mx/nuevo-leon/galeana/santa-cruz-de-sauces
67858,Calabacillas,Ranchería,Galeana,Nuevo León,,Rural,https://postali.app/mx/nuevo-leon/galeana/calabacillas
67858,Los Mimbres,Ejido,Galeana,Nuevo León,,Rural,https://postali.app/mx/nuevo-leon/galeana/los-mimbres
67858,San Francisco Javier,Ejido,Galeana,Nuevo León,,Rural,https://postali.app/mx/nuevo-leon/galeana/san-francisco-javier
67858,San Ildefonso,Ejido,Galeana,Nuevo León,,Rural,https://postali.app/mx/nuevo-leon/galeana/san-ildefonso
67858,San Juan de Mimbres,Ejido,Galeana,Nuevo León,,Rural,https://postali.app/mx/nuevo-leon/galeana/san-juan-de-mimbres
67859,El Carmen,Ejido,Galeana,Nuevo León,,Rural,https://postali.app/mx/nuevo-leon/galeana/el-carmen
67859,La Esperanza (El Coyote),Ejido,Galeana,Nuevo León,,Rural,https://postali.app/mx/nuevo-leon/galeana/la-esperanza-el-coyote
67860,Ciénega del Toro,Ejido,Galeana,Nuevo León,,Rural,https://postali.app/mx/nuevo-leon/galeana/cienega-del-toro
67860,El Cuije,Ejido,Galeana,Nuevo León,,Rural,https://postali.app/mx/nuevo-leon/galeana/el-cuije
67860,El Erial,Pueblo,Galeana,Nuevo León,,Rural,https://postali.app/mx/nuevo-leon/galeana/el-erial
67860,El Prado (El Mezquite),Pueblo,Galeana,Nuevo León,,Rural,https://postali.app/mx/nuevo-leon/galeana/el-prado-el-mezquite
67860,El Refugio (Refugio de los Ranchos),Ejido,Galeana,Nuevo León,,Rural,https://postali.app/mx/nuevo-leon/galeana/el-refugio-refugio-de-los-ranchos
67860,La Casita,Ejido,Galeana,Nuevo León,,Rural,https://postali.app/mx/nuevo-leon/galeana/la-casita
67860,La Concha,Colonia,Galeana,Nuevo León,,Rural,https://postali.app/mx/nuevo-leon/galeana/la-concha
67860,La Providencia,Ejido,Galeana,Nuevo León,,Rural,https://postali.app/mx/nuevo-leon/galeana/la-providencia
67860,Las Esperanzas,Ejido,Galeana,Nuevo León,,Rural,https://postali.app/mx/nuevo-leon/galeana/las-esperanzas
67860,Lote Uno Fracción Navidad (Benito Juárez),Ejido,Galeana,Nuevo León,,Rural,https://postali.app/mx/nuevo-leon/galeana/lote-uno-fraccion-navidad-benito-juarez
67860,Navidad,Ejido,Galeana,Nuevo León,,Rural,https://postali.app/mx/nuevo-leon/galeana/navidad
67860,Puerto Grande,Ejido,Galeana,Nuevo León,,Rural,https://postali.app/mx/nuevo-leon/galeana/puerto-grande
67860,Puerto México,Ejido,Galeana,Nuevo León,,Rural,https://postali.app/mx/nuevo-leon/galeana/puerto-mexico
67860,Samaniego y la Becerra (Mariano Escobedo),Ranchería,Galeana,Nuevo León,,Rural,https://postali.app/mx/nuevo-leon/galeana/samaniego-y-la-becerra-mariano-escobedo
67860,San Fernando,Rancho,Galeana,Nuevo León,,Rural,https://postali.app/mx/nuevo-leon/galeana/san-fernando
67860,San José de Contreras,Ranchería,Galeana,Nuevo León,,Rural,https://postali.app/mx/nuevo-leon/galeana/san-jose-de-contreras
67860,San Juan del Prado,Pueblo,Galeana,Nuevo León,,Rural,https://postali.app/mx/nuevo-leon/galeana/san-juan-del-prado
67860,Santa Cruz Ciénega del Toro,Pueblo,Galeana,Nuevo León,,Rural,https://postali.app/mx/nuevo-leon/galeana/santa-cruz-cienega-del-toro
67863,Aquiles Serdán (La Hediondilla),Ejido,Galeana,Nuevo León,,Rural,https://postali.app/mx/nuevo-leon/galeana/aquiles-serdan-la-hediondilla
67863,La Carbonera,Ejido,Galeana,Nuevo León,,Rural,https://postali.app/mx/nuevo-leon/galeana/la-carbonera
67863,Las Delicias,Ejido,Galeana,Nuevo León,,Rural,https://postali.app/mx/nuevo-leon/galeana/las-delicias
67864,El Milagro,Ejido,Galeana,Nuevo León,,Rural,https://postali.app/mx/nuevo-leon/galeana/el-milagro
67864,Francisco Villa,Ejido,Galeana,Nuevo León,,Rural,https://postali.app/mx/nuevo-leon/galeana/francisco-villa
67864,La Paz,Ejido,Galeana,Nuevo León,,Rural,https://postali.app/mx/nuevo-leon/galeana/la-paz
67864,La Trinidad,Ranchería,Galeana,Nuevo León,,Rural,https://postali.app/mx/nuevo-leon/galeana/la-trinidad
67864,Los Adobes,Ejido,Galeana,Nuevo León,,Rural,https://postali.app/mx/nuevo-leon/galeana/los-adobes
67864,Miguel Hidalgo,Ejido,Galeana,Nuevo León,,Rural,https://postali.app/mx/nuevo-leon/galeana/miguel-hidalgo
67864,San Joaquín,Pueblo,Galeana,Nuevo León,,Rural,https://postali.app/mx/nuevo-leon/galeana/san-joaquin
67864,Santa María de Ramos,Ranchería,Galeana,Nuevo León,,Rural,https://postali.app/mx/nuevo-leon/galeana/santa-maria-de-ramos
67864,Venustiano Carranza Grupo B (Los Taracos),Ejido,Galeana,Nuevo León,,Rural,https://postali.app/mx/nuevo-leon/galeana/venustiano-carranza-grupo-b-los-taracos
67865,La Boca del Refugio,Ejido,Galeana,Nuevo León,,Rural,https://postali.app/mx/nuevo-leon/galeana/la-boca-del-refugio
67865,San Rafael,Ejido,Galeana,Nuevo León,,Rural,https://postali.app/mx/nuevo-leon/galeana/san-rafael
67866,Congregación de San Pablo,Ejido,Galeana,Nuevo León,,Rural,https://postali.app/mx/nuevo-leon/galeana/congregacion-de-san-pablo
67866,Santa María del Socorro,Ejido,Galeana,Nuevo León,,Rural,https://postali.app/mx/nuevo-leon/galeana/santa-maria-del-socorro
67866,Tanquecillos,Ejido,Galeana,Nuevo León,,Rural,https://postali.app/mx/nuevo-leon/galeana/tanquecillos
67867,El Anhelo,Ejido,Galeana,Nuevo León,,Rural,https://postali.app/mx/nuevo-leon/galeana/el-anhelo
67867,Estados Unidos,Ejido,Galeana,Nuevo León,,Rural,https://postali.app/mx/nuevo-leon/galeana/estados-unidos
67867,La Nueva Esmeralda (Nuevo Poblado de la Esmeralda),Ejido,Galeana,Nuevo León,,Rural,https://postali.app/mx/nuevo-leon/galeana/la-nueva-esmeralda-nuevo-poblado-de-la-esmeralda
67867,Pinal Alto,Ejido,Galeana,Nuevo León,,Rural,https://postali.app/mx/nuevo-leon/galeana/pinal-alto
67867,San José de la Martha,Ejido,Galeana,Nuevo León,,Rural,https://postali.app/mx/nuevo-leon/galeana/san-jose-de-la-martha
67867,San Pedro Sotolar,Ejido,Galeana,Nuevo León,,Rural,https://postali.app/mx/nuevo-leon/galeana/san-pedro-sotolar
67867,Santa Clara de Ciénega del Toro,Ejido,Galeana,Nuevo León,,Rural,https://postali.app/mx/nuevo-leon/galeana/santa-clara-de-cienega-del-toro
67868,El Castillo,Ejido,Galeana,Nuevo León,,Rural,https://postali.app/mx/nuevo-leon/galeana/el-castillo
67870,El Tepozán,Ejido,Galeana,Nuevo León,,Rural,https://postali.app/mx/nuevo-leon/galeana/el-tepozan
67870,La Leona,Ejido,Galeana,Nuevo León,,Rural,https://postali.app/mx/nuevo-leon/galeana/la-leona
67870,La Presita de Berlanga,Ranchería,Galeana,Nuevo León,,Rural,https://postali.app/mx/nuevo-leon/galeana/la-presita-de-berlanga
67870,San Jorge,Ejido,Galeana,Nuevo León,,Rural,https://postali.app/mx/nuevo-leon/galeana/san-jorge
67870,San José de Raíces,Pueblo,Galeana,Nuevo León,,Rural,https://postali.app/mx/nuevo-leon/galeana/san-jose-de-raices
67870,San José de Raíces,Ejido,Galeana,Nuevo León,,Rural,https://postali.app/mx/nuevo-leon/galeana/san-jose-de-raices-67870
67870,San Pablo de Raíces,Ranchería,Galeana,Nuevo León,,Rural,https://postali.app/mx/nuevo-leon/galeana/san-pablo-de-raices
67870,San Urbet,Rancho,Galeana,Nuevo León,,Rural,https://postali.app/mx/nuevo-leon/galeana/san-urbet
67870,Tokio,Ejido,Galeana,Nuevo León,,Rural,https://postali.app/mx/nuevo-leon/galeana/tokio
67872,Margaritas,Ejido,Galeana,Nuevo León,,Rural,https://postali.app/mx/nuevo-leon/galeana/margaritas
67872,San Francisco de Berlanga,Ejido,Galeana,Nuevo León,,Rural,https://postali.app/mx/nuevo-leon/galeana/san-francisco-de-berlanga
67873,San Ignacio de Texas,Ejido,Galeana,Nuevo León,,Rural,https://postali.app/mx/nuevo-leon/galeana/san-ignacio-de-texas
67874,Jesús María Aguirre (Puerto de Nopalillos),Ejido,Galeana,Nuevo León,,Rural,https://postali.app/mx/nuevo-leon/galeana/jesus-maria-aguirre-puerto-de-nopalillos
67874,Refugio de los Ibarra,Ejido,Galeana,Nuevo León,,Rural,https://postali.app/mx/nuevo-leon/galeana/refugio-de-los-ibarra
67874,San Antonio del Salero,Ejido,Galeana,Nuevo León,,Rural,https://postali.app/mx/nuevo-leon/galeana/san-antonio-del-salero
67875,Joyas de Agua Fría,Ejido,Galeana,Nuevo León,,Rural,https://postali.app/mx/nuevo-leon/galeana/joyas-de-agua-fria
67875,Pablillo,Ejido,Galeana,Nuevo León,,Rural,https://postali.app/mx/nuevo-leon/galeana/pablillo
67875,Río de San José,Ranchería,Galeana,Nuevo León,,Rural,https://postali.app/mx/nuevo-leon/galeana/rio-de-san-jose
67876,San José de González,Ejido,Galeana,Nuevo León,,Rural,https://postali.app/mx/nuevo-leon/galeana/san-jose-de-gonzalez
67877,La Nueva Primavera,Ejido,Galeana,Nuevo León,,Rural,https://postali.app/mx/nuevo-leon/galeana/la-nueva-primavera
67878,Agua Nueva (El Pozo),Ejido,Galeana,Nuevo León,,Rural,https://postali.app/mx/nuevo-leon/galeana/agua-nueva-el-pozo
67878,El Encinal (Puerto el Encinal de la Poza),Rancho,Galeana,Nuevo León,,Rural,https://postali.app/mx/nuevo-leon/galeana/el-encinal-puerto-el-encinal-de-la-poza
67878,El Molino,Barrio,Galeana,Nuevo León,,Rural,https://postali.app/mx/nuevo-leon/galeana/el-molino
67878,El Palmito,Ejido,Galeana,Nuevo León,,Rural,https://postali.app/mx/nuevo-leon/galeana/el-palmito
67878,La Poza,Ejido,Galeana,Nuevo León,,Rural,https://postali.app/mx/nuevo-leon/galeana/la-poza
67878,La Y de Arriba,Ranchería,Galeana,Nuevo León,,Rural,https://postali.app/mx/nuevo-leon/galeana/la-y-de-arriba
67878,Magueyes,Ranchería,Galeana,Nuevo León,,Rural,https://postali.app/mx/nuevo-leon/galeana/magueyes
67878,San Marcos,Ranchería,Galeana,Nuevo León,,Rural,https://postali.app/mx/nuevo-leon/galeana/san-marcos
67878,San Pablo (Tranquitas),Ejido,Galeana,Nuevo León,,Rural,https://postali.app/mx/nuevo-leon/galeana/san-pablo-tranquitas
67878,Santa Clara de González,Ejido,Galeana,Nuevo León,,Rural,https://postali.app/mx/nuevo-leon/galeana/santa-clara-de-gonzalez
67878,Santa Fe,Ranchería,Galeana,Nuevo León,,Rural,https://postali.app/mx/nuevo-leon/galeana/santa-fe
67880,El Alto de las Borregas,Ranchería,Hualahuises,Nuevo León,,Rural,https://postali.app/mx/nuevo-leon/hualahuises/el-alto-de-las-borregas
67880,La Laja,Ejido,Hualahuises,Nuevo León,,Rural,https://postali.app/mx/nuevo-leon/hualahuises/la-laja
67881,El Troncón,Rancho,Hualahuises,Nuevo León,,Rural,https://postali.app/mx/nuevo-leon/hualahuises/el-troncon
67881,Magüiras,Pueblo,Hualahuises,Nuevo León,,Rural,https://postali.app/mx/nuevo-leon/hualahuises/maguiras
67881,Paso de Lajas (La Laja),Ejido,Hualahuises,Nuevo León,,Rural,https://postali.app/mx/nuevo-leon/hualahuises/paso-de-lajas-la-laja
67883,Buena Vista,Ranchería,Hualahuises,Nuevo León,,Rural,https://postali.app/mx/nuevo-leon/hualahuises/buena-vista
67883,Cinco Señores (Los Ángeles),Ranchería,Hualahuises,Nuevo León,,Rural,https://postali.app/mx/nuevo-leon/hualahuises/cinco-senores-los-angeles
67884,El Cangrejo,Ranchería,Hualahuises,Nuevo León,,Rural,https://postali.app/mx/nuevo-leon/hualahuises/el-cangrejo
67884,La Cruz,Ranchería,Hualahuises,Nuevo León,,Rural,https://postali.app/mx/nuevo-leon/hualahuises/la-cruz
67884,Las Raíces de Arriba,Ranchería,Hualahuises,Nuevo León,,Rural,https://postali.app/mx/nuevo-leon/hualahuises/las-raices-de-arriba
67885,Carrizos,Ranchería,Hualahuises,Nuevo León,,Rural,https://postali.app/mx/nuevo-leon/hualahuises/carrizos
67885,El Pinto,Ejido,Hualahuises,Nuevo León,,Rural,https://postali.app/mx/nuevo-leon/hualahuises/el-pinto
67886,Charco Azul,Rancho,Hualahuises,Nuevo León,,Rural,https://postali.app/mx/nuevo-leon/hualahuises/charco-azul
67886,El Sabinal,Rancho,Hualahuises,Nuevo León,,Rural,https://postali.app/mx/nuevo-leon/hualahuises/el-sabinal
67886,La Víbora,Ranchería,Hualahuises,Nuevo León,,Rural,https://postali.app/mx/nuevo-leon/hualahuises/la-vibora
67890,Hualahuises Centro,Colonia,Hualahuises,Nuevo León,Hualahuises,Urbano,https://postali.app/mx/nuevo-leon/hualahuises/hualahuises-centro
67893,Raúl Caballero Sector I,Colonia,Hualahuises,Nuevo León,Hualahuises,Urbano,https://postali.app/mx/nuevo-leon/hualahuises/raul-caballero-sector-i
67893,Raúl Caballero Sector II,Colonia,Hualahuises,Nuevo León,Hualahuises,Urbano,https://postali.app/mx/nuevo-leon/hualahuises/raul-caballero-sector-ii
67895,Emiliano Zapata,Colonia,Hualahuises,Nuevo León,Hualahuises,Urbano,https://postali.app/mx/nuevo-leon/hualahuises/emiliano-zapata
67895,La Esperanza,Colonia,Hualahuises,Nuevo León,Hualahuises,Urbano,https://postali.app/mx/nuevo-leon/hualahuises/la-esperanza
67895,Nuevo León Unido,Colonia,Hualahuises,Nuevo León,Hualahuises,Urbano,https://postali.app/mx/nuevo-leon/hualahuises/nuevo-leon-unido
67895,Santa Rosa,Colonia,Hualahuises,Nuevo León,Hualahuises,Urbano,https://postali.app/mx/nuevo-leon/hualahuises/santa-rosa
67896,Potrerillos,Barrio,Hualahuises,Nuevo León,Hualahuises,Urbano,https://postali.app/mx/nuevo-leon/hualahuises/potrerillos
67897,INFONAVIT Magueyera,Colonia,Hualahuises,Nuevo León,Hualahuises,Urbano,https://postali.app/mx/nuevo-leon/hualahuises/infonavit-magueyera
67898,CROC Presidente Juárez,Colonia,Hualahuises,Nuevo León,Hualahuises,Urbano,https://postali.app/mx/nuevo-leon/hualahuises/croc-presidente-juarez
67898,La Magueyada,Colonia,Hualahuises,Nuevo León,Hualahuises,Urbano,https://postali.app/mx/nuevo-leon/hualahuises/la-magueyada
67899,San Cristóbal,Colonia,Hualahuises,Nuevo León,Hualahuises,Urbano,https://postali.app/mx/nuevo-leon/hualahuises/san-cristobal
67900,Doctor Arroyo Centro,Colonia,Doctor Arroyo,Nuevo León,Doctor Arroyo,Urbano,https://postali.app/mx/nuevo-leon/doctor-arroyo/doctor-arroyo-centro
67900,El Corazón,Colonia,Doctor Arroyo,Nuevo León,,Rural,https://postali.app/mx/nuevo-leon/doctor-arroyo/el-corazon
67900,Jorge Treviño,Colonia,Doctor Arroyo,Nuevo León,Doctor Arroyo,Urbano,https://postali.app/mx/nuevo-leon/doctor-arroyo/jorge-trevino
67900,Las Brisas,Colonia,Doctor Arroyo,Nuevo León,Doctor Arroyo,Urbano,https://postali.app/mx/nuevo-leon/doctor-arroyo/las-brisas
67900,Martínez Domínguez,Colonia,Doctor Arroyo,Nuevo León,Doctor Arroyo,Urbano,https://postali.app/mx/nuevo-leon/doctor-arroyo/martinez-dominguez
67900,Pintores Mexicanos,Colonia,Doctor Arroyo,Nuevo León,Doctor Arroyo,Urbano,https://postali.app/mx/nuevo-leon/doctor-arroyo/pintores-mexicanos
67900,San Antonio de Buenavista (Los Cochinitos),Rancho,Doctor Arroyo,Nuevo León,,Rural,https://postali.app/mx/nuevo-leon/doctor-arroyo/san-antonio-de-buenavista-los-cochinitos
67900,Sócrates Rizzo,Colonia,Doctor Arroyo,Nuevo León,Doctor Arroyo,Urbano,https://postali.app/mx/nuevo-leon/doctor-arroyo/socrates-rizzo
67900,Valle de la Purísima,Colonia,Doctor Arroyo,Nuevo León,Doctor Arroyo,Urbano,https://postali.app/mx/nuevo-leon/doctor-arroyo/valle-de-la-purisima
67902,Acuña,Ejido,Doctor Arroyo,Nuevo León,,Rural,https://postali.app/mx/nuevo-leon/doctor-arroyo/acuna
67902,Capaderito,Ejido,Doctor Arroyo,Nuevo León,,Rural,https://postali.app/mx/nuevo-leon/doctor-arroyo/capaderito
67902,Los Terrenos,Rancho,Doctor Arroyo,Nuevo León,,Rural,https://postali.app/mx/nuevo-leon/doctor-arroyo/los-terrenos
67904,Agua Nueva,Ejido,Doctor Arroyo,Nuevo León,,Rural,https://postali.app/mx/nuevo-leon/doctor-arroyo/agua-nueva
67904,Carmen de Castaño,Pueblo,Doctor Arroyo,Nuevo León,,Rural,https://postali.app/mx/nuevo-leon/doctor-arroyo/carmen-de-castano
67904,La Mesa de Berrones,Rancho,Doctor Arroyo,Nuevo León,,Rural,https://postali.app/mx/nuevo-leon/doctor-arroyo/la-mesa-de-berrones
67904,Palma Gorda,Ranchería,Doctor Arroyo,Nuevo León,,Rural,https://postali.app/mx/nuevo-leon/doctor-arroyo/palma-gorda
67904,Panales de Arriba,Pueblo,Doctor Arroyo,Nuevo León,,Rural,https://postali.app/mx/nuevo-leon/doctor-arroyo/panales-de-arriba
67904,Panalillos,Rancho,Doctor Arroyo,Nuevo León,,Rural,https://postali.app/mx/nuevo-leon/doctor-arroyo/panalillos
67904,Pompeya,Rancho,Doctor Arroyo,Nuevo León,,Rural,https://postali.app/mx/nuevo-leon/doctor-arroyo/pompeya
67904,Presa de San Carlos,Ejido,Doctor Arroyo,Nuevo León,,Rural,https://postali.app/mx/nuevo-leon/doctor-arroyo/presa-de-san-carlos
67905,El Cerrito del Aire,Ejido,Doctor Arroyo,Nuevo León,,Rural,https://postali.app/mx/nuevo-leon/doctor-arroyo/el-cerrito-del-aire
67905,La Lobera de Portillo,Ejido,Doctor Arroyo,Nuevo León,,Rural,https://postali.app/mx/nuevo-leon/doctor-arroyo/la-lobera-de-portillo
67905,Largo,Rancho,Doctor Arroyo,Nuevo León,,Rural,https://postali.app/mx/nuevo-leon/doctor-arroyo/largo
67905,Los Altitos,Ejido,Doctor Arroyo,Nuevo León,,Rural,https://postali.app/mx/nuevo-leon/doctor-arroyo/los-altitos
67905,Los Arreozola,Ejido,Doctor Arroyo,Nuevo León,,Rural,https://postali.app/mx/nuevo-leon/doctor-arroyo/los-arreozola
67905,San Isidro de Fernández,Ejido,Doctor Arroyo,Nuevo León,,Rural,https://postali.app/mx/nuevo-leon/doctor-arroyo/san-isidro-de-fernandez
67905,San José de Flores,Ejido,Doctor Arroyo,Nuevo León,,Rural,https://postali.app/mx/nuevo-leon/doctor-arroyo/san-jose-de-flores
67905,San Rafael del Castillo,Rancho,Doctor Arroyo,Nuevo León,,Rural,https://postali.app/mx/nuevo-leon/doctor-arroyo/san-rafael-del-castillo
67905,San Vicente de la Puerta,Ejido,Doctor Arroyo,Nuevo León,,Rural,https://postali.app/mx/nuevo-leon/doctor-arroyo/san-vicente-de-la-puerta
67906,Boquillas,Ejido,Doctor Arroyo,Nuevo León,,Rural,https://postali.app/mx/nuevo-leon/doctor-arroyo/boquillas
67906,Puerto de Dolores,Ranchería,Doctor Arroyo,Nuevo León,,Rural,https://postali.app/mx/nuevo-leon/doctor-arroyo/puerto-de-dolores
67906,San Agustín de Valdez,Ejido,Doctor Arroyo,Nuevo León,,Rural,https://postali.app/mx/nuevo-leon/doctor-arroyo/san-agustin-de-valdez
67906,San José de la Luz,Ejido,Doctor Arroyo,Nuevo León,,Rural,https://postali.app/mx/nuevo-leon/doctor-arroyo/san-jose-de-la-luz
67907,La Tapona de Camarillo,Ejido,Doctor Arroyo,Nuevo León,,Rural,https://postali.app/mx/nuevo-leon/doctor-arroyo/la-tapona-de-camarillo
67907,Lagunita de Castillo,Ejido,Doctor Arroyo,Nuevo León,,Rural,https://postali.app/mx/nuevo-leon/doctor-arroyo/lagunita-de-castillo
67908,La Concepción,Ejido,Doctor Arroyo,Nuevo León,,Rural,https://postali.app/mx/nuevo-leon/doctor-arroyo/la-concepcion
67908,Las Catorce,Ranchería,Doctor Arroyo,Nuevo León,,Rural,https://postali.app/mx/nuevo-leon/doctor-arroyo/las-catorce
67908,Presa de Maltos,Ejido,Doctor Arroyo,Nuevo León,,Rural,https://postali.app/mx/nuevo-leon/doctor-arroyo/presa-de-maltos
67908,Puerto del Aire,Ejido,Doctor Arroyo,Nuevo León,,Rural,https://postali.app/mx/nuevo-leon/doctor-arroyo/puerto-del-aire
67912,El Leoncito,Ejido,Doctor Arroyo,Nuevo León,,Rural,https://postali.app/mx/nuevo-leon/doctor-arroyo/el-leoncito
67913,El Canelo,Ejido,Doctor Arroyo,Nuevo León,,Rural,https://postali.app/mx/nuevo-leon/doctor-arroyo/el-canelo
67913,El Tajo,Ejido,Doctor Arroyo,Nuevo León,,Rural,https://postali.app/mx/nuevo-leon/doctor-arroyo/el-tajo
67914,Mesa de González,Ejido,Doctor Arroyo,Nuevo León,,Rural,https://postali.app/mx/nuevo-leon/doctor-arroyo/mesa-de-gonzalez
67914,San Vicente de González,Ejido,Doctor Arroyo,Nuevo León,,Rural,https://postali.app/mx/nuevo-leon/doctor-arroyo/san-vicente-de-gonzalez
67914,Santa Margarita,Ejido,Doctor Arroyo,Nuevo León,,Rural,https://postali.app/mx/nuevo-leon/doctor-arroyo/santa-margarita
67915,Lagunita y Ranchos Nuevos,Ejido,Doctor Arroyo,Nuevo León,,Rural,https://postali.app/mx/nuevo-leon/doctor-arroyo/lagunita-y-ranchos-nuevos
67915,Presa San Antonio,Ejido,Doctor Arroyo,Nuevo León,,Rural,https://postali.app/mx/nuevo-leon/doctor-arroyo/presa-san-antonio
67916,Palmillas (Aguilillas),Rancho,Doctor Arroyo,Nuevo León,,Rural,https://postali.app/mx/nuevo-leon/doctor-arroyo/palmillas-aguilillas
67916,San Pablo de Rueda,Ranchería,Doctor Arroyo,Nuevo León,,Rural,https://postali.app/mx/nuevo-leon/doctor-arroyo/san-pablo-de-rueda
67920,El Tecolote,Ejido,Doctor Arroyo,Nuevo León,,Rural,https://postali.app/mx/nuevo-leon/doctor-arroyo/el-tecolote
67920,Entronque los Medina (La Loma),Rancho,Doctor Arroyo,Nuevo León,,Rural,https://postali.app/mx/nuevo-leon/doctor-arroyo/entronque-los-medina-la-loma
67920,La Presita de Macías,Rancho,Doctor Arroyo,Nuevo León,,Rural,https://postali.app/mx/nuevo-leon/doctor-arroyo/la-presita-de-macias
67920,La Yerba,Ejido,Doctor Arroyo,Nuevo León,,Rural,https://postali.app/mx/nuevo-leon/doctor-arroyo/la-yerba
67920,Los Medina,Ejido,Doctor Arroyo,Nuevo León,,Rural,https://postali.app/mx/nuevo-leon/doctor-arroyo/los-medina
67920,San Diego (San Diego de Vacas),Rancho,Doctor Arroyo,Nuevo León,,Rural,https://postali.app/mx/nuevo-leon/doctor-arroyo/san-diego-san-diego-de-vacas
67920,San Juan del Palmar,Ejido,Doctor Arroyo,Nuevo León,,Rural,https://postali.app/mx/nuevo-leon/doctor-arroyo/san-juan-del-palmar
67920,Santa Rita,Ejido,Doctor Arroyo,Nuevo León,,Rural,https://postali.app/mx/nuevo-leon/doctor-arroyo/santa-rita
67920,Taponcita de Camarillo,Ejido,Doctor Arroyo,Nuevo León,,Rural,https://postali.app/mx/nuevo-leon/doctor-arroyo/taponcita-de-camarillo
67921,Santa Ana,Ejido,Doctor Arroyo,Nuevo León,,Rural,https://postali.app/mx/nuevo-leon/doctor-arroyo/santa-ana
67923,Amaro,Ejido,Doctor Arroyo,Nuevo León,,Rural,https://postali.app/mx/nuevo-leon/doctor-arroyo/amaro
67923,El Pequeño,Ejido,Doctor Arroyo,Nuevo León,,Rural,https://postali.app/mx/nuevo-leon/doctor-arroyo/el-pequeno
67923,El Refugio de Cedillo,Ranchería,Doctor Arroyo,Nuevo León,,Rural,https://postali.app/mx/nuevo-leon/doctor-arroyo/el-refugio-de-cedillo
67923,Estanque Nuevo,Ejido,Doctor Arroyo,Nuevo León,,Rural,https://postali.app/mx/nuevo-leon/doctor-arroyo/estanque-nuevo
67923,San Felipe,Ejido,Doctor Arroyo,Nuevo León,,Rural,https://postali.app/mx/nuevo-leon/doctor-arroyo/san-felipe
67923,Vallecillos,Rancho,Doctor Arroyo,Nuevo León,,Rural,https://postali.app/mx/nuevo-leon/doctor-arroyo/vallecillos
67924,El Rucio,Ejido,Doctor Arroyo,Nuevo León,,Rural,https://postali.app/mx/nuevo-leon/doctor-arroyo/el-rucio
67924,Santa Isabel,Ejido,Doctor Arroyo,Nuevo León,,Rural,https://postali.app/mx/nuevo-leon/doctor-arroyo/santa-isabel
67925,Charco de la Granja,Ejido,Doctor Arroyo,Nuevo León,,Rural,https://postali.app/mx/nuevo-leon/doctor-arroyo/charco-de-la-granja
67925,San Cayetano de Vacas,Ejido,Doctor Arroyo,Nuevo León,,Rural,https://postali.app/mx/nuevo-leon/doctor-arroyo/san-cayetano-de-vacas
67926,Coloradas,Ejido,Doctor Arroyo,Nuevo León,,Rural,https://postali.app/mx/nuevo-leon/doctor-arroyo/coloradas
67926,Jesús María de Berrones,Ejido,Doctor Arroyo,Nuevo León,,Rural,https://postali.app/mx/nuevo-leon/doctor-arroyo/jesus-maria-de-berrones
67926,La Agüita,Pueblo,Doctor Arroyo,Nuevo León,,Rural,https://postali.app/mx/nuevo-leon/doctor-arroyo/la-aguita
67926,La Unión y el Cardonal,Pueblo,Doctor Arroyo,Nuevo León,,Rural,https://postali.app/mx/nuevo-leon/doctor-arroyo/la-union-y-el-cardonal
67926,Santa Gertrudis,Ejido,Doctor Arroyo,Nuevo León,,Rural,https://postali.app/mx/nuevo-leon/doctor-arroyo/santa-gertrudis
67926,Tanquecillos,Pueblo,Doctor Arroyo,Nuevo León,,Rural,https://postali.app/mx/nuevo-leon/doctor-arroyo/tanquecillos
67928,Cerrito de Vacas,Ejido,Doctor Arroyo,Nuevo León,,Rural,https://postali.app/mx/nuevo-leon/doctor-arroyo/cerrito-de-vacas
67928,El Represadero,Ejido,Doctor Arroyo,Nuevo León,,Rural,https://postali.app/mx/nuevo-leon/doctor-arroyo/el-represadero
67928,La Escondida de Arzola,Ejido,Doctor Arroyo,Nuevo León,,Rural,https://postali.app/mx/nuevo-leon/doctor-arroyo/la-escondida-de-arzola
67928,San Miguelito,Ejido,Doctor Arroyo,Nuevo León,,Rural,https://postali.app/mx/nuevo-leon/doctor-arroyo/san-miguelito
67930,Carmen de la Laja,Ranchería,Doctor Arroyo,Nuevo León,,Rural,https://postali.app/mx/nuevo-leon/doctor-arroyo/carmen-de-la-laja
67930,El Charquillo,Ranchería,Doctor Arroyo,Nuevo León,,Rural,https://postali.app/mx/nuevo-leon/doctor-arroyo/el-charquillo
67930,El Jarro,Ejido,Doctor Arroyo,Nuevo León,,Rural,https://postali.app/mx/nuevo-leon/doctor-arroyo/el-jarro
67930,El Milagro,Ejido,Doctor Arroyo,Nuevo León,,Rural,https://postali.app/mx/nuevo-leon/doctor-arroyo/el-milagro
67930,El Pocito,Ejido,Doctor Arroyo,Nuevo León,,Rural,https://postali.app/mx/nuevo-leon/doctor-arroyo/el-pocito
67930,La Lajita,Ejido,Doctor Arroyo,Nuevo León,,Rural,https://postali.app/mx/nuevo-leon/doctor-arroyo/la-lajita
67930,Los Cuartos,Ejido,Doctor Arroyo,Nuevo León,,Rural,https://postali.app/mx/nuevo-leon/doctor-arroyo/los-cuartos
67931,El Salto,Rancho,Doctor Arroyo,Nuevo León,,Rural,https://postali.app/mx/nuevo-leon/doctor-arroyo/el-salto
67931,Jesús María y el Salto,Ejido,Doctor Arroyo,Nuevo León,,Rural,https://postali.app/mx/nuevo-leon/doctor-arroyo/jesus-maria-y-el-salto
67931,Puerta de Aguilar,Ejido,Doctor Arroyo,Nuevo León,,Rural,https://postali.app/mx/nuevo-leon/doctor-arroyo/puerta-de-aguilar
67931,Puerta de Aguilar,Ejido,Doctor Arroyo,Nuevo León,,Rural,https://postali.app/mx/nuevo-leon/doctor-arroyo/puerta-de-aguilar-67931
67931,San Ramón de los Martínez,Ejido,Doctor Arroyo,Nuevo León,,Rural,https://postali.app/mx/nuevo-leon/doctor-arroyo/san-ramon-de-los-martinez
67932,San Francisco de Zúñiga,Rancho,Doctor Arroyo,Nuevo León,,Rural,https://postali.app/mx/nuevo-leon/doctor-arroyo/san-francisco-de-zuniga
67932,San Juanito,Rancho,Doctor Arroyo,Nuevo León,,Rural,https://postali.app/mx/nuevo-leon/doctor-arroyo/san-juanito
67932,Santa Teresa y San Jerónimo,Ejido,Doctor Arroyo,Nuevo León,,Rural,https://postali.app/mx/nuevo-leon/doctor-arroyo/santa-teresa-y-san-jeronimo
67933,Cruz de Elorza,Ranchería,Doctor Arroyo,Nuevo León,,Rural,https://postali.app/mx/nuevo-leon/doctor-arroyo/cruz-de-elorza
67933,Guadalupe de Silva,Ejido,Doctor Arroyo,Nuevo León,,Rural,https://postali.app/mx/nuevo-leon/doctor-arroyo/guadalupe-de-silva
67933,La Lagunita,Rancho,Doctor Arroyo,Nuevo León,,Rural,https://postali.app/mx/nuevo-leon/doctor-arroyo/la-lagunita
67933,San Francisco del Yugo,Ejido,Doctor Arroyo,Nuevo León,,Rural,https://postali.app/mx/nuevo-leon/doctor-arroyo/san-francisco-del-yugo
67934,El Álamo,Ejido,Doctor Arroyo,Nuevo León,,Rural,https://postali.app/mx/nuevo-leon/doctor-arroyo/el-alamo
67934,San Pedro de González (San Pedro de Rueda),Pueblo,Doctor Arroyo,Nuevo León,,Rural,https://postali.app/mx/nuevo-leon/doctor-arroyo/san-pedro-de-gonzalez-san-pedro-de-rueda
67934,Santa María,Ejido,Doctor Arroyo,Nuevo León,,Rural,https://postali.app/mx/nuevo-leon/doctor-arroyo/santa-maria
67935,Albercones,Ejido,Doctor Arroyo,Nuevo León,,Rural,https://postali.app/mx/nuevo-leon/doctor-arroyo/albercones
67935,La Presa de Quintero,Ejido,Doctor Arroyo,Nuevo León,,Rural,https://postali.app/mx/nuevo-leon/doctor-arroyo/la-presa-de-quintero
67935,Las Jarillas,Ejido,Doctor Arroyo,Nuevo León,,Rural,https://postali.app/mx/nuevo-leon/doctor-arroyo/las-jarillas
67935,Mesa del Traidor,Ejido,Doctor Arroyo,Nuevo León,,Rural,https://postali.app/mx/nuevo-leon/doctor-arroyo/mesa-del-traidor
67935,San Francisco de los Desmontes,Ranchería,Doctor Arroyo,Nuevo León,,Rural,https://postali.app/mx/nuevo-leon/doctor-arroyo/san-francisco-de-los-desmontes
67936,El Consuelo,Ejido,Doctor Arroyo,Nuevo León,,Rural,https://postali.app/mx/nuevo-leon/doctor-arroyo/el-consuelo
67936,La Chiripa,Ejido,Doctor Arroyo,Nuevo León,,Rural,https://postali.app/mx/nuevo-leon/doctor-arroyo/la-chiripa
67936,San Miguel de los Aguirre,Ejido,Doctor Arroyo,Nuevo León,,Rural,https://postali.app/mx/nuevo-leon/doctor-arroyo/san-miguel-de-los-aguirre
67936,Álvaro Obregón (Cruz de Costilla),Ejido,Doctor Arroyo,Nuevo León,,Rural,https://postali.app/mx/nuevo-leon/doctor-arroyo/alvaro-obregon-cruz-de-costilla
67937,El Pineño,Rancho,Doctor Arroyo,Nuevo León,,Rural,https://postali.app/mx/nuevo-leon/doctor-arroyo/el-pineno
67937,La Bolsa,Ejido,Doctor Arroyo,Nuevo León,,Rural,https://postali.app/mx/nuevo-leon/doctor-arroyo/la-bolsa
67937,La Presita de Rueda,Ejido,Doctor Arroyo,Nuevo León,,Rural,https://postali.app/mx/nuevo-leon/doctor-arroyo/la-presita-de-rueda
67937,Las Huertas de Quiroga,Ejido,Doctor Arroyo,Nuevo León,,Rural,https://postali.app/mx/nuevo-leon/doctor-arroyo/las-huertas-de-quiroga
67937,Las Vírgenes,Rancho,Doctor Arroyo,Nuevo León,,Rural,https://postali.app/mx/nuevo-leon/doctor-arroyo/las-virgenes
67937,San Antonio de Peña Nevada,Ejido,Doctor Arroyo,Nuevo León,,Rural,https://postali.app/mx/nuevo-leon/doctor-arroyo/san-antonio-de-pena-nevada
67937,San Juan de la Cruz,Ejido,Doctor Arroyo,Nuevo León,,Rural,https://postali.app/mx/nuevo-leon/doctor-arroyo/san-juan-de-la-cruz
67937,Santa Lucía,Ejido,Doctor Arroyo,Nuevo León,,Rural,https://postali.app/mx/nuevo-leon/doctor-arroyo/santa-lucia
67938,El Refugio y el Reparo,Ejido,Doctor Arroyo,Nuevo León,,Rural,https://postali.app/mx/nuevo-leon/doctor-arroyo/el-refugio-y-el-reparo
67938,San Gregorio,Ejido,Doctor Arroyo,Nuevo León,,Rural,https://postali.app/mx/nuevo-leon/doctor-arroyo/san-gregorio
67938,San Ignacio de Torres,Ejido,Doctor Arroyo,Nuevo León,,Rural,https://postali.app/mx/nuevo-leon/doctor-arroyo/san-ignacio-de-torres
67940,Aramberri Centro,Colonia,Aramberri,Nuevo León,,Rural,https://postali.app/mx/nuevo-leon/aramberri/aramberri-centro
67940,Brownsville,Colonia,Aramberri,Nuevo León,,Urbano,https://postali.app/mx/nuevo-leon/aramberri/brownsville
67940,Callejón de los Vázquez,Colonia,Aramberri,Nuevo León,,Rural,https://postali.app/mx/nuevo-leon/aramberri/callejon-de-los-vazquez
67940,El Calichal,Colonia,Aramberri,Nuevo León,,Urbano,https://postali.app/mx/nuevo-leon/aramberri/el-calichal
67940,El Callejón de la Cueva,Ranchería,Aramberri,Nuevo León,,Rural,https://postali.app/mx/nuevo-leon/aramberri/el-callejon-de-la-cueva
67940,Emiliano Zapata,Colonia,Aramberri,Nuevo León,,Urbano,https://postali.app/mx/nuevo-leon/aramberri/emiliano-zapata
67940,La Hoya de los Nogales,Rancho,Aramberri,Nuevo León,,Rural,https://postali.app/mx/nuevo-leon/aramberri/la-hoya-de-los-nogales
67940,La Tijera,Colonia,Aramberri,Nuevo León,,Urbano,https://postali.app/mx/nuevo-leon/aramberri/la-tijera
67940,Sección Norte,Colonia,Aramberri,Nuevo León,,Urbano,https://postali.app/mx/nuevo-leon/aramberri/seccion-norte
67940,Sección Sur,Colonia,Aramberri,Nuevo León,,Urbano,https://postali.app/mx/nuevo-leon/aramberri/seccion-sur
67943,Agua Adentro,Rancho,Aramberri,Nuevo León,,Rural,https://postali.app/mx/nuevo-leon/aramberri/agua-adentro
67943,Agua Fría,Rancho,Aramberri,Nuevo León,,Rural,https://postali.app/mx/nuevo-leon/aramberri/agua-fria
67943,Chaloa (San Mauricio),Rancho,Aramberri,Nuevo León,,Rural,https://postali.app/mx/nuevo-leon/aramberri/chaloa-san-mauricio
67943,El Nogalar (La Pita),Rancho,Aramberri,Nuevo León,,Rural,https://postali.app/mx/nuevo-leon/aramberri/el-nogalar-la-pita
67943,El Rosario,Rancho,Aramberri,Nuevo León,,Rural,https://postali.app/mx/nuevo-leon/aramberri/el-rosario
67943,Fraccionamiento del Río (Fracción del Río),Rancho,Aramberri,Nuevo León,,Rural,https://postali.app/mx/nuevo-leon/aramberri/fraccionamiento-del-rio-fraccion-del-rio
67943,Garza,Rancho,Aramberri,Nuevo León,,Rural,https://postali.app/mx/nuevo-leon/aramberri/garza
67943,Jesús María,Rancho,Aramberri,Nuevo León,,Rural,https://postali.app/mx/nuevo-leon/aramberri/jesus-maria
67943,La Peña,Rancho,Aramberri,Nuevo León,,Rural,https://postali.app/mx/nuevo-leon/aramberri/la-pena
67943,La Vieja,Rancho,Aramberri,Nuevo León,,Rural,https://postali.app/mx/nuevo-leon/aramberri/la-vieja
67943,Las Higueritas,Rancho,Aramberri,Nuevo León,,Rural,https://postali.app/mx/nuevo-leon/aramberri/las-higueritas
67943,Las Veredas,Rancho,Aramberri,Nuevo León,,Rural,https://postali.app/mx/nuevo-leon/aramberri/las-veredas
67943,Marmolejo,Ejido,Aramberri,Nuevo León,,Rural,https://postali.app/mx/nuevo-leon/aramberri/marmolejo
67943,Poblado el Río (El Sabinito),Ejido,Aramberri,Nuevo León,,Rural,https://postali.app/mx/nuevo-leon/aramberri/poblado-el-rio-el-sabinito
67943,Potrero del Padre (Lagunita de González),Ejido,Aramberri,Nuevo León,,Rural,https://postali.app/mx/nuevo-leon/aramberri/potrero-del-padre-lagunita-de-gonzalez
67943,Salitrillo,Rancho,Aramberri,Nuevo León,,Rural,https://postali.app/mx/nuevo-leon/aramberri/salitrillo
67943,Santa Teresa,Rancho,Aramberri,Nuevo León,,Rural,https://postali.app/mx/nuevo-leon/aramberri/santa-teresa
67944,Agua Delgada,Ejido,Aramberri,Nuevo León,,Rural,https://postali.app/mx/nuevo-leon/aramberri/agua-delgada
67944,El Alamar,Rancho,Aramberri,Nuevo León,,Rural,https://postali.app/mx/nuevo-leon/aramberri/el-alamar
67944,El Cedrito,Rancho,Aramberri,Nuevo León,,Rural,https://postali.app/mx/nuevo-leon/aramberri/el-cedrito
67944,El Gato,Rancho,Aramberri,Nuevo León,,Rural,https://postali.app/mx/nuevo-leon/aramberri/el-gato
67944,El Monal,Rancho,Aramberri,Nuevo León,,Rural,https://postali.app/mx/nuevo-leon/aramberri/el-monal
67944,El Muerto,Rancho,Aramberri,Nuevo León,,Rural,https://postali.app/mx/nuevo-leon/aramberri/el-muerto
67944,El Pitacoche,Rancho,Aramberri,Nuevo León,,Rural,https://postali.app/mx/nuevo-leon/aramberri/el-pitacoche
67944,El Pitacoche (La Tinaja),Rancho,Aramberri,Nuevo León,,Rural,https://postali.app/mx/nuevo-leon/aramberri/el-pitacoche-la-tinaja
67944,El Realito (La Parrita),Rancho,Aramberri,Nuevo León,,Rural,https://postali.app/mx/nuevo-leon/aramberri/el-realito-la-parrita
67944,El Refugio,Rancho,Aramberri,Nuevo León,,Rural,https://postali.app/mx/nuevo-leon/aramberri/el-refugio
67944,El Rincón,Rancho,Aramberri,Nuevo León,,Rural,https://postali.app/mx/nuevo-leon/aramberri/el-rincon
67944,El Talco,Rancho,Aramberri,Nuevo León,,Rural,https://postali.app/mx/nuevo-leon/aramberri/el-talco
67944,El Tigre,Rancho,Aramberri,Nuevo León,,Rural,https://postali.app/mx/nuevo-leon/aramberri/el-tigre
67944,Granjenal,Rancho,Aramberri,Nuevo León,,Rural,https://postali.app/mx/nuevo-leon/aramberri/granjenal
67944,La Aldea,Ejido,Aramberri,Nuevo León,,Rural,https://postali.app/mx/nuevo-leon/aramberri/la-aldea
67944,La Carpintería,Rancho,Aramberri,Nuevo León,,Rural,https://postali.app/mx/nuevo-leon/aramberri/la-carpinteria
67944,La Escondida,Ejido,Aramberri,Nuevo León,,Rural,https://postali.app/mx/nuevo-leon/aramberri/la-escondida
67944,La Florida,Colonia,Aramberri,Nuevo León,,Rural,https://postali.app/mx/nuevo-leon/aramberri/la-florida
67944,La Lagunita (Lagunita de los Vázquez),Ejido,Aramberri,Nuevo León,,Rural,https://postali.app/mx/nuevo-leon/aramberri/la-lagunita-lagunita-de-los-vazquez
67944,La Lobera,Rancho,Aramberri,Nuevo León,,Rural,https://postali.app/mx/nuevo-leon/aramberri/la-lobera
67944,Lagunita (Lagunita de los Cerda),Rancho,Aramberri,Nuevo León,,Rural,https://postali.app/mx/nuevo-leon/aramberri/lagunita-lagunita-de-los-cerda
67944,Las Mancuernas,Rancho,Aramberri,Nuevo León,,Rural,https://postali.app/mx/nuevo-leon/aramberri/las-mancuernas
67944,Las Ánimas,Ejido,Aramberri,Nuevo León,,Rural,https://postali.app/mx/nuevo-leon/aramberri/las-animas
67944,Los Nogales,Ranchería,Aramberri,Nuevo León,,Rural,https://postali.app/mx/nuevo-leon/aramberri/los-nogales
67944,Los Nogales (El Mezquital),Rancho,Aramberri,Nuevo León,,Rural,https://postali.app/mx/nuevo-leon/aramberri/los-nogales-el-mezquital
67944,Milpillas,Rancho,Aramberri,Nuevo León,,Rural,https://postali.app/mx/nuevo-leon/aramberri/milpillas
67944,Ojo de Agua,Rancho,Aramberri,Nuevo León,,Rural,https://postali.app/mx/nuevo-leon/aramberri/ojo-de-agua
67944,Potrero de Zamora,Ejido,Aramberri,Nuevo León,,Rural,https://postali.app/mx/nuevo-leon/aramberri/potrero-de-zamora
67944,Puerto Carretas,Rancho,Aramberri,Nuevo León,,Rural,https://postali.app/mx/nuevo-leon/aramberri/puerto-carretas
67944,Rancho Nuevo,Ranchería,Aramberri,Nuevo León,,Rural,https://postali.app/mx/nuevo-leon/aramberri/rancho-nuevo
67944,Rancho Nuevo (Las Hornillas),Ranchería,Aramberri,Nuevo León,,Rural,https://postali.app/mx/nuevo-leon/aramberri/rancho-nuevo-las-hornillas
67944,Salitrillo,Rancho,Aramberri,Nuevo León,,Rural,https://postali.app/mx/nuevo-leon/aramberri/salitrillo-67944
67944,Santa Cruz,Rancho,Aramberri,Nuevo León,,Rural,https://postali.app/mx/nuevo-leon/aramberri/santa-cruz
67945,El Tepozán,Rancho,Aramberri,Nuevo León,,Rural,https://postali.app/mx/nuevo-leon/aramberri/el-tepozan
67945,La Nueva Reforma (Buenos Aires),Rancho,Aramberri,Nuevo León,,Rural,https://postali.app/mx/nuevo-leon/aramberri/la-nueva-reforma-buenos-aires
67945,La Sabanilla,Ejido,Aramberri,Nuevo León,,Rural,https://postali.app/mx/nuevo-leon/aramberri/la-sabanilla
67945,La Soledad (Agrícola),Ejido,Aramberri,Nuevo León,,Rural,https://postali.app/mx/nuevo-leon/aramberri/la-soledad-agricola
67945,La Soledad (Rusia),Ejido,Aramberri,Nuevo León,,Rural,https://postali.app/mx/nuevo-leon/aramberri/la-soledad-rusia
67945,Sandia el Chico,Ejido,Aramberri,Nuevo León,,Rural,https://postali.app/mx/nuevo-leon/aramberri/sandia-el-chico
67946,Cedritos,Ejido,Aramberri,Nuevo León,,Rural,https://postali.app/mx/nuevo-leon/aramberri/cedritos
67946,La Sabanilla,Rancho,Aramberri,Nuevo León,,Rural,https://postali.app/mx/nuevo-leon/aramberri/la-sabanilla-67946
67946,La Víbora,Rancho,Aramberri,Nuevo León,,Rural,https://postali.app/mx/nuevo-leon/aramberri/la-vibora
67947,Dolores Palmita,Ejido,Aramberri,Nuevo León,,Rural,https://postali.app/mx/nuevo-leon/aramberri/dolores-palmita
67947,El Pinalito,Rancho,Aramberri,Nuevo León,,Rural,https://postali.app/mx/nuevo-leon/aramberri/el-pinalito
67947,La Peña,Rancho,Aramberri,Nuevo León,,Rural,https://postali.app/mx/nuevo-leon/aramberri/la-pena-67947
67947,La Rosita (Los Llanitos),Ejido,Aramberri,Nuevo León,,Rural,https://postali.app/mx/nuevo-leon/aramberri/la-rosita-los-llanitos
67947,La Trinidad,Ejido,Aramberri,Nuevo León,,Rural,https://postali.app/mx/nuevo-leon/aramberri/la-trinidad
67947,Pozo Dos,Rancho,Aramberri,Nuevo León,,Rural,https://postali.app/mx/nuevo-leon/aramberri/pozo-dos
67947,Puentes (San Juan y Puentes),Ejido,Aramberri,Nuevo León,,Rural,https://postali.app/mx/nuevo-leon/aramberri/puentes-san-juan-y-puentes
67947,San Juan de Avilés,Hacienda,Aramberri,Nuevo León,,Rural,https://postali.app/mx/nuevo-leon/aramberri/san-juan-de-aviles
67948,Agua de Mata,Rancho,Aramberri,Nuevo León,,Rural,https://postali.app/mx/nuevo-leon/aramberri/agua-de-mata
67948,Aranjuez,Rancho,Aramberri,Nuevo León,,Rural,https://postali.app/mx/nuevo-leon/aramberri/aranjuez
67948,Cuartitos y Marmolejo (Parada Marmolejo),Ejido,Aramberri,Nuevo León,,Rural,https://postali.app/mx/nuevo-leon/aramberri/cuartitos-y-marmolejo-parada-marmolejo
67948,El Anillo,Rancho,Aramberri,Nuevo León,,Rural,https://postali.app/mx/nuevo-leon/aramberri/el-anillo
67948,El Calichal,Rancho,Aramberri,Nuevo León,,Rural,https://postali.app/mx/nuevo-leon/aramberri/el-calichal-67948
67948,El Carrizalillo,Rancho,Aramberri,Nuevo León,,Rural,https://postali.app/mx/nuevo-leon/aramberri/el-carrizalillo
67948,El Mezquital,Rancho,Aramberri,Nuevo León,,Rural,https://postali.app/mx/nuevo-leon/aramberri/el-mezquital
67948,El Molino,Rancho,Aramberri,Nuevo León,,Rural,https://postali.app/mx/nuevo-leon/aramberri/el-molino
67948,El Olmo,Rancho,Aramberri,Nuevo León,,Rural,https://postali.app/mx/nuevo-leon/aramberri/el-olmo
67948,El Porvenir,Ejido,Aramberri,Nuevo León,,Rural,https://postali.app/mx/nuevo-leon/aramberri/el-porvenir
67948,El Porvenir,Rancho,Aramberri,Nuevo León,,Rural,https://postali.app/mx/nuevo-leon/aramberri/el-porvenir-67948
67948,El Tejón,Rancho,Aramberri,Nuevo León,,Rural,https://postali.app/mx/nuevo-leon/aramberri/el-tejon
67948,Joyas de Bocacelly,Ranchería,Aramberri,Nuevo León,,Rural,https://postali.app/mx/nuevo-leon/aramberri/joyas-de-bocacelly
67948,La Esperanza,Ejido,Aramberri,Nuevo León,,Rural,https://postali.app/mx/nuevo-leon/aramberri/la-esperanza
67948,La Paila,Rancho,Aramberri,Nuevo León,,Rural,https://postali.app/mx/nuevo-leon/aramberri/la-paila
67948,La Palmita,Rancho,Aramberri,Nuevo León,,Rural,https://postali.app/mx/nuevo-leon/aramberri/la-palmita
67948,Laguna de Bocacelly,Rancho,Aramberri,Nuevo León,,Rural,https://postali.app/mx/nuevo-leon/aramberri/laguna-de-bocacelly
67948,Las Virgenes,Ejido,Aramberri,Nuevo León,,Rural,https://postali.app/mx/nuevo-leon/aramberri/las-virgenes
67948,Los Cuartitos,Rancho,Aramberri,Nuevo León,,Rural,https://postali.app/mx/nuevo-leon/aramberri/los-cuartitos
67948,Ojo de Agua,Rancho,Aramberri,Nuevo León,,Rural,https://postali.app/mx/nuevo-leon/aramberri/ojo-de-agua-67948
67948,Pedregosa,Ranchería,Aramberri,Nuevo León,,Rural,https://postali.app/mx/nuevo-leon/aramberri/pedregosa
67948,San Isidro,Rancho,Aramberri,Nuevo León,,Rural,https://postali.app/mx/nuevo-leon/aramberri/san-isidro
67948,San Juan,Rancho,Aramberri,Nuevo León,,Rural,https://postali.app/mx/nuevo-leon/aramberri/san-juan
67948,San Juanito de Reséndiz,Rancho,Aramberri,Nuevo León,,Rural,https://postali.app/mx/nuevo-leon/aramberri/san-juanito-de-resendiz
67948,San Rafael de los Cortez,Rancho,Aramberri,Nuevo León,,Rural,https://postali.app/mx/nuevo-leon/aramberri/san-rafael-de-los-cortez
67948,San Rafael de los Cortez (La Cuesta),Ejido,Aramberri,Nuevo León,,Rural,https://postali.app/mx/nuevo-leon/aramberri/san-rafael-de-los-cortez-la-cuesta
67948,San Rafael de los Cortez (Las Cruces),Ejido,Aramberri,Nuevo León,,Rural,https://postali.app/mx/nuevo-leon/aramberri/san-rafael-de-los-cortez-las-cruces
67948,Santa Ana,Rancho,Aramberri,Nuevo León,,Rural,https://postali.app/mx/nuevo-leon/aramberri/santa-ana
67948,Santa Rita,Rancho,Aramberri,Nuevo León,,Rural,https://postali.app/mx/nuevo-leon/aramberri/santa-rita
67950,La Ascención,Pueblo,Aramberri,Nuevo León,,Urbano,https://postali.app/mx/nuevo-leon/aramberri/la-ascencion
67953,El Coyote,Rancho,Aramberri,Nuevo León,,Rural,https://postali.app/mx/nuevo-leon/aramberri/el-coyote
67953,El Derramadero,Rancho,Aramberri,Nuevo León,,Rural,https://postali.app/mx/nuevo-leon/aramberri/el-derramadero
67953,Joyas y Anteojitos,Ejido,Aramberri,Nuevo León,,Rural,https://postali.app/mx/nuevo-leon/aramberri/joyas-y-anteojitos
67953,La Ascensión (Esteban Salazar),Rancho,Aramberri,Nuevo León,,Rural,https://postali.app/mx/nuevo-leon/aramberri/la-ascension-esteban-salazar
67953,La Laguna,Rancho,Aramberri,Nuevo León,,Rural,https://postali.app/mx/nuevo-leon/aramberri/la-laguna
67953,La Reforma,Rancho,Aramberri,Nuevo León,,Rural,https://postali.app/mx/nuevo-leon/aramberri/la-reforma
67953,Milpa Vieja (San Manuel),Rancho,Aramberri,Nuevo León,,Rural,https://postali.app/mx/nuevo-leon/aramberri/milpa-vieja-san-manuel
67953,Presa de Anteojitos,Rancho,Aramberri,Nuevo León,,Rural,https://postali.app/mx/nuevo-leon/aramberri/presa-de-anteojitos
67953,Puerto de Anteojitos,Ejido,Aramberri,Nuevo León,,Rural,https://postali.app/mx/nuevo-leon/aramberri/puerto-de-anteojitos
67953,San Joaquín de Soto,Ejido,Aramberri,Nuevo León,,Rural,https://postali.app/mx/nuevo-leon/aramberri/san-joaquin-de-soto
67953,San Rafael del Llano,Ranchería,Aramberri,Nuevo León,,Rural,https://postali.app/mx/nuevo-leon/aramberri/san-rafael-del-llano
67954,El Puerto,Rancho,Aramberri,Nuevo León,,Rural,https://postali.app/mx/nuevo-leon/aramberri/el-puerto
67954,El Sauz,Rancho,Aramberri,Nuevo León,,Rural,https://postali.app/mx/nuevo-leon/aramberri/el-sauz
67954,Erasmo Vázquez,Rancho,Aramberri,Nuevo León,,Rural,https://postali.app/mx/nuevo-leon/aramberri/erasmo-vazquez
67954,La Victoria (Los Ángeles),Ejido,Aramberri,Nuevo León,,Rural,https://postali.app/mx/nuevo-leon/aramberri/la-victoria-los-angeles
67954,Las Presas,Ejido,Aramberri,Nuevo León,,Rural,https://postali.app/mx/nuevo-leon/aramberri/las-presas
67954,Sandia (Sandia el Grande),Ejido,Aramberri,Nuevo León,,Rural,https://postali.app/mx/nuevo-leon/aramberri/sandia-sandia-el-grande
67955,Agua de Enmedio (Los Pocitos),Rancho,Aramberri,Nuevo León,,Rural,https://postali.app/mx/nuevo-leon/aramberri/agua-de-enmedio-los-pocitos
67955,El Jilguero,Ejido,Aramberri,Nuevo León,,Rural,https://postali.app/mx/nuevo-leon/aramberri/el-jilguero
67955,El Refugio (Refugio de Texas),Rancho,Aramberri,Nuevo León,,Rural,https://postali.app/mx/nuevo-leon/aramberri/el-refugio-refugio-de-texas
67955,El Rucio,Ejido,Aramberri,Nuevo León,,Rural,https://postali.app/mx/nuevo-leon/aramberri/el-rucio
67955,Guadalupe de los Navarro,Ejido,Aramberri,Nuevo León,,Rural,https://postali.app/mx/nuevo-leon/aramberri/guadalupe-de-los-navarro
67955,Guadalupe Victoria,Ejido,Aramberri,Nuevo León,,Rural,https://postali.app/mx/nuevo-leon/aramberri/guadalupe-victoria
67955,Juan Méndez Castro,Rancho,Aramberri,Nuevo León,,Rural,https://postali.app/mx/nuevo-leon/aramberri/juan-mendez-castro
67955,La Angostura,Rancho,Aramberri,Nuevo León,,Rural,https://postali.app/mx/nuevo-leon/aramberri/la-angostura
67955,La Atarjea (El Pinal),Rancho,Aramberri,Nuevo León,,Rural,https://postali.app/mx/nuevo-leon/aramberri/la-atarjea-el-pinal
67955,La Caballada,Ejido,Aramberri,Nuevo León,,Rural,https://postali.app/mx/nuevo-leon/aramberri/la-caballada
67955,La Canoa,Rancho,Aramberri,Nuevo León,,Rural,https://postali.app/mx/nuevo-leon/aramberri/la-canoa
67955,La Colorada,Rancho,Aramberri,Nuevo León,,Rural,https://postali.app/mx/nuevo-leon/aramberri/la-colorada
67955,La Mesa de Alcocer,Rancho,Aramberri,Nuevo León,,Rural,https://postali.app/mx/nuevo-leon/aramberri/la-mesa-de-alcocer
67955,La Muralla,Rancho,Aramberri,Nuevo León,,Rural,https://postali.app/mx/nuevo-leon/aramberri/la-muralla
67955,Milpillas,Ejido,Aramberri,Nuevo León,,Rural,https://postali.app/mx/nuevo-leon/aramberri/milpillas-67955
67955,Puerto Bajo,Ejido,Aramberri,Nuevo León,,Rural,https://postali.app/mx/nuevo-leon/aramberri/puerto-bajo
67955,San José del Jilguero,Ejido,Aramberri,Nuevo León,,Rural,https://postali.app/mx/nuevo-leon/aramberri/san-jose-del-jilguero
67955,San Rafael de la Angostura (La Cueva),Rancho,Aramberri,Nuevo León,,Rural,https://postali.app/mx/nuevo-leon/aramberri/san-rafael-de-la-angostura-la-cueva
67955,Vista Hermosa,Rancho,Aramberri,Nuevo León,,Rural,https://postali.app/mx/nuevo-leon/aramberri/vista-hermosa
67956,Facultad de Agronomía,Equipamiento,Aramberri,Nuevo León,,Rural,https://postali.app/mx/nuevo-leon/aramberri/facultad-de-agronomia
67956,La Majada,Rancho,Aramberri,Nuevo León,,Rural,https://postali.app/mx/nuevo-leon/aramberri/la-majada
67956,Las Juanas,Rancho,Aramberri,Nuevo León,,Rural,https://postali.app/mx/nuevo-leon/aramberri/las-juanas
67956,Las Ánimas (Presa de las Ánimas),Hacienda,Aramberri,Nuevo León,,Rural,https://postali.app/mx/nuevo-leon/aramberri/las-animas-presa-de-las-animas
67956,Puerto Piñones,Rancho,Aramberri,Nuevo León,,Rural,https://postali.app/mx/nuevo-leon/aramberri/puerto-pinones
67956,Rancho Nuevo,Ranchería,Aramberri,Nuevo León,,Rural,https://postali.app/mx/nuevo-leon/aramberri/rancho-nuevo-67956
67956,San Enrique (Los Mendoza),Rancho,Aramberri,Nuevo León,,Rural,https://postali.app/mx/nuevo-leon/aramberri/san-enrique-los-mendoza
67956,San Isidro,Ejido,Aramberri,Nuevo León,,Rural,https://postali.app/mx/nuevo-leon/aramberri/san-isidro-67956
67956,San Juanito de Solís,Ejido,Aramberri,Nuevo León,,Rural,https://postali.app/mx/nuevo-leon/aramberri/san-juanito-de-solis
67957,Cañón de Vacas (El Jardín),Ejido,Aramberri,Nuevo León,,Rural,https://postali.app/mx/nuevo-leon/aramberri/canon-de-vacas-el-jardin
67957,El Astillero,Rancho,Aramberri,Nuevo León,,Rural,https://postali.app/mx/nuevo-leon/aramberri/el-astillero
67957,El Cuervo Dos,Rancho,Aramberri,Nuevo León,,Rural,https://postali.app/mx/nuevo-leon/aramberri/el-cuervo-dos
67957,El Cuervo Uno,Rancho,Aramberri,Nuevo León,,Rural,https://postali.app/mx/nuevo-leon/aramberri/el-cuervo-uno
67957,El Jardín (Cañón de Vacas),Rancho,Aramberri,Nuevo León,,Rural,https://postali.app/mx/nuevo-leon/aramberri/el-jardin-canon-de-vacas
67957,El Leoncito,Rancho,Aramberri,Nuevo León,,Rural,https://postali.app/mx/nuevo-leon/aramberri/el-leoncito
67957,El Nacimiento,Rancho,Aramberri,Nuevo León,,Rural,https://postali.app/mx/nuevo-leon/aramberri/el-nacimiento
67957,El Paraíso (San Antonio Mesa de las Piedras),Rancho,Aramberri,Nuevo León,,Rural,https://postali.app/mx/nuevo-leon/aramberri/el-paraiso-san-antonio-mesa-de-las-piedras
67957,El Rodeo,Ejido,Aramberri,Nuevo León,,Rural,https://postali.app/mx/nuevo-leon/aramberri/el-rodeo
67957,El Saucillo,Ejido,Aramberri,Nuevo León,,Rural,https://postali.app/mx/nuevo-leon/aramberri/el-saucillo
67957,El Yerbaniz,Rancho,Aramberri,Nuevo León,,Rural,https://postali.app/mx/nuevo-leon/aramberri/el-yerbaniz
67957,Hoya de Bocacil,Rancho,Aramberri,Nuevo León,,Rural,https://postali.app/mx/nuevo-leon/aramberri/hoya-de-bocacil
67957,La Boquilla,Rancho,Aramberri,Nuevo León,,Rural,https://postali.app/mx/nuevo-leon/aramberri/la-boquilla
67957,La Corona,Rancho,Aramberri,Nuevo León,,Rural,https://postali.app/mx/nuevo-leon/aramberri/la-corona
67957,La Reforma,Rancho,Aramberri,Nuevo León,,Rural,https://postali.app/mx/nuevo-leon/aramberri/la-reforma-67957
67957,Lampacitos,Ejido,Aramberri,Nuevo León,,Rural,https://postali.app/mx/nuevo-leon/aramberri/lampacitos
67957,Las Delicias,Ejido,Aramberri,Nuevo León,,Rural,https://postali.app/mx/nuevo-leon/aramberri/las-delicias
67957,Las Higueritas,Rancho,Aramberri,Nuevo León,,Rural,https://postali.app/mx/nuevo-leon/aramberri/las-higueritas-67957
67957,Las Joyitas,Rancho,Aramberri,Nuevo León,,Rural,https://postali.app/mx/nuevo-leon/aramberri/las-joyitas
67957,San Antonio,Rancho,Aramberri,Nuevo León,,Rural,https://postali.app/mx/nuevo-leon/aramberri/san-antonio
67957,San Francisco de Leos,Rancho,Aramberri,Nuevo León,,Rural,https://postali.app/mx/nuevo-leon/aramberri/san-francisco-de-leos
67957,Yerbaniz,Rancho,Aramberri,Nuevo León,,Rural,https://postali.app/mx/nuevo-leon/aramberri/yerbaniz
67958,Duraznillos,Rancho,Aramberri,Nuevo León,,Rural,https://postali.app/mx/nuevo-leon/aramberri/duraznillos
67958,El Divisadero,Rancho,Aramberri,Nuevo León,,Rural,https://postali.app/mx/nuevo-leon/aramberri/el-divisadero
67958,El Naranjo,Rancho,Aramberri,Nuevo León,,Rural,https://postali.app/mx/nuevo-leon/aramberri/el-naranjo
67958,El Puerto,Rancho,Aramberri,Nuevo León,,Rural,https://postali.app/mx/nuevo-leon/aramberri/el-puerto-67958
67958,El Rincón de Jesús,Rancho,Aramberri,Nuevo León,,Rural,https://postali.app/mx/nuevo-leon/aramberri/el-rincon-de-jesus
67958,El Sauz,Rancho,Aramberri,Nuevo León,,Rural,https://postali.app/mx/nuevo-leon/aramberri/el-sauz-67958
67958,Esquivel,Rancho,Aramberri,Nuevo León,,Rural,https://postali.app/mx/nuevo-leon/aramberri/esquivel
67958,Ibarrilla (Rincón de Ibarrilla),Ejido,Aramberri,Nuevo León,,Rural,https://postali.app/mx/nuevo-leon/aramberri/ibarrilla-rincon-de-ibarrilla
67958,Ignacio Zaragoza,Ejido,Aramberri,Nuevo León,,Rural,https://postali.app/mx/nuevo-leon/aramberri/ignacio-zaragoza
67958,La Gota,Rancho,Aramberri,Nuevo León,,Rural,https://postali.app/mx/nuevo-leon/aramberri/la-gota
67958,La Tinaja,Rancho,Aramberri,Nuevo León,,Rural,https://postali.app/mx/nuevo-leon/aramberri/la-tinaja
67958,Lagunitas,Rancho,Aramberri,Nuevo León,,Rural,https://postali.app/mx/nuevo-leon/aramberri/lagunitas
67958,Las Mulas,Rancho,Aramberri,Nuevo León,,Rural,https://postali.app/mx/nuevo-leon/aramberri/las-mulas
67958,Los Laureles,Rancho,Aramberri,Nuevo León,,Rural,https://postali.app/mx/nuevo-leon/aramberri/los-laureles
67958,Monillal,Rancho,Aramberri,Nuevo León,,Rural,https://postali.app/mx/nuevo-leon/aramberri/monillal
67958,Ojo de Agua,Rancho,Aramberri,Nuevo León,,Rural,https://postali.app/mx/nuevo-leon/aramberri/ojo-de-agua-67958
67958,Puerto Rincón de Jesús,Rancho,Aramberri,Nuevo León,,Rural,https://postali.app/mx/nuevo-leon/aramberri/puerto-rincon-de-jesus
67958,Álamos,Ejido,Aramberri,Nuevo León,,Rural,https://postali.app/mx/nuevo-leon/aramberri/alamos
67959,El Tejocote,Ranchería,Aramberri,Nuevo León,,Rural,https://postali.app/mx/nuevo-leon/aramberri/el-tejocote
67960,19 de Enero,Colonia,General Zaragoza,Nuevo León,,Urbano,https://postali.app/mx/nuevo-leon/general-zaragoza/19-de-enero
67960,El Salto,Equipamiento,General Zaragoza,Nuevo León,,Urbano,https://postali.app/mx/nuevo-leon/general-zaragoza/el-salto
67960,General Zaragoza,Pueblo,General Zaragoza,Nuevo León,,Rural,https://postali.app/mx/nuevo-leon/general-zaragoza/general-zaragoza
67960,La Mesilla,Colonia,General Zaragoza,Nuevo León,,Urbano,https://postali.app/mx/nuevo-leon/general-zaragoza/la-mesilla
67960,Luis Donaldo Colosio,Colonia,General Zaragoza,Nuevo León,,Urbano,https://postali.app/mx/nuevo-leon/general-zaragoza/luis-donaldo-colosio
67960,San José del Río Blanco,Colonia,General Zaragoza,Nuevo León,,Urbano,https://postali.app/mx/nuevo-leon/general-zaragoza/san-jose-del-rio-blanco
67965,El Refugio,Ejido,General Zaragoza,Nuevo León,,Rural,https://postali.app/mx/nuevo-leon/general-zaragoza/el-refugio
67965,Tepozanes,Ejido,General Zaragoza,Nuevo León,,Rural,https://postali.app/mx/nuevo-leon/general-zaragoza/tepozanes
67966,El Charco,Rancho,General Zaragoza,Nuevo León,,Rural,https://postali.app/mx/nuevo-leon/general-zaragoza/el-charco
67966,Maravillas,Ranchería,General Zaragoza,Nuevo León,,Rural,https://postali.app/mx/nuevo-leon/general-zaragoza/maravillas
67967,Dulces Nombres (Santa Teresa),Ejido,General Zaragoza,Nuevo León,,Rural,https://postali.app/mx/nuevo-leon/general-zaragoza/dulces-nombres-santa-teresa
67972,San Josecito,Ejido,General Zaragoza,Nuevo León,,Rural,https://postali.app/mx/nuevo-leon/general-zaragoza/san-josecito
67973,San Francisco,Ejido,General Zaragoza,Nuevo León,,Rural,https://postali.app/mx/nuevo-leon/general-zaragoza/san-francisco
67974,El Baral,Colonia,General Zaragoza,Nuevo León,,Rural,https://postali.app/mx/nuevo-leon/general-zaragoza/el-baral
67974,La Joya de Alardín,Ranchería,General Zaragoza,Nuevo León,,Rural,https://postali.app/mx/nuevo-leon/general-zaragoza/la-joya-de-alardin
67975,El Salitre,Ranchería,General Zaragoza,Nuevo León,,Rural,https://postali.app/mx/nuevo-leon/general-zaragoza/el-salitre
67976,La Encantada,Ejido,General Zaragoza,Nuevo León,,Rural,https://postali.app/mx/nuevo-leon/general-zaragoza/la-encantada
67977,Joya de San Diego,Ejido,General Zaragoza,Nuevo León,,Rural,https://postali.app/mx/nuevo-leon/general-zaragoza/joya-de-san-diego
67977,La Cieneguita,Ejido,General Zaragoza,Nuevo León,,Rural,https://postali.app/mx/nuevo-leon/general-zaragoza/la-cieneguita
67978,Siberia,Ranchería,General Zaragoza,Nuevo León,,Rural,https://postali.app/mx/nuevo-leon/general-zaragoza/siberia
67980,Cerros Blancos,Ejido,Mier y Noriega,Nuevo León,,Rural,https://postali.app/mx/nuevo-leon/mier-y-noriega/cerros-blancos
67980,Dolores,Ejido,Mier y Noriega,Nuevo León,,Rural,https://postali.app/mx/nuevo-leon/mier-y-noriega/dolores
67980,El Refugio de Cerros Blancos,Ejido,Mier y Noriega,Nuevo León,,Rural,https://postali.app/mx/nuevo-leon/mier-y-noriega/el-refugio-de-cerros-blancos
67980,Jesús María del Terrero (El Lindero),Ejido,Mier y Noriega,Nuevo León,,Rural,https://postali.app/mx/nuevo-leon/mier-y-noriega/jesus-maria-del-terrero-el-lindero
67980,La Joya del Zacate,Ranchería,Mier y Noriega,Nuevo León,,Rural,https://postali.app/mx/nuevo-leon/mier-y-noriega/la-joya-del-zacate
67980,La Presita de Cerros Blancos (La Presita),Ejido,Mier y Noriega,Nuevo León,,Rural,https://postali.app/mx/nuevo-leon/mier-y-noriega/la-presita-de-cerros-blancos-la-presita
67980,Mier y Noriega,Pueblo,Mier y Noriega,Nuevo León,,Urbano,https://postali.app/mx/nuevo-leon/mier-y-noriega/mier-y-noriega
67980,San Antonio de Alamitos,Ejido,Mier y Noriega,Nuevo León,,Rural,https://postali.app/mx/nuevo-leon/mier-y-noriega/san-antonio-de-alamitos
67980,San Isidro,Ejido,Mier y Noriega,Nuevo León,,Rural,https://postali.app/mx/nuevo-leon/mier-y-noriega/san-isidro
67980,San José de Cuatro Caminos,Ejido,Mier y Noriega,Nuevo León,,Rural,https://postali.app/mx/nuevo-leon/mier-y-noriega/san-jose-de-cuatro-caminos
67980,San Rafael de los Martínez,Ejido,Mier y Noriega,Nuevo León,,Rural,https://postali.app/mx/nuevo-leon/mier-y-noriega/san-rafael-de-los-martinez
67980,Tapona Moreña,Ejido,Mier y Noriega,Nuevo León,,Rural,https://postali.app/mx/nuevo-leon/mier-y-noriega/tapona-morena
67982,Las Mesas de San Juan,Ranchería,Mier y Noriega,Nuevo León,,Rural,https://postali.app/mx/nuevo-leon/mier-y-noriega/las-mesas-de-san-juan
67982,Las Palomas (Lajillas),Ejido,Mier y Noriega,Nuevo León,,Rural,https://postali.app/mx/nuevo-leon/mier-y-noriega/las-palomas-lajillas
67984,El Gallito,Ejido,Mier y Noriega,Nuevo León,,Rural,https://postali.app/mx/nuevo-leon/mier-y-noriega/el-gallito
67984,La Cardona,Ejido,Mier y Noriega,Nuevo León,,Rural,https://postali.app/mx/nuevo-leon/mier-y-noriega/la-cardona
67984,Lagunita de Taberna,Ejido,Mier y Noriega,Nuevo León,,Rural,https://postali.app/mx/nuevo-leon/mier-y-noriega/lagunita-de-taberna
67986,San José de Medina (Rancho de Abajo),Ranchería,Mier y Noriega,Nuevo León,,Rural,https://postali.app/mx/nuevo-leon/mier-y-noriega/san-jose-de-medina-rancho-de-abajo
