codigo_postal,asentamiento,tipo,municipio,estado,ciudad,zona,url
72000,Puebla Centro,Colonia,Puebla,Puebla,Heroica Puebla de Zaragoza,Urbano,https://postali.app/mx/puebla/puebla/puebla-centro
72000,San Francisco,Colonia,Puebla,Puebla,Heroica Puebla de Zaragoza,Urbano,https://postali.app/mx/puebla/puebla/san-francisco
72010,INFONAVIT Bosques 5 de Febrero,Unidad habitacional,Puebla,Puebla,Heroica Puebla de Zaragoza,Urbano,https://postali.app/mx/puebla/puebla/infonavit-bosques-5-de-febrero
72010,Residencial Santa María,Unidad habitacional,Puebla,Puebla,Heroica Puebla de Zaragoza,Urbano,https://postali.app/mx/puebla/puebla/residencial-santa-maria
72010,Santa María la Rivera,Colonia,Puebla,Puebla,Heroica Puebla de Zaragoza,Urbano,https://postali.app/mx/puebla/puebla/santa-maria-la-rivera
72013,Las Huertas,Colonia,Puebla,Puebla,Heroica Puebla de Zaragoza,Urbano,https://postali.app/mx/puebla/puebla/las-huertas
72013,Santa Bárbara,Colonia,Puebla,Puebla,Heroica Puebla de Zaragoza,Urbano,https://postali.app/mx/puebla/puebla/santa-barbara
72014,Barranca Honda,Colonia,Puebla,Puebla,Heroica Puebla de Zaragoza,Urbano,https://postali.app/mx/puebla/puebla/barranca-honda
72014,Benito Juárez,Colonia,Puebla,Puebla,Heroica Puebla de Zaragoza,Urbano,https://postali.app/mx/puebla/puebla/benito-juarez
72014,El Conde,Unidad habitacional,Puebla,Puebla,Heroica Puebla de Zaragoza,Urbano,https://postali.app/mx/puebla/puebla/el-conde
72014,El Conde II,Conjunto habitacional,Puebla,Puebla,Heroica Puebla de Zaragoza,Urbano,https://postali.app/mx/puebla/puebla/el-conde-ii
72014,Guadalupe del Oro,Colonia,Puebla,Puebla,Heroica Puebla de Zaragoza,Urbano,https://postali.app/mx/puebla/puebla/guadalupe-del-oro
72014,Ignacio Mariscal,Colonia,Puebla,Puebla,Heroica Puebla de Zaragoza,Urbano,https://postali.app/mx/puebla/puebla/ignacio-mariscal
72014,INFONAVIT Fidel Velázquez,Unidad habitacional,Puebla,Puebla,Heroica Puebla de Zaragoza,Urbano,https://postali.app/mx/puebla/puebla/infonavit-fidel-velazquez
72014,La Condesa,Colonia,Puebla,Puebla,Heroica Puebla de Zaragoza,Urbano,https://postali.app/mx/puebla/puebla/la-condesa
72014,Loma Linda,Conjunto habitacional,Puebla,Puebla,Heroica Puebla de Zaragoza,Urbano,https://postali.app/mx/puebla/puebla/loma-linda
72014,Miravalle,Colonia,Puebla,Puebla,Heroica Puebla de Zaragoza,Urbano,https://postali.app/mx/puebla/puebla/miravalle
72014,Nueva 13 de Abril,Colonia,Puebla,Puebla,Heroica Puebla de Zaragoza,Urbano,https://postali.app/mx/puebla/puebla/nueva-13-de-abril
72014,Orquídeas Residencial,Fraccionamiento,Puebla,Puebla,Heroica Puebla de Zaragoza,Urbano,https://postali.app/mx/puebla/puebla/orquideas-residencial
72014,Polideportivo,Colonia,Puebla,Puebla,Heroica Puebla de Zaragoza,Urbano,https://postali.app/mx/puebla/puebla/polideportivo
72014,Rosas del Tepeyac,Colonia,Puebla,Puebla,Heroica Puebla de Zaragoza,Urbano,https://postali.app/mx/puebla/puebla/rosas-del-tepeyac
72014,San José los Cerritos,Colonia,Puebla,Puebla,Heroica Puebla de Zaragoza,Urbano,https://postali.app/mx/puebla/puebla/san-jose-los-cerritos
72014,San Pablo Xochimehuacan,Colonia,Puebla,Puebla,Heroica Puebla de Zaragoza,Urbano,https://postali.app/mx/puebla/puebla/san-pablo-xochimehuacan
72015,La Candelaria,Colonia,Puebla,Puebla,Heroica Puebla de Zaragoza,Urbano,https://postali.app/mx/puebla/puebla/la-candelaria
72016,Emperatriz,Conjunto habitacional,Puebla,Puebla,Heroica Puebla de Zaragoza,Urbano,https://postali.app/mx/puebla/puebla/emperatriz
72016,Guadalupe del Conde,Colonia,Puebla,Puebla,Heroica Puebla de Zaragoza,Urbano,https://postali.app/mx/puebla/puebla/guadalupe-del-conde
72016,INFONAVIT Villa Frontera,Colonia,Puebla,Puebla,Heroica Puebla de Zaragoza,Urbano,https://postali.app/mx/puebla/puebla/infonavit-villa-frontera
72016,Jorge Murad Macluf,Colonia,Puebla,Puebla,Heroica Puebla de Zaragoza,Urbano,https://postali.app/mx/puebla/puebla/jorge-murad-macluf
72016,Monte Alban,Colonia,Puebla,Puebla,Heroica Puebla de Zaragoza,Urbano,https://postali.app/mx/puebla/puebla/monte-alban
72016,Nuevo Paraíso,Colonia,Puebla,Puebla,Heroica Puebla de Zaragoza,Urbano,https://postali.app/mx/puebla/puebla/nuevo-paraiso
72016,Rancho Guadalupe,Colonia,Puebla,Puebla,Heroica Puebla de Zaragoza,Urbano,https://postali.app/mx/puebla/puebla/rancho-guadalupe
72016,Real de Guadalupe,Colonia,Puebla,Puebla,Heroica Puebla de Zaragoza,Urbano,https://postali.app/mx/puebla/puebla/real-de-guadalupe
72016,San José el Conde,Colonia,Puebla,Puebla,Heroica Puebla de Zaragoza,Urbano,https://postali.app/mx/puebla/puebla/san-jose-el-conde
72016,Seda Monsanto,Colonia,Puebla,Puebla,Heroica Puebla de Zaragoza,Urbano,https://postali.app/mx/puebla/puebla/seda-monsanto
72016,Solidaridad Nacional,Colonia,Puebla,Puebla,Heroica Puebla de Zaragoza,Urbano,https://postali.app/mx/puebla/puebla/solidaridad-nacional
72016,Villa Escondida,Colonia,Puebla,Puebla,Heroica Puebla de Zaragoza,Urbano,https://postali.app/mx/puebla/puebla/villa-escondida
72016,Villa Guadalupe,Unidad habitacional,Puebla,Puebla,Heroica Puebla de Zaragoza,Urbano,https://postali.app/mx/puebla/puebla/villa-guadalupe
72016,Villa Margarita García,Colonia,Puebla,Puebla,Heroica Puebla de Zaragoza,Urbano,https://postali.app/mx/puebla/puebla/villa-margarita-garcia
72016,Villas de Marques,Colonia,Puebla,Puebla,Heroica Puebla de Zaragoza,Urbano,https://postali.app/mx/puebla/puebla/villas-de-marques
72016,Villas San Gregorio,Fraccionamiento,Puebla,Puebla,Heroica Puebla de Zaragoza,Urbano,https://postali.app/mx/puebla/puebla/villas-san-gregorio
72017,Las Sonatas,Conjunto habitacional,Puebla,Puebla,Heroica Puebla de Zaragoza,Urbano,https://postali.app/mx/puebla/puebla/las-sonatas
72017,México 83,Colonia,Puebla,Puebla,Heroica Puebla de Zaragoza,Urbano,https://postali.app/mx/puebla/puebla/mexico-83
72017,Nueva España,Colonia,Puebla,Puebla,Heroica Puebla de Zaragoza,Urbano,https://postali.app/mx/puebla/puebla/nueva-espana
72017,Nueva San Salvador,Colonia,Puebla,Puebla,Heroica Puebla de Zaragoza,Urbano,https://postali.app/mx/puebla/puebla/nueva-san-salvador
72017,Portanova,Fraccionamiento,Puebla,Puebla,Heroica Puebla de Zaragoza,Urbano,https://postali.app/mx/puebla/puebla/portanova
72017,Venustiano Carranza,Colonia,Puebla,Puebla,Heroica Puebla de Zaragoza,Urbano,https://postali.app/mx/puebla/puebla/venustiano-carranza
72017,Villa Paraíso,Fraccionamiento,Puebla,Puebla,Heroica Puebla de Zaragoza,Urbano,https://postali.app/mx/puebla/puebla/villa-paraiso
72017,Villas Diamante,Fraccionamiento,Puebla,Puebla,Heroica Puebla de Zaragoza,Urbano,https://postali.app/mx/puebla/puebla/villas-diamante
72017,Villas San José,Conjunto habitacional,Puebla,Puebla,Heroica Puebla de Zaragoza,Urbano,https://postali.app/mx/puebla/puebla/villas-san-jose
72019,Central de Abastos,Zona comercial,Puebla,Puebla,Heroica Puebla de Zaragoza,Urbano,https://postali.app/mx/puebla/puebla/central-de-abastos
72019,Parque Industrial 5 de Mayo,Colonia,Puebla,Puebla,Heroica Puebla de Zaragoza,Urbano,https://postali.app/mx/puebla/puebla/parque-industrial-5-de-mayo
72020,El Riego Sur,Colonia,Puebla,Puebla,Heroica Puebla de Zaragoza,Urbano,https://postali.app/mx/puebla/puebla/el-riego-sur
72020,Francisco Villa,Colonia,Puebla,Puebla,Heroica Puebla de Zaragoza,Urbano,https://postali.app/mx/puebla/puebla/francisco-villa
72020,Pino Suárez,Colonia,Puebla,Puebla,Heroica Puebla de Zaragoza,Urbano,https://postali.app/mx/puebla/puebla/pino-suarez
72020,San Jerónimo,Fraccionamiento,Puebla,Puebla,Heroica Puebla de Zaragoza,Urbano,https://postali.app/mx/puebla/puebla/san-jeronimo
72020,San José Cuatro Caminos,Colonia,Puebla,Puebla,Heroica Puebla de Zaragoza,Urbano,https://postali.app/mx/puebla/puebla/san-jose-cuatro-caminos
72020,San Rafael Oriente,Colonia,Puebla,Puebla,Heroica Puebla de Zaragoza,Urbano,https://postali.app/mx/puebla/puebla/san-rafael-oriente
72020,Villas del Mesón I,Fraccionamiento,Puebla,Puebla,Heroica Puebla de Zaragoza,Urbano,https://postali.app/mx/puebla/puebla/villas-del-meson-i
72020,Villas del Mesón II,Fraccionamiento,Puebla,Puebla,Heroica Puebla de Zaragoza,Urbano,https://postali.app/mx/puebla/puebla/villas-del-meson-ii
72023,Zona Cementos Atoyac,Equipamiento,Puebla,Puebla,Heroica Puebla de Zaragoza,Urbano,https://postali.app/mx/puebla/puebla/zona-cementos-atoyac
72029,San Rafael Poniente,Colonia,Puebla,Puebla,Heroica Puebla de Zaragoza,Urbano,https://postali.app/mx/puebla/puebla/san-rafael-poniente
72030,Aquiles Serdán,Unidad habitacional,Puebla,Puebla,Heroica Puebla de Zaragoza,Urbano,https://postali.app/mx/puebla/puebla/aquiles-serdan
72030,Futura,Fraccionamiento,Puebla,Puebla,Heroica Puebla de Zaragoza,Urbano,https://postali.app/mx/puebla/puebla/futura
72030,Plazuelas San José,Condominio,Puebla,Puebla,Heroica Puebla de Zaragoza,Urbano,https://postali.app/mx/puebla/puebla/plazuelas-san-jose
72030,San Felipe Hueyotlipan,Colonia,Puebla,Puebla,Heroica Puebla de Zaragoza,Urbano,https://postali.app/mx/puebla/puebla/san-felipe-hueyotlipan
72040,Del Valle,Fraccionamiento,Puebla,Puebla,Heroica Puebla de Zaragoza,Urbano,https://postali.app/mx/puebla/puebla/del-valle
72040,Fuentes la Pradera,Colonia,Puebla,Puebla,Heroica Puebla de Zaragoza,Urbano,https://postali.app/mx/puebla/puebla/fuentes-la-pradera
72040,Jesús González Ortéga,Colonia,Puebla,Puebla,Heroica Puebla de Zaragoza,Urbano,https://postali.app/mx/puebla/puebla/jesus-gonzalez-ortega
72040,La Pedrera,Colonia,Puebla,Puebla,Heroica Puebla de Zaragoza,Urbano,https://postali.app/mx/puebla/puebla/la-pedrera
72040,Rancho Colorado,Colonia,Puebla,Puebla,Heroica Puebla de Zaragoza,Urbano,https://postali.app/mx/puebla/puebla/rancho-colorado
72040,Rincón Dorado,Fraccionamiento,Puebla,Puebla,Heroica Puebla de Zaragoza,Urbano,https://postali.app/mx/puebla/puebla/rincon-dorado
72040,Sendero del Fresno,Fraccionamiento,Puebla,Puebla,Heroica Puebla de Zaragoza,Urbano,https://postali.app/mx/puebla/puebla/sendero-del-fresno
72040,Valle del Ángel,Colonia,Puebla,Puebla,Heroica Puebla de Zaragoza,Urbano,https://postali.app/mx/puebla/puebla/valle-del-angel
72040,Villas San Felipe,Colonia,Puebla,Puebla,Heroica Puebla de Zaragoza,Urbano,https://postali.app/mx/puebla/puebla/villas-san-felipe
72044,Ex-Rancho Colorado,Colonia,Puebla,Puebla,Heroica Puebla de Zaragoza,Urbano,https://postali.app/mx/puebla/puebla/ex-rancho-colorado
72044,Jorge Murad Macluf,Unidad habitacional,Puebla,Puebla,Heroica Puebla de Zaragoza,Urbano,https://postali.app/mx/puebla/puebla/jorge-murad-macluf-72044
72044,Plaza Pedrera,Zona comercial,Puebla,Puebla,Heroica Puebla de Zaragoza,Urbano,https://postali.app/mx/puebla/puebla/plaza-pedrera
72044,Plaza San Alberto,Zona comercial,Puebla,Puebla,Heroica Puebla de Zaragoza,Urbano,https://postali.app/mx/puebla/puebla/plaza-san-alberto
72044,San Bernardo,Fraccionamiento,Puebla,Puebla,Heroica Puebla de Zaragoza,Urbano,https://postali.app/mx/puebla/puebla/san-bernardo
72045,Zona CAPU,Zona federal,Puebla,Puebla,Heroica Puebla de Zaragoza,Urbano,https://postali.app/mx/puebla/puebla/zona-capu
72050,Cleotilde Torres,Colonia,Puebla,Puebla,Heroica Puebla de Zaragoza,Urbano,https://postali.app/mx/puebla/puebla/cleotilde-torres
72050,Francisco Villa (Hoy 26 de Mayo),Colonia,Puebla,Puebla,Heroica Puebla de Zaragoza,Urbano,https://postali.app/mx/puebla/puebla/francisco-villa-hoy-26-de-mayo
72050,Las Cuartillas,Colonia,Puebla,Puebla,Heroica Puebla de Zaragoza,Urbano,https://postali.app/mx/puebla/puebla/las-cuartillas
72050,Los Arcos,Fraccionamiento,Puebla,Puebla,Heroica Puebla de Zaragoza,Urbano,https://postali.app/mx/puebla/puebla/los-arcos
72050,Los Ídolos,Colonia,Puebla,Puebla,Heroica Puebla de Zaragoza,Urbano,https://postali.app/mx/puebla/puebla/los-idolos
72050,San Miguel Hueyotlipan,Colonia,Puebla,Puebla,Heroica Puebla de Zaragoza,Urbano,https://postali.app/mx/puebla/puebla/san-miguel-hueyotlipan
72050,Torres 475,Conjunto habitacional,Puebla,Puebla,Heroica Puebla de Zaragoza,Urbano,https://postali.app/mx/puebla/puebla/torres-475
72050,Unión,Fraccionamiento,Puebla,Puebla,Heroica Puebla de Zaragoza,Urbano,https://postali.app/mx/puebla/puebla/union
72050,Villa Karol,Unidad habitacional,Puebla,Puebla,Heroica Puebla de Zaragoza,Urbano,https://postali.app/mx/puebla/puebla/villa-karol
72060,Las Pozas,Colonia,Puebla,Puebla,Heroica Puebla de Zaragoza,Urbano,https://postali.app/mx/puebla/puebla/las-pozas
72060,Real del Monte,Colonia,Puebla,Puebla,Heroica Puebla de Zaragoza,Urbano,https://postali.app/mx/puebla/puebla/real-del-monte
72060,Villa Posadas,Colonia,Puebla,Puebla,Heroica Puebla de Zaragoza,Urbano,https://postali.app/mx/puebla/puebla/villa-posadas
72062,Rancho Posadas,Fraccionamiento,Puebla,Puebla,Heroica Puebla de Zaragoza,Urbano,https://postali.app/mx/puebla/puebla/rancho-posadas
72070,Aquiles Serdán,Unidad habitacional,Puebla,Puebla,Heroica Puebla de Zaragoza,Urbano,https://postali.app/mx/puebla/puebla/aquiles-serdan-72070
72070,Las Hadas,Colonia,Puebla,Puebla,Heroica Puebla de Zaragoza,Urbano,https://postali.app/mx/puebla/puebla/las-hadas
72070,Nueva Aurora Popular,Colonia,Puebla,Puebla,Heroica Puebla de Zaragoza,Urbano,https://postali.app/mx/puebla/puebla/nueva-aurora-popular
72070,Plaza San Pedro,Zona comercial,Puebla,Puebla,Heroica Puebla de Zaragoza,Urbano,https://postali.app/mx/puebla/puebla/plaza-san-pedro
72070,Quetzalcoatl,Fraccionamiento,Puebla,Puebla,Heroica Puebla de Zaragoza,Urbano,https://postali.app/mx/puebla/puebla/quetzalcoatl
72070,Rancho Colorado,Fraccionamiento,Puebla,Puebla,Heroica Puebla de Zaragoza,Urbano,https://postali.app/mx/puebla/puebla/rancho-colorado-72070
72070,S.A.R.H.,Colonia,Puebla,Puebla,Heroica Puebla de Zaragoza,Urbano,https://postali.app/mx/puebla/puebla/s-a-r-h
72070,Valle Dorado,Colonia,Puebla,Puebla,Heroica Puebla de Zaragoza,Urbano,https://postali.app/mx/puebla/puebla/valle-dorado
72080,Del Refugio,Barrio,Puebla,Puebla,Heroica Puebla de Zaragoza,Urbano,https://postali.app/mx/puebla/puebla/del-refugio
72080,Maestro Federal,Colonia,Puebla,Puebla,Heroica Puebla de Zaragoza,Urbano,https://postali.app/mx/puebla/puebla/maestro-federal
72080,Morelos,Colonia,Puebla,Puebla,Heroica Puebla de Zaragoza,Urbano,https://postali.app/mx/puebla/puebla/morelos
72080,Real de San Antonio,Fraccionamiento,Puebla,Puebla,Heroica Puebla de Zaragoza,Urbano,https://postali.app/mx/puebla/puebla/real-de-san-antonio
72080,Santa María,Colonia,Puebla,Puebla,Heroica Puebla de Zaragoza,Urbano,https://postali.app/mx/puebla/puebla/santa-maria
72089,San Antonio,Barrio,Puebla,Puebla,Heroica Puebla de Zaragoza,Urbano,https://postali.app/mx/puebla/puebla/san-antonio
72089,Santa Anita,Barrio,Puebla,Puebla,Heroica Puebla de Zaragoza,Urbano,https://postali.app/mx/puebla/puebla/santa-anita
72090,Dos Arbolitos,Colonia,Puebla,Puebla,Heroica Puebla de Zaragoza,Urbano,https://postali.app/mx/puebla/puebla/dos-arbolitos
72090,Jesús García,Colonia,Puebla,Puebla,Heroica Puebla de Zaragoza,Urbano,https://postali.app/mx/puebla/puebla/jesus-garcia
72090,La Providencia,Colonia,Puebla,Puebla,Heroica Puebla de Zaragoza,Urbano,https://postali.app/mx/puebla/puebla/la-providencia
72090,Residencial las Fuentes,Conjunto habitacional,Puebla,Puebla,Heroica Puebla de Zaragoza,Urbano,https://postali.app/mx/puebla/puebla/residencial-las-fuentes
72090,San Matías,Barrio,Puebla,Puebla,Heroica Puebla de Zaragoza,Urbano,https://postali.app/mx/puebla/puebla/san-matias
72090,San Miguelito,Barrio,Puebla,Puebla,Heroica Puebla de Zaragoza,Urbano,https://postali.app/mx/puebla/puebla/san-miguelito
72090,San Sebastián,Barrio,Puebla,Puebla,Heroica Puebla de Zaragoza,Urbano,https://postali.app/mx/puebla/puebla/san-sebastian
72090,Tierra y Libertad,Colonia,Puebla,Puebla,Heroica Puebla de Zaragoza,Urbano,https://postali.app/mx/puebla/puebla/tierra-y-libertad
72090,Villa San Alejandro,Colonia,Puebla,Puebla,Heroica Puebla de Zaragoza,Urbano,https://postali.app/mx/puebla/puebla/villa-san-alejandro
72090,Zona Esmeralda,Colonia,Puebla,Puebla,Heroica Puebla de Zaragoza,Urbano,https://postali.app/mx/puebla/puebla/zona-esmeralda
72094,El Tamborcito,Colonia,Puebla,Puebla,Heroica Puebla de Zaragoza,Urbano,https://postali.app/mx/puebla/puebla/el-tamborcito
72100,Agrícola Ignacio Zaragoza,Colonia,Puebla,Puebla,Heroica Puebla de Zaragoza,Urbano,https://postali.app/mx/puebla/puebla/agricola-ignacio-zaragoza
72100,Bugambilias,Fraccionamiento,Puebla,Puebla,Heroica Puebla de Zaragoza,Urbano,https://postali.app/mx/puebla/puebla/bugambilias
72100,Campestre Covadonga,Fraccionamiento,Puebla,Puebla,Heroica Puebla de Zaragoza,Urbano,https://postali.app/mx/puebla/puebla/campestre-covadonga
72100,Colonial San Jerónimo,Condominio,Puebla,Puebla,Heroica Puebla de Zaragoza,Urbano,https://postali.app/mx/puebla/puebla/colonial-san-jeronimo
72100,Colorines,Colonia,Puebla,Puebla,Heroica Puebla de Zaragoza,Urbano,https://postali.app/mx/puebla/puebla/colorines
72100,Del Valle,Fraccionamiento,Puebla,Puebla,Heroica Puebla de Zaragoza,Urbano,https://postali.app/mx/puebla/puebla/del-valle-72100
72100,Del Valle (San Jerónimo Caleras),Unidad habitacional,Puebla,Puebla,Heroica Puebla de Zaragoza,Urbano,https://postali.app/mx/puebla/puebla/del-valle-san-jeronimo-caleras
72100,El Boscaje,Fraccionamiento,Puebla,Puebla,Heroica Puebla de Zaragoza,Urbano,https://postali.app/mx/puebla/puebla/el-boscaje
72100,El Jazmín,Conjunto habitacional,Puebla,Puebla,Heroica Puebla de Zaragoza,Urbano,https://postali.app/mx/puebla/puebla/el-jazmin
72100,El Roble I,Conjunto habitacional,Puebla,Puebla,Heroica Puebla de Zaragoza,Urbano,https://postali.app/mx/puebla/puebla/el-roble-i
72100,FOVI,Colonia,Puebla,Puebla,Heroica Puebla de Zaragoza,Urbano,https://postali.app/mx/puebla/puebla/fovi
72100,Guadalupe Caleras,Colonia,Puebla,Puebla,Heroica Puebla de Zaragoza,Urbano,https://postali.app/mx/puebla/puebla/guadalupe-caleras
72100,Independencia Caleras,Colonia,Puebla,Puebla,Heroica Puebla de Zaragoza,Urbano,https://postali.app/mx/puebla/puebla/independencia-caleras
72100,Jazmines,Fraccionamiento,Puebla,Puebla,Heroica Puebla de Zaragoza,Urbano,https://postali.app/mx/puebla/puebla/jazmines
72100,La Covadonga,Colonia,Puebla,Puebla,Heroica Puebla de Zaragoza,Urbano,https://postali.app/mx/puebla/puebla/la-covadonga
72100,La Guadalupana,Colonia,Puebla,Puebla,Heroica Puebla de Zaragoza,Urbano,https://postali.app/mx/puebla/puebla/la-guadalupana
72100,Loma Bonita Caleras,Colonia,Puebla,Puebla,Heroica Puebla de Zaragoza,Urbano,https://postali.app/mx/puebla/puebla/loma-bonita-caleras
72100,Loma Real,Conjunto habitacional,Puebla,Puebla,Heroica Puebla de Zaragoza,Urbano,https://postali.app/mx/puebla/puebla/loma-real
72100,Lomas Coyopotrero,Colonia,Puebla,Puebla,Heroica Puebla de Zaragoza,Urbano,https://postali.app/mx/puebla/puebla/lomas-coyopotrero
72100,Los Cipreses,Colonia,Puebla,Puebla,Heroica Puebla de Zaragoza,Urbano,https://postali.app/mx/puebla/puebla/los-cipreses
72100,Los Pinos,Condominio,Puebla,Puebla,Heroica Puebla de Zaragoza,Urbano,https://postali.app/mx/puebla/puebla/los-pinos
72100,Magnolias,Colonia,Puebla,Puebla,Heroica Puebla de Zaragoza,Urbano,https://postali.app/mx/puebla/puebla/magnolias
72100,Nueva Aurora Caleras,Colonia,Puebla,Puebla,Heroica Puebla de Zaragoza,Urbano,https://postali.app/mx/puebla/puebla/nueva-aurora-caleras
72100,Orquídeas,Fraccionamiento,Puebla,Puebla,Heroica Puebla de Zaragoza,Urbano,https://postali.app/mx/puebla/puebla/orquideas
72100,San Cristóbal Tulcingo Caleras,Colonia,Puebla,Puebla,Heroica Puebla de Zaragoza,Urbano,https://postali.app/mx/puebla/puebla/san-cristobal-tulcingo-caleras
72100,San Jerónimo Caleras,Colonia,Puebla,Puebla,Heroica Puebla de Zaragoza,Urbano,https://postali.app/mx/puebla/puebla/san-jeronimo-caleras
72100,San José la Cañada,Colonia,Puebla,Puebla,Heroica Puebla de Zaragoza,Urbano,https://postali.app/mx/puebla/puebla/san-jose-la-canada
72100,Tlanesse,Colonia,Puebla,Puebla,Heroica Puebla de Zaragoza,Urbano,https://postali.app/mx/puebla/puebla/tlanesse
72103,El Fresno,Colonia,Puebla,Puebla,Heroica Puebla de Zaragoza,Urbano,https://postali.app/mx/puebla/puebla/el-fresno
72103,El Jaguey,Conjunto habitacional,Puebla,Puebla,Heroica Puebla de Zaragoza,Urbano,https://postali.app/mx/puebla/puebla/el-jaguey
72103,El Riego 1,Fraccionamiento,Puebla,Puebla,Heroica Puebla de Zaragoza,Urbano,https://postali.app/mx/puebla/puebla/el-riego-1
72103,El Riego 2,Fraccionamiento,Puebla,Puebla,Heroica Puebla de Zaragoza,Urbano,https://postali.app/mx/puebla/puebla/el-riego-2
72103,El Riego Norte,Fraccionamiento,Puebla,Puebla,Heroica Puebla de Zaragoza,Urbano,https://postali.app/mx/puebla/puebla/el-riego-norte
72103,Lomas de San Jerónimo,Colonia,Puebla,Puebla,Heroica Puebla de Zaragoza,Urbano,https://postali.app/mx/puebla/puebla/lomas-de-san-jeronimo
72103,Lomas Tzilotzoni,Colonia,Puebla,Puebla,Heroica Puebla de Zaragoza,Urbano,https://postali.app/mx/puebla/puebla/lomas-tzilotzoni
72103,Los Sauces,Condominio,Puebla,Puebla,Heroica Puebla de Zaragoza,Urbano,https://postali.app/mx/puebla/puebla/los-sauces
72103,Pedregal de Santo Domingo,Colonia,Puebla,Puebla,Heroica Puebla de Zaragoza,Urbano,https://postali.app/mx/puebla/puebla/pedregal-de-santo-domingo
72103,San Juan,Colonia,Puebla,Puebla,Heroica Puebla de Zaragoza,Urbano,https://postali.app/mx/puebla/puebla/san-juan
72103,Santo Domingo,Colonia,Puebla,Puebla,Heroica Puebla de Zaragoza,Urbano,https://postali.app/mx/puebla/puebla/santo-domingo
72103,Xaxalpa (San Jerónimo),Colonia,Puebla,Puebla,Heroica Puebla de Zaragoza,Urbano,https://postali.app/mx/puebla/puebla/xaxalpa-san-jeronimo
72104,Plan de Ayala Caleras,Colonia,Puebla,Puebla,Heroica Puebla de Zaragoza,Urbano,https://postali.app/mx/puebla/puebla/plan-de-ayala-caleras
72104,Unidad Volkswagen Sur,Unidad habitacional,Puebla,Puebla,Heroica Puebla de Zaragoza,Urbano,https://postali.app/mx/puebla/puebla/unidad-volkswagen-sur
72104,Vista del Valle,Colonia,Puebla,Puebla,Heroica Puebla de Zaragoza,Urbano,https://postali.app/mx/puebla/puebla/vista-del-valle
72104,Vista del Valle,Conjunto habitacional,Puebla,Puebla,Heroica Puebla de Zaragoza,Urbano,https://postali.app/mx/puebla/puebla/vista-del-valle-72104
72104,Volkswagen 1,Unidad habitacional,Puebla,Puebla,Heroica Puebla de Zaragoza,Urbano,https://postali.app/mx/puebla/puebla/volkswagen-1
72105,Alberto de la Fuente,Colonia,Puebla,Puebla,Heroica Puebla de Zaragoza,Urbano,https://postali.app/mx/puebla/puebla/alberto-de-la-fuente
72105,Azcapotzalco,Colonia,Puebla,Puebla,Heroica Puebla de Zaragoza,Urbano,https://postali.app/mx/puebla/puebla/azcapotzalco
72105,Las Palomas,Colonia,Puebla,Puebla,Heroica Puebla de Zaragoza,Urbano,https://postali.app/mx/puebla/puebla/las-palomas
72105,Lázaro Cárdenas Oriente,Colonia,Puebla,Puebla,Heroica Puebla de Zaragoza,Urbano,https://postali.app/mx/puebla/puebla/lazaro-cardenas-oriente
72106,Hacienda Los Olivos,Conjunto habitacional,Puebla,Puebla,Heroica Puebla de Zaragoza,Urbano,https://postali.app/mx/puebla/puebla/hacienda-los-olivos
72106,Los Ángeles Barranca Honda,Colonia,Puebla,Puebla,Heroica Puebla de Zaragoza,Urbano,https://postali.app/mx/puebla/puebla/los-angeles-barranca-honda
72106,San Cristóbal Tulcingo,Colonia,Puebla,Puebla,Heroica Puebla de Zaragoza,Urbano,https://postali.app/mx/puebla/puebla/san-cristobal-tulcingo
72108,San Juan Tulcingo,Colonia,Puebla,Puebla,Heroica Puebla de Zaragoza,Urbano,https://postali.app/mx/puebla/puebla/san-juan-tulcingo
72110,2a. Sección Club de Golf las Fuentes,Colonia,Puebla,Puebla,Heroica Puebla de Zaragoza,Urbano,https://postali.app/mx/puebla/puebla/2a-seccion-club-de-golf-las-fuentes
72110,Club de Golf las Fuentes,Colonia,Puebla,Puebla,Heroica Puebla de Zaragoza,Urbano,https://postali.app/mx/puebla/puebla/club-de-golf-las-fuentes
72110,Fuentes de Moratilla,Fraccionamiento,Puebla,Puebla,Heroica Puebla de Zaragoza,Urbano,https://postali.app/mx/puebla/puebla/fuentes-de-moratilla
72110,La Constancia,Colonia,Puebla,Puebla,Heroica Puebla de Zaragoza,Urbano,https://postali.app/mx/puebla/puebla/la-constancia
72110,Luz Obrera,Colonia,Puebla,Puebla,Heroica Puebla de Zaragoza,Urbano,https://postali.app/mx/puebla/puebla/luz-obrera
72110,Moratilla,Fraccionamiento,Puebla,Puebla,Heroica Puebla de Zaragoza,Urbano,https://postali.app/mx/puebla/puebla/moratilla
72110,Paraíso del Angel,Colonia,Puebla,Puebla,Heroica Puebla de Zaragoza,Urbano,https://postali.app/mx/puebla/puebla/paraiso-del-angel
72110,Perpetuo Socorro,Colonia,Puebla,Puebla,Heroica Puebla de Zaragoza,Urbano,https://postali.app/mx/puebla/puebla/perpetuo-socorro
72110,Rincón de Moratilla,Fraccionamiento,Puebla,Puebla,Heroica Puebla de Zaragoza,Urbano,https://postali.app/mx/puebla/puebla/rincon-de-moratilla
72110,San José las Flores,Colonia,Puebla,Puebla,Heroica Puebla de Zaragoza,Urbano,https://postali.app/mx/puebla/puebla/san-jose-las-flores
72114,Los Cipreses,Fraccionamiento,Puebla,Puebla,Heroica Puebla de Zaragoza,Urbano,https://postali.app/mx/puebla/puebla/los-cipreses-72114
72115,Campestre del Bosque,Fraccionamiento,Puebla,Puebla,Heroica Puebla de Zaragoza,Urbano,https://postali.app/mx/puebla/puebla/campestre-del-bosque
72115,Molino de Santo Domingo,Fraccionamiento,Puebla,Puebla,Heroica Puebla de Zaragoza,Urbano,https://postali.app/mx/puebla/puebla/molino-de-santo-domingo
72115,Tepetzintla,Colonia,Puebla,Puebla,Heroica Puebla de Zaragoza,Urbano,https://postali.app/mx/puebla/puebla/tepetzintla
72120,Centro Cruz del Sur,Zona comercial,Puebla,Puebla,Heroica Puebla de Zaragoza,Urbano,https://postali.app/mx/puebla/puebla/centro-cruz-del-sur
72120,Ignacio Romero Vargas,Colonia,Puebla,Puebla,Heroica Puebla de Zaragoza,Urbano,https://postali.app/mx/puebla/puebla/ignacio-romero-vargas
72120,Independencia,Unidad habitacional,Puebla,Puebla,Heroica Puebla de Zaragoza,Urbano,https://postali.app/mx/puebla/puebla/independencia
72120,INFONAVIT Hermenegildo J. Aldana,Colonia,Puebla,Puebla,Heroica Puebla de Zaragoza,Urbano,https://postali.app/mx/puebla/puebla/infonavit-hermenegildo-j-aldana
72120,INFONAVIT Ladrillera,Condominio,Puebla,Puebla,Heroica Puebla de Zaragoza,Urbano,https://postali.app/mx/puebla/puebla/infonavit-ladrillera
72120,La Vega,Colonia,Puebla,Puebla,Heroica Puebla de Zaragoza,Urbano,https://postali.app/mx/puebla/puebla/la-vega
72120,Los Arcos Santa Cruz,Colonia,Puebla,Puebla,Heroica Puebla de Zaragoza,Urbano,https://postali.app/mx/puebla/puebla/los-arcos-santa-cruz
72120,Miguel Abed,Colonia,Puebla,Puebla,Heroica Puebla de Zaragoza,Urbano,https://postali.app/mx/puebla/puebla/miguel-abed
72120,San José Guadalupe,Colonia,Puebla,Puebla,Heroica Puebla de Zaragoza,Urbano,https://postali.app/mx/puebla/puebla/san-jose-guadalupe
72120,Villas el Encanto I,Unidad habitacional,Puebla,Puebla,Heroica Puebla de Zaragoza,Urbano,https://postali.app/mx/puebla/puebla/villas-el-encanto-i
72120,Villas el Encanto II,Fraccionamiento,Puebla,Puebla,Heroica Puebla de Zaragoza,Urbano,https://postali.app/mx/puebla/puebla/villas-el-encanto-ii
72120,Villas los Viveros,Fraccionamiento,Puebla,Puebla,Heroica Puebla de Zaragoza,Urbano,https://postali.app/mx/puebla/puebla/villas-los-viveros
72124,Villas Inglesas,Colonia,Puebla,Puebla,Heroica Puebla de Zaragoza,Urbano,https://postali.app/mx/puebla/puebla/villas-inglesas
72124,Vista Hermosa,Colonia,Puebla,Puebla,Heroica Puebla de Zaragoza,Urbano,https://postali.app/mx/puebla/puebla/vista-hermosa
72127,San José Citlaltepetl,Colonia,Puebla,Puebla,Heroica Puebla de Zaragoza,Urbano,https://postali.app/mx/puebla/puebla/san-jose-citlaltepetl
72130,Francisco I. Madero,Colonia,Puebla,Puebla,Heroica Puebla de Zaragoza,Urbano,https://postali.app/mx/puebla/puebla/francisco-i-madero
72130,Francisco I. Madero,Fraccionamiento,Puebla,Puebla,Heroica Puebla de Zaragoza,Urbano,https://postali.app/mx/puebla/puebla/francisco-i-madero-72130
72130,Jacarandas,Fraccionamiento,Puebla,Puebla,Heroica Puebla de Zaragoza,Urbano,https://postali.app/mx/puebla/puebla/jacarandas
72130,La Ahogada,Colonia,Puebla,Puebla,Heroica Puebla de Zaragoza,Urbano,https://postali.app/mx/puebla/puebla/la-ahogada
72130,La Gloria I,Fraccionamiento,Puebla,Puebla,Heroica Puebla de Zaragoza,Urbano,https://postali.app/mx/puebla/puebla/la-gloria-i
72130,La Gloria II,Fraccionamiento,Puebla,Puebla,Heroica Puebla de Zaragoza,Urbano,https://postali.app/mx/puebla/puebla/la-gloria-ii
72130,La Libertad,Colonia,Puebla,Puebla,Heroica Puebla de Zaragoza,Urbano,https://postali.app/mx/puebla/puebla/la-libertad
72130,Las Alamedas,Fraccionamiento,Puebla,Puebla,Heroica Puebla de Zaragoza,Urbano,https://postali.app/mx/puebla/puebla/las-alamedas
72130,Los Laureles,Fraccionamiento,Puebla,Puebla,Heroica Puebla de Zaragoza,Urbano,https://postali.app/mx/puebla/puebla/los-laureles
72130,Obrera Textil José Abascal,Colonia,Puebla,Puebla,Heroica Puebla de Zaragoza,Urbano,https://postali.app/mx/puebla/puebla/obrera-textil-jose-abascal
72130,Patriotismo,Colonia,Puebla,Puebla,Heroica Puebla de Zaragoza,Urbano,https://postali.app/mx/puebla/puebla/patriotismo
72130,Puerta de Hierro,Colonia,Puebla,Puebla,Heroica Puebla de Zaragoza,Urbano,https://postali.app/mx/puebla/puebla/puerta-de-hierro
72130,Residencial los Álamos,Fraccionamiento,Puebla,Puebla,Heroica Puebla de Zaragoza,Urbano,https://postali.app/mx/puebla/puebla/residencial-los-alamos
72130,Residencial Privanza,Fraccionamiento,Puebla,Puebla,Heroica Puebla de Zaragoza,Urbano,https://postali.app/mx/puebla/puebla/residencial-privanza
72130,San Carlos,Fraccionamiento,Puebla,Puebla,Heroica Puebla de Zaragoza,Urbano,https://postali.app/mx/puebla/puebla/san-carlos
72130,Villa Madero,Colonia,Puebla,Puebla,Heroica Puebla de Zaragoza,Urbano,https://postali.app/mx/puebla/puebla/villa-madero
72135,Los Vergeles,Colonia,Puebla,Puebla,Heroica Puebla de Zaragoza,Urbano,https://postali.app/mx/puebla/puebla/los-vergeles
72140,Amor,Colonia,Puebla,Puebla,Heroica Puebla de Zaragoza,Urbano,https://postali.app/mx/puebla/puebla/amor
72140,Aquiles Serdán,Colonia,Puebla,Puebla,Heroica Puebla de Zaragoza,Urbano,https://postali.app/mx/puebla/puebla/aquiles-serdan-72140
72140,Valle del Rey,Colonia,Puebla,Puebla,Heroica Puebla de Zaragoza,Urbano,https://postali.app/mx/puebla/puebla/valle-del-rey
72150,Arboledas de Zavaleta,Fraccionamiento,Puebla,Puebla,Heroica Puebla de Zaragoza,Urbano,https://postali.app/mx/puebla/puebla/arboledas-de-zavaleta
72150,Bosques de Zavaleta,Fraccionamiento,Puebla,Puebla,Heroica Puebla de Zaragoza,Urbano,https://postali.app/mx/puebla/puebla/bosques-de-zavaleta
72150,Britania,Condominio,Puebla,Puebla,Heroica Puebla de Zaragoza,Urbano,https://postali.app/mx/puebla/puebla/britania
72150,Campestre el Paraíso,Colonia,Puebla,Puebla,Heroica Puebla de Zaragoza,Urbano,https://postali.app/mx/puebla/puebla/campestre-el-paraiso
72150,Cipreses Zavaleta,Colonia,Puebla,Puebla,Heroica Puebla de Zaragoza,Urbano,https://postali.app/mx/puebla/puebla/cipreses-zavaleta
72150,Club Britania,Colonia,Puebla,Puebla,Heroica Puebla de Zaragoza,Urbano,https://postali.app/mx/puebla/puebla/club-britania
72150,Independencia,Colonia,Puebla,Puebla,Heroica Puebla de Zaragoza,Urbano,https://postali.app/mx/puebla/puebla/independencia-72150
72150,Jardines de Zavaleta,Colonia,Puebla,Puebla,Heroica Puebla de Zaragoza,Urbano,https://postali.app/mx/puebla/puebla/jardines-de-zavaleta
72150,Los Arrayanes,Fraccionamiento,Puebla,Puebla,Heroica Puebla de Zaragoza,Urbano,https://postali.app/mx/puebla/puebla/los-arrayanes
72150,Los Viveros,Colonia,Puebla,Puebla,Heroica Puebla de Zaragoza,Urbano,https://postali.app/mx/puebla/puebla/los-viveros
72150,Los Viveros de Santa Cruz,Fraccionamiento,Puebla,Puebla,Heroica Puebla de Zaragoza,Urbano,https://postali.app/mx/puebla/puebla/los-viveros-de-santa-cruz
72150,Nuevo Humboldt,Condominio,Puebla,Puebla,Heroica Puebla de Zaragoza,Urbano,https://postali.app/mx/puebla/puebla/nuevo-humboldt
72150,Real Cruz del Sur,Fraccionamiento,Puebla,Puebla,Heroica Puebla de Zaragoza,Urbano,https://postali.app/mx/puebla/puebla/real-cruz-del-sur
72150,Residencial Ex-Hacienda de Zavaleta,Fraccionamiento,Puebla,Puebla,Heroica Puebla de Zaragoza,Urbano,https://postali.app/mx/puebla/puebla/residencial-ex-hacienda-de-zavaleta
72150,Rinconada de los Viveros,Colonia,Puebla,Puebla,Heroica Puebla de Zaragoza,Urbano,https://postali.app/mx/puebla/puebla/rinconada-de-los-viveros
72150,Rinconada Santa Cruz,Fraccionamiento,Puebla,Puebla,Heroica Puebla de Zaragoza,Urbano,https://postali.app/mx/puebla/puebla/rinconada-santa-cruz
72150,Rincón del Río,Fraccionamiento,Puebla,Puebla,Heroica Puebla de Zaragoza,Urbano,https://postali.app/mx/puebla/puebla/rincon-del-rio
72150,Rincón San José del Puente,Colonia,Puebla,Puebla,Heroica Puebla de Zaragoza,Urbano,https://postali.app/mx/puebla/puebla/rincon-san-jose-del-puente
72150,San José del Puente,Colonia,Puebla,Puebla,Heroica Puebla de Zaragoza,Urbano,https://postali.app/mx/puebla/puebla/san-jose-del-puente
72150,Santa Cruz Buenavista,Colonia,Puebla,Puebla,Heroica Puebla de Zaragoza,Urbano,https://postali.app/mx/puebla/puebla/santa-cruz-buenavista
72150,Villas Cruz del Sur,Fraccionamiento,Puebla,Puebla,Heroica Puebla de Zaragoza,Urbano,https://postali.app/mx/puebla/puebla/villas-cruz-del-sur
72150,Villas el Navarriego,Fraccionamiento,Puebla,Puebla,Heroica Puebla de Zaragoza,Urbano,https://postali.app/mx/puebla/puebla/villas-el-navarriego
72154,La Cañada (Romero Vargas),Colonia,Puebla,Puebla,Heroica Puebla de Zaragoza,Urbano,https://postali.app/mx/puebla/puebla/la-canada-romero-vargas
72154,La Loma (Ejido Romero Vargas,Colonia,Puebla,Puebla,Heroica Puebla de Zaragoza,Urbano,https://postali.app/mx/puebla/puebla/la-loma-ejido-romero-vargas
72160,Ampliación Reforma,Colonia,Puebla,Puebla,Heroica Puebla de Zaragoza,Urbano,https://postali.app/mx/puebla/puebla/ampliacion-reforma
72160,La Paz,Colonia,Puebla,Puebla,Heroica Puebla de Zaragoza,Urbano,https://postali.app/mx/puebla/puebla/la-paz
72160,Plaza Reforma,Zona comercial,Puebla,Puebla,Heroica Puebla de Zaragoza,Urbano,https://postali.app/mx/puebla/puebla/plaza-reforma
72160,Reforma,Colonia,Puebla,Puebla,Heroica Puebla de Zaragoza,Urbano,https://postali.app/mx/puebla/puebla/reforma
72160,Reforma Sur (La Libertad),Colonia,Puebla,Puebla,Heroica Puebla de Zaragoza,Urbano,https://postali.app/mx/puebla/puebla/reforma-sur-la-libertad
72170,Bellas Artes,Colonia,Puebla,Puebla,Heroica Puebla de Zaragoza,Urbano,https://postali.app/mx/puebla/puebla/bellas-artes
72170,Bello Horizonte,Colonia,Puebla,Puebla,Heroica Puebla de Zaragoza,Urbano,https://postali.app/mx/puebla/puebla/bello-horizonte
72170,Del Farol,Fraccionamiento,Puebla,Puebla,Heroica Puebla de Zaragoza,Urbano,https://postali.app/mx/puebla/puebla/del-farol
72170,Guadalupe (Ejido Romero Vargas),Colonia,Puebla,Puebla,Heroica Puebla de Zaragoza,Urbano,https://postali.app/mx/puebla/puebla/guadalupe-ejido-romero-vargas
72170,Santa Cruz Guadalupe,Colonia,Puebla,Puebla,Heroica Puebla de Zaragoza,Urbano,https://postali.app/mx/puebla/puebla/santa-cruz-guadalupe
72176,Arcos del Sur,Colonia,Puebla,Puebla,Heroica Puebla de Zaragoza,Urbano,https://postali.app/mx/puebla/puebla/arcos-del-sur
72176,Fundadores de Zavaleta,Fraccionamiento,Puebla,Puebla,Heroica Puebla de Zaragoza,Urbano,https://postali.app/mx/puebla/puebla/fundadores-de-zavaleta
72176,La Flor de Nieve,Colonia,Puebla,Puebla,Heroica Puebla de Zaragoza,Urbano,https://postali.app/mx/puebla/puebla/la-flor-de-nieve
72176,Zavaleta (Zavaleta),Fraccionamiento,Puebla,Puebla,Heroica Puebla de Zaragoza,Urbano,https://postali.app/mx/puebla/puebla/zavaleta-zavaleta
72176,Zona Residencial Anexa Estrellas del Sur,Fraccionamiento,Puebla,Puebla,Heroica Puebla de Zaragoza,Urbano,https://postali.app/mx/puebla/puebla/zona-residencial-anexa-estrellas-del-sur
72180,Belisario Domínguez,Colonia,Puebla,Puebla,Heroica Puebla de Zaragoza,Urbano,https://postali.app/mx/puebla/puebla/belisario-dominguez
72180,Las Animas Santa Anita,Colonia,Puebla,Puebla,Heroica Puebla de Zaragoza,Urbano,https://postali.app/mx/puebla/puebla/las-animas-santa-anita
72180,Nueva Antequera,Colonia,Puebla,Puebla,Heroica Puebla de Zaragoza,Urbano,https://postali.app/mx/puebla/puebla/nueva-antequera
72180,Providencia las Ánimas,Fraccionamiento,Puebla,Puebla,Heroica Puebla de Zaragoza,Urbano,https://postali.app/mx/puebla/puebla/providencia-las-animas
72189,Unidad Palma,Unidad habitacional,Puebla,Puebla,Heroica Puebla de Zaragoza,Urbano,https://postali.app/mx/puebla/puebla/unidad-palma
72190,Concepción las Lajas,Colonia,Puebla,Puebla,Heroica Puebla de Zaragoza,Urbano,https://postali.app/mx/puebla/puebla/concepcion-las-lajas
72190,Cortijo la Herradura,Colonia,Puebla,Puebla,Heroica Puebla de Zaragoza,Urbano,https://postali.app/mx/puebla/puebla/cortijo-la-herradura
72190,Estrella del Sur,Fraccionamiento,Puebla,Puebla,Heroica Puebla de Zaragoza,Urbano,https://postali.app/mx/puebla/puebla/estrella-del-sur
72190,San José Vista Hermosa,Colonia,Puebla,Puebla,Heroica Puebla de Zaragoza,Urbano,https://postali.app/mx/puebla/puebla/san-jose-vista-hermosa
72190,San Miguel la Rosa,Colonia,Puebla,Puebla,Heroica Puebla de Zaragoza,Urbano,https://postali.app/mx/puebla/puebla/san-miguel-la-rosa
72193,Angelopolis,Zona comercial,Puebla,Puebla,Heroica Puebla de Zaragoza,Urbano,https://postali.app/mx/puebla/puebla/angelopolis
72193,Corredor Comercial Desarrollo Atlixcayotl,Zona comercial,Puebla,Puebla,Heroica Puebla de Zaragoza,Urbano,https://postali.app/mx/puebla/puebla/corredor-comercial-desarrollo-atlixcayotl
72193,Rinconada Sur Oriente,Fraccionamiento,Puebla,Puebla,Heroica Puebla de Zaragoza,Urbano,https://postali.app/mx/puebla/puebla/rinconada-sur-oriente
72194,Del Arte,Conjunto habitacional,Puebla,Puebla,Heroica Puebla de Zaragoza,Urbano,https://postali.app/mx/puebla/puebla/del-arte
72194,Rinconada Sur Poniente,Colonia,Puebla,Puebla,Heroica Puebla de Zaragoza,Urbano,https://postali.app/mx/puebla/puebla/rinconada-sur-poniente
72197,Real de Zavaleta,Fraccionamiento,Puebla,Puebla,Heroica Puebla de Zaragoza,Urbano,https://postali.app/mx/puebla/puebla/real-de-zavaleta
72200,INFONAVIT San Pedro,Unidad habitacional,Puebla,Puebla,Heroica Puebla de Zaragoza,Urbano,https://postali.app/mx/puebla/puebla/infonavit-san-pedro
72200,Revolución Mexicana,Colonia,Puebla,Puebla,Heroica Puebla de Zaragoza,Urbano,https://postali.app/mx/puebla/puebla/revolucion-mexicana
72200,Villa Frontera,Fraccionamiento,Puebla,Puebla,Heroica Puebla de Zaragoza,Urbano,https://postali.app/mx/puebla/puebla/villa-frontera
72210,El Pinal,Colonia,Puebla,Puebla,Heroica Puebla de Zaragoza,Urbano,https://postali.app/mx/puebla/puebla/el-pinal
72210,Esmeralda,Fraccionamiento,Puebla,Puebla,Heroica Puebla de Zaragoza,Urbano,https://postali.app/mx/puebla/puebla/esmeralda
72210,Malintzi,Colonia,Puebla,Puebla,Heroica Puebla de Zaragoza,Urbano,https://postali.app/mx/puebla/puebla/malintzi
72210,Naciones Unidas,Colonia,Puebla,Puebla,Heroica Puebla de Zaragoza,Urbano,https://postali.app/mx/puebla/puebla/naciones-unidas
72210,Roma,Colonia,Puebla,Puebla,Heroica Puebla de Zaragoza,Urbano,https://postali.app/mx/puebla/puebla/roma
72210,San Pedro,Colonia,Puebla,Puebla,Heroica Puebla de Zaragoza,Urbano,https://postali.app/mx/puebla/puebla/san-pedro
72210,Tecnológico,Unidad habitacional,Puebla,Puebla,Heroica Puebla de Zaragoza,Urbano,https://postali.app/mx/puebla/puebla/tecnologico
72210,Tepeyac,Colonia,Puebla,Puebla,Heroica Puebla de Zaragoza,Urbano,https://postali.app/mx/puebla/puebla/tepeyac
72210,Unidad Independencia,Unidad habitacional,Puebla,Puebla,Heroica Puebla de Zaragoza,Urbano,https://postali.app/mx/puebla/puebla/unidad-independencia
72210,Unión y Libertad,Colonia,Puebla,Puebla,Heroica Puebla de Zaragoza,Urbano,https://postali.app/mx/puebla/puebla/union-y-libertad
72219,La Josefina,Colonia,Puebla,Puebla,Heroica Puebla de Zaragoza,Urbano,https://postali.app/mx/puebla/puebla/la-josefina
72219,Los Cerritos,Colonia,Puebla,Puebla,Heroica Puebla de Zaragoza,Urbano,https://postali.app/mx/puebla/puebla/los-cerritos
72219,San Sebastián de Aparicio,Colonia,Puebla,Puebla,Heroica Puebla de Zaragoza,Urbano,https://postali.app/mx/puebla/puebla/san-sebastian-de-aparicio
72219,Ángeles de Puebla,Colonia,Puebla,Puebla,Heroica Puebla de Zaragoza,Urbano,https://postali.app/mx/puebla/puebla/angeles-de-puebla
72220,Corredor Industrial La Ciénega,Zona industrial,Puebla,Puebla,Heroica Puebla de Zaragoza,Urbano,https://postali.app/mx/puebla/puebla/corredor-industrial-la-cienega
72220,Maravillas,Fraccionamiento,Puebla,Puebla,Heroica Puebla de Zaragoza,Urbano,https://postali.app/mx/puebla/puebla/maravillas
72220,Villa Deportiva,Colonia,Puebla,Puebla,Heroica Puebla de Zaragoza,Urbano,https://postali.app/mx/puebla/puebla/villa-deportiva
72220,Villa Maruca,Colonia,Puebla,Puebla,Heroica Puebla de Zaragoza,Urbano,https://postali.app/mx/puebla/puebla/villa-maruca
72223,Estación Nueva,Zona federal,Puebla,Puebla,Heroica Puebla de Zaragoza,Urbano,https://postali.app/mx/puebla/puebla/estacion-nueva
72225,Jardines de la Resurrección,Colonia,Puebla,Puebla,Heroica Puebla de Zaragoza,Urbano,https://postali.app/mx/puebla/puebla/jardines-de-la-resurreccion
72225,Parque Industrial Puebla 2000,Zona industrial,Puebla,Puebla,Heroica Puebla de Zaragoza,Urbano,https://postali.app/mx/puebla/puebla/parque-industrial-puebla-2000
72225,Viveros del Valle,Colonia,Puebla,Puebla,Heroica Puebla de Zaragoza,Urbano,https://postali.app/mx/puebla/puebla/viveros-del-valle
72227,15 de Septiembre,Colonia,Puebla,Puebla,Heroica Puebla de Zaragoza,Urbano,https://postali.app/mx/puebla/puebla/15-de-septiembre
72227,2 de Marzo,Colonia,Puebla,Puebla,Heroica Puebla de Zaragoza,Urbano,https://postali.app/mx/puebla/puebla/2-de-marzo
72227,6 de Junio,Colonia,Puebla,Puebla,Heroica Puebla de Zaragoza,Urbano,https://postali.app/mx/puebla/puebla/6-de-junio
72227,8 de Diciembre,Colonia,Puebla,Puebla,Heroica Puebla de Zaragoza,Urbano,https://postali.app/mx/puebla/puebla/8-de-diciembre
72227,Ampliación 2 de Marzo,Colonia,Puebla,Puebla,Heroica Puebla de Zaragoza,Urbano,https://postali.app/mx/puebla/puebla/ampliacion-2-de-marzo
72227,Ampliación Rivera de Aparicio Segunda Sección,Colonia,Puebla,Puebla,Heroica Puebla de Zaragoza,Urbano,https://postali.app/mx/puebla/puebla/ampliacion-rivera-de-aparicio-segunda-seccion
72227,Benito Juárez,Colonia,Puebla,Puebla,Heroica Puebla de Zaragoza,Urbano,https://postali.app/mx/puebla/puebla/benito-juarez-72227
72227,Bosques de los Ángeles,Colonia,Puebla,Puebla,Heroica Puebla de Zaragoza,Urbano,https://postali.app/mx/puebla/puebla/bosques-de-los-angeles
72227,Bosques de Santa Anita,Colonia,Puebla,Puebla,Heroica Puebla de Zaragoza,Urbano,https://postali.app/mx/puebla/puebla/bosques-de-santa-anita
72227,Cerro del Marqués,Colonia,Puebla,Puebla,Heroica Puebla de Zaragoza,Urbano,https://postali.app/mx/puebla/puebla/cerro-del-marques
72227,Jorge Obispo,Colonia,Puebla,Puebla,Heroica Puebla de Zaragoza,Urbano,https://postali.app/mx/puebla/puebla/jorge-obispo
72227,La Providencia,Colonia,Puebla,Puebla,Heroica Puebla de Zaragoza,Urbano,https://postali.app/mx/puebla/puebla/la-providencia-72227
72227,La Resurrección,Colonia,Puebla,Puebla,Heroica Puebla de Zaragoza,Urbano,https://postali.app/mx/puebla/puebla/la-resurreccion
72227,Los Encinos,Colonia,Puebla,Puebla,Heroica Puebla de Zaragoza,Urbano,https://postali.app/mx/puebla/puebla/los-encinos
72227,Noche Buena,Colonia,Puebla,Puebla,Heroica Puebla de Zaragoza,Urbano,https://postali.app/mx/puebla/puebla/noche-buena
72227,Riveras de Aparicio,Colonia,Puebla,Puebla,Heroica Puebla de Zaragoza,Urbano,https://postali.app/mx/puebla/puebla/riveras-de-aparicio
72227,San José Aparicio,Colonia,Puebla,Puebla,Heroica Puebla de Zaragoza,Urbano,https://postali.app/mx/puebla/puebla/san-jose-aparicio
72227,Santiago de Los Leones,Colonia,Puebla,Puebla,Heroica Puebla de Zaragoza,Urbano,https://postali.app/mx/puebla/puebla/santiago-de-los-leones
72227,Tliloxtoc,Colonia,Puebla,Puebla,Heroica Puebla de Zaragoza,Urbano,https://postali.app/mx/puebla/puebla/tliloxtoc
72227,Villa Santiago de Los Leones,Colonia,Puebla,Puebla,Heroica Puebla de Zaragoza,Urbano,https://postali.app/mx/puebla/puebla/villa-santiago-de-los-leones
72228,Indios Verdes,Colonia,Puebla,Puebla,Heroica Puebla de Zaragoza,Urbano,https://postali.app/mx/puebla/puebla/indios-verdes
72228,INFONAVIT San Aparicio,Colonia,Puebla,Puebla,Heroica Puebla de Zaragoza,Urbano,https://postali.app/mx/puebla/puebla/infonavit-san-aparicio
72228,Parque Industrial Resurrección,Zona industrial,Puebla,Puebla,Heroica Puebla de Zaragoza,Urbano,https://postali.app/mx/puebla/puebla/parque-industrial-resurreccion
72228,San Aparicio las Fuentes,Colonia,Puebla,Puebla,Heroica Puebla de Zaragoza,Urbano,https://postali.app/mx/puebla/puebla/san-aparicio-las-fuentes
72228,Santa Rosa,Colonia,Puebla,Puebla,Heroica Puebla de Zaragoza,Urbano,https://postali.app/mx/puebla/puebla/santa-rosa
72228,Torre Fuerte,Fraccionamiento,Puebla,Puebla,Heroica Puebla de Zaragoza,Urbano,https://postali.app/mx/puebla/puebla/torre-fuerte
72228,Tres de Mayo,Colonia,Puebla,Puebla,Heroica Puebla de Zaragoza,Urbano,https://postali.app/mx/puebla/puebla/tres-de-mayo
72229,Ampliación Bosques de Santa Anita,Fraccionamiento,Puebla,Puebla,Heroica Puebla de Zaragoza,Urbano,https://postali.app/mx/puebla/puebla/ampliacion-bosques-de-santa-anita
72229,Campestre San Isidro,Colonia,Puebla,Puebla,Heroica Puebla de Zaragoza,Urbano,https://postali.app/mx/puebla/puebla/campestre-san-isidro
72229,Galaxia Bosques de Manzanilla,Colonia,Puebla,Puebla,Heroica Puebla de Zaragoza,Urbano,https://postali.app/mx/puebla/puebla/galaxia-bosques-de-manzanilla
72229,Hacienda de Manzanilla,Colonia,Puebla,Puebla,Heroica Puebla de Zaragoza,Urbano,https://postali.app/mx/puebla/puebla/hacienda-de-manzanilla
72229,Jardines de San José Xonacatepec,Colonia,Puebla,Puebla,Heroica Puebla de Zaragoza,Urbano,https://postali.app/mx/puebla/puebla/jardines-de-san-jose-xonacatepec
72229,La Barranca,Fraccionamiento,Puebla,Puebla,Heroica Puebla de Zaragoza,Urbano,https://postali.app/mx/puebla/puebla/la-barranca
72229,Primero de Mayo,Colonia,Puebla,Puebla,Heroica Puebla de Zaragoza,Urbano,https://postali.app/mx/puebla/puebla/primero-de-mayo
72229,Rancho San Diego,Colonia,Puebla,Puebla,Heroica Puebla de Zaragoza,Urbano,https://postali.app/mx/puebla/puebla/rancho-san-diego
72229,San Esteban las Aves,Colonia,Puebla,Puebla,Heroica Puebla de Zaragoza,Urbano,https://postali.app/mx/puebla/puebla/san-esteban-las-aves
72229,San Miguel Xonacatepec,Colonia,Puebla,Puebla,Heroica Puebla de Zaragoza,Urbano,https://postali.app/mx/puebla/puebla/san-miguel-xonacatepec
72229,San Miguel Xonacatepec 2da. Sección,Colonia,Puebla,Puebla,Heroica Puebla de Zaragoza,Urbano,https://postali.app/mx/puebla/puebla/san-miguel-xonacatepec-2da-seccion
72229,Santa María Xonacatepec,Pueblo,Puebla,Puebla,Heroica Puebla de Zaragoza,Urbano,https://postali.app/mx/puebla/puebla/santa-maria-xonacatepec
72229,Valle de las Flores,Colonia,Puebla,Puebla,Heroica Puebla de Zaragoza,Urbano,https://postali.app/mx/puebla/puebla/valle-de-las-flores
72229,Villa Guadalupe (Xonacatepec),Colonia,Puebla,Puebla,Heroica Puebla de Zaragoza,Urbano,https://postali.app/mx/puebla/puebla/villa-guadalupe-xonacatepec
72229,Villas Manzanilla,Conjunto habitacional,Puebla,Puebla,Heroica Puebla de Zaragoza,Urbano,https://postali.app/mx/puebla/puebla/villas-manzanilla
72229,Xonacatepec,Conjunto habitacional,Puebla,Puebla,Heroica Puebla de Zaragoza,Urbano,https://postali.app/mx/puebla/puebla/xonacatepec
72230,16 de Septiembre Norte,Colonia,Puebla,Puebla,Heroica Puebla de Zaragoza,Urbano,https://postali.app/mx/puebla/puebla/16-de-septiembre-norte
72230,Anexo a la Loma,Zona industrial,Puebla,Puebla,Heroica Puebla de Zaragoza,Urbano,https://postali.app/mx/puebla/puebla/anexo-a-la-loma
72230,Guadalupe Victoria Norte,Colonia,Puebla,Puebla,Heroica Puebla de Zaragoza,Urbano,https://postali.app/mx/puebla/puebla/guadalupe-victoria-norte
72230,La Loma Norte,Colonia,Puebla,Puebla,Heroica Puebla de Zaragoza,Urbano,https://postali.app/mx/puebla/puebla/la-loma-norte
72230,Veinte de Noviembre,Colonia,Puebla,Puebla,Heroica Puebla de Zaragoza,Urbano,https://postali.app/mx/puebla/puebla/veinte-de-noviembre
72240,Adolfo López Mateos,Colonia,Puebla,Puebla,Heroica Puebla de Zaragoza,Urbano,https://postali.app/mx/puebla/puebla/adolfo-lopez-mateos
72240,Los Pinos,Colonia,Puebla,Puebla,Heroica Puebla de Zaragoza,Urbano,https://postali.app/mx/puebla/puebla/los-pinos-72240
72240,Plaza Loreto,Zona comercial,Puebla,Puebla,Heroica Puebla de Zaragoza,Urbano,https://postali.app/mx/puebla/puebla/plaza-loreto
72240,Vicente Budib,Unidad habitacional,Puebla,Puebla,Heroica Puebla de Zaragoza,Urbano,https://postali.app/mx/puebla/puebla/vicente-budib
72243,Cuauhtémoc,Colonia,Puebla,Puebla,Heroica Puebla de Zaragoza,Urbano,https://postali.app/mx/puebla/puebla/cuauhtemoc
72250,Obrera Campesina,Colonia,Puebla,Puebla,Heroica Puebla de Zaragoza,Urbano,https://postali.app/mx/puebla/puebla/obrera-campesina
72260,Arboledas Guadalupe,Colonia,Puebla,Puebla,Heroica Puebla de Zaragoza,Urbano,https://postali.app/mx/puebla/puebla/arboledas-guadalupe
72260,Fauna Marina,Fraccionamiento,Puebla,Puebla,Heroica Puebla de Zaragoza,Urbano,https://postali.app/mx/puebla/puebla/fauna-marina
72260,Hidalgo,Colonia,Puebla,Puebla,Heroica Puebla de Zaragoza,Urbano,https://postali.app/mx/puebla/puebla/hidalgo
72260,INFONAVIT la Ciénega (Unidad Movimiento Obrero),Unidad habitacional,Puebla,Puebla,Heroica Puebla de Zaragoza,Urbano,https://postali.app/mx/puebla/puebla/infonavit-la-cienega-unidad-movimiento-obrero
72260,INFONAVIT La Rosa,Unidad habitacional,Puebla,Puebla,Heroica Puebla de Zaragoza,Urbano,https://postali.app/mx/puebla/puebla/infonavit-la-rosa
72260,José María Morelos y Pavón,Colonia,Puebla,Puebla,Heroica Puebla de Zaragoza,Urbano,https://postali.app/mx/puebla/puebla/jose-maria-morelos-y-pavon
72260,Lomas de Loreto,Colonia,Puebla,Puebla,Heroica Puebla de Zaragoza,Urbano,https://postali.app/mx/puebla/puebla/lomas-de-loreto
72260,Moctezuma,Colonia,Puebla,Puebla,Heroica Puebla de Zaragoza,Urbano,https://postali.app/mx/puebla/puebla/moctezuma
72260,Mártires del Trabajo,Colonia,Puebla,Puebla,Heroica Puebla de Zaragoza,Urbano,https://postali.app/mx/puebla/puebla/martires-del-trabajo
72260,Plazas de Guadalupe,Colonia,Puebla,Puebla,Heroica Puebla de Zaragoza,Urbano,https://postali.app/mx/puebla/puebla/plazas-de-guadalupe
72260,Rementeria,Colonia,Puebla,Puebla,Heroica Puebla de Zaragoza,Urbano,https://postali.app/mx/puebla/puebla/rementeria
72260,Unidad Cívica 5 de Mayo,Colonia,Puebla,Puebla,Heroica Puebla de Zaragoza,Urbano,https://postali.app/mx/puebla/puebla/unidad-civica-5-de-mayo
72266,Jardines de los Fuertes,Colonia,Puebla,Puebla,Heroica Puebla de Zaragoza,Urbano,https://postali.app/mx/puebla/puebla/jardines-de-los-fuertes
72266,Renacimiento,Colonia,Puebla,Puebla,Heroica Puebla de Zaragoza,Urbano,https://postali.app/mx/puebla/puebla/renacimiento
72267,Arboledas Sección Fuentes,Colonia,Puebla,Puebla,Heroica Puebla de Zaragoza,Urbano,https://postali.app/mx/puebla/puebla/arboledas-seccion-fuentes
72270,Azteca,Colonia,Puebla,Puebla,Heroica Puebla de Zaragoza,Urbano,https://postali.app/mx/puebla/puebla/azteca
72270,Cinco de Mayo,Colonia,Puebla,Puebla,Heroica Puebla de Zaragoza,Urbano,https://postali.app/mx/puebla/puebla/cinco-de-mayo
72270,Diez de Mayo,Colonia,Puebla,Puebla,Heroica Puebla de Zaragoza,Urbano,https://postali.app/mx/puebla/puebla/diez-de-mayo
72270,Iturbide,Colonia,Puebla,Puebla,Heroica Puebla de Zaragoza,Urbano,https://postali.app/mx/puebla/puebla/iturbide
72270,Lomas 5 de Mayo,Colonia,Puebla,Puebla,Heroica Puebla de Zaragoza,Urbano,https://postali.app/mx/puebla/puebla/lomas-5-de-mayo
72270,Luz del Alba,Colonia,Puebla,Puebla,Heroica Puebla de Zaragoza,Urbano,https://postali.app/mx/puebla/puebla/luz-del-alba
72270,Puebla,Colonia,Puebla,Puebla,Heroica Puebla de Zaragoza,Urbano,https://postali.app/mx/puebla/puebla/puebla
72270,Vista Hermosa,Colonia,Puebla,Puebla,Heroica Puebla de Zaragoza,Urbano,https://postali.app/mx/puebla/puebla/vista-hermosa-72270
72280,Aldama,Colonia,Puebla,Puebla,Heroica Puebla de Zaragoza,Urbano,https://postali.app/mx/puebla/puebla/aldama
72280,Héroes del 5 de Mayo,Colonia,Puebla,Puebla,Heroica Puebla de Zaragoza,Urbano,https://postali.app/mx/puebla/puebla/heroes-del-5-de-mayo
72280,Xonaca,Colonia,Puebla,Puebla,Heroica Puebla de Zaragoza,Urbano,https://postali.app/mx/puebla/puebla/xonaca
72290,Buenos Aires,Colonia,Puebla,Puebla,Heroica Puebla de Zaragoza,Urbano,https://postali.app/mx/puebla/puebla/buenos-aires
72290,El Alto,Barrio,Puebla,Puebla,Heroica Puebla de Zaragoza,Urbano,https://postali.app/mx/puebla/puebla/el-alto
72290,Rincón del Bosque,Colonia,Puebla,Puebla,Heroica Puebla de Zaragoza,Urbano,https://postali.app/mx/puebla/puebla/rincon-del-bosque
72290,Xanenetla,Colonia,Puebla,Puebla,Heroica Puebla de Zaragoza,Urbano,https://postali.app/mx/puebla/puebla/xanenetla
72300,Joaquín Colombres,Colonia,Puebla,Puebla,Heroica Puebla de Zaragoza,Urbano,https://postali.app/mx/puebla/puebla/joaquin-colombres
72300,Unidad Magisterial México 68,Unidad habitacional,Puebla,Puebla,Heroica Puebla de Zaragoza,Urbano,https://postali.app/mx/puebla/puebla/unidad-magisterial-mexico-68
72303,Villa Verde,Colonia,Puebla,Puebla,Heroica Puebla de Zaragoza,Urbano,https://postali.app/mx/puebla/puebla/villa-verde
72304,Camino a Manzanilla,Zona industrial,Puebla,Puebla,Heroica Puebla de Zaragoza,Urbano,https://postali.app/mx/puebla/puebla/camino-a-manzanilla
72307,Bosques de Manzanilla,Colonia,Puebla,Puebla,Heroica Puebla de Zaragoza,Urbano,https://postali.app/mx/puebla/puebla/bosques-de-manzanilla
72308,La Nueva Resurrección,Colonia,Puebla,Puebla,Heroica Puebla de Zaragoza,Urbano,https://postali.app/mx/puebla/puebla/la-nueva-resurreccion
72308,Miguel Hidalgo (Resurrección),Colonia,Puebla,Puebla,Heroica Puebla de Zaragoza,Urbano,https://postali.app/mx/puebla/puebla/miguel-hidalgo-resurreccion
72309,INFONAVIT Manuel Rivera Anaya,Colonia,Puebla,Puebla,Heroica Puebla de Zaragoza,Urbano,https://postali.app/mx/puebla/puebla/infonavit-manuel-rivera-anaya
72310,Arboledas de Amalucan,Colonia,Puebla,Puebla,Heroica Puebla de Zaragoza,Urbano,https://postali.app/mx/puebla/puebla/arboledas-de-amalucan
72310,Bosques de Amalucan,Colonia,Puebla,Puebla,Heroica Puebla de Zaragoza,Urbano,https://postali.app/mx/puebla/puebla/bosques-de-amalucan
72310,Bosques de Amalucan 1ra. Sección,Colonia,Puebla,Puebla,Heroica Puebla de Zaragoza,Urbano,https://postali.app/mx/puebla/puebla/bosques-de-amalucan-1ra-seccion
72310,Bosques de Amalucan 2da. Sección,Colonia,Puebla,Puebla,Heroica Puebla de Zaragoza,Urbano,https://postali.app/mx/puebla/puebla/bosques-de-amalucan-2da-seccion
72310,Bosques del Pilar,Conjunto habitacional,Puebla,Puebla,Heroica Puebla de Zaragoza,Urbano,https://postali.app/mx/puebla/puebla/bosques-del-pilar
72310,Bosques San Sebastián,Colonia,Puebla,Puebla,Heroica Puebla de Zaragoza,Urbano,https://postali.app/mx/puebla/puebla/bosques-san-sebastian
72310,Conjunto Habitacional San Andrés,Fraccionamiento,Puebla,Puebla,Heroica Puebla de Zaragoza,Urbano,https://postali.app/mx/puebla/puebla/conjunto-habitacional-san-andres
72310,Del Valle,Colonia,Puebla,Puebla,Heroica Puebla de Zaragoza,Urbano,https://postali.app/mx/puebla/puebla/del-valle-72310
72310,Hacienda los Capulines I,Fraccionamiento,Puebla,Puebla,Heroica Puebla de Zaragoza,Urbano,https://postali.app/mx/puebla/puebla/hacienda-los-capulines-i
72310,Hacienda los Capulines II,Fraccionamiento,Puebla,Puebla,Heroica Puebla de Zaragoza,Urbano,https://postali.app/mx/puebla/puebla/hacienda-los-capulines-ii
72310,INFONAVIT Amalucan,Unidad habitacional,Puebla,Puebla,Heroica Puebla de Zaragoza,Urbano,https://postali.app/mx/puebla/puebla/infonavit-amalucan
72310,INFONAVIT Bosques San Sebastían,Unidad habitacional,Puebla,Puebla,Heroica Puebla de Zaragoza,Urbano,https://postali.app/mx/puebla/puebla/infonavit-bosques-san-sebastian
72310,Lumbreras de Amalucan (Jardines),Colonia,Puebla,Puebla,Heroica Puebla de Zaragoza,Urbano,https://postali.app/mx/puebla/puebla/lumbreras-de-amalucan-jardines
72310,Lázaro Cárdenas,Colonia,Puebla,Puebla,Heroica Puebla de Zaragoza,Urbano,https://postali.app/mx/puebla/puebla/lazaro-cardenas
72310,Militar Plaza Amalucan II,Unidad habitacional,Puebla,Puebla,Heroica Puebla de Zaragoza,Urbano,https://postali.app/mx/puebla/puebla/militar-plaza-amalucan-ii
72310,Paseo de Los Encinos,Fraccionamiento,Puebla,Puebla,Heroica Puebla de Zaragoza,Urbano,https://postali.app/mx/puebla/puebla/paseo-de-los-encinos
72310,Plazas Amalucan,Colonia,Puebla,Puebla,Heroica Puebla de Zaragoza,Urbano,https://postali.app/mx/puebla/puebla/plazas-amalucan
72310,Real Campestre,Fraccionamiento,Puebla,Puebla,Heroica Puebla de Zaragoza,Urbano,https://postali.app/mx/puebla/puebla/real-campestre
72310,Real del Bosque,Colonia,Puebla,Puebla,Heroica Puebla de Zaragoza,Urbano,https://postali.app/mx/puebla/puebla/real-del-bosque
72310,Real Diamante I,Fraccionamiento,Puebla,Puebla,Heroica Puebla de Zaragoza,Urbano,https://postali.app/mx/puebla/puebla/real-diamante-i
72310,Real Diamante II,Fraccionamiento,Puebla,Puebla,Heroica Puebla de Zaragoza,Urbano,https://postali.app/mx/puebla/puebla/real-diamante-ii
72310,San Baltazar la Resurrección,Colonia,Puebla,Puebla,Heroica Puebla de Zaragoza,Urbano,https://postali.app/mx/puebla/puebla/san-baltazar-la-resurreccion
72310,Santa Margarita,Colonia,Puebla,Puebla,Heroica Puebla de Zaragoza,Urbano,https://postali.app/mx/puebla/puebla/santa-margarita
72310,Sendero del Bosque,Fraccionamiento,Puebla,Puebla,Heroica Puebla de Zaragoza,Urbano,https://postali.app/mx/puebla/puebla/sendero-del-bosque
72310,Torres Arboledas,Condominio,Puebla,Puebla,Heroica Puebla de Zaragoza,Urbano,https://postali.app/mx/puebla/puebla/torres-arboledas
72310,Torres Bosques,Condominio,Puebla,Puebla,Heroica Puebla de Zaragoza,Urbano,https://postali.app/mx/puebla/puebla/torres-bosques
72310,Vereda Residencial,Fraccionamiento,Puebla,Puebla,Heroica Puebla de Zaragoza,Urbano,https://postali.app/mx/puebla/puebla/vereda-residencial
72310,Villa Frescura VI,Condominio,Puebla,Puebla,Heroica Puebla de Zaragoza,Urbano,https://postali.app/mx/puebla/puebla/villa-frescura-vi
72310,Villas Real Campestre,Fraccionamiento,Puebla,Puebla,Heroica Puebla de Zaragoza,Urbano,https://postali.app/mx/puebla/puebla/villas-real-campestre
72310,Villas Real Campestre II,Conjunto habitacional,Puebla,Puebla,Heroica Puebla de Zaragoza,Urbano,https://postali.app/mx/puebla/puebla/villas-real-campestre-ii
72310,Villas Real Campestre III,Fraccionamiento,Puebla,Puebla,Heroica Puebla de Zaragoza,Urbano,https://postali.app/mx/puebla/puebla/villas-real-campestre-iii
72314,San Antonio Abad,Colonia,Puebla,Puebla,Heroica Puebla de Zaragoza,Urbano,https://postali.app/mx/puebla/puebla/san-antonio-abad
72320,Chapultepec,Colonia,Puebla,Puebla,Heroica Puebla de Zaragoza,Urbano,https://postali.app/mx/puebla/puebla/chapultepec
72320,Ciudad Satélite,Colonia,Puebla,Puebla,Heroica Puebla de Zaragoza,Urbano,https://postali.app/mx/puebla/puebla/ciudad-satelite
72320,Los Álamos,Fraccionamiento,Puebla,Puebla,Heroica Puebla de Zaragoza,Urbano,https://postali.app/mx/puebla/puebla/los-alamos
72320,Unidad Satélite Magisterial,Unidad habitacional,Puebla,Puebla,Heroica Puebla de Zaragoza,Urbano,https://postali.app/mx/puebla/puebla/unidad-satelite-magisterial
72320,Álamos Vista Hermosa,Colonia,Puebla,Puebla,Heroica Puebla de Zaragoza,Urbano,https://postali.app/mx/puebla/puebla/alamos-vista-hermosa
72330,Cristóbal Colón,Colonia,Puebla,Puebla,Heroica Puebla de Zaragoza,Urbano,https://postali.app/mx/puebla/puebla/cristobal-colon
72330,El Porvenir,Colonia,Puebla,Puebla,Heroica Puebla de Zaragoza,Urbano,https://postali.app/mx/puebla/puebla/el-porvenir
72340,América Norte,Colonia,Puebla,Puebla,Heroica Puebla de Zaragoza,Urbano,https://postali.app/mx/puebla/puebla/america-norte
72340,América Sur,Colonia,Puebla,Puebla,Heroica Puebla de Zaragoza,Urbano,https://postali.app/mx/puebla/puebla/america-sur
72340,Campo Militar 25,Zona federal,Puebla,Puebla,Heroica Puebla de Zaragoza,Urbano,https://postali.app/mx/puebla/puebla/campo-militar-25
72340,El Cristo,Colonia,Puebla,Puebla,Heroica Puebla de Zaragoza,Urbano,https://postali.app/mx/puebla/puebla/el-cristo
72340,Gregorio Ramos,Colonia,Puebla,Puebla,Heroica Puebla de Zaragoza,Urbano,https://postali.app/mx/puebla/puebla/gregorio-ramos
72340,San Luis Gonzaga,Colonia,Puebla,Puebla,Heroica Puebla de Zaragoza,Urbano,https://postali.app/mx/puebla/puebla/san-luis-gonzaga
72350,Gonzalo Bautista O´Farril,Colonia,Puebla,Puebla,Heroica Puebla de Zaragoza,Urbano,https://postali.app/mx/puebla/puebla/gonzalo-bautista-o-farril
72350,Guadalupe Lagunillas,Colonia,Puebla,Puebla,Heroica Puebla de Zaragoza,Urbano,https://postali.app/mx/puebla/puebla/guadalupe-lagunillas
72350,Hermosa Provincia,Colonia,Puebla,Puebla,Heroica Puebla de Zaragoza,Urbano,https://postali.app/mx/puebla/puebla/hermosa-provincia
72350,Lomas de Chapultepec,Colonia,Puebla,Puebla,Heroica Puebla de Zaragoza,Urbano,https://postali.app/mx/puebla/puebla/lomas-de-chapultepec
72350,Los Álamos Toltepec,Colonia,Puebla,Puebla,Heroica Puebla de Zaragoza,Urbano,https://postali.app/mx/puebla/puebla/los-alamos-toltepec
72350,Pedregal,Colonia,Puebla,Puebla,Heroica Puebla de Zaragoza,Urbano,https://postali.app/mx/puebla/puebla/pedregal
72350,Puente Bravo,Colonia,Puebla,Puebla,Heroica Puebla de Zaragoza,Urbano,https://postali.app/mx/puebla/puebla/puente-bravo
72350,Rosales 1a. Sección,Colonia,Puebla,Puebla,Heroica Puebla de Zaragoza,Urbano,https://postali.app/mx/puebla/puebla/rosales-1a-seccion
72350,Rosales 2a. Sección,Colonia,Puebla,Puebla,Heroica Puebla de Zaragoza,Urbano,https://postali.app/mx/puebla/puebla/rosales-2a-seccion
72350,Unidad San Ángel (San Salvador Ch.),Unidad habitacional,Puebla,Puebla,Heroica Puebla de Zaragoza,Urbano,https://postali.app/mx/puebla/puebla/unidad-san-angel-san-salvador-ch
72350,Unidad y Progreso,Colonia,Puebla,Puebla,Heroica Puebla de Zaragoza,Urbano,https://postali.app/mx/puebla/puebla/unidad-y-progreso
72350,Villa de Reyes,Colonia,Puebla,Puebla,Heroica Puebla de Zaragoza,Urbano,https://postali.app/mx/puebla/puebla/villa-de-reyes
72359,Huixcolotera,Colonia,Puebla,Puebla,Heroica Puebla de Zaragoza,Urbano,https://postali.app/mx/puebla/puebla/huixcolotera
72360,Amaluquilla,Colonia,Puebla,Puebla,Heroica Puebla de Zaragoza,Urbano,https://postali.app/mx/puebla/puebla/amaluquilla
72360,La Palma,Colonia,Puebla,Puebla,Heroica Puebla de Zaragoza,Urbano,https://postali.app/mx/puebla/puebla/la-palma
72360,Lomas Flor del Bosque,Colonia,Puebla,Puebla,Heroica Puebla de Zaragoza,Urbano,https://postali.app/mx/puebla/puebla/lomas-flor-del-bosque
72360,Paraíso,Colonia,Puebla,Puebla,Heroica Puebla de Zaragoza,Urbano,https://postali.app/mx/puebla/puebla/paraiso
72360,San Juan Flor del Bosque,Colonia,Puebla,Puebla,Heroica Puebla de Zaragoza,Urbano,https://postali.app/mx/puebla/puebla/san-juan-flor-del-bosque
72360,Veracruz,Colonia,Puebla,Puebla,Heroica Puebla de Zaragoza,Urbano,https://postali.app/mx/puebla/puebla/veracruz
72364,Álamos Haras,Fraccionamiento,Puebla,Puebla,Heroica Puebla de Zaragoza,Urbano,https://postali.app/mx/puebla/puebla/alamos-haras
72365,El Salvador,Colonia,Puebla,Puebla,Heroica Puebla de Zaragoza,Urbano,https://postali.app/mx/puebla/puebla/el-salvador
72365,Historiadores,Colonia,Puebla,Puebla,Heroica Puebla de Zaragoza,Urbano,https://postali.app/mx/puebla/puebla/historiadores
72370,Agrícola Resurgimiento,Colonia,Puebla,Puebla,Heroica Puebla de Zaragoza,Urbano,https://postali.app/mx/puebla/puebla/agricola-resurgimiento
72370,Cosmos,Condominio,Puebla,Puebla,Heroica Puebla de Zaragoza,Urbano,https://postali.app/mx/puebla/puebla/cosmos
72370,El Centenario,Condominio,Puebla,Puebla,Heroica Puebla de Zaragoza,Urbano,https://postali.app/mx/puebla/puebla/el-centenario
72370,Humboldt Norte,Colonia,Puebla,Puebla,Heroica Puebla de Zaragoza,Urbano,https://postali.app/mx/puebla/puebla/humboldt-norte
72370,Humboldt Sur,Colonia,Puebla,Puebla,Heroica Puebla de Zaragoza,Urbano,https://postali.app/mx/puebla/puebla/humboldt-sur
72370,La Gloria,Colonia,Puebla,Puebla,Heroica Puebla de Zaragoza,Urbano,https://postali.app/mx/puebla/puebla/la-gloria
72370,Miguel Alemán,Colonia,Puebla,Puebla,Heroica Puebla de Zaragoza,Urbano,https://postali.app/mx/puebla/puebla/miguel-aleman
72370,Miguel Negrete,Colonia,Puebla,Puebla,Heroica Puebla de Zaragoza,Urbano,https://postali.app/mx/puebla/puebla/miguel-negrete
72373,Resurgimiento Ciudad Norte,Colonia,Puebla,Puebla,Heroica Puebla de Zaragoza,Urbano,https://postali.app/mx/puebla/puebla/resurgimiento-ciudad-norte
72377,Acocota,Colonia,Puebla,Puebla,Heroica Puebla de Zaragoza,Urbano,https://postali.app/mx/puebla/puebla/acocota
72377,La Luz,Barrio,Puebla,Puebla,Heroica Puebla de Zaragoza,Urbano,https://postali.app/mx/puebla/puebla/la-luz
72377,Los Remedios,Colonia,Puebla,Puebla,Heroica Puebla de Zaragoza,Urbano,https://postali.app/mx/puebla/puebla/los-remedios
72380,Dos de Abril,Colonia,Puebla,Puebla,Heroica Puebla de Zaragoza,Urbano,https://postali.app/mx/puebla/puebla/dos-de-abril
72380,El Chamizal,Colonia,Puebla,Puebla,Heroica Puebla de Zaragoza,Urbano,https://postali.app/mx/puebla/puebla/el-chamizal
72380,Ignacio Zaragoza,Colonia,Puebla,Puebla,Heroica Puebla de Zaragoza,Urbano,https://postali.app/mx/puebla/puebla/ignacio-zaragoza
72380,Santa Bárbara Norte,Colonia,Puebla,Puebla,Heroica Puebla de Zaragoza,Urbano,https://postali.app/mx/puebla/puebla/santa-barbara-norte
72380,Santa Bárbara Sur,Colonia,Puebla,Puebla,Heroica Puebla de Zaragoza,Urbano,https://postali.app/mx/puebla/puebla/santa-barbara-sur
72380,Vicente Suárez,Unidad habitacional,Puebla,Puebla,Heroica Puebla de Zaragoza,Urbano,https://postali.app/mx/puebla/puebla/vicente-suarez
72390,El Encinar 1ra. Sección,Colonia,Puebla,Puebla,Heroica Puebla de Zaragoza,Urbano,https://postali.app/mx/puebla/puebla/el-encinar-1ra-seccion
72390,El Encinar 2a. Sección,Colonia,Puebla,Puebla,Heroica Puebla de Zaragoza,Urbano,https://postali.app/mx/puebla/puebla/el-encinar-2a-seccion
72390,Francisco Javier Clavijero,Colonia,Puebla,Puebla,Heroica Puebla de Zaragoza,Urbano,https://postali.app/mx/puebla/puebla/francisco-javier-clavijero
72400,Amanecer,Conjunto habitacional,Puebla,Puebla,Heroica Puebla de Zaragoza,Urbano,https://postali.app/mx/puebla/puebla/amanecer
72400,El Vergel,Colonia,Puebla,Puebla,Heroica Puebla de Zaragoza,Urbano,https://postali.app/mx/puebla/puebla/el-vergel
72400,Esmeralda,Fraccionamiento,Puebla,Puebla,Heroica Puebla de Zaragoza,Urbano,https://postali.app/mx/puebla/puebla/esmeralda-72400
72400,Las Ánimas,Fraccionamiento,Puebla,Puebla,Heroica Puebla de Zaragoza,Urbano,https://postali.app/mx/puebla/puebla/las-animas
72400,Las Ánimas Centro Comercial,Zona comercial,Puebla,Puebla,Heroica Puebla de Zaragoza,Urbano,https://postali.app/mx/puebla/puebla/las-animas-centro-comercial
72400,Oasis,Conjunto habitacional,Puebla,Puebla,Heroica Puebla de Zaragoza,Urbano,https://postali.app/mx/puebla/puebla/oasis
72400,O´Farril,Unidad habitacional,Puebla,Puebla,Heroica Puebla de Zaragoza,Urbano,https://postali.app/mx/puebla/puebla/o-farril
72400,Plaza Express,Zona comercial,Puebla,Puebla,Heroica Puebla de Zaragoza,Urbano,https://postali.app/mx/puebla/puebla/plaza-express
72400,Rincón de las Animas,Colonia,Puebla,Puebla,Heroica Puebla de Zaragoza,Urbano,https://postali.app/mx/puebla/puebla/rincon-de-las-animas
72400,Santa Cruz los Ángeles,Colonia,Puebla,Puebla,Heroica Puebla de Zaragoza,Urbano,https://postali.app/mx/puebla/puebla/santa-cruz-los-angeles
72400,Villa Magna,Fraccionamiento,Puebla,Puebla,Heroica Puebla de Zaragoza,Urbano,https://postali.app/mx/puebla/puebla/villa-magna
72403,Villa Erika,Colonia,Puebla,Puebla,Heroica Puebla de Zaragoza,Urbano,https://postali.app/mx/puebla/puebla/villa-erika
72403,Villa Génesis,Fraccionamiento,Puebla,Puebla,Heroica Puebla de Zaragoza,Urbano,https://postali.app/mx/puebla/puebla/villa-genesis
72410,Benito Juárez,Colonia,Puebla,Puebla,Heroica Puebla de Zaragoza,Urbano,https://postali.app/mx/puebla/puebla/benito-juarez-72410
72410,El Águila,Colonia,Puebla,Puebla,Heroica Puebla de Zaragoza,Urbano,https://postali.app/mx/puebla/puebla/el-aguila
72410,Granjas Atoyac,Colonia,Puebla,Puebla,Heroica Puebla de Zaragoza,Urbano,https://postali.app/mx/puebla/puebla/granjas-atoyac
72410,Gustavo Díaz Ordaz,Colonia,Puebla,Puebla,Heroica Puebla de Zaragoza,Urbano,https://postali.app/mx/puebla/puebla/gustavo-diaz-ordaz
72410,INFONAVIT 12 de Mayo de 1918,Unidad habitacional,Puebla,Puebla,Heroica Puebla de Zaragoza,Urbano,https://postali.app/mx/puebla/puebla/infonavit-12-de-mayo-de-1918
72410,La Noria,Colonia,Puebla,Puebla,Heroica Puebla de Zaragoza,Urbano,https://postali.app/mx/puebla/puebla/la-noria
72410,Los Volcanes,Colonia,Puebla,Puebla,Heroica Puebla de Zaragoza,Urbano,https://postali.app/mx/puebla/puebla/los-volcanes
72410,Nueva del Carmen,Colonia,Puebla,Puebla,Heroica Puebla de Zaragoza,Urbano,https://postali.app/mx/puebla/puebla/nueva-del-carmen
72410,Residencial la Encomienda de la Noria,Fraccionamiento,Puebla,Puebla,Heroica Puebla de Zaragoza,Urbano,https://postali.app/mx/puebla/puebla/residencial-la-encomienda-de-la-noria
72410,Rivera de Santiago,Colonia,Puebla,Puebla,Heroica Puebla de Zaragoza,Urbano,https://postali.app/mx/puebla/puebla/rivera-de-santiago
72410,San Miguel Las Pajaritas,Colonia,Puebla,Puebla,Heroica Puebla de Zaragoza,Urbano,https://postali.app/mx/puebla/puebla/san-miguel-las-pajaritas
72410,Santiago,Barrio,Puebla,Puebla,Heroica Puebla de Zaragoza,Urbano,https://postali.app/mx/puebla/puebla/santiago
72410,Torre Las Ánimas,Unidad habitacional,Puebla,Puebla,Heroica Puebla de Zaragoza,Urbano,https://postali.app/mx/puebla/puebla/torre-las-animas
72420,Chula Vista,Colonia,Puebla,Puebla,Heroica Puebla de Zaragoza,Urbano,https://postali.app/mx/puebla/puebla/chula-vista
72420,Gabriel Pastor 1a Sección,Colonia,Puebla,Puebla,Heroica Puebla de Zaragoza,Urbano,https://postali.app/mx/puebla/puebla/gabriel-pastor-1a-seccion
72420,Insurgentes Chulavista,Colonia,Puebla,Puebla,Heroica Puebla de Zaragoza,Urbano,https://postali.app/mx/puebla/puebla/insurgentes-chulavista
72423,El Ingeniero,Colonia,Puebla,Puebla,Heroica Puebla de Zaragoza,Urbano,https://postali.app/mx/puebla/puebla/el-ingeniero
72423,Héroe de Nacozari,Colonia,Puebla,Puebla,Heroica Puebla de Zaragoza,Urbano,https://postali.app/mx/puebla/puebla/heroe-de-nacozari
72424,Alpha 2,Fraccionamiento,Puebla,Puebla,Heroica Puebla de Zaragoza,Urbano,https://postali.app/mx/puebla/puebla/alpha-2
72425,Gabriel Pastor 2a Sección,Colonia,Puebla,Puebla,Heroica Puebla de Zaragoza,Urbano,https://postali.app/mx/puebla/puebla/gabriel-pastor-2a-seccion
72430,Agua Azul (Balneario),Equipamiento,Puebla,Puebla,Heroica Puebla de Zaragoza,Urbano,https://postali.app/mx/puebla/puebla/agua-azul-balneario
72430,Prados Agua Azul,Colonia,Puebla,Puebla,Heroica Puebla de Zaragoza,Urbano,https://postali.app/mx/puebla/puebla/prados-agua-azul
72430,Reforma Agua Azul,Colonia,Puebla,Puebla,Heroica Puebla de Zaragoza,Urbano,https://postali.app/mx/puebla/puebla/reforma-agua-azul
72430,Rivera del Atoyac,Colonia,Puebla,Puebla,Heroica Puebla de Zaragoza,Urbano,https://postali.app/mx/puebla/puebla/rivera-del-atoyac
72430,Villa Florencia,Colonia,Puebla,Puebla,Heroica Puebla de Zaragoza,Urbano,https://postali.app/mx/puebla/puebla/villa-florencia
72440,Boulevares,Fraccionamiento,Puebla,Puebla,Heroica Puebla de Zaragoza,Urbano,https://postali.app/mx/puebla/puebla/boulevares
72440,El Cerrito,Colonia,Puebla,Puebla,Heroica Puebla de Zaragoza,Urbano,https://postali.app/mx/puebla/puebla/el-cerrito
72440,Girasol,Fraccionamiento,Puebla,Puebla,Heroica Puebla de Zaragoza,Urbano,https://postali.app/mx/puebla/puebla/girasol
72440,La Teja,Colonia,Puebla,Puebla,Heroica Puebla de Zaragoza,Urbano,https://postali.app/mx/puebla/puebla/la-teja
72440,Los Ángeles Mayorazgo,Colonia,Puebla,Puebla,Heroica Puebla de Zaragoza,Urbano,https://postali.app/mx/puebla/puebla/los-angeles-mayorazgo
72440,Plaza América,Zona comercial,Puebla,Puebla,Heroica Puebla de Zaragoza,Urbano,https://postali.app/mx/puebla/puebla/plaza-america
72440,Plaza Crystal,Zona comercial,Puebla,Puebla,Heroica Puebla de Zaragoza,Urbano,https://postali.app/mx/puebla/puebla/plaza-crystal
72440,Villa Encantada,Fraccionamiento,Puebla,Puebla,Heroica Puebla de Zaragoza,Urbano,https://postali.app/mx/puebla/puebla/villa-encantada
72450,El Paraíso,Colonia,Puebla,Puebla,Heroica Puebla de Zaragoza,Urbano,https://postali.app/mx/puebla/puebla/el-paraiso
72450,El Patrimonio,Colonia,Puebla,Puebla,Heroica Puebla de Zaragoza,Urbano,https://postali.app/mx/puebla/puebla/el-patrimonio
72450,El Progreso,Colonia,Puebla,Puebla,Heroica Puebla de Zaragoza,Urbano,https://postali.app/mx/puebla/puebla/el-progreso
72450,Leobardo Coca,Colonia,Puebla,Puebla,Heroica Puebla de Zaragoza,Urbano,https://postali.app/mx/puebla/puebla/leobardo-coca
72450,Lomas Club de Golf,Colonia,Puebla,Puebla,Heroica Puebla de Zaragoza,Urbano,https://postali.app/mx/puebla/puebla/lomas-club-de-golf
72450,San José Mayorazgo,Colonia,Puebla,Puebla,Heroica Puebla de Zaragoza,Urbano,https://postali.app/mx/puebla/puebla/san-jose-mayorazgo
72450,Vicente Ferrer,Colonia,Puebla,Puebla,Heroica Puebla de Zaragoza,Urbano,https://postali.app/mx/puebla/puebla/vicente-ferrer
72450,Villas Everest,Fraccionamiento,Puebla,Puebla,Heroica Puebla de Zaragoza,Urbano,https://postali.app/mx/puebla/puebla/villas-everest
72453,Bosques de Angelopolis,Fraccionamiento,Puebla,Puebla,Heroica Puebla de Zaragoza,Urbano,https://postali.app/mx/puebla/puebla/bosques-de-angelopolis
72453,Mayorazgo,Fraccionamiento,Puebla,Puebla,Heroica Puebla de Zaragoza,Urbano,https://postali.app/mx/puebla/puebla/mayorazgo
72456,El Mayorazgo,Colonia,Puebla,Puebla,Heroica Puebla de Zaragoza,Urbano,https://postali.app/mx/puebla/puebla/el-mayorazgo
72456,Everest,Fraccionamiento,Puebla,Puebla,Heroica Puebla de Zaragoza,Urbano,https://postali.app/mx/puebla/puebla/everest
72456,Molino de Enmedio,Colonia,Puebla,Puebla,Heroica Puebla de Zaragoza,Urbano,https://postali.app/mx/puebla/puebla/molino-de-enmedio
72459,Azul,Fraccionamiento,Puebla,Puebla,Heroica Puebla de Zaragoza,Urbano,https://postali.app/mx/puebla/puebla/azul
72459,Bosques de Atoyac,Colonia,Puebla,Puebla,Heroica Puebla de Zaragoza,Urbano,https://postali.app/mx/puebla/puebla/bosques-de-atoyac
72460,Centro Comercial Puebla,Zona comercial,Puebla,Puebla,Heroica Puebla de Zaragoza,Urbano,https://postali.app/mx/puebla/puebla/centro-comercial-puebla
72460,Club de Golf Mayorazgo,Fraccionamiento,Puebla,Puebla,Heroica Puebla de Zaragoza,Urbano,https://postali.app/mx/puebla/puebla/club-de-golf-mayorazgo
72460,Club de Golf Puebla,Equipamiento,Puebla,Puebla,Heroica Puebla de Zaragoza,Urbano,https://postali.app/mx/puebla/puebla/club-de-golf-puebla
72460,FOVISSSTE San Roque,Colonia,Puebla,Puebla,Heroica Puebla de Zaragoza,Urbano,https://postali.app/mx/puebla/puebla/fovissste-san-roque
72460,Rincón Arboledas,Colonia,Puebla,Puebla,Heroica Puebla de Zaragoza,Urbano,https://postali.app/mx/puebla/puebla/rincon-arboledas
72464,El Encanto,Fraccionamiento,Puebla,Puebla,Heroica Puebla de Zaragoza,Urbano,https://postali.app/mx/puebla/puebla/el-encanto
72464,El Saucedal,Fraccionamiento,Puebla,Puebla,Heroica Puebla de Zaragoza,Urbano,https://postali.app/mx/puebla/puebla/el-saucedal
72464,Ex-Rancho Vaquerías,Colonia,Puebla,Puebla,Heroica Puebla de Zaragoza,Urbano,https://postali.app/mx/puebla/puebla/ex-rancho-vaquerias
72464,Ex-Rancho Vaquerías,Unidad habitacional,Puebla,Puebla,Heroica Puebla de Zaragoza,Urbano,https://postali.app/mx/puebla/puebla/ex-rancho-vaquerias-72464
72464,Geovillas la Vista,Colonia,Puebla,Puebla,Heroica Puebla de Zaragoza,Urbano,https://postali.app/mx/puebla/puebla/geovillas-la-vista
72464,INFONAVIT Mateo de Regil Rodríguez,Fraccionamiento,Puebla,Puebla,Heroica Puebla de Zaragoza,Urbano,https://postali.app/mx/puebla/puebla/infonavit-mateo-de-regil-rodriguez
72464,La Cima,Fraccionamiento,Puebla,Puebla,Heroica Puebla de Zaragoza,Urbano,https://postali.app/mx/puebla/puebla/la-cima
72464,Mateo Sección San José Maravillas,Colonia,Puebla,Puebla,Heroica Puebla de Zaragoza,Urbano,https://postali.app/mx/puebla/puebla/mateo-seccion-san-jose-maravillas
72464,Rincón de los Cipreses I,Conjunto habitacional,Puebla,Puebla,Heroica Puebla de Zaragoza,Urbano,https://postali.app/mx/puebla/puebla/rincon-de-los-cipreses-i
72464,UEMAC,Unidad habitacional,Puebla,Puebla,Heroica Puebla de Zaragoza,Urbano,https://postali.app/mx/puebla/puebla/uemac
72464,Vanguardia Magisterial,Fraccionamiento,Puebla,Puebla,Heroica Puebla de Zaragoza,Urbano,https://postali.app/mx/puebla/puebla/vanguardia-magisterial
72468,Campestre Mayorazgo,Colonia,Puebla,Puebla,Heroica Puebla de Zaragoza,Urbano,https://postali.app/mx/puebla/puebla/campestre-mayorazgo
72468,Rinconada las Torres,Colonia,Puebla,Puebla,Heroica Puebla de Zaragoza,Urbano,https://postali.app/mx/puebla/puebla/rinconada-las-torres
72470,Eleganza,Fraccionamiento,Puebla,Puebla,Heroica Puebla de Zaragoza,Urbano,https://postali.app/mx/puebla/puebla/eleganza
72470,Emperador,Conjunto habitacional,Puebla,Puebla,Heroica Puebla de Zaragoza,Urbano,https://postali.app/mx/puebla/puebla/emperador
72470,Gerona,Conjunto habitacional,Puebla,Puebla,Heroica Puebla de Zaragoza,Urbano,https://postali.app/mx/puebla/puebla/gerona
72470,Granjas Bugambilias,Condominio,Puebla,Puebla,Heroica Puebla de Zaragoza,Urbano,https://postali.app/mx/puebla/puebla/granjas-bugambilias
72470,Granjas del Sur,Colonia,Puebla,Puebla,Heroica Puebla de Zaragoza,Urbano,https://postali.app/mx/puebla/puebla/granjas-del-sur
72470,INFONAVIT El Carmen (Gastronómicos),Unidad habitacional,Puebla,Puebla,Heroica Puebla de Zaragoza,Urbano,https://postali.app/mx/puebla/puebla/infonavit-el-carmen-gastronomicos
72470,INFONAVIT San Bartolo,Colonia,Puebla,Puebla,Heroica Puebla de Zaragoza,Urbano,https://postali.app/mx/puebla/puebla/infonavit-san-bartolo
72470,INFONAVIT Xaxalpa,Fraccionamiento,Puebla,Puebla,Heroica Puebla de Zaragoza,Urbano,https://postali.app/mx/puebla/puebla/infonavit-xaxalpa
72470,Lomas del Sur,Colonia,Puebla,Puebla,Heroica Puebla de Zaragoza,Urbano,https://postali.app/mx/puebla/puebla/lomas-del-sur
72470,Popular Castillotla,Colonia,Puebla,Puebla,Heroica Puebla de Zaragoza,Urbano,https://postali.app/mx/puebla/puebla/popular-castillotla
72470,Popular Coatepec,Colonia,Puebla,Puebla,Heroica Puebla de Zaragoza,Urbano,https://postali.app/mx/puebla/puebla/popular-coatepec
72470,Popular Emiliano Zapata,Colonia,Puebla,Puebla,Heroica Puebla de Zaragoza,Urbano,https://postali.app/mx/puebla/puebla/popular-emiliano-zapata
72470,Puebla Textil,Colonia,Puebla,Puebla,Heroica Puebla de Zaragoza,Urbano,https://postali.app/mx/puebla/puebla/puebla-textil
72470,San Jorge,Fraccionamiento,Puebla,Puebla,Heroica Puebla de Zaragoza,Urbano,https://postali.app/mx/puebla/puebla/san-jorge
72470,Tecali,Conjunto habitacional,Puebla,Puebla,Heroica Puebla de Zaragoza,Urbano,https://postali.app/mx/puebla/puebla/tecali
72470,Vicente Guerrero,Colonia,Puebla,Puebla,Heroica Puebla de Zaragoza,Urbano,https://postali.app/mx/puebla/puebla/vicente-guerrero
72470,Villas América,Conjunto habitacional,Puebla,Puebla,Heroica Puebla de Zaragoza,Urbano,https://postali.app/mx/puebla/puebla/villas-america
72470,Villas del Carmen,Conjunto habitacional,Puebla,Puebla,Heroica Puebla de Zaragoza,Urbano,https://postali.app/mx/puebla/puebla/villas-del-carmen
72470,Vista Hermosa Cd.Sur,Colonia,Puebla,Puebla,Heroica Puebla de Zaragoza,Urbano,https://postali.app/mx/puebla/puebla/vista-hermosa-cd-sur
72474,16 de Septiembre Sur,Colonia,Puebla,Puebla,Heroica Puebla de Zaragoza,Urbano,https://postali.app/mx/puebla/puebla/16-de-septiembre-sur
72474,Arboledas de Loma Bella,Colonia,Puebla,Puebla,Heroica Puebla de Zaragoza,Urbano,https://postali.app/mx/puebla/puebla/arboledas-de-loma-bella
72474,Damisal,Conjunto habitacional,Puebla,Puebla,Heroica Puebla de Zaragoza,Urbano,https://postali.app/mx/puebla/puebla/damisal
72474,El Fresno I,Conjunto habitacional,Puebla,Puebla,Heroica Puebla de Zaragoza,Urbano,https://postali.app/mx/puebla/puebla/el-fresno-i
72474,El Fresno II,Conjunto habitacional,Puebla,Puebla,Heroica Puebla de Zaragoza,Urbano,https://postali.app/mx/puebla/puebla/el-fresno-ii
72474,INFONAVIT Loma Bella,Colonia,Puebla,Puebla,Heroica Puebla de Zaragoza,Urbano,https://postali.app/mx/puebla/puebla/infonavit-loma-bella
72474,Jardines de Bugambilias,Colonia,Puebla,Puebla,Heroica Puebla de Zaragoza,Urbano,https://postali.app/mx/puebla/puebla/jardines-de-bugambilias
72474,Jardín,Colonia,Puebla,Puebla,Heroica Puebla de Zaragoza,Urbano,https://postali.app/mx/puebla/puebla/jardin
72474,Las Torres,Unidad habitacional,Puebla,Puebla,Heroica Puebla de Zaragoza,Urbano,https://postali.app/mx/puebla/puebla/las-torres
72474,Loma Encantada,Colonia,Puebla,Puebla,Heroica Puebla de Zaragoza,Urbano,https://postali.app/mx/puebla/puebla/loma-encantada
72474,Rancho Chapulco,Fraccionamiento,Puebla,Puebla,Heroica Puebla de Zaragoza,Urbano,https://postali.app/mx/puebla/puebla/rancho-chapulco
72474,Villa del Sur,Colonia,Puebla,Puebla,Heroica Puebla de Zaragoza,Urbano,https://postali.app/mx/puebla/puebla/villa-del-sur
72477,Loma Linda,Colonia,Puebla,Puebla,Heroica Puebla de Zaragoza,Urbano,https://postali.app/mx/puebla/puebla/loma-linda-72477
72478,Unidad Alta Vista,Colonia,Puebla,Puebla,Heroica Puebla de Zaragoza,Urbano,https://postali.app/mx/puebla/puebla/unidad-alta-vista
72480,Calpulli Sur,Colonia,Puebla,Puebla,Heroica Puebla de Zaragoza,Urbano,https://postali.app/mx/puebla/puebla/calpulli-sur
72480,Cipreses de Mayorazgo,Fraccionamiento,Puebla,Puebla,Heroica Puebla de Zaragoza,Urbano,https://postali.app/mx/puebla/puebla/cipreses-de-mayorazgo
72480,Eclipse,Conjunto habitacional,Puebla,Puebla,Heroica Puebla de Zaragoza,Urbano,https://postali.app/mx/puebla/puebla/eclipse
72480,Ex-Hacienda Mayorazgo,Fraccionamiento,Puebla,Puebla,Heroica Puebla de Zaragoza,Urbano,https://postali.app/mx/puebla/puebla/ex-hacienda-mayorazgo
72480,Galaxia la Laguna,Fraccionamiento,Puebla,Puebla,Heroica Puebla de Zaragoza,Urbano,https://postali.app/mx/puebla/puebla/galaxia-la-laguna
72480,Geovillas las Garzas,Fraccionamiento,Puebla,Puebla,Heroica Puebla de Zaragoza,Urbano,https://postali.app/mx/puebla/puebla/geovillas-las-garzas
72480,Granjas Mayorazgo,Colonia,Puebla,Puebla,Heroica Puebla de Zaragoza,Urbano,https://postali.app/mx/puebla/puebla/granjas-mayorazgo
72480,Haus,Condominio,Puebla,Puebla,Heroica Puebla de Zaragoza,Urbano,https://postali.app/mx/puebla/puebla/haus
72480,INFONAVIT la Carmelita,Unidad habitacional,Puebla,Puebla,Heroica Puebla de Zaragoza,Urbano,https://postali.app/mx/puebla/puebla/infonavit-la-carmelita
72480,INFONAVIT la Victoria,Unidad habitacional,Puebla,Puebla,Heroica Puebla de Zaragoza,Urbano,https://postali.app/mx/puebla/puebla/infonavit-la-victoria
72480,INFONAVIT San Miguel Mayorazgo,Colonia,Puebla,Puebla,Heroica Puebla de Zaragoza,Urbano,https://postali.app/mx/puebla/puebla/infonavit-san-miguel-mayorazgo
72480,Las Carmelitas,Colonia,Puebla,Puebla,Heroica Puebla de Zaragoza,Urbano,https://postali.app/mx/puebla/puebla/las-carmelitas
72480,Los Cantaros,Colonia,Puebla,Puebla,Heroica Puebla de Zaragoza,Urbano,https://postali.app/mx/puebla/puebla/los-cantaros
72480,Los Molinos,Condominio,Puebla,Puebla,Heroica Puebla de Zaragoza,Urbano,https://postali.app/mx/puebla/puebla/los-molinos
72480,Misión del Mayorazgo,Colonia,Puebla,Puebla,Heroica Puebla de Zaragoza,Urbano,https://postali.app/mx/puebla/puebla/mision-del-mayorazgo
72480,Rinconada los Arcos 1,Colonia,Puebla,Puebla,Heroica Puebla de Zaragoza,Urbano,https://postali.app/mx/puebla/puebla/rinconada-los-arcos-1
72480,Rinconada Los Arcos 2,Colonia,Puebla,Puebla,Heroica Puebla de Zaragoza,Urbano,https://postali.app/mx/puebla/puebla/rinconada-los-arcos-2
72480,San Francisco Mayorazgo,Colonia,Puebla,Puebla,Heroica Puebla de Zaragoza,Urbano,https://postali.app/mx/puebla/puebla/san-francisco-mayorazgo
72480,San José la Laguna,Colonia,Puebla,Puebla,Heroica Puebla de Zaragoza,Urbano,https://postali.app/mx/puebla/puebla/san-jose-la-laguna
72480,San José los Pinos,Colonia,Puebla,Puebla,Heroica Puebla de Zaragoza,Urbano,https://postali.app/mx/puebla/puebla/san-jose-los-pinos
72480,San Juan Bosco,Conjunto habitacional,Puebla,Puebla,Heroica Puebla de Zaragoza,Urbano,https://postali.app/mx/puebla/puebla/san-juan-bosco
72480,Torres de Mayorazgo,Condominio,Puebla,Puebla,Heroica Puebla de Zaragoza,Urbano,https://postali.app/mx/puebla/puebla/torres-de-mayorazgo
72480,Torres de Mayorazgo Floresta,Condominio,Puebla,Puebla,Heroica Puebla de Zaragoza,Urbano,https://postali.app/mx/puebla/puebla/torres-de-mayorazgo-floresta
72480,Tres Cerritos,Colonia,Puebla,Puebla,Heroica Puebla de Zaragoza,Urbano,https://postali.app/mx/puebla/puebla/tres-cerritos
72480,Villas de San Francisco Mayorazgo,Colonia,Puebla,Puebla,Heroica Puebla de Zaragoza,Urbano,https://postali.app/mx/puebla/puebla/villas-de-san-francisco-mayorazgo
72480,Villas del Vergel,Condominio,Puebla,Puebla,Heroica Puebla de Zaragoza,Urbano,https://postali.app/mx/puebla/puebla/villas-del-vergel
72480,Villas Monarcas,Fraccionamiento,Puebla,Puebla,Heroica Puebla de Zaragoza,Urbano,https://postali.app/mx/puebla/puebla/villas-monarcas
72482,Las Mercedes II,Conjunto habitacional,Puebla,Puebla,Heroica Puebla de Zaragoza,Urbano,https://postali.app/mx/puebla/puebla/las-mercedes-ii
72483,Habitad para la Humanidad de México,Colonia,Puebla,Puebla,Heroica Puebla de Zaragoza,Urbano,https://postali.app/mx/puebla/puebla/habitad-para-la-humanidad-de-mexico
72483,Tres Cerritos,Fraccionamiento,Puebla,Puebla,Heroica Puebla de Zaragoza,Urbano,https://postali.app/mx/puebla/puebla/tres-cerritos-72483
72484,Paseos del Río,Conjunto habitacional,Puebla,Puebla,Heroica Puebla de Zaragoza,Urbano,https://postali.app/mx/puebla/puebla/paseos-del-rio
72490,2a. Ampliación Unión Antorchista,Colonia,Puebla,Puebla,Heroica Puebla de Zaragoza,Urbano,https://postali.app/mx/puebla/puebla/2a-ampliacion-union-antorchista
72490,2da. Ampliación Guadalupe Hidalgo,Colonia,Puebla,Puebla,Heroica Puebla de Zaragoza,Urbano,https://postali.app/mx/puebla/puebla/2da-ampliacion-guadalupe-hidalgo
72490,Ampliación Unión Antorchista,Colonia,Puebla,Puebla,Heroica Puebla de Zaragoza,Urbano,https://postali.app/mx/puebla/puebla/ampliacion-union-antorchista
72490,Antigua Hacienda,Fraccionamiento,Puebla,Puebla,Heroica Puebla de Zaragoza,Urbano,https://postali.app/mx/puebla/puebla/antigua-hacienda
72490,Arboledas del Pedregal,Fraccionamiento,Puebla,Puebla,Heroica Puebla de Zaragoza,Urbano,https://postali.app/mx/puebla/puebla/arboledas-del-pedregal
72490,Cabañas de Santa María,Colonia,Puebla,Puebla,Heroica Puebla de Zaragoza,Urbano,https://postali.app/mx/puebla/puebla/cabanas-de-santa-maria
72490,El Sendero,Fraccionamiento,Puebla,Puebla,Heroica Puebla de Zaragoza,Urbano,https://postali.app/mx/puebla/puebla/el-sendero
72490,El Triunfo,Conjunto habitacional,Puebla,Puebla,Heroica Puebla de Zaragoza,Urbano,https://postali.app/mx/puebla/puebla/el-triunfo
72490,Granjas Puebla,Colonia,Puebla,Puebla,Heroica Puebla de Zaragoza,Urbano,https://postali.app/mx/puebla/puebla/granjas-puebla
72490,Guadalupe Hidalgo,Colonia,Puebla,Puebla,Heroica Puebla de Zaragoza,Urbano,https://postali.app/mx/puebla/puebla/guadalupe-hidalgo
72490,Hacienda del Sur,Unidad habitacional,Puebla,Puebla,Heroica Puebla de Zaragoza,Urbano,https://postali.app/mx/puebla/puebla/hacienda-del-sur
72490,Hacienda del Sur II,Conjunto habitacional,Puebla,Puebla,Heroica Puebla de Zaragoza,Urbano,https://postali.app/mx/puebla/puebla/hacienda-del-sur-ii
72490,Hacienda el Cobre,Conjunto habitacional,Puebla,Puebla,Heroica Puebla de Zaragoza,Urbano,https://postali.app/mx/puebla/puebla/hacienda-el-cobre
72490,Hacienda el Cobre 3a. Sección,Conjunto habitacional,Puebla,Puebla,Heroica Puebla de Zaragoza,Urbano,https://postali.app/mx/puebla/puebla/hacienda-el-cobre-3a-seccion
72490,INFONAVIT Agua Santa,Unidad habitacional,Puebla,Puebla,Heroica Puebla de Zaragoza,Urbano,https://postali.app/mx/puebla/puebla/infonavit-agua-santa
72490,INFONAVIT Fuentes de San Bartolo,Unidad habitacional,Puebla,Puebla,Heroica Puebla de Zaragoza,Urbano,https://postali.app/mx/puebla/puebla/infonavit-fuentes-de-san-bartolo
72490,Joyas del Sur,Colonia,Puebla,Puebla,Heroica Puebla de Zaragoza,Urbano,https://postali.app/mx/puebla/puebla/joyas-del-sur
72490,La Chispa,Colonia,Puebla,Puebla,Heroica Puebla de Zaragoza,Urbano,https://postali.app/mx/puebla/puebla/la-chispa
72490,La Giralda,Conjunto habitacional,Puebla,Puebla,Heroica Puebla de Zaragoza,Urbano,https://postali.app/mx/puebla/puebla/la-giralda
72490,Lomas de Atoyac,Colonia,Puebla,Puebla,Heroica Puebla de Zaragoza,Urbano,https://postali.app/mx/puebla/puebla/lomas-de-atoyac
72490,Lomas de Castillotla,Colonia,Puebla,Puebla,Heroica Puebla de Zaragoza,Urbano,https://postali.app/mx/puebla/puebla/lomas-de-castillotla
72490,Lomas de San Valentín,Colonia,Puebla,Puebla,Heroica Puebla de Zaragoza,Urbano,https://postali.app/mx/puebla/puebla/lomas-de-san-valentin
72490,Lomas del Sol,Colonia,Puebla,Puebla,Heroica Puebla de Zaragoza,Urbano,https://postali.app/mx/puebla/puebla/lomas-del-sol
72490,Los Cerezos,Conjunto habitacional,Puebla,Puebla,Heroica Puebla de Zaragoza,Urbano,https://postali.app/mx/puebla/puebla/los-cerezos
72490,Los Limones,Fraccionamiento,Puebla,Puebla,Heroica Puebla de Zaragoza,Urbano,https://postali.app/mx/puebla/puebla/los-limones
72490,Luis Donaldo Colosio,Colonia,Puebla,Puebla,Heroica Puebla de Zaragoza,Urbano,https://postali.app/mx/puebla/puebla/luis-donaldo-colosio
72490,Luna,Colonia,Puebla,Puebla,Heroica Puebla de Zaragoza,Urbano,https://postali.app/mx/puebla/puebla/luna
72490,Magisterial Periferico Sur,Unidad habitacional,Puebla,Puebla,Heroica Puebla de Zaragoza,Urbano,https://postali.app/mx/puebla/puebla/magisterial-periferico-sur
72490,Marbella,Fraccionamiento,Puebla,Puebla,Heroica Puebla de Zaragoza,Urbano,https://postali.app/mx/puebla/puebla/marbella
72490,Nueva Democracia,Colonia,Puebla,Puebla,Heroica Puebla de Zaragoza,Urbano,https://postali.app/mx/puebla/puebla/nueva-democracia
72490,Nuevo Plan de Ayala,Colonia,Puebla,Puebla,Heroica Puebla de Zaragoza,Urbano,https://postali.app/mx/puebla/puebla/nuevo-plan-de-ayala
72490,Regina,Fraccionamiento,Puebla,Puebla,Heroica Puebla de Zaragoza,Urbano,https://postali.app/mx/puebla/puebla/regina
72490,Rincón de los Cipreses,Fraccionamiento,Puebla,Puebla,Heroica Puebla de Zaragoza,Urbano,https://postali.app/mx/puebla/puebla/rincon-de-los-cipreses
72490,S.U.T.E.R.M.,Colonia,Puebla,Puebla,Heroica Puebla de Zaragoza,Urbano,https://postali.app/mx/puebla/puebla/s-u-t-e-r-m
72490,San Ramón 1a Sección,Colonia,Puebla,Puebla,Heroica Puebla de Zaragoza,Urbano,https://postali.app/mx/puebla/puebla/san-ramon-1a-seccion
72490,San Ramón 2a Sección,Colonia,Puebla,Puebla,Heroica Puebla de Zaragoza,Urbano,https://postali.app/mx/puebla/puebla/san-ramon-2a-seccion
72490,San Ramón 3a Sección,Colonia,Puebla,Puebla,Heroica Puebla de Zaragoza,Urbano,https://postali.app/mx/puebla/puebla/san-ramon-3a-seccion
72490,San Ramón 4a Sección,Colonia,Puebla,Puebla,Heroica Puebla de Zaragoza,Urbano,https://postali.app/mx/puebla/puebla/san-ramon-4a-seccion
72490,Torres Madrid,Condominio,Puebla,Puebla,Heroica Puebla de Zaragoza,Urbano,https://postali.app/mx/puebla/puebla/torres-madrid
72490,Unidad Antorchista,Colonia,Puebla,Puebla,Heroica Puebla de Zaragoza,Urbano,https://postali.app/mx/puebla/puebla/unidad-antorchista
72490,Villas del Sol,Fraccionamiento,Puebla,Puebla,Heroica Puebla de Zaragoza,Urbano,https://postali.app/mx/puebla/puebla/villas-del-sol
72490,Villas Diamante II,Fraccionamiento,Puebla,Puebla,Heroica Puebla de Zaragoza,Urbano,https://postali.app/mx/puebla/puebla/villas-diamante-ii
72490,Villas el Ensueño,Colonia,Puebla,Puebla,Heroica Puebla de Zaragoza,Urbano,https://postali.app/mx/puebla/puebla/villas-el-ensueno
72490,Villas Perisur,Conjunto habitacional,Puebla,Puebla,Heroica Puebla de Zaragoza,Urbano,https://postali.app/mx/puebla/puebla/villas-perisur
72490,Villas San Antonio IV,Fraccionamiento,Puebla,Puebla,Heroica Puebla de Zaragoza,Urbano,https://postali.app/mx/puebla/puebla/villas-san-antonio-iv
72492,INFONAVIT San Miguel Mayorazgo 1a Sección,Colonia,Puebla,Puebla,Heroica Puebla de Zaragoza,Urbano,https://postali.app/mx/puebla/puebla/infonavit-san-miguel-mayorazgo-1a-seccion
72492,Las Mercedes,Conjunto habitacional,Puebla,Puebla,Heroica Puebla de Zaragoza,Urbano,https://postali.app/mx/puebla/puebla/las-mercedes
72494,3ra. Ampliación Guadalupe Hidalgo,Colonia,Puebla,Puebla,Heroica Puebla de Zaragoza,Urbano,https://postali.app/mx/puebla/puebla/3ra-ampliacion-guadalupe-hidalgo
72494,Concepción Sur,Colonia,Puebla,Puebla,Heroica Puebla de Zaragoza,Urbano,https://postali.app/mx/puebla/puebla/concepcion-sur
72494,Hacienda el Cobre 2a. Sección,Conjunto habitacional,Puebla,Puebla,Heroica Puebla de Zaragoza,Urbano,https://postali.app/mx/puebla/puebla/hacienda-el-cobre-2a-seccion
72494,Hacienda San José 3a. Sección,Colonia,Puebla,Puebla,Heroica Puebla de Zaragoza,Urbano,https://postali.app/mx/puebla/puebla/hacienda-san-jose-3a-seccion
72494,Los Héroes de Puebla II,Fraccionamiento,Puebla,Puebla,Heroica Puebla de Zaragoza,Urbano,https://postali.app/mx/puebla/puebla/los-heroes-de-puebla-ii
72494,Magisterial Chapulco,Unidad habitacional,Puebla,Puebla,Heroica Puebla de Zaragoza,Urbano,https://postali.app/mx/puebla/puebla/magisterial-chapulco
72494,Pedregal de Guadalupe Hidalgo,Colonia,Puebla,Puebla,Heroica Puebla de Zaragoza,Urbano,https://postali.app/mx/puebla/puebla/pedregal-de-guadalupe-hidalgo
72494,San Alfonso,Fraccionamiento,Puebla,Puebla,Heroica Puebla de Zaragoza,Urbano,https://postali.app/mx/puebla/puebla/san-alfonso
72494,San José Chapulco,Colonia,Puebla,Puebla,Heroica Puebla de Zaragoza,Urbano,https://postali.app/mx/puebla/puebla/san-jose-chapulco
72494,Santa Lucia 2,Fraccionamiento,Puebla,Puebla,Heroica Puebla de Zaragoza,Urbano,https://postali.app/mx/puebla/puebla/santa-lucia-2
72494,Santa Lucía 4,Fraccionamiento,Puebla,Puebla,Heroica Puebla de Zaragoza,Urbano,https://postali.app/mx/puebla/puebla/santa-lucia-4
72494,Santa Lucía 4 2da. Sección,Fraccionamiento,Puebla,Puebla,Heroica Puebla de Zaragoza,Urbano,https://postali.app/mx/puebla/puebla/santa-lucia-4-2da-seccion
72494,Victor Puebla,Colonia,Puebla,Puebla,Heroica Puebla de Zaragoza,Urbano,https://postali.app/mx/puebla/puebla/victor-puebla
72495,Ampliación Playas del Sur,Colonia,Puebla,Puebla,Heroica Puebla de Zaragoza,Urbano,https://postali.app/mx/puebla/puebla/ampliacion-playas-del-sur
72495,Aquiles Serdán,Colonia,Puebla,Puebla,Heroica Puebla de Zaragoza,Urbano,https://postali.app/mx/puebla/puebla/aquiles-serdan-72495
72495,Carmen Serdán,Colonia,Puebla,Puebla,Heroica Puebla de Zaragoza,Urbano,https://postali.app/mx/puebla/puebla/carmen-serdan
72495,Colibrí,Colonia,Puebla,Puebla,Heroica Puebla de Zaragoza,Urbano,https://postali.app/mx/puebla/puebla/colibri
72495,El Refugio,Conjunto habitacional,Puebla,Puebla,Heroica Puebla de Zaragoza,Urbano,https://postali.app/mx/puebla/puebla/el-refugio
72495,El Refugio H Viva 2000,Colonia,Puebla,Puebla,Heroica Puebla de Zaragoza,Urbano,https://postali.app/mx/puebla/puebla/el-refugio-h-viva-2000
72495,Elsa Cordova,Colonia,Puebla,Puebla,Heroica Puebla de Zaragoza,Urbano,https://postali.app/mx/puebla/puebla/elsa-cordova
72495,Flores del Pedregal,Colonia,Puebla,Puebla,Heroica Puebla de Zaragoza,Urbano,https://postali.app/mx/puebla/puebla/flores-del-pedregal
72495,Geovillas del Sur,Fraccionamiento,Puebla,Puebla,Heroica Puebla de Zaragoza,Urbano,https://postali.app/mx/puebla/puebla/geovillas-del-sur
72495,Hacienda las Fuentes,Fraccionamiento,Puebla,Puebla,Heroica Puebla de Zaragoza,Urbano,https://postali.app/mx/puebla/puebla/hacienda-las-fuentes
72495,Hacienda las Fuentes 2a. Sección,Colonia,Puebla,Puebla,Heroica Puebla de Zaragoza,Urbano,https://postali.app/mx/puebla/puebla/hacienda-las-fuentes-2a-seccion
72495,Jardines de Santa Rosa,Conjunto habitacional,Puebla,Puebla,Heroica Puebla de Zaragoza,Urbano,https://postali.app/mx/puebla/puebla/jardines-de-santa-rosa
72495,Jardines del Sur,Conjunto habitacional,Puebla,Puebla,Heroica Puebla de Zaragoza,Urbano,https://postali.app/mx/puebla/puebla/jardines-del-sur
72495,La Antorchista,Colonia,Puebla,Puebla,Heroica Puebla de Zaragoza,Urbano,https://postali.app/mx/puebla/puebla/la-antorchista
72495,La Candelaria,Colonia,Puebla,Puebla,Heroica Puebla de Zaragoza,Urbano,https://postali.app/mx/puebla/puebla/la-candelaria-72495
72495,La Playa,Colonia,Puebla,Puebla,Heroica Puebla de Zaragoza,Urbano,https://postali.app/mx/puebla/puebla/la-playa
72495,Loma Bonita Sur,Colonia,Puebla,Puebla,Heroica Puebla de Zaragoza,Urbano,https://postali.app/mx/puebla/puebla/loma-bonita-sur
72495,Minerales de Guadalupe Sur,Colonia,Puebla,Puebla,Heroica Puebla de Zaragoza,Urbano,https://postali.app/mx/puebla/puebla/minerales-de-guadalupe-sur
72495,Paseo de la Arboleda,Conjunto habitacional,Puebla,Puebla,Heroica Puebla de Zaragoza,Urbano,https://postali.app/mx/puebla/puebla/paseo-de-la-arboleda
72495,Punta Real,Fraccionamiento,Puebla,Puebla,Heroica Puebla de Zaragoza,Urbano,https://postali.app/mx/puebla/puebla/punta-real
72495,Real del Lago,Fraccionamiento,Puebla,Puebla,Heroica Puebla de Zaragoza,Urbano,https://postali.app/mx/puebla/puebla/real-del-lago
72495,San Juan Bautista,Colonia,Puebla,Puebla,Heroica Puebla de Zaragoza,Urbano,https://postali.app/mx/puebla/puebla/san-juan-bautista
72495,San Pedro de las Flores,Colonia,Puebla,Puebla,Heroica Puebla de Zaragoza,Urbano,https://postali.app/mx/puebla/puebla/san-pedro-de-las-flores
72495,Villa Albertina,Colonia,Puebla,Puebla,Heroica Puebla de Zaragoza,Urbano,https://postali.app/mx/puebla/puebla/villa-albertina
72495,Villas del Pedregal,Colonia,Puebla,Puebla,Heroica Puebla de Zaragoza,Urbano,https://postali.app/mx/puebla/puebla/villas-del-pedregal
72495,Villas del Refugio,Fraccionamiento,Puebla,Puebla,Heroica Puebla de Zaragoza,Urbano,https://postali.app/mx/puebla/puebla/villas-del-refugio
72495,Villas Leonor,Colonia,Puebla,Puebla,Heroica Puebla de Zaragoza,Urbano,https://postali.app/mx/puebla/puebla/villas-leonor
72496,Lomas de San Ramón,Colonia,Puebla,Puebla,Heroica Puebla de Zaragoza,Urbano,https://postali.app/mx/puebla/puebla/lomas-de-san-ramon
72497,Ampliación Balcones del sur,Colonia,Puebla,Puebla,Heroica Puebla de Zaragoza,Urbano,https://postali.app/mx/puebla/puebla/ampliacion-balcones-del-sur
72497,Las Chinampas,Colonia,Puebla,Puebla,Heroica Puebla de Zaragoza,Urbano,https://postali.app/mx/puebla/puebla/las-chinampas
72497,Paseos de la Arboleda II,Conjunto habitacional,Puebla,Puebla,Heroica Puebla de Zaragoza,Urbano,https://postali.app/mx/puebla/puebla/paseos-de-la-arboleda-ii
72497,Paseos del Lago,Fraccionamiento,Puebla,Puebla,Heroica Puebla de Zaragoza,Urbano,https://postali.app/mx/puebla/puebla/paseos-del-lago
72497,San Cristóbal,Colonia,Puebla,Puebla,Heroica Puebla de Zaragoza,Urbano,https://postali.app/mx/puebla/puebla/san-cristobal
72498,2 de Octubre,Colonia,Puebla,Puebla,Heroica Puebla de Zaragoza,Urbano,https://postali.app/mx/puebla/puebla/2-de-octubre
72498,Ampliación Jardines de Juan Bosco,Colonia,Puebla,Puebla,Heroica Puebla de Zaragoza,Urbano,https://postali.app/mx/puebla/puebla/ampliacion-jardines-de-juan-bosco
72498,Ampliación Valle del Paraíso,Colonia,Puebla,Puebla,Heroica Puebla de Zaragoza,Urbano,https://postali.app/mx/puebla/puebla/ampliacion-valle-del-paraiso
72498,Bosques de la Cañada,Colonia,Puebla,Puebla,Heroica Puebla de Zaragoza,Urbano,https://postali.app/mx/puebla/puebla/bosques-de-la-canada
72498,Educadores,Colonia,Puebla,Puebla,Heroica Puebla de Zaragoza,Urbano,https://postali.app/mx/puebla/puebla/educadores
72498,El Carruaje,Fraccionamiento,Puebla,Puebla,Heroica Puebla de Zaragoza,Urbano,https://postali.app/mx/puebla/puebla/el-carruaje
72498,El Castillo,Colonia,Puebla,Puebla,Heroica Puebla de Zaragoza,Urbano,https://postali.app/mx/puebla/puebla/el-castillo
72498,Federación Cetemista,Fraccionamiento,Puebla,Puebla,Heroica Puebla de Zaragoza,Urbano,https://postali.app/mx/puebla/puebla/federacion-cetemista
72498,Flor del Sur,Colonia,Puebla,Puebla,Heroica Puebla de Zaragoza,Urbano,https://postali.app/mx/puebla/puebla/flor-del-sur
72498,Galaxia Castillotla,Fraccionamiento,Puebla,Puebla,Heroica Puebla de Zaragoza,Urbano,https://postali.app/mx/puebla/puebla/galaxia-castillotla
72498,Geovillas Castillotla,Unidad habitacional,Puebla,Puebla,Heroica Puebla de Zaragoza,Urbano,https://postali.app/mx/puebla/puebla/geovillas-castillotla
72498,Hacienda de Castillotla,Colonia,Puebla,Puebla,Heroica Puebla de Zaragoza,Urbano,https://postali.app/mx/puebla/puebla/hacienda-de-castillotla
72498,Hacienda San Diego,Fraccionamiento,Puebla,Puebla,Heroica Puebla de Zaragoza,Urbano,https://postali.app/mx/puebla/puebla/hacienda-san-diego
72498,Hacienda San Diego 2,Fraccionamiento,Puebla,Puebla,Heroica Puebla de Zaragoza,Urbano,https://postali.app/mx/puebla/puebla/hacienda-san-diego-2
72498,Hacienda Santa Clara,Fraccionamiento,Puebla,Puebla,Heroica Puebla de Zaragoza,Urbano,https://postali.app/mx/puebla/puebla/hacienda-santa-clara
72498,Hacienda Santa Fe,Colonia,Puebla,Puebla,Heroica Puebla de Zaragoza,Urbano,https://postali.app/mx/puebla/puebla/hacienda-santa-fe
72498,INFONAVIT San Ramón,Unidad habitacional,Puebla,Puebla,Heroica Puebla de Zaragoza,Urbano,https://postali.app/mx/puebla/puebla/infonavit-san-ramon
72498,Jardines de Castillotla,Colonia,Puebla,Puebla,Heroica Puebla de Zaragoza,Urbano,https://postali.app/mx/puebla/puebla/jardines-de-castillotla
72498,Jardines de Castillotla,Conjunto habitacional,Puebla,Puebla,Heroica Puebla de Zaragoza,Urbano,https://postali.app/mx/puebla/puebla/jardines-de-castillotla-72498
72498,Jardines de Castillotla 5a. Sección,Colonia,Puebla,Puebla,Heroica Puebla de Zaragoza,Urbano,https://postali.app/mx/puebla/puebla/jardines-de-castillotla-5a-seccion
72498,Jardines de Juan Bosco,Colonia,Puebla,Puebla,Heroica Puebla de Zaragoza,Urbano,https://postali.app/mx/puebla/puebla/jardines-de-juan-bosco
72498,Jardines de San Ramon,Conjunto habitacional,Puebla,Puebla,Heroica Puebla de Zaragoza,Urbano,https://postali.app/mx/puebla/puebla/jardines-de-san-ramon
72498,Jardines de San Ramón,Colonia,Puebla,Puebla,Heroica Puebla de Zaragoza,Urbano,https://postali.app/mx/puebla/puebla/jardines-de-san-ramon-72498
72498,Jardín de los Pinos,Conjunto habitacional,Puebla,Puebla,Heroica Puebla de Zaragoza,Urbano,https://postali.app/mx/puebla/puebla/jardin-de-los-pinos
72498,La Carmelita,Colonia,Puebla,Puebla,Heroica Puebla de Zaragoza,Urbano,https://postali.app/mx/puebla/puebla/la-carmelita
72498,Los Pinos,Conjunto habitacional,Puebla,Puebla,Heroica Puebla de Zaragoza,Urbano,https://postali.app/mx/puebla/puebla/los-pinos-72498
72498,Los Pinos I,Conjunto habitacional,Puebla,Puebla,Heroica Puebla de Zaragoza,Urbano,https://postali.app/mx/puebla/puebla/los-pinos-i
72498,Los Pinos II,Conjunto habitacional,Puebla,Puebla,Heroica Puebla de Zaragoza,Urbano,https://postali.app/mx/puebla/puebla/los-pinos-ii
72498,Los Reyes,Fraccionamiento,Puebla,Puebla,Heroica Puebla de Zaragoza,Urbano,https://postali.app/mx/puebla/puebla/los-reyes
72498,Nueva Jerusalén,Colonia,Puebla,Puebla,Heroica Puebla de Zaragoza,Urbano,https://postali.app/mx/puebla/puebla/nueva-jerusalen
72498,Oceanía,Colonia,Puebla,Puebla,Heroica Puebla de Zaragoza,Urbano,https://postali.app/mx/puebla/puebla/oceania
72498,Paseos de Castillotla,Colonia,Puebla,Puebla,Heroica Puebla de Zaragoza,Urbano,https://postali.app/mx/puebla/puebla/paseos-de-castillotla
72498,Prados del Sur,Fraccionamiento,Puebla,Puebla,Heroica Puebla de Zaragoza,Urbano,https://postali.app/mx/puebla/puebla/prados-del-sur
72498,Real de Castillotla,Colonia,Puebla,Puebla,Heroica Puebla de Zaragoza,Urbano,https://postali.app/mx/puebla/puebla/real-de-castillotla
72498,San Agustín,Colonia,Puebla,Puebla,Heroica Puebla de Zaragoza,Urbano,https://postali.app/mx/puebla/puebla/san-agustin
72498,San Bernabe Temoxtitla,Colonia,Puebla,Puebla,Heroica Puebla de Zaragoza,Urbano,https://postali.app/mx/puebla/puebla/san-bernabe-temoxtitla
72498,San Carlos Castillotla,Fraccionamiento,Puebla,Puebla,Heroica Puebla de Zaragoza,Urbano,https://postali.app/mx/puebla/puebla/san-carlos-castillotla
72498,San Isidro Castillotla,Colonia,Puebla,Puebla,Heroica Puebla de Zaragoza,Urbano,https://postali.app/mx/puebla/puebla/san-isidro-castillotla
72498,San Isidro Castillotla,Fraccionamiento,Puebla,Puebla,Heroica Puebla de Zaragoza,Urbano,https://postali.app/mx/puebla/puebla/san-isidro-castillotla-72498
72498,San Isidro Castillotla Sección A,Colonia,Puebla,Puebla,Heroica Puebla de Zaragoza,Urbano,https://postali.app/mx/puebla/puebla/san-isidro-castillotla-seccion-a
72498,Santa Catarina Coatepec,Colonia,Puebla,Puebla,Heroica Puebla de Zaragoza,Urbano,https://postali.app/mx/puebla/puebla/santa-catarina-coatepec
72498,Santa Isabel Castillotla,Conjunto habitacional,Puebla,Puebla,Heroica Puebla de Zaragoza,Urbano,https://postali.app/mx/puebla/puebla/santa-isabel-castillotla
72498,Valle del Paraíso,Colonia,Puebla,Puebla,Heroica Puebla de Zaragoza,Urbano,https://postali.app/mx/puebla/puebla/valle-del-paraiso
72498,Valle del Sur,Colonia,Puebla,Puebla,Heroica Puebla de Zaragoza,Urbano,https://postali.app/mx/puebla/puebla/valle-del-sur
72498,Villa del Tratado,Conjunto habitacional,Puebla,Puebla,Heroica Puebla de Zaragoza,Urbano,https://postali.app/mx/puebla/puebla/villa-del-tratado
72498,Villas Reales,Conjunto habitacional,Puebla,Puebla,Heroica Puebla de Zaragoza,Urbano,https://postali.app/mx/puebla/puebla/villas-reales
72499,Ampliación Fraternidad Antorchista,Colonia,Puebla,Puebla,Heroica Puebla de Zaragoza,Urbano,https://postali.app/mx/puebla/puebla/ampliacion-fraternidad-antorchista
72499,Balcones del Sur,Colonia,Puebla,Puebla,Heroica Puebla de Zaragoza,Urbano,https://postali.app/mx/puebla/puebla/balcones-del-sur
72499,Cabañas del Lago,Fraccionamiento,Puebla,Puebla,Heroica Puebla de Zaragoza,Urbano,https://postali.app/mx/puebla/puebla/cabanas-del-lago
72499,Constitución Mexicana,Colonia,Puebla,Puebla,Heroica Puebla de Zaragoza,Urbano,https://postali.app/mx/puebla/puebla/constitucion-mexicana
72499,Fraternidad Antorchista,Colonia,Puebla,Puebla,Heroica Puebla de Zaragoza,Urbano,https://postali.app/mx/puebla/puebla/fraternidad-antorchista
72499,Lares de San Alfonso,Conjunto habitacional,Puebla,Puebla,Heroica Puebla de Zaragoza,Urbano,https://postali.app/mx/puebla/puebla/lares-de-san-alfonso
72499,S.N.T.E.,Colonia,Puebla,Puebla,Heroica Puebla de Zaragoza,Urbano,https://postali.app/mx/puebla/puebla/s-n-t-e
72499,Santa Lucia,Colonia,Puebla,Puebla,Heroica Puebla de Zaragoza,Urbano,https://postali.app/mx/puebla/puebla/santa-lucia
72499,Santa Lucia,Conjunto habitacional,Puebla,Puebla,Heroica Puebla de Zaragoza,Urbano,https://postali.app/mx/puebla/puebla/santa-lucia-72499
72499,Valle de Anáhuac,Colonia,Puebla,Puebla,Heroica Puebla de Zaragoza,Urbano,https://postali.app/mx/puebla/puebla/valle-de-anahuac
72499,Valle de San Ignacio,Colonia,Puebla,Puebla,Heroica Puebla de Zaragoza,Urbano,https://postali.app/mx/puebla/puebla/valle-de-san-ignacio
72499,Villa los Encinos,Colonia,Puebla,Puebla,Heroica Puebla de Zaragoza,Urbano,https://postali.app/mx/puebla/puebla/villa-los-encinos
72500,Analco,Barrio,Puebla,Puebla,Heroica Puebla de Zaragoza,Urbano,https://postali.app/mx/puebla/puebla/analco
72500,Banco de Puebla,Colonia,Puebla,Puebla,Heroica Puebla de Zaragoza,Urbano,https://postali.app/mx/puebla/puebla/banco-de-puebla
72500,Bella Vista,Colonia,Puebla,Puebla,Heroica Puebla de Zaragoza,Urbano,https://postali.app/mx/puebla/puebla/bella-vista
72500,San Ángel,Colonia,Puebla,Puebla,Heroica Puebla de Zaragoza,Urbano,https://postali.app/mx/puebla/puebla/san-angel
72501,Azcarate,Colonia,Puebla,Puebla,Heroica Puebla de Zaragoza,Urbano,https://postali.app/mx/puebla/puebla/azcarate
72503,Bandini Sección,Colonia,Puebla,Puebla,Heroica Puebla de Zaragoza,Urbano,https://postali.app/mx/puebla/puebla/bandini-seccion
72504,Plaza Europa,Colonia,Puebla,Puebla,Heroica Puebla de Zaragoza,Urbano,https://postali.app/mx/puebla/puebla/plaza-europa
72505,Álvaro Obregón,Colonia,Puebla,Puebla,Heroica Puebla de Zaragoza,Urbano,https://postali.app/mx/puebla/puebla/alvaro-obregon
72510,José López Portillo (CD.Niños),Colonia,Puebla,Puebla,Heroica Puebla de Zaragoza,Urbano,https://postali.app/mx/puebla/puebla/jose-lopez-portillo-cd-ninos
72510,Seis de Enero,Colonia,Puebla,Puebla,Heroica Puebla de Zaragoza,Urbano,https://postali.app/mx/puebla/puebla/seis-de-enero
72520,Bosques la Calera,Colonia,Puebla,Puebla,Heroica Puebla de Zaragoza,Urbano,https://postali.app/mx/puebla/puebla/bosques-la-calera
72520,El Mirador (La Calera),Colonia,Puebla,Puebla,Heroica Puebla de Zaragoza,Urbano,https://postali.app/mx/puebla/puebla/el-mirador-la-calera
72520,Héroes de Puebla,Colonia,Puebla,Puebla,Heroica Puebla de Zaragoza,Urbano,https://postali.app/mx/puebla/puebla/heroes-de-puebla
72520,Jardines de la Joya,Fraccionamiento,Puebla,Puebla,Heroica Puebla de Zaragoza,Urbano,https://postali.app/mx/puebla/puebla/jardines-de-la-joya
72520,La Calera,Colonia,Puebla,Puebla,Heroica Puebla de Zaragoza,Urbano,https://postali.app/mx/puebla/puebla/la-calera
72520,La Joya,Colonia,Puebla,Puebla,Heroica Puebla de Zaragoza,Urbano,https://postali.app/mx/puebla/puebla/la-joya
72520,Los Pinitos,Colonia,Puebla,Puebla,Heroica Puebla de Zaragoza,Urbano,https://postali.app/mx/puebla/puebla/los-pinitos
72520,Quintas del Bosque,Fraccionamiento,Puebla,Puebla,Heroica Puebla de Zaragoza,Urbano,https://postali.app/mx/puebla/puebla/quintas-del-bosque
72520,Rincones de la Calera,Colonia,Puebla,Puebla,Heroica Puebla de Zaragoza,Urbano,https://postali.app/mx/puebla/puebla/rincones-de-la-calera
72520,Villa Alegre,Colonia,Puebla,Puebla,Heroica Puebla de Zaragoza,Urbano,https://postali.app/mx/puebla/puebla/villa-alegre
72523,Lomas del Pedregal,Fraccionamiento,Puebla,Puebla,Heroica Puebla de Zaragoza,Urbano,https://postali.app/mx/puebla/puebla/lomas-del-pedregal
72530,Anzures,Fraccionamiento,Puebla,Puebla,Heroica Puebla de Zaragoza,Urbano,https://postali.app/mx/puebla/puebla/anzures
72530,El Carmen,Colonia,Puebla,Puebla,Heroica Puebla de Zaragoza,Urbano,https://postali.app/mx/puebla/puebla/el-carmen
72530,El Mirador,Fraccionamiento,Puebla,Puebla,Heroica Puebla de Zaragoza,Urbano,https://postali.app/mx/puebla/puebla/el-mirador
72530,La Tarjeta,Colonia,Puebla,Puebla,Heroica Puebla de Zaragoza,Urbano,https://postali.app/mx/puebla/puebla/la-tarjeta
72530,Ladrillera de Benitez,Colonia,Puebla,Puebla,Heroica Puebla de Zaragoza,Urbano,https://postali.app/mx/puebla/puebla/ladrillera-de-benitez
72530,Plaza Dorada,Zona comercial,Puebla,Puebla,Heroica Puebla de Zaragoza,Urbano,https://postali.app/mx/puebla/puebla/plaza-dorada
72530,Puebla,Fraccionamiento,Puebla,Puebla,Heroica Puebla de Zaragoza,Urbano,https://postali.app/mx/puebla/puebla/puebla-72530
72532,María Luisa,Fraccionamiento,Puebla,Puebla,Heroica Puebla de Zaragoza,Urbano,https://postali.app/mx/puebla/puebla/maria-luisa
72533,Antigua Francisco Villa,Colonia,Puebla,Puebla,Heroica Puebla de Zaragoza,Urbano,https://postali.app/mx/puebla/puebla/antigua-francisco-villa
72533,El Ángel,Colonia,Puebla,Puebla,Heroica Puebla de Zaragoza,Urbano,https://postali.app/mx/puebla/puebla/el-angel
72534,Carmen Huexotitla,Colonia,Puebla,Puebla,Heroica Puebla de Zaragoza,Urbano,https://postali.app/mx/puebla/puebla/carmen-huexotitla
72534,Huexotitla,Colonia,Puebla,Puebla,Heroica Puebla de Zaragoza,Urbano,https://postali.app/mx/puebla/puebla/huexotitla
72538,Motolinia,Colonia,Puebla,Puebla,Heroica Puebla de Zaragoza,Urbano,https://postali.app/mx/puebla/puebla/motolinia
72540,El Esfuerzo Nacional,Colonia,Puebla,Puebla,Heroica Puebla de Zaragoza,Urbano,https://postali.app/mx/puebla/puebla/el-esfuerzo-nacional
72540,INFONAVIT la Flor,Colonia,Puebla,Puebla,Heroica Puebla de Zaragoza,Urbano,https://postali.app/mx/puebla/puebla/infonavit-la-flor
72540,Insurgentes Oriente,Colonia,Puebla,Puebla,Heroica Puebla de Zaragoza,Urbano,https://postali.app/mx/puebla/puebla/insurgentes-oriente
72540,San Ignacio,Conjunto habitacional,Puebla,Puebla,Heroica Puebla de Zaragoza,Urbano,https://postali.app/mx/puebla/puebla/san-ignacio
72540,Santa Mónica,Colonia,Puebla,Puebla,Heroica Puebla de Zaragoza,Urbano,https://postali.app/mx/puebla/puebla/santa-monica
72540,Villa Las Flores,Colonia,Puebla,Puebla,Heroica Puebla de Zaragoza,Urbano,https://postali.app/mx/puebla/puebla/villa-las-flores
72543,Alseseca,Colonia,Puebla,Puebla,Heroica Puebla de Zaragoza,Urbano,https://postali.app/mx/puebla/puebla/alseseca
72550,FOVISSSTE Damisar (San Baltazar Campeche),Fraccionamiento,Puebla,Puebla,Heroica Puebla de Zaragoza,Urbano,https://postali.app/mx/puebla/puebla/fovissste-damisar-san-baltazar-campeche
72550,Insurgentes Centro,Colonia,Puebla,Puebla,Heroica Puebla de Zaragoza,Urbano,https://postali.app/mx/puebla/puebla/insurgentes-centro
72550,Las Palmas,Colonia,Puebla,Puebla,Heroica Puebla de Zaragoza,Urbano,https://postali.app/mx/puebla/puebla/las-palmas
72550,San Baltazar Campeche,Colonia,Puebla,Puebla,Heroica Puebla de Zaragoza,Urbano,https://postali.app/mx/puebla/puebla/san-baltazar-campeche
72550,San Baltazar Lindavista,Colonia,Puebla,Puebla,Heroica Puebla de Zaragoza,Urbano,https://postali.app/mx/puebla/puebla/san-baltazar-lindavista
72560,INFONAVIT la Margarita,Unidad habitacional,Puebla,Puebla,Heroica Puebla de Zaragoza,Urbano,https://postali.app/mx/puebla/puebla/infonavit-la-margarita
72560,Los Pilares,Colonia,Puebla,Puebla,Heroica Puebla de Zaragoza,Urbano,https://postali.app/mx/puebla/puebla/los-pilares
72560,Santa Julia,Colonia,Puebla,Puebla,Heroica Puebla de Zaragoza,Urbano,https://postali.app/mx/puebla/puebla/santa-julia
72560,Unidad Guadalupe,Unidad habitacional,Puebla,Puebla,Heroica Puebla de Zaragoza,Urbano,https://postali.app/mx/puebla/puebla/unidad-guadalupe
72560,Villa San Pablo,Colonia,Puebla,Puebla,Heroica Puebla de Zaragoza,Urbano,https://postali.app/mx/puebla/puebla/villa-san-pablo
72564,Jardines de la Montaña,Fraccionamiento,Puebla,Puebla,Heroica Puebla de Zaragoza,Urbano,https://postali.app/mx/puebla/puebla/jardines-de-la-montana
72564,Los Soles,Fraccionamiento,Puebla,Puebla,Heroica Puebla de Zaragoza,Urbano,https://postali.app/mx/puebla/puebla/los-soles
72564,Villa Satélite Calera,Colonia,Puebla,Puebla,Heroica Puebla de Zaragoza,Urbano,https://postali.app/mx/puebla/puebla/villa-satelite-calera
72565,Arboledas del Sur,Colonia,Puebla,Puebla,Heroica Puebla de Zaragoza,Urbano,https://postali.app/mx/puebla/puebla/arboledas-del-sur
72565,Valle del Sol,Colonia,Puebla,Puebla,Heroica Puebla de Zaragoza,Urbano,https://postali.app/mx/puebla/puebla/valle-del-sol
72567,Las Brisas,Colonia,Puebla,Puebla,Heroica Puebla de Zaragoza,Urbano,https://postali.app/mx/puebla/puebla/las-brisas
72567,Villa Carmel,Colonia,Puebla,Puebla,Heroica Puebla de Zaragoza,Urbano,https://postali.app/mx/puebla/puebla/villa-carmel
72570,22 de Septiembre,Colonia,Puebla,Puebla,Heroica Puebla de Zaragoza,Urbano,https://postali.app/mx/puebla/puebla/22-de-septiembre
72570,Coronel Miguel Auza,Colonia,Puebla,Puebla,Heroica Puebla de Zaragoza,Urbano,https://postali.app/mx/puebla/puebla/coronel-miguel-auza
72570,FOVISSSTE San Manuel,Unidad habitacional,Puebla,Puebla,Heroica Puebla de Zaragoza,Urbano,https://postali.app/mx/puebla/puebla/fovissste-san-manuel
72570,Jardines de San Manuel,Colonia,Puebla,Puebla,Heroica Puebla de Zaragoza,Urbano,https://postali.app/mx/puebla/puebla/jardines-de-san-manuel
72570,La Hacienda,Colonia,Puebla,Puebla,Heroica Puebla de Zaragoza,Urbano,https://postali.app/mx/puebla/puebla/la-hacienda
72573,La Joya (Anexo Lomas San Miguel),Colonia,Puebla,Puebla,Heroica Puebla de Zaragoza,Urbano,https://postali.app/mx/puebla/puebla/la-joya-anexo-lomas-san-miguel
72573,Lomas San Miguel,Colonia,Puebla,Puebla,Heroica Puebla de Zaragoza,Urbano,https://postali.app/mx/puebla/puebla/lomas-san-miguel
72574,Britania La Calera,Fraccionamiento,Puebla,Puebla,Heroica Puebla de Zaragoza,Urbano,https://postali.app/mx/puebla/puebla/britania-la-calera
72574,Heritage II,Conjunto habitacional,Puebla,Puebla,Heroica Puebla de Zaragoza,Urbano,https://postali.app/mx/puebla/puebla/heritage-ii
72574,Jardines de Saint Germain,Fraccionamiento,Puebla,Puebla,Heroica Puebla de Zaragoza,Urbano,https://postali.app/mx/puebla/puebla/jardines-de-saint-germain
72574,Lomas del Mármol,Colonia,Puebla,Puebla,Heroica Puebla de Zaragoza,Urbano,https://postali.app/mx/puebla/puebla/lomas-del-marmol
72575,Heritage I,Conjunto habitacional,Puebla,Puebla,Heroica Puebla de Zaragoza,Urbano,https://postali.app/mx/puebla/puebla/heritage-i
72575,Lomas del Ángel,Conjunto habitacional,Puebla,Puebla,Heroica Puebla de Zaragoza,Urbano,https://postali.app/mx/puebla/puebla/lomas-del-angel
72575,Lomas San Alfonso,Colonia,Puebla,Puebla,Heroica Puebla de Zaragoza,Urbano,https://postali.app/mx/puebla/puebla/lomas-san-alfonso
72575,Paseos del Bosque,Fraccionamiento,Puebla,Puebla,Heroica Puebla de Zaragoza,Urbano,https://postali.app/mx/puebla/puebla/paseos-del-bosque
72575,Santa María La Calera,Fraccionamiento,Puebla,Puebla,Heroica Puebla de Zaragoza,Urbano,https://postali.app/mx/puebla/puebla/santa-maria-la-calera
72575,Santa María la Calera,Colonia,Puebla,Puebla,Heroica Puebla de Zaragoza,Urbano,https://postali.app/mx/puebla/puebla/santa-maria-la-calera-72575
72580,Bugambilias,Colonia,Puebla,Puebla,Heroica Puebla de Zaragoza,Urbano,https://postali.app/mx/puebla/puebla/bugambilias-72580
72580,Fundadores,Conjunto habitacional,Puebla,Puebla,Heroica Puebla de Zaragoza,Urbano,https://postali.app/mx/puebla/puebla/fundadores
72580,Lagulena,Colonia,Puebla,Puebla,Heroica Puebla de Zaragoza,Urbano,https://postali.app/mx/puebla/puebla/lagulena
72580,Los Gavilanes,Colonia,Puebla,Puebla,Heroica Puebla de Zaragoza,Urbano,https://postali.app/mx/puebla/puebla/los-gavilanes
72580,San Ezequiel,Fraccionamiento,Puebla,Puebla,Heroica Puebla de Zaragoza,Urbano,https://postali.app/mx/puebla/puebla/san-ezequiel
72580,Vesta Hera,Fraccionamiento,Puebla,Puebla,Heroica Puebla de Zaragoza,Urbano,https://postali.app/mx/puebla/puebla/vesta-hera
72582,Las Aves,Colonia,Puebla,Puebla,Heroica Puebla de Zaragoza,Urbano,https://postali.app/mx/puebla/puebla/las-aves
72582,Las Coloradas,Colonia,Puebla,Puebla,Heroica Puebla de Zaragoza,Urbano,https://postali.app/mx/puebla/puebla/las-coloradas
72583,Alcanfores,Fraccionamiento,Puebla,Puebla,Heroica Puebla de Zaragoza,Urbano,https://postali.app/mx/puebla/puebla/alcanfores
72583,Los Caprichos,Fraccionamiento,Puebla,Puebla,Heroica Puebla de Zaragoza,Urbano,https://postali.app/mx/puebla/puebla/los-caprichos
72583,Los Faisanes,Fraccionamiento,Puebla,Puebla,Heroica Puebla de Zaragoza,Urbano,https://postali.app/mx/puebla/puebla/los-faisanes
72583,Rancho San José Xilotzingo,Colonia,Puebla,Puebla,Heroica Puebla de Zaragoza,Urbano,https://postali.app/mx/puebla/puebla/rancho-san-jose-xilotzingo
72583,Residencial Xilotzingo,Fraccionamiento,Puebla,Puebla,Heroica Puebla de Zaragoza,Urbano,https://postali.app/mx/puebla/puebla/residencial-xilotzingo
72583,San Juan Xilotzingo,Fraccionamiento,Puebla,Puebla,Heroica Puebla de Zaragoza,Urbano,https://postali.app/mx/puebla/puebla/san-juan-xilotzingo
72583,San Luis,Fraccionamiento,Puebla,Puebla,Heroica Puebla de Zaragoza,Urbano,https://postali.app/mx/puebla/puebla/san-luis
72583,San Rafael Xilotzingo,Fraccionamiento,Puebla,Puebla,Heroica Puebla de Zaragoza,Urbano,https://postali.app/mx/puebla/puebla/san-rafael-xilotzingo
72584,Exhacienda Chapulco,Colonia,Puebla,Puebla,Heroica Puebla de Zaragoza,Urbano,https://postali.app/mx/puebla/puebla/exhacienda-chapulco
72584,Jardines de Santiago,Colonia,Puebla,Puebla,Heroica Puebla de Zaragoza,Urbano,https://postali.app/mx/puebla/puebla/jardines-de-santiago
72584,Los Tenores,Conjunto habitacional,Puebla,Puebla,Heroica Puebla de Zaragoza,Urbano,https://postali.app/mx/puebla/puebla/los-tenores
72584,Residencial Jheshed,Fraccionamiento,Puebla,Puebla,Heroica Puebla de Zaragoza,Urbano,https://postali.app/mx/puebla/puebla/residencial-jheshed
72587,Granjas San Isidro,Colonia,Puebla,Puebla,Heroica Puebla de Zaragoza,Urbano,https://postali.app/mx/puebla/puebla/granjas-san-isidro
72587,INFONAVIT San Jorge,Unidad habitacional,Puebla,Puebla,Heroica Puebla de Zaragoza,Urbano,https://postali.app/mx/puebla/puebla/infonavit-san-jorge
72587,La Mora,Colonia,Puebla,Puebla,Heroica Puebla de Zaragoza,Urbano,https://postali.app/mx/puebla/puebla/la-mora
72587,Residencial del Parque,Fraccionamiento,Puebla,Puebla,Heroica Puebla de Zaragoza,Urbano,https://postali.app/mx/puebla/puebla/residencial-del-parque
72589,Universidades,Colonia,Puebla,Puebla,Heroica Puebla de Zaragoza,Urbano,https://postali.app/mx/puebla/puebla/universidades
72589,Villa Universitaria,Colonia,Puebla,Puebla,Heroica Puebla de Zaragoza,Urbano,https://postali.app/mx/puebla/puebla/villa-universitaria
72590,Arboledas de San Ignacio,Fraccionamiento,Puebla,Puebla,Heroica Puebla de Zaragoza,Urbano,https://postali.app/mx/puebla/puebla/arboledas-de-san-ignacio
72590,Barrios de Arboledas,Fraccionamiento,Puebla,Puebla,Heroica Puebla de Zaragoza,Urbano,https://postali.app/mx/puebla/puebla/barrios-de-arboledas
72590,Bosques de los Héroes,Conjunto habitacional,Puebla,Puebla,Heroica Puebla de Zaragoza,Urbano,https://postali.app/mx/puebla/puebla/bosques-de-los-heroes
72590,Hacienda San José,Unidad habitacional,Puebla,Puebla,Heroica Puebla de Zaragoza,Urbano,https://postali.app/mx/puebla/puebla/hacienda-san-jose
72590,INFONAVIT Luis N. Morones,Colonia,Puebla,Puebla,Heroica Puebla de Zaragoza,Urbano,https://postali.app/mx/puebla/puebla/infonavit-luis-n-morones
72590,Las Glorias,Colonia,Puebla,Puebla,Heroica Puebla de Zaragoza,Urbano,https://postali.app/mx/puebla/puebla/las-glorias
72590,Los Héroes de Puebla,Fraccionamiento,Puebla,Puebla,Heroica Puebla de Zaragoza,Urbano,https://postali.app/mx/puebla/puebla/los-heroes-de-puebla
72590,San José Carpintero,Fraccionamiento,Puebla,Puebla,Heroica Puebla de Zaragoza,Urbano,https://postali.app/mx/puebla/puebla/san-jose-carpintero
72590,San Miguel,Colonia,Puebla,Puebla,Heroica Puebla de Zaragoza,Urbano,https://postali.app/mx/puebla/puebla/san-miguel
72590,San Miguel Guadalupe,Colonia,Puebla,Puebla,Heroica Puebla de Zaragoza,Urbano,https://postali.app/mx/puebla/puebla/san-miguel-guadalupe
72590,Universidad,Colonia,Puebla,Puebla,Heroica Puebla de Zaragoza,Urbano,https://postali.app/mx/puebla/puebla/universidad
72590,Universitaria,Fraccionamiento,Puebla,Puebla,Heroica Puebla de Zaragoza,Urbano,https://postali.app/mx/puebla/puebla/universitaria
72590,Villas Periférico,Unidad habitacional,Puebla,Puebla,Heroica Puebla de Zaragoza,Urbano,https://postali.app/mx/puebla/puebla/villas-periferico
72592,Ciudad Universitaria,Equipamiento,Puebla,Puebla,Heroica Puebla de Zaragoza,Urbano,https://postali.app/mx/puebla/puebla/ciudad-universitaria
72593,Geovillas Los Encinos,Fraccionamiento,Puebla,Puebla,Heroica Puebla de Zaragoza,Urbano,https://postali.app/mx/puebla/puebla/geovillas-los-encinos
72593,INFONAVIT San José Xilotzingo,Fraccionamiento,Puebla,Puebla,Heroica Puebla de Zaragoza,Urbano,https://postali.app/mx/puebla/puebla/infonavit-san-jose-xilotzingo
72593,Magisterial,Unidad habitacional,Puebla,Puebla,Heroica Puebla de Zaragoza,Urbano,https://postali.app/mx/puebla/puebla/magisterial
72593,Rincón de San Ignacio,Conjunto habitacional,Puebla,Puebla,Heroica Puebla de Zaragoza,Urbano,https://postali.app/mx/puebla/puebla/rincon-de-san-ignacio
72593,S.A.R.H. Xilotzingo,Fraccionamiento,Puebla,Puebla,Heroica Puebla de Zaragoza,Urbano,https://postali.app/mx/puebla/puebla/s-a-r-h-xilotzingo
72594,Vista Alegre,Fraccionamiento,Puebla,Puebla,Heroica Puebla de Zaragoza,Urbano,https://postali.app/mx/puebla/puebla/vista-alegre
72595,18 de Marzo,Colonia,Puebla,Puebla,Heroica Puebla de Zaragoza,Urbano,https://postali.app/mx/puebla/puebla/18-de-marzo
72595,Arboledas de Xilotzingo,Colonia,Puebla,Puebla,Heroica Puebla de Zaragoza,Urbano,https://postali.app/mx/puebla/puebla/arboledas-de-xilotzingo
72595,Artículo Primero Constitucional,Colonia,Puebla,Puebla,Heroica Puebla de Zaragoza,Urbano,https://postali.app/mx/puebla/puebla/articulo-primero-constitucional
72595,Barrios de Santa Catarina,Conjunto habitacional,Puebla,Puebla,Heroica Puebla de Zaragoza,Urbano,https://postali.app/mx/puebla/puebla/barrios-de-santa-catarina
72595,Belén,Colonia,Puebla,Puebla,Heroica Puebla de Zaragoza,Urbano,https://postali.app/mx/puebla/puebla/belen
72595,Camino Real,Fraccionamiento,Puebla,Puebla,Heroica Puebla de Zaragoza,Urbano,https://postali.app/mx/puebla/puebla/camino-real
72595,Campestre del Valle,Colonia,Puebla,Puebla,Heroica Puebla de Zaragoza,Urbano,https://postali.app/mx/puebla/puebla/campestre-del-valle
72595,Ex-Hacienda del Ángel,Fraccionamiento,Puebla,Puebla,Heroica Puebla de Zaragoza,Urbano,https://postali.app/mx/puebla/puebla/ex-hacienda-del-angel
72595,Framboyanes,Fraccionamiento,Puebla,Puebla,Heroica Puebla de Zaragoza,Urbano,https://postali.app/mx/puebla/puebla/framboyanes
72595,Galaxia la Calera,Fraccionamiento,Puebla,Puebla,Heroica Puebla de Zaragoza,Urbano,https://postali.app/mx/puebla/puebla/galaxia-la-calera
72595,Guadalupe,Colonia,Puebla,Puebla,Heroica Puebla de Zaragoza,Urbano,https://postali.app/mx/puebla/puebla/guadalupe
72595,Guadalupe,Condominio,Puebla,Puebla,Heroica Puebla de Zaragoza,Urbano,https://postali.app/mx/puebla/puebla/guadalupe-72595
72595,Guadalupe Tlatelpa,Barrio,Puebla,Puebla,Heroica Puebla de Zaragoza,Urbano,https://postali.app/mx/puebla/puebla/guadalupe-tlatelpa
72595,Insurgente Guerrero,Colonia,Puebla,Puebla,Heroica Puebla de Zaragoza,Urbano,https://postali.app/mx/puebla/puebla/insurgente-guerrero
72595,Juan Pablo II,Fraccionamiento,Puebla,Puebla,Heroica Puebla de Zaragoza,Urbano,https://postali.app/mx/puebla/puebla/juan-pablo-ii
72595,La Asunción (San Francisco Totimehuacan),Barrio,Puebla,Puebla,Heroica Puebla de Zaragoza,Urbano,https://postali.app/mx/puebla/puebla/la-asuncion-san-francisco-totimehuacan
72595,La Guadalupana,Conjunto habitacional,Puebla,Puebla,Heroica Puebla de Zaragoza,Urbano,https://postali.app/mx/puebla/puebla/la-guadalupana-72595
72595,Lomas de Santa Catarina,Colonia,Puebla,Puebla,Heroica Puebla de Zaragoza,Urbano,https://postali.app/mx/puebla/puebla/lomas-de-santa-catarina
72595,Lomas del Valle,Fraccionamiento,Puebla,Puebla,Heroica Puebla de Zaragoza,Urbano,https://postali.app/mx/puebla/puebla/lomas-del-valle
72595,Los Caballos,Colonia,Puebla,Puebla,Heroica Puebla de Zaragoza,Urbano,https://postali.app/mx/puebla/puebla/los-caballos
72595,Los Reyes (San Francisco Totimehuacan),Barrio,Puebla,Puebla,Heroica Puebla de Zaragoza,Urbano,https://postali.app/mx/puebla/puebla/los-reyes-san-francisco-totimehuacan
72595,María Auxiliadora,Colonia,Puebla,Puebla,Heroica Puebla de Zaragoza,Urbano,https://postali.app/mx/puebla/puebla/maria-auxiliadora
72595,Patria Nueva,Colonia,Puebla,Puebla,Heroica Puebla de Zaragoza,Urbano,https://postali.app/mx/puebla/puebla/patria-nueva
72595,Quetzalcoatl 1a. Sección,Colonia,Puebla,Puebla,Heroica Puebla de Zaragoza,Urbano,https://postali.app/mx/puebla/puebla/quetzalcoatl-1a-seccion
72595,Quetzalcoatl 2a. Sección,Colonia,Puebla,Puebla,Heroica Puebla de Zaragoza,Urbano,https://postali.app/mx/puebla/puebla/quetzalcoatl-2a-seccion
72595,Resurgimiento Atotonilco,Colonia,Puebla,Puebla,Heroica Puebla de Zaragoza,Urbano,https://postali.app/mx/puebla/puebla/resurgimiento-atotonilco
72595,San Antonio Arenillas,Colonia,Puebla,Puebla,Heroica Puebla de Zaragoza,Urbano,https://postali.app/mx/puebla/puebla/san-antonio-arenillas
72595,San Francisco Totimehuacan,Pueblo,Puebla,Puebla,Heroica Puebla de Zaragoza,Urbano,https://postali.app/mx/puebla/puebla/san-francisco-totimehuacan
72595,San Juan (San Francisco Totimehuacan),Barrio,Puebla,Puebla,Heroica Puebla de Zaragoza,Urbano,https://postali.app/mx/puebla/puebla/san-juan-san-francisco-totimehuacan
72595,San Lorenzo,Conjunto habitacional,Puebla,Puebla,Heroica Puebla de Zaragoza,Urbano,https://postali.app/mx/puebla/puebla/san-lorenzo
72595,San Miguel,Barrio,Puebla,Puebla,Heroica Puebla de Zaragoza,Urbano,https://postali.app/mx/puebla/puebla/san-miguel-72595
72595,San Miguel la Venta,Colonia,Puebla,Puebla,Heroica Puebla de Zaragoza,Urbano,https://postali.app/mx/puebla/puebla/san-miguel-la-venta
72595,Santa Catarina,Colonia,Puebla,Puebla,Heroica Puebla de Zaragoza,Urbano,https://postali.app/mx/puebla/puebla/santa-catarina
72595,Santa Catarina (San Francisco Totimehuacan),Barrio,Puebla,Puebla,Heroica Puebla de Zaragoza,Urbano,https://postali.app/mx/puebla/puebla/santa-catarina-san-francisco-totimehuacan
72595,Santa Clara la Venta,Barrio,Puebla,Puebla,Heroica Puebla de Zaragoza,Urbano,https://postali.app/mx/puebla/puebla/santa-clara-la-venta
72595,Santo Tomás Chautla,Pueblo,Puebla,Puebla,Heroica Puebla de Zaragoza,Urbano,https://postali.app/mx/puebla/puebla/santo-tomas-chautla
72595,Santo Tomás Chautla (Ixcobenta),Colonia,Puebla,Puebla,Heroica Puebla de Zaragoza,Urbano,https://postali.app/mx/puebla/puebla/santo-tomas-chautla-ixcobenta
72595,Terrazas Santa Catarina,Conjunto habitacional,Puebla,Puebla,Heroica Puebla de Zaragoza,Urbano,https://postali.app/mx/puebla/puebla/terrazas-santa-catarina
72595,Tres Cruces,Colonia,Puebla,Puebla,Heroica Puebla de Zaragoza,Urbano,https://postali.app/mx/puebla/puebla/tres-cruces
72595,Villas California,Colonia,Puebla,Puebla,Heroica Puebla de Zaragoza,Urbano,https://postali.app/mx/puebla/puebla/villas-california
72595,Villas del Lago,Colonia,Puebla,Puebla,Heroica Puebla de Zaragoza,Urbano,https://postali.app/mx/puebla/puebla/villas-del-lago
72596,Calderón (Crucero el Oásis),Fraccionamiento,Puebla,Puebla,Heroica Puebla de Zaragoza,Urbano,https://postali.app/mx/puebla/puebla/calderon-crucero-el-oasis
72596,Guadalupe Victoria Valsequillo,Colonia,Puebla,Puebla,Heroica Puebla de Zaragoza,Urbano,https://postali.app/mx/puebla/puebla/guadalupe-victoria-valsequillo
72596,Las Brisas Valsequillo,Colonia,Puebla,Puebla,Heroica Puebla de Zaragoza,Urbano,https://postali.app/mx/puebla/puebla/las-brisas-valsequillo
72596,San Juan Tetepa,Colonia,Puebla,Puebla,Heroica Puebla de Zaragoza,Urbano,https://postali.app/mx/puebla/puebla/san-juan-tetepa
72596,San Marcos,Colonia,Puebla,Puebla,Heroica Puebla de Zaragoza,Urbano,https://postali.app/mx/puebla/puebla/san-marcos
72597,Bosques de Chapultepec,Fraccionamiento,Puebla,Puebla,Heroica Puebla de Zaragoza,Urbano,https://postali.app/mx/puebla/puebla/bosques-de-chapultepec
72599,Banus,Pueblo,Puebla,Puebla,Heroica Puebla de Zaragoza,Urbano,https://postali.app/mx/puebla/puebla/banus
72600,Tlaltenango,Pueblo,Tlaltenango,Puebla,,Rural,https://postali.app/mx/puebla/tlaltenango/tlaltenango
72620,San Miguel Xoxtla,Pueblo,San Miguel Xoxtla,Puebla,,Rural,https://postali.app/mx/puebla/san-miguel-xoxtla/san-miguel-xoxtla
72623,Del Carmen,Barrio,San Miguel Xoxtla,Puebla,,Rural,https://postali.app/mx/puebla/san-miguel-xoxtla/del-carmen
72623,San José,Colonia,San Miguel Xoxtla,Puebla,,Rural,https://postali.app/mx/puebla/san-miguel-xoxtla/san-jose
72640,Cuanalá,Pueblo,Juan C. Bonilla,Puebla,,Rural,https://postali.app/mx/puebla/juan-c-bonilla/cuanala
72660,Santa María Zacatepec,Pueblo,Juan C. Bonilla,Puebla,,Rural,https://postali.app/mx/puebla/juan-c-bonilla/santa-maria-zacatepec
72665,San Lucas Nextetelco,Pueblo,Juan C. Bonilla,Puebla,,Rural,https://postali.app/mx/puebla/juan-c-bonilla/san-lucas-nextetelco
72668,José Ángeles,Colonia,Juan C. Bonilla,Puebla,,Rural,https://postali.app/mx/puebla/juan-c-bonilla/jose-angeles
72669,San Gabriel Ometoxtla,Pueblo,Juan C. Bonilla,Puebla,,Rural,https://postali.app/mx/puebla/juan-c-bonilla/san-gabriel-ometoxtla
72670,Analco,Colonia,Coronango,Puebla,,Rural,https://postali.app/mx/puebla/coronango/analco
72670,Las Barrancas,Colonia,Coronango,Puebla,,Rural,https://postali.app/mx/puebla/coronango/las-barrancas
72670,San Antonio,Colonia,Coronango,Puebla,,Urbano,https://postali.app/mx/puebla/coronango/san-antonio
72670,San Antonio Mihuacan,Pueblo,Coronango,Puebla,,Rural,https://postali.app/mx/puebla/coronango/san-antonio-mihuacan
72670,Santa María Coronango,Pueblo,Coronango,Puebla,,Rural,https://postali.app/mx/puebla/coronango/santa-maria-coronango
72680,San Francisco Ocotlán (Ocotlán),Pueblo,Coronango,Puebla,,Rural,https://postali.app/mx/puebla/coronango/san-francisco-ocotlan-ocotlan
72683,Campestre El Pilar,Fraccionamiento,Coronango,Puebla,,Rural,https://postali.app/mx/puebla/coronango/campestre-el-pilar
72683,Dolce Bianca,Fraccionamiento,Coronango,Puebla,,Rural,https://postali.app/mx/puebla/coronango/dolce-bianca
72683,San Carlos,Fraccionamiento,Coronango,Puebla,,Rural,https://postali.app/mx/puebla/coronango/san-carlos
72683,San Fernando,Fraccionamiento,Coronango,Puebla,,Rural,https://postali.app/mx/puebla/coronango/san-fernando
72683,Tres Cantos Residencial,Fraccionamiento,Coronango,Puebla,,Rural,https://postali.app/mx/puebla/coronango/tres-cantos-residencial
72684,Bosques San Lorenzo,Fraccionamiento,Coronango,Puebla,,Rural,https://postali.app/mx/puebla/coronango/bosques-san-lorenzo
72684,Curitiba,Fraccionamiento,Coronango,Puebla,,Rural,https://postali.app/mx/puebla/coronango/curitiba
72684,El Llano,Fraccionamiento,Coronango,Puebla,,Rural,https://postali.app/mx/puebla/coronango/el-llano
72684,Magnolias,Fraccionamiento,Coronango,Puebla,,Rural,https://postali.app/mx/puebla/coronango/magnolias
72684,Puerto Madero,Fraccionamiento,Coronango,Puebla,,Rural,https://postali.app/mx/puebla/coronango/puerto-madero
72684,Rinconada Cuautlancingo,Fraccionamiento,Coronango,Puebla,,Rural,https://postali.app/mx/puebla/coronango/rinconada-cuautlancingo
72684,Villas Diamante,Fraccionamiento,Coronango,Puebla,,Rural,https://postali.app/mx/puebla/coronango/villas-diamante
72685,San Martín Zoquiapan,Pueblo,Coronango,Puebla,,Rural,https://postali.app/mx/puebla/coronango/san-martin-zoquiapan
72700,Ameyal,Fraccionamiento,Cuautlancingo,Puebla,Cuautlancingo,Urbano,https://postali.app/mx/puebla/cuautlancingo/ameyal
72700,El Sauzal Residencial,Fraccionamiento,Cuautlancingo,Puebla,Cuautlancingo,Urbano,https://postali.app/mx/puebla/cuautlancingo/el-sauzal-residencial
72700,Fuentes del Molino,Fraccionamiento,Cuautlancingo,Puebla,Cuautlancingo,Urbano,https://postali.app/mx/puebla/cuautlancingo/fuentes-del-molino
72700,Fuentes del Molino Sección Arboledas,Fraccionamiento,Cuautlancingo,Puebla,Cuautlancingo,Urbano,https://postali.app/mx/puebla/cuautlancingo/fuentes-del-molino-seccion-arboledas
72700,José Miguel,Fraccionamiento,Cuautlancingo,Puebla,Cuautlancingo,Urbano,https://postali.app/mx/puebla/cuautlancingo/jose-miguel
72700,La Joya,Fraccionamiento,Cuautlancingo,Puebla,Cuautlancingo,Urbano,https://postali.app/mx/puebla/cuautlancingo/la-joya
72700,La Joya,Colonia,Cuautlancingo,Puebla,Cuautlancingo,Urbano,https://postali.app/mx/puebla/cuautlancingo/la-joya-72700
72700,La Noria,Conjunto habitacional,Cuautlancingo,Puebla,Cuautlancingo,Urbano,https://postali.app/mx/puebla/cuautlancingo/la-noria
72700,La Quinta,Fraccionamiento,Cuautlancingo,Puebla,Cuautlancingo,Urbano,https://postali.app/mx/puebla/cuautlancingo/la-quinta
72700,Los Frailes,Fraccionamiento,Cuautlancingo,Puebla,Cuautlancingo,Urbano,https://postali.app/mx/puebla/cuautlancingo/los-frailes
72700,México-Puebla,Conjunto habitacional,Cuautlancingo,Puebla,Cuautlancingo,Urbano,https://postali.app/mx/puebla/cuautlancingo/mexico-puebla
72700,Palermo Residencial,Fraccionamiento,Cuautlancingo,Puebla,Cuautlancingo,Urbano,https://postali.app/mx/puebla/cuautlancingo/palermo-residencial
72700,Quecholantla,Conjunto habitacional,Cuautlancingo,Puebla,Cuautlancingo,Urbano,https://postali.app/mx/puebla/cuautlancingo/quecholantla
72700,Residencial Anturios,Fraccionamiento,Cuautlancingo,Puebla,Cuautlancingo,Urbano,https://postali.app/mx/puebla/cuautlancingo/residencial-anturios
72700,Residencial Bugambilias,Fraccionamiento,Cuautlancingo,Puebla,Cuautlancingo,Urbano,https://postali.app/mx/puebla/cuautlancingo/residencial-bugambilias
72700,Residencial Cipreses,Fraccionamiento,Cuautlancingo,Puebla,Cuautlancingo,Urbano,https://postali.app/mx/puebla/cuautlancingo/residencial-cipreses
72700,Residencial El Sauce,Fraccionamiento,Cuautlancingo,Puebla,Cuautlancingo,Urbano,https://postali.app/mx/puebla/cuautlancingo/residencial-el-sauce
72700,Residencial Los Colorines,Fraccionamiento,Cuautlancingo,Puebla,Cuautlancingo,Urbano,https://postali.app/mx/puebla/cuautlancingo/residencial-los-colorines
72700,San Juan Cuautlancingo,Pueblo,Cuautlancingo,Puebla,Cuautlancingo,Urbano,https://postali.app/mx/puebla/cuautlancingo/san-juan-cuautlancingo
72700,San Miguel,Conjunto habitacional,Cuautlancingo,Puebla,Cuautlancingo,Urbano,https://postali.app/mx/puebla/cuautlancingo/san-miguel
72700,Villas Casco Viejo,Fraccionamiento,Cuautlancingo,Puebla,Cuautlancingo,Urbano,https://postali.app/mx/puebla/cuautlancingo/villas-casco-viejo
72700,Villas de la Hacienda,Fraccionamiento,Cuautlancingo,Puebla,Cuautlancingo,Urbano,https://postali.app/mx/puebla/cuautlancingo/villas-de-la-hacienda
72700,Villas de San Facundo,Conjunto habitacional,Cuautlancingo,Puebla,Cuautlancingo,Urbano,https://postali.app/mx/puebla/cuautlancingo/villas-de-san-facundo
72700,Villas del Alto,Conjunto habitacional,Cuautlancingo,Puebla,Cuautlancingo,Urbano,https://postali.app/mx/puebla/cuautlancingo/villas-del-alto
72700,Villas el Marqués,Fraccionamiento,Cuautlancingo,Puebla,Cuautlancingo,Urbano,https://postali.app/mx/puebla/cuautlancingo/villas-el-marques
72700,Villas la Escondida,Condominio,Cuautlancingo,Puebla,Cuautlancingo,Urbano,https://postali.app/mx/puebla/cuautlancingo/villas-la-escondida
72700,Villas San Juan,Conjunto habitacional,Cuautlancingo,Puebla,Cuautlancingo,Urbano,https://postali.app/mx/puebla/cuautlancingo/villas-san-juan
72700,Virreyes,Fraccionamiento,Cuautlancingo,Puebla,Cuautlancingo,Urbano,https://postali.app/mx/puebla/cuautlancingo/virreyes
72700,Xalatla,Barrio,Cuautlancingo,Puebla,Cuautlancingo,Urbano,https://postali.app/mx/puebla/cuautlancingo/xalatla
72700,Ángeles,Fraccionamiento,Cuautlancingo,Puebla,Cuautlancingo,Urbano,https://postali.app/mx/puebla/cuautlancingo/angeles
72702,Caltiare,Fraccionamiento,Cuautlancingo,Puebla,Cuautlancingo,Urbano,https://postali.app/mx/puebla/cuautlancingo/caltiare
72702,Cartagena Residencial,Fraccionamiento,Cuautlancingo,Puebla,Cuautlancingo,Urbano,https://postali.app/mx/puebla/cuautlancingo/cartagena-residencial
72702,Castello 2,Fraccionamiento,Cuautlancingo,Puebla,Cuautlancingo,Urbano,https://postali.app/mx/puebla/cuautlancingo/castello-2
72702,Castello 3,Fraccionamiento,Cuautlancingo,Puebla,Cuautlancingo,Urbano,https://postali.app/mx/puebla/cuautlancingo/castello-3
72702,Castello Residencial,Fraccionamiento,Cuautlancingo,Puebla,Cuautlancingo,Urbano,https://postali.app/mx/puebla/cuautlancingo/castello-residencial
72702,El Carmen,Colonia,Cuautlancingo,Puebla,Cuautlancingo,Urbano,https://postali.app/mx/puebla/cuautlancingo/el-carmen
72702,Encinos,Fraccionamiento,Cuautlancingo,Puebla,Cuautlancingo,Urbano,https://postali.app/mx/puebla/cuautlancingo/encinos
72702,Estrella del Mar,Colonia,Cuautlancingo,Puebla,Cuautlancingo,Urbano,https://postali.app/mx/puebla/cuautlancingo/estrella-del-mar
72702,Hacienda de los Fresnos,Fraccionamiento,Cuautlancingo,Puebla,Cuautlancingo,Urbano,https://postali.app/mx/puebla/cuautlancingo/hacienda-de-los-fresnos
72702,Hacienda Juan Carlos,Fraccionamiento,Cuautlancingo,Puebla,Cuautlancingo,Urbano,https://postali.app/mx/puebla/cuautlancingo/hacienda-juan-carlos
72702,Hacienda Los Rosales,Condominio,Cuautlancingo,Puebla,Cuautlancingo,Urbano,https://postali.app/mx/puebla/cuautlancingo/hacienda-los-rosales
72702,Hacienda San Rafael,Fraccionamiento,Cuautlancingo,Puebla,Cuautlancingo,Urbano,https://postali.app/mx/puebla/cuautlancingo/hacienda-san-rafael
72702,Hacienda Santa Teresa,Fraccionamiento,Cuautlancingo,Puebla,Cuautlancingo,Urbano,https://postali.app/mx/puebla/cuautlancingo/hacienda-santa-teresa
72702,La Cumbre,Fraccionamiento,Cuautlancingo,Puebla,Cuautlancingo,Urbano,https://postali.app/mx/puebla/cuautlancingo/la-cumbre
72702,La Cumbre II,Fraccionamiento,Cuautlancingo,Puebla,Cuautlancingo,Urbano,https://postali.app/mx/puebla/cuautlancingo/la-cumbre-ii
72702,Lomas de Zayavedra,Conjunto habitacional,Cuautlancingo,Puebla,Cuautlancingo,Urbano,https://postali.app/mx/puebla/cuautlancingo/lomas-de-zayavedra
72702,Monte Carlo,Conjunto habitacional,Cuautlancingo,Puebla,Cuautlancingo,Urbano,https://postali.app/mx/puebla/cuautlancingo/monte-carlo
72702,Parque San Rafael,Condominio,Cuautlancingo,Puebla,Cuautlancingo,Urbano,https://postali.app/mx/puebla/cuautlancingo/parque-san-rafael
72702,San Agustín V,Fraccionamiento,Cuautlancingo,Puebla,Cuautlancingo,Urbano,https://postali.app/mx/puebla/cuautlancingo/san-agustin-v
72702,San Agustín VI,Fraccionamiento,Cuautlancingo,Puebla,Cuautlancingo,Urbano,https://postali.app/mx/puebla/cuautlancingo/san-agustin-vi
72702,San Isidro Residencial,Fraccionamiento,Cuautlancingo,Puebla,Cuautlancingo,Urbano,https://postali.app/mx/puebla/cuautlancingo/san-isidro-residencial
72702,San Mateo,Fraccionamiento,Cuautlancingo,Puebla,Cuautlancingo,Urbano,https://postali.app/mx/puebla/cuautlancingo/san-mateo
72702,Santa María,Colonia,Cuautlancingo,Puebla,Cuautlancingo,Urbano,https://postali.app/mx/puebla/cuautlancingo/santa-maria
72702,Santa Rosa II,Fraccionamiento,Cuautlancingo,Puebla,Cuautlancingo,Urbano,https://postali.app/mx/puebla/cuautlancingo/santa-rosa-ii
72702,Santa Rosa IV,Fraccionamiento,Cuautlancingo,Puebla,Cuautlancingo,Urbano,https://postali.app/mx/puebla/cuautlancingo/santa-rosa-iv
72702,Sorrento Residencial,Fraccionamiento,Cuautlancingo,Puebla,Cuautlancingo,Urbano,https://postali.app/mx/puebla/cuautlancingo/sorrento-residencial
72702,Villas Alcanfores,Fraccionamiento,Cuautlancingo,Puebla,Cuautlancingo,Urbano,https://postali.app/mx/puebla/cuautlancingo/villas-alcanfores
72702,Villas Aldama,Condominio,Cuautlancingo,Puebla,Cuautlancingo,Urbano,https://postali.app/mx/puebla/cuautlancingo/villas-aldama
72702,Villas Los Duraznos,Condominio,Cuautlancingo,Puebla,Cuautlancingo,Urbano,https://postali.app/mx/puebla/cuautlancingo/villas-los-duraznos
72702,Villas San Francisco,Conjunto habitacional,Cuautlancingo,Puebla,Cuautlancingo,Urbano,https://postali.app/mx/puebla/cuautlancingo/villas-san-francisco
72702,Villas Torres Bodet,Conjunto habitacional,Cuautlancingo,Puebla,Cuautlancingo,Urbano,https://postali.app/mx/puebla/cuautlancingo/villas-torres-bodet
72702,Villas Uranga,Fraccionamiento,Cuautlancingo,Puebla,Cuautlancingo,Urbano,https://postali.app/mx/puebla/cuautlancingo/villas-uranga
72702,Ágora Residencial,Fraccionamiento,Cuautlancingo,Puebla,Cuautlancingo,Urbano,https://postali.app/mx/puebla/cuautlancingo/agora-residencial
72703,Concordia,Conjunto habitacional,Cuautlancingo,Puebla,Cuautlancingo,Urbano,https://postali.app/mx/puebla/cuautlancingo/concordia
72703,Cortijo San Joaquín,Conjunto habitacional,Cuautlancingo,Puebla,Cuautlancingo,Urbano,https://postali.app/mx/puebla/cuautlancingo/cortijo-san-joaquin
72703,Cuatro Caminos,Conjunto habitacional,Cuautlancingo,Puebla,Cuautlancingo,Urbano,https://postali.app/mx/puebla/cuautlancingo/cuatro-caminos
72703,Cuautlancingo,Fraccionamiento,Cuautlancingo,Puebla,Cuautlancingo,Urbano,https://postali.app/mx/puebla/cuautlancingo/cuautlancingo
72703,Desarrollo Atlatenco,Conjunto habitacional,Cuautlancingo,Puebla,Cuautlancingo,Urbano,https://postali.app/mx/puebla/cuautlancingo/desarrollo-atlatenco
72703,El Cortijo,Fraccionamiento,Cuautlancingo,Puebla,Cuautlancingo,Urbano,https://postali.app/mx/puebla/cuautlancingo/el-cortijo
72703,La Herradura,Fraccionamiento,Cuautlancingo,Puebla,Cuautlancingo,Urbano,https://postali.app/mx/puebla/cuautlancingo/la-herradura
72703,Las Lunas,Fraccionamiento,Cuautlancingo,Puebla,Cuautlancingo,Urbano,https://postali.app/mx/puebla/cuautlancingo/las-lunas
72703,Los Encinos,Conjunto habitacional,Cuautlancingo,Puebla,Cuautlancingo,Urbano,https://postali.app/mx/puebla/cuautlancingo/los-encinos
72703,Real del Bosque,Fraccionamiento,Cuautlancingo,Puebla,Cuautlancingo,Urbano,https://postali.app/mx/puebla/cuautlancingo/real-del-bosque
72703,Villas San Antonio,Conjunto habitacional,Cuautlancingo,Puebla,Cuautlancingo,Urbano,https://postali.app/mx/puebla/cuautlancingo/villas-san-antonio
72703,Villas San José,Conjunto habitacional,Cuautlancingo,Puebla,Cuautlancingo,Urbano,https://postali.app/mx/puebla/cuautlancingo/villas-san-jose
72703,Villas San José II,Conjunto habitacional,Cuautlancingo,Puebla,Cuautlancingo,Urbano,https://postali.app/mx/puebla/cuautlancingo/villas-san-jose-ii
72703,Villas San Pedro,Conjunto habitacional,Cuautlancingo,Puebla,Cuautlancingo,Urbano,https://postali.app/mx/puebla/cuautlancingo/villas-san-pedro
72704,Alcatraces,Conjunto habitacional,Cuautlancingo,Puebla,Cuautlancingo,Urbano,https://postali.app/mx/puebla/cuautlancingo/alcatraces
72704,Aldara Condos,Condominio,Cuautlancingo,Puebla,Cuautlancingo,Urbano,https://postali.app/mx/puebla/cuautlancingo/aldara-condos
72704,Ardenas Residencial,Fraccionamiento,Cuautlancingo,Puebla,Cuautlancingo,Urbano,https://postali.app/mx/puebla/cuautlancingo/ardenas-residencial
72704,Bilbao Residencial,Fraccionamiento,Cuautlancingo,Puebla,Cuautlancingo,Urbano,https://postali.app/mx/puebla/cuautlancingo/bilbao-residencial
72704,Caltiare,Fraccionamiento,Cuautlancingo,Puebla,Cuautlancingo,Urbano,https://postali.app/mx/puebla/cuautlancingo/caltiare-72704
72704,Campestre Santa Patricia,Conjunto habitacional,Cuautlancingo,Puebla,Cuautlancingo,Urbano,https://postali.app/mx/puebla/cuautlancingo/campestre-santa-patricia
72704,Campestre Santa Rosa,Fraccionamiento,Cuautlancingo,Puebla,Cuautlancingo,Urbano,https://postali.app/mx/puebla/cuautlancingo/campestre-santa-rosa
72704,Danubio Residencial,Fraccionamiento,Cuautlancingo,Puebla,Cuautlancingo,Urbano,https://postali.app/mx/puebla/cuautlancingo/danubio-residencial
72704,El Olivo,Fraccionamiento,Cuautlancingo,Puebla,Cuautlancingo,Urbano,https://postali.app/mx/puebla/cuautlancingo/el-olivo
72704,Framboyanes,Fraccionamiento,Cuautlancingo,Puebla,Cuautlancingo,Urbano,https://postali.app/mx/puebla/cuautlancingo/framboyanes
72704,Hacienda el Palmar,Fraccionamiento,Cuautlancingo,Puebla,Cuautlancingo,Urbano,https://postali.app/mx/puebla/cuautlancingo/hacienda-el-palmar
72704,Hacienda el Sisal,Fraccionamiento,Cuautlancingo,Puebla,Cuautlancingo,Urbano,https://postali.app/mx/puebla/cuautlancingo/hacienda-el-sisal
72704,Hacienda San Carlos,Conjunto habitacional,Cuautlancingo,Puebla,Cuautlancingo,Urbano,https://postali.app/mx/puebla/cuautlancingo/hacienda-san-carlos
72704,Hacienda San Joaquín,Conjunto habitacional,Cuautlancingo,Puebla,Cuautlancingo,Urbano,https://postali.app/mx/puebla/cuautlancingo/hacienda-san-joaquin
72704,Kenza Residencial,Fraccionamiento,Cuautlancingo,Puebla,Cuautlancingo,Urbano,https://postali.app/mx/puebla/cuautlancingo/kenza-residencial
72704,La Cumbre 3,Fraccionamiento,Cuautlancingo,Puebla,Cuautlancingo,Urbano,https://postali.app/mx/puebla/cuautlancingo/la-cumbre-3
72704,La Herradura,Fraccionamiento,Cuautlancingo,Puebla,Cuautlancingo,Urbano,https://postali.app/mx/puebla/cuautlancingo/la-herradura-72704
72704,Laos Residencial,Fraccionamiento,Cuautlancingo,Puebla,Cuautlancingo,Urbano,https://postali.app/mx/puebla/cuautlancingo/laos-residencial
72704,Lomas San Agustín,Fraccionamiento,Cuautlancingo,Puebla,Cuautlancingo,Urbano,https://postali.app/mx/puebla/cuautlancingo/lomas-san-agustin
72704,Lomas San Agustín II,Fraccionamiento,Cuautlancingo,Puebla,Cuautlancingo,Urbano,https://postali.app/mx/puebla/cuautlancingo/lomas-san-agustin-ii
72704,Lomas San Agustín III,Fraccionamiento,Cuautlancingo,Puebla,Cuautlancingo,Urbano,https://postali.app/mx/puebla/cuautlancingo/lomas-san-agustin-iii
72704,Lomas San Agustín IV,Fraccionamiento,Cuautlancingo,Puebla,Cuautlancingo,Urbano,https://postali.app/mx/puebla/cuautlancingo/lomas-san-agustin-iv
72704,Los Laureles,Fraccionamiento,Cuautlancingo,Puebla,Cuautlancingo,Urbano,https://postali.app/mx/puebla/cuautlancingo/los-laureles
72704,Muskoka Residencial,Fraccionamiento,Cuautlancingo,Puebla,Cuautlancingo,Urbano,https://postali.app/mx/puebla/cuautlancingo/muskoka-residencial
72704,Nilo Residencial,Fraccionamiento,Cuautlancingo,Puebla,Cuautlancingo,Urbano,https://postali.app/mx/puebla/cuautlancingo/nilo-residencial
72704,Parque Agaves,Fraccionamiento,Cuautlancingo,Puebla,Cuautlancingo,Urbano,https://postali.app/mx/puebla/cuautlancingo/parque-agaves
72704,Punta Real Residencial,Fraccionamiento,Cuautlancingo,Puebla,Cuautlancingo,Urbano,https://postali.app/mx/puebla/cuautlancingo/punta-real-residencial
72704,Quinta Real,Conjunto habitacional,Cuautlancingo,Puebla,Cuautlancingo,Urbano,https://postali.app/mx/puebla/cuautlancingo/quinta-real
72704,Residencial Ave del Paraíso,Fraccionamiento,Cuautlancingo,Puebla,Cuautlancingo,Urbano,https://postali.app/mx/puebla/cuautlancingo/residencial-ave-del-paraiso
72704,Residencial Bambú,Fraccionamiento,Cuautlancingo,Puebla,Cuautlancingo,Urbano,https://postali.app/mx/puebla/cuautlancingo/residencial-bambu
72704,Residencial San Agustín,Fraccionamiento,Cuautlancingo,Puebla,Cuautlancingo,Urbano,https://postali.app/mx/puebla/cuautlancingo/residencial-san-agustin
72704,Rincón de San Lorenzo,Fraccionamiento,Cuautlancingo,Puebla,,Urbano,https://postali.app/mx/puebla/cuautlancingo/rincon-de-san-lorenzo
72704,San Jorge,Fraccionamiento,Cuautlancingo,Puebla,Cuautlancingo,Urbano,https://postali.app/mx/puebla/cuautlancingo/san-jorge
72704,San Luis,Fraccionamiento,Cuautlancingo,Puebla,Cuautlancingo,Urbano,https://postali.app/mx/puebla/cuautlancingo/san-luis
72704,Santa Rosa,Fraccionamiento,Cuautlancingo,Puebla,Cuautlancingo,Urbano,https://postali.app/mx/puebla/cuautlancingo/santa-rosa
72704,Secoya Residencial,Fraccionamiento,Cuautlancingo,Puebla,Cuautlancingo,Urbano,https://postali.app/mx/puebla/cuautlancingo/secoya-residencial
72704,Terra Residencial,Fraccionamiento,Cuautlancingo,Puebla,Cuautlancingo,Urbano,https://postali.app/mx/puebla/cuautlancingo/terra-residencial
72704,Triana Residencial,Fraccionamiento,Cuautlancingo,Puebla,Cuautlancingo,Urbano,https://postali.app/mx/puebla/cuautlancingo/triana-residencial
72704,Urbalia Residencial,Fraccionamiento,Cuautlancingo,Puebla,Cuautlancingo,Urbano,https://postali.app/mx/puebla/cuautlancingo/urbalia-residencial
72704,Villas Dalí,Fraccionamiento,Cuautlancingo,Puebla,Cuautlancingo,Urbano,https://postali.app/mx/puebla/cuautlancingo/villas-dali
72704,Villas de San Facundo II,Fraccionamiento,Cuautlancingo,Puebla,Cuautlancingo,Urbano,https://postali.app/mx/puebla/cuautlancingo/villas-de-san-facundo-ii
72704,Villas Miro,Fraccionamiento,Cuautlancingo,Puebla,Cuautlancingo,Urbano,https://postali.app/mx/puebla/cuautlancingo/villas-miro
72704,Villas Punta Agaves,Fraccionamiento,Cuautlancingo,Puebla,Cuautlancingo,Urbano,https://postali.app/mx/puebla/cuautlancingo/villas-punta-agaves
72704,Villas San Joaquín I,Conjunto habitacional,Cuautlancingo,Puebla,Cuautlancingo,Urbano,https://postali.app/mx/puebla/cuautlancingo/villas-san-joaquin-i
72704,Villas San Joaquín II,Conjunto habitacional,Cuautlancingo,Puebla,Cuautlancingo,Urbano,https://postali.app/mx/puebla/cuautlancingo/villas-san-joaquin-ii
72705,Ampliación Fuerte de Guadalupe,Colonia,Cuautlancingo,Puebla,Cuautlancingo,Urbano,https://postali.app/mx/puebla/cuautlancingo/ampliacion-fuerte-de-guadalupe
72705,Arboleda San Diego,Fraccionamiento,Cuautlancingo,Puebla,Cuautlancingo,Urbano,https://postali.app/mx/puebla/cuautlancingo/arboleda-san-diego
72705,Cuautlancingo,Fraccionamiento,Cuautlancingo,Puebla,Cuautlancingo,Urbano,https://postali.app/mx/puebla/cuautlancingo/cuautlancingo-72705
72705,El Suspiro,Fraccionamiento,Cuautlancingo,Puebla,Cuautlancingo,Urbano,https://postali.app/mx/puebla/cuautlancingo/el-suspiro
72705,Eucaliptos,Conjunto habitacional,Cuautlancingo,Puebla,Cuautlancingo,Urbano,https://postali.app/mx/puebla/cuautlancingo/eucaliptos
72705,Fuerte de Guadalupe,Colonia,Cuautlancingo,Puebla,Cuautlancingo,Rural,https://postali.app/mx/puebla/cuautlancingo/fuerte-de-guadalupe
72705,Lomas de San Juan,Colonia,Cuautlancingo,Puebla,Cuautlancingo,Urbano,https://postali.app/mx/puebla/cuautlancingo/lomas-de-san-juan
72705,Lucero,Fraccionamiento,Cuautlancingo,Puebla,Cuautlancingo,Urbano,https://postali.app/mx/puebla/cuautlancingo/lucero
72705,Mari Conchis,Fraccionamiento,Cuautlancingo,Puebla,Cuautlancingo,Urbano,https://postali.app/mx/puebla/cuautlancingo/mari-conchis
72705,Orma Forjadores,Conjunto habitacional,Cuautlancingo,Puebla,Cuautlancingo,Urbano,https://postali.app/mx/puebla/cuautlancingo/orma-forjadores
72705,Palmas,Conjunto habitacional,Cuautlancingo,Puebla,Cuautlancingo,Urbano,https://postali.app/mx/puebla/cuautlancingo/palmas
72705,Real de San Diego,Fraccionamiento,Cuautlancingo,Puebla,Cuautlancingo,Urbano,https://postali.app/mx/puebla/cuautlancingo/real-de-san-diego
72705,Residencial Lucendi,Fraccionamiento,Cuautlancingo,Puebla,Cuautlancingo,Urbano,https://postali.app/mx/puebla/cuautlancingo/residencial-lucendi
72705,San Diego los Saucera,Conjunto habitacional,Cuautlancingo,Puebla,Cuautlancingo,Urbano,https://postali.app/mx/puebla/cuautlancingo/san-diego-los-saucera
72705,San Diego los Sauces,Fraccionamiento,Cuautlancingo,Puebla,Cuautlancingo,Urbano,https://postali.app/mx/puebla/cuautlancingo/san-diego-los-sauces
72705,Verde,Fraccionamiento,Cuautlancingo,Puebla,Cuautlancingo,Urbano,https://postali.app/mx/puebla/cuautlancingo/verde
72705,Villa Cipres (Antes del Rey),Conjunto habitacional,Cuautlancingo,Puebla,Cuautlancingo,Urbano,https://postali.app/mx/puebla/cuautlancingo/villa-cipres-antes-del-rey
72705,Villas de San Juan,Fraccionamiento,Cuautlancingo,Puebla,Cuautlancingo,Urbano,https://postali.app/mx/puebla/cuautlancingo/villas-de-san-juan
72705,Villas del Rincón,Conjunto habitacional,Cuautlancingo,Puebla,Cuautlancingo,Urbano,https://postali.app/mx/puebla/cuautlancingo/villas-del-rincon
72705,Villas Paraíso,Conjunto habitacional,Cuautlancingo,Puebla,Cuautlancingo,Urbano,https://postali.app/mx/puebla/cuautlancingo/villas-paraiso
72706,Alce Residencial,Fraccionamiento,Cuautlancingo,Puebla,Cuautlancingo,Urbano,https://postali.app/mx/puebla/cuautlancingo/alce-residencial
72706,Conjunto los Olivos,Unidad habitacional,Cuautlancingo,Puebla,Cuautlancingo,Urbano,https://postali.app/mx/puebla/cuautlancingo/conjunto-los-olivos
72706,Hacienda las Américas,Fraccionamiento,Cuautlancingo,Puebla,Cuautlancingo,Urbano,https://postali.app/mx/puebla/cuautlancingo/hacienda-las-americas
72706,La Concordia,Fraccionamiento,Cuautlancingo,Puebla,Cuautlancingo,Urbano,https://postali.app/mx/puebla/cuautlancingo/la-concordia
72706,Los Cerezos,Fraccionamiento,Cuautlancingo,Puebla,Cuautlancingo,Urbano,https://postali.app/mx/puebla/cuautlancingo/los-cerezos
72706,Los Ángeles,Fraccionamiento,Cuautlancingo,Puebla,Cuautlancingo,Urbano,https://postali.app/mx/puebla/cuautlancingo/los-angeles
72706,Nuevo León,Colonia,Cuautlancingo,Puebla,Cuautlancingo,Urbano,https://postali.app/mx/puebla/cuautlancingo/nuevo-leon
72706,Nuevo León,Fraccionamiento,Cuautlancingo,Puebla,Cuautlancingo,Urbano,https://postali.app/mx/puebla/cuautlancingo/nuevo-leon-72706
72706,Residencial San Pedro,Fraccionamiento,Cuautlancingo,Puebla,Cuautlancingo,Urbano,https://postali.app/mx/puebla/cuautlancingo/residencial-san-pedro
72706,Ventana del Ángel,Fraccionamiento,Cuautlancingo,Puebla,Cuautlancingo,Urbano,https://postali.app/mx/puebla/cuautlancingo/ventana-del-angel
72706,Ventana Residencial,Fraccionamiento,Cuautlancingo,Puebla,Cuautlancingo,Urbano,https://postali.app/mx/puebla/cuautlancingo/ventana-residencial
72706,Villas de Cuautlancingo,Unidad habitacional,Cuautlancingo,Puebla,Cuautlancingo,Urbano,https://postali.app/mx/puebla/cuautlancingo/villas-de-cuautlancingo
72706,Villas Mediterraneo,Fraccionamiento,Cuautlancingo,Puebla,Cuautlancingo,Urbano,https://postali.app/mx/puebla/cuautlancingo/villas-mediterraneo
72706,Villas Santa Mónica,Fraccionamiento,Cuautlancingo,Puebla,Cuautlancingo,Urbano,https://postali.app/mx/puebla/cuautlancingo/villas-santa-monica
72706,Zayolan,Fraccionamiento,Cuautlancingo,Puebla,Cuautlancingo,Urbano,https://postali.app/mx/puebla/cuautlancingo/zayolan
72706,Zayolan 3,Fraccionamiento,Cuautlancingo,Puebla,Cuautlancingo,Urbano,https://postali.app/mx/puebla/cuautlancingo/zayolan-3
72706,Zayolan II,Fraccionamiento,Cuautlancingo,Puebla,Cuautlancingo,Urbano,https://postali.app/mx/puebla/cuautlancingo/zayolan-ii
72707,Caltiare Terrania,Fraccionamiento,Cuautlancingo,Puebla,Cuautlancingo,Urbano,https://postali.app/mx/puebla/cuautlancingo/caltiare-terrania
72707,Elemento Residencial,Fraccionamiento,Cuautlancingo,Puebla,Cuautlancingo,Urbano,https://postali.app/mx/puebla/cuautlancingo/elemento-residencial
72707,Ipanema,Fraccionamiento,Cuautlancingo,Puebla,Cuautlancingo,Urbano,https://postali.app/mx/puebla/cuautlancingo/ipanema
72707,La Cumbre 4,Fraccionamiento,Cuautlancingo,Puebla,Cuautlancingo,Urbano,https://postali.app/mx/puebla/cuautlancingo/la-cumbre-4
72707,La Vid Residencial,Fraccionamiento,Cuautlancingo,Puebla,Cuautlancingo,Urbano,https://postali.app/mx/puebla/cuautlancingo/la-vid-residencial
72707,Lomas de Tarango,Fraccionamiento,Cuautlancingo,Puebla,Cuautlancingo,Urbano,https://postali.app/mx/puebla/cuautlancingo/lomas-de-tarango
72707,Malta Residencial,Fraccionamiento,Cuautlancingo,Puebla,Cuautlancingo,Urbano,https://postali.app/mx/puebla/cuautlancingo/malta-residencial
72707,Mayorca,Fraccionamiento,Cuautlancingo,Puebla,Cuautlancingo,Urbano,https://postali.app/mx/puebla/cuautlancingo/mayorca
72707,Paseos del Pilar,Fraccionamiento,Cuautlancingo,Puebla,Cuautlancingo,Urbano,https://postali.app/mx/puebla/cuautlancingo/paseos-del-pilar
72707,Periférico,Fraccionamiento,Cuautlancingo,Puebla,Cuautlancingo,Urbano,https://postali.app/mx/puebla/cuautlancingo/periferico
72707,Residencial Porto Alegre,Fraccionamiento,Cuautlancingo,Puebla,Cuautlancingo,Urbano,https://postali.app/mx/puebla/cuautlancingo/residencial-porto-alegre
72707,Tribeca,Fraccionamiento,Cuautlancingo,Puebla,Cuautlancingo,Urbano,https://postali.app/mx/puebla/cuautlancingo/tribeca
72710,15 de Septiembre,Colonia,Cuautlancingo,Puebla,,Urbano,https://postali.app/mx/puebla/cuautlancingo/15-de-septiembre
72710,Corredor Empresarial Cuautlancingo,Zona industrial,Cuautlancingo,Puebla,,Urbano,https://postali.app/mx/puebla/cuautlancingo/corredor-empresarial-cuautlancingo
72710,Guadalupe,Colonia,Cuautlancingo,Puebla,,Urbano,https://postali.app/mx/puebla/cuautlancingo/guadalupe
72710,Los Ocotes,Colonia,Cuautlancingo,Puebla,,Urbano,https://postali.app/mx/puebla/cuautlancingo/los-ocotes
72710,Misiones de San Francisco,Conjunto habitacional,Cuautlancingo,Puebla,,Urbano,https://postali.app/mx/puebla/cuautlancingo/misiones-de-san-francisco
72710,Parque Industrial FINSA,Zona industrial,Cuautlancingo,Puebla,,Urbano,https://postali.app/mx/puebla/cuautlancingo/parque-industrial-finsa
72710,Punta Moreno,Fraccionamiento,Cuautlancingo,Puebla,,Urbano,https://postali.app/mx/puebla/cuautlancingo/punta-moreno
72710,Punta Moreno II,Fraccionamiento,Cuautlancingo,Puebla,,Urbano,https://postali.app/mx/puebla/cuautlancingo/punta-moreno-ii
72710,Quinta Arboretto,Fraccionamiento,Cuautlancingo,Puebla,,Urbano,https://postali.app/mx/puebla/cuautlancingo/quinta-arboretto
72710,Real de San Lorenzo,Conjunto habitacional,Cuautlancingo,Puebla,,Urbano,https://postali.app/mx/puebla/cuautlancingo/real-de-san-lorenzo
72710,Real del Bosque,Conjunto habitacional,Cuautlancingo,Puebla,,Urbano,https://postali.app/mx/puebla/cuautlancingo/real-del-bosque-72710
72710,Real del Bosque II,Fraccionamiento,Cuautlancingo,Puebla,,Urbano,https://postali.app/mx/puebla/cuautlancingo/real-del-bosque-ii
72710,Residencial Rothenburg,Fraccionamiento,Cuautlancingo,Puebla,,Urbano,https://postali.app/mx/puebla/cuautlancingo/residencial-rothenburg
72710,San Jacinto,Fraccionamiento,Cuautlancingo,Puebla,,Urbano,https://postali.app/mx/puebla/cuautlancingo/san-jacinto
72710,San Lorenzo Almecatla,Pueblo,Cuautlancingo,Puebla,,Rural,https://postali.app/mx/puebla/cuautlancingo/san-lorenzo-almecatla
72710,San Miguel Cuentla,Colonia,Cuautlancingo,Puebla,,Urbano,https://postali.app/mx/puebla/cuautlancingo/san-miguel-cuentla
72710,Sendero,Fraccionamiento,Cuautlancingo,Puebla,,Urbano,https://postali.app/mx/puebla/cuautlancingo/sendero
72710,Villas San Jacinto,Fraccionamiento,Cuautlancingo,Puebla,,Urbano,https://postali.app/mx/puebla/cuautlancingo/villas-san-jacinto
72712,Alcobendas Residencial,Fraccionamiento,Cuautlancingo,Puebla,,Urbano,https://postali.app/mx/puebla/cuautlancingo/alcobendas-residencial
72712,Belo Horizonte,Fraccionamiento,Cuautlancingo,Puebla,,Urbano,https://postali.app/mx/puebla/cuautlancingo/belo-horizonte
72712,El Encuentro de la Guadalupana,Fraccionamiento,Cuautlancingo,Puebla,,Urbano,https://postali.app/mx/puebla/cuautlancingo/el-encuentro-de-la-guadalupana
72712,Jardines del Pilar,Fraccionamiento,Cuautlancingo,Puebla,,Urbano,https://postali.app/mx/puebla/cuautlancingo/jardines-del-pilar
72712,Jardines del Pilar 2,Fraccionamiento,Cuautlancingo,Puebla,,Urbano,https://postali.app/mx/puebla/cuautlancingo/jardines-del-pilar-2
72712,Jardines del Pilar 3,Fraccionamiento,Cuautlancingo,Puebla,,Urbano,https://postali.app/mx/puebla/cuautlancingo/jardines-del-pilar-3
72712,Jardines del Pilar 4,Fraccionamiento,Cuautlancingo,Puebla,,Urbano,https://postali.app/mx/puebla/cuautlancingo/jardines-del-pilar-4
72712,Lazos de San Francisco,Fraccionamiento,Cuautlancingo,Puebla,,Urbano,https://postali.app/mx/puebla/cuautlancingo/lazos-de-san-francisco
72712,Los Cafetales,Fraccionamiento,Cuautlancingo,Puebla,,Urbano,https://postali.app/mx/puebla/cuautlancingo/los-cafetales
72712,Los Cafetales 2,Fraccionamiento,Cuautlancingo,Puebla,,Urbano,https://postali.app/mx/puebla/cuautlancingo/los-cafetales-2
72712,Paseo del Roble,Fraccionamiento,Cuautlancingo,Puebla,,Urbano,https://postali.app/mx/puebla/cuautlancingo/paseo-del-roble
72712,Pradera,Fraccionamiento,Cuautlancingo,Puebla,,Urbano,https://postali.app/mx/puebla/cuautlancingo/pradera
72712,Quinta Palmira,Fraccionamiento,Cuautlancingo,Puebla,,Urbano,https://postali.app/mx/puebla/cuautlancingo/quinta-palmira
72712,Río,Fraccionamiento,Cuautlancingo,Puebla,,Urbano,https://postali.app/mx/puebla/cuautlancingo/rio
72712,Strata Residencial,Fraccionamiento,Cuautlancingo,Puebla,,Urbano,https://postali.app/mx/puebla/cuautlancingo/strata-residencial
72712,Torres Cataluña,Condominio,Cuautlancingo,Puebla,,Urbano,https://postali.app/mx/puebla/cuautlancingo/torres-cataluna
72712,Verona,Fraccionamiento,Cuautlancingo,Puebla,,Urbano,https://postali.app/mx/puebla/cuautlancingo/verona
72712,Villas Excelencia Magisterial SNTE,Fraccionamiento,Cuautlancingo,Puebla,,Urbano,https://postali.app/mx/puebla/cuautlancingo/villas-excelencia-magisterial-snte
72712,Villas Santa María,Fraccionamiento,Cuautlancingo,Puebla,,Urbano,https://postali.app/mx/puebla/cuautlancingo/villas-santa-maria
72712,Ángeles,Fraccionamiento,Cuautlancingo,Puebla,,Urbano,https://postali.app/mx/puebla/cuautlancingo/angeles-72712
72713,El Pinal,Fraccionamiento,Cuautlancingo,Puebla,,Urbano,https://postali.app/mx/puebla/cuautlancingo/el-pinal
72713,Galaxia Almecatla,Fraccionamiento,Cuautlancingo,Puebla,,Urbano,https://postali.app/mx/puebla/cuautlancingo/galaxia-almecatla
72713,Las Trojes Almecatla,Fraccionamiento,Cuautlancingo,Puebla,,Urbano,https://postali.app/mx/puebla/cuautlancingo/las-trojes-almecatla
72713,Las Trojes II,Fraccionamiento,Cuautlancingo,Puebla,,Urbano,https://postali.app/mx/puebla/cuautlancingo/las-trojes-ii
72713,Las Ventanas Residencial,Fraccionamiento,Cuautlancingo,Puebla,,Urbano,https://postali.app/mx/puebla/cuautlancingo/las-ventanas-residencial
72713,Los Pinos,Colonia,Cuautlancingo,Puebla,,Urbano,https://postali.app/mx/puebla/cuautlancingo/los-pinos
72713,Los Pinos,Conjunto habitacional,Cuautlancingo,Puebla,,Urbano,https://postali.app/mx/puebla/cuautlancingo/los-pinos-72713
72713,Nueva Alemania,Colonia,Cuautlancingo,Puebla,,Urbano,https://postali.app/mx/puebla/cuautlancingo/nueva-alemania
72713,San Miguel Apetlachica,Colonia,Cuautlancingo,Puebla,,Urbano,https://postali.app/mx/puebla/cuautlancingo/san-miguel-apetlachica
72713,Villas San Carlos,Conjunto habitacional,Cuautlancingo,Puebla,,Urbano,https://postali.app/mx/puebla/cuautlancingo/villas-san-carlos
72713,Viveros de Santorum,Colonia,Cuautlancingo,Puebla,,Urbano,https://postali.app/mx/puebla/cuautlancingo/viveros-de-santorum
72720,Atzcapotzalco,Colonia,Cuautlancingo,Puebla,,Urbano,https://postali.app/mx/puebla/cuautlancingo/atzcapotzalco
72720,Emiliano Zapata,Colonia,Cuautlancingo,Puebla,,Urbano,https://postali.app/mx/puebla/cuautlancingo/emiliano-zapata
72720,Lázaro Cárdenas,Ranchería,Cuautlancingo,Puebla,,Urbano,https://postali.app/mx/puebla/cuautlancingo/lazaro-cardenas
72720,Xaltipa,Colonia,Cuautlancingo,Puebla,,Urbano,https://postali.app/mx/puebla/cuautlancingo/xaltipa
72723,Getzemani - El Nopalito,Conjunto habitacional,Cuautlancingo,Puebla,,Urbano,https://postali.app/mx/puebla/cuautlancingo/getzemani-el-nopalito
72723,La Cienega,Colonia,Cuautlancingo,Puebla,,Urbano,https://postali.app/mx/puebla/cuautlancingo/la-cienega
72723,Lomas de Cristo,Colonia,Cuautlancingo,Puebla,,Urbano,https://postali.app/mx/puebla/cuautlancingo/lomas-de-cristo
72723,Villas de Xalatla,Conjunto habitacional,Cuautlancingo,Puebla,,Urbano,https://postali.app/mx/puebla/cuautlancingo/villas-de-xalatla
72724,Villa Olímpica,Colonia,Cuautlancingo,Puebla,,Urbano,https://postali.app/mx/puebla/cuautlancingo/villa-olimpica
72725,Santa Cruz Cuautlancingo,Colonia,Cuautlancingo,Puebla,,Rural,https://postali.app/mx/puebla/cuautlancingo/santa-cruz-cuautlancingo
72730,Bosques de la Constanza,Fraccionamiento,Cuautlancingo,Puebla,,Rural,https://postali.app/mx/puebla/cuautlancingo/bosques-de-la-constanza
72730,La Trinidad Chautenco,Pueblo,Cuautlancingo,Puebla,,Urbano,https://postali.app/mx/puebla/cuautlancingo/la-trinidad-chautenco
72730,Paseos de Camelinas,Fraccionamiento,Cuautlancingo,Puebla,,Urbano,https://postali.app/mx/puebla/cuautlancingo/paseos-de-camelinas
72730,Sanctorum,Pueblo,Cuautlancingo,Puebla,,Urbano,https://postali.app/mx/puebla/cuautlancingo/sanctorum
72733,Bosque Sanctorum,Fraccionamiento,Cuautlancingo,Puebla,,Urbano,https://postali.app/mx/puebla/cuautlancingo/bosque-sanctorum
72735,Bello Horizonte,Conjunto habitacional,Cuautlancingo,Puebla,,Urbano,https://postali.app/mx/puebla/cuautlancingo/bello-horizonte
72735,Cemanti,Conjunto habitacional,Cuautlancingo,Puebla,,Urbano,https://postali.app/mx/puebla/cuautlancingo/cemanti
72735,Ciruelos,Fraccionamiento,Cuautlancingo,Puebla,,Urbano,https://postali.app/mx/puebla/cuautlancingo/ciruelos
72735,Desarrollo Habitacional el Arcángel,Conjunto habitacional,Cuautlancingo,Puebla,,Urbano,https://postali.app/mx/puebla/cuautlancingo/desarrollo-habitacional-el-arcangel
72735,Diamante,Fraccionamiento,Cuautlancingo,Puebla,,Urbano,https://postali.app/mx/puebla/cuautlancingo/diamante
72735,El Ensueño,Fraccionamiento,Cuautlancingo,Puebla,,Urbano,https://postali.app/mx/puebla/cuautlancingo/el-ensueno
72735,El Palacio de Bello Horizonte,Conjunto habitacional,Cuautlancingo,Puebla,,Urbano,https://postali.app/mx/puebla/cuautlancingo/el-palacio-de-bello-horizonte
72735,Hacienda Zavaleta,Conjunto habitacional,Cuautlancingo,Puebla,,Urbano,https://postali.app/mx/puebla/cuautlancingo/hacienda-zavaleta
72735,Integra,Fraccionamiento,Cuautlancingo,Puebla,,Urbano,https://postali.app/mx/puebla/cuautlancingo/integra
72735,La Fuente,Fraccionamiento,Cuautlancingo,Puebla,,Urbano,https://postali.app/mx/puebla/cuautlancingo/la-fuente
72735,La Trinidad Bello Horizonte,Colonia,Cuautlancingo,Puebla,,Urbano,https://postali.app/mx/puebla/cuautlancingo/la-trinidad-bello-horizonte
72735,Liquidambar,Fraccionamiento,Cuautlancingo,Puebla,,Urbano,https://postali.app/mx/puebla/cuautlancingo/liquidambar
72735,Macopilli,Unidad habitacional,Cuautlancingo,Puebla,,Urbano,https://postali.app/mx/puebla/cuautlancingo/macopilli
72735,Malinali,Unidad habitacional,Cuautlancingo,Puebla,,Urbano,https://postali.app/mx/puebla/cuautlancingo/malinali
72735,Morillotla Zavaleta,Colonia,Cuautlancingo,Puebla,,Urbano,https://postali.app/mx/puebla/cuautlancingo/morillotla-zavaleta
72735,Olin,Conjunto habitacional,Cuautlancingo,Puebla,,Urbano,https://postali.app/mx/puebla/cuautlancingo/olin
72735,Proyecto 15,Fraccionamiento,Cuautlancingo,Puebla,,Urbano,https://postali.app/mx/puebla/cuautlancingo/proyecto-15
72735,Pylsa 30,Fraccionamiento,Cuautlancingo,Puebla,,Urbano,https://postali.app/mx/puebla/cuautlancingo/pylsa-30
72735,Santa Cecilia,Unidad habitacional,Cuautlancingo,Puebla,,Urbano,https://postali.app/mx/puebla/cuautlancingo/santa-cecilia
72735,Santuario,Fraccionamiento,Cuautlancingo,Puebla,,Urbano,https://postali.app/mx/puebla/cuautlancingo/santuario
72735,Villa de Zavaleta I,Colonia,Cuautlancingo,Puebla,,Urbano,https://postali.app/mx/puebla/cuautlancingo/villa-de-zavaleta-i
72735,Villa de Zavaleta II,Colonia,Cuautlancingo,Puebla,,Urbano,https://postali.app/mx/puebla/cuautlancingo/villa-de-zavaleta-ii
72735,Villas Capri,Fraccionamiento,Cuautlancingo,Puebla,,Urbano,https://postali.app/mx/puebla/cuautlancingo/villas-capri
72735,Villas Chautenco,Conjunto habitacional,Cuautlancingo,Puebla,,Urbano,https://postali.app/mx/puebla/cuautlancingo/villas-chautenco
72735,Villas Citlali,Conjunto habitacional,Cuautlancingo,Puebla,,Urbano,https://postali.app/mx/puebla/cuautlancingo/villas-citlali
72735,Villas de Morillotla,Fraccionamiento,Cuautlancingo,Puebla,,Urbano,https://postali.app/mx/puebla/cuautlancingo/villas-de-morillotla
72735,Villas de Santiago,Unidad habitacional,Cuautlancingo,Puebla,,Urbano,https://postali.app/mx/puebla/cuautlancingo/villas-de-santiago
72735,Villas de Santiago II,Colonia,Cuautlancingo,Puebla,,Urbano,https://postali.app/mx/puebla/cuautlancingo/villas-de-santiago-ii
72735,Villas Palermo,Fraccionamiento,Cuautlancingo,Puebla,,Urbano,https://postali.app/mx/puebla/cuautlancingo/villas-palermo
72735,Villas Quetzalcoatl,Conjunto habitacional,Cuautlancingo,Puebla,,Urbano,https://postali.app/mx/puebla/cuautlancingo/villas-quetzalcoatl
72735,Villas San Carlos,Conjunto habitacional,Cuautlancingo,Puebla,,Urbano,https://postali.app/mx/puebla/cuautlancingo/villas-san-carlos-72735
72735,Villas Xochitl,Colonia,Cuautlancingo,Puebla,,Urbano,https://postali.app/mx/puebla/cuautlancingo/villas-xochitl
72735,Viva I,Conjunto habitacional,Cuautlancingo,Puebla,,Urbano,https://postali.app/mx/puebla/cuautlancingo/viva-i
72735,Viva II,Conjunto habitacional,Cuautlancingo,Puebla,,Urbano,https://postali.app/mx/puebla/cuautlancingo/viva-ii
72735,Viva III,Conjunto habitacional,Cuautlancingo,Puebla,,Urbano,https://postali.app/mx/puebla/cuautlancingo/viva-iii
72735,Xel-hua,Fraccionamiento,Cuautlancingo,Puebla,,Urbano,https://postali.app/mx/puebla/cuautlancingo/xel-hua
72750,Bosques de Saint Germain,Fraccionamiento,San Pedro Cholula,Puebla,San Pedro Cholula,Urbano,https://postali.app/mx/puebla/san-pedro-cholula/bosques-de-saint-germain
72750,Geovillas el Campanario,Colonia,San Pedro Cholula,Puebla,San Pedro Cholula,Urbano,https://postali.app/mx/puebla/san-pedro-cholula/geovillas-el-campanario
72750,José Ángeles,Colonia,San Pedro Cholula,Puebla,San Pedro Cholula,Urbano,https://postali.app/mx/puebla/san-pedro-cholula/jose-angeles
72750,La Cañada,Colonia,San Pedro Cholula,Puebla,San Pedro Cholula,Urbano,https://postali.app/mx/puebla/san-pedro-cholula/la-canada
72750,Residencial la Carcaña,Fraccionamiento,San Pedro Cholula,Puebla,San Pedro Cholula,Rural,https://postali.app/mx/puebla/san-pedro-cholula/residencial-la-carcana
72750,Rincón de Santa Bárbara,Fraccionamiento,San Pedro Cholula,Puebla,San Pedro Cholula,Urbano,https://postali.app/mx/puebla/san-pedro-cholula/rincon-de-santa-barbara
72750,San Juan Tlautla,Pueblo,San Pedro Cholula,Puebla,San Pedro Cholula,Urbano,https://postali.app/mx/puebla/san-pedro-cholula/san-juan-tlautla
72750,San Miguel,Barrio,San Pedro Cholula,Puebla,San Pedro Cholula,Urbano,https://postali.app/mx/puebla/san-pedro-cholula/san-miguel
72750,San Pablo Tecamac,Barrio,San Pedro Cholula,Puebla,San Pedro Cholula,Urbano,https://postali.app/mx/puebla/san-pedro-cholula/san-pablo-tecamac
72750,San Sebastián Tepalcatepec,Pueblo,San Pedro Cholula,Puebla,San Pedro Cholula,Urbano,https://postali.app/mx/puebla/san-pedro-cholula/san-sebastian-tepalcatepec
72750,Santa Bárbara Almoloya,Pueblo,San Pedro Cholula,Puebla,San Pedro Cholula,Urbano,https://postali.app/mx/puebla/san-pedro-cholula/santa-barbara-almoloya
72754,La Pradera,Fraccionamiento,San Pedro Cholula,Puebla,San Pedro Cholula,Urbano,https://postali.app/mx/puebla/san-pedro-cholula/la-pradera
72754,La Rinconada,Fraccionamiento,San Pedro Cholula,Puebla,San Pedro Cholula,Urbano,https://postali.app/mx/puebla/san-pedro-cholula/la-rinconada
72754,Momoxpan,Conjunto habitacional,San Pedro Cholula,Puebla,San Pedro Cholula,Urbano,https://postali.app/mx/puebla/san-pedro-cholula/momoxpan
72754,Momoxpan,Fraccionamiento,San Pedro Cholula,Puebla,San Pedro Cholula,Urbano,https://postali.app/mx/puebla/san-pedro-cholula/momoxpan-72754
72754,Momoxpan 2a Sección,Conjunto habitacional,San Pedro Cholula,Puebla,San Pedro Cholula,Urbano,https://postali.app/mx/puebla/san-pedro-cholula/momoxpan-2a-seccion
72754,Real Britania,Fraccionamiento,San Pedro Cholula,Puebla,San Pedro Cholula,Urbano,https://postali.app/mx/puebla/san-pedro-cholula/real-britania
72754,Residencial Bosques de San Pedro,Fraccionamiento,San Pedro Cholula,Puebla,San Pedro Cholula,Urbano,https://postali.app/mx/puebla/san-pedro-cholula/residencial-bosques-de-san-pedro
72754,Residencial Boulevares Momoxpan,Fraccionamiento,San Pedro Cholula,Puebla,San Pedro Cholula,Urbano,https://postali.app/mx/puebla/san-pedro-cholula/residencial-boulevares-momoxpan
72754,Residencial Jardines del Rosal,Fraccionamiento,San Pedro Cholula,Puebla,San Pedro Cholula,Urbano,https://postali.app/mx/puebla/san-pedro-cholula/residencial-jardines-del-rosal
72754,San José,Conjunto habitacional,San Pedro Cholula,Puebla,San Pedro Cholula,Urbano,https://postali.app/mx/puebla/san-pedro-cholula/san-jose
72754,Uniko,Conjunto habitacional,San Pedro Cholula,Puebla,San Pedro Cholula,Urbano,https://postali.app/mx/puebla/san-pedro-cholula/uniko
72755,San Diego,Fraccionamiento,San Pedro Cholula,Puebla,San Pedro Cholula,Urbano,https://postali.app/mx/puebla/san-pedro-cholula/san-diego
72756,Manantiales,Conjunto habitacional,San Pedro Cholula,Puebla,San Pedro Cholula,Urbano,https://postali.app/mx/puebla/san-pedro-cholula/manantiales
72757,Rafael Ávila Camacho,Colonia,San Pedro Cholula,Puebla,San Pedro Cholula,Urbano,https://postali.app/mx/puebla/san-pedro-cholula/rafael-avila-camacho
72760,Caserío San Diego,Fraccionamiento,San Pedro Cholula,Puebla,San Pedro Cholula,Urbano,https://postali.app/mx/puebla/san-pedro-cholula/caserio-san-diego
72760,Cholula,Unidad habitacional,San Pedro Cholula,Puebla,San Pedro Cholula,Urbano,https://postali.app/mx/puebla/san-pedro-cholula/cholula
72760,Cholula de Rivadabia Centro,Colonia,San Pedro Cholula,Puebla,San Pedro Cholula,Urbano,https://postali.app/mx/puebla/san-pedro-cholula/cholula-de-rivadabia-centro
72760,Cortijo San Diego,Fraccionamiento,San Pedro Cholula,Puebla,San Pedro Cholula,Urbano,https://postali.app/mx/puebla/san-pedro-cholula/cortijo-san-diego
72760,Esmeralda,Fraccionamiento,San Pedro Cholula,Puebla,San Pedro Cholula,Urbano,https://postali.app/mx/puebla/san-pedro-cholula/esmeralda
72760,Florencia,Fraccionamiento,San Pedro Cholula,Puebla,San Pedro Cholula,Urbano,https://postali.app/mx/puebla/san-pedro-cholula/florencia
72760,Montecatini,Fraccionamiento,San Pedro Cholula,Puebla,San Pedro Cholula,Urbano,https://postali.app/mx/puebla/san-pedro-cholula/montecatini
72760,Puesta de Sol,Fraccionamiento,San Pedro Cholula,Puebla,San Pedro Cholula,Urbano,https://postali.app/mx/puebla/san-pedro-cholula/puesta-de-sol
72760,Real San Gregorio,Fraccionamiento,San Pedro Cholula,Puebla,San Pedro Cholula,Urbano,https://postali.app/mx/puebla/san-pedro-cholula/real-san-gregorio
72760,Real San Pedro,Fraccionamiento,San Pedro Cholula,Puebla,San Pedro Cholula,Urbano,https://postali.app/mx/puebla/san-pedro-cholula/real-san-pedro
72760,Residencial de Jesús,Fraccionamiento,San Pedro Cholula,Puebla,San Pedro Cholula,Urbano,https://postali.app/mx/puebla/san-pedro-cholula/residencial-de-jesus
72760,Residencial Los Pinos,Fraccionamiento,San Pedro Cholula,Puebla,San Pedro Cholula,Urbano,https://postali.app/mx/puebla/san-pedro-cholula/residencial-los-pinos
72760,Rincón de la Arborada,Fraccionamiento,San Pedro Cholula,Puebla,San Pedro Cholula,Urbano,https://postali.app/mx/puebla/san-pedro-cholula/rincon-de-la-arborada
72760,San Agustín Calvario,Pueblo,San Pedro Cholula,Puebla,San Pedro Cholula,Rural,https://postali.app/mx/puebla/san-pedro-cholula/san-agustin-calvario
72760,San Francisco Cuapan,Pueblo,San Pedro Cholula,Puebla,San Pedro Cholula,Urbano,https://postali.app/mx/puebla/san-pedro-cholula/san-francisco-cuapan
72760,San Gregorio Zacapechpan,Pueblo,San Pedro Cholula,Puebla,San Pedro Cholula,Urbano,https://postali.app/mx/puebla/san-pedro-cholula/san-gregorio-zacapechpan
72760,Santiago Cholula INFONAVIT,Unidad habitacional,San Pedro Cholula,Puebla,San Pedro Cholula,Urbano,https://postali.app/mx/puebla/san-pedro-cholula/santiago-cholula-infonavit
72760,Santiago Mixquitla,Barrio,San Pedro Cholula,Puebla,San Pedro Cholula,Urbano,https://postali.app/mx/puebla/san-pedro-cholula/santiago-mixquitla
72760,Villas San Diego,Unidad habitacional,San Pedro Cholula,Puebla,San Pedro Cholula,Urbano,https://postali.app/mx/puebla/san-pedro-cholula/villas-san-diego
72762,Eccehomo,Barrio,San Pedro Cholula,Puebla,San Pedro Cholula,Urbano,https://postali.app/mx/puebla/san-pedro-cholula/eccehomo
72762,INFONAVIT Santa María el Agora,Conjunto habitacional,San Pedro Cholula,Puebla,San Pedro Cholula,Urbano,https://postali.app/mx/puebla/san-pedro-cholula/infonavit-santa-maria-el-agora
72762,La Magdalena,Barrio,San Pedro Cholula,Puebla,San Pedro Cholula,Urbano,https://postali.app/mx/puebla/san-pedro-cholula/la-magdalena
72762,La Santísima,Barrio,San Pedro Cholula,Puebla,San Pedro Cholula,Urbano,https://postali.app/mx/puebla/san-pedro-cholula/la-santisima
72762,Llanos Santa María,Colonia,San Pedro Cholula,Puebla,San Pedro Cholula,Urbano,https://postali.app/mx/puebla/san-pedro-cholula/llanos-santa-maria
72762,Santa María Xixitla,Colonia,San Pedro Cholula,Puebla,San Pedro Cholula,Urbano,https://postali.app/mx/puebla/san-pedro-cholula/santa-maria-xixitla
72764,Amates,Fraccionamiento,San Pedro Cholula,Puebla,San Pedro Cholula,Urbano,https://postali.app/mx/puebla/san-pedro-cholula/amates
72764,Arboledas de Zerezotla,Fraccionamiento,San Pedro Cholula,Puebla,San Pedro Cholula,Urbano,https://postali.app/mx/puebla/san-pedro-cholula/arboledas-de-zerezotla
72764,Bosques de Zerezotla,Fraccionamiento,San Pedro Cholula,Puebla,San Pedro Cholula,Urbano,https://postali.app/mx/puebla/san-pedro-cholula/bosques-de-zerezotla
72764,Casa Blanca,Fraccionamiento,San Pedro Cholula,Puebla,San Pedro Cholula,Urbano,https://postali.app/mx/puebla/san-pedro-cholula/casa-blanca
72764,Cerrito de Guadalupe,Colonia,San Pedro Cholula,Puebla,San Pedro Cholula,Urbano,https://postali.app/mx/puebla/san-pedro-cholula/cerrito-de-guadalupe
72764,Cholollan,Fraccionamiento,San Pedro Cholula,Puebla,San Pedro Cholula,Urbano,https://postali.app/mx/puebla/san-pedro-cholula/cholollan
72764,Club de Golf la Huerta,Fraccionamiento,San Pedro Cholula,Puebla,San Pedro Cholula,Urbano,https://postali.app/mx/puebla/san-pedro-cholula/club-de-golf-la-huerta
72764,El Hallazgo,Fraccionamiento,San Pedro Cholula,Puebla,San Pedro Cholula,Urbano,https://postali.app/mx/puebla/san-pedro-cholula/el-hallazgo
72764,Entre Bosques,Fraccionamiento,San Pedro Cholula,Puebla,San Pedro Cholula,Urbano,https://postali.app/mx/puebla/san-pedro-cholula/entre-bosques
72764,Hacienda Valle de Zerezotla,Fraccionamiento,San Pedro Cholula,Puebla,San Pedro Cholula,Urbano,https://postali.app/mx/puebla/san-pedro-cholula/hacienda-valle-de-zerezotla
72764,Jardines del Alba,Fraccionamiento,San Pedro Cholula,Puebla,San Pedro Cholula,Urbano,https://postali.app/mx/puebla/san-pedro-cholula/jardines-del-alba
72764,La Querencia,Fraccionamiento,San Pedro Cholula,Puebla,San Pedro Cholula,Urbano,https://postali.app/mx/puebla/san-pedro-cholula/la-querencia
72764,Los Viñedos,Fraccionamiento,San Pedro Cholula,Puebla,San Pedro Cholula,Urbano,https://postali.app/mx/puebla/san-pedro-cholula/los-vinedos
72764,Palmas Residencial,Fraccionamiento,San Pedro Cholula,Puebla,San Pedro Cholula,Urbano,https://postali.app/mx/puebla/san-pedro-cholula/palmas-residencial
72764,Plazuela de San Pedro,Fraccionamiento,San Pedro Cholula,Puebla,San Pedro Cholula,Urbano,https://postali.app/mx/puebla/san-pedro-cholula/plazuela-de-san-pedro
72764,Quintas de Cortés,Fraccionamiento,San Pedro Cholula,Puebla,San Pedro Cholula,Urbano,https://postali.app/mx/puebla/san-pedro-cholula/quintas-de-cortes
72764,Residencial Villas Cholula,Colonia,San Pedro Cholula,Puebla,San Pedro Cholula,Urbano,https://postali.app/mx/puebla/san-pedro-cholula/residencial-villas-cholula
72764,San Carlos,Fraccionamiento,San Pedro Cholula,Puebla,San Pedro Cholula,Urbano,https://postali.app/mx/puebla/san-pedro-cholula/san-carlos
72764,San Juan Calvario,Barrio,San Pedro Cholula,Puebla,San Pedro Cholula,Urbano,https://postali.app/mx/puebla/san-pedro-cholula/san-juan-calvario
72764,Santa Cecilia,Fraccionamiento,San Pedro Cholula,Puebla,San Pedro Cholula,Urbano,https://postali.app/mx/puebla/san-pedro-cholula/santa-cecilia
72764,Santa Cecilia,Conjunto habitacional,San Pedro Cholula,Puebla,San Pedro Cholula,Urbano,https://postali.app/mx/puebla/san-pedro-cholula/santa-cecilia-72764
72764,Santa Martha,Fraccionamiento,San Pedro Cholula,Puebla,San Pedro Cholula,Urbano,https://postali.app/mx/puebla/san-pedro-cholula/santa-martha
72764,Senda del Sol,Fraccionamiento,San Pedro Cholula,Puebla,San Pedro Cholula,Urbano,https://postali.app/mx/puebla/san-pedro-cholula/senda-del-sol
72764,Villa de Cortés,Fraccionamiento,San Pedro Cholula,Puebla,San Pedro Cholula,Urbano,https://postali.app/mx/puebla/san-pedro-cholula/villa-de-cortes
72764,Villa Zerezotla,Fraccionamiento,San Pedro Cholula,Puebla,San Pedro Cholula,Urbano,https://postali.app/mx/puebla/san-pedro-cholula/villa-zerezotla
72764,Villas Magnolia,Fraccionamiento,San Pedro Cholula,Puebla,San Pedro Cholula,Urbano,https://postali.app/mx/puebla/san-pedro-cholula/villas-magnolia
72764,Zerezotla,Fraccionamiento,San Pedro Cholula,Puebla,San Pedro Cholula,Urbano,https://postali.app/mx/puebla/san-pedro-cholula/zerezotla
72765,Guadalupe,Colonia,San Pedro Cholula,Puebla,San Pedro Cholula,Urbano,https://postali.app/mx/puebla/san-pedro-cholula/guadalupe
72765,San Cristóbal Tepontla,Pueblo,San Pedro Cholula,Puebla,San Pedro Cholula,Rural,https://postali.app/mx/puebla/san-pedro-cholula/san-cristobal-tepontla
72765,Villa Cristal,Conjunto habitacional,San Pedro Cholula,Puebla,San Pedro Cholula,Urbano,https://postali.app/mx/puebla/san-pedro-cholula/villa-cristal
72766,San Diego Cuachayotla,Pueblo,San Pedro Cholula,Puebla,San Pedro Cholula,Urbano,https://postali.app/mx/puebla/san-pedro-cholula/san-diego-cuachayotla
72767,San Cosme Texintla,Pueblo,San Pedro Cholula,Puebla,San Pedro Cholula,Urbano,https://postali.app/mx/puebla/san-pedro-cholula/san-cosme-texintla
72767,San Matías Cocoyotla,Pueblo,San Pedro Cholula,Puebla,San Pedro Cholula,Urbano,https://postali.app/mx/puebla/san-pedro-cholula/san-matias-cocoyotla
72768,Arcoiris,Fraccionamiento,San Pedro Cholula,Puebla,San Pedro Cholula,Urbano,https://postali.app/mx/puebla/san-pedro-cholula/arcoiris
72768,Bosque San Diego,Fraccionamiento,San Pedro Cholula,Puebla,San Pedro Cholula,Urbano,https://postali.app/mx/puebla/san-pedro-cholula/bosque-san-diego
72768,Bosques de Granada,Fraccionamiento,San Pedro Cholula,Puebla,San Pedro Cholula,Urbano,https://postali.app/mx/puebla/san-pedro-cholula/bosques-de-granada
72768,Bosques de Santa Rosa,Fraccionamiento,San Pedro Cholula,Puebla,San Pedro Cholula,Urbano,https://postali.app/mx/puebla/san-pedro-cholula/bosques-de-santa-rosa
72768,Campestre Arcoiris,Fraccionamiento,San Pedro Cholula,Puebla,San Pedro Cholula,Urbano,https://postali.app/mx/puebla/san-pedro-cholula/campestre-arcoiris
72768,Cañada de Santiago,Colonia,San Pedro Cholula,Puebla,San Pedro Cholula,Urbano,https://postali.app/mx/puebla/san-pedro-cholula/canada-de-santiago
72768,Cerrada San Vicente,Fraccionamiento,San Pedro Cholula,Puebla,San Pedro Cholula,Urbano,https://postali.app/mx/puebla/san-pedro-cholula/cerrada-san-vicente
72768,Condesa de San Diego,Fraccionamiento,San Pedro Cholula,Puebla,San Pedro Cholula,Urbano,https://postali.app/mx/puebla/san-pedro-cholula/condesa-de-san-diego
72768,Jardines de San Diego 2da. Sección,Conjunto habitacional,San Pedro Cholula,Puebla,San Pedro Cholula,Urbano,https://postali.app/mx/puebla/san-pedro-cholula/jardines-de-san-diego-2da-seccion
72768,Jardines San Diego,Fraccionamiento,San Pedro Cholula,Puebla,San Pedro Cholula,Urbano,https://postali.app/mx/puebla/san-pedro-cholula/jardines-san-diego
72768,Plazuelas de San Diego,Fraccionamiento,San Pedro Cholula,Puebla,San Pedro Cholula,Urbano,https://postali.app/mx/puebla/san-pedro-cholula/plazuelas-de-san-diego
72768,Plazuelas de San Diego III,Fraccionamiento,San Pedro Cholula,Puebla,San Pedro Cholula,Urbano,https://postali.app/mx/puebla/san-pedro-cholula/plazuelas-de-san-diego-iii
72768,Residencial Acacia,Fraccionamiento,San Pedro Cholula,Puebla,San Pedro Cholula,Urbano,https://postali.app/mx/puebla/san-pedro-cholula/residencial-acacia
72768,Residencial Atitla,Fraccionamiento,San Pedro Cholula,Puebla,San Pedro Cholula,Urbano,https://postali.app/mx/puebla/san-pedro-cholula/residencial-atitla
72768,Residencial del Bosque,Fraccionamiento,San Pedro Cholula,Puebla,San Pedro Cholula,Urbano,https://postali.app/mx/puebla/san-pedro-cholula/residencial-del-bosque
72768,San Diego los Sauces,Fraccionamiento,San Pedro Cholula,Puebla,San Pedro Cholula,Urbano,https://postali.app/mx/puebla/san-pedro-cholula/san-diego-los-sauces
72768,Villas San Diego,Fraccionamiento,San Pedro Cholula,Puebla,San Pedro Cholula,Urbano,https://postali.app/mx/puebla/san-pedro-cholula/villas-san-diego-72768
72770,Arboreto,Fraccionamiento,San Pedro Cholula,Puebla,San Pedro Cholula,Urbano,https://postali.app/mx/puebla/san-pedro-cholula/arboreto
72770,Bosques de Forjadores,Fraccionamiento,San Pedro Cholula,Puebla,San Pedro Cholula,Urbano,https://postali.app/mx/puebla/san-pedro-cholula/bosques-de-forjadores
72770,Casas Yeran,Conjunto habitacional,San Pedro Cholula,Puebla,San Pedro Cholula,Urbano,https://postali.app/mx/puebla/san-pedro-cholula/casas-yeran
72770,Cuacualzin,Fraccionamiento,San Pedro Cholula,Puebla,San Pedro Cholula,Urbano,https://postali.app/mx/puebla/san-pedro-cholula/cuacualzin
72770,Jesús Tlatempa,Barrio,San Pedro Cholula,Puebla,San Pedro Cholula,Urbano,https://postali.app/mx/puebla/san-pedro-cholula/jesus-tlatempa
72770,Llanos de Jesús Tlatempa,Conjunto habitacional,San Pedro Cholula,Puebla,San Pedro Cholula,Urbano,https://postali.app/mx/puebla/san-pedro-cholula/llanos-de-jesus-tlatempa
72770,Lázaro Cárdenas,Colonia,San Pedro Cholula,Puebla,San Pedro Cholula,Urbano,https://postali.app/mx/puebla/san-pedro-cholula/lazaro-cardenas
72770,Santa María Acuexcomac,Pueblo,San Pedro Cholula,Puebla,San Pedro Cholula,Rural,https://postali.app/mx/puebla/san-pedro-cholula/santa-maria-acuexcomac
72770,Sierra Negra Residencial,Fraccionamiento,San Pedro Cholula,Puebla,San Pedro Cholula,Urbano,https://postali.app/mx/puebla/san-pedro-cholula/sierra-negra-residencial
72770,Villas Paraíso,Fraccionamiento,San Pedro Cholula,Puebla,San Pedro Cholula,Urbano,https://postali.app/mx/puebla/san-pedro-cholula/villas-paraiso
72772,Arboledas de San Antonio,Colonia,San Pedro Cholula,Puebla,San Pedro Cholula,Urbano,https://postali.app/mx/puebla/san-pedro-cholula/arboledas-de-san-antonio
72772,El Sendero Residencial,Fraccionamiento,San Pedro Cholula,Puebla,San Pedro Cholula,Urbano,https://postali.app/mx/puebla/san-pedro-cholula/el-sendero-residencial
72772,La Blockera,Fraccionamiento,San Pedro Cholula,Puebla,San Pedro Cholula,Urbano,https://postali.app/mx/puebla/san-pedro-cholula/la-blockera
72772,Lindavista de Jesús,Colonia,San Pedro Cholula,Puebla,San Pedro Cholula,Urbano,https://postali.app/mx/puebla/san-pedro-cholula/lindavista-de-jesus
72772,Llano de Jesús,Fraccionamiento,San Pedro Cholula,Puebla,San Pedro Cholula,Urbano,https://postali.app/mx/puebla/san-pedro-cholula/llano-de-jesus
72772,Llanos de Tlaltempa,Conjunto habitacional,San Pedro Cholula,Puebla,San Pedro Cholula,Urbano,https://postali.app/mx/puebla/san-pedro-cholula/llanos-de-tlaltempa
72772,Los Ángeles Residencial,Fraccionamiento,San Pedro Cholula,Puebla,San Pedro Cholula,Urbano,https://postali.app/mx/puebla/san-pedro-cholula/los-angeles-residencial
72772,Rincón de la Carcaña,Fraccionamiento,San Pedro Cholula,Puebla,San Pedro Cholula,Urbano,https://postali.app/mx/puebla/san-pedro-cholula/rincon-de-la-carcana
72772,San Cristóbal,Fraccionamiento,San Pedro Cholula,Puebla,San Pedro Cholula,Urbano,https://postali.app/mx/puebla/san-pedro-cholula/san-cristobal
72772,San Jorge,Fraccionamiento,San Pedro Cholula,Puebla,San Pedro Cholula,Urbano,https://postali.app/mx/puebla/san-pedro-cholula/san-jorge
72772,Santa Mónica,Fraccionamiento,San Pedro Cholula,Puebla,San Pedro Cholula,Urbano,https://postali.app/mx/puebla/san-pedro-cholula/santa-monica
72774,Santorini,Fraccionamiento,San Pedro Cholula,Puebla,San Pedro Cholula,Urbano,https://postali.app/mx/puebla/san-pedro-cholula/santorini
72774,Álvaro Obregón,Colonia,San Pedro Cholula,Puebla,San Pedro Cholula,Urbano,https://postali.app/mx/puebla/san-pedro-cholula/alvaro-obregon
72775,Ampliación Momoxpan,Colonia,San Pedro Cholula,Puebla,San Pedro Cholula,Urbano,https://postali.app/mx/puebla/san-pedro-cholula/ampliacion-momoxpan
72775,Camino Real,Colonia,San Pedro Cholula,Puebla,San Pedro Cholula,Urbano,https://postali.app/mx/puebla/san-pedro-cholula/camino-real
72775,Cipreses de Santiago,Colonia,San Pedro Cholula,Puebla,San Pedro Cholula,Urbano,https://postali.app/mx/puebla/san-pedro-cholula/cipreses-de-santiago
72775,Residencial Torrecillas,Fraccionamiento,San Pedro Cholula,Puebla,San Pedro Cholula,Urbano,https://postali.app/mx/puebla/san-pedro-cholula/residencial-torrecillas
72775,Santiago Momoxpan,Colonia,San Pedro Cholula,Puebla,San Pedro Cholula,Urbano,https://postali.app/mx/puebla/san-pedro-cholula/santiago-momoxpan
72775,Villa Manantiales,Colonia,San Pedro Cholula,Puebla,San Pedro Cholula,Urbano,https://postali.app/mx/puebla/san-pedro-cholula/villa-manantiales
72775,Villas Jardines,Condominio,San Pedro Cholula,Puebla,San Pedro Cholula,Urbano,https://postali.app/mx/puebla/san-pedro-cholula/villas-jardines
72776,Adhara Residencial,Condominio,San Pedro Cholula,Puebla,San Pedro Cholula,Urbano,https://postali.app/mx/puebla/san-pedro-cholula/adhara-residencial
72776,Atocha,Fraccionamiento,San Pedro Cholula,Puebla,San Pedro Cholula,Urbano,https://postali.app/mx/puebla/san-pedro-cholula/atocha
72776,El Pilar,Conjunto habitacional,San Pedro Cholula,Puebla,San Pedro Cholula,Urbano,https://postali.app/mx/puebla/san-pedro-cholula/el-pilar
72776,El Prado,Fraccionamiento,San Pedro Cholula,Puebla,San Pedro Cholula,Urbano,https://postali.app/mx/puebla/san-pedro-cholula/el-prado
72776,Fuentes de Saint Germaint,Fraccionamiento,San Pedro Cholula,Puebla,San Pedro Cholula,Urbano,https://postali.app/mx/puebla/san-pedro-cholula/fuentes-de-saint-germaint
72776,La Carcaña,Conjunto habitacional,San Pedro Cholula,Puebla,San Pedro Cholula,Urbano,https://postali.app/mx/puebla/san-pedro-cholula/la-carcana
72776,La Joya,Conjunto habitacional,San Pedro Cholula,Puebla,San Pedro Cholula,Urbano,https://postali.app/mx/puebla/san-pedro-cholula/la-joya
72776,La Marquesa,Fraccionamiento,San Pedro Cholula,Puebla,San Pedro Cholula,Urbano,https://postali.app/mx/puebla/san-pedro-cholula/la-marquesa
72776,Las Quintas,Conjunto habitacional,San Pedro Cholula,Puebla,San Pedro Cholula,Urbano,https://postali.app/mx/puebla/san-pedro-cholula/las-quintas
72776,Las Villas,Fraccionamiento,San Pedro Cholula,Puebla,San Pedro Cholula,Urbano,https://postali.app/mx/puebla/san-pedro-cholula/las-villas
72776,Los Pinos,Fraccionamiento,San Pedro Cholula,Puebla,San Pedro Cholula,Urbano,https://postali.app/mx/puebla/san-pedro-cholula/los-pinos
72776,Monteolivo Residencial,Fraccionamiento,San Pedro Cholula,Puebla,San Pedro Cholula,Urbano,https://postali.app/mx/puebla/san-pedro-cholula/monteolivo-residencial
72776,Montesierra Residencial,Fraccionamiento,San Pedro Cholula,Puebla,San Pedro Cholula,Urbano,https://postali.app/mx/puebla/san-pedro-cholula/montesierra-residencial
72776,Oasis,Fraccionamiento,San Pedro Cholula,Puebla,San Pedro Cholula,Urbano,https://postali.app/mx/puebla/san-pedro-cholula/oasis
72776,Obsidiana,Condominio,San Pedro Cholula,Puebla,San Pedro Cholula,Urbano,https://postali.app/mx/puebla/san-pedro-cholula/obsidiana
72776,Paseo de los Álamos,Fraccionamiento,San Pedro Cholula,Puebla,San Pedro Cholula,Urbano,https://postali.app/mx/puebla/san-pedro-cholula/paseo-de-los-alamos
72776,Pedregal de la Carcaña,Fraccionamiento,San Pedro Cholula,Puebla,San Pedro Cholula,Urbano,https://postali.app/mx/puebla/san-pedro-cholula/pedregal-de-la-carcana
72776,Plazuela de Santa Teresa,Fraccionamiento,San Pedro Cholula,Puebla,San Pedro Cholula,Urbano,https://postali.app/mx/puebla/san-pedro-cholula/plazuela-de-santa-teresa
72776,Pustinia,Fraccionamiento,San Pedro Cholula,Puebla,San Pedro Cholula,Urbano,https://postali.app/mx/puebla/san-pedro-cholula/pustinia
72776,Quetzalcoatl,Fraccionamiento,San Pedro Cholula,Puebla,San Pedro Cholula,Urbano,https://postali.app/mx/puebla/san-pedro-cholula/quetzalcoatl
72776,Quinta Los Naranjos,Fraccionamiento,San Pedro Cholula,Puebla,San Pedro Cholula,Urbano,https://postali.app/mx/puebla/san-pedro-cholula/quinta-los-naranjos
72776,Quinta Mañanitas,Conjunto habitacional,San Pedro Cholula,Puebla,San Pedro Cholula,Urbano,https://postali.app/mx/puebla/san-pedro-cholula/quinta-mananitas
72776,Quinta Real,Fraccionamiento,San Pedro Cholula,Puebla,San Pedro Cholula,Urbano,https://postali.app/mx/puebla/san-pedro-cholula/quinta-real
72776,Quinta San Jerónimo,Fraccionamiento,San Pedro Cholula,Puebla,San Pedro Cholula,Urbano,https://postali.app/mx/puebla/san-pedro-cholula/quinta-san-jeronimo
72776,Residencial Compostela,Fraccionamiento,San Pedro Cholula,Puebla,San Pedro Cholula,Urbano,https://postali.app/mx/puebla/san-pedro-cholula/residencial-compostela
72776,Residencial Ex-Hacienda la Carcaña,Fraccionamiento,San Pedro Cholula,Puebla,San Pedro Cholula,Urbano,https://postali.app/mx/puebla/san-pedro-cholula/residencial-ex-hacienda-la-carcana
72776,Rincón de las Quintas,Fraccionamiento,San Pedro Cholula,Puebla,San Pedro Cholula,Urbano,https://postali.app/mx/puebla/san-pedro-cholula/rincon-de-las-quintas
72776,Rivadavia,Fraccionamiento,San Pedro Cholula,Puebla,San Pedro Cholula,Urbano,https://postali.app/mx/puebla/san-pedro-cholula/rivadavia
72776,Roganto,Fraccionamiento,San Pedro Cholula,Puebla,San Pedro Cholula,Urbano,https://postali.app/mx/puebla/san-pedro-cholula/roganto
72776,Ruscelletto,Fraccionamiento,San Pedro Cholula,Puebla,San Pedro Cholula,Urbano,https://postali.app/mx/puebla/san-pedro-cholula/ruscelletto
72776,Santa Elena,Fraccionamiento,San Pedro Cholula,Puebla,San Pedro Cholula,Urbano,https://postali.app/mx/puebla/san-pedro-cholula/santa-elena
72776,Villas del Atlaco,Colonia,San Pedro Cholula,Puebla,San Pedro Cholula,Urbano,https://postali.app/mx/puebla/san-pedro-cholula/villas-del-atlaco
72776,Xochitlcali,Fraccionamiento,San Pedro Cholula,Puebla,San Pedro Cholula,Urbano,https://postali.app/mx/puebla/san-pedro-cholula/xochitlcali
72777,Camino de Santiago,Fraccionamiento,San Pedro Cholula,Puebla,San Pedro Cholula,Urbano,https://postali.app/mx/puebla/san-pedro-cholula/camino-de-santiago
72777,Cipreses Azules,Fraccionamiento,San Pedro Cholula,Puebla,San Pedro Cholula,Urbano,https://postali.app/mx/puebla/san-pedro-cholula/cipreses-azules
72777,Ex-Hacienda la Carcaña,Colonia,San Pedro Cholula,Puebla,San Pedro Cholula,Urbano,https://postali.app/mx/puebla/san-pedro-cholula/ex-hacienda-la-carcana
72777,Fuentes de la Carcaña,Colonia,San Pedro Cholula,Puebla,San Pedro Cholula,Urbano,https://postali.app/mx/puebla/san-pedro-cholula/fuentes-de-la-carcana
72777,Jardines de la Carcaña,Conjunto habitacional,San Pedro Cholula,Puebla,San Pedro Cholula,Urbano,https://postali.app/mx/puebla/san-pedro-cholula/jardines-de-la-carcana
72777,La Fusión,Fraccionamiento,San Pedro Cholula,Puebla,San Pedro Cholula,Urbano,https://postali.app/mx/puebla/san-pedro-cholula/la-fusion
72777,La Riviera,Fraccionamiento,San Pedro Cholula,Puebla,San Pedro Cholula,Urbano,https://postali.app/mx/puebla/san-pedro-cholula/la-riviera
72777,La Terraza,Fraccionamiento,San Pedro Cholula,Puebla,San Pedro Cholula,Urbano,https://postali.app/mx/puebla/san-pedro-cholula/la-terraza
72777,Lomas de la Carcaña,Conjunto habitacional,San Pedro Cholula,Puebla,San Pedro Cholula,Urbano,https://postali.app/mx/puebla/san-pedro-cholula/lomas-de-la-carcana
72777,Los Almendros,Fraccionamiento,San Pedro Cholula,Puebla,San Pedro Cholula,Urbano,https://postali.app/mx/puebla/san-pedro-cholula/los-almendros
72777,Marsella,Fraccionamiento,San Pedro Cholula,Puebla,San Pedro Cholula,Urbano,https://postali.app/mx/puebla/san-pedro-cholula/marsella
72777,Real de Caballero,Fraccionamiento,San Pedro Cholula,Puebla,San Pedro Cholula,Urbano,https://postali.app/mx/puebla/san-pedro-cholula/real-de-caballero
72777,Real de Palmas,Fraccionamiento,San Pedro Cholula,Puebla,San Pedro Cholula,Urbano,https://postali.app/mx/puebla/san-pedro-cholula/real-de-palmas
72777,Residencial el Campanario,Condominio,San Pedro Cholula,Puebla,San Pedro Cholula,Urbano,https://postali.app/mx/puebla/san-pedro-cholula/residencial-el-campanario
72777,Residencial San Pedro,Fraccionamiento,San Pedro Cholula,Puebla,San Pedro Cholula,Urbano,https://postali.app/mx/puebla/san-pedro-cholula/residencial-san-pedro
72778,Los Frailes,Fraccionamiento,San Pedro Cholula,Puebla,San Pedro Cholula,Urbano,https://postali.app/mx/puebla/san-pedro-cholula/los-frailes
72778,San Miguel,Barrio,San Pedro Cholula,Puebla,San Pedro Cholula,Urbano,https://postali.app/mx/puebla/san-pedro-cholula/san-miguel-72778
72803,De San Andrés,Conjunto habitacional,San Andrés Cholula,Puebla,San Andrés Cholula,Urbano,https://postali.app/mx/puebla/san-andres-cholula/de-san-andres
72803,Floral,Conjunto habitacional,San Andrés Cholula,Puebla,San Andrés Cholula,Urbano,https://postali.app/mx/puebla/san-andres-cholula/floral
72803,Quintas de Atzala,Fraccionamiento,San Andrés Cholula,Puebla,San Andrés Cholula,Urbano,https://postali.app/mx/puebla/san-andres-cholula/quintas-de-atzala
72803,Real de Cholula,Conjunto habitacional,San Andrés Cholula,Puebla,San Andrés Cholula,Urbano,https://postali.app/mx/puebla/san-andres-cholula/real-de-cholula
72803,Real del Pedregal,Fraccionamiento,San Andrés Cholula,Puebla,San Andrés Cholula,Urbano,https://postali.app/mx/puebla/san-andres-cholula/real-del-pedregal
72803,Rinconada de Atzala,Fraccionamiento,San Andrés Cholula,Puebla,San Andrés Cholula,Urbano,https://postali.app/mx/puebla/san-andres-cholula/rinconada-de-atzala
72803,Rinconada de San Andrés,Fraccionamiento,San Andrés Cholula,Puebla,San Andrés Cholula,Urbano,https://postali.app/mx/puebla/san-andres-cholula/rinconada-de-san-andres
72803,San Andrés,Conjunto habitacional,San Andrés Cholula,Puebla,San Andrés Cholula,Urbano,https://postali.app/mx/puebla/san-andres-cholula/san-andres
72803,San Mateo,Conjunto habitacional,San Andrés Cholula,Puebla,San Andrés Cholula,Urbano,https://postali.app/mx/puebla/san-andres-cholula/san-mateo
72805,Cortijo San Andrés,Conjunto habitacional,San Andrés Cholula,Puebla,San Andrés Cholula,Urbano,https://postali.app/mx/puebla/san-andres-cholula/cortijo-san-andres
72805,La Virgen,Colonia,San Andrés Cholula,Puebla,San Andrés Cholula,Urbano,https://postali.app/mx/puebla/san-andres-cholula/la-virgen
72805,Las Cumbres,Fraccionamiento,San Andrés Cholula,Puebla,San Andrés Cholula,Urbano,https://postali.app/mx/puebla/san-andres-cholula/las-cumbres
72805,Lázaro Cárdenas,Colonia,San Andrés Cholula,Puebla,San Andrés Cholula,Urbano,https://postali.app/mx/puebla/san-andres-cholula/lazaro-cardenas
72805,Paseos de Cholula,Fraccionamiento,San Andrés Cholula,Puebla,San Andrés Cholula,Urbano,https://postali.app/mx/puebla/san-andres-cholula/paseos-de-cholula
72805,Rinconada del Fresno,Fraccionamiento,San Andrés Cholula,Puebla,San Andrés Cholula,Urbano,https://postali.app/mx/puebla/san-andres-cholula/rinconada-del-fresno
72805,San José,Fraccionamiento,San Andrés Cholula,Puebla,San Andrés Cholula,Urbano,https://postali.app/mx/puebla/san-andres-cholula/san-jose
72805,Santa Teresa,Fraccionamiento,San Andrés Cholula,Puebla,San Andrés Cholula,Urbano,https://postali.app/mx/puebla/san-andres-cholula/santa-teresa
72805,Santa Teresa Residencial,Fraccionamiento,San Andrés Cholula,Puebla,San Andrés Cholula,Urbano,https://postali.app/mx/puebla/san-andres-cholula/santa-teresa-residencial
72805,Villas Lolita,Fraccionamiento,San Andrés Cholula,Puebla,San Andrés Cholula,Urbano,https://postali.app/mx/puebla/san-andres-cholula/villas-lolita
72810,Arcángeles Xaltepec,Fraccionamiento,San Andrés Cholula,Puebla,San Andrés Cholula,Urbano,https://postali.app/mx/puebla/san-andres-cholula/arcangeles-xaltepec
72810,Aztlán,Conjunto habitacional,San Andrés Cholula,Puebla,San Andrés Cholula,Urbano,https://postali.app/mx/puebla/san-andres-cholula/aztlan
72810,Bertha,Colonia,San Andrés Cholula,Puebla,San Andrés Cholula,Urbano,https://postali.app/mx/puebla/san-andres-cholula/bertha
72810,De la Santísima,Barrio,San Andrés Cholula,Puebla,San Andrés Cholula,Urbano,https://postali.app/mx/puebla/san-andres-cholula/de-la-santisima
72810,El Puente,Fraccionamiento,San Andrés Cholula,Puebla,San Andrés Cholula,Urbano,https://postali.app/mx/puebla/san-andres-cholula/el-puente
72810,Futura,Fraccionamiento,San Andrés Cholula,Puebla,San Andrés Cholula,Urbano,https://postali.app/mx/puebla/san-andres-cholula/futura
72810,Joyas Arqueológicas,Colonia,San Andrés Cholula,Puebla,San Andrés Cholula,Urbano,https://postali.app/mx/puebla/san-andres-cholula/joyas-arqueologicas
72810,La Alfonsina,Fraccionamiento,San Andrés Cholula,Puebla,San Andrés Cholula,Urbano,https://postali.app/mx/puebla/san-andres-cholula/la-alfonsina
72810,La Aureola,Conjunto habitacional,San Andrés Cholula,Puebla,San Andrés Cholula,Urbano,https://postali.app/mx/puebla/san-andres-cholula/la-aureola
72810,Las Américas,Fraccionamiento,San Andrés Cholula,Puebla,San Andrés Cholula,Urbano,https://postali.app/mx/puebla/san-andres-cholula/las-americas
72810,Los Sapos,Conjunto habitacional,San Andrés Cholula,Puebla,San Andrés Cholula,Urbano,https://postali.app/mx/puebla/san-andres-cholula/los-sapos
72810,Lumaha,Conjunto habitacional,San Andrés Cholula,Puebla,San Andrés Cholula,Urbano,https://postali.app/mx/puebla/san-andres-cholula/lumaha
72810,Residencial la Mezza,Fraccionamiento,San Andrés Cholula,Puebla,San Andrés Cholula,Urbano,https://postali.app/mx/puebla/san-andres-cholula/residencial-la-mezza
72810,San Andrés Cholula Centro,Colonia,San Andrés Cholula,Puebla,San Andrés Cholula,Urbano,https://postali.app/mx/puebla/san-andres-cholula/san-andres-cholula-centro
72810,San Juan Aquiahuac,Barrio,San Andrés Cholula,Puebla,San Andrés Cholula,Urbano,https://postali.app/mx/puebla/san-andres-cholula/san-juan-aquiahuac
72810,San Miguel,Barrio,San Andrés Cholula,Puebla,San Andrés Cholula,Urbano,https://postali.app/mx/puebla/san-andres-cholula/san-miguel
72810,Santa Catarina,Fraccionamiento,San Andrés Cholula,Puebla,San Andrés Cholula,Urbano,https://postali.app/mx/puebla/san-andres-cholula/santa-catarina
72810,Santa María,Barrio,San Andrés Cholula,Puebla,San Andrés Cholula,Urbano,https://postali.app/mx/puebla/san-andres-cholula/santa-maria
72810,Santa María,Conjunto habitacional,San Andrés Cholula,Puebla,San Andrés Cholula,Urbano,https://postali.app/mx/puebla/san-andres-cholula/santa-maria-72810
72810,Santiago Xicohtenco,Barrio,San Andrés Cholula,Puebla,San Andrés Cholula,Urbano,https://postali.app/mx/puebla/san-andres-cholula/santiago-xicohtenco
72810,Santo Niño,Barrio,San Andrés Cholula,Puebla,San Andrés Cholula,Urbano,https://postali.app/mx/puebla/san-andres-cholula/santo-nino
72810,Zona de Profesores,Fraccionamiento,San Andrés Cholula,Puebla,San Andrés Cholula,Urbano,https://postali.app/mx/puebla/san-andres-cholula/zona-de-profesores
72813,Acueducto San Román,Fraccionamiento,San Andrés Cholula,Puebla,San Andrés Cholula,Urbano,https://postali.app/mx/puebla/san-andres-cholula/acueducto-san-roman
72813,Atzala,Fraccionamiento,San Andrés Cholula,Puebla,San Andrés Cholula,Urbano,https://postali.app/mx/puebla/san-andres-cholula/atzala
72813,Bosques de Morillotla,Colonia,San Andrés Cholula,Puebla,San Andrés Cholula,Urbano,https://postali.app/mx/puebla/san-andres-cholula/bosques-de-morillotla
72813,Bugambilias,Fraccionamiento,San Andrés Cholula,Puebla,San Andrés Cholula,Urbano,https://postali.app/mx/puebla/san-andres-cholula/bugambilias
72813,Campestre Morillotla,Fraccionamiento,San Andrés Cholula,Puebla,San Andrés Cholula,Urbano,https://postali.app/mx/puebla/san-andres-cholula/campestre-morillotla
72813,Ex-Hacienda de Santa Teresa,Fraccionamiento,San Andrés Cholula,Puebla,San Andrés Cholula,Urbano,https://postali.app/mx/puebla/san-andres-cholula/ex-hacienda-de-santa-teresa
72813,La Escondida,Fraccionamiento,San Andrés Cholula,Puebla,San Andrés Cholula,Urbano,https://postali.app/mx/puebla/san-andres-cholula/la-escondida
72813,La Herradura,Fraccionamiento,San Andrés Cholula,Puebla,San Andrés Cholula,Urbano,https://postali.app/mx/puebla/san-andres-cholula/la-herradura
72813,La Joya,Fraccionamiento,San Andrés Cholula,Puebla,San Andrés Cholula,Urbano,https://postali.app/mx/puebla/san-andres-cholula/la-joya
72813,La Rivera,Fraccionamiento,San Andrés Cholula,Puebla,San Andrés Cholula,Urbano,https://postali.app/mx/puebla/san-andres-cholula/la-rivera
72813,Las Orquídeas,Fraccionamiento,San Andrés Cholula,Puebla,San Andrés Cholula,Urbano,https://postali.app/mx/puebla/san-andres-cholula/las-orquideas
72813,Los Arrayanes,Fraccionamiento,San Andrés Cholula,Puebla,San Andrés Cholula,Urbano,https://postali.app/mx/puebla/san-andres-cholula/los-arrayanes
72813,Los Encinos,Fraccionamiento,San Andrés Cholula,Puebla,San Andrés Cholula,Urbano,https://postali.app/mx/puebla/san-andres-cholula/los-encinos
72813,Los Volcanes,Fraccionamiento,San Andrés Cholula,Puebla,San Andrés Cholula,Urbano,https://postali.app/mx/puebla/san-andres-cholula/los-volcanes
72813,Morillotla,Fraccionamiento,San Andrés Cholula,Puebla,San Andrés Cholula,Urbano,https://postali.app/mx/puebla/san-andres-cholula/morillotla
72813,Morillotla,Colonia,San Andrés Cholula,Puebla,San Andrés Cholula,Urbano,https://postali.app/mx/puebla/san-andres-cholula/morillotla-72813
72813,Paseos de Morillotla,Fraccionamiento,San Andrés Cholula,Puebla,San Andrés Cholula,Urbano,https://postali.app/mx/puebla/san-andres-cholula/paseos-de-morillotla
72813,Quintas de Morillotla,Fraccionamiento,San Andrés Cholula,Puebla,San Andrés Cholula,Urbano,https://postali.app/mx/puebla/san-andres-cholula/quintas-de-morillotla
72813,Rancho San Miguel,Fraccionamiento,San Andrés Cholula,Puebla,San Andrés Cholula,Urbano,https://postali.app/mx/puebla/san-andres-cholula/rancho-san-miguel
72813,Real de Morillotla,Fraccionamiento,San Andrés Cholula,Puebla,San Andrés Cholula,Urbano,https://postali.app/mx/puebla/san-andres-cholula/real-de-morillotla
72813,Real de San Pedro,Unidad habitacional,San Andrés Cholula,Puebla,San Andrés Cholula,Urbano,https://postali.app/mx/puebla/san-andres-cholula/real-de-san-pedro
72813,Residencial Rinconada de Morillotla,Fraccionamiento,San Andrés Cholula,Puebla,San Andrés Cholula,Urbano,https://postali.app/mx/puebla/san-andres-cholula/residencial-rinconada-de-morillotla
72813,Rincón de Atzala,Fraccionamiento,San Andrés Cholula,Puebla,San Andrés Cholula,Urbano,https://postali.app/mx/puebla/san-andres-cholula/rincon-de-atzala
72814,Almanares Cholollan,Unidad habitacional,San Andrés Cholula,Puebla,San Andrés Cholula,Urbano,https://postali.app/mx/puebla/san-andres-cholula/almanares-cholollan
72814,Cube,Condominio,San Andrés Cholula,Puebla,San Andrés Cholula,Urbano,https://postali.app/mx/puebla/san-andres-cholula/cube
72814,Cube II,Condominio,San Andrés Cholula,Puebla,San Andrés Cholula,Urbano,https://postali.app/mx/puebla/san-andres-cholula/cube-ii
72814,El Barreal,Unidad habitacional,San Andrés Cholula,Puebla,San Andrés Cholula,Urbano,https://postali.app/mx/puebla/san-andres-cholula/el-barreal
72814,Jardines de los Cipreses,Fraccionamiento,San Andrés Cholula,Puebla,San Andrés Cholula,Urbano,https://postali.app/mx/puebla/san-andres-cholula/jardines-de-los-cipreses
72814,Quetzalli,Fraccionamiento,San Andrés Cholula,Puebla,San Andrés Cholula,Urbano,https://postali.app/mx/puebla/san-andres-cholula/quetzalli
72814,Residencial Barrio Real,Fraccionamiento,San Andrés Cholula,Puebla,San Andrés Cholula,Urbano,https://postali.app/mx/puebla/san-andres-cholula/residencial-barrio-real
72814,Rincón de las Américas,Fraccionamiento,San Andrés Cholula,Puebla,San Andrés Cholula,Urbano,https://postali.app/mx/puebla/san-andres-cholula/rincon-de-las-americas
72814,San Andrés,Fraccionamiento,San Andrés Cholula,Puebla,San Andrés Cholula,Urbano,https://postali.app/mx/puebla/san-andres-cholula/san-andres-72814
72814,Santa Emma,Fraccionamiento,San Andrés Cholula,Puebla,San Andrés Cholula,Urbano,https://postali.app/mx/puebla/san-andres-cholula/santa-emma
72815,Los Potrillos,Fraccionamiento,San Andrés Cholula,Puebla,San Andrés Cholula,Urbano,https://postali.app/mx/puebla/san-andres-cholula/los-potrillos
72815,Puente La Santísima,Fraccionamiento,San Andrés Cholula,Puebla,San Andrés Cholula,Urbano,https://postali.app/mx/puebla/san-andres-cholula/puente-la-santisima
72815,San Andresito,Colonia,San Andrés Cholula,Puebla,San Andrés Cholula,Urbano,https://postali.app/mx/puebla/san-andres-cholula/san-andresito
72815,San Miguel,Colonia,San Andrés Cholula,Puebla,San Andrés Cholula,Urbano,https://postali.app/mx/puebla/san-andres-cholula/san-miguel-72815
72815,San Pedro Colomoxco,Colonia,San Andrés Cholula,Puebla,San Andrés Cholula,Urbano,https://postali.app/mx/puebla/san-andres-cholula/san-pedro-colomoxco
72815,Santa María Cuaco,Colonia,San Andrés Cholula,Puebla,San Andrés Cholula,Urbano,https://postali.app/mx/puebla/san-andres-cholula/santa-maria-cuaco
72817,Actipac,Colonia,San Andrés Cholula,Puebla,San Andrés Cholula,Urbano,https://postali.app/mx/puebla/san-andres-cholula/actipac
72817,El Arenal,Colonia,San Andrés Cholula,Puebla,San Andrés Cholula,Urbano,https://postali.app/mx/puebla/san-andres-cholula/el-arenal
72817,La Magdalena,Colonia,San Andrés Cholula,Puebla,San Andrés Cholula,Urbano,https://postali.app/mx/puebla/san-andres-cholula/la-magdalena
72817,Maple,Colonia,San Andrés Cholula,Puebla,San Andrés Cholula,Urbano,https://postali.app/mx/puebla/san-andres-cholula/maple
72819,Universidad de las Américas,Equipamiento,San Andrés Cholula,Puebla,San Andrés Cholula,Urbano,https://postali.app/mx/puebla/san-andres-cholula/universidad-de-las-americas
72820,Ciudad Judicial,Equipamiento,San Andrés Cholula,Puebla,San Andrés Cholula,Urbano,https://postali.app/mx/puebla/san-andres-cholula/ciudad-judicial
72820,La Misión,Fraccionamiento,San Andrés Cholula,Puebla,San Andrés Cholula,Urbano,https://postali.app/mx/puebla/san-andres-cholula/la-mision
72820,Reserva Territorial Atlixcayotl,Equipamiento,San Andrés Cholula,Puebla,San Andrés Cholula,Urbano,https://postali.app/mx/puebla/san-andres-cholula/reserva-territorial-atlixcayotl
72820,Rincón de Atlixcayotl,Fraccionamiento,San Andrés Cholula,Puebla,San Andrés Cholula,Urbano,https://postali.app/mx/puebla/san-andres-cholula/rincon-de-atlixcayotl
72820,San Bernardino la Trinidad,Fraccionamiento,San Andrés Cholula,Puebla,San Andrés Cholula,Urbano,https://postali.app/mx/puebla/san-andres-cholula/san-bernardino-la-trinidad
72820,San Bernardino Tlaxcalancingo,Pueblo,San Andrés Cholula,Puebla,San Andrés Cholula,Urbano,https://postali.app/mx/puebla/san-andres-cholula/san-bernardino-tlaxcalancingo
72820,Santa María,Barrio,San Andrés Cholula,Puebla,San Andrés Cholula,Urbano,https://postali.app/mx/puebla/san-andres-cholula/santa-maria-72820
72820,Xinacatla,Colonia,San Andrés Cholula,Puebla,San Andrés Cholula,Urbano,https://postali.app/mx/puebla/san-andres-cholula/xinacatla
72823,Coyotepec,Colonia,San Andrés Cholula,Puebla,San Andrés Cholula,Urbano,https://postali.app/mx/puebla/san-andres-cholula/coyotepec
72823,Cuayantla,Colonia,San Andrés Cholula,Puebla,San Andrés Cholula,Urbano,https://postali.app/mx/puebla/san-andres-cholula/cuayantla
72823,Los Caballos,Colonia,San Andrés Cholula,Puebla,San Andrés Cholula,Urbano,https://postali.app/mx/puebla/san-andres-cholula/los-caballos
72823,Los Cedros,Conjunto habitacional,San Andrés Cholula,Puebla,San Andrés Cholula,Urbano,https://postali.app/mx/puebla/san-andres-cholula/los-cedros
72823,Plazuelas de San Bernardino,Fraccionamiento,San Andrés Cholula,Puebla,San Andrés Cholula,Urbano,https://postali.app/mx/puebla/san-andres-cholula/plazuelas-de-san-bernardino
72823,Tepecuitlalpa,Colonia,San Andrés Cholula,Puebla,San Andrés Cholula,Urbano,https://postali.app/mx/puebla/san-andres-cholula/tepecuitlalpa
72824,Arcángeles de Morillotla,Fraccionamiento,San Andrés Cholula,Puebla,San Andrés Cholula,Urbano,https://postali.app/mx/puebla/san-andres-cholula/arcangeles-de-morillotla
72824,Cerrada Los Caballos,Fraccionamiento,San Andrés Cholula,Puebla,San Andrés Cholula,Urbano,https://postali.app/mx/puebla/san-andres-cholula/cerrada-los-caballos
72824,Cortijo Santa Rosa,Fraccionamiento,San Andrés Cholula,Puebla,San Andrés Cholula,Urbano,https://postali.app/mx/puebla/san-andres-cholula/cortijo-santa-rosa
72824,Emiliano Zapata,Colonia,San Andrés Cholula,Puebla,San Andrés Cholula,Urbano,https://postali.app/mx/puebla/san-andres-cholula/emiliano-zapata
72824,Jardines de San Carlos,Conjunto habitacional,San Andrés Cholula,Puebla,San Andrés Cholula,Urbano,https://postali.app/mx/puebla/san-andres-cholula/jardines-de-san-carlos
72824,La Arbolada,Fraccionamiento,San Andrés Cholula,Puebla,San Andrés Cholula,Urbano,https://postali.app/mx/puebla/san-andres-cholula/la-arbolada
72824,Las Galvias Residencial,Fraccionamiento,San Andrés Cholula,Puebla,San Andrés Cholula,Urbano,https://postali.app/mx/puebla/san-andres-cholula/las-galvias-residencial
72824,Palma Sola,Fraccionamiento,San Andrés Cholula,Puebla,San Andrés Cholula,Urbano,https://postali.app/mx/puebla/san-andres-cholula/palma-sola
72824,Parma,Fraccionamiento,San Andrés Cholula,Puebla,San Andrés Cholula,Urbano,https://postali.app/mx/puebla/san-andres-cholula/parma
72824,Rinconada de la Fortuna 2,Fraccionamiento,San Andrés Cholula,Puebla,San Andrés Cholula,Urbano,https://postali.app/mx/puebla/san-andres-cholula/rinconada-de-la-fortuna-2
72824,Riviera del Garda,Fraccionamiento,San Andrés Cholula,Puebla,San Andrés Cholula,Urbano,https://postali.app/mx/puebla/san-andres-cholula/riviera-del-garda
72824,Terrazas de Angelópolis,Fraccionamiento,San Andrés Cholula,Puebla,San Andrés Cholula,Urbano,https://postali.app/mx/puebla/san-andres-cholula/terrazas-de-angelopolis
72824,Universidad del Valle de México,Equipamiento,San Andrés Cholula,Puebla,San Andrés Cholula,Urbano,https://postali.app/mx/puebla/san-andres-cholula/universidad-del-valle-de-mexico
72824,Villas de Morillotla,Fraccionamiento,San Andrés Cholula,Puebla,San Andrés Cholula,Urbano,https://postali.app/mx/puebla/san-andres-cholula/villas-de-morillotla
72824,Villas de San Antonio,Fraccionamiento,San Andrés Cholula,Puebla,San Andrés Cholula,Urbano,https://postali.app/mx/puebla/san-andres-cholula/villas-de-san-antonio
72824,Villas Mirage,Fraccionamiento,San Andrés Cholula,Puebla,San Andrés Cholula,Urbano,https://postali.app/mx/puebla/san-andres-cholula/villas-mirage
72824,Vistas del Ángel,Fraccionamiento,San Andrés Cholula,Puebla,San Andrés Cholula,Urbano,https://postali.app/mx/puebla/san-andres-cholula/vistas-del-angel
72824,Ángeles de Morillotla,Fraccionamiento,San Andrés Cholula,Puebla,San Andrés Cholula,Urbano,https://postali.app/mx/puebla/san-andres-cholula/angeles-de-morillotla
72825,Agaves Residencial,Fraccionamiento,San Andrés Cholula,Puebla,San Andrés Cholula,Urbano,https://postali.app/mx/puebla/san-andres-cholula/agaves-residencial
72825,Atlixcayotl 2000,Fraccionamiento,San Andrés Cholula,Puebla,San Andrés Cholula,Urbano,https://postali.app/mx/puebla/san-andres-cholula/atlixcayotl-2000
72825,El Molinito,Colonia,San Andrés Cholula,Puebla,San Andrés Cholula,Urbano,https://postali.app/mx/puebla/san-andres-cholula/el-molinito
72825,Ex-Hacienda Cortijo de San Martinito,Colonia,San Andrés Cholula,Puebla,San Andrés Cholula,Urbano,https://postali.app/mx/puebla/san-andres-cholula/ex-hacienda-cortijo-de-san-martinito
72825,Geovillas Santa Clara Sección I y II,Colonia,San Andrés Cholula,Puebla,San Andrés Cholula,Urbano,https://postali.app/mx/puebla/san-andres-cholula/geovillas-santa-clara-seccion-i-y-ii
72825,Gobernadores,Fraccionamiento,San Andrés Cholula,Puebla,San Andrés Cholula,Urbano,https://postali.app/mx/puebla/san-andres-cholula/gobernadores
72825,La Fortuna,Fraccionamiento,San Andrés Cholula,Puebla,San Andrés Cholula,Urbano,https://postali.app/mx/puebla/san-andres-cholula/la-fortuna
72825,La Viga,Fraccionamiento,San Andrés Cholula,Puebla,San Andrés Cholula,Urbano,https://postali.app/mx/puebla/san-andres-cholula/la-viga
72825,Las Animas,Unidad habitacional,San Andrés Cholula,Puebla,San Andrés Cholula,Urbano,https://postali.app/mx/puebla/san-andres-cholula/las-animas
72825,Las Mercedes,Fraccionamiento,San Andrés Cholula,Puebla,San Andrés Cholula,Urbano,https://postali.app/mx/puebla/san-andres-cholula/las-mercedes
72825,Lyra,Conjunto habitacional,San Andrés Cholula,Puebla,San Andrés Cholula,Urbano,https://postali.app/mx/puebla/san-andres-cholula/lyra
72825,Magisterio 2000 II,Fraccionamiento,San Andrés Cholula,Puebla,San Andrés Cholula,Urbano,https://postali.app/mx/puebla/san-andres-cholula/magisterio-2000-ii
72825,Mayaquen,Fraccionamiento,San Andrés Cholula,Puebla,San Andrés Cholula,Urbano,https://postali.app/mx/puebla/san-andres-cholula/mayaquen
72825,Mira,Fraccionamiento,San Andrés Cholula,Puebla,San Andrés Cholula,Urbano,https://postali.app/mx/puebla/san-andres-cholula/mira
72825,Misión de San Martinito,Fraccionamiento,San Andrés Cholula,Puebla,San Andrés Cholula,Urbano,https://postali.app/mx/puebla/san-andres-cholula/mision-de-san-martinito
72825,Molino Viejo,Conjunto habitacional,San Andrés Cholula,Puebla,San Andrés Cholula,Urbano,https://postali.app/mx/puebla/san-andres-cholula/molino-viejo
72825,Orión,Fraccionamiento,San Andrés Cholula,Puebla,San Andrés Cholula,Urbano,https://postali.app/mx/puebla/san-andres-cholula/orion
72825,Oyametl,Fraccionamiento,San Andrés Cholula,Puebla,San Andrés Cholula,Urbano,https://postali.app/mx/puebla/san-andres-cholula/oyametl
72825,Paseos de San Andrés,Fraccionamiento,San Andrés Cholula,Puebla,San Andrés Cholula,Urbano,https://postali.app/mx/puebla/san-andres-cholula/paseos-de-san-andres
72825,Paseos del Ángel,Fraccionamiento,San Andrés Cholula,Puebla,San Andrés Cholula,Urbano,https://postali.app/mx/puebla/san-andres-cholula/paseos-del-angel
72825,Real de Santa Clara I,Fraccionamiento,San Andrés Cholula,Puebla,San Andrés Cholula,Urbano,https://postali.app/mx/puebla/san-andres-cholula/real-de-santa-clara-i
72825,Real de Santa Clara II,Fraccionamiento,San Andrés Cholula,Puebla,San Andrés Cholula,Urbano,https://postali.app/mx/puebla/san-andres-cholula/real-de-santa-clara-ii
72825,Rinconada Atlixcayotl,Fraccionamiento,San Andrés Cholula,Puebla,San Andrés Cholula,Urbano,https://postali.app/mx/puebla/san-andres-cholula/rinconada-atlixcayotl
72825,Rinconada de la Fortuna,Fraccionamiento,San Andrés Cholula,Puebla,San Andrés Cholula,Urbano,https://postali.app/mx/puebla/san-andres-cholula/rinconada-de-la-fortuna
72825,Rinconada Santa Fe,Fraccionamiento,San Andrés Cholula,Puebla,San Andrés Cholula,Urbano,https://postali.app/mx/puebla/san-andres-cholula/rinconada-santa-fe
72825,Rincón de Ángeles,Colonia,San Andrés Cholula,Puebla,San Andrés Cholula,Urbano,https://postali.app/mx/puebla/san-andres-cholula/rincon-de-angeles
72825,San Martinito,Colonia,San Andrés Cholula,Puebla,San Andrés Cholula,Urbano,https://postali.app/mx/puebla/san-andres-cholula/san-martinito
72825,San Martinito,Fraccionamiento,San Andrés Cholula,Puebla,San Andrés Cholula,Urbano,https://postali.app/mx/puebla/san-andres-cholula/san-martinito-72825
72825,Santa Fe,Fraccionamiento,San Andrés Cholula,Puebla,San Andrés Cholula,Urbano,https://postali.app/mx/puebla/san-andres-cholula/santa-fe
72825,Tlaxcalli Residencial,Fraccionamiento,San Andrés Cholula,Puebla,San Andrés Cholula,Urbano,https://postali.app/mx/puebla/san-andres-cholula/tlaxcalli-residencial
72825,Villa de los Ángeles I,Fraccionamiento,San Andrés Cholula,Puebla,San Andrés Cholula,Urbano,https://postali.app/mx/puebla/san-andres-cholula/villa-de-los-angeles-i
72825,Villa de los Ángeles II,Colonia,San Andrés Cholula,Puebla,San Andrés Cholula,Urbano,https://postali.app/mx/puebla/san-andres-cholula/villa-de-los-angeles-ii
72825,Villa Floresta,Fraccionamiento,San Andrés Cholula,Puebla,San Andrés Cholula,Urbano,https://postali.app/mx/puebla/san-andres-cholula/villa-floresta
72825,Villas Orión,Fraccionamiento,San Andrés Cholula,Puebla,San Andrés Cholula,Urbano,https://postali.app/mx/puebla/san-andres-cholula/villas-orion
72825,Villas Orión II,Fraccionamiento,San Andrés Cholula,Puebla,San Andrés Cholula,Urbano,https://postali.app/mx/puebla/san-andres-cholula/villas-orion-ii
72825,Ángeles,Unidad habitacional,San Andrés Cholula,Puebla,San Andrés Cholula,Urbano,https://postali.app/mx/puebla/san-andres-cholula/angeles
72826,El Deseo,Fraccionamiento,San Andrés Cholula,Puebla,San Andrés Cholula,Urbano,https://postali.app/mx/puebla/san-andres-cholula/el-deseo
72826,Parque de la Castellana,Colonia,San Andrés Cholula,Puebla,San Andrés Cholula,Urbano,https://postali.app/mx/puebla/san-andres-cholula/parque-de-la-castellana
72826,Parque de la Plata,Fraccionamiento,San Andrés Cholula,Puebla,San Andrés Cholula,Urbano,https://postali.app/mx/puebla/san-andres-cholula/parque-de-la-plata
72826,Parque el Cairo,Fraccionamiento,San Andrés Cholula,Puebla,San Andrés Cholula,Urbano,https://postali.app/mx/puebla/san-andres-cholula/parque-el-cairo
72826,Parque el Nilo,Fraccionamiento,San Andrés Cholula,Puebla,San Andrés Cholula,Urbano,https://postali.app/mx/puebla/san-andres-cholula/parque-el-nilo
72826,Parque Terranova,Fraccionamiento,San Andrés Cholula,Puebla,San Andrés Cholula,Urbano,https://postali.app/mx/puebla/san-andres-cholula/parque-terranova
72826,Parque Veneto,Fraccionamiento,San Andrés Cholula,Puebla,San Andrés Cholula,Urbano,https://postali.app/mx/puebla/san-andres-cholula/parque-veneto
72826,Parque Victoria,Fraccionamiento,San Andrés Cholula,Puebla,San Andrés Cholula,Urbano,https://postali.app/mx/puebla/san-andres-cholula/parque-victoria
72826,Puebla Blanca,Colonia,San Andrés Cholula,Puebla,San Andrés Cholula,Urbano,https://postali.app/mx/puebla/san-andres-cholula/puebla-blanca
72826,Vista Marques,Fraccionamiento,San Andrés Cholula,Puebla,San Andrés Cholula,Urbano,https://postali.app/mx/puebla/san-andres-cholula/vista-marques
72828,Galeotitla,Colonia,San Andrés Cholula,Puebla,San Andrés Cholula,Urbano,https://postali.app/mx/puebla/san-andres-cholula/galeotitla
72828,San Antonio Cacalotepec,Pueblo,San Andrés Cholula,Puebla,San Andrés Cholula,Urbano,https://postali.app/mx/puebla/san-andres-cholula/san-antonio-cacalotepec
72828,San Diego,Barrio,San Andrés Cholula,Puebla,San Andrés Cholula,Urbano,https://postali.app/mx/puebla/san-andres-cholula/san-diego
72828,San Juan,Barrio,San Andrés Cholula,Puebla,San Andrés Cholula,Urbano,https://postali.app/mx/puebla/san-andres-cholula/san-juan
72828,San Luis,Colonia,San Andrés Cholula,Puebla,San Andrés Cholula,Urbano,https://postali.app/mx/puebla/san-andres-cholula/san-luis
72828,San Miguel,Colonia,San Andrés Cholula,Puebla,San Andrés Cholula,Urbano,https://postali.app/mx/puebla/san-andres-cholula/san-miguel-72828
72828,Santa María Acuyah 1,Colonia,San Andrés Cholula,Puebla,San Andrés Cholula,Urbano,https://postali.app/mx/puebla/san-andres-cholula/santa-maria-acuyah-1
72828,Xicotzingo,Colonia,San Andrés Cholula,Puebla,San Andrés Cholula,Urbano,https://postali.app/mx/puebla/san-andres-cholula/xicotzingo
72830,Alta Vista,Fraccionamiento,San Andrés Cholula,Puebla,San Andrés Cholula,Urbano,https://postali.app/mx/puebla/san-andres-cholula/alta-vista
72830,El Secreto,Fraccionamiento,San Andrés Cholula,Puebla,San Andrés Cholula,Urbano,https://postali.app/mx/puebla/san-andres-cholula/el-secreto
72830,La Vista Contry Club,Fraccionamiento,San Andrés Cholula,Puebla,San Andrés Cholula,Urbano,https://postali.app/mx/puebla/san-andres-cholula/la-vista-contry-club
72830,Lomas de Angelópolis,Fraccionamiento,San Andrés Cholula,Puebla,San Andrés Cholula,Urbano,https://postali.app/mx/puebla/san-andres-cholula/lomas-de-angelopolis
72830,Lomas de Angelópolis II,Fraccionamiento,San Andrés Cholula,Puebla,San Andrés Cholula,Urbano,https://postali.app/mx/puebla/san-andres-cholula/lomas-de-angelopolis-ii
72830,Lomas de Angelópolis Privanza,Fraccionamiento,San Andrés Cholula,Puebla,San Andrés Cholula,Urbano,https://postali.app/mx/puebla/san-andres-cholula/lomas-de-angelopolis-privanza
72830,Lomas de la Toscana,Fraccionamiento,San Andrés Cholula,Puebla,San Andrés Cholula,Urbano,https://postali.app/mx/puebla/san-andres-cholula/lomas-de-la-toscana
72830,Rincón de los Reyes,Fraccionamiento,San Andrés Cholula,Puebla,San Andrés Cholula,Urbano,https://postali.app/mx/puebla/san-andres-cholula/rincon-de-los-reyes
72830,Valle Real,Fraccionamiento,San Andrés Cholula,Puebla,San Andrés Cholula,Urbano,https://postali.app/mx/puebla/san-andres-cholula/valle-real
72830,Vista Real,Fraccionamiento,San Andrés Cholula,Puebla,San Andrés Cholula,Urbano,https://postali.app/mx/puebla/san-andres-cholula/vista-real
72830,Vista Real del Sur,Fraccionamiento,San Andrés Cholula,Puebla,San Andrés Cholula,Urbano,https://postali.app/mx/puebla/san-andres-cholula/vista-real-del-sur
72833,Centro Comercial Palmas Plaza,Zona comercial,San Andrés Cholula,Puebla,San Andrés Cholula,Urbano,https://postali.app/mx/puebla/san-andres-cholula/centro-comercial-palmas-plaza
72833,Concepción Guadalupe,Colonia,San Andrés Cholula,Puebla,San Andrés Cholula,Urbano,https://postali.app/mx/puebla/san-andres-cholula/concepcion-guadalupe
72833,Cortijo Angelopolis,Fraccionamiento,San Andrés Cholula,Puebla,San Andrés Cholula,Urbano,https://postali.app/mx/puebla/san-andres-cholula/cortijo-angelopolis
72833,Fuentes de Angelopolis,Fraccionamiento,San Andrés Cholula,Puebla,San Andrés Cholula,Urbano,https://postali.app/mx/puebla/san-andres-cholula/fuentes-de-angelopolis
72833,Puerta Paraíso,Fraccionamiento,San Andrés Cholula,Puebla,San Andrés Cholula,Urbano,https://postali.app/mx/puebla/san-andres-cholula/puerta-paraiso
72833,Residencial Las Palmas,Fraccionamiento,San Andrés Cholula,Puebla,San Andrés Cholula,Urbano,https://postali.app/mx/puebla/san-andres-cholula/residencial-las-palmas
72833,Torres de Plata,Condominio,San Andrés Cholula,Puebla,San Andrés Cholula,Urbano,https://postali.app/mx/puebla/san-andres-cholula/torres-de-plata
72835,Geovillas Atlixcayotl la Hacienda,Fraccionamiento,San Andrés Cholula,Puebla,San Andrés Cholula,Urbano,https://postali.app/mx/puebla/san-andres-cholula/geovillas-atlixcayotl-la-hacienda
72835,Las Sinfonías,Fraccionamiento,San Andrés Cholula,Puebla,San Andrés Cholula,Urbano,https://postali.app/mx/puebla/san-andres-cholula/las-sinfonias
72835,Momosa,Fraccionamiento,San Andrés Cholula,Puebla,San Andrés Cholula,Urbano,https://postali.app/mx/puebla/san-andres-cholula/momosa
72835,Residencial El Pilar,Fraccionamiento,San Andrés Cholula,Puebla,San Andrés Cholula,Urbano,https://postali.app/mx/puebla/san-andres-cholula/residencial-el-pilar
72835,Residencial San Ángel,Fraccionamiento,San Andrés Cholula,Puebla,San Andrés Cholula,Urbano,https://postali.app/mx/puebla/san-andres-cholula/residencial-san-angel
72835,Villas de Atlixco,Fraccionamiento,San Andrés Cholula,Puebla,San Andrés Cholula,Urbano,https://postali.app/mx/puebla/san-andres-cholula/villas-de-atlixco
72836,Ampliación Concepción la Cruz,Colonia,San Andrés Cholula,Puebla,San Andrés Cholula,Urbano,https://postali.app/mx/puebla/san-andres-cholula/ampliacion-concepcion-la-cruz
72836,Concepción la Cruz,Colonia,San Andrés Cholula,Puebla,San Andrés Cholula,Urbano,https://postali.app/mx/puebla/san-andres-cholula/concepcion-la-cruz
72836,Corredor Empresarial Boulevard Atlixco,Zona comercial,San Andrés Cholula,Puebla,San Andrés Cholula,Urbano,https://postali.app/mx/puebla/san-andres-cholula/corredor-empresarial-boulevard-atlixco
72836,Geovillas Atlixcayotl,Fraccionamiento,San Andrés Cholula,Puebla,San Andrés Cholula,Urbano,https://postali.app/mx/puebla/san-andres-cholula/geovillas-atlixcayotl
72836,Jardines de San José,Fraccionamiento,San Andrés Cholula,Puebla,San Andrés Cholula,Urbano,https://postali.app/mx/puebla/san-andres-cholula/jardines-de-san-jose
72836,La Cima,Fraccionamiento,San Andrés Cholula,Puebla,San Andrés Cholula,Urbano,https://postali.app/mx/puebla/san-andres-cholula/la-cima
72836,Pontevedra,Fraccionamiento,San Andrés Cholula,Puebla,San Andrés Cholula,Urbano,https://postali.app/mx/puebla/san-andres-cholula/pontevedra
72837,Camino Real a Cholula,Colonia,San Andrés Cholula,Puebla,San Andrés Cholula,Urbano,https://postali.app/mx/puebla/san-andres-cholula/camino-real-a-cholula
72837,Ex-Hacienda Concepción Buenavista,Colonia,San Andrés Cholula,Puebla,San Andrés Cholula,Urbano,https://postali.app/mx/puebla/san-andres-cholula/ex-hacienda-concepcion-buenavista
72837,Hacienda de San Andrés,Fraccionamiento,San Andrés Cholula,Puebla,San Andrés Cholula,Urbano,https://postali.app/mx/puebla/san-andres-cholula/hacienda-de-san-andres
72837,La Concepción,Fraccionamiento,San Andrés Cholula,Puebla,San Andrés Cholula,Urbano,https://postali.app/mx/puebla/san-andres-cholula/la-concepcion
72837,La Cuchilla,Fraccionamiento,San Andrés Cholula,Puebla,San Andrés Cholula,Urbano,https://postali.app/mx/puebla/san-andres-cholula/la-cuchilla
72837,Las Vigas,Fraccionamiento,San Andrés Cholula,Puebla,San Andrés Cholula,Urbano,https://postali.app/mx/puebla/san-andres-cholula/las-vigas
72837,Nubes de Zavaleta,Fraccionamiento,San Andrés Cholula,Puebla,San Andrés Cholula,Urbano,https://postali.app/mx/puebla/san-andres-cholula/nubes-de-zavaleta
72837,Residencial Camino Real,Fraccionamiento,San Andrés Cholula,Puebla,San Andrés Cholula,Urbano,https://postali.app/mx/puebla/san-andres-cholula/residencial-camino-real
72837,Residencial La Escondida,Fraccionamiento,San Andrés Cholula,Puebla,San Andrés Cholula,Urbano,https://postali.app/mx/puebla/san-andres-cholula/residencial-la-escondida
72837,Residencial Zavaleta,Fraccionamiento,San Andrés Cholula,Puebla,San Andrés Cholula,Urbano,https://postali.app/mx/puebla/san-andres-cholula/residencial-zavaleta
72837,Rincón de San Andrés,Fraccionamiento,San Andrés Cholula,Puebla,San Andrés Cholula,Urbano,https://postali.app/mx/puebla/san-andres-cholula/rincon-de-san-andres
72837,Rincón de Zavaleta,Fraccionamiento,San Andrés Cholula,Puebla,San Andrés Cholula,Urbano,https://postali.app/mx/puebla/san-andres-cholula/rincon-de-zavaleta
72837,San Bernardo,Fraccionamiento,San Andrés Cholula,Puebla,San Andrés Cholula,Urbano,https://postali.app/mx/puebla/san-andres-cholula/san-bernardo
72837,San Marcos,Fraccionamiento,San Andrés Cholula,Puebla,San Andrés Cholula,Urbano,https://postali.app/mx/puebla/san-andres-cholula/san-marcos
72837,Villa Alejandra,Fraccionamiento,San Andrés Cholula,Puebla,San Andrés Cholula,Urbano,https://postali.app/mx/puebla/san-andres-cholula/villa-alejandra
72837,Villa de Zavaleta,Fraccionamiento,San Andrés Cholula,Puebla,San Andrés Cholula,Urbano,https://postali.app/mx/puebla/san-andres-cholula/villa-de-zavaleta
72837,Villa Génesis,Fraccionamiento,San Andrés Cholula,Puebla,San Andrés Cholula,Urbano,https://postali.app/mx/puebla/san-andres-cholula/villa-genesis
72837,Vistas del Volcán,Fraccionamiento,San Andrés Cholula,Puebla,San Andrés Cholula,Urbano,https://postali.app/mx/puebla/san-andres-cholula/vistas-del-volcan
72840,Finca San Andrés,Colonia,San Andrés Cholula,Puebla,San Andrés Cholula,Urbano,https://postali.app/mx/puebla/san-andres-cholula/finca-san-andres
72840,La Candelaria,Colonia,San Andrés Cholula,Puebla,San Andrés Cholula,Urbano,https://postali.app/mx/puebla/san-andres-cholula/la-candelaria
72840,La Misión,Fraccionamiento,San Andrés Cholula,Puebla,San Andrés Cholula,Urbano,https://postali.app/mx/puebla/san-andres-cholula/la-mision-72840
72840,La Purísima,Colonia,San Andrés Cholula,Puebla,San Andrés Cholula,Urbano,https://postali.app/mx/puebla/san-andres-cholula/la-purisima
72840,Palermo Residencial,Fraccionamiento,San Andrés Cholula,Puebla,San Andrés Cholula,Urbano,https://postali.app/mx/puebla/san-andres-cholula/palermo-residencial
72840,Puerta San Rafael,Fraccionamiento,San Andrés Cholula,Puebla,San Andrés Cholula,Urbano,https://postali.app/mx/puebla/san-andres-cholula/puerta-san-rafael
72840,San Isidro,Barrio,San Andrés Cholula,Puebla,San Andrés Cholula,Urbano,https://postali.app/mx/puebla/san-andres-cholula/san-isidro
72840,San Miguel,Colonia,San Andrés Cholula,Puebla,San Andrés Cholula,Urbano,https://postali.app/mx/puebla/san-andres-cholula/san-miguel-72840
72840,San Rafael Comac,Pueblo,San Andrés Cholula,Puebla,San Andrés Cholula,Rural,https://postali.app/mx/puebla/san-andres-cholula/san-rafael-comac
72840,Santa María Tonantzintla,Pueblo,San Andrés Cholula,Puebla,San Andrés Cholula,Rural,https://postali.app/mx/puebla/san-andres-cholula/santa-maria-tonantzintla
72843,San Diego,Barrio,San Andrés Cholula,Puebla,San Andrés Cholula,Rural,https://postali.app/mx/puebla/san-andres-cholula/san-diego-72843
72846,La Candelaria,Colonia,San Andrés Cholula,Puebla,San Andrés Cholula,Urbano,https://postali.app/mx/puebla/san-andres-cholula/la-candelaria-72846
72846,La Purísima,Colonia,San Andrés Cholula,Puebla,San Andrés Cholula,Urbano,https://postali.app/mx/puebla/san-andres-cholula/la-purisima-72846
72846,San Francisco Acatepec,Pueblo,San Andrés Cholula,Puebla,San Andrés Cholula,Urbano,https://postali.app/mx/puebla/san-andres-cholula/san-francisco-acatepec
72846,San Pedro,Colonia,San Andrés Cholula,Puebla,San Andrés Cholula,Urbano,https://postali.app/mx/puebla/san-andres-cholula/san-pedro
72846,Santiago,Colonia,San Andrés Cholula,Puebla,San Andrés Cholula,Urbano,https://postali.app/mx/puebla/san-andres-cholula/santiago
72846,Texcoco,Colonia,San Andrés Cholula,Puebla,San Andrés Cholula,Urbano,https://postali.app/mx/puebla/san-andres-cholula/texcoco
72846,Villa Roma,Fraccionamiento,San Andrés Cholula,Puebla,San Andrés Cholula,Urbano,https://postali.app/mx/puebla/san-andres-cholula/villa-roma
72848,De Jesús,Barrio,San Andrés Cholula,Puebla,San Andrés Cholula,Rural,https://postali.app/mx/puebla/san-andres-cholula/de-jesus
72848,Eccehomo,Colonia,San Andrés Cholula,Puebla,San Andrés Cholula,Rural,https://postali.app/mx/puebla/san-andres-cholula/eccehomo
72848,Saltepehz,Colonia,San Andrés Cholula,Puebla,San Andrés Cholula,Rural,https://postali.app/mx/puebla/san-andres-cholula/saltepehz
72848,San Luis Tehuiloyocan,Pueblo,San Andrés Cholula,Puebla,San Andrés Cholula,Rural,https://postali.app/mx/puebla/san-andres-cholula/san-luis-tehuiloyocan
72848,San Salvador,Colonia,San Andrés Cholula,Puebla,San Andrés Cholula,Rural,https://postali.app/mx/puebla/san-andres-cholula/san-salvador
72848,Santo Entierro,Colonia,San Andrés Cholula,Puebla,San Andrés Cholula,Rural,https://postali.app/mx/puebla/san-andres-cholula/santo-entierro
72850,Francisco Sarabia,Pueblo,Ocoyucan,Puebla,,Rural,https://postali.app/mx/puebla/ocoyucan/francisco-sarabia
72850,Ixtecpatla,Colonia,Ocoyucan,Puebla,,Rural,https://postali.app/mx/puebla/ocoyucan/ixtecpatla
72850,San Bernardino Chalchihuapan,Pueblo,Ocoyucan,Puebla,,Rural,https://postali.app/mx/puebla/ocoyucan/san-bernardino-chalchihuapan
72850,San Isidro Petlácatl,Colonia,Ocoyucan,Puebla,,Urbano,https://postali.app/mx/puebla/ocoyucan/san-isidro-petlacatl
72850,Santa Clara Ocoyucan,Colonia,Ocoyucan,Puebla,,Rural,https://postali.app/mx/puebla/ocoyucan/santa-clara-ocoyucan
72850,Santa Clara Ocoyucan,Pueblo,Ocoyucan,Puebla,,Rural,https://postali.app/mx/puebla/ocoyucan/santa-clara-ocoyucan-72850
72850,Santa María Malacatepec,Pueblo,Ocoyucan,Puebla,,Rural,https://postali.app/mx/puebla/ocoyucan/santa-maria-malacatepec
72850,Tercera Sección de Santa Clara Ocoyucan,Colonia,Ocoyucan,Puebla,,Urbano,https://postali.app/mx/puebla/ocoyucan/tercera-seccion-de-santa-clara-ocoyucan
72850,Tlatétl,Colonia,Ocoyucan,Puebla,,Urbano,https://postali.app/mx/puebla/ocoyucan/tlatetl
72860,Kilómetro 14.5,Colonia,Ocoyucan,Puebla,,Rural,https://postali.app/mx/puebla/ocoyucan/kilometro-14-5
72860,San Bernabe Temoxtitla,Pueblo,Ocoyucan,Puebla,,Rural,https://postali.app/mx/puebla/ocoyucan/san-bernabe-temoxtitla
72861,Emilio Portes Gil,Colonia,Ocoyucan,Puebla,,Rural,https://postali.app/mx/puebla/ocoyucan/emilio-portes-gil
72863,Santiago Coltzingo,Ranchería,Ocoyucan,Puebla,,Rural,https://postali.app/mx/puebla/ocoyucan/santiago-coltzingo
72864,Santa Martha Hidalgo,Pueblo,Ocoyucan,Puebla,,Rural,https://postali.app/mx/puebla/ocoyucan/santa-martha-hidalgo
72865,La Cantera,Colonia,Ocoyucan,Puebla,,Urbano,https://postali.app/mx/puebla/ocoyucan/la-cantera
72865,La Rayana II,Fraccionamiento,Ocoyucan,Puebla,,Urbano,https://postali.app/mx/puebla/ocoyucan/la-rayana-ii
72865,Lomas de Angelópolis,Fraccionamiento,Ocoyucan,Puebla,,Urbano,https://postali.app/mx/puebla/ocoyucan/lomas-de-angelopolis
72866,10 de Abril,Colonia,Ocoyucan,Puebla,,Rural,https://postali.app/mx/puebla/ocoyucan/10-de-abril
72866,San Nicolás,Colonia,Ocoyucan,Puebla,,Rural,https://postali.app/mx/puebla/ocoyucan/san-nicolas
72867,La Pastoría,Ranchería,Ocoyucan,Puebla,,Rural,https://postali.app/mx/puebla/ocoyucan/la-pastoria
72900,Apantenco,Colonia,Puebla,Puebla,,Rural,https://postali.app/mx/puebla/puebla/apantenco
72900,Nanalcopa,Colonia,Puebla,Puebla,,Rural,https://postali.app/mx/puebla/puebla/nanalcopa
72900,Ojocotla,Colonia,Puebla,Puebla,,Rural,https://postali.app/mx/puebla/puebla/ojocotla
72900,San Miguel Canoa,Pueblo,Puebla,Puebla,,Rural,https://postali.app/mx/puebla/puebla/san-miguel-canoa
72900,San Miguelito,Colonia,Puebla,Puebla,,Rural,https://postali.app/mx/puebla/puebla/san-miguelito-72900
72900,Sección Décima de San Miguel Canoa,Colonia,Puebla,Puebla,,Rural,https://postali.app/mx/puebla/puebla/seccion-decima-de-san-miguel-canoa
72900,Sección Sexta de San Miguel Canoa (Apantenco),Colonia,Puebla,Puebla,,Rural,https://postali.app/mx/puebla/puebla/seccion-sexta-de-san-miguel-canoa-apantenco
72900,Tlapacoyan,Colonia,Puebla,Puebla,,Rural,https://postali.app/mx/puebla/puebla/tlapacoyan
72943,San Miguel Espejo,Pueblo,Puebla,Puebla,,Urbano,https://postali.app/mx/puebla/puebla/san-miguel-espejo
72960,Buenavista Tetela,Colonia,Puebla,Puebla,,Rural,https://postali.app/mx/puebla/puebla/buenavista-tetela
72960,El Oasis Valsequillo,Colonia,Puebla,Puebla,,Urbano,https://postali.app/mx/puebla/puebla/el-oasis-valsequillo
72960,La Ladera del Tecorral,Colonia,Puebla,Puebla,,Urbano,https://postali.app/mx/puebla/puebla/la-ladera-del-tecorral
72960,Los Ángeles Tetela,Colonia,Puebla,Puebla,,Urbano,https://postali.app/mx/puebla/puebla/los-angeles-tetela
72960,Quinta María Isabel,Colonia,Puebla,Puebla,,Urbano,https://postali.app/mx/puebla/puebla/quinta-maria-isabel
72960,San Andrés Azumiatla,Pueblo,Puebla,Puebla,,Rural,https://postali.app/mx/puebla/puebla/san-andres-azumiatla
72960,San Baltazar Tetela,Pueblo,Puebla,Puebla,,Urbano,https://postali.app/mx/puebla/puebla/san-baltazar-tetela
72960,San Juan Soto,Colonia,Puebla,Puebla,,Urbano,https://postali.app/mx/puebla/puebla/san-juan-soto
72960,San Pedro Zacachimalpa,Pueblo,Puebla,Puebla,,Urbano,https://postali.app/mx/puebla/puebla/san-pedro-zacachimalpa
72960,Santa Cruz de la Amapola,Fraccionamiento,Puebla,Puebla,,Urbano,https://postali.app/mx/puebla/puebla/santa-cruz-de-la-amapola
72960,Santa María Guadalupe Tecola,Pueblo,Puebla,Puebla,,Rural,https://postali.app/mx/puebla/puebla/santa-maria-guadalupe-tecola
72960,Tecuamatla,Colonia,Puebla,Puebla,,Urbano,https://postali.app/mx/puebla/puebla/tecuamatla
72960,Toluquilla,Colonia,Puebla,Puebla,,Urbano,https://postali.app/mx/puebla/puebla/toluquilla
72960,Toluquilla (Los Cantiles),Colonia,Puebla,Puebla,,Urbano,https://postali.app/mx/puebla/puebla/toluquilla-los-cantiles
72967,Cuauhtémoc,Colonia,Puebla,Puebla,,Urbano,https://postali.app/mx/puebla/puebla/cuauhtemoc-72967
72967,Cuitláhuac,Colonia,Puebla,Puebla,,Urbano,https://postali.app/mx/puebla/puebla/cuitlahuac
72967,El Tehuixtle,Colonia,Puebla,Puebla,,Urbano,https://postali.app/mx/puebla/puebla/el-tehuixtle
72967,San José Zetina,Colonia,Puebla,Puebla,,Urbano,https://postali.app/mx/puebla/puebla/san-jose-zetina
72967,Santa Cruz Ixtla,Colonia,Puebla,Puebla,,Urbano,https://postali.app/mx/puebla/puebla/santa-cruz-ixtla
72967,Santa Cruz Ixtla Sur,Colonia,Puebla,Puebla,,Urbano,https://postali.app/mx/puebla/puebla/santa-cruz-ixtla-sur
72967,Tepozán,Colonia,Puebla,Puebla,,Urbano,https://postali.app/mx/puebla/puebla/tepozan
72967,Tlacaelel,Colonia,Puebla,Puebla,,Urbano,https://postali.app/mx/puebla/puebla/tlacaelel
72967,Xacxamayo,Colonia,Puebla,Puebla,,Urbano,https://postali.app/mx/puebla/puebla/xacxamayo
72970,San José Xacxamayo,Colonia,Puebla,Puebla,,Urbano,https://postali.app/mx/puebla/puebla/san-jose-xacxamayo
72971,La Paz Tlaxcolpan,Colonia,Puebla,Puebla,,Rural,https://postali.app/mx/puebla/puebla/la-paz-tlaxcolpan
72973,San José el Rincón,Pueblo,Puebla,Puebla,,Rural,https://postali.app/mx/puebla/puebla/san-jose-el-rincon
72975,Libertad Tecola,Colonia,Puebla,Puebla,,Rural,https://postali.app/mx/puebla/puebla/libertad-tecola
72977,San José el Aguacate,Colonia,Puebla,Puebla,,Urbano,https://postali.app/mx/puebla/puebla/san-jose-el-aguacate
72978,Santa María Tzocuilac la Cantera,Colonia,Puebla,Puebla,,Rural,https://postali.app/mx/puebla/puebla/santa-maria-tzocuilac-la-cantera
72980,20 de Noviembre,Colonia,Amozoc,Puebla,Amozoc,Urbano,https://postali.app/mx/puebla/amozoc/20-de-noviembre
72980,Amozoc Centro,Colonia,Amozoc,Puebla,Amozoc,Urbano,https://postali.app/mx/puebla/amozoc/amozoc-centro
72980,Concepción Capulac,Barrio,Amozoc,Puebla,Amozoc,Urbano,https://postali.app/mx/puebla/amozoc/concepcion-capulac
72980,De Santiago,Barrio,Amozoc,Puebla,Amozoc,Urbano,https://postali.app/mx/puebla/amozoc/de-santiago
72980,El Carmen,Colonia,Amozoc,Puebla,Amozoc,Urbano,https://postali.app/mx/puebla/amozoc/el-carmen
72980,El Tepeyac,Colonia,Amozoc,Puebla,,Rural,https://postali.app/mx/puebla/amozoc/el-tepeyac
72980,Jardines de Amozoc,Fraccionamiento,Amozoc,Puebla,Amozoc,Urbano,https://postali.app/mx/puebla/amozoc/jardines-de-amozoc
72980,La Cantera,Fraccionamiento,Amozoc,Puebla,Amozoc,Urbano,https://postali.app/mx/puebla/amozoc/la-cantera
72980,La Cruz,Fraccionamiento,Amozoc,Puebla,Amozoc,Urbano,https://postali.app/mx/puebla/amozoc/la-cruz
72980,La Nueva España,Colonia,Amozoc,Puebla,Amozoc,Urbano,https://postali.app/mx/puebla/amozoc/la-nueva-espana
72980,La Ocotera,Colonia,Amozoc,Puebla,,Rural,https://postali.app/mx/puebla/amozoc/la-ocotera
72980,La Preciosa,Barrio,Amozoc,Puebla,Amozoc,Urbano,https://postali.app/mx/puebla/amozoc/la-preciosa
72980,La Victoria,Fraccionamiento,Amozoc,Puebla,Amozoc,Urbano,https://postali.app/mx/puebla/amozoc/la-victoria
72980,Las Animas,Colonia,Amozoc,Puebla,Amozoc,Urbano,https://postali.app/mx/puebla/amozoc/las-animas
72980,Las Cruces,Colonia,Amozoc,Puebla,Amozoc,Urbano,https://postali.app/mx/puebla/amozoc/las-cruces
72980,Los Duraznos,Fraccionamiento,Amozoc,Puebla,Amozoc,Urbano,https://postali.app/mx/puebla/amozoc/los-duraznos
72980,Mi Hogar la Asunción,Fraccionamiento,Amozoc,Puebla,Amozoc,Urbano,https://postali.app/mx/puebla/amozoc/mi-hogar-la-asuncion
72980,Paseo Santa Bárbara,Fraccionamiento,Amozoc,Puebla,Amozoc,Urbano,https://postali.app/mx/puebla/amozoc/paseo-santa-barbara
72980,Pinos del Sur,Colonia,Amozoc,Puebla,Amozoc,Urbano,https://postali.app/mx/puebla/amozoc/pinos-del-sur
72980,Quintas de San Francisco,Fraccionamiento,Amozoc,Puebla,Amozoc,Urbano,https://postali.app/mx/puebla/amozoc/quintas-de-san-francisco
72980,Rinconada de San Matias,Colonia,Amozoc,Puebla,Amozoc,Urbano,https://postali.app/mx/puebla/amozoc/rinconada-de-san-matias
72980,Rinconadas de Amozoc,Fraccionamiento,Amozoc,Puebla,Amozoc,Urbano,https://postali.app/mx/puebla/amozoc/rinconadas-de-amozoc
72980,Sagrada Familia,Colonia,Amozoc,Puebla,Amozoc,Urbano,https://postali.app/mx/puebla/amozoc/sagrada-familia
72980,San Andrés las Vegas,Colonia,Amozoc,Puebla,Amozoc,Urbano,https://postali.app/mx/puebla/amozoc/san-andres-las-vegas
72980,San Antonio,Barrio,Amozoc,Puebla,Amozoc,Urbano,https://postali.app/mx/puebla/amozoc/san-antonio
72980,San José de las Flores,Colonia,Amozoc,Puebla,Amozoc,Urbano,https://postali.app/mx/puebla/amozoc/san-jose-de-las-flores
72980,San José de los Encinos,Colonia,Amozoc,Puebla,Amozoc,Urbano,https://postali.app/mx/puebla/amozoc/san-jose-de-los-encinos
72980,San José la Laguna,Colonia,Amozoc,Puebla,Amozoc,Urbano,https://postali.app/mx/puebla/amozoc/san-jose-la-laguna
72980,San José Victoria,Barrio,Amozoc,Puebla,Amozoc,Urbano,https://postali.app/mx/puebla/amozoc/san-jose-victoria
72980,San Juan de los Lagos,Colonia,Amozoc,Puebla,Amozoc,Urbano,https://postali.app/mx/puebla/amozoc/san-juan-de-los-lagos
72980,San Martín I,Fraccionamiento,Amozoc,Puebla,Amozoc,Urbano,https://postali.app/mx/puebla/amozoc/san-martin-i
72980,San Martín II,Fraccionamiento,Amozoc,Puebla,Amozoc,Urbano,https://postali.app/mx/puebla/amozoc/san-martin-ii
72980,San Matias Buenavista,Colonia,Amozoc,Puebla,Amozoc,Urbano,https://postali.app/mx/puebla/amozoc/san-matias-buenavista
72980,San Miguel Cuautenco,Barrio,Amozoc,Puebla,Amozoc,Urbano,https://postali.app/mx/puebla/amozoc/san-miguel-cuautenco
72980,San Miguel el Cieno,Fraccionamiento,Amozoc,Puebla,Amozoc,Urbano,https://postali.app/mx/puebla/amozoc/san-miguel-el-cieno
72980,San Nicolás,Barrio,Amozoc,Puebla,Amozoc,Urbano,https://postali.app/mx/puebla/amozoc/san-nicolas
72980,Santo Ángel,Barrio,Amozoc,Puebla,Amozoc,Urbano,https://postali.app/mx/puebla/amozoc/santo-angel
72980,Vallarta,Fraccionamiento,Amozoc,Puebla,Amozoc,Urbano,https://postali.app/mx/puebla/amozoc/vallarta
72980,Vallartito,Barrio,Amozoc,Puebla,Amozoc,Urbano,https://postali.app/mx/puebla/amozoc/vallartito
72980,Villa Guadalupe (Las Vegas),Colonia,Amozoc,Puebla,Amozoc,Urbano,https://postali.app/mx/puebla/amozoc/villa-guadalupe-las-vegas
72980,Villas Amozoc,Fraccionamiento,Amozoc,Puebla,Amozoc,Urbano,https://postali.app/mx/puebla/amozoc/villas-amozoc
72983,Benito Juárez,Fraccionamiento,Amozoc,Puebla,Amozoc,Urbano,https://postali.app/mx/puebla/amozoc/benito-juarez
72983,La Cantera,Colonia,Amozoc,Puebla,Amozoc,Urbano,https://postali.app/mx/puebla/amozoc/la-cantera-72983
72983,Los Pinos,Colonia,Amozoc,Puebla,Amozoc,Urbano,https://postali.app/mx/puebla/amozoc/los-pinos
72983,Maestro Samuel Joaquín Flores,Colonia,Amozoc,Puebla,Amozoc,Urbano,https://postali.app/mx/puebla/amozoc/maestro-samuel-joaquin-flores
72983,Pinos de Oriente,Colonia,Amozoc,Puebla,Amozoc,Urbano,https://postali.app/mx/puebla/amozoc/pinos-de-oriente
72984,Concepción Capulac (La Ex-Hacienda),Pueblo,Amozoc,Puebla,,Rural,https://postali.app/mx/puebla/amozoc/concepcion-capulac-la-ex-hacienda
72984,Ignacio Zaragoza,Colonia,Amozoc,Puebla,,Rural,https://postali.app/mx/puebla/amozoc/ignacio-zaragoza
72984,José Lino Miguel López de la Rosa,Colonia,Amozoc,Puebla,,Rural,https://postali.app/mx/puebla/amozoc/jose-lino-miguel-lopez-de-la-rosa
72984,La Venta,Colonia,Amozoc,Puebla,,Rural,https://postali.app/mx/puebla/amozoc/la-venta
72984,San Jacinto,Colonia,Amozoc,Puebla,,Rural,https://postali.app/mx/puebla/amozoc/san-jacinto
72984,San Mateo,Rancho,Amozoc,Puebla,,Rural,https://postali.app/mx/puebla/amozoc/san-mateo
72985,El Esfuerzo,Ranchería,Amozoc,Puebla,,Rural,https://postali.app/mx/puebla/amozoc/el-esfuerzo
72986,La Laguna,Ranchería,Amozoc,Puebla,,Rural,https://postali.app/mx/puebla/amozoc/la-laguna
72986,San José de los Ángeles Kilómetro 22,Ranchería,Amozoc,Puebla,,Rural,https://postali.app/mx/puebla/amozoc/san-jose-de-los-angeles-kilometro-22
72986,San Salvador Tepalcayuca,Barrio,Amozoc,Puebla,,Rural,https://postali.app/mx/puebla/amozoc/san-salvador-tepalcayuca
72987,Cumbre Los Encinos,Condominio,Amozoc,Puebla,,Rural,https://postali.app/mx/puebla/amozoc/cumbre-los-encinos
72987,La Poza,Ranchería,Amozoc,Puebla,,Rural,https://postali.app/mx/puebla/amozoc/la-poza
72987,San Nicolás,Ranchería,Amozoc,Puebla,,Rural,https://postali.app/mx/puebla/amozoc/san-nicolas-72987
72988,Guadalupe Victoria (Guadalupe del Moral),Ranchería,Amozoc,Puebla,,Rural,https://postali.app/mx/puebla/amozoc/guadalupe-victoria-guadalupe-del-moral
72989,Campestre Haras,Fraccionamiento,Amozoc,Puebla,,Rural,https://postali.app/mx/puebla/amozoc/campestre-haras
72990,Ampliación San Lorenzo,Colonia,Amozoc,Puebla,Amozoc,Urbano,https://postali.app/mx/puebla/amozoc/ampliacion-san-lorenzo
72990,Chachapa,Colonia,Amozoc,Puebla,Amozoc,Urbano,https://postali.app/mx/puebla/amozoc/chachapa
72990,San Martín,Colonia,Amozoc,Puebla,Amozoc,Urbano,https://postali.app/mx/puebla/amozoc/san-martin
72990,SIGNORET,Colonia,Amozoc,Puebla,Amozoc,Urbano,https://postali.app/mx/puebla/amozoc/signoret
72992,21 de Marzo,Colonia,Amozoc,Puebla,Amozoc,Urbano,https://postali.app/mx/puebla/amozoc/21-de-marzo
72992,Agua Santa,Colonia,Amozoc,Puebla,Amozoc,Urbano,https://postali.app/mx/puebla/amozoc/agua-santa
72992,Arenal,Colonia,Amozoc,Puebla,Amozoc,Urbano,https://postali.app/mx/puebla/amozoc/arenal
72992,El Puente,Fraccionamiento,Amozoc,Puebla,Amozoc,Urbano,https://postali.app/mx/puebla/amozoc/el-puente
72992,Guadalupe,Colonia,Amozoc,Puebla,Amozoc,Urbano,https://postali.app/mx/puebla/amozoc/guadalupe
72992,Linda Vista,Colonia,Amozoc,Puebla,Amozoc,Urbano,https://postali.app/mx/puebla/amozoc/linda-vista
72992,San Juan,Colonia,Amozoc,Puebla,Amozoc,Urbano,https://postali.app/mx/puebla/amozoc/san-juan
72992,San Juan 3a. Sección,Colonia,Amozoc,Puebla,Amozoc,Urbano,https://postali.app/mx/puebla/amozoc/san-juan-3a-seccion
72992,San Martín,Colonia,Amozoc,Puebla,Amozoc,Urbano,https://postali.app/mx/puebla/amozoc/san-martin-72992
72992,San Mateo Mendizábal,Colonia,Amozoc,Puebla,Amozoc,Urbano,https://postali.app/mx/puebla/amozoc/san-mateo-mendizabal
72992,San Miguel Arcángel,Colonia,Amozoc,Puebla,Amozoc,Urbano,https://postali.app/mx/puebla/amozoc/san-miguel-arcangel
72992,San Pedro,Colonia,Amozoc,Puebla,Amozoc,Urbano,https://postali.app/mx/puebla/amozoc/san-pedro
72992,Santa Rosa,Colonia,Amozoc,Puebla,Amozoc,Urbano,https://postali.app/mx/puebla/amozoc/santa-rosa
72993,Arboledas de San Lorenzo,Colonia,Amozoc,Puebla,Amozoc,Urbano,https://postali.app/mx/puebla/amozoc/arboledas-de-san-lorenzo
72993,Azteca,Colonia,Amozoc,Puebla,Amozoc,Urbano,https://postali.app/mx/puebla/amozoc/azteca
72993,Bugambilias,Fraccionamiento,Amozoc,Puebla,Amozoc,Urbano,https://postali.app/mx/puebla/amozoc/bugambilias
72993,El Naranjo,Fraccionamiento,Amozoc,Puebla,Amozoc,Urbano,https://postali.app/mx/puebla/amozoc/el-naranjo
72993,Parque Industrial Chachapa,Zona industrial,Amozoc,Puebla,Amozoc,Urbano,https://postali.app/mx/puebla/amozoc/parque-industrial-chachapa
72993,San Lorenzo,Colonia,Amozoc,Puebla,Amozoc,Urbano,https://postali.app/mx/puebla/amozoc/san-lorenzo
72994,Colosio,Colonia,Amozoc,Puebla,Amozoc,Urbano,https://postali.app/mx/puebla/amozoc/colosio
72994,INFONAVIT Colosio,Unidad habitacional,Amozoc,Puebla,Amozoc,Urbano,https://postali.app/mx/puebla/amozoc/infonavit-colosio
72994,La Cruz,Colonia,Amozoc,Puebla,Amozoc,Urbano,https://postali.app/mx/puebla/amozoc/la-cruz-72994
72994,La Presa,Colonia,Amozoc,Puebla,Amozoc,Urbano,https://postali.app/mx/puebla/amozoc/la-presa
72994,San Diego Icatepec 1a. Sección,Colonia,Amozoc,Puebla,Amozoc,Urbano,https://postali.app/mx/puebla/amozoc/san-diego-icatepec-1a-seccion
72994,San Diego Icatepec 2a. Sección,Colonia,Amozoc,Puebla,Amozoc,Urbano,https://postali.app/mx/puebla/amozoc/san-diego-icatepec-2a-seccion
72994,San Diego Icatepec 3a. Sección,Colonia,Amozoc,Puebla,Amozoc,Urbano,https://postali.app/mx/puebla/amozoc/san-diego-icatepec-3a-seccion
72994,San Diego Icatepec 4a. Sección,Colonia,Amozoc,Puebla,Amozoc,Urbano,https://postali.app/mx/puebla/amozoc/san-diego-icatepec-4a-seccion
72994,Santa Cruz Xonacatepec,Colonia,Amozoc,Puebla,Amozoc,Urbano,https://postali.app/mx/puebla/amozoc/santa-cruz-xonacatepec
72995,Artículo 123,Colonia,Amozoc,Puebla,Amozoc,Urbano,https://postali.app/mx/puebla/amozoc/articulo-123
72995,Bosque de Cuauhyocan,Fraccionamiento,Amozoc,Puebla,Amozoc,Urbano,https://postali.app/mx/puebla/amozoc/bosque-de-cuauhyocan
72995,Casa Blanca,Colonia,Amozoc,Puebla,Amozoc,Urbano,https://postali.app/mx/puebla/amozoc/casa-blanca
72995,Flor del Bosque,Fraccionamiento,Amozoc,Puebla,Amozoc,Urbano,https://postali.app/mx/puebla/amozoc/flor-del-bosque
72995,San Bartolo Flor del Bosque,Colonia,Amozoc,Puebla,Amozoc,Urbano,https://postali.app/mx/puebla/amozoc/san-bartolo-flor-del-bosque
72996,Rincón de los Encinos,Fraccionamiento,Amozoc,Puebla,Amozoc,Urbano,https://postali.app/mx/puebla/amozoc/rincon-de-los-encinos
72996,San Ángel,Unidad habitacional,Amozoc,Puebla,Amozoc,Urbano,https://postali.app/mx/puebla/amozoc/san-angel
72997,Agua Santa II,Ranchería,Amozoc,Puebla,,Rural,https://postali.app/mx/puebla/amozoc/agua-santa-ii
73000,Huitzilac,Ranchería,Francisco Z. Mena,Puebla,,Rural,https://postali.app/mx/puebla/francisco-z-mena/huitzilac
73000,Metlaltoyuca,Pueblo,Francisco Z. Mena,Puebla,,Rural,https://postali.app/mx/puebla/francisco-z-mena/metlaltoyuca
73000,Moctezuma,Pueblo,Francisco Z. Mena,Puebla,,Rural,https://postali.app/mx/puebla/francisco-z-mena/moctezuma
73005,Cerco de Piedra,Ranchería,Francisco Z. Mena,Puebla,,Rural,https://postali.app/mx/puebla/francisco-z-mena/cerco-de-piedra
73005,Salsipuedes,Ranchería,Francisco Z. Mena,Puebla,,Rural,https://postali.app/mx/puebla/francisco-z-mena/salsipuedes
73008,La Pahua,Ranchería,Francisco Z. Mena,Puebla,,Rural,https://postali.app/mx/puebla/francisco-z-mena/la-pahua
73008,Los Naranjos,Ranchería,Francisco Z. Mena,Puebla,,Rural,https://postali.app/mx/puebla/francisco-z-mena/los-naranjos
73009,Benito Juárez,Colonia,Francisco Z. Mena,Puebla,,Rural,https://postali.app/mx/puebla/francisco-z-mena/benito-juarez
73009,Coyolito (El Coyol),Pueblo,Francisco Z. Mena,Puebla,,Rural,https://postali.app/mx/puebla/francisco-z-mena/coyolito-el-coyol
73009,Jaltocan,Pueblo,Francisco Z. Mena,Puebla,,Rural,https://postali.app/mx/puebla/francisco-z-mena/jaltocan
73010,Palma Real de Adentro,Ranchería,Francisco Z. Mena,Puebla,,Rural,https://postali.app/mx/puebla/francisco-z-mena/palma-real-de-adentro
73011,Plan de Arroyo,Ranchería,Francisco Z. Mena,Puebla,,Rural,https://postali.app/mx/puebla/francisco-z-mena/plan-de-arroyo
73012,Paso del Arroyo,Ranchería,Francisco Z. Mena,Puebla,,Rural,https://postali.app/mx/puebla/francisco-z-mena/paso-del-arroyo
73013,La Guadalupe,Ranchería,Francisco Z. Mena,Puebla,,Rural,https://postali.app/mx/puebla/francisco-z-mena/la-guadalupe
73014,El Tecomate,Ranchería,Francisco Z. Mena,Puebla,,Rural,https://postali.app/mx/puebla/francisco-z-mena/el-tecomate
73014,Las Balsas,Ranchería,Francisco Z. Mena,Puebla,,Rural,https://postali.app/mx/puebla/francisco-z-mena/las-balsas
73015,El Cerro Altamirano,Colonia,Francisco Z. Mena,Puebla,,Rural,https://postali.app/mx/puebla/francisco-z-mena/el-cerro-altamirano
73015,Tixtepec,Colonia,Francisco Z. Mena,Puebla,,Rural,https://postali.app/mx/puebla/francisco-z-mena/tixtepec
73020,El Coyol,Colonia,Pantepec,Puebla,,Rural,https://postali.app/mx/puebla/pantepec/el-coyol
73020,Guadalupe,Colonia,Pantepec,Puebla,,Rural,https://postali.app/mx/puebla/pantepec/guadalupe
73020,Nuevo Jardín,Colonia,Pantepec,Puebla,,Rural,https://postali.app/mx/puebla/pantepec/nuevo-jardin
73020,Pantepec,Colonia,Pantepec,Puebla,,Rural,https://postali.app/mx/puebla/pantepec/pantepec
73020,Pantepec,Pueblo,Pantepec,Puebla,,Rural,https://postali.app/mx/puebla/pantepec/pantepec-73020
73020,Santa Cruz,Colonia,Pantepec,Puebla,,Rural,https://postali.app/mx/puebla/pantepec/santa-cruz
73021,El Limonar,Colonia,Pantepec,Puebla,,Rural,https://postali.app/mx/puebla/pantepec/el-limonar
73021,Nuevo Limonar,Colonia,Pantepec,Puebla,,Rural,https://postali.app/mx/puebla/pantepec/nuevo-limonar
73021,Progreso de Allende,Ranchería,Pantepec,Puebla,,Rural,https://postali.app/mx/puebla/pantepec/progreso-de-allende
73023,Cañada Colotla,Ejido,Pantepec,Puebla,,Rural,https://postali.app/mx/puebla/pantepec/canada-colotla
73023,Cañada de Colotla,Ranchería,Pantepec,Puebla,,Rural,https://postali.app/mx/puebla/pantepec/canada-de-colotla
73023,Las Palmas,Ranchería,Pantepec,Puebla,,Rural,https://postali.app/mx/puebla/pantepec/las-palmas
73023,Papatlar,Ranchería,Pantepec,Puebla,,Rural,https://postali.app/mx/puebla/pantepec/papatlar
73025,Buena Vista,Ranchería,Pantepec,Puebla,,Rural,https://postali.app/mx/puebla/pantepec/buena-vista
73025,El Terrero,Ranchería,Pantepec,Puebla,,Rural,https://postali.app/mx/puebla/pantepec/el-terrero
73025,Ixtololoya,Ranchería,Pantepec,Puebla,,Rural,https://postali.app/mx/puebla/pantepec/ixtololoya
73025,San Antonio,Ranchería,Pantepec,Puebla,,Rural,https://postali.app/mx/puebla/pantepec/san-antonio
73025,Tejería,Colonia,Pantepec,Puebla,,Rural,https://postali.app/mx/puebla/pantepec/tejeria
73026,Acalmancillo,Ranchería,Pantepec,Puebla,,Rural,https://postali.app/mx/puebla/pantepec/acalmancillo
73026,El Pozo,Ranchería,Pantepec,Puebla,,Rural,https://postali.app/mx/puebla/pantepec/el-pozo
73026,La Ceiba Chica,Ranchería,Pantepec,Puebla,,Rural,https://postali.app/mx/puebla/pantepec/la-ceiba-chica
73026,Tenexco,Colonia,Pantepec,Puebla,,Rural,https://postali.app/mx/puebla/pantepec/tenexco
73027,El Pacífico,Ranchería,Pantepec,Puebla,,Rural,https://postali.app/mx/puebla/pantepec/el-pacifico
73027,Ignacio Zaragoza,Ranchería,Pantepec,Puebla,,Rural,https://postali.app/mx/puebla/pantepec/ignacio-zaragoza
73028,Agua Linda,Ranchería,Pantepec,Puebla,,Rural,https://postali.app/mx/puebla/pantepec/agua-linda
73028,El Zapotal,Ranchería,Pantepec,Puebla,,Rural,https://postali.app/mx/puebla/pantepec/el-zapotal
73028,El Zapote,Colonia,Pantepec,Puebla,,Rural,https://postali.app/mx/puebla/pantepec/el-zapote
73028,Loma Bonita,Ranchería,Pantepec,Puebla,,Rural,https://postali.app/mx/puebla/pantepec/loma-bonita
73029,28 de Abril,Colonia,Pantepec,Puebla,,Rural,https://postali.app/mx/puebla/pantepec/28-de-abril
73029,5 de Mayo,Colonia,Pantepec,Puebla,,Rural,https://postali.app/mx/puebla/pantepec/5-de-mayo
73029,Ameluca,Pueblo,Pantepec,Puebla,,Rural,https://postali.app/mx/puebla/pantepec/ameluca
73029,Candelaria,Colonia,Pantepec,Puebla,,Rural,https://postali.app/mx/puebla/pantepec/candelaria
73029,Carrizal Viejo,Ejido,Pantepec,Puebla,,Rural,https://postali.app/mx/puebla/pantepec/carrizal-viejo
73029,Cayhuapan,Colonia,Pantepec,Puebla,,Rural,https://postali.app/mx/puebla/pantepec/cayhuapan
73029,Cerro del Tablón,Ejido,Pantepec,Puebla,,Rural,https://postali.app/mx/puebla/pantepec/cerro-del-tablon
73029,El Sol,Colonia,Pantepec,Puebla,,Rural,https://postali.app/mx/puebla/pantepec/el-sol
73029,Las Flores,Colonia,Pantepec,Puebla,,Rural,https://postali.app/mx/puebla/pantepec/las-flores
73029,Mecapalapa,Pueblo,Pantepec,Puebla,,Rural,https://postali.app/mx/puebla/pantepec/mecapalapa
73029,Nuevo Carrizal,Colonia,Pantepec,Puebla,,Rural,https://postali.app/mx/puebla/pantepec/nuevo-carrizal
73029,San Pedro,Colonia,Pantepec,Puebla,,Rural,https://postali.app/mx/puebla/pantepec/san-pedro
73030,Coronel Tito Hernández (María Andrea),Pueblo,Venustiano Carranza,Puebla,,Rural,https://postali.app/mx/puebla/venustiano-carranza/coronel-tito-hernandez-maria-andrea
73036,El Encinal,Ranchería,Venustiano Carranza,Puebla,,Rural,https://postali.app/mx/puebla/venustiano-carranza/el-encinal
73036,Zanatepec,Ranchería,Venustiano Carranza,Puebla,,Rural,https://postali.app/mx/puebla/venustiano-carranza/zanatepec
73037,Tumbadero Escobal,Ranchería,Venustiano Carranza,Puebla,,Rural,https://postali.app/mx/puebla/venustiano-carranza/tumbadero-escobal
73040,San Rafael,Ranchería,Venustiano Carranza,Puebla,,Rural,https://postali.app/mx/puebla/venustiano-carranza/san-rafael
73040,Venustiano Carranza,Pueblo,Venustiano Carranza,Puebla,,Rural,https://postali.app/mx/puebla/venustiano-carranza/venustiano-carranza
73042,El Ojite,Ranchería,Venustiano Carranza,Puebla,,Rural,https://postali.app/mx/puebla/venustiano-carranza/el-ojite
73045,Nuevo Cabellal,Ranchería,Venustiano Carranza,Puebla,,Rural,https://postali.app/mx/puebla/venustiano-carranza/nuevo-cabellal
73045,Pueblo Viejo San José,Ranchería,Venustiano Carranza,Puebla,,Rural,https://postali.app/mx/puebla/venustiano-carranza/pueblo-viejo-san-jose
73045,San José,Pueblo,Venustiano Carranza,Puebla,,Rural,https://postali.app/mx/puebla/venustiano-carranza/san-jose
73046,General Ignacio Zaragoza,Ranchería,Venustiano Carranza,Puebla,,Rural,https://postali.app/mx/puebla/venustiano-carranza/general-ignacio-zaragoza
73046,Linderos,Pueblo,Venustiano Carranza,Puebla,,Rural,https://postali.app/mx/puebla/venustiano-carranza/linderos
73047,Estrella Roja,Colonia,Venustiano Carranza,Puebla,,Rural,https://postali.app/mx/puebla/venustiano-carranza/estrella-roja
73047,San Bartolo del Escobal,Colonia,Venustiano Carranza,Puebla,,Rural,https://postali.app/mx/puebla/venustiano-carranza/san-bartolo-del-escobal
73048,Vicente Guerrero,Ranchería,Venustiano Carranza,Puebla,,Rural,https://postali.app/mx/puebla/venustiano-carranza/vicente-guerrero
73049,La Libertad,Colonia,Venustiano Carranza,Puebla,,Rural,https://postali.app/mx/puebla/venustiano-carranza/la-libertad
73049,San Diego,Colonia,Venustiano Carranza,Puebla,,Rural,https://postali.app/mx/puebla/venustiano-carranza/san-diego
73049,Villa Lázaro Cárdenas (La Uno),Pueblo,Venustiano Carranza,Puebla,,Rural,https://postali.app/mx/puebla/venustiano-carranza/villa-lazaro-cardenas-la-uno
73050,Apapantilla,Pueblo,Jalpan,Puebla,,Rural,https://postali.app/mx/puebla/jalpan/apapantilla
73050,Jalpan,Pueblo,Jalpan,Puebla,,Rural,https://postali.app/mx/puebla/jalpan/jalpan
73053,Acoyotitla,Ranchería,Jalpan,Puebla,,Rural,https://postali.app/mx/puebla/jalpan/acoyotitla
73053,El Pochote,Ranchería,Jalpan,Puebla,,Rural,https://postali.app/mx/puebla/jalpan/el-pochote
73054,La Gloria,Colonia,Jalpan,Puebla,,Rural,https://postali.app/mx/puebla/jalpan/la-gloria
73055,Agua Linda,Ranchería,Jalpan,Puebla,,Rural,https://postali.app/mx/puebla/jalpan/agua-linda
73055,América,Pueblo,Jalpan,Puebla,,Rural,https://postali.app/mx/puebla/jalpan/america
73055,Benito Juárez,Ranchería,Jalpan,Puebla,,Rural,https://postali.app/mx/puebla/jalpan/benito-juarez
73055,El Piñal,Ranchería,Jalpan,Puebla,,Rural,https://postali.app/mx/puebla/jalpan/el-pinal
73055,El Progreso,Ranchería,Jalpan,Puebla,,Rural,https://postali.app/mx/puebla/jalpan/el-progreso
73056,Jalpan,Ejido,Jalpan,Puebla,,Rural,https://postali.app/mx/puebla/jalpan/jalpan-73056
73056,Vista Hermosa,Pueblo,Jalpan,Puebla,,Rural,https://postali.app/mx/puebla/jalpan/vista-hermosa
73057,Aquiles Córdoba Morán,Colonia,Jalpan,Puebla,,Rural,https://postali.app/mx/puebla/jalpan/aquiles-cordoba-moran
73057,Efigenio Hernández Santillán,Colonia,Jalpan,Puebla,,Rural,https://postali.app/mx/puebla/jalpan/efigenio-hernandez-santillan
73057,El Tambor,Colonia,Jalpan,Puebla,,Rural,https://postali.app/mx/puebla/jalpan/el-tambor
73057,Emiliano Zapata,Ranchería,Jalpan,Puebla,,Rural,https://postali.app/mx/puebla/jalpan/emiliano-zapata
73057,Jesús Cames Valdés,Colonia,Jalpan,Puebla,,Rural,https://postali.app/mx/puebla/jalpan/jesus-cames-valdes
73057,La Garza,Ranchería,Jalpan,Puebla,,Rural,https://postali.app/mx/puebla/jalpan/la-garza
73057,Techalotla,Ranchería,Jalpan,Puebla,,Rural,https://postali.app/mx/puebla/jalpan/techalotla
73057,Villa Hermosa (Vista Hermosa),Colonia,Jalpan,Puebla,,Rural,https://postali.app/mx/puebla/jalpan/villa-hermosa-vista-hermosa
73058,El Retiro,Colonia,Jalpan,Puebla,,Rural,https://postali.app/mx/puebla/jalpan/el-retiro
73058,La Reforma,Colonia,Jalpan,Puebla,,Rural,https://postali.app/mx/puebla/jalpan/la-reforma
73058,Nuevo Zoquiapan,Pueblo,Jalpan,Puebla,,Rural,https://postali.app/mx/puebla/jalpan/nuevo-zoquiapan
73058,Piedras Negras,Pueblo,Jalpan,Puebla,,Rural,https://postali.app/mx/puebla/jalpan/piedras-negras
73060,Acalman,Pueblo,Tlaxco,Puebla,,Rural,https://postali.app/mx/puebla/tlaxco/acalman
73060,Tlaxco,Pueblo,Tlaxco,Puebla,,Rural,https://postali.app/mx/puebla/tlaxco/tlaxco
73063,La Candelaria,Ranchería,Tlaxco,Puebla,,Rural,https://postali.app/mx/puebla/tlaxco/la-candelaria
73064,Buenavista,Ranchería,Tlaxco,Puebla,,Rural,https://postali.app/mx/puebla/tlaxco/buenavista
73065,Cerro Pelón,Barrio,Tlaxco,Puebla,,Rural,https://postali.app/mx/puebla/tlaxco/cerro-pelon
73067,Loma Bonita,Ranchería,Tlaxco,Puebla,,Rural,https://postali.app/mx/puebla/tlaxco/loma-bonita
73068,Atlalpan,Pueblo,Tlaxco,Puebla,,Rural,https://postali.app/mx/puebla/tlaxco/atlalpan
73068,Dos Caminos,Colonia,Tlaxco,Puebla,,Rural,https://postali.app/mx/puebla/tlaxco/dos-caminos
73068,Dos Caminos Atlalpan,Colonia,Tlaxco,Puebla,,Rural,https://postali.app/mx/puebla/tlaxco/dos-caminos-atlalpan
73069,Chipotla,Colonia,Tlaxco,Puebla,,Rural,https://postali.app/mx/puebla/tlaxco/chipotla
73069,Cuaxtla,Pueblo,Tlaxco,Puebla,,Rural,https://postali.app/mx/puebla/tlaxco/cuaxtla
73069,El Álamo,Ranchería,Tlaxco,Puebla,,Rural,https://postali.app/mx/puebla/tlaxco/el-alamo
73070,Cerro Prieto,Ranchería,Tlacuilotepec,Puebla,,Rural,https://postali.app/mx/puebla/tlacuilotepec/cerro-prieto
73070,Cuautepec,Pueblo,Tlacuilotepec,Puebla,,Rural,https://postali.app/mx/puebla/tlacuilotepec/cuautepec
73070,Santa María,Barrio,Tlacuilotepec,Puebla,,Rural,https://postali.app/mx/puebla/tlacuilotepec/santa-maria
73070,Tlacuilotepec,Pueblo,Tlacuilotepec,Puebla,,Rural,https://postali.app/mx/puebla/tlacuilotepec/tlacuilotepec
73071,El Zacatal,Barrio,Tlacuilotepec,Puebla,,Rural,https://postali.app/mx/puebla/tlacuilotepec/el-zacatal
73071,La Campana,Barrio,Tlacuilotepec,Puebla,,Rural,https://postali.app/mx/puebla/tlacuilotepec/la-campana
73071,Nuevo Tenancingo,Ranchería,Tlacuilotepec,Puebla,,Rural,https://postali.app/mx/puebla/tlacuilotepec/nuevo-tenancingo
73071,San Antonio,Barrio,Tlacuilotepec,Puebla,,Rural,https://postali.app/mx/puebla/tlacuilotepec/san-antonio
73071,San José,Ranchería,Tlacuilotepec,Puebla,,Rural,https://postali.app/mx/puebla/tlacuilotepec/san-jose
73071,San Pedro Petlacotla,Pueblo,Tlacuilotepec,Puebla,,Rural,https://postali.app/mx/puebla/tlacuilotepec/san-pedro-petlacotla
73072,Papaloctipan,Pueblo,Tlacuilotepec,Puebla,,Rural,https://postali.app/mx/puebla/tlacuilotepec/papaloctipan
73072,Plan de Ayala,Ranchería,Tlacuilotepec,Puebla,,Rural,https://postali.app/mx/puebla/tlacuilotepec/plan-de-ayala
73073,El Rincón,Barrio,Tlacuilotepec,Puebla,,Rural,https://postali.app/mx/puebla/tlacuilotepec/el-rincon
73073,San Juan Tihuacán,Ranchería,Tlacuilotepec,Puebla,,Rural,https://postali.app/mx/puebla/tlacuilotepec/san-juan-tihuacan
73073,Tliltepec,Barrio,Tlacuilotepec,Puebla,,Rural,https://postali.app/mx/puebla/tlacuilotepec/tliltepec
73074,Itzalan,Pueblo,Tlacuilotepec,Puebla,,Rural,https://postali.app/mx/puebla/tlacuilotepec/itzalan
73074,Tanchitla (Buenavista),Ranchería,Tlacuilotepec,Puebla,,Rural,https://postali.app/mx/puebla/tlacuilotepec/tanchitla-buenavista
73074,Temaxcalapa,Ranchería,Tlacuilotepec,Puebla,,Rural,https://postali.app/mx/puebla/tlacuilotepec/temaxcalapa
73075,Hula,Ranchería,Tlacuilotepec,Puebla,,Rural,https://postali.app/mx/puebla/tlacuilotepec/hula
73075,La Esperanza,Ranchería,Tlacuilotepec,Puebla,,Rural,https://postali.app/mx/puebla/tlacuilotepec/la-esperanza
73075,La Joya,Ranchería,Tlacuilotepec,Puebla,,Rural,https://postali.app/mx/puebla/tlacuilotepec/la-joya
73075,Tacubaya,Barrio,Tlacuilotepec,Puebla,,Rural,https://postali.app/mx/puebla/tlacuilotepec/tacubaya
73075,Teteloloya,Barrio,Tlacuilotepec,Puebla,,Rural,https://postali.app/mx/puebla/tlacuilotepec/teteloloya
73076,El Jericó,Barrio,Tlacuilotepec,Puebla,,Rural,https://postali.app/mx/puebla/tlacuilotepec/el-jerico
73076,Palo Blanco,Barrio,Tlacuilotepec,Puebla,,Rural,https://postali.app/mx/puebla/tlacuilotepec/palo-blanco
73076,Tlapehualita,Barrio,Tlacuilotepec,Puebla,,Rural,https://postali.app/mx/puebla/tlacuilotepec/tlapehualita
73077,El Muñeco,Ranchería,Tlacuilotepec,Puebla,,Rural,https://postali.app/mx/puebla/tlacuilotepec/el-muneco
73077,El Saltillo,Ranchería,Tlacuilotepec,Puebla,,Rural,https://postali.app/mx/puebla/tlacuilotepec/el-saltillo
73077,La Cuerva,Barrio,Tlacuilotepec,Puebla,,Rural,https://postali.app/mx/puebla/tlacuilotepec/la-cuerva
73078,San Andrés,Ranchería,Tlacuilotepec,Puebla,,Rural,https://postali.app/mx/puebla/tlacuilotepec/san-andres
73080,Azaleas,Colonia,Xicotepec,Puebla,Xicotepec,Urbano,https://postali.app/mx/puebla/xicotepec/azaleas
73080,Dos Caminos,Colonia,Xicotepec,Puebla,Xicotepec,Urbano,https://postali.app/mx/puebla/xicotepec/dos-caminos
73080,Duraznotla,Colonia,Xicotepec,Puebla,Xicotepec,Rural,https://postali.app/mx/puebla/xicotepec/duraznotla
73080,El Mirador,Colonia,Xicotepec,Puebla,Xicotepec,Urbano,https://postali.app/mx/puebla/xicotepec/el-mirador
73080,El Tabacal,Colonia,Xicotepec,Puebla,Xicotepec,Urbano,https://postali.app/mx/puebla/xicotepec/el-tabacal
73080,Ganadera,Colonia,Xicotepec,Puebla,Xicotepec,Urbano,https://postali.app/mx/puebla/xicotepec/ganadera
73080,La Chivería,Colonia,Xicotepec,Puebla,Xicotepec,Urbano,https://postali.app/mx/puebla/xicotepec/la-chiveria
73080,La Rivera,Colonia,Xicotepec,Puebla,Xicotepec,Urbano,https://postali.app/mx/puebla/xicotepec/la-rivera
73080,Lomas Verdes,Colonia,Xicotepec,Puebla,Xicotepec,Urbano,https://postali.app/mx/puebla/xicotepec/lomas-verdes
73080,Monte Grande de Zaragoza,Colonia,Xicotepec,Puebla,Xicotepec,Urbano,https://postali.app/mx/puebla/xicotepec/monte-grande-de-zaragoza
73080,Morelos,Colonia,Xicotepec,Puebla,Xicotepec,Urbano,https://postali.app/mx/puebla/xicotepec/morelos
73080,Ojo de Agua Primera Sección,Colonia,Xicotepec,Puebla,Xicotepec,Urbano,https://postali.app/mx/puebla/xicotepec/ojo-de-agua-primera-seccion
73080,Ojo de Agua Segunda Sección,Colonia,Xicotepec,Puebla,Xicotepec,Urbano,https://postali.app/mx/puebla/xicotepec/ojo-de-agua-segunda-seccion
73080,San Antonio Ocopetlatlán,Colonia,Xicotepec,Puebla,Xicotepec,Urbano,https://postali.app/mx/puebla/xicotepec/san-antonio-ocopetlatlan
73080,San Isidro,Colonia,Xicotepec,Puebla,Xicotepec,Urbano,https://postali.app/mx/puebla/xicotepec/san-isidro
73080,Santa Cruz Chica,Colonia,Xicotepec,Puebla,Xicotepec,Urbano,https://postali.app/mx/puebla/xicotepec/santa-cruz-chica
73080,Tierra Negra,Colonia,Xicotepec,Puebla,Xicotepec,Urbano,https://postali.app/mx/puebla/xicotepec/tierra-negra
73080,Unidad Deportiva (Ocotzotal),Colonia,Xicotepec,Puebla,Xicotepec,Urbano,https://postali.app/mx/puebla/xicotepec/unidad-deportiva-ocotzotal
73080,Villa de las Flores,Colonia,Xicotepec,Puebla,Xicotepec,Urbano,https://postali.app/mx/puebla/xicotepec/villa-de-las-flores
73080,Xicotepec de Juárez Centro,Colonia,Xicotepec,Puebla,Xicotepec,Urbano,https://postali.app/mx/puebla/xicotepec/xicotepec-de-juarez-centro
73087,Tlapehuala,Pueblo,Xicotepec,Puebla,,Rural,https://postali.app/mx/puebla/xicotepec/tlapehuala
73088,San Agustín Atlihuácan,Pueblo,Xicotepec,Puebla,,Rural,https://postali.app/mx/puebla/xicotepec/san-agustin-atlihuacan
73089,Ahuaxintitla,Pueblo,Xicotepec,Puebla,,Rural,https://postali.app/mx/puebla/xicotepec/ahuaxintitla
73089,Atequexquitla,Ranchería,Xicotepec,Puebla,,Rural,https://postali.app/mx/puebla/xicotepec/atequexquitla
73089,El Jonote,Ranchería,Xicotepec,Puebla,,Rural,https://postali.app/mx/puebla/xicotepec/el-jonote
73089,Mecatlán de las Flores,Ranchería,Xicotepec,Puebla,,Rural,https://postali.app/mx/puebla/xicotepec/mecatlan-de-las-flores
73089,San Pedro Ixtla,Pueblo,Xicotepec,Puebla,,Rural,https://postali.app/mx/puebla/xicotepec/san-pedro-ixtla
73089,Santa Cruz Grande,Ranchería,Xicotepec,Puebla,,Rural,https://postali.app/mx/puebla/xicotepec/santa-cruz-grande
73089,Tranca de Fierro,Colonia,Xicotepec,Puebla,,Rural,https://postali.app/mx/puebla/xicotepec/tranca-de-fierro
73090,Buenavista,Colonia,Xicotepec,Puebla,,Rural,https://postali.app/mx/puebla/xicotepec/buenavista
73090,Cerro del Tepeyac,Colonia,Xicotepec,Puebla,,Rural,https://postali.app/mx/puebla/xicotepec/cerro-del-tepeyac
73090,La Herradura,Colonia,Xicotepec,Puebla,,Rural,https://postali.app/mx/puebla/xicotepec/la-herradura
73090,Quinta Lilia,Colonia,Xicotepec,Puebla,,Rural,https://postali.app/mx/puebla/xicotepec/quinta-lilia
73090,Villa Ávila Camacho (La Ceiba),Colonia,Xicotepec,Puebla,,Rural,https://postali.app/mx/puebla/xicotepec/villa-avila-camacho-la-ceiba
73091,El Refugio (Los Tamarindos),Ranchería,Xicotepec,Puebla,,Rural,https://postali.app/mx/puebla/xicotepec/el-refugio-los-tamarindos
73091,El Tepetate,Ranchería,Xicotepec,Puebla,,Rural,https://postali.app/mx/puebla/xicotepec/el-tepetate
73091,Gilberto Camacho,Pueblo,Xicotepec,Puebla,,Rural,https://postali.app/mx/puebla/xicotepec/gilberto-camacho
73094,Ixtepec,Ranchería,Xicotepec,Puebla,,Rural,https://postali.app/mx/puebla/xicotepec/ixtepec
73094,Jalapilla,Pueblo,Xicotepec,Puebla,,Rural,https://postali.app/mx/puebla/xicotepec/jalapilla
73096,El Porvenir,Ranchería,Xicotepec,Puebla,,Rural,https://postali.app/mx/puebla/xicotepec/el-porvenir
73096,San Lorenzo y la Joya,Ranchería,Xicotepec,Puebla,,Rural,https://postali.app/mx/puebla/xicotepec/san-lorenzo-y-la-joya
73096,Santa Rita,Ranchería,Xicotepec,Puebla,,Rural,https://postali.app/mx/puebla/xicotepec/santa-rita
73097,Los Arroyos,Ranchería,Xicotepec,Puebla,,Rural,https://postali.app/mx/puebla/xicotepec/los-arroyos
73097,Rancho Nuevo (El Ojite),Ranchería,Xicotepec,Puebla,,Rural,https://postali.app/mx/puebla/xicotepec/rancho-nuevo-el-ojite
73097,San Antonio,Ranchería,Xicotepec,Puebla,,Rural,https://postali.app/mx/puebla/xicotepec/san-antonio
73097,Tlaxcalantongo,Pueblo,Xicotepec,Puebla,,Rural,https://postali.app/mx/puebla/xicotepec/tlaxcalantongo
73098,El Cajón,Ranchería,Xicotepec,Puebla,,Rural,https://postali.app/mx/puebla/xicotepec/el-cajon
73098,Las Pilas,Ranchería,Xicotepec,Puebla,,Rural,https://postali.app/mx/puebla/xicotepec/las-pilas
73098,Tepapatlaxco,Ranchería,Xicotepec,Puebla,,Rural,https://postali.app/mx/puebla/xicotepec/tepapatlaxco
73099,Los Limones,Ranchería,Xicotepec,Puebla,,Rural,https://postali.app/mx/puebla/xicotepec/los-limones
73099,Nactanca,Ejido,Xicotepec,Puebla,,Rural,https://postali.app/mx/puebla/xicotepec/nactanca
73099,Nactanca Chica (La Colonia),Colonia,Xicotepec,Puebla,,Rural,https://postali.app/mx/puebla/xicotepec/nactanca-chica-la-colonia
73099,Nactanca Grande,Ranchería,Xicotepec,Puebla,,Rural,https://postali.app/mx/puebla/xicotepec/nactanca-grande
73099,Rancho Nuevo,Ranchería,Xicotepec,Puebla,,Rural,https://postali.app/mx/puebla/xicotepec/rancho-nuevo
73099,Tulancinguillo,Ranchería,Xicotepec,Puebla,,Rural,https://postali.app/mx/puebla/xicotepec/tulancinguillo
73100,Atla,Pueblo,Pahuatlán,Puebla,,Rural,https://postali.app/mx/puebla/pahuatlan/atla
73100,Ciudad de Pahuatlán de Valle,Pueblo,Pahuatlán,Puebla,,Rural,https://postali.app/mx/puebla/pahuatlan/ciudad-de-pahuatlan-de-valle
73100,Xolotla,Pueblo,Pahuatlán,Puebla,,Rural,https://postali.app/mx/puebla/pahuatlan/xolotla
73101,Xilepa,Barrio,Pahuatlán,Puebla,,Rural,https://postali.app/mx/puebla/pahuatlan/xilepa
73101,Zacapehuaya,Ranchería,Pahuatlán,Puebla,,Rural,https://postali.app/mx/puebla/pahuatlan/zacapehuaya
73103,Ahila,Pueblo,Pahuatlán,Puebla,,Rural,https://postali.app/mx/puebla/pahuatlan/ahila
73110,Agua de Carrizo,Colonia,Pahuatlán,Puebla,,Rural,https://postali.app/mx/puebla/pahuatlan/agua-de-carrizo
73110,Agua de Machete,Colonia,Pahuatlán,Puebla,,Rural,https://postali.app/mx/puebla/pahuatlan/agua-de-machete
73110,Agua Negra,Colonia,Pahuatlán,Puebla,,Rural,https://postali.app/mx/puebla/pahuatlan/agua-negra
73110,San Pablito,Pueblo,Pahuatlán,Puebla,,Rural,https://postali.app/mx/puebla/pahuatlan/san-pablito
73110,Tlalcruz de Libres,Pueblo,Pahuatlán,Puebla,,Rural,https://postali.app/mx/puebla/pahuatlan/tlalcruz-de-libres
73110,Xochimilco,Colonia,Pahuatlán,Puebla,,Rural,https://postali.app/mx/puebla/pahuatlan/xochimilco
73110,Zoyatla de Guerrero,Pueblo,Pahuatlán,Puebla,,Rural,https://postali.app/mx/puebla/pahuatlan/zoyatla-de-guerrero
73112,Montellano,Barrio,Pahuatlán,Puebla,,Rural,https://postali.app/mx/puebla/pahuatlan/montellano
73113,Acalapa,Pueblo,Pahuatlán,Puebla,,Rural,https://postali.app/mx/puebla/pahuatlan/acalapa
73113,Lindavista,Ranchería,Pahuatlán,Puebla,,Rural,https://postali.app/mx/puebla/pahuatlan/lindavista
73114,Los Ángeles,Ranchería,Pahuatlán,Puebla,,Rural,https://postali.app/mx/puebla/pahuatlan/los-angeles
73115,Ahuacatitla,Ranchería,Pahuatlán,Puebla,,Rural,https://postali.app/mx/puebla/pahuatlan/ahuacatitla
73115,Atlantongo,Pueblo,Pahuatlán,Puebla,,Rural,https://postali.app/mx/puebla/pahuatlan/atlantongo
73115,Mamiquetla,Colonia,Pahuatlán,Puebla,,Rural,https://postali.app/mx/puebla/pahuatlan/mamiquetla
73117,Cuauneutla de la Paz,Pueblo,Pahuatlán,Puebla,,Rural,https://postali.app/mx/puebla/pahuatlan/cuauneutla-de-la-paz
73119,Paciotla,Ranchería,Pahuatlán,Puebla,,Rural,https://postali.app/mx/puebla/pahuatlan/paciotla
73120,Honey,Pueblo,Honey,Puebla,,Rural,https://postali.app/mx/puebla/honey/honey
73120,La Magdalena,Pueblo,Honey,Puebla,,Rural,https://postali.app/mx/puebla/honey/la-magdalena
73120,Tonalixco,Pueblo,Honey,Puebla,,Rural,https://postali.app/mx/puebla/honey/tonalixco
73128,Buenavista,Ranchería,Honey,Puebla,,Rural,https://postali.app/mx/puebla/honey/buenavista
73129,Amapoloa,Ranchería,Honey,Puebla,,Rural,https://postali.app/mx/puebla/honey/amapoloa
73130,Chila,Pueblo,Honey,Puebla,,Rural,https://postali.app/mx/puebla/honey/chila
73134,El Manzano,Ranchería,Honey,Puebla,,Rural,https://postali.app/mx/puebla/honey/el-manzano
73134,Huehuetlilla,Pueblo,Honey,Puebla,,Rural,https://postali.app/mx/puebla/honey/huehuetlilla
73135,Las Cumbres del Manzano,Ranchería,Honey,Puebla,,Rural,https://postali.app/mx/puebla/honey/las-cumbres-del-manzano
73140,Chachahuantla,Pueblo,Naupan,Puebla,,Rural,https://postali.app/mx/puebla/naupan/chachahuantla
73140,Copila,Pueblo,Naupan,Puebla,,Rural,https://postali.app/mx/puebla/naupan/copila
73140,Iczotitla,Pueblo,Naupan,Puebla,,Rural,https://postali.app/mx/puebla/naupan/iczotitla
73140,Mextla,Pueblo,Naupan,Puebla,,Rural,https://postali.app/mx/puebla/naupan/mextla
73140,Naupan,Pueblo,Naupan,Puebla,,Rural,https://postali.app/mx/puebla/naupan/naupan
73140,Tlaxpanaloya,Pueblo,Naupan,Puebla,,Rural,https://postali.app/mx/puebla/naupan/tlaxpanaloya
73141,Cueyatla,Pueblo,Naupan,Puebla,,Rural,https://postali.app/mx/puebla/naupan/cueyatla
73142,Tenextitla,Pueblo,Naupan,Puebla,,Rural,https://postali.app/mx/puebla/naupan/tenextitla
73147,Cuahuihuizotitla,Ranchería,Naupan,Puebla,,Rural,https://postali.app/mx/puebla/naupan/cuahuihuizotitla
73160,Cuautlita,Pueblo,Huauchinango,Puebla,,Urbano,https://postali.app/mx/puebla/huauchinango/cuautlita
73160,Las Colonias de Hidalgo,Pueblo,Huauchinango,Puebla,,Rural,https://postali.app/mx/puebla/huauchinango/las-colonias-de-hidalgo
73160,Papatlatla,Colonia,Huauchinango,Puebla,,Rural,https://postali.app/mx/puebla/huauchinango/papatlatla
73160,Papatlazolco,Pueblo,Huauchinango,Puebla,,Rural,https://postali.app/mx/puebla/huauchinango/papatlazolco
73160,Tlalmaya,Colonia,Huauchinango,Puebla,,Rural,https://postali.app/mx/puebla/huauchinango/tlalmaya
73160,Xaltepec,Pueblo,Huauchinango,Puebla,,Rural,https://postali.app/mx/puebla/huauchinango/xaltepec
73161,Tenango de las Flores,Pueblo,Huauchinango,Puebla,,Rural,https://postali.app/mx/puebla/huauchinango/tenango-de-las-flores
73161,Tzahuinco,Colonia,Huauchinango,Puebla,,Rural,https://postali.app/mx/puebla/huauchinango/tzahuinco
73162,Ozomatlán,Pueblo,Huauchinango,Puebla,,Rural,https://postali.app/mx/puebla/huauchinango/ozomatlan
73162,Tepetzintla de Galeana,Pueblo,Huauchinango,Puebla,,Rural,https://postali.app/mx/puebla/huauchinango/tepetzintla-de-galeana
73163,Ayohuixcuautla,Pueblo,Huauchinango,Puebla,,Rural,https://postali.app/mx/puebla/huauchinango/ayohuixcuautla
73163,Cuahueyatla,Pueblo,Huauchinango,Puebla,,Rural,https://postali.app/mx/puebla/huauchinango/cuahueyatla
73164,Alseseca,Colonia,Huauchinango,Puebla,,Rural,https://postali.app/mx/puebla/huauchinango/alseseca
73164,Cuauxinca,Colonia,Huauchinango,Puebla,,Rural,https://postali.app/mx/puebla/huauchinango/cuauxinca
73164,Cuaxicala,Colonia,Huauchinango,Puebla,,Rural,https://postali.app/mx/puebla/huauchinango/cuaxicala
73164,Huilacapixtla,Pueblo,Huauchinango,Puebla,,Rural,https://postali.app/mx/puebla/huauchinango/huilacapixtla
73164,Matlaluca,Colonia,Huauchinango,Puebla,,Rural,https://postali.app/mx/puebla/huauchinango/matlaluca
73164,Nopala,Colonia,Huauchinango,Puebla,,Rural,https://postali.app/mx/puebla/huauchinango/nopala
73164,San Miguel Acuautla,Colonia,Huauchinango,Puebla,,Rural,https://postali.app/mx/puebla/huauchinango/san-miguel-acuautla
73164,Tlalcoyunga,Ranchería,Huauchinango,Puebla,,Urbano,https://postali.app/mx/puebla/huauchinango/tlalcoyunga
73165,Michiuca,Pueblo,Huauchinango,Puebla,,Rural,https://postali.app/mx/puebla/huauchinango/michiuca
73165,Patoltecoya,Pueblo,Huauchinango,Puebla,,Rural,https://postali.app/mx/puebla/huauchinango/patoltecoya
73165,Totolapa,Pueblo,Huauchinango,Puebla,,Rural,https://postali.app/mx/puebla/huauchinango/totolapa
73166,Tlacomulco,Ranchería,Huauchinango,Puebla,,Rural,https://postali.app/mx/puebla/huauchinango/tlacomulco
73167,El Mirador,Ranchería,Huauchinango,Puebla,,Rural,https://postali.app/mx/puebla/huauchinango/el-mirador
73167,Mesa de Capulines,Ranchería,Huauchinango,Puebla,,Rural,https://postali.app/mx/puebla/huauchinango/mesa-de-capulines
73167,Puga,Ranchería,Huauchinango,Puebla,,Rural,https://postali.app/mx/puebla/huauchinango/puga
73167,Venta Chica,Pueblo,Huauchinango,Puebla,,Rural,https://postali.app/mx/puebla/huauchinango/venta-chica
73167,Venta Grande,Pueblo,Huauchinango,Puebla,,Rural,https://postali.app/mx/puebla/huauchinango/venta-grande
73168,Ahuacatlán,Pueblo,Huauchinango,Puebla,,Rural,https://postali.app/mx/puebla/huauchinango/ahuacatlan
73168,Chicuase,Ranchería,Huauchinango,Puebla,,Rural,https://postali.app/mx/puebla/huauchinango/chicuase
73168,Ixhuacatla,Ranchería,Huauchinango,Puebla,,Rural,https://postali.app/mx/puebla/huauchinango/ixhuacatla
73168,Ocpaco,Ranchería,Huauchinango,Puebla,,Rural,https://postali.app/mx/puebla/huauchinango/ocpaco
73168,Xilocuautla,Pueblo,Huauchinango,Puebla,,Rural,https://postali.app/mx/puebla/huauchinango/xilocuautla
73168,Xopanapa,Pueblo,Huauchinango,Puebla,,Rural,https://postali.app/mx/puebla/huauchinango/xopanapa
73169,Teopancingo,Ranchería,Huauchinango,Puebla,,Rural,https://postali.app/mx/puebla/huauchinango/teopancingo
73170,Huauchinango Centro,Colonia,Huauchinango,Puebla,Huauchinango,Urbano,https://postali.app/mx/puebla/huauchinango/huauchinango-centro
73172,Acatlán,Colonia,Huauchinango,Puebla,Huauchinango,Urbano,https://postali.app/mx/puebla/huauchinango/acatlan
73172,Agua Blanca,Colonia,Huauchinango,Puebla,Huauchinango,Urbano,https://postali.app/mx/puebla/huauchinango/agua-blanca
73172,El Cerrito,Barrio,Huauchinango,Puebla,Huauchinango,Urbano,https://postali.app/mx/puebla/huauchinango/el-cerrito
73172,El Derrumbe,Colonia,Huauchinango,Puebla,Huauchinango,Urbano,https://postali.app/mx/puebla/huauchinango/el-derrumbe
73172,El Ocote,Colonia,Huauchinango,Puebla,Huauchinango,Urbano,https://postali.app/mx/puebla/huauchinango/el-ocote
73172,Independencia,Colonia,Huauchinango,Puebla,Huauchinango,Urbano,https://postali.app/mx/puebla/huauchinango/independencia
73172,La Petrolera,Colonia,Huauchinango,Puebla,Huauchinango,Urbano,https://postali.app/mx/puebla/huauchinango/la-petrolera
73172,Los Pinos,Fraccionamiento,Huauchinango,Puebla,Huauchinango,Urbano,https://postali.app/mx/puebla/huauchinango/los-pinos
73172,Morelos,Colonia,Huauchinango,Puebla,Huauchinango,Urbano,https://postali.app/mx/puebla/huauchinango/morelos
73172,Santa Dora,Colonia,Huauchinango,Puebla,Huauchinango,Urbano,https://postali.app/mx/puebla/huauchinango/santa-dora
73172,Texcapa,Colonia,Huauchinango,Puebla,Huauchinango,Urbano,https://postali.app/mx/puebla/huauchinango/texcapa
73173,5 de Octubre,Fraccionamiento,Huauchinango,Puebla,Huauchinango,Urbano,https://postali.app/mx/puebla/huauchinango/5-de-octubre
73173,Chapultepec,Colonia,Huauchinango,Puebla,Huauchinango,Urbano,https://postali.app/mx/puebla/huauchinango/chapultepec
73173,Cuacuila,Pueblo,Huauchinango,Puebla,Huauchinango,Urbano,https://postali.app/mx/puebla/huauchinango/cuacuila
73173,Guadalupe,Fraccionamiento,Huauchinango,Puebla,Huauchinango,Urbano,https://postali.app/mx/puebla/huauchinango/guadalupe
73173,La Cumbre,Colonia,Huauchinango,Puebla,Huauchinango,Urbano,https://postali.app/mx/puebla/huauchinango/la-cumbre
73173,Lomas de Chapultepec,Colonia,Huauchinango,Puebla,Huauchinango,Urbano,https://postali.app/mx/puebla/huauchinango/lomas-de-chapultepec
73173,Los Capulines,Colonia,Huauchinango,Puebla,Huauchinango,Urbano,https://postali.app/mx/puebla/huauchinango/los-capulines
73173,Santiago (Buena Vista),Fraccionamiento,Huauchinango,Puebla,Huauchinango,Urbano,https://postali.app/mx/puebla/huauchinango/santiago-buena-vista
73174,5 de Mayo,Colonia,Huauchinango,Puebla,Huauchinango,Urbano,https://postali.app/mx/puebla/huauchinango/5-de-mayo
73174,Antonio Amador Quintero,Fraccionamiento,Huauchinango,Puebla,Huauchinango,Urbano,https://postali.app/mx/puebla/huauchinango/antonio-amador-quintero
73174,Bellavista,Fraccionamiento,Huauchinango,Puebla,Huauchinango,Urbano,https://postali.app/mx/puebla/huauchinango/bellavista
73174,El Llano,Fraccionamiento,Huauchinango,Puebla,Huauchinango,Urbano,https://postali.app/mx/puebla/huauchinango/el-llano
73174,El Mirador I,Colonia,Huauchinango,Puebla,Huauchinango,Urbano,https://postali.app/mx/puebla/huauchinango/el-mirador-i
73174,El Ocotal,Colonia,Huauchinango,Puebla,Huauchinango,Urbano,https://postali.app/mx/puebla/huauchinango/el-ocotal
73174,Hortalizas,Fraccionamiento,Huauchinango,Puebla,Huauchinango,Urbano,https://postali.app/mx/puebla/huauchinango/hortalizas
73174,La Aurora,Colonia,Huauchinango,Puebla,Huauchinango,Urbano,https://postali.app/mx/puebla/huauchinango/la-aurora
73174,La Herradura,Fraccionamiento,Huauchinango,Puebla,Huauchinango,Urbano,https://postali.app/mx/puebla/huauchinango/la-herradura
73174,La Joya,Fraccionamiento,Huauchinango,Puebla,Huauchinango,Urbano,https://postali.app/mx/puebla/huauchinango/la-joya
73174,La Mesita,Colonia,Huauchinango,Puebla,Huauchinango,Urbano,https://postali.app/mx/puebla/huauchinango/la-mesita
73174,La Partada,Fraccionamiento,Huauchinango,Puebla,Huauchinango,Urbano,https://postali.app/mx/puebla/huauchinango/la-partada
73174,Lomas de Bellavista,Fraccionamiento,Huauchinango,Puebla,Huauchinango,Urbano,https://postali.app/mx/puebla/huauchinango/lomas-de-bellavista
73174,Los Ángeles,Colonia,Huauchinango,Puebla,Huauchinango,Urbano,https://postali.app/mx/puebla/huauchinango/los-angeles
73174,Nuevo Milenio,Fraccionamiento,Huauchinango,Puebla,Huauchinango,Urbano,https://postali.app/mx/puebla/huauchinango/nuevo-milenio
73174,Piedras Pintadas,Colonia,Huauchinango,Puebla,Huauchinango,Urbano,https://postali.app/mx/puebla/huauchinango/piedras-pintadas
73174,Río Chiquito,Colonia,Huauchinango,Puebla,Huauchinango,Urbano,https://postali.app/mx/puebla/huauchinango/rio-chiquito
73174,Santiago,Barrio,Huauchinango,Puebla,Huauchinango,Urbano,https://postali.app/mx/puebla/huauchinango/santiago
73175,14 de Octubre,Colonia,Huauchinango,Puebla,Huauchinango,Urbano,https://postali.app/mx/puebla/huauchinango/14-de-octubre
73175,Adolfo López Mateos,Colonia,Huauchinango,Puebla,Huauchinango,Urbano,https://postali.app/mx/puebla/huauchinango/adolfo-lopez-mateos
73175,Ahuacatitla,Colonia,Huauchinango,Puebla,Huauchinango,Urbano,https://postali.app/mx/puebla/huauchinango/ahuacatitla
73175,Constitución,Colonia,Huauchinango,Puebla,Huauchinango,Urbano,https://postali.app/mx/puebla/huauchinango/constitucion
73175,Cruz Blanca,Colonia,Huauchinango,Puebla,Huauchinango,Urbano,https://postali.app/mx/puebla/huauchinango/cruz-blanca
73175,Cruz del Milagro,Colonia,Huauchinango,Puebla,Huauchinango,Urbano,https://postali.app/mx/puebla/huauchinango/cruz-del-milagro
73175,El Mirador II,Colonia,Huauchinango,Puebla,Huauchinango,Urbano,https://postali.app/mx/puebla/huauchinango/el-mirador-ii
73175,Francisco Villa,Fraccionamiento,Huauchinango,Puebla,Huauchinango,Urbano,https://postali.app/mx/puebla/huauchinango/francisco-villa
73175,Huauchinango,Fraccionamiento,Huauchinango,Puebla,Huauchinango,Urbano,https://postali.app/mx/puebla/huauchinango/huauchinango
73175,La Morena,Fraccionamiento,Huauchinango,Puebla,Huauchinango,Urbano,https://postali.app/mx/puebla/huauchinango/la-morena
73175,La Paz,Colonia,Huauchinango,Puebla,Huauchinango,Urbano,https://postali.app/mx/puebla/huauchinango/la-paz
73175,Monterrey,Fraccionamiento,Huauchinango,Puebla,Huauchinango,Urbano,https://postali.app/mx/puebla/huauchinango/monterrey
73175,Proyecto 2000,Fraccionamiento,Huauchinango,Puebla,Huauchinango,Urbano,https://postali.app/mx/puebla/huauchinango/proyecto-2000
73175,Ruiz Cortines,Fraccionamiento,Huauchinango,Puebla,Huauchinango,Urbano,https://postali.app/mx/puebla/huauchinango/ruiz-cortines
73175,Santa Catarina,Colonia,Huauchinango,Puebla,Huauchinango,Urbano,https://postali.app/mx/puebla/huauchinango/santa-catarina
73175,Santa Cruz,Colonia,Huauchinango,Puebla,Huauchinango,Urbano,https://postali.app/mx/puebla/huauchinango/santa-cruz
73176,Catalina,Colonia,Huauchinango,Puebla,Huauchinango,Urbano,https://postali.app/mx/puebla/huauchinango/catalina
73176,El Ahuacatal,Colonia,Huauchinango,Puebla,Huauchinango,Urbano,https://postali.app/mx/puebla/huauchinango/el-ahuacatal
73176,El Paraíso,Colonia,Huauchinango,Puebla,Huauchinango,Urbano,https://postali.app/mx/puebla/huauchinango/el-paraiso
73176,El Potro,Colonia,Huauchinango,Puebla,Huauchinango,Urbano,https://postali.app/mx/puebla/huauchinango/el-potro
73176,Insurgentes,Colonia,Huauchinango,Puebla,Huauchinango,Urbano,https://postali.app/mx/puebla/huauchinango/insurgentes
73176,La Estrella,Colonia,Huauchinango,Puebla,Huauchinango,Urbano,https://postali.app/mx/puebla/huauchinango/la-estrella
73176,Libertad,Colonia,Huauchinango,Puebla,Huauchinango,Urbano,https://postali.app/mx/puebla/huauchinango/libertad
73176,Rincón de la Cruz,Fraccionamiento,Huauchinango,Puebla,Huauchinango,Urbano,https://postali.app/mx/puebla/huauchinango/rincon-de-la-cruz
73176,Valles del Rincón,Colonia,Huauchinango,Puebla,Huauchinango,Urbano,https://postali.app/mx/puebla/huauchinango/valles-del-rincon
73177,Atzopic,Colonia,Huauchinango,Puebla,Huauchinango,Urbano,https://postali.app/mx/puebla/huauchinango/atzopic
73177,Carmen Serdán,Fraccionamiento,Huauchinango,Puebla,Huauchinango,Urbano,https://postali.app/mx/puebla/huauchinango/carmen-serdan
73177,Electricista,Colonia,Huauchinango,Puebla,Huauchinango,Urbano,https://postali.app/mx/puebla/huauchinango/electricista
73177,Emiliano Zapata,Fraccionamiento,Huauchinango,Puebla,Huauchinango,Urbano,https://postali.app/mx/puebla/huauchinango/emiliano-zapata
73177,FOVISSSTE,Colonia,Huauchinango,Puebla,Huauchinango,Urbano,https://postali.app/mx/puebla/huauchinango/fovissste
73177,FSTSE,Fraccionamiento,Huauchinango,Puebla,Huauchinango,Urbano,https://postali.app/mx/puebla/huauchinango/fstse
73177,INFONAVIT Zacamila,Fraccionamiento,Huauchinango,Puebla,Huauchinango,Urbano,https://postali.app/mx/puebla/huauchinango/infonavit-zacamila
73177,La Villa,Colonia,Huauchinango,Puebla,Huauchinango,Urbano,https://postali.app/mx/puebla/huauchinango/la-villa
73177,Las Flores,Fraccionamiento,Huauchinango,Puebla,Huauchinango,Urbano,https://postali.app/mx/puebla/huauchinango/las-flores
73177,Lomas de Zacamila,Fraccionamiento,Huauchinango,Puebla,Huauchinango,Urbano,https://postali.app/mx/puebla/huauchinango/lomas-de-zacamila
73177,Luis Donaldo Colosio,Fraccionamiento,Huauchinango,Puebla,Huauchinango,Urbano,https://postali.app/mx/puebla/huauchinango/luis-donaldo-colosio
73177,Miguel Hidalgo,Colonia,Huauchinango,Puebla,Huauchinango,Urbano,https://postali.app/mx/puebla/huauchinango/miguel-hidalgo
73177,Rancho Viejo,Colonia,Huauchinango,Puebla,Huauchinango,Urbano,https://postali.app/mx/puebla/huauchinango/rancho-viejo
73177,Sección 39,Fraccionamiento,Huauchinango,Puebla,Huauchinango,Urbano,https://postali.app/mx/puebla/huauchinango/seccion-39
73177,Valle Fénix,Fraccionamiento,Huauchinango,Puebla,Huauchinango,Urbano,https://postali.app/mx/puebla/huauchinango/valle-fenix
73178,Benito Juárez,Colonia,Huauchinango,Puebla,Huauchinango,Urbano,https://postali.app/mx/puebla/huauchinango/benito-juarez
73178,La Palpa,Colonia,Huauchinango,Puebla,Huauchinango,Urbano,https://postali.app/mx/puebla/huauchinango/la-palpa
73178,Lomas del Bosque,Fraccionamiento,Huauchinango,Puebla,Huauchinango,Urbano,https://postali.app/mx/puebla/huauchinango/lomas-del-bosque
73178,Quetzalcoatl,Fraccionamiento,Huauchinango,Puebla,Huauchinango,Urbano,https://postali.app/mx/puebla/huauchinango/quetzalcoatl
73178,Vima,Colonia,Huauchinango,Puebla,Huauchinango,Urbano,https://postali.app/mx/puebla/huauchinango/vima
73178,Zacamila,Colonia,Huauchinango,Puebla,Huauchinango,Urbano,https://postali.app/mx/puebla/huauchinango/zacamila
73180,Ahuazotepec,Pueblo,Ahuazotepec,Puebla,,Rural,https://postali.app/mx/puebla/ahuazotepec/ahuazotepec
73180,Manzanillas,Colonia,Ahuazotepec,Puebla,,Rural,https://postali.app/mx/puebla/ahuazotepec/manzanillas
73180,Segunda Sección,Colonia,Ahuazotepec,Puebla,,Rural,https://postali.app/mx/puebla/ahuazotepec/segunda-seccion
73181,La Estación de Ahuazotepec,Colonia,Ahuazotepec,Puebla,,Rural,https://postali.app/mx/puebla/ahuazotepec/la-estacion-de-ahuazotepec
73181,Temaxcales,Colonia,Ahuazotepec,Puebla,,Rural,https://postali.app/mx/puebla/ahuazotepec/temaxcales
73185,Ahuacatla,Colonia,Ahuazotepec,Puebla,,Rural,https://postali.app/mx/puebla/ahuazotepec/ahuacatla
73185,La Ermita,Colonia,Ahuazotepec,Puebla,,Rural,https://postali.app/mx/puebla/ahuazotepec/la-ermita
73185,La Mesa Chica (Las Milpillas),Ranchería,Ahuazotepec,Puebla,,Rural,https://postali.app/mx/puebla/ahuazotepec/la-mesa-chica-las-milpillas
73185,Loma Amolo,Ranchería,Ahuazotepec,Puebla,,Rural,https://postali.app/mx/puebla/ahuazotepec/loma-amolo
73190,Beristáin,Pueblo,Ahuazotepec,Puebla,,Rural,https://postali.app/mx/puebla/ahuazotepec/beristain
73190,San Miguel Ayotla,Colonia,Ahuazotepec,Puebla,,Rural,https://postali.app/mx/puebla/ahuazotepec/san-miguel-ayotla
73190,Santa Félix,Colonia,Ahuazotepec,Puebla,,Rural,https://postali.app/mx/puebla/ahuazotepec/santa-felix
73191,Laguna Seca,Ranchería,Ahuazotepec,Puebla,,Rural,https://postali.app/mx/puebla/ahuazotepec/laguna-seca
73193,Tejamaniles,Ejido,Ahuazotepec,Puebla,,Rural,https://postali.app/mx/puebla/ahuazotepec/tejamaniles
73194,Tenejaque,Ranchería,Ahuazotepec,Puebla,,Rural,https://postali.app/mx/puebla/ahuazotepec/tenejaque
73195,Mesa Chica,Ejido,Ahuazotepec,Puebla,,Rural,https://postali.app/mx/puebla/ahuazotepec/mesa-chica
73195,San Antonio Buenavista,Colonia,Ahuazotepec,Puebla,,Rural,https://postali.app/mx/puebla/ahuazotepec/san-antonio-buenavista
73200,Nuevo Necaxa,Pueblo,Juan Galindo,Puebla,,Rural,https://postali.app/mx/puebla/juan-galindo/nuevo-necaxa
73203,El Naranjal,Colonia,Juan Galindo,Puebla,,Rural,https://postali.app/mx/puebla/juan-galindo/el-naranjal
73204,Morelos,Pueblo,Juan Galindo,Puebla,,Rural,https://postali.app/mx/puebla/juan-galindo/morelos
73205,Agua Azul,Colonia,Juan Galindo,Puebla,,Rural,https://postali.app/mx/puebla/juan-galindo/agua-azul
73205,Hidalgo,Colonia,Juan Galindo,Puebla,,Rural,https://postali.app/mx/puebla/juan-galindo/hidalgo
73205,Juárez,Colonia,Juan Galindo,Puebla,,Rural,https://postali.app/mx/puebla/juan-galindo/juarez
73205,PEMEX,Colonia,Juan Galindo,Puebla,,Rural,https://postali.app/mx/puebla/juan-galindo/pemex
73205,Reforma,Colonia,Juan Galindo,Puebla,,Rural,https://postali.app/mx/puebla/juan-galindo/reforma
73206,Los Alpes,Colonia,Juan Galindo,Puebla,,Rural,https://postali.app/mx/puebla/juan-galindo/los-alpes
73210,Nezoaya,Colonia,Juan Galindo,Puebla,,Rural,https://postali.app/mx/puebla/juan-galindo/nezoaya
73211,Necaxaltépetl,Pueblo,Juan Galindo,Puebla,,Rural,https://postali.app/mx/puebla/juan-galindo/necaxaltepetl
73213,Dos Caminos,Colonia,Juan Galindo,Puebla,,Rural,https://postali.app/mx/puebla/juan-galindo/dos-caminos
73214,Azteca,Colonia,Juan Galindo,Puebla,,Rural,https://postali.app/mx/puebla/juan-galindo/azteca
73214,El Salto,Colonia,Juan Galindo,Puebla,,Rural,https://postali.app/mx/puebla/juan-galindo/el-salto
73214,Loma Bonita,Colonia,Juan Galindo,Puebla,,Rural,https://postali.app/mx/puebla/juan-galindo/loma-bonita
73214,Salto Chico,Colonia,Juan Galindo,Puebla,,Rural,https://postali.app/mx/puebla/juan-galindo/salto-chico
73215,Cuautlita (El Gamito),Colonia,Juan Galindo,Puebla,,Rural,https://postali.app/mx/puebla/juan-galindo/cuautlita-el-gamito
73220,Ayahualco,Colonia,Tlaola,Puebla,,Rural,https://postali.app/mx/puebla/tlaola/ayahualco
73220,Chicahuaxtla,Pueblo,Tlaola,Puebla,,Rural,https://postali.app/mx/puebla/tlaola/chicahuaxtla
73220,La Herradura,Colonia,Tlaola,Puebla,,Rural,https://postali.app/mx/puebla/tlaola/la-herradura
73220,Nixcugtla,Colonia,Tlaola,Puebla,,Rural,https://postali.app/mx/puebla/tlaola/nixcugtla
73220,San Isidro Acatlán,Colonia,Tlaola,Puebla,,Rural,https://postali.app/mx/puebla/tlaola/san-isidro-acatlan
73220,Tlaltepango,Pueblo,Tlaola,Puebla,,Rural,https://postali.app/mx/puebla/tlaola/tlaltepango
73220,Tlaola,Pueblo,Tlaola,Puebla,,Rural,https://postali.app/mx/puebla/tlaola/tlaola
73220,Tlaticoxca,Colonia,Tlaola,Puebla,,Rural,https://postali.app/mx/puebla/tlaola/tlaticoxca
73220,Xaltepuxtla,Pueblo,Tlaola,Puebla,,Rural,https://postali.app/mx/puebla/tlaola/xaltepuxtla
73220,Xochinanacatlán,Pueblo,Tlaola,Puebla,,Rural,https://postali.app/mx/puebla/tlaola/xochinanacatlan
73222,Amacugtla,Ranchería,Tlaola,Puebla,,Rural,https://postali.app/mx/puebla/tlaola/amacugtla
73222,Caxapotla,Ranchería,Tlaola,Puebla,,Rural,https://postali.app/mx/puebla/tlaola/caxapotla
73225,Coligque,Ranchería,Tlaola,Puebla,,Rural,https://postali.app/mx/puebla/tlaola/coligque
73225,Coxolitla,Pueblo,Tlaola,Puebla,,Rural,https://postali.app/mx/puebla/tlaola/coxolitla
73226,Amanalco,Colonia,Tlaola,Puebla,,Urbano,https://postali.app/mx/puebla/tlaola/amanalco
73226,Cocolongo,Ranchería,Tlaola,Puebla,,Urbano,https://postali.app/mx/puebla/tlaola/cocolongo
73226,Nuevo Hidalgo,Pueblo,Tlaola,Puebla,,Rural,https://postali.app/mx/puebla/tlaola/nuevo-hidalgo
73226,Santa Cruz,Ranchería,Tlaola,Puebla,,Rural,https://postali.app/mx/puebla/tlaola/santa-cruz
73226,Tlacocugtla,Ranchería,Tlaola,Puebla,,Rural,https://postali.app/mx/puebla/tlaola/tlacocugtla
73226,Tlapitzalapa,Ranchería,Tlaola,Puebla,,Rural,https://postali.app/mx/puebla/tlaola/tlapitzalapa
73227,Cugtzonticpa,Pueblo,Tlaola,Puebla,,Rural,https://postali.app/mx/puebla/tlaola/cugtzonticpa
73227,Tlaltentiloya,Ranchería,Tlaola,Puebla,,Rural,https://postali.app/mx/puebla/tlaola/tlaltentiloya
73228,Yetla,Pueblo,Tlaola,Puebla,,Rural,https://postali.app/mx/puebla/tlaola/yetla
73230,Cocolixtla,Ranchería,Tlaola,Puebla,,Rural,https://postali.app/mx/puebla/tlaola/cocolixtla
73230,Tlatlapanala,Pueblo,Tlaola,Puebla,,Rural,https://postali.app/mx/puebla/tlaola/tlatlapanala
73232,Nexapa Ahila,Ranchería,Tlaola,Puebla,,Rural,https://postali.app/mx/puebla/tlaola/nexapa-ahila
73233,Atenco,Ranchería,Tlaola,Puebla,,Rural,https://postali.app/mx/puebla/tlaola/atenco
73233,Atitlalaya,Ranchería,Tlaola,Puebla,,Rural,https://postali.app/mx/puebla/tlaola/atitlalaya
73233,Capultitla,Ranchería,Tlaola,Puebla,,Rural,https://postali.app/mx/puebla/tlaola/capultitla
73233,La Gallera,Ranchería,Tlaola,Puebla,,Rural,https://postali.app/mx/puebla/tlaola/la-gallera
73233,Ocoxocotla,Ranchería,Tlaola,Puebla,,Rural,https://postali.app/mx/puebla/tlaola/ocoxocotla
73233,Salazar Herrera,Ranchería,Tlaola,Puebla,,Rural,https://postali.app/mx/puebla/tlaola/salazar-herrera
73234,Atequexquitla,Ranchería,Tlaola,Puebla,,Rural,https://postali.app/mx/puebla/tlaola/atequexquitla
73234,Huixtla,Pueblo,Tlaola,Puebla,,Rural,https://postali.app/mx/puebla/tlaola/huixtla
73235,Cuamila,Pueblo,Tlaola,Puebla,,Rural,https://postali.app/mx/puebla/tlaola/cuamila
73235,Plan de Cuamila,Pueblo,Tlaola,Puebla,,Rural,https://postali.app/mx/puebla/tlaola/plan-de-cuamila
73236,Tlatzohuiloya,Ranchería,Tlaola,Puebla,,Rural,https://postali.app/mx/puebla/tlaola/tlatzohuiloya
73237,San José,Ranchería,Tlaola,Puebla,,Rural,https://postali.app/mx/puebla/tlaola/san-jose
73237,Tzitzicazapa,Pueblo,Tlaola,Puebla,,Rural,https://postali.app/mx/puebla/tlaola/tzitzicazapa
73240,Arroyo Mano,Rancho,Zihuateutla,Puebla,,Rural,https://postali.app/mx/puebla/zihuateutla/arroyo-mano
73240,Cerro Verde,Pueblo,Zihuateutla,Puebla,,Rural,https://postali.app/mx/puebla/zihuateutla/cerro-verde
73241,El Rincón,Rancho,Zihuateutla,Puebla,,Rural,https://postali.app/mx/puebla/zihuateutla/el-rincon
73241,La Tranca de Fierro,Colonia,Zihuateutla,Puebla,,Rural,https://postali.app/mx/puebla/zihuateutla/la-tranca-de-fierro
73241,La Unión,Pueblo,Zihuateutla,Puebla,,Rural,https://postali.app/mx/puebla/zihuateutla/la-union
73241,Las Margaritas,Rancho,Zihuateutla,Puebla,,Rural,https://postali.app/mx/puebla/zihuateutla/las-margaritas
73242,Zihuateutla,Pueblo,Zihuateutla,Puebla,,Rural,https://postali.app/mx/puebla/zihuateutla/zihuateutla
73244,Cre-Leg,Finca,Zihuateutla,Puebla,,Rural,https://postali.app/mx/puebla/zihuateutla/cre-leg
73244,El Cafetín,Finca,Zihuateutla,Puebla,,Rural,https://postali.app/mx/puebla/zihuateutla/el-cafetin
73244,El Carmen,Finca,Zihuateutla,Puebla,,Rural,https://postali.app/mx/puebla/zihuateutla/el-carmen
73244,El Cerro,Ranchería,Zihuateutla,Puebla,,Rural,https://postali.app/mx/puebla/zihuateutla/el-cerro
73244,El Limonar,Finca,Zihuateutla,Puebla,,Rural,https://postali.app/mx/puebla/zihuateutla/el-limonar
73244,La Providencia,Finca,Zihuateutla,Puebla,,Rural,https://postali.app/mx/puebla/zihuateutla/la-providencia
73244,La Virgen,Finca,Zihuateutla,Puebla,,Rural,https://postali.app/mx/puebla/zihuateutla/la-virgen
73245,El Plantel,Ranchería,Zihuateutla,Puebla,,Rural,https://postali.app/mx/puebla/zihuateutla/el-plantel
73245,El Progreso Chico,Finca,Zihuateutla,Puebla,,Rural,https://postali.app/mx/puebla/zihuateutla/el-progreso-chico
73245,El Progreso Grande,Ranchería,Zihuateutla,Puebla,,Rural,https://postali.app/mx/puebla/zihuateutla/el-progreso-grande
73245,El Recuerdo,Finca,Zihuateutla,Puebla,,Rural,https://postali.app/mx/puebla/zihuateutla/el-recuerdo
73245,La Chiquita,Finca,Zihuateutla,Puebla,,Rural,https://postali.app/mx/puebla/zihuateutla/la-chiquita
73245,Loma Bonita,Ranchería,Zihuateutla,Puebla,,Rural,https://postali.app/mx/puebla/zihuateutla/loma-bonita
73245,Sanabu,Ranchería,Zihuateutla,Puebla,,Rural,https://postali.app/mx/puebla/zihuateutla/sanabu
73245,Susy,Finca,Zihuateutla,Puebla,,Rural,https://postali.app/mx/puebla/zihuateutla/susy
73246,Cacahuatlán,Ranchería,Zihuateutla,Puebla,,Rural,https://postali.app/mx/puebla/zihuateutla/cacahuatlan
73246,Cuatechalotla,Pueblo,Zihuateutla,Puebla,,Rural,https://postali.app/mx/puebla/zihuateutla/cuatechalotla
73246,Ocomantla,Pueblo,Zihuateutla,Puebla,,Rural,https://postali.app/mx/puebla/zihuateutla/ocomantla
73246,Tecpatlán,Pueblo,Zihuateutla,Puebla,,Rural,https://postali.app/mx/puebla/zihuateutla/tecpatlan
73247,Grano de Oro,Finca,Zihuateutla,Puebla,,Rural,https://postali.app/mx/puebla/zihuateutla/grano-de-oro
73247,Las Margaritas,Finca,Zihuateutla,Puebla,,Rural,https://postali.app/mx/puebla/zihuateutla/las-margaritas-73247
73247,Los Tulipanes,Finca,Zihuateutla,Puebla,,Rural,https://postali.app/mx/puebla/zihuateutla/los-tulipanes
73247,Santa Alicia,Finca,Zihuateutla,Puebla,,Rural,https://postali.app/mx/puebla/zihuateutla/santa-alicia
73248,El Dorado,Ranchería,Zihuateutla,Puebla,,Rural,https://postali.app/mx/puebla/zihuateutla/el-dorado
73248,Finca Puebla,Ranchería,Zihuateutla,Puebla,,Rural,https://postali.app/mx/puebla/zihuateutla/finca-puebla
73248,Loma Bonita,Finca,Zihuateutla,Puebla,,Rural,https://postali.app/mx/puebla/zihuateutla/loma-bonita-73248
73248,Los Manguitos,Ranchería,Zihuateutla,Puebla,,Rural,https://postali.app/mx/puebla/zihuateutla/los-manguitos
73248,San Andrés,Ranchería,Zihuateutla,Puebla,,Rural,https://postali.app/mx/puebla/zihuateutla/san-andres
73248,San Nicolás,Ranchería,Zihuateutla,Puebla,,Rural,https://postali.app/mx/puebla/zihuateutla/san-nicolas
73251,La Laguna,Ranchería,Zihuateutla,Puebla,,Rural,https://postali.app/mx/puebla/zihuateutla/la-laguna
73253,Cerro Azul,Ranchería,Zihuateutla,Puebla,,Rural,https://postali.app/mx/puebla/zihuateutla/cerro-azul
73253,Ernesto Hernández,Pueblo,Zihuateutla,Puebla,,Rural,https://postali.app/mx/puebla/zihuateutla/ernesto-hernandez
73255,Carmen (Finca el Matadero),Ranchería,Zihuateutla,Puebla,,Rural,https://postali.app/mx/puebla/zihuateutla/carmen-finca-el-matadero
73255,Cuaunepixca,Finca,Zihuateutla,Puebla,,Rural,https://postali.app/mx/puebla/zihuateutla/cuaunepixca
73255,Cuaunepixca (La Cumbre),Pueblo,Zihuateutla,Puebla,,Rural,https://postali.app/mx/puebla/zihuateutla/cuaunepixca-la-cumbre
73255,El Rosario (Anayal),Ranchería,Zihuateutla,Puebla,,Rural,https://postali.app/mx/puebla/zihuateutla/el-rosario-anayal
73255,Finca las Chachitas,Rancho,Zihuateutla,Puebla,,Rural,https://postali.app/mx/puebla/zihuateutla/finca-las-chachitas
73255,Finca los Pinos,Rancho,Zihuateutla,Puebla,,Rural,https://postali.app/mx/puebla/zihuateutla/finca-los-pinos
73255,La Planada,Finca,Zihuateutla,Puebla,,Rural,https://postali.app/mx/puebla/zihuateutla/la-planada
73255,Tenanguito,Pueblo,Zihuateutla,Puebla,,Rural,https://postali.app/mx/puebla/zihuateutla/tenanguito
73256,Azcatlán,Pueblo,Zihuateutla,Puebla,,Rural,https://postali.app/mx/puebla/zihuateutla/azcatlan
73256,El Milagro,Ranchería,Zihuateutla,Puebla,,Rural,https://postali.app/mx/puebla/zihuateutla/el-milagro
73256,La Florida,Ranchería,Zihuateutla,Puebla,,Rural,https://postali.app/mx/puebla/zihuateutla/la-florida
73256,Nanacatepec,Ranchería,Zihuateutla,Puebla,,Rural,https://postali.app/mx/puebla/zihuateutla/nanacatepec
73257,El Porvenir,Rancho,Zihuateutla,Puebla,,Rural,https://postali.app/mx/puebla/zihuateutla/el-porvenir
73257,El Rinconcito,Finca,Zihuateutla,Puebla,,Rural,https://postali.app/mx/puebla/zihuateutla/el-rinconcito
73257,La Mesa del Crucero (La Mesita),Finca,Zihuateutla,Puebla,,Rural,https://postali.app/mx/puebla/zihuateutla/la-mesa-del-crucero-la-mesita
73257,La Orquídea,Finca,Zihuateutla,Puebla,,Rural,https://postali.app/mx/puebla/zihuateutla/la-orquidea
73257,La Trinidad,Finca,Zihuateutla,Puebla,,Rural,https://postali.app/mx/puebla/zihuateutla/la-trinidad
73257,Nueva,Finca,Zihuateutla,Puebla,,Rural,https://postali.app/mx/puebla/zihuateutla/nueva
73259,Arroyo Seco,Ranchería,Zihuateutla,Puebla,,Rural,https://postali.app/mx/puebla/zihuateutla/arroyo-seco
73259,Lagunillas,Ranchería,Zihuateutla,Puebla,,Rural,https://postali.app/mx/puebla/zihuateutla/lagunillas
73259,Los Pinos,Ranchería,Zihuateutla,Puebla,,Rural,https://postali.app/mx/puebla/zihuateutla/los-pinos
73259,Mazacoatlán,Pueblo,Zihuateutla,Puebla,,Rural,https://postali.app/mx/puebla/zihuateutla/mazacoatlan
73259,Telolotla,Pueblo,Zihuateutla,Puebla,,Rural,https://postali.app/mx/puebla/zihuateutla/telolotla
73260,Buenos Aires,Pueblo,Jopala,Puebla,,Rural,https://postali.app/mx/puebla/jopala/buenos-aires
73260,Bugambilias (La Cruz),Colonia,Jopala,Puebla,,Rural,https://postali.app/mx/puebla/jopala/bugambilias-la-cruz
73260,Jopala,Pueblo,Jopala,Puebla,,Rural,https://postali.app/mx/puebla/jopala/jopala
73260,Sataskauat,Colonia,Jopala,Puebla,,Rural,https://postali.app/mx/puebla/jopala/sataskauat
73263,Izquimpan,Colonia,Jopala,Puebla,,Rural,https://postali.app/mx/puebla/jopala/izquimpan
73264,El Guayabo,Ranchería,Jopala,Puebla,,Rural,https://postali.app/mx/puebla/jopala/el-guayabo
73266,Plan Chico,Ranchería,Jopala,Puebla,,Rural,https://postali.app/mx/puebla/jopala/plan-chico
73270,Chicontla,Pueblo,Jopala,Puebla,,Rural,https://postali.app/mx/puebla/jopala/chicontla
73270,Cinco de Octubre,Colonia,Jopala,Puebla,,Rural,https://postali.app/mx/puebla/jopala/cinco-de-octubre
73270,Patla,Pueblo,Jopala,Puebla,,Rural,https://postali.app/mx/puebla/jopala/patla
73270,San Francisco,Colonia,Jopala,Puebla,,Rural,https://postali.app/mx/puebla/jopala/san-francisco
73271,Cuamaxalco,Pueblo,Jopala,Puebla,,Rural,https://postali.app/mx/puebla/jopala/cuamaxalco
73271,Tlaolantongo,Pueblo,Jopala,Puebla,,Rural,https://postali.app/mx/puebla/jopala/tlaolantongo
73273,La Cumbre de Chicontla,Ranchería,Jopala,Puebla,,Rural,https://postali.app/mx/puebla/jopala/la-cumbre-de-chicontla
73273,Pilar II,Finca,Jopala,Puebla,,Rural,https://postali.app/mx/puebla/jopala/pilar-ii
73273,Rancho Nuevo,Ranchería,Jopala,Puebla,,Rural,https://postali.app/mx/puebla/jopala/rancho-nuevo
73273,San Martín,Colonia,Jopala,Puebla,,Rural,https://postali.app/mx/puebla/jopala/san-martin
73274,Arroyo Hondo,Ranchería,Jopala,Puebla,,Rural,https://postali.app/mx/puebla/jopala/arroyo-hondo
73274,El Encinal,Ranchería,Jopala,Puebla,,Rural,https://postali.app/mx/puebla/jopala/el-encinal
73274,La Concha,Ranchería,Jopala,Puebla,,Rural,https://postali.app/mx/puebla/jopala/la-concha
73274,Oro Verde (Monte de Chila),Ranchería,Jopala,Puebla,,Rural,https://postali.app/mx/puebla/jopala/oro-verde-monte-de-chila
73275,Tambortitla,Ranchería,Jopala,Puebla,,Rural,https://postali.app/mx/puebla/jopala/tambortitla
73275,Tecuantla (Los Reyes),Finca,Jopala,Puebla,,Rural,https://postali.app/mx/puebla/jopala/tecuantla-los-reyes
73280,La Cumbre,Colonia,Tlapacoya,Puebla,,Rural,https://postali.app/mx/puebla/tlapacoya/la-cumbre
73280,La Palma,Colonia,Tlapacoya,Puebla,,Rural,https://postali.app/mx/puebla/tlapacoya/la-palma
73280,Tlapacoya,Pueblo,Tlapacoya,Puebla,,Rural,https://postali.app/mx/puebla/tlapacoya/tlapacoya
73280,Tlapacoya,Colonia,Tlapacoya,Puebla,,Rural,https://postali.app/mx/puebla/tlapacoya/tlapacoya-73280
73282,San Miguel Tilapa,Ranchería,Tlapacoya,Puebla,,Rural,https://postali.app/mx/puebla/tlapacoya/san-miguel-tilapa
73282,Zintlapal,Ranchería,Tlapacoya,Puebla,,Rural,https://postali.app/mx/puebla/tlapacoya/zintlapal
73283,Ahuacatlaya,Ranchería,Tlapacoya,Puebla,,Rural,https://postali.app/mx/puebla/tlapacoya/ahuacatlaya
73283,San Antonio Tlilapa,Ranchería,Tlapacoya,Puebla,,Rural,https://postali.app/mx/puebla/tlapacoya/san-antonio-tlilapa
73284,Barrio los Vázquez,Ranchería,Tlapacoya,Puebla,,Rural,https://postali.app/mx/puebla/tlapacoya/barrio-los-vazquez
73284,Benito Juárez (Xicalango),Ranchería,Tlapacoya,Puebla,,Rural,https://postali.app/mx/puebla/tlapacoya/benito-juarez-xicalango
73284,San Andrés Buenavista,Ranchería,Tlapacoya,Puebla,,Rural,https://postali.app/mx/puebla/tlapacoya/san-andres-buenavista
73284,Tlamaya Grande,Pueblo,Tlapacoya,Puebla,,Rural,https://postali.app/mx/puebla/tlapacoya/tlamaya-grande
73286,La Cruz,Ranchería,Tlapacoya,Puebla,,Rural,https://postali.app/mx/puebla/tlapacoya/la-cruz
73286,Tlamaya Chico,Pueblo,Tlapacoya,Puebla,,Rural,https://postali.app/mx/puebla/tlapacoya/tlamaya-chico
73288,Cuatepalcatla,Ranchería,Tlapacoya,Puebla,,Rural,https://postali.app/mx/puebla/tlapacoya/cuatepalcatla
73288,La Gruta,Ranchería,Tlapacoya,Puebla,,Rural,https://postali.app/mx/puebla/tlapacoya/la-gruta
73289,Emiliano Zapata,Ranchería,Tlapacoya,Puebla,,Rural,https://postali.app/mx/puebla/tlapacoya/emiliano-zapata
73289,Zoquiapa,Ranchería,Tlapacoya,Puebla,,Rural,https://postali.app/mx/puebla/tlapacoya/zoquiapa
73298,Acolihua,Ejido,Chignahuapan,Puebla,,Rural,https://postali.app/mx/puebla/chignahuapan/acolihua
73299,Sebastopol y Anexa,Ranchería,Chignahuapan,Puebla,,Rural,https://postali.app/mx/puebla/chignahuapan/sebastopol-y-anexa
73300,Ajolotla,Ejido,Chignahuapan,Puebla,,Rural,https://postali.app/mx/puebla/chignahuapan/ajolotla
73300,Chignahuapan,Pueblo,Chignahuapan,Puebla,,Rural,https://postali.app/mx/puebla/chignahuapan/chignahuapan
73300,Coacoyunga,Colonia,Chignahuapan,Puebla,,Rural,https://postali.app/mx/puebla/chignahuapan/coacoyunga
73300,Cuautelolulco,Ejido,Chignahuapan,Puebla,,Rural,https://postali.app/mx/puebla/chignahuapan/cuautelolulco
73300,Green City,Fraccionamiento,Chignahuapan,Puebla,,Rural,https://postali.app/mx/puebla/chignahuapan/green-city
73300,Ixtlahuaca,Barrio,Chignahuapan,Puebla,,Rural,https://postali.app/mx/puebla/chignahuapan/ixtlahuaca
73300,La Inmaculada,Colonia,Chignahuapan,Puebla,,Rural,https://postali.app/mx/puebla/chignahuapan/la-inmaculada
73300,Loma Alta,Ejido,Chignahuapan,Puebla,,Rural,https://postali.app/mx/puebla/chignahuapan/loma-alta
73300,Lázaro Cárdenas (Tzitla),Colonia,Chignahuapan,Puebla,,Rural,https://postali.app/mx/puebla/chignahuapan/lazaro-cardenas-tzitla
73300,Michac,Ejido,Chignahuapan,Puebla,,Rural,https://postali.app/mx/puebla/chignahuapan/michac
73300,San Miguel Lastiri,Ejido,Chignahuapan,Puebla,,Rural,https://postali.app/mx/puebla/chignahuapan/san-miguel-lastiri
73300,San Sebastián,Colonia,Chignahuapan,Puebla,,Rural,https://postali.app/mx/puebla/chignahuapan/san-sebastian
73300,Tenextla,Barrio,Chignahuapan,Puebla,,Rural,https://postali.app/mx/puebla/chignahuapan/tenextla
73300,Teoconchila,Barrio,Chignahuapan,Puebla,,Rural,https://postali.app/mx/puebla/chignahuapan/teoconchila
73300,Teotlalpan,Colonia,Chignahuapan,Puebla,,Rural,https://postali.app/mx/puebla/chignahuapan/teotlalpan
73300,Toltempan,Barrio,Chignahuapan,Puebla,,Urbano,https://postali.app/mx/puebla/chignahuapan/toltempan
73300,Tzitla,Ejido,Chignahuapan,Puebla,,Rural,https://postali.app/mx/puebla/chignahuapan/tzitla
73301,Cañada de Piedras,Ranchería,Chignahuapan,Puebla,,Rural,https://postali.app/mx/puebla/chignahuapan/canada-de-piedras
73301,Cruz Colorada,Ejido,Chignahuapan,Puebla,,Rural,https://postali.app/mx/puebla/chignahuapan/cruz-colorada
73301,Ocojala,Ejido,Chignahuapan,Puebla,,Rural,https://postali.app/mx/puebla/chignahuapan/ocojala
73301,San Francisco Terrerillos,Ejido,Chignahuapan,Puebla,,Rural,https://postali.app/mx/puebla/chignahuapan/san-francisco-terrerillos
73302,3 Cabezas,Ejido,Chignahuapan,Puebla,,Rural,https://postali.app/mx/puebla/chignahuapan/3-cabezas
73302,Acoculco,Ejido,Chignahuapan,Puebla,,Rural,https://postali.app/mx/puebla/chignahuapan/acoculco
73302,Corral Blanco,Ejido,Chignahuapan,Puebla,,Rural,https://postali.app/mx/puebla/chignahuapan/corral-blanco
73302,El Paredón,Pueblo,Chignahuapan,Puebla,,Rural,https://postali.app/mx/puebla/chignahuapan/el-paredon
73302,Pedernales,Ejido,Chignahuapan,Puebla,,Rural,https://postali.app/mx/puebla/chignahuapan/pedernales
73302,Peñuelas o Pueblo Nuevo,Ejido,Chignahuapan,Puebla,,Rural,https://postali.app/mx/puebla/chignahuapan/penuelas-o-pueblo-nuevo
73302,Potrerillos,Colonia,Chignahuapan,Puebla,,Rural,https://postali.app/mx/puebla/chignahuapan/potrerillos
73302,San Claudio 1,Ejido,Chignahuapan,Puebla,,Rural,https://postali.app/mx/puebla/chignahuapan/san-claudio-1
73303,Capulaquito,Ejido,Chignahuapan,Puebla,,Rural,https://postali.app/mx/puebla/chignahuapan/capulaquito
73303,La Gloria,Ejido,Chignahuapan,Puebla,,Rural,https://postali.app/mx/puebla/chignahuapan/la-gloria
73303,Tenancingo,Ejido,Chignahuapan,Puebla,,Rural,https://postali.app/mx/puebla/chignahuapan/tenancingo
73304,Atlamaxac,Ejido,Chignahuapan,Puebla,,Rural,https://postali.app/mx/puebla/chignahuapan/atlamaxac
73304,Atlamaxac (Estados Unidos),Ejido,Chignahuapan,Puebla,,Rural,https://postali.app/mx/puebla/chignahuapan/atlamaxac-estados-unidos
73304,Cerro de la Virgen,Ranchería,Chignahuapan,Puebla,,Rural,https://postali.app/mx/puebla/chignahuapan/cerro-de-la-virgen
73304,Ciénega Larga,Pueblo,Chignahuapan,Puebla,,Rural,https://postali.app/mx/puebla/chignahuapan/cienega-larga
73304,Ciénega Larga (Agua Santa),Ranchería,Chignahuapan,Puebla,,Rural,https://postali.app/mx/puebla/chignahuapan/cienega-larga-agua-santa
73304,El Fresno,Ranchería,Chignahuapan,Puebla,,Rural,https://postali.app/mx/puebla/chignahuapan/el-fresno
73304,La Quinta,Colonia,Chignahuapan,Puebla,,Rural,https://postali.app/mx/puebla/chignahuapan/la-quinta
73304,La Yerba,Ranchería,Chignahuapan,Puebla,,Rural,https://postali.app/mx/puebla/chignahuapan/la-yerba
73304,Las Víboras,Colonia,Chignahuapan,Puebla,,Rural,https://postali.app/mx/puebla/chignahuapan/las-viboras
73304,Llanetillo,Colonia,Chignahuapan,Puebla,,Rural,https://postali.app/mx/puebla/chignahuapan/llanetillo
73304,Matlahuacales de Aquiles Serdán,Pueblo,Chignahuapan,Puebla,,Rural,https://postali.app/mx/puebla/chignahuapan/matlahuacales-de-aquiles-serdan
73304,San Antonio Metlahuacales,Ejido,Chignahuapan,Puebla,,Rural,https://postali.app/mx/puebla/chignahuapan/san-antonio-metlahuacales
73304,Venta Ahumada,Ranchería,Chignahuapan,Puebla,,Rural,https://postali.app/mx/puebla/chignahuapan/venta-ahumada
73305,Los Reyes,Ejido,Chignahuapan,Puebla,,Rural,https://postali.app/mx/puebla/chignahuapan/los-reyes
73305,Piedra Ancha,Ejido,Chignahuapan,Puebla,,Rural,https://postali.app/mx/puebla/chignahuapan/piedra-ancha
73305,San Isidro Coliuca,Ejido,Chignahuapan,Puebla,,Rural,https://postali.app/mx/puebla/chignahuapan/san-isidro-coliuca
73305,Tecoloquillo,Ejido,Chignahuapan,Puebla,,Rural,https://postali.app/mx/puebla/chignahuapan/tecoloquillo
73306,San Luis del Valle,Ejido,Chignahuapan,Puebla,,Rural,https://postali.app/mx/puebla/chignahuapan/san-luis-del-valle
73306,Tecoyuca,Ranchería,Chignahuapan,Puebla,,Rural,https://postali.app/mx/puebla/chignahuapan/tecoyuca
73306,Villa Cuauhtémoc,Ejido,Chignahuapan,Puebla,,Rural,https://postali.app/mx/puebla/chignahuapan/villa-cuauhtemoc
73307,Nacayolo,Ejido,Chignahuapan,Puebla,,Rural,https://postali.app/mx/puebla/chignahuapan/nacayolo
73308,Llano Verde,Pueblo,Chignahuapan,Puebla,,Rural,https://postali.app/mx/puebla/chignahuapan/llano-verde
73308,San José Atzintlimeya,Ranchería,Chignahuapan,Puebla,,Rural,https://postali.app/mx/puebla/chignahuapan/san-jose-atzintlimeya
73309,Calapa,Ranchería,Chignahuapan,Puebla,,Rural,https://postali.app/mx/puebla/chignahuapan/calapa
73309,Llano Grande,Ejido,Chignahuapan,Puebla,,Rural,https://postali.app/mx/puebla/chignahuapan/llano-grande
73309,Los Ranchos (Rinconada),Ranchería,Chignahuapan,Puebla,,Rural,https://postali.app/mx/puebla/chignahuapan/los-ranchos-rinconada
73309,Rinconada,Ejido,Chignahuapan,Puebla,,Rural,https://postali.app/mx/puebla/chignahuapan/rinconada
73309,Rio Chico,Ranchería,Chignahuapan,Puebla,,Rural,https://postali.app/mx/puebla/chignahuapan/rio-chico
73310,2 Caminos,Colonia,Zacatlán,Puebla,Zacatlán,Urbano,https://postali.app/mx/puebla/zacatlan/2-caminos
73310,5 de Febrero,Colonia,Zacatlán,Puebla,Zacatlán,Urbano,https://postali.app/mx/puebla/zacatlan/5-de-febrero
73310,7 de Enero,Colonia,Zacatlán,Puebla,Zacatlán,Urbano,https://postali.app/mx/puebla/zacatlan/7-de-enero
73310,Altica,Colonia,Zacatlán,Puebla,Zacatlán,Urbano,https://postali.app/mx/puebla/zacatlan/altica
73310,Central Camionera,Colonia,Zacatlán,Puebla,Zacatlán,Rural,https://postali.app/mx/puebla/zacatlan/central-camionera
73310,Cruz de Pasión,Colonia,Zacatlán,Puebla,Zacatlán,Urbano,https://postali.app/mx/puebla/zacatlan/cruz-de-pasion
73310,Cruz del Guardián,Colonia,Zacatlán,Puebla,Zacatlán,Rural,https://postali.app/mx/puebla/zacatlan/cruz-del-guardian
73310,Cuautilulco,Colonia,Zacatlán,Puebla,Zacatlán,Rural,https://postali.app/mx/puebla/zacatlan/cuautilulco
73310,Damnificados,Colonia,Zacatlán,Puebla,Zacatlán,Rural,https://postali.app/mx/puebla/zacatlan/damnificados
73310,El Aguacate,Colonia,Zacatlán,Puebla,Zacatlán,Rural,https://postali.app/mx/puebla/zacatlan/el-aguacate
73310,El Arco,Colonia,Zacatlán,Puebla,Zacatlán,Urbano,https://postali.app/mx/puebla/zacatlan/el-arco
73310,El Brinco,Colonia,Zacatlán,Puebla,Zacatlán,Rural,https://postali.app/mx/puebla/zacatlan/el-brinco
73310,El Calvario,Colonia,Zacatlán,Puebla,Zacatlán,Urbano,https://postali.app/mx/puebla/zacatlan/el-calvario
73310,El Cerrito,Colonia,Zacatlán,Puebla,Zacatlán,Rural,https://postali.app/mx/puebla/zacatlan/el-cerrito
73310,El Fresno,Colonia,Zacatlán,Puebla,Zacatlán,Rural,https://postali.app/mx/puebla/zacatlan/el-fresno
73310,El Moral,Colonia,Zacatlán,Puebla,Zacatlán,Urbano,https://postali.app/mx/puebla/zacatlan/el-moral
73310,El Nogal,Colonia,Zacatlán,Puebla,Zacatlán,Rural,https://postali.app/mx/puebla/zacatlan/el-nogal
73310,El Progreso,Fraccionamiento,Zacatlán,Puebla,Zacatlán,Urbano,https://postali.app/mx/puebla/zacatlan/el-progreso
73310,El Pósito,Colonia,Zacatlán,Puebla,Zacatlán,Urbano,https://postali.app/mx/puebla/zacatlan/el-posito
73310,El Ranchito,Colonia,Zacatlán,Puebla,Zacatlán,Rural,https://postali.app/mx/puebla/zacatlan/el-ranchito
73310,El Rosal,Colonia,Zacatlán,Puebla,Zacatlán,Urbano,https://postali.app/mx/puebla/zacatlan/el-rosal
73310,Eloxochitlán,Barrio,Zacatlán,Puebla,,Rural,https://postali.app/mx/puebla/zacatlan/eloxochitlan
73310,Eloxochitlán (Zacatzingo),Colonia,Zacatlán,Puebla,Zacatlán,Urbano,https://postali.app/mx/puebla/zacatlan/eloxochitlan-zacatzingo
73310,Gabino Barreda,Fraccionamiento,Zacatlán,Puebla,Zacatlán,Urbano,https://postali.app/mx/puebla/zacatlan/gabino-barreda
73310,Hoja Ancha,Colonia,Zacatlán,Puebla,Zacatlán,Rural,https://postali.app/mx/puebla/zacatlan/hoja-ancha
73310,La Cañada,Colonia,Zacatlán,Puebla,Zacatlán,Urbano,https://postali.app/mx/puebla/zacatlan/la-canada
73310,La Ciénega,Colonia,Zacatlán,Puebla,Zacatlán,Urbano,https://postali.app/mx/puebla/zacatlan/la-cienega
73310,La Cuesta,Colonia,Zacatlán,Puebla,Zacatlán,Rural,https://postali.app/mx/puebla/zacatlan/la-cuesta
73310,La Estrella,Colonia,Zacatlán,Puebla,Zacatlán,Urbano,https://postali.app/mx/puebla/zacatlan/la-estrella
73310,La Guadalupana,Colonia,Zacatlán,Puebla,Zacatlán,Urbano,https://postali.app/mx/puebla/zacatlan/la-guadalupana
73310,Las Huertas,Colonia,Zacatlán,Puebla,Zacatlán,Urbano,https://postali.app/mx/puebla/zacatlan/las-huertas
73310,Las Peñas,Fraccionamiento,Zacatlán,Puebla,Zacatlán,Urbano,https://postali.app/mx/puebla/zacatlan/las-penas
73310,Linda Vista Centro,Colonia,Zacatlán,Puebla,Zacatlán,Urbano,https://postali.app/mx/puebla/zacatlan/linda-vista-centro
73310,Lindavista Cuautilulco,Colonia,Zacatlán,Puebla,Zacatlán,Rural,https://postali.app/mx/puebla/zacatlan/lindavista-cuautilulco
73310,Loma Bonita,Colonia,Zacatlán,Puebla,Zacatlán,Urbano,https://postali.app/mx/puebla/zacatlan/loma-bonita
73310,Loma Linda,Colonia,Zacatlán,Puebla,Zacatlán,Urbano,https://postali.app/mx/puebla/zacatlan/loma-linda
73310,Lomas del Calvario,Fraccionamiento,Zacatlán,Puebla,Zacatlán,Urbano,https://postali.app/mx/puebla/zacatlan/lomas-del-calvario
73310,Luis Cabrera,Unidad habitacional,Zacatlán,Puebla,Zacatlán,Urbano,https://postali.app/mx/puebla/zacatlan/luis-cabrera
73310,Luis Donaldo Colosio,Colonia,Zacatlán,Puebla,Zacatlán,Rural,https://postali.app/mx/puebla/zacatlan/luis-donaldo-colosio
73310,Maquixtla,Colonia,Zacatlán,Puebla,Zacatlán,Urbano,https://postali.app/mx/puebla/zacatlan/maquixtla
73310,Niños Héroes,Colonia,Zacatlán,Puebla,Zacatlán,Urbano,https://postali.app/mx/puebla/zacatlan/ninos-heroes
73310,Panteones,Colonia,Zacatlán,Puebla,Zacatlán,Rural,https://postali.app/mx/puebla/zacatlan/panteones
73310,Paseos de Zacatlán,Colonia,Zacatlán,Puebla,Zacatlán,Urbano,https://postali.app/mx/puebla/zacatlan/paseos-de-zacatlan
73310,Poxtla,Colonia,Zacatlán,Puebla,Zacatlán,Urbano,https://postali.app/mx/puebla/zacatlan/poxtla
73310,San Agustín,Colonia,Zacatlán,Puebla,Zacatlán,Urbano,https://postali.app/mx/puebla/zacatlan/san-agustin
73310,San Bartolo,Barrio,Zacatlán,Puebla,Zacatlán,Rural,https://postali.app/mx/puebla/zacatlan/san-bartolo
73310,San José,Colonia,Zacatlán,Puebla,Zacatlán,Urbano,https://postali.app/mx/puebla/zacatlan/san-jose
73310,San José Maquixtla,Colonia,Zacatlán,Puebla,Zacatlán,Urbano,https://postali.app/mx/puebla/zacatlan/san-jose-maquixtla
73310,San Sebastián,Colonia,Zacatlán,Puebla,Zacatlán,Rural,https://postali.app/mx/puebla/zacatlan/san-sebastian
73310,Santa Julia,Colonia,Zacatlán,Puebla,Zacatlán,Urbano,https://postali.app/mx/puebla/zacatlan/santa-julia
73310,Tlachica,Colonia,Zacatlán,Puebla,Zacatlán,Urbano,https://postali.app/mx/puebla/zacatlan/tlachica
73310,Unidad Deportiva,Colonia,Zacatlán,Puebla,Zacatlán,Rural,https://postali.app/mx/puebla/zacatlan/unidad-deportiva
73310,Xiutepec,Unidad habitacional,Zacatlán,Puebla,Zacatlán,Rural,https://postali.app/mx/puebla/zacatlan/xiutepec
73310,Zacatlán Centro,Colonia,Zacatlán,Puebla,Zacatlán,Urbano,https://postali.app/mx/puebla/zacatlan/zacatlan-centro
73312,Ayehualulco Segunda Sección (El Tecajete),Colonia,Zacatlán,Puebla,,Rural,https://postali.app/mx/puebla/zacatlan/ayehualulco-segunda-seccion-el-tecajete
73312,Cruztitla,Ranchería,Zacatlán,Puebla,,Rural,https://postali.app/mx/puebla/zacatlan/cruztitla
73312,Huauchinancingo,Colonia,Zacatlán,Puebla,,Rural,https://postali.app/mx/puebla/zacatlan/huauchinancingo
73312,Hueyapan,Barrio,Zacatlán,Puebla,,Rural,https://postali.app/mx/puebla/zacatlan/hueyapan
73312,Jilotzingo,Pueblo,Zacatlán,Puebla,,Rural,https://postali.app/mx/puebla/zacatlan/jilotzingo
73312,La Loma,Ranchería,Zacatlán,Puebla,,Rural,https://postali.app/mx/puebla/zacatlan/la-loma
73312,La Mesa,Ranchería,Zacatlán,Puebla,,Rural,https://postali.app/mx/puebla/zacatlan/la-mesa
73312,Papaxtla,Ranchería,Zacatlán,Puebla,,Rural,https://postali.app/mx/puebla/zacatlan/papaxtla
73312,San Cristóbal Xochimilpa,Pueblo,Zacatlán,Puebla,,Rural,https://postali.app/mx/puebla/zacatlan/san-cristobal-xochimilpa
73312,San Lorenzo Tepeixco,Ranchería,Zacatlán,Puebla,,Rural,https://postali.app/mx/puebla/zacatlan/san-lorenzo-tepeixco
73312,Santa Inés Jilotzingo,Ranchería,Zacatlán,Puebla,,Rural,https://postali.app/mx/puebla/zacatlan/santa-ines-jilotzingo
73312,Tepeixco,Pueblo,Zacatlán,Puebla,,Rural,https://postali.app/mx/puebla/zacatlan/tepeixco
73312,Tepetla,Ranchería,Zacatlán,Puebla,,Rural,https://postali.app/mx/puebla/zacatlan/tepetla
73312,Tinixtioca,Ranchería,Zacatlán,Puebla,,Rural,https://postali.app/mx/puebla/zacatlan/tinixtioca
73312,Tlalixtlipa,Pueblo,Zacatlán,Puebla,,Rural,https://postali.app/mx/puebla/zacatlan/tlalixtlipa
73312,Tlaltempa Buenavista,Ranchería,Zacatlán,Puebla,,Rural,https://postali.app/mx/puebla/zacatlan/tlaltempa-buenavista
73312,Xoxonacatla,Colonia,Zacatlán,Puebla,,Rural,https://postali.app/mx/puebla/zacatlan/xoxonacatla
73313,Atexca,Ranchería,Zacatlán,Puebla,,Rural,https://postali.app/mx/puebla/zacatlan/atexca
73313,Atzingo (La Cumbre),Barrio,Zacatlán,Puebla,,Rural,https://postali.app/mx/puebla/zacatlan/atzingo-la-cumbre
73313,Ayotla,Ranchería,Zacatlán,Puebla,,Rural,https://postali.app/mx/puebla/zacatlan/ayotla
73313,Matlahuacala,Ranchería,Zacatlán,Puebla,,Rural,https://postali.app/mx/puebla/zacatlan/matlahuacala
73313,Metepec Segunda Sección,Ranchería,Zacatlán,Puebla,,Rural,https://postali.app/mx/puebla/zacatlan/metepec-segunda-seccion
73313,Metlaxixtla,Ranchería,Zacatlán,Puebla,,Rural,https://postali.app/mx/puebla/zacatlan/metlaxixtla
73313,Poxcuatzingo,Barrio,Zacatlán,Puebla,,Rural,https://postali.app/mx/puebla/zacatlan/poxcuatzingo
73314,Cuautilulco,Barrio,Zacatlán,Puebla,,Rural,https://postali.app/mx/puebla/zacatlan/cuautilulco-73314
73314,Dos Cerritos,Colonia,Zacatlán,Puebla,,Rural,https://postali.app/mx/puebla/zacatlan/dos-cerritos
73314,San Joaquín Tomatlán (San Isidro Tomatlán),Colonia,Zacatlán,Puebla,,Rural,https://postali.app/mx/puebla/zacatlan/san-joaquin-tomatlan-san-isidro-tomatlan
73314,San Pedro Atmatla,Barrio,Zacatlán,Puebla,,Rural,https://postali.app/mx/puebla/zacatlan/san-pedro-atmatla
73314,Tlatempa,Barrio,Zacatlán,Puebla,,Rural,https://postali.app/mx/puebla/zacatlan/tlatempa
73314,Tomatlán,Pueblo,Zacatlán,Puebla,,Rural,https://postali.app/mx/puebla/zacatlan/tomatlan
73314,Tuliman (Potrero de Quetzalapa),Ejido,Zacatlán,Puebla,,Rural,https://postali.app/mx/puebla/zacatlan/tuliman-potrero-de-quetzalapa
73315,Ayehualulco,Barrio,Zacatlán,Puebla,,Rural,https://postali.app/mx/puebla/zacatlan/ayehualulco
73315,Jicolapa,Barrio,Zacatlán,Puebla,,Rural,https://postali.app/mx/puebla/zacatlan/jicolapa
73316,La Estrella,Ranchería,Zacatlán,Puebla,,Rural,https://postali.app/mx/puebla/zacatlan/la-estrella-73316
73316,Maquixtla,Colonia,Zacatlán,Puebla,,Rural,https://postali.app/mx/puebla/zacatlan/maquixtla-73316
73316,Palos Caídos,Ranchería,Zacatlán,Puebla,,Rural,https://postali.app/mx/puebla/zacatlan/palos-caidos
73316,San Miguel Tenango,Pueblo,Zacatlán,Puebla,,Rural,https://postali.app/mx/puebla/zacatlan/san-miguel-tenango
73316,Tepoxcuautla,Barrio,Zacatlán,Puebla,,Rural,https://postali.app/mx/puebla/zacatlan/tepoxcuautla
73317,Atenco,Ranchería,Zacatlán,Puebla,,Rural,https://postali.app/mx/puebla/zacatlan/atenco
73317,Cuacuila,Ranchería,Zacatlán,Puebla,,Rural,https://postali.app/mx/puebla/zacatlan/cuacuila
73317,Otlatlan,Pueblo,Zacatlán,Puebla,,Rural,https://postali.app/mx/puebla/zacatlan/otlatlan
73317,Popotohuilco,Ranchería,Zacatlán,Puebla,,Rural,https://postali.app/mx/puebla/zacatlan/popotohuilco
73317,Tetelancingo,Ranchería,Zacatlán,Puebla,,Rural,https://postali.app/mx/puebla/zacatlan/tetelancingo
73317,Tulimán,Ranchería,Zacatlán,Puebla,,Rural,https://postali.app/mx/puebla/zacatlan/tuliman
73317,Xonotla,Barrio,Zacatlán,Puebla,,Rural,https://postali.app/mx/puebla/zacatlan/xonotla
73317,Yehuala,Barrio,Zacatlán,Puebla,,Rural,https://postali.app/mx/puebla/zacatlan/yehuala
73317,Zoquitla,Barrio,Zacatlán,Puebla,,Rural,https://postali.app/mx/puebla/zacatlan/zoquitla
73318,Atotonilco,Ranchería,Zacatlán,Puebla,,Rural,https://postali.app/mx/puebla/zacatlan/atotonilco
73318,Metepec,Ranchería,Zacatlán,Puebla,,Rural,https://postali.app/mx/puebla/zacatlan/metepec
73318,Nanacamila,Ranchería,Zacatlán,Puebla,,Rural,https://postali.app/mx/puebla/zacatlan/nanacamila
73319,Camotepec,Ranchería,Zacatlán,Puebla,,Rural,https://postali.app/mx/puebla/zacatlan/camotepec
73319,Huilotepec,Ranchería,Zacatlán,Puebla,,Rural,https://postali.app/mx/puebla/zacatlan/huilotepec
73319,Las Lajas (Segunda Sección),Colonia,Zacatlán,Puebla,,Rural,https://postali.app/mx/puebla/zacatlan/las-lajas-segunda-seccion
73319,Las Lajas Primera Sección,Ranchería,Zacatlán,Puebla,,Rural,https://postali.app/mx/puebla/zacatlan/las-lajas-primera-seccion
73320,Chiconcuatla,Pueblo,Chiconcuautla,Puebla,,Rural,https://postali.app/mx/puebla/chiconcuautla/chiconcuatla
73320,Palzoquitla,Ranchería,Chiconcuautla,Puebla,,Rural,https://postali.app/mx/puebla/chiconcuautla/palzoquitla
73320,San Lorenzo Tlaxipehuala,Pueblo,Chiconcuautla,Puebla,,Rural,https://postali.app/mx/puebla/chiconcuautla/san-lorenzo-tlaxipehuala
73320,Tlaltenango,Pueblo,Chiconcuautla,Puebla,,Rural,https://postali.app/mx/puebla/chiconcuautla/tlaltenango
73320,Zempoala,Pueblo,Chiconcuautla,Puebla,,Rural,https://postali.app/mx/puebla/chiconcuautla/zempoala
73321,Huautla,Ranchería,Chiconcuautla,Puebla,,Rural,https://postali.app/mx/puebla/chiconcuautla/huautla
73324,Ixtaczoquitla,Ranchería,Chiconcuautla,Puebla,,Rural,https://postali.app/mx/puebla/chiconcuautla/ixtaczoquitla
73325,Benito Juárez,Ranchería,Chiconcuautla,Puebla,,Rural,https://postali.app/mx/puebla/chiconcuautla/benito-juarez
73325,Macuilacatla,Ranchería,Chiconcuautla,Puebla,,Rural,https://postali.app/mx/puebla/chiconcuautla/macuilacatla
73326,Cosamaloapan,Ranchería,Chiconcuautla,Puebla,,Rural,https://postali.app/mx/puebla/chiconcuautla/cosamaloapan
73327,Tlalhuapan,Pueblo,Chiconcuautla,Puebla,,Rural,https://postali.app/mx/puebla/chiconcuautla/tlalhuapan
73327,Tlaxco,Pueblo,Chiconcuautla,Puebla,,Rural,https://postali.app/mx/puebla/chiconcuautla/tlaxco
73327,Zacatepec,Ranchería,Chiconcuautla,Puebla,,Rural,https://postali.app/mx/puebla/chiconcuautla/zacatepec
73328,Mimitla,Ranchería,Chiconcuautla,Puebla,,Rural,https://postali.app/mx/puebla/chiconcuautla/mimitla
73328,Toxtla,Barrio,Chiconcuautla,Puebla,,Rural,https://postali.app/mx/puebla/chiconcuautla/toxtla
73329,Cuetzalingo,Barrio,Chiconcuautla,Puebla,,Rural,https://postali.app/mx/puebla/chiconcuautla/cuetzalingo
73330,Ahuacatlán,Pueblo,Ahuacatlán,Puebla,,Rural,https://postali.app/mx/puebla/ahuacatlan/ahuacatlan
73330,Analco,Colonia,Ahuacatlán,Puebla,,Rural,https://postali.app/mx/puebla/ahuacatlan/analco
73330,Camino de San Marcos (Palenque),Colonia,Ahuacatlán,Puebla,,Rural,https://postali.app/mx/puebla/ahuacatlan/camino-de-san-marcos-palenque
73330,Coaltepec,Pueblo,Ahuacatlán,Puebla,,Rural,https://postali.app/mx/puebla/ahuacatlan/coaltepec
73330,Eloxochitlan,Pueblo,Ahuacatlán,Puebla,,Rural,https://postali.app/mx/puebla/ahuacatlan/eloxochitlan
73330,Ixtlahuaca,Colonia,Ahuacatlán,Puebla,,Rural,https://postali.app/mx/puebla/ahuacatlan/ixtlahuaca
73330,Tlayehualancingo,Pueblo,Ahuacatlán,Puebla,,Rural,https://postali.app/mx/puebla/ahuacatlan/tlayehualancingo
73330,Tonalapa,Pueblo,Ahuacatlán,Puebla,,Rural,https://postali.app/mx/puebla/ahuacatlan/tonalapa
73330,Xochicuautla,Ranchería,Ahuacatlán,Puebla,,Rural,https://postali.app/mx/puebla/ahuacatlan/xochicuautla
73335,Agua Fría,Ranchería,Ahuacatlán,Puebla,,Rural,https://postali.app/mx/puebla/ahuacatlan/agua-fria
73335,Cuacuilco,Colonia,Ahuacatlán,Puebla,,Rural,https://postali.app/mx/puebla/ahuacatlan/cuacuilco
73335,Pochálcatl,Colonia,Ahuacatlán,Puebla,,Rural,https://postali.app/mx/puebla/ahuacatlan/pochalcatl
73335,Zitlala,Ranchería,Ahuacatlán,Puebla,,Rural,https://postali.app/mx/puebla/ahuacatlan/zitlala
73337,Tlacotepec,Pueblo,Ahuacatlán,Puebla,,Rural,https://postali.app/mx/puebla/ahuacatlan/tlacotepec
73338,Atempa,Ranchería,Ahuacatlán,Puebla,,Rural,https://postali.app/mx/puebla/ahuacatlan/atempa
73338,Cuanalá,Ranchería,Ahuacatlán,Puebla,,Rural,https://postali.app/mx/puebla/ahuacatlan/cuanala
73338,El Paraíso,Ranchería,Ahuacatlán,Puebla,,Rural,https://postali.app/mx/puebla/ahuacatlan/el-paraiso
73338,Ixquihuacán (San Francisco),Pueblo,Ahuacatlán,Puebla,,Rural,https://postali.app/mx/puebla/ahuacatlan/ixquihuacan-san-francisco
73338,Rancho Nuevo,Ranchería,Ahuacatlán,Puebla,,Rural,https://postali.app/mx/puebla/ahuacatlan/rancho-nuevo
73338,Tepantzingo,Ranchería,Ahuacatlán,Puebla,,Rural,https://postali.app/mx/puebla/ahuacatlan/tepantzingo
73338,Tlacomulco,Ranchería,Ahuacatlán,Puebla,,Rural,https://postali.app/mx/puebla/ahuacatlan/tlacomulco
73338,Tlalacal,Ranchería,Ahuacatlán,Puebla,,Rural,https://postali.app/mx/puebla/ahuacatlan/tlalacal
73340,San Baltasar Xochitlaxco,Pueblo,Tepetzintla,Puebla,,Rural,https://postali.app/mx/puebla/tepetzintla/san-baltasar-xochitlaxco
73340,San Miguel Tonalixco,Pueblo,Tepetzintla,Puebla,,Rural,https://postali.app/mx/puebla/tepetzintla/san-miguel-tonalixco
73341,Tenantitla,Ranchería,Tepetzintla,Puebla,,Rural,https://postali.app/mx/puebla/tepetzintla/tenantitla
73341,Tepetzintla,Pueblo,Tepetzintla,Puebla,,Rural,https://postali.app/mx/puebla/tepetzintla/tepetzintla
73342,Tlamanca de Hernández,Pueblo,Tepetzintla,Puebla,,Rural,https://postali.app/mx/puebla/tepetzintla/tlamanca-de-hernandez
73343,Chicometepec,Pueblo,Tepetzintla,Puebla,,Rural,https://postali.app/mx/puebla/tepetzintla/chicometepec
73343,Xicalahuatla,Ranchería,Tepetzintla,Puebla,,Rural,https://postali.app/mx/puebla/tepetzintla/xicalahuatla
73344,Chachayoquila,Ranchería,Tepetzintla,Puebla,,Rural,https://postali.app/mx/puebla/tepetzintla/chachayoquila
73346,Tlaquimpa,Ranchería,Tepetzintla,Puebla,,Rural,https://postali.app/mx/puebla/tepetzintla/tlaquimpa
73348,Omitlan,Pueblo,Tepetzintla,Puebla,,Rural,https://postali.app/mx/puebla/tepetzintla/omitlan
73350,Altica,Pueblo,San Felipe Tepatlán,Puebla,,Rural,https://postali.app/mx/puebla/san-felipe-tepatlan/altica
73350,José Alejandro Soria García,Rancho,San Felipe Tepatlán,Puebla,,Rural,https://postali.app/mx/puebla/san-felipe-tepatlan/jose-alejandro-soria-garcia
73350,San Felipe Tepatlan,Pueblo,San Felipe Tepatlán,Puebla,,Rural,https://postali.app/mx/puebla/san-felipe-tepatlan/san-felipe-tepatlan
73353,Xochicugtla,Ranchería,San Felipe Tepatlán,Puebla,,Rural,https://postali.app/mx/puebla/san-felipe-tepatlan/xochicugtla
73353,Xochimilco,Pueblo,San Felipe Tepatlán,Puebla,,Rural,https://postali.app/mx/puebla/san-felipe-tepatlan/xochimilco
73354,La Guadalupana,Ranchería,San Felipe Tepatlán,Puebla,,Rural,https://postali.app/mx/puebla/san-felipe-tepatlan/la-guadalupana
73355,Calapana,Ranchería,San Felipe Tepatlán,Puebla,,Rural,https://postali.app/mx/puebla/san-felipe-tepatlan/calapana
73355,San Martín del Progreso (La Punta),Pueblo,San Felipe Tepatlán,Puebla,,Rural,https://postali.app/mx/puebla/san-felipe-tepatlan/san-martin-del-progreso-la-punta
73355,África,Pueblo,San Felipe Tepatlán,Puebla,,Rural,https://postali.app/mx/puebla/san-felipe-tepatlan/africa
73355,África Vieja,Rancho,San Felipe Tepatlán,Puebla,,Rural,https://postali.app/mx/puebla/san-felipe-tepatlan/africa-vieja
73357,Jojupango,Pueblo,San Felipe Tepatlán,Puebla,,Rural,https://postali.app/mx/puebla/san-felipe-tepatlan/jojupango
73357,Pachoc,Ranchería,San Felipe Tepatlán,Puebla,,Rural,https://postali.app/mx/puebla/san-felipe-tepatlan/pachoc
73360,Amixtlan,Pueblo,Amixtlán,Puebla,,Rural,https://postali.app/mx/puebla/amixtlan/amixtlan
73360,Cuautotola,Pueblo,Amixtlán,Puebla,,Rural,https://postali.app/mx/puebla/amixtlan/cuautotola
73363,Mirasol,Ranchería,Amixtlán,Puebla,,Rural,https://postali.app/mx/puebla/amixtlan/mirasol
73364,El Ocotal,Ranchería,Amixtlán,Puebla,,Rural,https://postali.app/mx/puebla/amixtlan/el-ocotal
73370,Tepango de Rodríguez,Pueblo,Tepango de Rodríguez,Puebla,,Rural,https://postali.app/mx/puebla/tepango-de-rodriguez/tepango-de-rodriguez
73376,Caltuchoco,Ranchería,Tepango de Rodríguez,Puebla,,Rural,https://postali.app/mx/puebla/tepango-de-rodriguez/caltuchoco
73380,Zongozotla,Pueblo,Zongozotla,Puebla,,Rural,https://postali.app/mx/puebla/zongozotla/zongozotla
73380,Zotik,Ranchería,Zongozotla,Puebla,,Rural,https://postali.app/mx/puebla/zongozotla/zotik
73386,Tapula,Ranchería,Zongozotla,Puebla,,Rural,https://postali.app/mx/puebla/zongozotla/tapula
73390,Bienvenido,Colonia,Hermenegildo Galeana,Puebla,,Rural,https://postali.app/mx/puebla/hermenegildo-galeana/bienvenido
73390,Bienvenido,Pueblo,Hermenegildo Galeana,Puebla,,Rural,https://postali.app/mx/puebla/hermenegildo-galeana/bienvenido-73390
73390,Ignacio Ramírez,Pueblo,Hermenegildo Galeana,Puebla,,Rural,https://postali.app/mx/puebla/hermenegildo-galeana/ignacio-ramirez
73390,San Antonio Hermenegildo Galeana,Pueblo,Hermenegildo Galeana,Puebla,,Rural,https://postali.app/mx/puebla/hermenegildo-galeana/san-antonio-hermenegildo-galeana
73392,Francisco Osorno,Pueblo,Hermenegildo Galeana,Puebla,,Rural,https://postali.app/mx/puebla/hermenegildo-galeana/francisco-osorno
73392,La Pila,Ranchería,Hermenegildo Galeana,Puebla,,Rural,https://postali.app/mx/puebla/hermenegildo-galeana/la-pila
73395,Tampatado,Ranchería,Hermenegildo Galeana,Puebla,,Rural,https://postali.app/mx/puebla/hermenegildo-galeana/tampatado
73396,Cuanixtepec,Ranchería,Hermenegildo Galeana,Puebla,,Rural,https://postali.app/mx/puebla/hermenegildo-galeana/cuanixtepec
73396,San Antonio Cuanixtepec,Ranchería,Hermenegildo Galeana,Puebla,,Rural,https://postali.app/mx/puebla/hermenegildo-galeana/san-antonio-cuanixtepec
73397,Cacatzala,Ranchería,Hermenegildo Galeana,Puebla,,Rural,https://postali.app/mx/puebla/hermenegildo-galeana/cacatzala
73397,Coyay,Pueblo,Hermenegildo Galeana,Puebla,,Rural,https://postali.app/mx/puebla/hermenegildo-galeana/coyay
73397,Coyoy,Ranchería,Hermenegildo Galeana,Puebla,,Rural,https://postali.app/mx/puebla/hermenegildo-galeana/coyoy
73397,El Plan,Ranchería,Hermenegildo Galeana,Puebla,,Rural,https://postali.app/mx/puebla/hermenegildo-galeana/el-plan
73397,El Zecna (El Platanal),Ranchería,Hermenegildo Galeana,Puebla,,Rural,https://postali.app/mx/puebla/hermenegildo-galeana/el-zecna-el-platanal
73397,Lacanuy,Ranchería,Hermenegildo Galeana,Puebla,,Rural,https://postali.app/mx/puebla/hermenegildo-galeana/lacanuy
73400,Bibiano Hernández,Pueblo,Olintla,Puebla,,Rural,https://postali.app/mx/puebla/olintla/bibiano-hernandez
73400,Chipahuatlán,Pueblo,Olintla,Puebla,,Rural,https://postali.app/mx/puebla/olintla/chipahuatlan
73400,El Durazno,Ranchería,Olintla,Puebla,,Rural,https://postali.app/mx/puebla/olintla/el-durazno
73400,El Guayabo,Ranchería,Olintla,Puebla,,Rural,https://postali.app/mx/puebla/olintla/el-guayabo
73400,Khallán,Rancho,Olintla,Puebla,,Rural,https://postali.app/mx/puebla/olintla/khallan
73400,La Libertad,Colonia,Olintla,Puebla,,Rural,https://postali.app/mx/puebla/olintla/la-libertad
73400,Olintla,Pueblo,Olintla,Puebla,,Rural,https://postali.app/mx/puebla/olintla/olintla
73400,San Pedro,Colonia,Olintla,Puebla,,Rural,https://postali.app/mx/puebla/olintla/san-pedro
73400,Sanganat,Rancho,Olintla,Puebla,,Rural,https://postali.app/mx/puebla/olintla/sanganat
73400,Santa Bárbara,Colonia,Olintla,Puebla,,Rural,https://postali.app/mx/puebla/olintla/santa-barbara
73400,Zun Reforma,Ranchería,Olintla,Puebla,,Rural,https://postali.app/mx/puebla/olintla/zun-reforma
73401,Dimas López,Pueblo,Olintla,Puebla,,Rural,https://postali.app/mx/puebla/olintla/dimas-lopez
73401,Las Lajas,Ranchería,Olintla,Puebla,,Rural,https://postali.app/mx/puebla/olintla/las-lajas
73401,Pasuanca,Ranchería,Olintla,Puebla,,Rural,https://postali.app/mx/puebla/olintla/pasuanca
73401,Xpiyut,Ranchería,Olintla,Puebla,,Rural,https://postali.app/mx/puebla/olintla/xpiyut
73404,Caztín,Ranchería,Olintla,Puebla,,Rural,https://postali.app/mx/puebla/olintla/caztin
73404,Lacapan Camallagne,Ranchería,Olintla,Puebla,,Rural,https://postali.app/mx/puebla/olintla/lacapan-camallagne
73404,Lkuyum Chuchut,Ranchería,Olintla,Puebla,,Rural,https://postali.app/mx/puebla/olintla/lkuyum-chuchut
73404,Santa Catarina,Ranchería,Olintla,Puebla,,Rural,https://postali.app/mx/puebla/olintla/santa-catarina
73404,Sujat,Ranchería,Olintla,Puebla,,Rural,https://postali.app/mx/puebla/olintla/sujat
73405,Ignacio Zaragoza,Ranchería,Olintla,Puebla,,Rural,https://postali.app/mx/puebla/olintla/ignacio-zaragoza
73405,Mocot,Ranchería,Olintla,Puebla,,Rural,https://postali.app/mx/puebla/olintla/mocot
73405,Talpan,Ranchería,Olintla,Puebla,,Rural,https://postali.app/mx/puebla/olintla/talpan
73406,Lekaschquigüe,Ranchería,Olintla,Puebla,,Rural,https://postali.app/mx/puebla/olintla/lekaschquigue
73406,Pumacachocochuchut,Ranchería,Olintla,Puebla,,Rural,https://postali.app/mx/puebla/olintla/pumacachocochuchut
73406,Scontamán,Ranchería,Olintla,Puebla,,Rural,https://postali.app/mx/puebla/olintla/scontaman
73406,Sutic,Ranchería,Olintla,Puebla,,Rural,https://postali.app/mx/puebla/olintla/sutic
73406,Vicente Guerrero,Pueblo,Olintla,Puebla,,Rural,https://postali.app/mx/puebla/olintla/vicente-guerrero
73410,Coatepec,Pueblo,Coatepec,Puebla,,Rural,https://postali.app/mx/puebla/coatepec/coatepec
73420,Camocuautla,Pueblo,Camocuautla,Puebla,,Rural,https://postali.app/mx/puebla/camocuautla/camocuautla
73424,San Bernardino,Ranchería,Camocuautla,Puebla,,Rural,https://postali.app/mx/puebla/camocuautla/san-bernardino
73425,Tapayula,Pueblo,Camocuautla,Puebla,,Rural,https://postali.app/mx/puebla/camocuautla/tapayula
73430,Coyul,Rancho,Hueytlalpan,Puebla,,Rural,https://postali.app/mx/puebla/hueytlalpan/coyul
73430,Cristo Rey,Ranchería,Hueytlalpan,Puebla,,Rural,https://postali.app/mx/puebla/hueytlalpan/cristo-rey
73430,El Cuyo,Rancho,Hueytlalpan,Puebla,,Rural,https://postali.app/mx/puebla/hueytlalpan/el-cuyo
73430,Hueytlalpan,Pueblo,Hueytlalpan,Puebla,,Rural,https://postali.app/mx/puebla/hueytlalpan/hueytlalpan
73431,La Palma,Ranchería,Hueytlalpan,Puebla,,Rural,https://postali.app/mx/puebla/hueytlalpan/la-palma
73433,La Cruz de Chaca,Ranchería,Hueytlalpan,Puebla,,Rural,https://postali.app/mx/puebla/hueytlalpan/la-cruz-de-chaca
73434,El Tarro,Ranchería,Hueytlalpan,Puebla,,Rural,https://postali.app/mx/puebla/hueytlalpan/el-tarro
73434,Pomaxhca,Ranchería,Hueytlalpan,Puebla,,Rural,https://postali.app/mx/puebla/hueytlalpan/pomaxhca
73435,El Crucero,Ranchería,Hueytlalpan,Puebla,,Rural,https://postali.app/mx/puebla/hueytlalpan/el-crucero
73435,Lisquet,Ranchería,Hueytlalpan,Puebla,,Rural,https://postali.app/mx/puebla/hueytlalpan/lisquet
73435,Liyahu,Rancho,Hueytlalpan,Puebla,,Rural,https://postali.app/mx/puebla/hueytlalpan/liyahu
73436,Chililix,Ranchería,Hueytlalpan,Puebla,,Rural,https://postali.app/mx/puebla/hueytlalpan/chililix
73436,El Arenal,Ranchería,Hueytlalpan,Puebla,,Rural,https://postali.app/mx/puebla/hueytlalpan/el-arenal
73436,Huaugcho,Ranchería,Hueytlalpan,Puebla,,Rural,https://postali.app/mx/puebla/hueytlalpan/huaugcho
73436,La Esperanza,Ranchería,Hueytlalpan,Puebla,,Rural,https://postali.app/mx/puebla/hueytlalpan/la-esperanza
73436,Putaxca,Ranchería,Hueytlalpan,Puebla,,Rural,https://postali.app/mx/puebla/hueytlalpan/putaxca
73436,Skansipi,Ranchería,Hueytlalpan,Puebla,,Rural,https://postali.app/mx/puebla/hueytlalpan/skansipi
73436,Teskgau,Ranchería,Hueytlalpan,Puebla,,Rural,https://postali.app/mx/puebla/hueytlalpan/teskgau
73436,Xanátl,Ranchería,Hueytlalpan,Puebla,,Rural,https://postali.app/mx/puebla/hueytlalpan/xanatl
73438,Cajalán,Ranchería,Hueytlalpan,Puebla,,Rural,https://postali.app/mx/puebla/hueytlalpan/cajalan
73438,Cuarta Sección (Potzilli),Rancho,Hueytlalpan,Puebla,,Rural,https://postali.app/mx/puebla/hueytlalpan/cuarta-seccion-potzilli
73438,El Cuyo,Ranchería,Hueytlalpan,Puebla,,Rural,https://postali.app/mx/puebla/hueytlalpan/el-cuyo-73438
73438,La Garza,Ranchería,Hueytlalpan,Puebla,,Rural,https://postali.app/mx/puebla/hueytlalpan/la-garza
73438,La Tranca,Ranchería,Hueytlalpan,Puebla,,Rural,https://postali.app/mx/puebla/hueytlalpan/la-tranca
73438,Zitlala,Pueblo,Hueytlalpan,Puebla,,Rural,https://postali.app/mx/puebla/hueytlalpan/zitlala
73440,Nanacatlán,Pueblo,Zapotitlán de Méndez,Puebla,,Rural,https://postali.app/mx/puebla/zapotitlan-de-mendez/nanacatlan
73440,Tuxtla,Pueblo,Zapotitlán de Méndez,Puebla,,Rural,https://postali.app/mx/puebla/zapotitlan-de-mendez/tuxtla
73440,Zapotitlán de Méndez,Pueblo,Zapotitlán de Méndez,Puebla,,Rural,https://postali.app/mx/puebla/zapotitlan-de-mendez/zapotitlan-de-mendez
73450,Acuitapilco,Barrio,Huitzilan de Serdán,Puebla,,Rural,https://postali.app/mx/puebla/huitzilan-de-serdan/acuitapilco
73450,Cozoltepec,Barrio,Huitzilan de Serdán,Puebla,,Rural,https://postali.app/mx/puebla/huitzilan-de-serdan/cozoltepec
73450,Cuarta Sección,Barrio,Huitzilan de Serdán,Puebla,,Rural,https://postali.app/mx/puebla/huitzilan-de-serdan/cuarta-seccion
73450,El Paraíso,Barrio,Huitzilan de Serdán,Puebla,,Rural,https://postali.app/mx/puebla/huitzilan-de-serdan/el-paraiso
73450,Huitzilan,Pueblo,Huitzilan de Serdán,Puebla,,Rural,https://postali.app/mx/puebla/huitzilan-de-serdan/huitzilan
73450,Pahuatitlán,Barrio,Huitzilan de Serdán,Puebla,,Rural,https://postali.app/mx/puebla/huitzilan-de-serdan/pahuatitlan
73450,Primera Sección,Barrio,Huitzilan de Serdán,Puebla,,Rural,https://postali.app/mx/puebla/huitzilan-de-serdan/primera-seccion
73450,Quinta Sección,Barrio,Huitzilan de Serdán,Puebla,,Rural,https://postali.app/mx/puebla/huitzilan-de-serdan/quinta-seccion
73450,San Antonio Taltzintán,Barrio,Huitzilan de Serdán,Puebla,,Rural,https://postali.app/mx/puebla/huitzilan-de-serdan/san-antonio-taltzintan
73450,San Miguel del Progreso,Barrio,Huitzilan de Serdán,Puebla,,Rural,https://postali.app/mx/puebla/huitzilan-de-serdan/san-miguel-del-progreso
73450,Segunda Sección,Barrio,Huitzilan de Serdán,Puebla,,Rural,https://postali.app/mx/puebla/huitzilan-de-serdan/segunda-seccion
73450,Tancalco,Barrio,Huitzilan de Serdán,Puebla,,Rural,https://postali.app/mx/puebla/huitzilan-de-serdan/tancalco
73450,Tercera Sección,Barrio,Huitzilan de Serdán,Puebla,,Rural,https://postali.app/mx/puebla/huitzilan-de-serdan/tercera-seccion
73450,Totutla,Pueblo,Huitzilan de Serdán,Puebla,,Rural,https://postali.app/mx/puebla/huitzilan-de-serdan/totutla
73450,Xinachapan de Allende,Ranchería,Huitzilan de Serdán,Puebla,,Rural,https://postali.app/mx/puebla/huitzilan-de-serdan/xinachapan-de-allende
73455,Pezmata (Papalocontitlán),Barrio,Huitzilan de Serdán,Puebla,,Rural,https://postali.app/mx/puebla/huitzilan-de-serdan/pezmata-papalocontitlan
73455,Pilactitlán,Barrio,Huitzilan de Serdán,Puebla,,Rural,https://postali.app/mx/puebla/huitzilan-de-serdan/pilactitlan
73455,San Miguel Acateno,Barrio,Huitzilan de Serdán,Puebla,,Rural,https://postali.app/mx/puebla/huitzilan-de-serdan/san-miguel-acateno
73455,Tepetzintla,Barrio,Huitzilan de Serdán,Puebla,,Rural,https://postali.app/mx/puebla/huitzilan-de-serdan/tepetzintla
73455,Xoloango,Barrio,Huitzilan de Serdán,Puebla,,Rural,https://postali.app/mx/puebla/huitzilan-de-serdan/xoloango
73455,Zoyotla,Barrio,Huitzilan de Serdán,Puebla,,Rural,https://postali.app/mx/puebla/huitzilan-de-serdan/zoyotla
73456,Chagchaloyan de Isidro Burgos,Barrio,Huitzilan de Serdán,Puebla,,Rural,https://postali.app/mx/puebla/huitzilan-de-serdan/chagchaloyan-de-isidro-burgos
73456,Chagchaloyan de Zapata,Barrio,Huitzilan de Serdán,Puebla,,Rural,https://postali.app/mx/puebla/huitzilan-de-serdan/chagchaloyan-de-zapata
73456,San José Aocotzota,Barrio,Huitzilan de Serdán,Puebla,,Rural,https://postali.app/mx/puebla/huitzilan-de-serdan/san-jose-aocotzota
73456,San Martín Cohuapan,Barrio,Huitzilan de Serdán,Puebla,,Rural,https://postali.app/mx/puebla/huitzilan-de-serdan/san-martin-cohuapan
73460,Xochitlán de Vicente Suárez,Pueblo,Xochitlán de Vicente Suárez,Puebla,,Rural,https://postali.app/mx/puebla/xochitlan-de-vicente-suarez/xochitlan-de-vicente-suarez
73460,Zoatecpan,Barrio,Xochitlán de Vicente Suárez,Puebla,,Rural,https://postali.app/mx/puebla/xochitlan-de-vicente-suarez/zoatecpan
73464,Chicuasencuautla,Barrio,Xochitlán de Vicente Suárez,Puebla,,Rural,https://postali.app/mx/puebla/xochitlan-de-vicente-suarez/chicuasencuautla
73464,San Bernardo,Barrio,Xochitlán de Vicente Suárez,Puebla,,Rural,https://postali.app/mx/puebla/xochitlan-de-vicente-suarez/san-bernardo
73464,Tecorralican,Barrio,Xochitlán de Vicente Suárez,Puebla,,Rural,https://postali.app/mx/puebla/xochitlan-de-vicente-suarez/tecorralican
73464,Tzontecomata (Cuaxuchpan),Barrio,Xochitlán de Vicente Suárez,Puebla,,Rural,https://postali.app/mx/puebla/xochitlan-de-vicente-suarez/tzontecomata-cuaxuchpan
73464,Xaltipac,Barrio,Xochitlán de Vicente Suárez,Puebla,,Rural,https://postali.app/mx/puebla/xochitlan-de-vicente-suarez/xaltipac
73464,Xochitlán de Romero Rubio (Tatempan),Barrio,Xochitlán de Vicente Suárez,Puebla,,Rural,https://postali.app/mx/puebla/xochitlan-de-vicente-suarez/xochitlan-de-romero-rubio-tatempan
73466,Amatitán,Barrio,Xochitlán de Vicente Suárez,Puebla,,Rural,https://postali.app/mx/puebla/xochitlan-de-vicente-suarez/amatitan
73466,Bonillagco,Barrio,Xochitlán de Vicente Suárez,Puebla,,Rural,https://postali.app/mx/puebla/xochitlan-de-vicente-suarez/bonillagco
73466,Papalocogtitán,Barrio,Xochitlán de Vicente Suárez,Puebla,,Rural,https://postali.app/mx/puebla/xochitlan-de-vicente-suarez/papalocogtitan
73466,Tacuitapan,Barrio,Xochitlán de Vicente Suárez,Puebla,,Rural,https://postali.app/mx/puebla/xochitlan-de-vicente-suarez/tacuitapan
73466,Totolcha,Barrio,Xochitlán de Vicente Suárez,Puebla,,Rural,https://postali.app/mx/puebla/xochitlan-de-vicente-suarez/totolcha
73467,Huahuaxtla,Pueblo,Xochitlán de Vicente Suárez,Puebla,,Rural,https://postali.app/mx/puebla/xochitlan-de-vicente-suarez/huahuaxtla
73467,Huapalegcan,Barrio,Xochitlán de Vicente Suárez,Puebla,,Rural,https://postali.app/mx/puebla/xochitlan-de-vicente-suarez/huapalegcan
73467,San Francisco Ocotepec (Ocotepec de Cárdenas),Barrio,Xochitlán de Vicente Suárez,Puebla,,Rural,https://postali.app/mx/puebla/xochitlan-de-vicente-suarez/san-francisco-ocotepec-ocotepec-de-cardenas
73467,Xocoyolapan (Santa Isabel),Barrio,Xochitlán de Vicente Suárez,Puebla,,Rural,https://postali.app/mx/puebla/xochitlan-de-vicente-suarez/xocoyolapan-santa-isabel
73468,Pahuata,Barrio,Xochitlán de Vicente Suárez,Puebla,,Rural,https://postali.app/mx/puebla/xochitlan-de-vicente-suarez/pahuata
73468,Xicalxochico,Barrio,Xochitlán de Vicente Suárez,Puebla,,Rural,https://postali.app/mx/puebla/xochitlan-de-vicente-suarez/xicalxochico
73470,Cinco de Mayo,Barrio,Huehuetla,Puebla,,Rural,https://postali.app/mx/puebla/huehuetla/cinco-de-mayo
73470,Huehuetla,Pueblo,Huehuetla,Puebla,,Urbano,https://postali.app/mx/puebla/huehuetla/huehuetla
73471,Ozelonacaxtla,Pueblo,Huehuetla,Puebla,,Rural,https://postali.app/mx/puebla/huehuetla/ozelonacaxtla
73471,Xonalpu,Barrio,Huehuetla,Puebla,,Rural,https://postali.app/mx/puebla/huehuetla/xonalpu
73473,Chilocoyo del Carmen,Barrio,Huehuetla,Puebla,,Rural,https://postali.app/mx/puebla/huehuetla/chilocoyo-del-carmen
73473,Chilocoyo Guadalupe,Barrio,Huehuetla,Puebla,,Rural,https://postali.app/mx/puebla/huehuetla/chilocoyo-guadalupe
73474,Putlunichuchut (Vista Hermosa),Barrio,Huehuetla,Puebla,,Rural,https://postali.app/mx/puebla/huehuetla/putlunichuchut-vista-hermosa
73475,Lipuntahuaca,Ranchería,Huehuetla,Puebla,,Rural,https://postali.app/mx/puebla/huehuetla/lipuntahuaca
73475,Putaxcat,Ranchería,Huehuetla,Puebla,,Rural,https://postali.app/mx/puebla/huehuetla/putaxcat
73476,Francisco I. Madero,Barrio,Huehuetla,Puebla,,Rural,https://postali.app/mx/puebla/huehuetla/francisco-i-madero
73476,Huehuetla (Barrio Alto),Barrio,Huehuetla,Puebla,,Rural,https://postali.app/mx/puebla/huehuetla/huehuetla-barrio-alto
73476,Kuwit Chuchut,Barrio,Huehuetla,Puebla,,Rural,https://postali.app/mx/puebla/huehuetla/kuwit-chuchut
73477,Leacaman,Pueblo,Huehuetla,Puebla,,Rural,https://postali.app/mx/puebla/huehuetla/leacaman
73480,Ixtepec,Pueblo,Ixtepec,Puebla,,Rural,https://postali.app/mx/puebla/ixtepec/ixtepec
73480,Patiy,Colonia,Ixtepec,Puebla,,Rural,https://postali.app/mx/puebla/ixtepec/patiy
73482,Cuajinamin,Ranchería,Ixtepec,Puebla,,Rural,https://postali.app/mx/puebla/ixtepec/cuajinamin
73482,Takaltzáps,Ranchería,Ixtepec,Puebla,,Rural,https://postali.app/mx/puebla/ixtepec/takaltzaps
73483,Escatachuchut,Ranchería,Ixtepec,Puebla,,Rural,https://postali.app/mx/puebla/ixtepec/escatachuchut
73486,San Martín,Pueblo,Ixtepec,Puebla,,Rural,https://postali.app/mx/puebla/ixtepec/san-martin
73490,Atlequizayan,Pueblo,Atlequizayan,Puebla,,Rural,https://postali.app/mx/puebla/atlequizayan/atlequizayan
73493,Patiy,Ranchería,Atlequizayan,Puebla,,Rural,https://postali.app/mx/puebla/atlequizayan/patiy
73495,Ignacio Allende (Concepción),Pueblo,Atlequizayan,Puebla,,Rural,https://postali.app/mx/puebla/atlequizayan/ignacio-allende-concepcion
73500,El Tecajete,Colonia,Tenampulco,Puebla,,Rural,https://postali.app/mx/puebla/tenampulco/el-tecajete
73500,La Lima,Ranchería,Tenampulco,Puebla,,Rural,https://postali.app/mx/puebla/tenampulco/la-lima
73500,Tenampulco,Pueblo,Tenampulco,Puebla,,Rural,https://postali.app/mx/puebla/tenampulco/tenampulco
73502,La Nueva Junta Arroyo Zarco,Colonia,Tenampulco,Puebla,,Rural,https://postali.app/mx/puebla/tenampulco/la-nueva-junta-arroyo-zarco
73502,Lázaro Cárdenas (San Diego),Colonia,Tenampulco,Puebla,,Rural,https://postali.app/mx/puebla/tenampulco/lazaro-cardenas-san-diego
73502,Morelos,Ejido,Tenampulco,Puebla,,Rural,https://postali.app/mx/puebla/tenampulco/morelos
73503,El Zapote,Ranchería,Tenampulco,Puebla,,Rural,https://postali.app/mx/puebla/tenampulco/el-zapote
73503,La Florida,Ranchería,Tenampulco,Puebla,,Rural,https://postali.app/mx/puebla/tenampulco/la-florida
73504,El Jicarillo,Pueblo,Tenampulco,Puebla,,Rural,https://postali.app/mx/puebla/tenampulco/el-jicarillo
73504,El Zapotal,Ranchería,Tenampulco,Puebla,,Rural,https://postali.app/mx/puebla/tenampulco/el-zapotal
73505,Chacal,Ejido,Tenampulco,Puebla,,Rural,https://postali.app/mx/puebla/tenampulco/chacal
73505,Salsipuedes (Cerro de la Campana),Ranchería,Tenampulco,Puebla,,Rural,https://postali.app/mx/puebla/tenampulco/salsipuedes-cerro-de-la-campana
73506,Arroyo Blanco,Ranchería,Tenampulco,Puebla,,Rural,https://postali.app/mx/puebla/tenampulco/arroyo-blanco
73506,Caracoles,Ranchería,Tenampulco,Puebla,,Rural,https://postali.app/mx/puebla/tenampulco/caracoles
73506,El Saltillo,Ranchería,Tenampulco,Puebla,,Rural,https://postali.app/mx/puebla/tenampulco/el-saltillo
73506,Poza Verde,Ranchería,Tenampulco,Puebla,,Rural,https://postali.app/mx/puebla/tenampulco/poza-verde
73507,Paso del Palmar,Ranchería,Tenampulco,Puebla,,Rural,https://postali.app/mx/puebla/tenampulco/paso-del-palmar
73507,Tenampulco el Viejo,Ranchería,Tenampulco,Puebla,,Rural,https://postali.app/mx/puebla/tenampulco/tenampulco-el-viejo
73509,Santa Cruz Buena Vista,Ranchería,Tenampulco,Puebla,,Rural,https://postali.app/mx/puebla/tenampulco/santa-cruz-buena-vista
73509,Santa Lucia,Ejido,Tenampulco,Puebla,,Rural,https://postali.app/mx/puebla/tenampulco/santa-lucia
73509,Tenexapa de Allende,Barrio,Tenampulco,Puebla,,Rural,https://postali.app/mx/puebla/tenampulco/tenexapa-de-allende
73510,Tuzamapan de Galeana,Pueblo,Tuzamapan de Galeana,Puebla,,Rural,https://postali.app/mx/puebla/tuzamapan-de-galeana/tuzamapan-de-galeana
73514,Ricardo Flores Magón,Ejido,Tuzamapan de Galeana,Puebla,,Rural,https://postali.app/mx/puebla/tuzamapan-de-galeana/ricardo-flores-magon
73515,El Tuti,Ranchería,Tuzamapan de Galeana,Puebla,,Rural,https://postali.app/mx/puebla/tuzamapan-de-galeana/el-tuti
73515,El Zorrillo,Colonia,Tuzamapan de Galeana,Puebla,,Rural,https://postali.app/mx/puebla/tuzamapan-de-galeana/el-zorrillo
73515,Reyes de Vallarta,Pueblo,Tuzamapan de Galeana,Puebla,,Rural,https://postali.app/mx/puebla/tuzamapan-de-galeana/reyes-de-vallarta
73516,El Jayal,Colonia,Tuzamapan de Galeana,Puebla,,Rural,https://postali.app/mx/puebla/tuzamapan-de-galeana/el-jayal
73516,La Junta Poza Larga,Colonia,Tuzamapan de Galeana,Puebla,,Rural,https://postali.app/mx/puebla/tuzamapan-de-galeana/la-junta-poza-larga
73516,Morelos,Ranchería,Tuzamapan de Galeana,Puebla,,Rural,https://postali.app/mx/puebla/tuzamapan-de-galeana/morelos
73517,Tetelilla de Miguel Islas,Pueblo,Tuzamapan de Galeana,Puebla,,Rural,https://postali.app/mx/puebla/tuzamapan-de-galeana/tetelilla-de-miguel-islas
73518,Huitziquitepec,Ranchería,Tuzamapan de Galeana,Puebla,,Rural,https://postali.app/mx/puebla/tuzamapan-de-galeana/huitziquitepec
73520,Capín y Paltam,Colonia,Caxhuacan,Puebla,,Rural,https://postali.app/mx/puebla/caxhuacan/capin-y-paltam
73520,Caxhuacan,Pueblo,Caxhuacan,Puebla,,Rural,https://postali.app/mx/puebla/caxhuacan/caxhuacan
73523,Cucuchuchut,Ranchería,Caxhuacan,Puebla,,Rural,https://postali.app/mx/puebla/caxhuacan/cucuchuchut
73530,Ecatlan,Pueblo,Jonotla,Puebla,,Rural,https://postali.app/mx/puebla/jonotla/ecatlan
73530,Jonotla,Pueblo,Jonotla,Puebla,,Rural,https://postali.app/mx/puebla/jonotla/jonotla
73530,Tepetitlán,Ranchería,Jonotla,Puebla,,Rural,https://postali.app/mx/puebla/jonotla/tepetitlan
73537,El Arenal,Colonia,Jonotla,Puebla,,Rural,https://postali.app/mx/puebla/jonotla/el-arenal
73537,San Antonio Rayón,Pueblo,Jonotla,Puebla,,Rural,https://postali.app/mx/puebla/jonotla/san-antonio-rayon
73538,Paso del Jardín,Barrio,Jonotla,Puebla,,Rural,https://postali.app/mx/puebla/jonotla/paso-del-jardin
73539,Tecpantzingo,Barrio,Jonotla,Puebla,,Rural,https://postali.app/mx/puebla/jonotla/tecpantzingo
73540,Ayotox,Colonia,Zoquiapan,Puebla,,Rural,https://postali.app/mx/puebla/zoquiapan/ayotox
73540,San Antonio Buenavista,Colonia,Zoquiapan,Puebla,,Rural,https://postali.app/mx/puebla/zoquiapan/san-antonio-buenavista
73540,Xochiapan,Colonia,Zoquiapan,Puebla,,Rural,https://postali.app/mx/puebla/zoquiapan/xochiapan
73540,Zacatilihuic,Colonia,Zoquiapan,Puebla,,Rural,https://postali.app/mx/puebla/zoquiapan/zacatilihuic
73540,Zoquiapan Centro,Pueblo,Zoquiapan,Puebla,,Rural,https://postali.app/mx/puebla/zoquiapan/zoquiapan-centro
73543,El Arenal,Ranchería,Zoquiapan,Puebla,,Rural,https://postali.app/mx/puebla/zoquiapan/el-arenal
73550,Nauzontla,Pueblo,Nauzontla,Puebla,,Rural,https://postali.app/mx/puebla/nauzontla/nauzontla
73550,Nauzontla Primera Sección,Colonia,Nauzontla,Puebla,,Rural,https://postali.app/mx/puebla/nauzontla/nauzontla-primera-seccion
73550,Talchichil,Colonia,Nauzontla,Puebla,,Urbano,https://postali.app/mx/puebla/nauzontla/talchichil
73554,San Rafael Axolotla,Barrio,Nauzontla,Puebla,,Rural,https://postali.app/mx/puebla/nauzontla/san-rafael-axolotla
73556,Guayabal,Ranchería,Nauzontla,Puebla,,Rural,https://postali.app/mx/puebla/nauzontla/guayabal
73556,La Unión,Ranchería,Nauzontla,Puebla,,Rural,https://postali.app/mx/puebla/nauzontla/la-union
73556,Santa Lucia Atioyan,Ranchería,Nauzontla,Puebla,,Rural,https://postali.app/mx/puebla/nauzontla/santa-lucia-atioyan
73556,Tepanyehual,Ranchería,Nauzontla,Puebla,,Rural,https://postali.app/mx/puebla/nauzontla/tepanyehual
73556,Xalaco,Ranchería,Nauzontla,Puebla,,Rural,https://postali.app/mx/puebla/nauzontla/xalaco
73557,Cuahutapehual de Benito Juárez,Ranchería,Nauzontla,Puebla,,Rural,https://postali.app/mx/puebla/nauzontla/cuahutapehual-de-benito-juarez
73560,Ciudad de Cuetzalan,Pueblo,Cuetzalan del Progreso,Puebla,,Rural,https://postali.app/mx/puebla/cuetzalan-del-progreso/ciudad-de-cuetzalan
73560,Nahuiogpan,Colonia,Cuetzalan del Progreso,Puebla,,Rural,https://postali.app/mx/puebla/cuetzalan-del-progreso/nahuiogpan
73563,Acaxiloco,Ranchería,Cuetzalan del Progreso,Puebla,,Rural,https://postali.app/mx/puebla/cuetzalan-del-progreso/acaxiloco
73563,Achiauta,Ranchería,Cuetzalan del Progreso,Puebla,,Rural,https://postali.app/mx/puebla/cuetzalan-del-progreso/achiauta
73563,Ahuateno,Ranchería,Cuetzalan del Progreso,Puebla,,Rural,https://postali.app/mx/puebla/cuetzalan-del-progreso/ahuateno
73563,Alahuacapan,Ranchería,Cuetzalan del Progreso,Puebla,,Rural,https://postali.app/mx/puebla/cuetzalan-del-progreso/alahuacapan
73563,Atemolón,Ranchería,Cuetzalan del Progreso,Puebla,,Rural,https://postali.app/mx/puebla/cuetzalan-del-progreso/atemolon
73563,Cacatecuauta,Ranchería,Cuetzalan del Progreso,Puebla,,Rural,https://postali.app/mx/puebla/cuetzalan-del-progreso/cacatecuauta
73563,Cahuayogco,Ranchería,Cuetzalan del Progreso,Puebla,,Rural,https://postali.app/mx/puebla/cuetzalan-del-progreso/cahuayogco
73563,Calatepec,Ranchería,Cuetzalan del Progreso,Puebla,,Rural,https://postali.app/mx/puebla/cuetzalan-del-progreso/calatepec
73563,Caxaltepec,Colonia,Cuetzalan del Progreso,Puebla,,Rural,https://postali.app/mx/puebla/cuetzalan-del-progreso/caxaltepec
73563,Cedral Atalpan,Ranchería,Cuetzalan del Progreso,Puebla,,Rural,https://postali.app/mx/puebla/cuetzalan-del-progreso/cedral-atalpan
73563,Cerro de Nectepec,Ranchería,Cuetzalan del Progreso,Puebla,,Rural,https://postali.app/mx/puebla/cuetzalan-del-progreso/cerro-de-nectepec
73563,Chicueyaco,Pueblo,Cuetzalan del Progreso,Puebla,,Rural,https://postali.app/mx/puebla/cuetzalan-del-progreso/chicueyaco
73563,Coapan,Ranchería,Cuetzalan del Progreso,Puebla,,Rural,https://postali.app/mx/puebla/cuetzalan-del-progreso/coapan
73563,Cuahutamanca,Colonia,Cuetzalan del Progreso,Puebla,,Rural,https://postali.app/mx/puebla/cuetzalan-del-progreso/cuahutamanca
73563,Cuahutamazaco,Pueblo,Cuetzalan del Progreso,Puebla,,Rural,https://postali.app/mx/puebla/cuetzalan-del-progreso/cuahutamazaco
73563,Cuamayta,Colonia,Cuetzalan del Progreso,Puebla,,Rural,https://postali.app/mx/puebla/cuetzalan-del-progreso/cuamayta
73563,Cuamono,Ranchería,Cuetzalan del Progreso,Puebla,,Rural,https://postali.app/mx/puebla/cuetzalan-del-progreso/cuamono
73563,Cuatro Caminos,Ranchería,Cuetzalan del Progreso,Puebla,,Rural,https://postali.app/mx/puebla/cuetzalan-del-progreso/cuatro-caminos
73563,Cuauhtapanaloyan,Pueblo,Cuetzalan del Progreso,Puebla,,Rural,https://postali.app/mx/puebla/cuetzalan-del-progreso/cuauhtapanaloyan
73563,Cuetzaltepec,Ranchería,Cuetzalan del Progreso,Puebla,,Rural,https://postali.app/mx/puebla/cuetzalan-del-progreso/cuetzaltepec
73563,Cuichat,Ranchería,Cuetzalan del Progreso,Puebla,,Rural,https://postali.app/mx/puebla/cuetzalan-del-progreso/cuichat
73563,Huaxtitán,Ranchería,Cuetzalan del Progreso,Puebla,,Rural,https://postali.app/mx/puebla/cuetzalan-del-progreso/huaxtitan
73563,Ixtahuata,Pueblo,Cuetzalan del Progreso,Puebla,,Rural,https://postali.app/mx/puebla/cuetzalan-del-progreso/ixtahuata
73563,La Providencia,Colonia,Cuetzalan del Progreso,Puebla,,Rural,https://postali.app/mx/puebla/cuetzalan-del-progreso/la-providencia
73563,Las Hamacas,Ranchería,Cuetzalan del Progreso,Puebla,,Rural,https://postali.app/mx/puebla/cuetzalan-del-progreso/las-hamacas
73563,Limontitán,Ranchería,Cuetzalan del Progreso,Puebla,,Rural,https://postali.app/mx/puebla/cuetzalan-del-progreso/limontitan
73563,Nectepec,Pueblo,Cuetzalan del Progreso,Puebla,,Rural,https://postali.app/mx/puebla/cuetzalan-del-progreso/nectepec
73563,Octimaxal Norte,Ranchería,Cuetzalan del Progreso,Puebla,,Rural,https://postali.app/mx/puebla/cuetzalan-del-progreso/octimaxal-norte
73563,Olopioco,Ranchería,Cuetzalan del Progreso,Puebla,,Rural,https://postali.app/mx/puebla/cuetzalan-del-progreso/olopioco
73563,Pahuatahu,Ranchería,Cuetzalan del Progreso,Puebla,,Rural,https://postali.app/mx/puebla/cuetzalan-del-progreso/pahuatahu
73563,Pepexta,Ranchería,Cuetzalan del Progreso,Puebla,,Rural,https://postali.app/mx/puebla/cuetzalan-del-progreso/pepexta
73563,Pesmapán,Ranchería,Cuetzalan del Progreso,Puebla,,Rural,https://postali.app/mx/puebla/cuetzalan-del-progreso/pesmapan
73563,Pilinchaco,Ranchería,Cuetzalan del Progreso,Puebla,,Rural,https://postali.app/mx/puebla/cuetzalan-del-progreso/pilinchaco
73563,Quezapa,Ranchería,Cuetzalan del Progreso,Puebla,,Rural,https://postali.app/mx/puebla/cuetzalan-del-progreso/quezapa
73563,San Andrés Tzicuilan,Pueblo,Cuetzalan del Progreso,Puebla,,Rural,https://postali.app/mx/puebla/cuetzalan-del-progreso/san-andres-tzicuilan
73563,Santiago Yancuitlalpan,Pueblo,Cuetzalan del Progreso,Puebla,,Rural,https://postali.app/mx/puebla/cuetzalan-del-progreso/santiago-yancuitlalpan
73563,Tajkuilol,Ranchería,Cuetzalan del Progreso,Puebla,,Rural,https://postali.app/mx/puebla/cuetzalan-del-progreso/tajkuilol
73563,Taltzintán,Ranchería,Cuetzalan del Progreso,Puebla,,Rural,https://postali.app/mx/puebla/cuetzalan-del-progreso/taltzintan
73563,Taxipehuatl,Ranchería,Cuetzalan del Progreso,Puebla,,Rural,https://postali.app/mx/puebla/cuetzalan-del-progreso/taxipehuatl
73563,Tecuahuta,Ranchería,Cuetzalan del Progreso,Puebla,,Rural,https://postali.app/mx/puebla/cuetzalan-del-progreso/tecuahuta
73563,Tenango,Ranchería,Cuetzalan del Progreso,Puebla,,Rural,https://postali.app/mx/puebla/cuetzalan-del-progreso/tenango
73563,Tenango Zacatipan,Ranchería,Cuetzalan del Progreso,Puebla,,Rural,https://postali.app/mx/puebla/cuetzalan-del-progreso/tenango-zacatipan
73563,Tenanikán,Ranchería,Cuetzalan del Progreso,Puebla,,Rural,https://postali.app/mx/puebla/cuetzalan-del-progreso/tenanikan
73563,Tepango,Ranchería,Cuetzalan del Progreso,Puebla,,Rural,https://postali.app/mx/puebla/cuetzalan-del-progreso/tepango
73563,Tepetitán Zacatipan,Ranchería,Cuetzalan del Progreso,Puebla,,Rural,https://postali.app/mx/puebla/cuetzalan-del-progreso/tepetitan-zacatipan
73563,Tepetzalan de Miguel Hidalgo,Ranchería,Cuetzalan del Progreso,Puebla,,Rural,https://postali.app/mx/puebla/cuetzalan-del-progreso/tepetzalan-de-miguel-hidalgo
73563,Tepetzalan Tzicuilan,Ranchería,Cuetzalan del Progreso,Puebla,,Rural,https://postali.app/mx/puebla/cuetzalan-del-progreso/tepetzalan-tzicuilan
73563,Tepetzingo,Ranchería,Cuetzalan del Progreso,Puebla,,Rural,https://postali.app/mx/puebla/cuetzalan-del-progreso/tepetzingo
73563,Texochico,Ranchería,Cuetzalan del Progreso,Puebla,,Rural,https://postali.app/mx/puebla/cuetzalan-del-progreso/texochico
73563,Totocuahuta (Tamaya),Ranchería,Cuetzalan del Progreso,Puebla,,Rural,https://postali.app/mx/puebla/cuetzalan-del-progreso/totocuahuta-tamaya
73563,Totolichipi,Ranchería,Cuetzalan del Progreso,Puebla,,Rural,https://postali.app/mx/puebla/cuetzalan-del-progreso/totolichipi
73563,Tzanatco,Ranchería,Cuetzalan del Progreso,Puebla,,Rural,https://postali.app/mx/puebla/cuetzalan-del-progreso/tzanatco
73563,Tzoquiaco,Ranchería,Cuetzalan del Progreso,Puebla,,Rural,https://postali.app/mx/puebla/cuetzalan-del-progreso/tzoquiaco
73563,Xalpantzingo,Pueblo,Cuetzalan del Progreso,Puebla,,Rural,https://postali.app/mx/puebla/cuetzalan-del-progreso/xalpantzingo
73563,Xalticpac,Ranchería,Cuetzalan del Progreso,Puebla,,Rural,https://postali.app/mx/puebla/cuetzalan-del-progreso/xalticpac
73563,Xaltzinta,Pueblo,Cuetzalan del Progreso,Puebla,,Rural,https://postali.app/mx/puebla/cuetzalan-del-progreso/xaltzinta
73563,Xiloxochico de Rafael Ávila Camacho,Pueblo,Cuetzalan del Progreso,Puebla,,Rural,https://postali.app/mx/puebla/cuetzalan-del-progreso/xiloxochico-de-rafael-avila-camacho
73563,Xiutecuapan,Ranchería,Cuetzalan del Progreso,Puebla,,Rural,https://postali.app/mx/puebla/cuetzalan-del-progreso/xiutecuapan
73563,Xochical,Pueblo,Cuetzalan del Progreso,Puebla,,Rural,https://postali.app/mx/puebla/cuetzalan-del-progreso/xochical
73563,Zacatipan,Pueblo,Cuetzalan del Progreso,Puebla,,Rural,https://postali.app/mx/puebla/cuetzalan-del-progreso/zacatipan
73563,Zuapilaco,Colonia,Cuetzalan del Progreso,Puebla,,Rural,https://postali.app/mx/puebla/cuetzalan-del-progreso/zuapilaco
73564,Tacopizacta,Ranchería,Cuetzalan del Progreso,Puebla,,Rural,https://postali.app/mx/puebla/cuetzalan-del-progreso/tacopizacta
73565,Atequiza,Ranchería,Cuetzalan del Progreso,Puebla,,Rural,https://postali.app/mx/puebla/cuetzalan-del-progreso/atequiza
73565,Atexolahua,Ranchería,Cuetzalan del Progreso,Puebla,,Rural,https://postali.app/mx/puebla/cuetzalan-del-progreso/atexolahua
73565,Cohuatichan,Ranchería,Cuetzalan del Progreso,Puebla,,Rural,https://postali.app/mx/puebla/cuetzalan-del-progreso/cohuatichan
73565,Esquimita,Ranchería,Cuetzalan del Progreso,Puebla,,Rural,https://postali.app/mx/puebla/cuetzalan-del-progreso/esquimita
73565,La Galera,Ranchería,Cuetzalan del Progreso,Puebla,,Rural,https://postali.app/mx/puebla/cuetzalan-del-progreso/la-galera
73565,La Gloria,Ranchería,Cuetzalan del Progreso,Puebla,,Rural,https://postali.app/mx/puebla/cuetzalan-del-progreso/la-gloria
73565,Las Vigas,Ranchería,Cuetzalan del Progreso,Puebla,,Rural,https://postali.app/mx/puebla/cuetzalan-del-progreso/las-vigas
73565,Octimaxal Sur,Colonia,Cuetzalan del Progreso,Puebla,,Rural,https://postali.app/mx/puebla/cuetzalan-del-progreso/octimaxal-sur
73565,Pahpatapán,Colonia,Cuetzalan del Progreso,Puebla,,Rural,https://postali.app/mx/puebla/cuetzalan-del-progreso/pahpatapan
73565,Santa Cruz Tatempa,Ranchería,Cuetzalan del Progreso,Puebla,,Rural,https://postali.app/mx/puebla/cuetzalan-del-progreso/santa-cruz-tatempa
73565,Tazalolpan,Colonia,Cuetzalan del Progreso,Puebla,,Rural,https://postali.app/mx/puebla/cuetzalan-del-progreso/tazalolpan
73565,Tenextepec,Ranchería,Cuetzalan del Progreso,Puebla,,Rural,https://postali.app/mx/puebla/cuetzalan-del-progreso/tenextepec
73565,Vista Hermosa,Ranchería,Cuetzalan del Progreso,Puebla,,Rural,https://postali.app/mx/puebla/cuetzalan-del-progreso/vista-hermosa
73565,Xocoyolo,Ranchería,Cuetzalan del Progreso,Puebla,,Rural,https://postali.app/mx/puebla/cuetzalan-del-progreso/xocoyolo
73566,Anaytitan,Ranchería,Cuetzalan del Progreso,Puebla,,Rural,https://postali.app/mx/puebla/cuetzalan-del-progreso/anaytitan
73566,Atmolón,Ranchería,Cuetzalan del Progreso,Puebla,,Rural,https://postali.app/mx/puebla/cuetzalan-del-progreso/atmolon
73566,Ayohapan,Ranchería,Cuetzalan del Progreso,Puebla,,Rural,https://postali.app/mx/puebla/cuetzalan-del-progreso/ayohapan
73566,Ayotzinapan,Pueblo,Cuetzalan del Progreso,Puebla,,Rural,https://postali.app/mx/puebla/cuetzalan-del-progreso/ayotzinapan
73566,Chilcuauhta,Ranchería,Cuetzalan del Progreso,Puebla,,Rural,https://postali.app/mx/puebla/cuetzalan-del-progreso/chilcuauhta
73566,Cozamalomila,Ranchería,Cuetzalan del Progreso,Puebla,,Rural,https://postali.app/mx/puebla/cuetzalan-del-progreso/cozamalomila
73566,Kapola,Ranchería,Cuetzalan del Progreso,Puebla,,Rural,https://postali.app/mx/puebla/cuetzalan-del-progreso/kapola
73566,Limonco,Ranchería,Cuetzalan del Progreso,Puebla,,Rural,https://postali.app/mx/puebla/cuetzalan-del-progreso/limonco
73566,Pagmaco,Ranchería,Cuetzalan del Progreso,Puebla,,Rural,https://postali.app/mx/puebla/cuetzalan-del-progreso/pagmaco
73566,Pesmapán,Ranchería,Cuetzalan del Progreso,Puebla,,Rural,https://postali.app/mx/puebla/cuetzalan-del-progreso/pesmapan-73566
73566,Pinahuista,Pueblo,Cuetzalan del Progreso,Puebla,,Rural,https://postali.app/mx/puebla/cuetzalan-del-progreso/pinahuista
73566,Pochoco,Ranchería,Cuetzalan del Progreso,Puebla,,Rural,https://postali.app/mx/puebla/cuetzalan-del-progreso/pochoco
73566,Pochotitan,Ranchería,Cuetzalan del Progreso,Puebla,,Rural,https://postali.app/mx/puebla/cuetzalan-del-progreso/pochotitan
73566,Reyeshogpan de Hidalgo,Pueblo,Cuetzalan del Progreso,Puebla,,Rural,https://postali.app/mx/puebla/cuetzalan-del-progreso/reyeshogpan-de-hidalgo
73566,Santioapan,Ranchería,Cuetzalan del Progreso,Puebla,,Rural,https://postali.app/mx/puebla/cuetzalan-del-progreso/santioapan
73566,Tacuapan,Pueblo,Cuetzalan del Progreso,Puebla,,Rural,https://postali.app/mx/puebla/cuetzalan-del-progreso/tacuapan
73566,Tatahuictaltipan,Ranchería,Cuetzalan del Progreso,Puebla,,Rural,https://postali.app/mx/puebla/cuetzalan-del-progreso/tatahuictaltipan
73566,Tecazo,Ranchería,Cuetzalan del Progreso,Puebla,,Rural,https://postali.app/mx/puebla/cuetzalan-del-progreso/tecazo
73566,Tecolapa,Ranchería,Cuetzalan del Progreso,Puebla,,Rural,https://postali.app/mx/puebla/cuetzalan-del-progreso/tecolapa
73566,Tecoltepec,Pueblo,Cuetzalan del Progreso,Puebla,,Rural,https://postali.app/mx/puebla/cuetzalan-del-progreso/tecoltepec
73566,Tencuix,Ranchería,Cuetzalan del Progreso,Puebla,,Rural,https://postali.app/mx/puebla/cuetzalan-del-progreso/tencuix
73566,Tepetitan Chico,Ranchería,Cuetzalan del Progreso,Puebla,,Rural,https://postali.app/mx/puebla/cuetzalan-del-progreso/tepetitan-chico
73566,Tepetitán Reyeshogpan de Hidalgo,Pueblo,Cuetzalan del Progreso,Puebla,,Rural,https://postali.app/mx/puebla/cuetzalan-del-progreso/tepetitan-reyeshogpan-de-hidalgo
73566,Tepetzintan,Pueblo,Cuetzalan del Progreso,Puebla,,Rural,https://postali.app/mx/puebla/cuetzalan-del-progreso/tepetzintan
73566,Tetsijtsilín,Ranchería,Cuetzalan del Progreso,Puebla,,Rural,https://postali.app/mx/puebla/cuetzalan-del-progreso/tetsijtsilin
73566,Tixapan,Ranchería,Cuetzalan del Progreso,Puebla,,Rural,https://postali.app/mx/puebla/cuetzalan-del-progreso/tixapan
73566,Tonalix,Ranchería,Cuetzalan del Progreso,Puebla,,Rural,https://postali.app/mx/puebla/cuetzalan-del-progreso/tonalix
73566,Tuzamapan (Xiloxochico),Pueblo,Cuetzalan del Progreso,Puebla,,Rural,https://postali.app/mx/puebla/cuetzalan-del-progreso/tuzamapan-xiloxochico
73566,Tzinacapan,Pueblo,Cuetzalan del Progreso,Puebla,,Rural,https://postali.app/mx/puebla/cuetzalan-del-progreso/tzinacapan
73566,Tzoncomala,Ranchería,Cuetzalan del Progreso,Puebla,,Rural,https://postali.app/mx/puebla/cuetzalan-del-progreso/tzoncomala
73566,Xalcuahuta,Pueblo,Cuetzalan del Progreso,Puebla,,Rural,https://postali.app/mx/puebla/cuetzalan-del-progreso/xalcuahuta
73566,Xaltipan,Ranchería,Cuetzalan del Progreso,Puebla,,Rural,https://postali.app/mx/puebla/cuetzalan-del-progreso/xaltipan
73566,Xiloxochit,Ranchería,Cuetzalan del Progreso,Puebla,,Rural,https://postali.app/mx/puebla/cuetzalan-del-progreso/xiloxochit
73566,Xocota,Ranchería,Cuetzalan del Progreso,Puebla,,Rural,https://postali.app/mx/puebla/cuetzalan-del-progreso/xocota
73566,Yohualichan,Pueblo,Cuetzalan del Progreso,Puebla,,Rural,https://postali.app/mx/puebla/cuetzalan-del-progreso/yohualichan
73566,Ziltepec,Ranchería,Cuetzalan del Progreso,Puebla,,Rural,https://postali.app/mx/puebla/cuetzalan-del-progreso/ziltepec
73566,Zopilotepec,Ranchería,Cuetzalan del Progreso,Puebla,,Rural,https://postali.app/mx/puebla/cuetzalan-del-progreso/zopilotepec
73570,Ayotoxco de Guerrero,Pueblo,Ayotoxco de Guerrero,Puebla,,Rural,https://postali.app/mx/puebla/ayotoxco-de-guerrero/ayotoxco-de-guerrero
73572,Gachupinate,Ejido,Ayotoxco de Guerrero,Puebla,,Rural,https://postali.app/mx/puebla/ayotoxco-de-guerrero/gachupinate
73573,Buenavista,Ejido,Ayotoxco de Guerrero,Puebla,,Rural,https://postali.app/mx/puebla/ayotoxco-de-guerrero/buenavista
73573,Copales,Ranchería,Ayotoxco de Guerrero,Puebla,,Rural,https://postali.app/mx/puebla/ayotoxco-de-guerrero/copales
73573,Uruapan,Ranchería,Ayotoxco de Guerrero,Puebla,,Rural,https://postali.app/mx/puebla/ayotoxco-de-guerrero/uruapan
73575,Cuauhtémoc (Tlacuilolostoc),Ranchería,Ayotoxco de Guerrero,Puebla,,Rural,https://postali.app/mx/puebla/ayotoxco-de-guerrero/cuauhtemoc-tlacuilolostoc
73576,El Nuevo Roble,Ranchería,Ayotoxco de Guerrero,Puebla,,Rural,https://postali.app/mx/puebla/ayotoxco-de-guerrero/el-nuevo-roble
73576,La Lagunilla,Ranchería,Ayotoxco de Guerrero,Puebla,,Rural,https://postali.app/mx/puebla/ayotoxco-de-guerrero/la-lagunilla
73576,San Francisco Atecacalax,Ranchería,Ayotoxco de Guerrero,Puebla,,Rural,https://postali.app/mx/puebla/ayotoxco-de-guerrero/san-francisco-atecacalax
73579,La Unión,Ranchería,Ayotoxco de Guerrero,Puebla,,Rural,https://postali.app/mx/puebla/ayotoxco-de-guerrero/la-union
73579,Nanacatepec,Ranchería,Ayotoxco de Guerrero,Puebla,,Rural,https://postali.app/mx/puebla/ayotoxco-de-guerrero/nanacatepec
73579,San Antonio Metzonapa,Ejido,Ayotoxco de Guerrero,Puebla,,Rural,https://postali.app/mx/puebla/ayotoxco-de-guerrero/san-antonio-metzonapa
73580,Agua Zarca,Colonia,Hueytamalco,Puebla,,Urbano,https://postali.app/mx/puebla/hueytamalco/agua-zarca
73580,Hueytamalco,Pueblo,Hueytamalco,Puebla,,Rural,https://postali.app/mx/puebla/hueytamalco/hueytamalco
73580,Hueytamalco (Papaloapan),Colonia,Hueytamalco,Puebla,,Urbano,https://postali.app/mx/puebla/hueytamalco/hueytamalco-papaloapan
73580,Los Cafetales,Unidad habitacional,Hueytamalco,Puebla,,Urbano,https://postali.app/mx/puebla/hueytamalco/los-cafetales
73580,Morelos,Colonia,Hueytamalco,Puebla,,Urbano,https://postali.app/mx/puebla/hueytamalco/morelos
73580,Tepactipan,Colonia,Hueytamalco,Puebla,,Rural,https://postali.app/mx/puebla/hueytamalco/tepactipan
73580,Xalteno,Colonia,Hueytamalco,Puebla,,Urbano,https://postali.app/mx/puebla/hueytamalco/xalteno
73581,San Antonio del Sol,Ranchería,Hueytamalco,Puebla,,Rural,https://postali.app/mx/puebla/hueytamalco/san-antonio-del-sol
73583,El Carmen,Ranchería,Hueytamalco,Puebla,,Rural,https://postali.app/mx/puebla/hueytamalco/el-carmen
73583,Tenexapa de Azueta,Pueblo,Hueytamalco,Puebla,,Rural,https://postali.app/mx/puebla/hueytamalco/tenexapa-de-azueta
73583,Tenexate,Pueblo,Hueytamalco,Puebla,,Rural,https://postali.app/mx/puebla/hueytamalco/tenexate
73584,5 de Mayo,Colonia,Hueytamalco,Puebla,,Rural,https://postali.app/mx/puebla/hueytamalco/5-de-mayo
73584,Cerro Tajitepec,Ranchería,Hueytamalco,Puebla,,Rural,https://postali.app/mx/puebla/hueytamalco/cerro-tajitepec
73584,Dos Ríos Viejo,Rancho,Hueytamalco,Puebla,,Rural,https://postali.app/mx/puebla/hueytamalco/dos-rios-viejo
73584,El Mirador (Mirador Tenexapa),Ranchería,Hueytamalco,Puebla,,Rural,https://postali.app/mx/puebla/hueytamalco/el-mirador-mirador-tenexapa
73584,El Paraíso,Unidad habitacional,Hueytamalco,Puebla,,Rural,https://postali.app/mx/puebla/hueytamalco/el-paraiso
73584,La Virgen,Colonia,Hueytamalco,Puebla,,Rural,https://postali.app/mx/puebla/hueytamalco/la-virgen
73584,Montecelli,Ranchería,Hueytamalco,Puebla,,Rural,https://postali.app/mx/puebla/hueytamalco/montecelli
73584,San Ángel Cuauxocota,Pueblo,Hueytamalco,Puebla,,Rural,https://postali.app/mx/puebla/hueytamalco/san-angel-cuauxocota
73584,Solórzano,Ranchería,Hueytamalco,Puebla,,Rural,https://postali.app/mx/puebla/hueytamalco/solorzano
73584,Torrecillas (Colón),Ranchería,Hueytamalco,Puebla,,Rural,https://postali.app/mx/puebla/hueytamalco/torrecillas-colon
73584,Vega Chica,Ranchería,Hueytamalco,Puebla,,Rural,https://postali.app/mx/puebla/hueytamalco/vega-chica
73584,Vega de Montecelli (El Aguilar),Ranchería,Hueytamalco,Puebla,,Rural,https://postali.app/mx/puebla/hueytamalco/vega-de-montecelli-el-aguilar
73585,Del Valle,Colonia,Hueytamalco,Puebla,,Rural,https://postali.app/mx/puebla/hueytamalco/del-valle
73585,El Progreso,Pueblo,Hueytamalco,Puebla,,Rural,https://postali.app/mx/puebla/hueytamalco/el-progreso
73585,Loma Alta,Ranchería,Hueytamalco,Puebla,,Rural,https://postali.app/mx/puebla/hueytamalco/loma-alta
73585,Palmagtitán,Ranchería,Hueytamalco,Puebla,,Rural,https://postali.app/mx/puebla/hueytamalco/palmagtitan
73585,San Ignacio del Progreso,Ranchería,Hueytamalco,Puebla,,Rural,https://postali.app/mx/puebla/hueytamalco/san-ignacio-del-progreso
73585,Zompanico,Ranchería,Hueytamalco,Puebla,,Rural,https://postali.app/mx/puebla/hueytamalco/zompanico
73586,Atehuetzin,Pueblo,Hueytamalco,Puebla,,Rural,https://postali.app/mx/puebla/hueytamalco/atehuetzin
73586,El Pueblillo,Colonia,Hueytamalco,Puebla,,Rural,https://postali.app/mx/puebla/hueytamalco/el-pueblillo
73586,Lomas de Arena,Ranchería,Hueytamalco,Puebla,,Rural,https://postali.app/mx/puebla/hueytamalco/lomas-de-arena
73586,Paxta,Ranchería,Hueytamalco,Puebla,,Rural,https://postali.app/mx/puebla/hueytamalco/paxta
73586,Tepozoteco,Colonia,Hueytamalco,Puebla,,Rural,https://postali.app/mx/puebla/hueytamalco/tepozoteco
73586,Tilapa,Ranchería,Hueytamalco,Puebla,,Rural,https://postali.app/mx/puebla/hueytamalco/tilapa
73587,Conta,Ranchería,Hueytamalco,Puebla,,Rural,https://postali.app/mx/puebla/hueytamalco/conta
73587,El Mohón,Ranchería,Hueytamalco,Puebla,,Rural,https://postali.app/mx/puebla/hueytamalco/el-mohon
73587,Hueytamalco,Ejido,Hueytamalco,Puebla,,Rural,https://postali.app/mx/puebla/hueytamalco/hueytamalco-73587
73587,La Esperanza (Limonateno Chico),Colonia,Hueytamalco,Puebla,,Rural,https://postali.app/mx/puebla/hueytamalco/la-esperanza-limonateno-chico
73587,Limonateno Grande,Colonia,Hueytamalco,Puebla,,Rural,https://postali.app/mx/puebla/hueytamalco/limonateno-grande
73587,Mecatépetl,Ranchería,Hueytamalco,Puebla,,Rural,https://postali.app/mx/puebla/hueytamalco/mecatepetl
73588,5 de Julio,Colonia,Hueytamalco,Puebla,,Rural,https://postali.app/mx/puebla/hueytamalco/5-de-julio
73588,El Anayal,Colonia,Hueytamalco,Puebla,,Rural,https://postali.app/mx/puebla/hueytamalco/el-anayal
73588,El Edén,Colonia,Hueytamalco,Puebla,,Rural,https://postali.app/mx/puebla/hueytamalco/el-eden
73588,El Mangal,Ranchería,Hueytamalco,Puebla,,Rural,https://postali.app/mx/puebla/hueytamalco/el-mangal
73588,La Cruz,Colonia,Hueytamalco,Puebla,,Rural,https://postali.app/mx/puebla/hueytamalco/la-cruz
73588,La Llave,Colonia,Hueytamalco,Puebla,,Rural,https://postali.app/mx/puebla/hueytamalco/la-llave
73588,Las Margaritas,Colonia,Hueytamalco,Puebla,,Rural,https://postali.app/mx/puebla/hueytamalco/las-margaritas
73588,Las Palmas,Colonia,Hueytamalco,Puebla,,Rural,https://postali.app/mx/puebla/hueytamalco/las-palmas
73588,Limontitán Chico,Ranchería,Hueytamalco,Puebla,,Rural,https://postali.app/mx/puebla/hueytamalco/limontitan-chico
73588,Limontitán Grande,Pueblo,Hueytamalco,Puebla,,Rural,https://postali.app/mx/puebla/hueytamalco/limontitan-grande
73588,Llagostera,Ranchería,Hueytamalco,Puebla,,Rural,https://postali.app/mx/puebla/hueytamalco/llagostera
73588,Manlio Fabio Altamirano,Colonia,Hueytamalco,Puebla,,Rural,https://postali.app/mx/puebla/hueytamalco/manlio-fabio-altamirano
73588,Puente de Palo,Ranchería,Hueytamalco,Puebla,,Rural,https://postali.app/mx/puebla/hueytamalco/puente-de-palo
73588,San Luis,Colonia,Hueytamalco,Puebla,,Rural,https://postali.app/mx/puebla/hueytamalco/san-luis
73588,Tacotalpa,Colonia,Hueytamalco,Puebla,,Rural,https://postali.app/mx/puebla/hueytamalco/tacotalpa
73588,Teteyahualco,Ranchería,Hueytamalco,Puebla,,Rural,https://postali.app/mx/puebla/hueytamalco/teteyahualco
73588,Tlacuilolapa,Ranchería,Hueytamalco,Puebla,,Rural,https://postali.app/mx/puebla/hueytamalco/tlacuilolapa
73588,Tonalmeyoco,Colonia,Hueytamalco,Puebla,,Rural,https://postali.app/mx/puebla/hueytamalco/tonalmeyoco
73589,Amatetel,Ranchería,Hueytamalco,Puebla,,Rural,https://postali.app/mx/puebla/hueytamalco/amatetel
73589,Ayahualo,Ranchería,Hueytamalco,Puebla,,Rural,https://postali.app/mx/puebla/hueytamalco/ayahualo
73589,Corral Viejo,Ranchería,Hueytamalco,Puebla,,Rural,https://postali.app/mx/puebla/hueytamalco/corral-viejo
73589,La Garita,Ranchería,Hueytamalco,Puebla,,Rural,https://postali.app/mx/puebla/hueytamalco/la-garita
73589,Rancho Viejo,Ranchería,Hueytamalco,Puebla,,Rural,https://postali.app/mx/puebla/hueytamalco/rancho-viejo
73589,San Carlos,Ranchería,Hueytamalco,Puebla,,Rural,https://postali.app/mx/puebla/hueytamalco/san-carlos
73589,Tacuba,Ranchería,Hueytamalco,Puebla,,Rural,https://postali.app/mx/puebla/hueytamalco/tacuba
73590,Anáhuac,Colonia,Acateno,Puebla,,Rural,https://postali.app/mx/puebla/acateno/anahuac
73590,Bienvenido (La Pileta),Ranchería,Acateno,Puebla,,Rural,https://postali.app/mx/puebla/acateno/bienvenido-la-pileta
73590,Copales,Ranchería,Acateno,Puebla,,Rural,https://postali.app/mx/puebla/acateno/copales
73590,Libertad,Colonia,Acateno,Puebla,,Urbano,https://postali.app/mx/puebla/acateno/libertad
73590,Lomas de Mirador,Colonia,Acateno,Puebla,,Urbano,https://postali.app/mx/puebla/acateno/lomas-de-mirador
73590,Niños Héroes,Colonia,Acateno,Puebla,,Rural,https://postali.app/mx/puebla/acateno/ninos-heroes
73590,Palo Gacho,Ranchería,Acateno,Puebla,,Rural,https://postali.app/mx/puebla/acateno/palo-gacho
73590,Roberto Esperón,Colonia,Acateno,Puebla,,Rural,https://postali.app/mx/puebla/acateno/roberto-esperon
73590,San José Acateno,Pueblo,Acateno,Puebla,,Rural,https://postali.app/mx/puebla/acateno/san-jose-acateno
73591,Jiliapan,Ranchería,Acateno,Puebla,,Rural,https://postali.app/mx/puebla/acateno/jiliapan
73592,El Fortín,Ranchería,Acateno,Puebla,,Rural,https://postali.app/mx/puebla/acateno/el-fortin
73592,Tierra Nueva,Ejido,Acateno,Puebla,,Rural,https://postali.app/mx/puebla/acateno/tierra-nueva
73593,Coyoles de la Vega,Ranchería,Acateno,Puebla,,Rural,https://postali.app/mx/puebla/acateno/coyoles-de-la-vega
73593,El Aguacate,Ranchería,Acateno,Puebla,,Rural,https://postali.app/mx/puebla/acateno/el-aguacate
73593,La Cárcel,Ranchería,Acateno,Puebla,,Rural,https://postali.app/mx/puebla/acateno/la-carcel
73593,La Poderosa,Ranchería,Acateno,Puebla,,Rural,https://postali.app/mx/puebla/acateno/la-poderosa
73593,La Reforma,Ranchería,Acateno,Puebla,,Rural,https://postali.app/mx/puebla/acateno/la-reforma
73593,Palmartepec (Cerro de Palmartepec),Ranchería,Acateno,Puebla,,Rural,https://postali.app/mx/puebla/acateno/palmartepec-cerro-de-palmartepec
73593,Santa Cruz Buenavista,Ranchería,Acateno,Puebla,,Rural,https://postali.app/mx/puebla/acateno/santa-cruz-buenavista
73593,Solteros,Ranchería,Acateno,Puebla,,Rural,https://postali.app/mx/puebla/acateno/solteros
73593,Tonalapa,Ranchería,Acateno,Puebla,,Rural,https://postali.app/mx/puebla/acateno/tonalapa
73594,Cantarranas,Ranchería,Acateno,Puebla,,Rural,https://postali.app/mx/puebla/acateno/cantarranas
73594,Dos Arroyos,Ranchería,Acateno,Puebla,,Rural,https://postali.app/mx/puebla/acateno/dos-arroyos
73594,El Girasol,Ranchería,Acateno,Puebla,,Rural,https://postali.app/mx/puebla/acateno/el-girasol
73594,El Guayabal,Ranchería,Acateno,Puebla,,Rural,https://postali.app/mx/puebla/acateno/el-guayabal
73594,El Huarache,Ranchería,Acateno,Puebla,,Rural,https://postali.app/mx/puebla/acateno/el-huarache
73594,El Uvero,Ranchería,Acateno,Puebla,,Rural,https://postali.app/mx/puebla/acateno/el-uvero
73594,La Soledad,Ranchería,Acateno,Puebla,,Rural,https://postali.app/mx/puebla/acateno/la-soledad
73594,Loma de la Cruz,Ranchería,Acateno,Puebla,,Rural,https://postali.app/mx/puebla/acateno/loma-de-la-cruz
73594,Monte Limpio,Ranchería,Acateno,Puebla,,Rural,https://postali.app/mx/puebla/acateno/monte-limpio
73594,San Manuel,Ranchería,Acateno,Puebla,,Rural,https://postali.app/mx/puebla/acateno/san-manuel
73594,Tres Marías (Corralejo),Ranchería,Acateno,Puebla,,Rural,https://postali.app/mx/puebla/acateno/tres-marias-corralejo
73595,Ampliación Tilapa Ejido,Ranchería,Acateno,Puebla,,Rural,https://postali.app/mx/puebla/acateno/ampliacion-tilapa-ejido
73595,Arenales,Ranchería,Acateno,Puebla,,Rural,https://postali.app/mx/puebla/acateno/arenales
73595,Arizona,Ranchería,Acateno,Puebla,,Rural,https://postali.app/mx/puebla/acateno/arizona
73595,Arroyo Blanco,Ranchería,Acateno,Puebla,,Rural,https://postali.app/mx/puebla/acateno/arroyo-blanco
73595,Atalpa,Ranchería,Acateno,Puebla,,Rural,https://postali.app/mx/puebla/acateno/atalpa
73595,Cerro de Acateno,Ranchería,Acateno,Puebla,,Rural,https://postali.app/mx/puebla/acateno/cerro-de-acateno
73595,Copalillo (Topila Palo Gacho),Ejido,Acateno,Puebla,,Rural,https://postali.app/mx/puebla/acateno/copalillo-topila-palo-gacho
73595,Coyoles,Ranchería,Acateno,Puebla,,Rural,https://postali.app/mx/puebla/acateno/coyoles
73595,El Palenque,Ranchería,Acateno,Puebla,,Rural,https://postali.app/mx/puebla/acateno/el-palenque
73595,El Reparo,Ranchería,Acateno,Puebla,,Rural,https://postali.app/mx/puebla/acateno/el-reparo
73595,El Águila,Ranchería,Acateno,Puebla,,Rural,https://postali.app/mx/puebla/acateno/el-aguila
73595,La Esperanza,Ranchería,Acateno,Puebla,,Rural,https://postali.app/mx/puebla/acateno/la-esperanza
73595,La Higuera,Ranchería,Acateno,Puebla,,Rural,https://postali.app/mx/puebla/acateno/la-higuera
73595,Palo Gacho,Ejido,Acateno,Puebla,,Rural,https://postali.app/mx/puebla/acateno/palo-gacho-73595
73595,Río Verde,Ranchería,Acateno,Puebla,,Rural,https://postali.app/mx/puebla/acateno/rio-verde
73595,San José Acateno,Ranchería,Acateno,Puebla,,Rural,https://postali.app/mx/puebla/acateno/san-jose-acateno-73595
73595,Santa Elvira,Rancho,Acateno,Puebla,,Rural,https://postali.app/mx/puebla/acateno/santa-elvira
73595,Tepalcatzin,Ranchería,Acateno,Puebla,,Rural,https://postali.app/mx/puebla/acateno/tepalcatzin
73596,Ayoteaco,Ranchería,Acateno,Puebla,,Rural,https://postali.app/mx/puebla/acateno/ayoteaco
73596,Coapal Chico,Ranchería,Acateno,Puebla,,Rural,https://postali.app/mx/puebla/acateno/coapal-chico
73596,Coapal Grande,Ranchería,Acateno,Puebla,,Rural,https://postali.app/mx/puebla/acateno/coapal-grande
73596,La Nueva Esperanza (Plácido Ríos),Ranchería,Acateno,Puebla,,Rural,https://postali.app/mx/puebla/acateno/la-nueva-esperanza-placido-rios
73596,Plan de María,Ranchería,Acateno,Puebla,,Rural,https://postali.app/mx/puebla/acateno/plan-de-maria
73596,Zanzontla,Ranchería,Acateno,Puebla,,Rural,https://postali.app/mx/puebla/acateno/zanzontla
73596,Zonquimixtla,Ranchería,Acateno,Puebla,,Rural,https://postali.app/mx/puebla/acateno/zonquimixtla
73597,Ayones,Ranchería,Acateno,Puebla,,Rural,https://postali.app/mx/puebla/acateno/ayones
73597,Buenos Aires,Ranchería,Acateno,Puebla,,Rural,https://postali.app/mx/puebla/acateno/buenos-aires
73597,Cojolites,Ranchería,Acateno,Puebla,,Rural,https://postali.app/mx/puebla/acateno/cojolites
73597,Dos Aguas,Ranchería,Acateno,Puebla,,Rural,https://postali.app/mx/puebla/acateno/dos-aguas
73597,Dos Caminos,Ranchería,Acateno,Puebla,,Rural,https://postali.app/mx/puebla/acateno/dos-caminos
73597,El Tamarindo,Ranchería,Acateno,Puebla,,Rural,https://postali.app/mx/puebla/acateno/el-tamarindo
73597,La Cantina,Ranchería,Acateno,Puebla,,Rural,https://postali.app/mx/puebla/acateno/la-cantina
73597,La Palma,Ranchería,Acateno,Puebla,,Rural,https://postali.app/mx/puebla/acateno/la-palma
73597,La Purísima,Ranchería,Acateno,Puebla,,Rural,https://postali.app/mx/puebla/acateno/la-purisima
73597,Tzontecomapa,Ranchería,Acateno,Puebla,,Rural,https://postali.app/mx/puebla/acateno/tzontecomapa
73597,Zanja Mala,Ranchería,Acateno,Puebla,,Rural,https://postali.app/mx/puebla/acateno/zanja-mala
73598,Cedro Viejo,Ranchería,Acateno,Puebla,,Rural,https://postali.app/mx/puebla/acateno/cedro-viejo
73598,Chichicazapan,Ranchería,Acateno,Puebla,,Rural,https://postali.app/mx/puebla/acateno/chichicazapan
73598,El Carmen,Ranchería,Acateno,Puebla,,Rural,https://postali.app/mx/puebla/acateno/el-carmen
73598,El Ocotillo,Ranchería,Acateno,Puebla,,Rural,https://postali.app/mx/puebla/acateno/el-ocotillo
73598,El Recuerdo (La Huastequilla),Ranchería,Acateno,Puebla,,Rural,https://postali.app/mx/puebla/acateno/el-recuerdo-la-huastequilla
73598,Insurgentes Socialistas,Ejido,Acateno,Puebla,,Rural,https://postali.app/mx/puebla/acateno/insurgentes-socialistas
73598,La Fábrica,Ranchería,Acateno,Puebla,,Rural,https://postali.app/mx/puebla/acateno/la-fabrica
73598,La Laja,Ranchería,Acateno,Puebla,,Rural,https://postali.app/mx/puebla/acateno/la-laja
73598,Mundo Nuevo,Ranchería,Acateno,Puebla,,Rural,https://postali.app/mx/puebla/acateno/mundo-nuevo
73598,Nuevo,Ranchería,Acateno,Puebla,,Rural,https://postali.app/mx/puebla/acateno/nuevo
73598,Saltillo,Ranchería,Acateno,Puebla,,Rural,https://postali.app/mx/puebla/acateno/saltillo
73598,Valle de San Luis,Ranchería,Acateno,Puebla,,Rural,https://postali.app/mx/puebla/acateno/valle-de-san-luis
73600,Ahuatlán,Colonia,Cuautempan,Puebla,,Rural,https://postali.app/mx/puebla/cuautempan/ahuatlan
73600,Hueytentan,Pueblo,Cuautempan,Puebla,,Rural,https://postali.app/mx/puebla/cuautempan/hueytentan
73600,Ixtolco de Morelos,Pueblo,Cuautempan,Puebla,,Rural,https://postali.app/mx/puebla/cuautempan/ixtolco-de-morelos
73600,San Esteban Cuautempan,Pueblo,Cuautempan,Puebla,,Rural,https://postali.app/mx/puebla/cuautempan/san-esteban-cuautempan
73600,Tepizila (Primera Sección),Ranchería,Cuautempan,Puebla,,Rural,https://postali.app/mx/puebla/cuautempan/tepizila-primera-seccion
73610,Totomoxtla,Pueblo,Cuautempan,Puebla,,Rural,https://postali.app/mx/puebla/cuautempan/totomoxtla
73611,San José Río Bravo,Colonia,Cuautempan,Puebla,,Rural,https://postali.app/mx/puebla/cuautempan/san-jose-rio-bravo
73611,Tenepanigia (Santa Elena),Pueblo,Cuautempan,Puebla,,Rural,https://postali.app/mx/puebla/cuautempan/tenepanigia-santa-elena
73613,Tlapacholoya,Barrio,Cuautempan,Puebla,,Rural,https://postali.app/mx/puebla/cuautempan/tlapacholoya
73614,Cerro Verde (Ejecatepeco),Ranchería,Cuautempan,Puebla,,Rural,https://postali.app/mx/puebla/cuautempan/cerro-verde-ejecatepeco
73614,Totocuautla,Ranchería,Cuautempan,Puebla,,Rural,https://postali.app/mx/puebla/cuautempan/totocuautla
73615,Taltzontipan,Ranchería,Cuautempan,Puebla,,Rural,https://postali.app/mx/puebla/cuautempan/taltzontipan
73615,Tecapagco,Barrio,Cuautempan,Puebla,,Rural,https://postali.app/mx/puebla/cuautempan/tecapagco
73615,Texocotitán,Ranchería,Cuautempan,Puebla,,Rural,https://postali.app/mx/puebla/cuautempan/texocotitan
73615,Vista Hermosa,Ranchería,Cuautempan,Puebla,,Rural,https://postali.app/mx/puebla/cuautempan/vista-hermosa
73620,Aquixtla,Pueblo,Aquixtla,Puebla,,Rural,https://postali.app/mx/puebla/aquixtla/aquixtla
73620,Cuautieco,Ranchería,Aquixtla,Puebla,,Rural,https://postali.app/mx/puebla/aquixtla/cuautieco
73620,El Terrero,Pueblo,Aquixtla,Puebla,,Rural,https://postali.app/mx/puebla/aquixtla/el-terrero
73621,Ecapactla,Ranchería,Aquixtla,Puebla,,Rural,https://postali.app/mx/puebla/aquixtla/ecapactla
73621,Tlachiapa,Ranchería,Aquixtla,Puebla,,Rural,https://postali.app/mx/puebla/aquixtla/tlachiapa
73625,Atexcac,Ranchería,Aquixtla,Puebla,,Rural,https://postali.app/mx/puebla/aquixtla/atexcac
73625,Pachuquilla,Ranchería,Aquixtla,Puebla,,Rural,https://postali.app/mx/puebla/aquixtla/pachuquilla
73625,Tlacomulco,Ranchería,Aquixtla,Puebla,,Rural,https://postali.app/mx/puebla/aquixtla/tlacomulco
73625,Tlacuitlapa,Ranchería,Aquixtla,Puebla,,Rural,https://postali.app/mx/puebla/aquixtla/tlacuitlapa
73630,Ayocuantla,Ranchería,Aquixtla,Puebla,,Rural,https://postali.app/mx/puebla/aquixtla/ayocuantla
73631,Atecoxco,Ranchería,Aquixtla,Puebla,,Rural,https://postali.app/mx/puebla/aquixtla/atecoxco
73631,La Loma,Ranchería,Aquixtla,Puebla,,Rural,https://postali.app/mx/puebla/aquixtla/la-loma
73633,Tlaltempa,Ranchería,Aquixtla,Puebla,,Rural,https://postali.app/mx/puebla/aquixtla/tlaltempa
73635,Chichicaxtla,Ranchería,Aquixtla,Puebla,,Rural,https://postali.app/mx/puebla/aquixtla/chichicaxtla
73635,Cuautolanico,Ranchería,Aquixtla,Puebla,,Rural,https://postali.app/mx/puebla/aquixtla/cuautolanico
73637,Coayuca,Colonia,Aquixtla,Puebla,,Rural,https://postali.app/mx/puebla/aquixtla/coayuca
73637,San Alfonso,Ranchería,Aquixtla,Puebla,,Rural,https://postali.app/mx/puebla/aquixtla/san-alfonso
73638,Chaucingo,Ranchería,Aquixtla,Puebla,,Rural,https://postali.app/mx/puebla/aquixtla/chaucingo
73638,Chignahuacingo,Ranchería,Aquixtla,Puebla,,Rural,https://postali.app/mx/puebla/aquixtla/chignahuacingo
73640,La Cañada,Barrio,Tetela de Ocampo,Puebla,,Rural,https://postali.app/mx/puebla/tetela-de-ocampo/la-canada
73640,La Soledad,Barrio,Tetela de Ocampo,Puebla,,Rural,https://postali.app/mx/puebla/tetela-de-ocampo/la-soledad
73640,Llano Grande,Colonia,Tetela de Ocampo,Puebla,,Rural,https://postali.app/mx/puebla/tetela-de-ocampo/llano-grande
73640,Tamuanco,Colonia,Tetela de Ocampo,Puebla,,Rural,https://postali.app/mx/puebla/tetela-de-ocampo/tamuanco
73640,Tetela de Ocampo,Pueblo,Tetela de Ocampo,Puebla,,Rural,https://postali.app/mx/puebla/tetela-de-ocampo/tetela-de-ocampo
73640,Zoyatitla,Barrio,Tetela de Ocampo,Puebla,,Rural,https://postali.app/mx/puebla/tetela-de-ocampo/zoyatitla
73644,Tetelco,Barrio,Tetela de Ocampo,Puebla,,Rural,https://postali.app/mx/puebla/tetela-de-ocampo/tetelco
73645,La Lagunilla,Ranchería,Tetela de Ocampo,Puebla,,Rural,https://postali.app/mx/puebla/tetela-de-ocampo/la-lagunilla
73645,Xaltatempa de Lucas,Pueblo,Tetela de Ocampo,Puebla,,Rural,https://postali.app/mx/puebla/tetela-de-ocampo/xaltatempa-de-lucas
73645,Xilitetitla,Barrio,Tetela de Ocampo,Puebla,,Rural,https://postali.app/mx/puebla/tetela-de-ocampo/xilitetitla
73647,San Nicolás,Barrio,Tetela de Ocampo,Puebla,,Rural,https://postali.app/mx/puebla/tetela-de-ocampo/san-nicolas
73647,San Nicolás (Cuarta Sección),Barrio,Tetela de Ocampo,Puebla,,Rural,https://postali.app/mx/puebla/tetela-de-ocampo/san-nicolas-cuarta-seccion
73650,Buenavista,Colonia,Tetela de Ocampo,Puebla,,Rural,https://postali.app/mx/puebla/tetela-de-ocampo/buenavista
73650,Las Besanas,Colonia,Tetela de Ocampo,Puebla,,Rural,https://postali.app/mx/puebla/tetela-de-ocampo/las-besanas
73650,Nanahuacingo,Colonia,Tetela de Ocampo,Puebla,,Rural,https://postali.app/mx/puebla/tetela-de-ocampo/nanahuacingo
73650,San Martín (El Llano),Colonia,Tetela de Ocampo,Puebla,,Rural,https://postali.app/mx/puebla/tetela-de-ocampo/san-martin-el-llano
73650,San Vicente,Colonia,Tetela de Ocampo,Puebla,,Rural,https://postali.app/mx/puebla/tetela-de-ocampo/san-vicente
73650,Tonalapa,Pueblo,Tetela de Ocampo,Puebla,,Rural,https://postali.app/mx/puebla/tetela-de-ocampo/tonalapa
73653,Tecuicuilco,Ranchería,Tetela de Ocampo,Puebla,,Rural,https://postali.app/mx/puebla/tetela-de-ocampo/tecuicuilco
73654,Acatlán,Colonia,Tetela de Ocampo,Puebla,,Rural,https://postali.app/mx/puebla/tetela-de-ocampo/acatlan
73654,Cuapancingo,Barrio,Tetela de Ocampo,Puebla,,Rural,https://postali.app/mx/puebla/tetela-de-ocampo/cuapancingo
73654,Puente Seco,Colonia,Tetela de Ocampo,Puebla,,Rural,https://postali.app/mx/puebla/tetela-de-ocampo/puente-seco
73654,Zontecomapan,Ranchería,Tetela de Ocampo,Puebla,,Rural,https://postali.app/mx/puebla/tetela-de-ocampo/zontecomapan
73655,Benito Juárez,Barrio,Tetela de Ocampo,Puebla,,Rural,https://postali.app/mx/puebla/tetela-de-ocampo/benito-juarez
73655,Cagcapola,Ranchería,Tetela de Ocampo,Puebla,,Rural,https://postali.app/mx/puebla/tetela-de-ocampo/cagcapola
73655,Cuautacomulco,Ranchería,Tetela de Ocampo,Puebla,,Rural,https://postali.app/mx/puebla/tetela-de-ocampo/cuautacomulco
73655,Omatepetl,Pueblo,Tetela de Ocampo,Puebla,,Rural,https://postali.app/mx/puebla/tetela-de-ocampo/omatepetl
73655,Talican,Colonia,Tetela de Ocampo,Puebla,,Rural,https://postali.app/mx/puebla/tetela-de-ocampo/talican
73655,Tateno,Colonia,Tetela de Ocampo,Puebla,,Rural,https://postali.app/mx/puebla/tetela-de-ocampo/tateno
73655,Taxco,Barrio,Tetela de Ocampo,Puebla,,Rural,https://postali.app/mx/puebla/tetela-de-ocampo/taxco
73655,Tototzinapan,Ranchería,Tetela de Ocampo,Puebla,,Rural,https://postali.app/mx/puebla/tetela-de-ocampo/tototzinapan
73655,Zacatepec (Los Nogales),Colonia,Tetela de Ocampo,Puebla,,Rural,https://postali.app/mx/puebla/tetela-de-ocampo/zacatepec-los-nogales
73656,José María Morelos,Barrio,Tetela de Ocampo,Puebla,,Rural,https://postali.app/mx/puebla/tetela-de-ocampo/jose-maria-morelos
73656,Tecuanta,Barrio,Tetela de Ocampo,Puebla,,Rural,https://postali.app/mx/puebla/tetela-de-ocampo/tecuanta
73657,Rancho Viejo,Barrio,Tetela de Ocampo,Puebla,,Rural,https://postali.app/mx/puebla/tetela-de-ocampo/rancho-viejo
73658,Tilapa,Barrio,Tetela de Ocampo,Puebla,,Rural,https://postali.app/mx/puebla/tetela-de-ocampo/tilapa
73659,Alvaresco,Ranchería,Tetela de Ocampo,Puebla,,Rural,https://postali.app/mx/puebla/tetela-de-ocampo/alvaresco
73659,Barranca Fría,Colonia,Tetela de Ocampo,Puebla,,Rural,https://postali.app/mx/puebla/tetela-de-ocampo/barranca-fria
73659,Capuluaque,Barrio,Tetela de Ocampo,Puebla,,Rural,https://postali.app/mx/puebla/tetela-de-ocampo/capuluaque
73659,Muyuapan,Ranchería,Tetela de Ocampo,Puebla,,Rural,https://postali.app/mx/puebla/tetela-de-ocampo/muyuapan
73659,Ocoyohualulco,Ranchería,Tetela de Ocampo,Puebla,,Rural,https://postali.app/mx/puebla/tetela-de-ocampo/ocoyohualulco
73659,San José,Barrio,Tetela de Ocampo,Puebla,,Rural,https://postali.app/mx/puebla/tetela-de-ocampo/san-jose
73659,Zitalcuautla,Barrio,Tetela de Ocampo,Puebla,,Rural,https://postali.app/mx/puebla/tetela-de-ocampo/zitalcuautla
73660,Cuauximaloyan,Barrio,Xochiapulco,Puebla,,Rural,https://postali.app/mx/puebla/xochiapulco/cuauximaloyan
73661,Atzalán,Barrio,Xochiapulco,Puebla,,Rural,https://postali.app/mx/puebla/xochiapulco/atzalan
73663,Cuauhtecomaco,Barrio,Xochiapulco,Puebla,,Rural,https://postali.app/mx/puebla/xochiapulco/cuauhtecomaco
73663,Cuautamanis,Barrio,Xochiapulco,Puebla,,Rural,https://postali.app/mx/puebla/xochiapulco/cuautamanis
73663,Ignacio Zaragoza,Barrio,Xochiapulco,Puebla,,Rural,https://postali.app/mx/puebla/xochiapulco/ignacio-zaragoza
73663,San José,Barrio,Xochiapulco,Puebla,,Rural,https://postali.app/mx/puebla/xochiapulco/san-jose
73663,Yautetelco,Barrio,Xochiapulco,Puebla,,Rural,https://postali.app/mx/puebla/xochiapulco/yautetelco
73665,Cinco de Mayo,Pueblo,Xochiapulco,Puebla,,Urbano,https://postali.app/mx/puebla/xochiapulco/cinco-de-mayo
73665,Primera Sección,Barrio,Xochiapulco,Puebla,,Rural,https://postali.app/mx/puebla/xochiapulco/primera-seccion
73665,Segunda Sección,Barrio,Xochiapulco,Puebla,,Rural,https://postali.app/mx/puebla/xochiapulco/segunda-seccion
73665,Tercera Sección,Barrio,Xochiapulco,Puebla,,Rural,https://postali.app/mx/puebla/xochiapulco/tercera-seccion
73666,Cruztatzalán,Barrio,Xochiapulco,Puebla,,Rural,https://postali.app/mx/puebla/xochiapulco/cruztatzalan
73666,La Manzanilla,Barrio,Xochiapulco,Puebla,,Rural,https://postali.app/mx/puebla/xochiapulco/la-manzanilla
73666,Las Majadas,Barrio,Xochiapulco,Puebla,,Rural,https://postali.app/mx/puebla/xochiapulco/las-majadas
73666,Tahuixticpactampa (Tatampa),Barrio,Xochiapulco,Puebla,,Rural,https://postali.app/mx/puebla/xochiapulco/tahuixticpactampa-tatampa
73667,Barrio Nuevo,Barrio,Xochiapulco,Puebla,,Rural,https://postali.app/mx/puebla/xochiapulco/barrio-nuevo
73667,Ixehuaco,Barrio,Xochiapulco,Puebla,,Rural,https://postali.app/mx/puebla/xochiapulco/ixehuaco
73667,Tepoztán,Barrio,Xochiapulco,Puebla,,Rural,https://postali.app/mx/puebla/xochiapulco/tepoztan
73667,Xaltampa,Barrio,Xochiapulco,Puebla,,Rural,https://postali.app/mx/puebla/xochiapulco/xaltampa
73667,Xochitonal,Barrio,Xochiapulco,Puebla,,Rural,https://postali.app/mx/puebla/xochiapulco/xochitonal
73667,Zapotán de Xahuanteno,Barrio,Xochiapulco,Puebla,,Rural,https://postali.app/mx/puebla/xochiapulco/zapotan-de-xahuanteno
73670,La Rosa de Castilla,Colonia,Xochiapulco,Puebla,,Rural,https://postali.app/mx/puebla/xochiapulco/la-rosa-de-castilla
73674,Tequextecoyan,Barrio,Xochiapulco,Puebla,,Rural,https://postali.app/mx/puebla/xochiapulco/tequextecoyan
73674,Zompanteco,Barrio,Xochiapulco,Puebla,,Rural,https://postali.app/mx/puebla/xochiapulco/zompanteco
73680,Ayoco,Colonia,Zacapoaxtla,Puebla,,Rural,https://postali.app/mx/puebla/zacapoaxtla/ayoco
73680,Comaltepec,Barrio,Zacapoaxtla,Puebla,,Rural,https://postali.app/mx/puebla/zacapoaxtla/comaltepec
73680,La Cañada,Barrio,Zacapoaxtla,Puebla,,Rural,https://postali.app/mx/puebla/zacapoaxtla/la-canada
73680,La Concordia,Colonia,Zacapoaxtla,Puebla,,Rural,https://postali.app/mx/puebla/zacapoaxtla/la-concordia
73680,La Cortadura,Colonia,Zacapoaxtla,Puebla,,Rural,https://postali.app/mx/puebla/zacapoaxtla/la-cortadura
73680,La Ermita,Barrio,Zacapoaxtla,Puebla,,Rural,https://postali.app/mx/puebla/zacapoaxtla/la-ermita
73680,Los Cristales (Talican),Colonia,Zacapoaxtla,Puebla,,Rural,https://postali.app/mx/puebla/zacapoaxtla/los-cristales-talican
73680,Santa Cruz Xaltetela,Barrio,Zacapoaxtla,Puebla,,Rural,https://postali.app/mx/puebla/zacapoaxtla/santa-cruz-xaltetela
73680,Texpilco,Barrio,Zacapoaxtla,Puebla,,Rural,https://postali.app/mx/puebla/zacapoaxtla/texpilco
73680,Zacapoaxtla Centro,Colonia,Zacapoaxtla,Puebla,,Rural,https://postali.app/mx/puebla/zacapoaxtla/zacapoaxtla-centro
73681,Las Lomas,Barrio,Zacapoaxtla,Puebla,,Rural,https://postali.app/mx/puebla/zacapoaxtla/las-lomas
73683,Tatzcuala,Barrio,Zacapoaxtla,Puebla,,Rural,https://postali.app/mx/puebla/zacapoaxtla/tatzcuala
73684,Cohuatzalpan,Barrio,Zacapoaxtla,Puebla,,Rural,https://postali.app/mx/puebla/zacapoaxtla/cohuatzalpan
73684,El Progreso,Barrio,Zacapoaxtla,Puebla,,Rural,https://postali.app/mx/puebla/zacapoaxtla/el-progreso
73685,Ahuatepec,Barrio,Zacapoaxtla,Puebla,,Rural,https://postali.app/mx/puebla/zacapoaxtla/ahuatepec
73685,Apulco,Barrio,Zacapoaxtla,Puebla,,Rural,https://postali.app/mx/puebla/zacapoaxtla/apulco
73685,Nexpanateno,Colonia,Zacapoaxtla,Puebla,,Rural,https://postali.app/mx/puebla/zacapoaxtla/nexpanateno
73685,San Carlos,Barrio,Zacapoaxtla,Puebla,,Rural,https://postali.app/mx/puebla/zacapoaxtla/san-carlos
73685,San Francisco Zacapexpan,Barrio,Zacapoaxtla,Puebla,,Rural,https://postali.app/mx/puebla/zacapoaxtla/san-francisco-zacapexpan
73686,Ahuacatlán,Pueblo,Zacapoaxtla,Puebla,,Rural,https://postali.app/mx/puebla/zacapoaxtla/ahuacatlan
73686,Colos,Barrio,Zacapoaxtla,Puebla,,Rural,https://postali.app/mx/puebla/zacapoaxtla/colos
73687,Moragco,Barrio,Zacapoaxtla,Puebla,,Rural,https://postali.app/mx/puebla/zacapoaxtla/moragco
73687,Ocotlán,Barrio,Zacapoaxtla,Puebla,,Rural,https://postali.app/mx/puebla/zacapoaxtla/ocotlan
73687,San Juan Tahitic,Barrio,Zacapoaxtla,Puebla,,Rural,https://postali.app/mx/puebla/zacapoaxtla/san-juan-tahitic
73687,Tepoxac,Barrio,Zacapoaxtla,Puebla,,Rural,https://postali.app/mx/puebla/zacapoaxtla/tepoxac
73687,Xilita,Barrio,Zacapoaxtla,Puebla,,Rural,https://postali.app/mx/puebla/zacapoaxtla/xilita
73687,Xochitepec,Barrio,Zacapoaxtla,Puebla,,Rural,https://postali.app/mx/puebla/zacapoaxtla/xochitepec
73688,Xalacapan,Pueblo,Zacapoaxtla,Puebla,,Rural,https://postali.app/mx/puebla/zacapoaxtla/xalacapan
73689,Calcahualco,Barrio,Zacapoaxtla,Puebla,,Rural,https://postali.app/mx/puebla/zacapoaxtla/calcahualco
73689,Insurgentes,Barrio,Zacapoaxtla,Puebla,,Rural,https://postali.app/mx/puebla/zacapoaxtla/insurgentes
73689,Jardín de los Volcanes,Barrio,Zacapoaxtla,Puebla,,Rural,https://postali.app/mx/puebla/zacapoaxtla/jardin-de-los-volcanes
73689,Los Manzanos,Colonia,Zacapoaxtla,Puebla,,Rural,https://postali.app/mx/puebla/zacapoaxtla/los-manzanos
73689,Xalticpac,Barrio,Zacapoaxtla,Puebla,,Rural,https://postali.app/mx/puebla/zacapoaxtla/xalticpac
73690,Jilotepec,Barrio,Zacapoaxtla,Puebla,,Rural,https://postali.app/mx/puebla/zacapoaxtla/jilotepec
73691,La Libertad,Barrio,Zacapoaxtla,Puebla,,Rural,https://postali.app/mx/puebla/zacapoaxtla/la-libertad
73692,Cuacuilco,Barrio,Zacapoaxtla,Puebla,,Rural,https://postali.app/mx/puebla/zacapoaxtla/cuacuilco
73692,Yanhuicapan,Barrio,Zacapoaxtla,Puebla,,Rural,https://postali.app/mx/puebla/zacapoaxtla/yanhuicapan
73693,Tatoxcac,Barrio,Zacapoaxtla,Puebla,,Rural,https://postali.app/mx/puebla/zacapoaxtla/tatoxcac
73694,Atacpan,Pueblo,Zacapoaxtla,Puebla,,Rural,https://postali.app/mx/puebla/zacapoaxtla/atacpan
73694,El Molino,Ejido,Zacapoaxtla,Puebla,,Rural,https://postali.app/mx/puebla/zacapoaxtla/el-molino
73694,Héroes del Cinco de Mayo,Barrio,Zacapoaxtla,Puebla,,Rural,https://postali.app/mx/puebla/zacapoaxtla/heroes-del-cinco-de-mayo
73694,Independencia (Xiuteno),Barrio,Zacapoaxtla,Puebla,,Rural,https://postali.app/mx/puebla/zacapoaxtla/independencia-xiuteno
73694,Nexticapan,Pueblo,Zacapoaxtla,Puebla,,Rural,https://postali.app/mx/puebla/zacapoaxtla/nexticapan
73697,Francisco I. Madero,Barrio,Zacapoaxtla,Puebla,,Rural,https://postali.app/mx/puebla/zacapoaxtla/francisco-i-madero
73697,Ixtacapan,Ejido,Zacapoaxtla,Puebla,,Rural,https://postali.app/mx/puebla/zacapoaxtla/ixtacapan
73697,San José Buena Vista,Barrio,Zacapoaxtla,Puebla,,Rural,https://postali.app/mx/puebla/zacapoaxtla/san-jose-buena-vista
73697,Texocoyohuac,Barrio,Zacapoaxtla,Puebla,,Rural,https://postali.app/mx/puebla/zacapoaxtla/texocoyohuac
73698,Gonzalo Bautista,Barrio,Zacapoaxtla,Puebla,,Rural,https://postali.app/mx/puebla/zacapoaxtla/gonzalo-bautista
73698,Mazapa,Barrio,Zacapoaxtla,Puebla,,Rural,https://postali.app/mx/puebla/zacapoaxtla/mazapa
73698,San Rafael,Barrio,Zacapoaxtla,Puebla,,Rural,https://postali.app/mx/puebla/zacapoaxtla/san-rafael
73700,Acuaco,Colonia,Zaragoza,Puebla,,Urbano,https://postali.app/mx/puebla/zaragoza/acuaco
73700,El Porvenir,Colonia,Zaragoza,Puebla,,Urbano,https://postali.app/mx/puebla/zaragoza/el-porvenir
73700,Las Trancas,Pueblo,Zaragoza,Puebla,,Rural,https://postali.app/mx/puebla/zaragoza/las-trancas
73700,Santa Anita,Colonia,Zaragoza,Puebla,,Urbano,https://postali.app/mx/puebla/zaragoza/santa-anita
73700,Xalehuala,Colonia,Zaragoza,Puebla,,Urbano,https://postali.app/mx/puebla/zaragoza/xalehuala
73700,Zaragoza,Pueblo,Zaragoza,Puebla,,Rural,https://postali.app/mx/puebla/zaragoza/zaragoza
73702,San José Buenavista,Colonia,Zaragoza,Puebla,,Rural,https://postali.app/mx/puebla/zaragoza/san-jose-buenavista
73703,Morelos,Pueblo,Zaragoza,Puebla,,Urbano,https://postali.app/mx/puebla/zaragoza/morelos
73720,Cruz de León,Ranchería,Ixtacamaxtitlán,Puebla,,Rural,https://postali.app/mx/puebla/ixtacamaxtitlan/cruz-de-leon
73720,Ixtacamaxtitlán,Pueblo,Ixtacamaxtitlán,Puebla,,Rural,https://postali.app/mx/puebla/ixtacamaxtitlan/ixtacamaxtitlan
73720,Tepecuahuixco (El Llanete),Ranchería,Ixtacamaxtitlán,Puebla,,Rural,https://postali.app/mx/puebla/ixtacamaxtitlan/tepecuahuixco-el-llanete
73721,Ahuateno,Ranchería,Ixtacamaxtitlán,Puebla,,Rural,https://postali.app/mx/puebla/ixtacamaxtitlan/ahuateno
73722,Atexquilla Cuapazola,Pueblo,Ixtacamaxtitlán,Puebla,,Rural,https://postali.app/mx/puebla/ixtacamaxtitlan/atexquilla-cuapazola
73722,Calpanería Atezquilla,Pueblo,Ixtacamaxtitlán,Puebla,,Rural,https://postali.app/mx/puebla/ixtacamaxtitlan/calpaneria-atezquilla
73722,Iliyucan,Ranchería,Ixtacamaxtitlán,Puebla,,Rural,https://postali.app/mx/puebla/ixtacamaxtitlan/iliyucan
73722,Lagunilla Pedernales,Pueblo,Ixtacamaxtitlán,Puebla,,Rural,https://postali.app/mx/puebla/ixtacamaxtitlan/lagunilla-pedernales
73722,Pedernales,Ranchería,Ixtacamaxtitlán,Puebla,,Rural,https://postali.app/mx/puebla/ixtacamaxtitlan/pedernales
73722,Texocotla,Ranchería,Ixtacamaxtitlán,Puebla,,Rural,https://postali.app/mx/puebla/ixtacamaxtitlan/texocotla
73723,El Capulín Ocojala,Ranchería,Ixtacamaxtitlán,Puebla,,Rural,https://postali.app/mx/puebla/ixtacamaxtitlan/el-capulin-ocojala
73723,San Antonio de los Pinos,Ranchería,Ixtacamaxtitlán,Puebla,,Rural,https://postali.app/mx/puebla/ixtacamaxtitlan/san-antonio-de-los-pinos
73723,Tiloxtoc,Ranchería,Ixtacamaxtitlán,Puebla,,Rural,https://postali.app/mx/puebla/ixtacamaxtitlan/tiloxtoc
73724,Texocuixpan,Pueblo,Ixtacamaxtitlán,Puebla,,Rural,https://postali.app/mx/puebla/ixtacamaxtitlan/texocuixpan
73725,Xocoxiutla,Pueblo,Ixtacamaxtitlán,Puebla,,Rural,https://postali.app/mx/puebla/ixtacamaxtitlan/xocoxiutla
73726,La Mesa,Ranchería,Ixtacamaxtitlán,Puebla,,Rural,https://postali.app/mx/puebla/ixtacamaxtitlan/la-mesa
73726,Santa María Zotoltepec,Ranchería,Ixtacamaxtitlán,Puebla,,Rural,https://postali.app/mx/puebla/ixtacamaxtitlan/santa-maria-zotoltepec
73730,Tuligtic,Ranchería,Ixtacamaxtitlán,Puebla,,Rural,https://postali.app/mx/puebla/ixtacamaxtitlan/tuligtic
73730,Vista Hermosa de Lázaro Cárdenas,Ranchería,Ixtacamaxtitlán,Puebla,,Rural,https://postali.app/mx/puebla/ixtacamaxtitlan/vista-hermosa-de-lazaro-cardenas
73732,Agua Zarca,Ranchería,Ixtacamaxtitlán,Puebla,,Rural,https://postali.app/mx/puebla/ixtacamaxtitlan/agua-zarca
73732,Cristalaco,Ranchería,Ixtacamaxtitlán,Puebla,,Rural,https://postali.app/mx/puebla/ixtacamaxtitlan/cristalaco
73732,Cuatexmola (Xonacatitla),Pueblo,Ixtacamaxtitlán,Puebla,,Rural,https://postali.app/mx/puebla/ixtacamaxtitlan/cuatexmola-xonacatitla
73734,Huixcolotla,Ranchería,Ixtacamaxtitlán,Puebla,,Rural,https://postali.app/mx/puebla/ixtacamaxtitlan/huixcolotla
73734,Tlajomulco,Ranchería,Ixtacamaxtitlán,Puebla,,Rural,https://postali.app/mx/puebla/ixtacamaxtitlan/tlajomulco
73734,Xonacatla,Ranchería,Ixtacamaxtitlán,Puebla,,Rural,https://postali.app/mx/puebla/ixtacamaxtitlan/xonacatla
73735,Guadalupe,Colonia,Ixtacamaxtitlán,Puebla,,Rural,https://postali.app/mx/puebla/ixtacamaxtitlan/guadalupe
73735,La Unión Ejido Mexcaltepec,Pueblo,Ixtacamaxtitlán,Puebla,,Rural,https://postali.app/mx/puebla/ixtacamaxtitlan/la-union-ejido-mexcaltepec
73735,Tateno,Colonia,Ixtacamaxtitlán,Puebla,,Rural,https://postali.app/mx/puebla/ixtacamaxtitlan/tateno
73735,Tatóxcac,Ranchería,Ixtacamaxtitlán,Puebla,,Rural,https://postali.app/mx/puebla/ixtacamaxtitlan/tatoxcac
73735,Tepexoxuca,Colonia,Ixtacamaxtitlán,Puebla,,Rural,https://postali.app/mx/puebla/ixtacamaxtitlan/tepexoxuca
73735,Xalcomulco,Colonia,Ixtacamaxtitlán,Puebla,,Rural,https://postali.app/mx/puebla/ixtacamaxtitlan/xalcomulco
73736,Analco,Ranchería,Ixtacamaxtitlán,Puebla,,Rural,https://postali.app/mx/puebla/ixtacamaxtitlan/analco
73736,Guadalupe Victoria,Ranchería,Ixtacamaxtitlán,Puebla,,Rural,https://postali.app/mx/puebla/ixtacamaxtitlan/guadalupe-victoria
73736,Zaragoza,Ranchería,Ixtacamaxtitlán,Puebla,,Rural,https://postali.app/mx/puebla/ixtacamaxtitlan/zaragoza
73737,Las Barrancas,Ranchería,Ixtacamaxtitlán,Puebla,,Rural,https://postali.app/mx/puebla/ixtacamaxtitlan/las-barrancas
73737,Ocotla,Ranchería,Ixtacamaxtitlán,Puebla,,Rural,https://postali.app/mx/puebla/ixtacamaxtitlan/ocotla
73738,Cuahuigtic,Ranchería,Ixtacamaxtitlán,Puebla,,Rural,https://postali.app/mx/puebla/ixtacamaxtitlan/cuahuigtic
73738,Xopanac,Ranchería,Ixtacamaxtitlán,Puebla,,Rural,https://postali.app/mx/puebla/ixtacamaxtitlan/xopanac
73739,Capuluapan de las Aguas,Colonia,Ixtacamaxtitlán,Puebla,,Rural,https://postali.app/mx/puebla/ixtacamaxtitlan/capuluapan-de-las-aguas
73739,El Mirador,Pueblo,Ixtacamaxtitlán,Puebla,,Rural,https://postali.app/mx/puebla/ixtacamaxtitlan/el-mirador
73739,La Caldera,Pueblo,Ixtacamaxtitlán,Puebla,,Rural,https://postali.app/mx/puebla/ixtacamaxtitlan/la-caldera
73739,Mexcaltepec,Pueblo,Ixtacamaxtitlán,Puebla,,Rural,https://postali.app/mx/puebla/ixtacamaxtitlan/mexcaltepec
73739,Minillas,Ranchería,Ixtacamaxtitlán,Puebla,,Rural,https://postali.app/mx/puebla/ixtacamaxtitlan/minillas
73739,Minillas (La Garita),Ranchería,Ixtacamaxtitlán,Puebla,,Rural,https://postali.app/mx/puebla/ixtacamaxtitlan/minillas-la-garita
73739,Oyametepec,Colonia,Ixtacamaxtitlán,Puebla,,Rural,https://postali.app/mx/puebla/ixtacamaxtitlan/oyametepec
73739,Plan de Guadalupe,Ranchería,Ixtacamaxtitlán,Puebla,,Rural,https://postali.app/mx/puebla/ixtacamaxtitlan/plan-de-guadalupe
73739,Plan de la Flor,Colonia,Ixtacamaxtitlán,Puebla,,Rural,https://postali.app/mx/puebla/ixtacamaxtitlan/plan-de-la-flor
73739,Tetzoncuahuigtic,Ranchería,Ixtacamaxtitlán,Puebla,,Rural,https://postali.app/mx/puebla/ixtacamaxtitlan/tetzoncuahuigtic
73739,Tlacuela,Ranchería,Ixtacamaxtitlán,Puebla,,Rural,https://postali.app/mx/puebla/ixtacamaxtitlan/tlacuela
73739,Tlalmotolo,Ranchería,Ixtacamaxtitlán,Puebla,,Rural,https://postali.app/mx/puebla/ixtacamaxtitlan/tlalmotolo
73739,Tonalapa,Colonia,Ixtacamaxtitlán,Puebla,,Rural,https://postali.app/mx/puebla/ixtacamaxtitlan/tonalapa
73740,Contla,Barrio,Zautla,Puebla,,Rural,https://postali.app/mx/puebla/zautla/contla
73740,Santiago Zautla,Pueblo,Zautla,Puebla,,Rural,https://postali.app/mx/puebla/zautla/santiago-zautla
73740,Tenampulco,Barrio,Zautla,Puebla,,Rural,https://postali.app/mx/puebla/zautla/tenampulco
73740,Tlamanca,Barrio,Zautla,Puebla,,Rural,https://postali.app/mx/puebla/zautla/tlamanca
73740,Zautla,Barrio,Zautla,Puebla,,Rural,https://postali.app/mx/puebla/zautla/zautla
73742,Santa Inés Morelos,Barrio,Zautla,Puebla,,Rural,https://postali.app/mx/puebla/zautla/santa-ines-morelos
73743,Ixtactenango,Barrio,Zautla,Puebla,,Rural,https://postali.app/mx/puebla/zautla/ixtactenango
73746,Buenavista,Barrio,Zautla,Puebla,,Rural,https://postali.app/mx/puebla/zautla/buenavista
73747,San Andrés Yahuitlalpan,Barrio,Zautla,Puebla,,Rural,https://postali.app/mx/puebla/zautla/san-andres-yahuitlalpan
73748,Oxpantla,Barrio,Zautla,Puebla,,Rural,https://postali.app/mx/puebla/zautla/oxpantla
73750,Cruz Blanca,Colonia,Zautla,Puebla,,Rural,https://postali.app/mx/puebla/zautla/cruz-blanca
73750,Emilio Carranza,Barrio,Zautla,Puebla,,Rural,https://postali.app/mx/puebla/zautla/emilio-carranza
73750,San Isidro,Colonia,Zautla,Puebla,,Rural,https://postali.app/mx/puebla/zautla/san-isidro
73750,San Miguel Tenextatiloyan,Pueblo,Zautla,Puebla,,Rural,https://postali.app/mx/puebla/zautla/san-miguel-tenextatiloyan
73750,Tihuapán,Colonia,Zautla,Puebla,,Rural,https://postali.app/mx/puebla/zautla/tihuapan
73751,Acatzacata,Barrio,Zautla,Puebla,,Rural,https://postali.app/mx/puebla/zautla/acatzacata
73752,Chilapa de Vicente Guerrero,Pueblo,Zautla,Puebla,,Rural,https://postali.app/mx/puebla/zautla/chilapa-de-vicente-guerrero
73752,Rosa de Castilla,Ranchería,Zautla,Puebla,,Rural,https://postali.app/mx/puebla/zautla/rosa-de-castilla
73753,Jalcomulco,Barrio,Zautla,Puebla,,Rural,https://postali.app/mx/puebla/zautla/jalcomulco
73754,Ocotzingo,Barrio,Zautla,Puebla,,Rural,https://postali.app/mx/puebla/zautla/ocotzingo
73756,San Francisco del Progreso,Pueblo,Zautla,Puebla,,Rural,https://postali.app/mx/puebla/zautla/san-francisco-del-progreso
73759,Huitzitzilapan,Colonia,Zautla,Puebla,,Rural,https://postali.app/mx/puebla/zautla/huitzitzilapan
73760,El Mirador,Barrio,Ocotepec,Puebla,,Rural,https://postali.app/mx/puebla/ocotepec/el-mirador
73760,Ocotepec,Pueblo,Ocotepec,Puebla,,Rural,https://postali.app/mx/puebla/ocotepec/ocotepec
73761,Guadalupe Victoria,Barrio,Ocotepec,Puebla,,Rural,https://postali.app/mx/puebla/ocotepec/guadalupe-victoria
73763,Loma Larga (Oyametita),Colonia,Ocotepec,Puebla,,Rural,https://postali.app/mx/puebla/ocotepec/loma-larga-oyametita
73763,Taxtitlán (San Pedro),Ranchería,Ocotepec,Puebla,,Rural,https://postali.app/mx/puebla/ocotepec/taxtitlan-san-pedro
73764,Tezoquitipac,Ranchería,Ocotepec,Puebla,,Rural,https://postali.app/mx/puebla/ocotepec/tezoquitipac
73765,Buenos Aires,Colonia,Ocotepec,Puebla,,Rural,https://postali.app/mx/puebla/ocotepec/buenos-aires
73765,El Progreso,Barrio,Ocotepec,Puebla,,Rural,https://postali.app/mx/puebla/ocotepec/el-progreso
73765,San Nicolás Contla,Colonia,Ocotepec,Puebla,,Rural,https://postali.app/mx/puebla/ocotepec/san-nicolas-contla
73766,Tetemi,Barrio,Ocotepec,Puebla,,Rural,https://postali.app/mx/puebla/ocotepec/tetemi
73770,Xochitonal,Ranchería,Ocotepec,Puebla,,Rural,https://postali.app/mx/puebla/ocotepec/xochitonal
73773,El Rosario,Ranchería,Ocotepec,Puebla,,Rural,https://postali.app/mx/puebla/ocotepec/el-rosario
73773,Parada Ocotepec,Ranchería,Ocotepec,Puebla,,Rural,https://postali.app/mx/puebla/ocotepec/parada-ocotepec
73773,San Martín,Ranchería,Ocotepec,Puebla,,Rural,https://postali.app/mx/puebla/ocotepec/san-martin
73774,Guadalupe (La Candelaria),Ranchería,Ocotepec,Puebla,,Rural,https://postali.app/mx/puebla/ocotepec/guadalupe-la-candelaria
73774,Las Lajas,Ranchería,Ocotepec,Puebla,,Rural,https://postali.app/mx/puebla/ocotepec/las-lajas
73780,Libres Centro,Colonia,Libres,Puebla,,Rural,https://postali.app/mx/puebla/libres/libres-centro
73783,Del Calvario,Barrio,Libres,Puebla,,Urbano,https://postali.app/mx/puebla/libres/del-calvario
73783,Guadalupe,Barrio,Libres,Puebla,,Urbano,https://postali.app/mx/puebla/libres/guadalupe
73783,Los Conos,Barrio,Libres,Puebla,,Urbano,https://postali.app/mx/puebla/libres/los-conos
73784,De Tetela,Barrio,Libres,Puebla,,Urbano,https://postali.app/mx/puebla/libres/de-tetela
73784,Los Cedros,Fraccionamiento,Libres,Puebla,,Rural,https://postali.app/mx/puebla/libres/los-cedros
73784,San Agustín Torres Mochas,Fraccionamiento,Libres,Puebla,,Rural,https://postali.app/mx/puebla/libres/san-agustin-torres-mochas
73784,San Antonio,Fraccionamiento,Libres,Puebla,,Urbano,https://postali.app/mx/puebla/libres/san-antonio
73784,San Juan,Barrio,Libres,Puebla,,Urbano,https://postali.app/mx/puebla/libres/san-juan
73784,San Miguel,Barrio,Libres,Puebla,,Urbano,https://postali.app/mx/puebla/libres/san-miguel
73785,Cuautzolco,Barrio,Libres,Puebla,,Rural,https://postali.app/mx/puebla/libres/cuautzolco
73785,San Pablo,Barrio,Libres,Puebla,,Urbano,https://postali.app/mx/puebla/libres/san-pablo
73790,Cuauhtzolco,Colonia,Libres,Puebla,,Rural,https://postali.app/mx/puebla/libres/cuauhtzolco
73790,Loma Bonita,Ranchería,Libres,Puebla,,Rural,https://postali.app/mx/puebla/libres/loma-bonita
73790,Progreso,Pueblo,Libres,Puebla,,Rural,https://postali.app/mx/puebla/libres/progreso
73791,Ahuateno,Ranchería,Libres,Puebla,,Rural,https://postali.app/mx/puebla/libres/ahuateno
73791,Bellavista,Ranchería,Libres,Puebla,,Rural,https://postali.app/mx/puebla/libres/bellavista
73791,El Crucero,Ranchería,Libres,Puebla,,Rural,https://postali.app/mx/puebla/libres/el-crucero
73791,La Cañada,Pueblo,Libres,Puebla,,Rural,https://postali.app/mx/puebla/libres/la-canada
73791,Las Chapas,Ranchería,Libres,Puebla,,Rural,https://postali.app/mx/puebla/libres/las-chapas
73791,Loma Bella,Ranchería,Libres,Puebla,,Rural,https://postali.app/mx/puebla/libres/loma-bella
73791,Loma de los Reyes,Ranchería,Libres,Puebla,,Rural,https://postali.app/mx/puebla/libres/loma-de-los-reyes
73791,Pedernales,Ranchería,Libres,Puebla,,Rural,https://postali.app/mx/puebla/libres/pedernales
73791,San Antonio,Ranchería,Libres,Puebla,,Rural,https://postali.app/mx/puebla/libres/san-antonio-73791
73791,Timimilco,Ranchería,Libres,Puebla,,Rural,https://postali.app/mx/puebla/libres/timimilco
73792,Guadalupe Victoria,Ranchería,Libres,Puebla,,Rural,https://postali.app/mx/puebla/libres/guadalupe-victoria
73792,La Frontera,Ranchería,Libres,Puebla,,Rural,https://postali.app/mx/puebla/libres/la-frontera
73792,Rancho Viejo,Ranchería,Libres,Puebla,,Rural,https://postali.app/mx/puebla/libres/rancho-viejo
73792,San Jerónimo Palmaritos,Ranchería,Libres,Puebla,,Rural,https://postali.app/mx/puebla/libres/san-jeronimo-palmaritos
73792,Tehuatzingo,Ranchería,Libres,Puebla,,Rural,https://postali.app/mx/puebla/libres/tehuatzingo
73794,Garibaldi,Colonia,Libres,Puebla,,Rural,https://postali.app/mx/puebla/libres/garibaldi
73795,San José Morelos,Pueblo,Libres,Puebla,,Rural,https://postali.app/mx/puebla/libres/san-jose-morelos
73795,San José Morelos,Ranchería,Libres,Puebla,,Rural,https://postali.app/mx/puebla/libres/san-jose-morelos-73795
73796,Nuevo México (El Sabinal),Pueblo,Libres,Puebla,,Rural,https://postali.app/mx/puebla/libres/nuevo-mexico-el-sabinal
73796,Teoloyucan,Ranchería,Libres,Puebla,,Rural,https://postali.app/mx/puebla/libres/teoloyucan
73797,Ayehualaco,Barrio,Libres,Puebla,,Rural,https://postali.app/mx/puebla/libres/ayehualaco
73797,Los Sauces (San Juan),Ranchería,Libres,Puebla,,Rural,https://postali.app/mx/puebla/libres/los-sauces-san-juan
73797,San Carlos,Colonia,Libres,Puebla,,Rural,https://postali.app/mx/puebla/libres/san-carlos
73797,Álvaro Obregón,Colonia,Libres,Puebla,,Rural,https://postali.app/mx/puebla/libres/alvaro-obregon
73798,San José la Libertad,Ranchería,Libres,Puebla,,Rural,https://postali.app/mx/puebla/libres/san-jose-la-libertad
73798,San Martín,Ranchería,Libres,Puebla,,Rural,https://postali.app/mx/puebla/libres/san-martin
73798,Tlazacoalco,Rancho,Libres,Puebla,,Rural,https://postali.app/mx/puebla/libres/tlazacoalco
73798,Villa Montana,Unidad habitacional,Libres,Puebla,,Urbano,https://postali.app/mx/puebla/libres/villa-montana
73799,Guerrero,Colonia,Libres,Puebla,,Rural,https://postali.app/mx/puebla/libres/guerrero
73799,La Noria González Covarrubias,Ranchería,Libres,Puebla,,Rural,https://postali.app/mx/puebla/libres/la-noria-gonzalez-covarrubias
73799,San Pedro,Ranchería,Libres,Puebla,,Rural,https://postali.app/mx/puebla/libres/san-pedro
73800,Teziutlán Centro,Colonia,Teziutlán,Puebla,Teziutlán,Urbano,https://postali.app/mx/puebla/teziutlan/teziutlan-centro
73803,San Francisco,Barrio,Teziutlán,Puebla,Teziutlán,Urbano,https://postali.app/mx/puebla/teziutlan/san-francisco
73811,Las Arboledas de San Rafael Ahuateno,Colonia,Teziutlán,Puebla,Teziutlán,Rural,https://postali.app/mx/puebla/teziutlan/las-arboledas-de-san-rafael-ahuateno
73815,Casa Blanca,Fraccionamiento,Teziutlán,Puebla,Teziutlán,Urbano,https://postali.app/mx/puebla/teziutlan/casa-blanca
73815,Jardines de Teziutlan,Colonia,Teziutlán,Puebla,Teziutlán,Urbano,https://postali.app/mx/puebla/teziutlan/jardines-de-teziutlan
73815,Los Presidentes,Colonia,Teziutlán,Puebla,Teziutlán,Urbano,https://postali.app/mx/puebla/teziutlan/los-presidentes
73815,Valle Dorado,Colonia,Teziutlán,Puebla,Teziutlán,Urbano,https://postali.app/mx/puebla/teziutlan/valle-dorado
73816,Benito Juárez,Fraccionamiento,Teziutlán,Puebla,Teziutlán,Urbano,https://postali.app/mx/puebla/teziutlan/benito-juarez
73816,El Chouis,Colonia,Teziutlán,Puebla,Teziutlán,Urbano,https://postali.app/mx/puebla/teziutlan/el-chouis
73816,Gardenias de Teziutlán,Fraccionamiento,Teziutlán,Puebla,Teziutlán,Urbano,https://postali.app/mx/puebla/teziutlan/gardenias-de-teziutlan
73816,INFONAVIT San Cayetano,Unidad habitacional,Teziutlán,Puebla,Teziutlán,Urbano,https://postali.app/mx/puebla/teziutlan/infonavit-san-cayetano
73816,Las Granjas,Fraccionamiento,Teziutlán,Puebla,Teziutlán,Urbano,https://postali.app/mx/puebla/teziutlan/las-granjas
73816,San Andrés,Fraccionamiento,Teziutlán,Puebla,Teziutlán,Urbano,https://postali.app/mx/puebla/teziutlan/san-andres
73816,Teziutlán FOVISSSTE,Unidad habitacional,Teziutlán,Puebla,Teziutlán,Urbano,https://postali.app/mx/puebla/teziutlan/teziutlan-fovissste
73820,Chignaulingo,Colonia,Teziutlán,Puebla,Teziutlán,Urbano,https://postali.app/mx/puebla/teziutlan/chignaulingo
73820,Cipreses,Colonia,Teziutlán,Puebla,Teziutlán,Urbano,https://postali.app/mx/puebla/teziutlan/cipreses
73820,Colonos San Cayetano,Fraccionamiento,Teziutlán,Puebla,Teziutlán,Urbano,https://postali.app/mx/puebla/teziutlan/colonos-san-cayetano
73820,La Moraleda,Fraccionamiento,Teziutlán,Puebla,Teziutlán,Urbano,https://postali.app/mx/puebla/teziutlan/la-moraleda
73820,Lomas de Ayotzingo,Colonia,Teziutlán,Puebla,Teziutlán,Urbano,https://postali.app/mx/puebla/teziutlan/lomas-de-ayotzingo
73820,Maxtaco,Colonia,Teziutlán,Puebla,Teziutlán,Rural,https://postali.app/mx/puebla/teziutlan/maxtaco
73820,Novena del Carmen,Colonia,Teziutlán,Puebla,Teziutlán,Urbano,https://postali.app/mx/puebla/teziutlan/novena-del-carmen
73820,Sontecomaco,Barrio,Teziutlán,Puebla,Teziutlán,Urbano,https://postali.app/mx/puebla/teziutlan/sontecomaco
73830,El Edén,Fraccionamiento,Teziutlán,Puebla,Teziutlán,Urbano,https://postali.app/mx/puebla/teziutlan/el-eden
73831,Los Castaños,Colonia,Teziutlán,Puebla,Teziutlán,Urbano,https://postali.app/mx/puebla/teziutlan/los-castanos
73840,El Paraíso,Colonia,Teziutlán,Puebla,Teziutlán,Urbano,https://postali.app/mx/puebla/teziutlan/el-paraiso
73840,Taxcala,Colonia,Teziutlán,Puebla,Teziutlán,Urbano,https://postali.app/mx/puebla/teziutlan/taxcala
73841,La Aurora,Colonia,Teziutlán,Puebla,Teziutlán,Urbano,https://postali.app/mx/puebla/teziutlan/la-aurora
73850,Coyotzingo,Colonia,Teziutlán,Puebla,Teziutlán,Urbano,https://postali.app/mx/puebla/teziutlan/coyotzingo
73850,La Gloria,Colonia,Teziutlán,Puebla,Teziutlán,Urbano,https://postali.app/mx/puebla/teziutlan/la-gloria
73850,Santa Mónica,Fraccionamiento,Teziutlán,Puebla,Teziutlán,Urbano,https://postali.app/mx/puebla/teziutlan/santa-monica
73860,Cofradía,Colonia,Teziutlán,Puebla,Teziutlán,Urbano,https://postali.app/mx/puebla/teziutlan/cofradia
73860,Juárez,Colonia,Teziutlán,Puebla,Teziutlán,Urbano,https://postali.app/mx/puebla/teziutlan/juarez
73863,Ahuata,Pueblo,Teziutlán,Puebla,Teziutlán,Rural,https://postali.app/mx/puebla/teziutlan/ahuata
73863,Chicolate,Pueblo,Teziutlán,Puebla,Teziutlán,Rural,https://postali.app/mx/puebla/teziutlan/chicolate
73863,Coyopol,Pueblo,Teziutlán,Puebla,Teziutlán,Rural,https://postali.app/mx/puebla/teziutlan/coyopol
73863,La Calzada,Pueblo,Teziutlán,Puebla,Teziutlán,Rural,https://postali.app/mx/puebla/teziutlan/la-calzada
73863,Tatahuicapa,Pueblo,Teziutlán,Puebla,Teziutlán,Rural,https://postali.app/mx/puebla/teziutlan/tatahuicapa
73863,Temecata,Pueblo,Teziutlán,Puebla,Teziutlán,Rural,https://postali.app/mx/puebla/teziutlan/temecata
73870,Lindavista,Colonia,Teziutlán,Puebla,Teziutlán,Urbano,https://postali.app/mx/puebla/teziutlan/lindavista
73870,Manuel Ávila Camacho,Barrio,Teziutlán,Puebla,Teziutlán,Urbano,https://postali.app/mx/puebla/teziutlan/manuel-avila-camacho
73870,Villa Renee,Fraccionamiento,Teziutlán,Puebla,Teziutlán,Urbano,https://postali.app/mx/puebla/teziutlan/villa-renee
73870,Xoloco,Colonia,Teziutlán,Puebla,Teziutlán,Urbano,https://postali.app/mx/puebla/teziutlan/xoloco
73880,El Carmen,Fraccionamiento,Teziutlán,Puebla,Teziutlán,Urbano,https://postali.app/mx/puebla/teziutlan/el-carmen
73880,El Charco,Colonia,Teziutlán,Puebla,Teziutlán,Urbano,https://postali.app/mx/puebla/teziutlan/el-charco
73880,Francia,Colonia,Teziutlán,Puebla,Teziutlán,Urbano,https://postali.app/mx/puebla/teziutlan/francia
73880,Las Campanas,Fraccionamiento,Teziutlán,Puebla,Teziutlán,Urbano,https://postali.app/mx/puebla/teziutlan/las-campanas
73881,Unidad Industrial Minera,Colonia,Teziutlán,Puebla,Teziutlán,Urbano,https://postali.app/mx/puebla/teziutlan/unidad-industrial-minera
73885,Bosques de Xalame,Fraccionamiento,Teziutlán,Puebla,Teziutlán,Urbano,https://postali.app/mx/puebla/teziutlan/bosques-de-xalame
73885,Industrial INFONAVIT 1,Unidad habitacional,Teziutlán,Puebla,Teziutlán,Urbano,https://postali.app/mx/puebla/teziutlan/industrial-infonavit-1
73885,INFONAVIT la Mesilla,Colonia,Teziutlán,Puebla,Teziutlán,Urbano,https://postali.app/mx/puebla/teziutlan/infonavit-la-mesilla
73886,El Fresnillo,Unidad habitacional,Teziutlán,Puebla,Teziutlán,Urbano,https://postali.app/mx/puebla/teziutlan/el-fresnillo
73887,El Fresnillo,Barrio,Teziutlán,Puebla,Teziutlán,Urbano,https://postali.app/mx/puebla/teziutlan/el-fresnillo-73887
73887,Loma Bella,Fraccionamiento,Teziutlán,Puebla,Teziutlán,Urbano,https://postali.app/mx/puebla/teziutlan/loma-bella
73887,Lomas del Pedregal,Fraccionamiento,Teziutlán,Puebla,Teziutlán,Urbano,https://postali.app/mx/puebla/teziutlan/lomas-del-pedregal
73887,Revolución,Colonia,Teziutlán,Puebla,Teziutlán,Urbano,https://postali.app/mx/puebla/teziutlan/revolucion
73887,Santa Rosa,Colonia,Teziutlán,Puebla,Teziutlán,Urbano,https://postali.app/mx/puebla/teziutlan/santa-rosa
73887,Valle del Sol,Colonia,Teziutlán,Puebla,Teziutlán,Urbano,https://postali.app/mx/puebla/teziutlan/valle-del-sol
73890,Bosques del Sur,Fraccionamiento,Teziutlán,Puebla,Teziutlán,Urbano,https://postali.app/mx/puebla/teziutlan/bosques-del-sur
73890,El Pinal,Colonia,Teziutlán,Puebla,Teziutlán,Urbano,https://postali.app/mx/puebla/teziutlan/el-pinal
73890,La Azteca,Colonia,Teziutlán,Puebla,Teziutlán,Urbano,https://postali.app/mx/puebla/teziutlan/la-azteca
73890,Vista Hermosa,Colonia,Teziutlán,Puebla,Teziutlán,Urbano,https://postali.app/mx/puebla/teziutlan/vista-hermosa
73895,Las Arboledas,Colonia,Teziutlán,Puebla,Teziutlán,Urbano,https://postali.app/mx/puebla/teziutlan/las-arboledas
73895,Villas la Perla,Fraccionamiento,Teziutlán,Puebla,Teziutlán,Urbano,https://postali.app/mx/puebla/teziutlan/villas-la-perla
73899,La Magdalena,Colonia,Teziutlán,Puebla,Teziutlán,Urbano,https://postali.app/mx/puebla/teziutlan/la-magdalena
73900,Analco,Barrio,Tlatlauquitepec,Puebla,,Urbano,https://postali.app/mx/puebla/tlatlauquitepec/analco
73900,Atalpa,Barrio,Tlatlauquitepec,Puebla,,Urbano,https://postali.app/mx/puebla/tlatlauquitepec/atalpa
73900,Contla,Barrio,Tlatlauquitepec,Puebla,,Urbano,https://postali.app/mx/puebla/tlatlauquitepec/contla
73900,El Cerrito,Colonia,Tlatlauquitepec,Puebla,,Rural,https://postali.app/mx/puebla/tlatlauquitepec/el-cerrito
73900,El Llanito,Barrio,Tlatlauquitepec,Puebla,,Urbano,https://postali.app/mx/puebla/tlatlauquitepec/el-llanito
73900,El Paraíso,Colonia,Tlatlauquitepec,Puebla,,Urbano,https://postali.app/mx/puebla/tlatlauquitepec/el-paraiso
73900,Guadalupe,Colonia,Tlatlauquitepec,Puebla,,Rural,https://postali.app/mx/puebla/tlatlauquitepec/guadalupe
73900,Huaxtla,Barrio,Tlatlauquitepec,Puebla,,Rural,https://postali.app/mx/puebla/tlatlauquitepec/huaxtla
73900,Hueyacapan,Barrio,Tlatlauquitepec,Puebla,,Urbano,https://postali.app/mx/puebla/tlatlauquitepec/hueyacapan
73900,San José,Colonia,Tlatlauquitepec,Puebla,,Rural,https://postali.app/mx/puebla/tlatlauquitepec/san-jose
73900,San Pedro,Colonia,Tlatlauquitepec,Puebla,,Rural,https://postali.app/mx/puebla/tlatlauquitepec/san-pedro
73900,Tlatlauquitepec,Pueblo,Tlatlauquitepec,Puebla,,Rural,https://postali.app/mx/puebla/tlatlauquitepec/tlatlauquitepec
73900,Xaltenango,Colonia,Tlatlauquitepec,Puebla,,Rural,https://postali.app/mx/puebla/tlatlauquitepec/xaltenango
73902,Ahuatamimilol,Ranchería,Tlatlauquitepec,Puebla,,Rural,https://postali.app/mx/puebla/tlatlauquitepec/ahuatamimilol
73902,Buena Vista,Ranchería,Tlatlauquitepec,Puebla,,Rural,https://postali.app/mx/puebla/tlatlauquitepec/buena-vista
73902,Coatectzin Centro,Ranchería,Tlatlauquitepec,Puebla,,Rural,https://postali.app/mx/puebla/tlatlauquitepec/coatectzin-centro
73902,Coatectzin Oriente,Ranchería,Tlatlauquitepec,Puebla,,Rural,https://postali.app/mx/puebla/tlatlauquitepec/coatectzin-oriente
73902,El Pozo,Ranchería,Tlatlauquitepec,Puebla,,Rural,https://postali.app/mx/puebla/tlatlauquitepec/el-pozo
73902,Jilotepec,Ranchería,Tlatlauquitepec,Puebla,,Rural,https://postali.app/mx/puebla/tlatlauquitepec/jilotepec
73902,La Palma (Máquinas),Ranchería,Tlatlauquitepec,Puebla,,Rural,https://postali.app/mx/puebla/tlatlauquitepec/la-palma-maquinas
73902,La Primavera,Ranchería,Tlatlauquitepec,Puebla,,Rural,https://postali.app/mx/puebla/tlatlauquitepec/la-primavera
73902,Las Mesas,Ranchería,Tlatlauquitepec,Puebla,,Rural,https://postali.app/mx/puebla/tlatlauquitepec/las-mesas
73902,Nectépetl (El Cerro),Ranchería,Tlatlauquitepec,Puebla,,Rural,https://postali.app/mx/puebla/tlatlauquitepec/nectepetl-el-cerro
73902,Portezuelo,Ranchería,Tlatlauquitepec,Puebla,,Rural,https://postali.app/mx/puebla/tlatlauquitepec/portezuelo
73902,Quezapa,Ranchería,Tlatlauquitepec,Puebla,,Rural,https://postali.app/mx/puebla/tlatlauquitepec/quezapa
73902,Telpalcatipan,Ranchería,Tlatlauquitepec,Puebla,,Rural,https://postali.app/mx/puebla/tlatlauquitepec/telpalcatipan
73902,Tepetzintla,Ranchería,Tlatlauquitepec,Puebla,,Rural,https://postali.app/mx/puebla/tlatlauquitepec/tepetzintla
73902,Túnel Dos,Ranchería,Tlatlauquitepec,Puebla,,Rural,https://postali.app/mx/puebla/tlatlauquitepec/tunel-dos
73902,Yoloctzin,Ranchería,Tlatlauquitepec,Puebla,,Rural,https://postali.app/mx/puebla/tlatlauquitepec/yoloctzin
73902,Zapotitán,Ranchería,Tlatlauquitepec,Puebla,,Rural,https://postali.app/mx/puebla/tlatlauquitepec/zapotitan
73903,Acamalota,Ranchería,Tlatlauquitepec,Puebla,,Rural,https://postali.app/mx/puebla/tlatlauquitepec/acamalota
73903,Eloxochitan,Barrio,Tlatlauquitepec,Puebla,,Rural,https://postali.app/mx/puebla/tlatlauquitepec/eloxochitan
73903,Mecayucan,Ranchería,Tlatlauquitepec,Puebla,,Rural,https://postali.app/mx/puebla/tlatlauquitepec/mecayucan
73903,San José Chagchaltzin,Ranchería,Tlatlauquitepec,Puebla,,Rural,https://postali.app/mx/puebla/tlatlauquitepec/san-jose-chagchaltzin
73903,Tepantzol,Ranchería,Tlatlauquitepec,Puebla,,Rural,https://postali.app/mx/puebla/tlatlauquitepec/tepantzol
73903,Teziutanapa,Ranchería,Tlatlauquitepec,Puebla,,Rural,https://postali.app/mx/puebla/tlatlauquitepec/teziutanapa
73903,Xalteta,Ranchería,Tlatlauquitepec,Puebla,,Rural,https://postali.app/mx/puebla/tlatlauquitepec/xalteta
73903,Xomiaco,Ranchería,Tlatlauquitepec,Puebla,,Rural,https://postali.app/mx/puebla/tlatlauquitepec/xomiaco
73904,Acocogta,Barrio,Tlatlauquitepec,Puebla,,Urbano,https://postali.app/mx/puebla/tlatlauquitepec/acocogta
73904,El Carmen Ilita,Pueblo,Tlatlauquitepec,Puebla,,Rural,https://postali.app/mx/puebla/tlatlauquitepec/el-carmen-ilita
73904,Ilita,Barrio,Tlatlauquitepec,Puebla,,Rural,https://postali.app/mx/puebla/tlatlauquitepec/ilita
73904,Jiliapa,Barrio,Tlatlauquitepec,Puebla,,Rural,https://postali.app/mx/puebla/tlatlauquitepec/jiliapa
73904,La Unión,Barrio,Tlatlauquitepec,Puebla,,Rural,https://postali.app/mx/puebla/tlatlauquitepec/la-union
73904,Ocota,Barrio,Tlatlauquitepec,Puebla,,Urbano,https://postali.app/mx/puebla/tlatlauquitepec/ocota
73904,Pezmatlán,Colonia,Tlatlauquitepec,Puebla,,Urbano,https://postali.app/mx/puebla/tlatlauquitepec/pezmatlan
73904,Tepehican,Barrio,Tlatlauquitepec,Puebla,,Rural,https://postali.app/mx/puebla/tlatlauquitepec/tepehican
73904,Vicente Fox,Unidad habitacional,Tlatlauquitepec,Puebla,,Urbano,https://postali.app/mx/puebla/tlatlauquitepec/vicente-fox
73904,Zocuila,Colonia,Tlatlauquitepec,Puebla,,Rural,https://postali.app/mx/puebla/tlatlauquitepec/zocuila
73905,Buena Vista,Ranchería,Tlatlauquitepec,Puebla,,Rural,https://postali.app/mx/puebla/tlatlauquitepec/buena-vista-73905
73905,Calatepec,Barrio,Tlatlauquitepec,Puebla,,Rural,https://postali.app/mx/puebla/tlatlauquitepec/calatepec
73905,Chicuaco,Ranchería,Tlatlauquitepec,Puebla,,Rural,https://postali.app/mx/puebla/tlatlauquitepec/chicuaco
73905,Chililistipan,Ranchería,Tlatlauquitepec,Puebla,,Rural,https://postali.app/mx/puebla/tlatlauquitepec/chililistipan
73905,Cougtajapan,Rancho,Tlatlauquitepec,Puebla,,Rural,https://postali.app/mx/puebla/tlatlauquitepec/cougtajapan
73905,Cozolexco,Rancho,Tlatlauquitepec,Puebla,,Rural,https://postali.app/mx/puebla/tlatlauquitepec/cozolexco
73905,Cuacualaxtla,Ranchería,Tlatlauquitepec,Puebla,,Rural,https://postali.app/mx/puebla/tlatlauquitepec/cuacualaxtla
73905,El Canal,Ranchería,Tlatlauquitepec,Puebla,,Rural,https://postali.app/mx/puebla/tlatlauquitepec/el-canal
73905,El Progreso,Barrio,Tlatlauquitepec,Puebla,,Rural,https://postali.app/mx/puebla/tlatlauquitepec/el-progreso
73905,La Cumbre Chagchaltzin,Ranchería,Tlatlauquitepec,Puebla,,Rural,https://postali.app/mx/puebla/tlatlauquitepec/la-cumbre-chagchaltzin
73905,Macuilquila,Ranchería,Tlatlauquitepec,Puebla,,Rural,https://postali.app/mx/puebla/tlatlauquitepec/macuilquila
73905,Mazatepec,Barrio,Tlatlauquitepec,Puebla,,Rural,https://postali.app/mx/puebla/tlatlauquitepec/mazatepec
73905,San Agustín Chagchaltzin,Ranchería,Tlatlauquitepec,Puebla,,Rural,https://postali.app/mx/puebla/tlatlauquitepec/san-agustin-chagchaltzin
73905,Tamalayo,Ranchería,Tlatlauquitepec,Puebla,,Rural,https://postali.app/mx/puebla/tlatlauquitepec/tamalayo
73905,Tehuagco,Ranchería,Tlatlauquitepec,Puebla,,Rural,https://postali.app/mx/puebla/tlatlauquitepec/tehuagco
73905,Tepehican (Los Báez),Ranchería,Tlatlauquitepec,Puebla,,Rural,https://postali.app/mx/puebla/tlatlauquitepec/tepehican-los-baez
73906,Ajocotzingo,Barrio,Tlatlauquitepec,Puebla,,Rural,https://postali.app/mx/puebla/tlatlauquitepec/ajocotzingo
73906,Almoloni,Barrio,Tlatlauquitepec,Puebla,,Urbano,https://postali.app/mx/puebla/tlatlauquitepec/almoloni
73906,Atioyan,Barrio,Tlatlauquitepec,Puebla,,Urbano,https://postali.app/mx/puebla/tlatlauquitepec/atioyan
73906,Chinampa,Barrio,Tlatlauquitepec,Puebla,,Urbano,https://postali.app/mx/puebla/tlatlauquitepec/chinampa
73906,Doña Mary,Fraccionamiento,Tlatlauquitepec,Puebla,,Urbano,https://postali.app/mx/puebla/tlatlauquitepec/dona-mary
73906,El Mirador,Colonia,Tlatlauquitepec,Puebla,,Rural,https://postali.app/mx/puebla/tlatlauquitepec/el-mirador
73906,Gómez Oriente,Colonia,Tlatlauquitepec,Puebla,,Urbano,https://postali.app/mx/puebla/tlatlauquitepec/gomez-oriente
73906,Gómez Poniente,Barrio,Tlatlauquitepec,Puebla,,Rural,https://postali.app/mx/puebla/tlatlauquitepec/gomez-poniente
73906,Jalacinguito,Colonia,Tlatlauquitepec,Puebla,,Urbano,https://postali.app/mx/puebla/tlatlauquitepec/jalacinguito
73906,La Esperanza,Unidad habitacional,Tlatlauquitepec,Puebla,,Urbano,https://postali.app/mx/puebla/tlatlauquitepec/la-esperanza
73906,Magisterial,Unidad habitacional,Tlatlauquitepec,Puebla,,Urbano,https://postali.app/mx/puebla/tlatlauquitepec/magisterial
73906,Pablogco,Barrio,Tlatlauquitepec,Puebla,,Urbano,https://postali.app/mx/puebla/tlatlauquitepec/pablogco
73906,Santa Elena,Barrio,Tlatlauquitepec,Puebla,,Urbano,https://postali.app/mx/puebla/tlatlauquitepec/santa-elena
73906,Tanhuixco del Carmen,Barrio,Tlatlauquitepec,Puebla,,Urbano,https://postali.app/mx/puebla/tlatlauquitepec/tanhuixco-del-carmen
73906,Tatauzoquico,Ranchería,Tlatlauquitepec,Puebla,,Rural,https://postali.app/mx/puebla/tlatlauquitepec/tatauzoquico
73906,Tepeteno de Iturbide,Barrio,Tlatlauquitepec,Puebla,,Rural,https://postali.app/mx/puebla/tlatlauquitepec/tepeteno-de-iturbide
73906,Tochimpa,Colonia,Tlatlauquitepec,Puebla,,Rural,https://postali.app/mx/puebla/tlatlauquitepec/tochimpa
73906,Tzinacantepec,Barrio,Tlatlauquitepec,Puebla,,Rural,https://postali.app/mx/puebla/tlatlauquitepec/tzinacantepec
73906,Xacuinco,Barrio,Tlatlauquitepec,Puebla,,Urbano,https://postali.app/mx/puebla/tlatlauquitepec/xacuinco
73906,Xonocuautla,Pueblo,Tlatlauquitepec,Puebla,,Rural,https://postali.app/mx/puebla/tlatlauquitepec/xonocuautla
73907,Cuautlamingo,Barrio,Tlatlauquitepec,Puebla,,Rural,https://postali.app/mx/puebla/tlatlauquitepec/cuautlamingo
73907,Los Ángeles,Barrio,Tlatlauquitepec,Puebla,,Urbano,https://postali.app/mx/puebla/tlatlauquitepec/los-angeles
73907,Ocotlán de Betancourt,Pueblo,Tlatlauquitepec,Puebla,,Rural,https://postali.app/mx/puebla/tlatlauquitepec/ocotlan-de-betancourt
73907,Plan de Guadalupe,Barrio,Tlatlauquitepec,Puebla,,Rural,https://postali.app/mx/puebla/tlatlauquitepec/plan-de-guadalupe
73907,Salvadorco,Barrio,Tlatlauquitepec,Puebla,,Urbano,https://postali.app/mx/puebla/tlatlauquitepec/salvadorco
73909,El Duraznillo,Ranchería,Tlatlauquitepec,Puebla,,Rural,https://postali.app/mx/puebla/tlatlauquitepec/el-duraznillo
73909,Gómez Sur,Ranchería,Tlatlauquitepec,Puebla,,Rural,https://postali.app/mx/puebla/tlatlauquitepec/gomez-sur
73909,Gómez Sur (Llano de Toluca),Ranchería,Tlatlauquitepec,Puebla,,Rural,https://postali.app/mx/puebla/tlatlauquitepec/gomez-sur-llano-de-toluca
73909,Independencia,Ranchería,Tlatlauquitepec,Puebla,,Rural,https://postali.app/mx/puebla/tlatlauquitepec/independencia
73909,Ixmatlaco,Ranchería,Tlatlauquitepec,Puebla,,Rural,https://postali.app/mx/puebla/tlatlauquitepec/ixmatlaco
73909,La Cumbre,Ranchería,Tlatlauquitepec,Puebla,,Rural,https://postali.app/mx/puebla/tlatlauquitepec/la-cumbre
73909,Loma de la Yerba,Ranchería,Tlatlauquitepec,Puebla,,Rural,https://postali.app/mx/puebla/tlatlauquitepec/loma-de-la-yerba
73909,Oyameles,Pueblo,Tlatlauquitepec,Puebla,,Rural,https://postali.app/mx/puebla/tlatlauquitepec/oyameles
73909,Primero de Septiembre,Ranchería,Tlatlauquitepec,Puebla,,Rural,https://postali.app/mx/puebla/tlatlauquitepec/primero-de-septiembre
73909,San Antonio,Ranchería,Tlatlauquitepec,Puebla,,Rural,https://postali.app/mx/puebla/tlatlauquitepec/san-antonio
73909,San José del Retiro,Rancho,Tlatlauquitepec,Puebla,,Rural,https://postali.app/mx/puebla/tlatlauquitepec/san-jose-del-retiro
73909,Tzincuilapan,Barrio,Tlatlauquitepec,Puebla,,Rural,https://postali.app/mx/puebla/tlatlauquitepec/tzincuilapan
73910,El Crucero,Colonia,Yaonáhuac,Puebla,,Rural,https://postali.app/mx/puebla/yaonahuac/el-crucero
73910,Yaonáhuac Centro,Colonia,Yaonáhuac,Puebla,,Urbano,https://postali.app/mx/puebla/yaonahuac/yaonahuac-centro
73913,Ahuata,Barrio,Yaonáhuac,Puebla,,Urbano,https://postali.app/mx/puebla/yaonahuac/ahuata
73913,Atemeya,Barrio,Yaonáhuac,Puebla,,Urbano,https://postali.app/mx/puebla/yaonahuac/atemeya
73913,Mazatonal,Barrio,Yaonáhuac,Puebla,,Urbano,https://postali.app/mx/puebla/yaonahuac/mazatonal
73914,Ahuehuetes,Barrio,Yaonáhuac,Puebla,,Urbano,https://postali.app/mx/puebla/yaonahuac/ahuehuetes
73915,Atotocoyan,Ranchería,Yaonáhuac,Puebla,,Rural,https://postali.app/mx/puebla/yaonahuac/atotocoyan
73915,Hueytepec,Ranchería,Yaonáhuac,Puebla,,Rural,https://postali.app/mx/puebla/yaonahuac/hueytepec
73915,Ocotepec,Ranchería,Yaonáhuac,Puebla,,Rural,https://postali.app/mx/puebla/yaonahuac/ocotepec
73915,Teteltipan,Ranchería,Yaonáhuac,Puebla,,Rural,https://postali.app/mx/puebla/yaonahuac/teteltipan
73915,Texuaco,Ranchería,Yaonáhuac,Puebla,,Rural,https://postali.app/mx/puebla/yaonahuac/texuaco
73916,Talchichil,Unidad habitacional,Yaonáhuac,Puebla,,Rural,https://postali.app/mx/puebla/yaonahuac/talchichil
73916,Tatempan,Ranchería,Yaonáhuac,Puebla,,Rural,https://postali.app/mx/puebla/yaonahuac/tatempan
73917,Contzitzintán,Colonia,Yaonáhuac,Puebla,,Rural,https://postali.app/mx/puebla/yaonahuac/contzitzintan
73917,Talcozamán,Ranchería,Yaonáhuac,Puebla,,Rural,https://postali.app/mx/puebla/yaonahuac/talcozaman
73918,Acocogta Poctan,Colonia,Yaonáhuac,Puebla,,Rural,https://postali.app/mx/puebla/yaonahuac/acocogta-poctan
73918,Tepantiloyan,Colonia,Yaonáhuac,Puebla,,Rural,https://postali.app/mx/puebla/yaonahuac/tepantiloyan
73920,Alto,Barrio,Hueyapan,Puebla,,Urbano,https://postali.app/mx/puebla/hueyapan/alto
73920,Colostitán,Barrio,Hueyapan,Puebla,,Urbano,https://postali.app/mx/puebla/hueyapan/colostitan
73920,Coyotepec,Barrio,Hueyapan,Puebla,,Rural,https://postali.app/mx/puebla/hueyapan/coyotepec
73920,Hueyapan Centro,Colonia,Hueyapan,Puebla,,Urbano,https://postali.app/mx/puebla/hueyapan/hueyapan-centro
73920,La Mohonera,Colonia,Hueyapan,Puebla,,Urbano,https://postali.app/mx/puebla/hueyapan/la-mohonera
73920,Tanamacoyan,Pueblo,Hueyapan,Puebla,,Rural,https://postali.app/mx/puebla/hueyapan/tanamacoyan
73923,Atmoloni,Barrio,Hueyapan,Puebla,,Urbano,https://postali.app/mx/puebla/hueyapan/atmoloni
73923,Buenavista,Barrio,Hueyapan,Puebla,,Urbano,https://postali.app/mx/puebla/hueyapan/buenavista
73926,Cuatro Caminos,Rancho,Hueyapan,Puebla,,Rural,https://postali.app/mx/puebla/hueyapan/cuatro-caminos
73926,Gardenias,Rancho,Hueyapan,Puebla,,Rural,https://postali.app/mx/puebla/hueyapan/gardenias
73926,La Aurora,Ranchería,Hueyapan,Puebla,,Rural,https://postali.app/mx/puebla/hueyapan/la-aurora
73926,Maloapan,Ranchería,Hueyapan,Puebla,,Rural,https://postali.app/mx/puebla/hueyapan/maloapan
73926,Paso Real,Ranchería,Hueyapan,Puebla,,Rural,https://postali.app/mx/puebla/hueyapan/paso-real
73927,Dos Ríos,Ranchería,Hueyapan,Puebla,,Rural,https://postali.app/mx/puebla/hueyapan/dos-rios
73927,La Pagoda,Rancho,Hueyapan,Puebla,,Rural,https://postali.app/mx/puebla/hueyapan/la-pagoda
73927,Talzintán,Ranchería,Hueyapan,Puebla,,Rural,https://postali.app/mx/puebla/hueyapan/talzintan
73927,Tetelilla,Colonia,Hueyapan,Puebla,,Rural,https://postali.app/mx/puebla/hueyapan/tetelilla
73928,Ahuatepec,Barrio,Hueyapan,Puebla,,Rural,https://postali.app/mx/puebla/hueyapan/ahuatepec
73928,Nexpan,Colonia,Hueyapan,Puebla,,Rural,https://postali.app/mx/puebla/hueyapan/nexpan
73928,Tepetitanapan,Ranchería,Hueyapan,Puebla,,Rural,https://postali.app/mx/puebla/hueyapan/tepetitanapan
73930,Huixta,Barrio,Teteles de Ávila Castillo,Puebla,,Urbano,https://postali.app/mx/puebla/teteles-de-avila-castillo/huixta
73930,Teteles de Ávila Castillo Centro,Colonia,Teteles de Ávila Castillo,Puebla,,Urbano,https://postali.app/mx/puebla/teteles-de-avila-castillo/teteles-de-avila-castillo-centro
73933,La Colonia,Colonia,Teteles de Ávila Castillo,Puebla,,Urbano,https://postali.app/mx/puebla/teteles-de-avila-castillo/la-colonia
73934,El Amele,Colonia,Teteles de Ávila Castillo,Puebla,,Urbano,https://postali.app/mx/puebla/teteles-de-avila-castillo/el-amele
73935,Zitalapan,Barrio,Teteles de Ávila Castillo,Puebla,,Urbano,https://postali.app/mx/puebla/teteles-de-avila-castillo/zitalapan
73937,Chalahuico,Ranchería,Teteles de Ávila Castillo,Puebla,,Rural,https://postali.app/mx/puebla/teteles-de-avila-castillo/chalahuico
73938,Texcalaco,Ranchería,Teteles de Ávila Castillo,Puebla,,Rural,https://postali.app/mx/puebla/teteles-de-avila-castillo/texcalaco
73939,Coacalco,Barrio,Teteles de Ávila Castillo,Puebla,,Rural,https://postali.app/mx/puebla/teteles-de-avila-castillo/coacalco
73940,Atempan,Pueblo,Atempan,Puebla,,Rural,https://postali.app/mx/puebla/atempan/atempan
73940,Atzalán,Colonia,Atempan,Puebla,,Rural,https://postali.app/mx/puebla/atempan/atzalan
73940,Cala Sur,Barrio,Atempan,Puebla,,Rural,https://postali.app/mx/puebla/atempan/cala-sur
73940,Huexoteno,Barrio,Atempan,Puebla,,Rural,https://postali.app/mx/puebla/atempan/huexoteno
73940,Las Delicias,Barrio,Atempan,Puebla,,Rural,https://postali.app/mx/puebla/atempan/las-delicias
73940,Magisterial,Unidad habitacional,Atempan,Puebla,,Urbano,https://postali.app/mx/puebla/atempan/magisterial
73940,San Nicolás (Animazco),Barrio,Atempan,Puebla,,Rural,https://postali.app/mx/puebla/atempan/san-nicolas-animazco
73940,Tacopan,Barrio,Atempan,Puebla,,Rural,https://postali.app/mx/puebla/atempan/tacopan
73941,Cala Norte,Barrio,Atempan,Puebla,,Rural,https://postali.app/mx/puebla/atempan/cala-norte
73941,Potrero Nuevo,Barrio,Atempan,Puebla,,Rural,https://postali.app/mx/puebla/atempan/potrero-nuevo
73948,Apatauyan,Barrio,Atempan,Puebla,,Rural,https://postali.app/mx/puebla/atempan/apatauyan
73948,Las Canoas,Barrio,Atempan,Puebla,,Rural,https://postali.app/mx/puebla/atempan/las-canoas
73948,San Ambrosio,Barrio,Atempan,Puebla,,Rural,https://postali.app/mx/puebla/atempan/san-ambrosio
73948,Tanhuixco,Pueblo,Atempan,Puebla,,Rural,https://postali.app/mx/puebla/atempan/tanhuixco
73948,Tezhuatepec,Barrio,Atempan,Puebla,,Rural,https://postali.app/mx/puebla/atempan/tezhuatepec
73949,El Cuatro,Colonia,Atempan,Puebla,,Rural,https://postali.app/mx/puebla/atempan/el-cuatro
73949,Tezompan,Colonia,Atempan,Puebla,,Rural,https://postali.app/mx/puebla/atempan/tezompan
73950,5 de Mayo,Colonia,Chignautla,Puebla,,Urbano,https://postali.app/mx/puebla/chignautla/5-de-mayo
73950,Analco,Colonia,Chignautla,Puebla,,Rural,https://postali.app/mx/puebla/chignautla/analco
73950,Ateta,Colonia,Chignautla,Puebla,,Urbano,https://postali.app/mx/puebla/chignautla/ateta
73950,Calicapan,Colonia,Chignautla,Puebla,,Urbano,https://postali.app/mx/puebla/chignautla/calicapan
73950,Chignautla,Pueblo,Chignautla,Puebla,,Urbano,https://postali.app/mx/puebla/chignautla/chignautla
73950,Coahuixco,Pueblo,Chignautla,Puebla,,Rural,https://postali.app/mx/puebla/chignautla/coahuixco
73950,Crutzitzin,Colonia,Chignautla,Puebla,,Rural,https://postali.app/mx/puebla/chignautla/crutzitzin
73950,La Azteca,Colonia,Chignautla,Puebla,,Rural,https://postali.app/mx/puebla/chignautla/la-azteca
73950,La Cruz,Colonia,Chignautla,Puebla,,Urbano,https://postali.app/mx/puebla/chignautla/la-cruz
73950,San Antonio,Colonia,Chignautla,Puebla,,Urbano,https://postali.app/mx/puebla/chignautla/san-antonio
73950,Sosa,Ranchería,Chignautla,Puebla,,Rural,https://postali.app/mx/puebla/chignautla/sosa
73950,Tenextepec,Colonia,Chignautla,Puebla,,Rural,https://postali.app/mx/puebla/chignautla/tenextepec
73950,Tequimila,Colonia,Chignautla,Puebla,,Rural,https://postali.app/mx/puebla/chignautla/tequimila
73950,Tezohuatepec (Tezotepec),Colonia,Chignautla,Puebla,,Urbano,https://postali.app/mx/puebla/chignautla/tezohuatepec-tezotepec
73950,Unidad los Cables,Colonia,Chignautla,Puebla,,Rural,https://postali.app/mx/puebla/chignautla/unidad-los-cables
73950,Yopi,Colonia,Chignautla,Puebla,,Rural,https://postali.app/mx/puebla/chignautla/yopi
73953,Tepepan,Colonia,Chignautla,Puebla,,Rural,https://postali.app/mx/puebla/chignautla/tepepan
73954,El Encanto,Hacienda,Chignautla,Puebla,,Rural,https://postali.app/mx/puebla/chignautla/el-encanto
73954,Sección Tercera de Chignautla,Colonia,Chignautla,Puebla,,Rural,https://postali.app/mx/puebla/chignautla/seccion-tercera-de-chignautla
73956,Calicanto,Colonia,Chignautla,Puebla,,Rural,https://postali.app/mx/puebla/chignautla/calicanto
73956,Encino Rico,Colonia,Chignautla,Puebla,,Rural,https://postali.app/mx/puebla/chignautla/encino-rico
73956,La Aguardientera,Colonia,Chignautla,Puebla,,Rural,https://postali.app/mx/puebla/chignautla/la-aguardientera
73956,Los Aserraderos,Colonia,Chignautla,Puebla,,Rural,https://postali.app/mx/puebla/chignautla/los-aserraderos
73956,San Isidro,Colonia,Chignautla,Puebla,,Rural,https://postali.app/mx/puebla/chignautla/san-isidro
73957,Los Humeros,Colonia,Chignautla,Puebla,,Rural,https://postali.app/mx/puebla/chignautla/los-humeros
73957,San Mateo,Colonia,Chignautla,Puebla,,Rural,https://postali.app/mx/puebla/chignautla/san-mateo
73957,Sotoltepec,Colonia,Chignautla,Puebla,,Rural,https://postali.app/mx/puebla/chignautla/sotoltepec
73957,Tecolotepec,Colonia,Chignautla,Puebla,,Rural,https://postali.app/mx/puebla/chignautla/tecolotepec
73958,Coatzala,Colonia,Chignautla,Puebla,,Rural,https://postali.app/mx/puebla/chignautla/coatzala
73958,Huapaltepec (Zacatamánix),Colonia,Chignautla,Puebla,,Rural,https://postali.app/mx/puebla/chignautla/huapaltepec-zacatamanix
73958,Los Parajes (Zompanateno),Colonia,Chignautla,Puebla,,Rural,https://postali.app/mx/puebla/chignautla/los-parajes-zompanateno
73958,Talzintán,Colonia,Chignautla,Puebla,,Rural,https://postali.app/mx/puebla/chignautla/talzintan
73960,Aire Libre,Colonia,Teziutlán,Puebla,,Rural,https://postali.app/mx/puebla/teziutlan/aire-libre
73960,Mexcalcuautla,Pueblo,Teziutlán,Puebla,,Rural,https://postali.app/mx/puebla/teziutlan/mexcalcuautla
73965,Amila,Ranchería,Teziutlán,Puebla,,Rural,https://postali.app/mx/puebla/teziutlan/amila
73965,Bosques Amila,Fraccionamiento,Teziutlán,Puebla,,Rural,https://postali.app/mx/puebla/teziutlan/bosques-amila
73965,La Estación,Fraccionamiento,Teziutlán,Puebla,,Rural,https://postali.app/mx/puebla/teziutlan/la-estacion
73965,Las Brisas,Fraccionamiento,Teziutlán,Puebla,,Rural,https://postali.app/mx/puebla/teziutlan/las-brisas
73965,Las Cruces,Fraccionamiento,Teziutlán,Puebla,,Rural,https://postali.app/mx/puebla/teziutlan/las-cruces
73965,Residencial Bella Vista,Fraccionamiento,Teziutlán,Puebla,,Urbano,https://postali.app/mx/puebla/teziutlan/residencial-bella-vista
73965,San Diego,Colonia,Teziutlán,Puebla,,Rural,https://postali.app/mx/puebla/teziutlan/san-diego
73965,San Juan Acateno,Pueblo,Teziutlán,Puebla,,Rural,https://postali.app/mx/puebla/teziutlan/san-juan-acateno
73966,Ixticpan,Barrio,Teziutlán,Puebla,,Rural,https://postali.app/mx/puebla/teziutlan/ixticpan
73967,Ahuateno,Barrio,Teziutlán,Puebla,,Rural,https://postali.app/mx/puebla/teziutlan/ahuateno
73967,Atoluca,Pueblo,Teziutlán,Puebla,,Rural,https://postali.app/mx/puebla/teziutlan/atoluca
73967,El Pedregal,Barrio,Teziutlán,Puebla,,Urbano,https://postali.app/mx/puebla/teziutlan/el-pedregal
73967,Los Encinos,Fraccionamiento,Teziutlán,Puebla,,Urbano,https://postali.app/mx/puebla/teziutlan/los-encinos
73967,Nuevo Milenio,Barrio,Teziutlán,Puebla,,Rural,https://postali.app/mx/puebla/teziutlan/nuevo-milenio
73967,San Juan Tezongo,Colonia,Teziutlán,Puebla,,Rural,https://postali.app/mx/puebla/teziutlan/san-juan-tezongo
73967,San Luis,Fraccionamiento,Teziutlán,Puebla,,Urbano,https://postali.app/mx/puebla/teziutlan/san-luis
73967,San Sebastián,Pueblo,Teziutlán,Puebla,,Rural,https://postali.app/mx/puebla/teziutlan/san-sebastian
73967,San Sebastián (Sección Tercera),Barrio,Teziutlán,Puebla,,Rural,https://postali.app/mx/puebla/teziutlan/san-sebastian-seccion-tercera
73967,Xoloateno,Barrio,Teziutlán,Puebla,,Rural,https://postali.app/mx/puebla/teziutlan/xoloateno
73968,Ampliación Sección 23,Barrio,Teziutlán,Puebla,,Urbano,https://postali.app/mx/puebla/teziutlan/ampliacion-seccion-23
73968,Cuaxoxpa,Colonia,Teziutlán,Puebla,,Rural,https://postali.app/mx/puebla/teziutlan/cuaxoxpa
73968,Espíritu Santo,Colonia,Teziutlán,Puebla,,Rural,https://postali.app/mx/puebla/teziutlan/espiritu-santo
73968,Huehueymico,Colonia,Teziutlán,Puebla,,Rural,https://postali.app/mx/puebla/teziutlan/huehueymico
73968,Ixtahuiata (La Legua),Colonia,Teziutlán,Puebla,,Urbano,https://postali.app/mx/puebla/teziutlan/ixtahuiata-la-legua
73968,Ixtlahuaca,Barrio,Teziutlán,Puebla,,Rural,https://postali.app/mx/puebla/teziutlan/ixtlahuaca
73968,La Cantera (Tehuatlán),Colonia,Teziutlán,Puebla,,Rural,https://postali.app/mx/puebla/teziutlan/la-cantera-tehuatlan
73968,La Garita,Barrio,Teziutlán,Puebla,,Rural,https://postali.app/mx/puebla/teziutlan/la-garita
73968,Loma Bonita,Colonia,Teziutlán,Puebla,,Urbano,https://postali.app/mx/puebla/teziutlan/loma-bonita
73968,San Miguel Capulines,Colonia,Teziutlán,Puebla,,Rural,https://postali.app/mx/puebla/teziutlan/san-miguel-capulines
73968,San Pedro Xoloco,Colonia,Teziutlán,Puebla,,Urbano,https://postali.app/mx/puebla/teziutlan/san-pedro-xoloco
73968,Sección 23,Colonia,Teziutlán,Puebla,,Rural,https://postali.app/mx/puebla/teziutlan/seccion-23
73970,El Progreso,Colonia,Xiutetelco,Puebla,,Rural,https://postali.app/mx/puebla/xiutetelco/el-progreso
73970,San Andrés,Colonia,Xiutetelco,Puebla,,Rural,https://postali.app/mx/puebla/xiutetelco/san-andres
73970,San Francisco,Colonia,Xiutetelco,Puebla,,Rural,https://postali.app/mx/puebla/xiutetelco/san-francisco
73970,San Isidro,Barrio,Xiutetelco,Puebla,,Rural,https://postali.app/mx/puebla/xiutetelco/san-isidro
73970,San Juan Xiutetelco,Pueblo,Xiutetelco,Puebla,,Rural,https://postali.app/mx/puebla/xiutetelco/san-juan-xiutetelco
73970,Sección Primera Xiutetelco,Colonia,Xiutetelco,Puebla,,Rural,https://postali.app/mx/puebla/xiutetelco/seccion-primera-xiutetelco
73970,Sección Segunda Xiutetelco,Colonia,Xiutetelco,Puebla,,Rural,https://postali.app/mx/puebla/xiutetelco/seccion-segunda-xiutetelco
73972,La Ciénega,Colonia,Xiutetelco,Puebla,,Rural,https://postali.app/mx/puebla/xiutetelco/la-cienega
73972,Xaltipan,Pueblo,Xiutetelco,Puebla,,Rural,https://postali.app/mx/puebla/xiutetelco/xaltipan
73972,Xaltipan (Sección Décima),Colonia,Xiutetelco,Puebla,,Rural,https://postali.app/mx/puebla/xiutetelco/xaltipan-seccion-decima
73974,Luis Donaldo Colosio,Colonia,Xiutetelco,Puebla,,Rural,https://postali.app/mx/puebla/xiutetelco/luis-donaldo-colosio
73974,San José,Colonia,Xiutetelco,Puebla,,Rural,https://postali.app/mx/puebla/xiutetelco/san-jose
73975,Alto Lucero,Ranchería,Xiutetelco,Puebla,,Rural,https://postali.app/mx/puebla/xiutetelco/alto-lucero
73975,Barrio Chiquito,Colonia,Xiutetelco,Puebla,,Rural,https://postali.app/mx/puebla/xiutetelco/barrio-chiquito
73975,Chalma,Colonia,Xiutetelco,Puebla,,Rural,https://postali.app/mx/puebla/xiutetelco/chalma
73975,El Aguaje Atoluca,Ejido,Xiutetelco,Puebla,,Rural,https://postali.app/mx/puebla/xiutetelco/el-aguaje-atoluca
73975,La Cantera,Colonia,Xiutetelco,Puebla,,Rural,https://postali.app/mx/puebla/xiutetelco/la-cantera
73975,La Hacienda,Ranchería,Xiutetelco,Puebla,,Rural,https://postali.app/mx/puebla/xiutetelco/la-hacienda
73975,La Palma,Ranchería,Xiutetelco,Puebla,,Rural,https://postali.app/mx/puebla/xiutetelco/la-palma
73975,La Posta,Ranchería,Xiutetelco,Puebla,,Rural,https://postali.app/mx/puebla/xiutetelco/la-posta
73975,La Reforma,Ranchería,Xiutetelco,Puebla,,Rural,https://postali.app/mx/puebla/xiutetelco/la-reforma
73975,La Ventana,Ranchería,Xiutetelco,Puebla,,Rural,https://postali.app/mx/puebla/xiutetelco/la-ventana
73975,Tomaquilapa,Pueblo,Xiutetelco,Puebla,,Rural,https://postali.app/mx/puebla/xiutetelco/tomaquilapa
73975,Vista Hermosa,Colonia,Xiutetelco,Puebla,,Rural,https://postali.app/mx/puebla/xiutetelco/vista-hermosa
73976,Atecax,Ranchería,Xiutetelco,Puebla,,Rural,https://postali.app/mx/puebla/xiutetelco/atecax
73976,Cañada de Cozcuyucan,Ranchería,Xiutetelco,Puebla,,Rural,https://postali.app/mx/puebla/xiutetelco/canada-de-cozcuyucan
73976,La Chapas,Ranchería,Xiutetelco,Puebla,,Rural,https://postali.app/mx/puebla/xiutetelco/la-chapas
73976,Maxtaloya,Ranchería,Xiutetelco,Puebla,,Rural,https://postali.app/mx/puebla/xiutetelco/maxtaloya
73976,Nuevo,Ranchería,Xiutetelco,Puebla,,Rural,https://postali.app/mx/puebla/xiutetelco/nuevo
73976,San José,Ejido,Xiutetelco,Puebla,,Rural,https://postali.app/mx/puebla/xiutetelco/san-jose-73976
73976,Tilca (San José),Ranchería,Xiutetelco,Puebla,,Rural,https://postali.app/mx/puebla/xiutetelco/tilca-san-jose
73977,El Milagro,Ranchería,Xiutetelco,Puebla,,Rural,https://postali.app/mx/puebla/xiutetelco/el-milagro
73977,San Salvador (Naranjillo),Barrio,Xiutetelco,Puebla,,Rural,https://postali.app/mx/puebla/xiutetelco/san-salvador-naranjillo
73977,Santiago,Colonia,Xiutetelco,Puebla,,Rural,https://postali.app/mx/puebla/xiutetelco/santiago
73978,El Zapote,Colonia,Xiutetelco,Puebla,,Rural,https://postali.app/mx/puebla/xiutetelco/el-zapote
73978,Linda Vista,Colonia,Xiutetelco,Puebla,,Rural,https://postali.app/mx/puebla/xiutetelco/linda-vista
73978,Loma Bonita,Ranchería,Xiutetelco,Puebla,,Rural,https://postali.app/mx/puebla/xiutetelco/loma-bonita
73978,San Andrés Coyotitlán,Ranchería,Xiutetelco,Puebla,,Rural,https://postali.app/mx/puebla/xiutetelco/san-andres-coyotitlan
73978,San Antonio,Colonia,Xiutetelco,Puebla,,Rural,https://postali.app/mx/puebla/xiutetelco/san-antonio
73978,San Martín,Colonia,Xiutetelco,Puebla,,Rural,https://postali.app/mx/puebla/xiutetelco/san-martin
73980,Cuyoaco,Pueblo,Cuyoaco,Puebla,,Rural,https://postali.app/mx/puebla/cuyoaco/cuyoaco
73982,Cuicoya,Ranchería,Cuyoaco,Puebla,,Rural,https://postali.app/mx/puebla/cuyoaco/cuicoya
73982,El Calvario,Colonia,Cuyoaco,Puebla,,Rural,https://postali.app/mx/puebla/cuyoaco/el-calvario
73982,El Puerto,Ranchería,Cuyoaco,Puebla,,Rural,https://postali.app/mx/puebla/cuyoaco/el-puerto
73982,Independencia,Colonia,Cuyoaco,Puebla,,Rural,https://postali.app/mx/puebla/cuyoaco/independencia
73982,San Antonio (Calderona),Hacienda,Cuyoaco,Puebla,,Rural,https://postali.app/mx/puebla/cuyoaco/san-antonio-calderona
73982,San Isidro Xicalahuata,Rancho,Cuyoaco,Puebla,,Rural,https://postali.app/mx/puebla/cuyoaco/san-isidro-xicalahuata
73982,Santiago Xonacatlán,Pueblo,Cuyoaco,Puebla,,Rural,https://postali.app/mx/puebla/cuyoaco/santiago-xonacatlan
73982,Tentzoncal,Ranchería,Cuyoaco,Puebla,,Rural,https://postali.app/mx/puebla/cuyoaco/tentzoncal
73982,Tetepongo,Hacienda,Cuyoaco,Puebla,,Rural,https://postali.app/mx/puebla/cuyoaco/tetepongo
73983,Casa Blanca,Rancho,Cuyoaco,Puebla,,Rural,https://postali.app/mx/puebla/cuyoaco/casa-blanca
73983,Huitziltepec,Hacienda,Cuyoaco,Puebla,,Rural,https://postali.app/mx/puebla/cuyoaco/huitziltepec
73983,La Gloria,Colonia,Cuyoaco,Puebla,,Rural,https://postali.app/mx/puebla/cuyoaco/la-gloria
73983,Las Cuevillas,Colonia,Cuyoaco,Puebla,,Rural,https://postali.app/mx/puebla/cuyoaco/las-cuevillas
73983,Matlahuacala,Hacienda,Cuyoaco,Puebla,,Rural,https://postali.app/mx/puebla/cuyoaco/matlahuacala
73983,San José del Puente y Buenavista,Colonia,Cuyoaco,Puebla,,Rural,https://postali.app/mx/puebla/cuyoaco/san-jose-del-puente-y-buenavista
73983,San Nicolás Temextla,Colonia,Cuyoaco,Puebla,,Rural,https://postali.app/mx/puebla/cuyoaco/san-nicolas-temextla
73983,Temextla,Pueblo,Cuyoaco,Puebla,,Rural,https://postali.app/mx/puebla/cuyoaco/temextla
73985,Buenavista Guerrero,Colonia,Cuyoaco,Puebla,,Rural,https://postali.app/mx/puebla/cuyoaco/buenavista-guerrero
73985,El Valle,Ranchería,Cuyoaco,Puebla,,Rural,https://postali.app/mx/puebla/cuyoaco/el-valle
73985,Francisco I. Madero,Pueblo,Cuyoaco,Puebla,,Rural,https://postali.app/mx/puebla/cuyoaco/francisco-i-madero
73985,Guadalupe Victoria,Pueblo,Cuyoaco,Puebla,,Rural,https://postali.app/mx/puebla/cuyoaco/guadalupe-victoria
73985,La Rosa (Rancho Sacramento),Hacienda,Cuyoaco,Puebla,,Rural,https://postali.app/mx/puebla/cuyoaco/la-rosa-rancho-sacramento
73985,Los Potreros,Hacienda,Cuyoaco,Puebla,,Rural,https://postali.app/mx/puebla/cuyoaco/los-potreros
73985,Morelos,Colonia,Cuyoaco,Puebla,,Rural,https://postali.app/mx/puebla/cuyoaco/morelos
73986,Emiliano Zapata (Chilapa),Colonia,Cuyoaco,Puebla,,Rural,https://postali.app/mx/puebla/cuyoaco/emiliano-zapata-chilapa
73986,La Trinidad Pochinto,Pueblo,Cuyoaco,Puebla,,Rural,https://postali.app/mx/puebla/cuyoaco/la-trinidad-pochinto
73986,San Gabriel,Hacienda,Cuyoaco,Puebla,,Rural,https://postali.app/mx/puebla/cuyoaco/san-gabriel
73986,San Ignacio Xixipexco,Hacienda,Cuyoaco,Puebla,,Rural,https://postali.app/mx/puebla/cuyoaco/san-ignacio-xixipexco
73986,San Sebastián Pochintoc,Ranchería,Cuyoaco,Puebla,,Rural,https://postali.app/mx/puebla/cuyoaco/san-sebastian-pochintoc
73986,Texcal,Pueblo,Cuyoaco,Puebla,,Rural,https://postali.app/mx/puebla/cuyoaco/texcal
73987,Concepción,Exhacienda,Cuyoaco,Puebla,,Rural,https://postali.app/mx/puebla/cuyoaco/concepcion
73987,Las Trancas,Colonia,Cuyoaco,Puebla,,Rural,https://postali.app/mx/puebla/cuyoaco/las-trancas
73987,Santa Rosa,Hacienda,Cuyoaco,Puebla,,Rural,https://postali.app/mx/puebla/cuyoaco/santa-rosa
73989,Allende,Pueblo,Cuyoaco,Puebla,,Rural,https://postali.app/mx/puebla/cuyoaco/allende
73989,San Andrés Payuca,Pueblo,Cuyoaco,Puebla,,Rural,https://postali.app/mx/puebla/cuyoaco/san-andres-payuca
73989,San Miguel Barrientos,Hacienda,Cuyoaco,Puebla,,Rural,https://postali.app/mx/puebla/cuyoaco/san-miguel-barrientos
73989,Zautiotla (San Pedro),Ranchería,Cuyoaco,Puebla,,Rural,https://postali.app/mx/puebla/cuyoaco/zautiotla-san-pedro
73990,El Fuerte de la Unión,Pueblo,Tepeyahualco,Puebla,,Rural,https://postali.app/mx/puebla/tepeyahualco/el-fuerte-de-la-union
73990,Jalapasco,Ejido,Tepeyahualco,Puebla,,Rural,https://postali.app/mx/puebla/tepeyahualco/jalapasco
73990,La Jarocha,Colonia,Tepeyahualco,Puebla,,Rural,https://postali.app/mx/puebla/tepeyahualco/la-jarocha
73990,San Antonio,Colonia,Tepeyahualco,Puebla,,Rural,https://postali.app/mx/puebla/tepeyahualco/san-antonio
73990,Tepeyahualco,Pueblo,Tepeyahualco,Puebla,,Rural,https://postali.app/mx/puebla/tepeyahualco/tepeyahualco
73992,Cerro del Viento,Ranchería,Tepeyahualco,Puebla,,Rural,https://postali.app/mx/puebla/tepeyahualco/cerro-del-viento
73992,Mancuernas,Ranchería,Tepeyahualco,Puebla,,Rural,https://postali.app/mx/puebla/tepeyahualco/mancuernas
73992,Xaltipanapa,Colonia,Tepeyahualco,Puebla,,Rural,https://postali.app/mx/puebla/tepeyahualco/xaltipanapa
73993,Juan Sarabia Pizarro (San Nicolás),Pueblo,Tepeyahualco,Puebla,,Rural,https://postali.app/mx/puebla/tepeyahualco/juan-sarabia-pizarro-san-nicolas
73993,Zapata,Ranchería,Tepeyahualco,Puebla,,Rural,https://postali.app/mx/puebla/tepeyahualco/zapata
73994,Guadalupe Sarabia,Pueblo,Tepeyahualco,Puebla,,Rural,https://postali.app/mx/puebla/tepeyahualco/guadalupe-sarabia
73995,El Coyote,Ranchería,Tepeyahualco,Puebla,,Rural,https://postali.app/mx/puebla/tepeyahualco/el-coyote
73995,La Noria,Hacienda,Tepeyahualco,Puebla,,Rural,https://postali.app/mx/puebla/tepeyahualco/la-noria
73995,Quince de Agosto,Ranchería,Tepeyahualco,Puebla,,Rural,https://postali.app/mx/puebla/tepeyahualco/quince-de-agosto
73995,San Roque,Ranchería,Tepeyahualco,Puebla,,Rural,https://postali.app/mx/puebla/tepeyahualco/san-roque
73995,Tetipanapa,Ranchería,Tepeyahualco,Puebla,,Rural,https://postali.app/mx/puebla/tepeyahualco/tetipanapa
73995,Tezontepec,Colonia,Tepeyahualco,Puebla,,Rural,https://postali.app/mx/puebla/tepeyahualco/tezontepec
73996,Alchichica,Pueblo,Tepeyahualco,Puebla,,Rural,https://postali.app/mx/puebla/tepeyahualco/alchichica
73996,San José Alchichica,Pueblo,Tepeyahualco,Puebla,,Rural,https://postali.app/mx/puebla/tepeyahualco/san-jose-alchichica
73997,Chichicuautla,Pueblo,Tepeyahualco,Puebla,,Rural,https://postali.app/mx/puebla/tepeyahualco/chichicuautla
73997,San Antonio Buenavista (El Tecolote),Ranchería,Tepeyahualco,Puebla,,Rural,https://postali.app/mx/puebla/tepeyahualco/san-antonio-buenavista-el-tecolote
73997,San Pedro la Amistad,Colonia,Tepeyahualco,Puebla,,Rural,https://postali.app/mx/puebla/tepeyahualco/san-pedro-la-amistad
73998,Itzoteno (San Miguel),Pueblo,Tepeyahualco,Puebla,,Rural,https://postali.app/mx/puebla/tepeyahualco/itzoteno-san-miguel
73998,San Antonio Alchichica (La Cofradía),Ranchería,Tepeyahualco,Puebla,,Rural,https://postali.app/mx/puebla/tepeyahualco/san-antonio-alchichica-la-cofradia
73998,Techachalco,Ejido,Tepeyahualco,Puebla,,Rural,https://postali.app/mx/puebla/tepeyahualco/techachalco
73999,La Luz,Rancho,Tepeyahualco,Puebla,,Rural,https://postali.app/mx/puebla/tepeyahualco/la-luz
73999,San Vicente (Jalapasquillo),Ranchería,Tepeyahualco,Puebla,,Rural,https://postali.app/mx/puebla/tepeyahualco/san-vicente-jalapasquillo
73999,Soto,Colonia,Tepeyahualco,Puebla,,Rural,https://postali.app/mx/puebla/tepeyahualco/soto
74000,Centro,Colonia,San Martín Texmelucan,Puebla,San Martín Texmelucan de Labastida,Urbano,https://postali.app/mx/puebla/san-martin-texmelucan/centro
74010,San Pedro,Fraccionamiento,San Martín Texmelucan,Puebla,San Martín Texmelucan de Labastida,Urbano,https://postali.app/mx/puebla/san-martin-texmelucan/san-pedro
74010,Villa el Carmen,Colonia,San Martín Texmelucan,Puebla,San Martín Texmelucan de Labastida,Urbano,https://postali.app/mx/puebla/san-martin-texmelucan/villa-el-carmen
74013,Buenavista,Colonia,San Martín Texmelucan,Puebla,San Martín Texmelucan de Labastida,Urbano,https://postali.app/mx/puebla/san-martin-texmelucan/buenavista
74013,Independencia,Colonia,San Martín Texmelucan,Puebla,San Martín Texmelucan de Labastida,Urbano,https://postali.app/mx/puebla/san-martin-texmelucan/independencia
74013,Los Volcanes,Colonia,San Martín Texmelucan,Puebla,San Martín Texmelucan de Labastida,Urbano,https://postali.app/mx/puebla/san-martin-texmelucan/los-volcanes
74020,Morelos,Colonia,San Martín Texmelucan,Puebla,San Martín Texmelucan de Labastida,Urbano,https://postali.app/mx/puebla/san-martin-texmelucan/morelos
74021,La Santísima,Colonia,San Martín Texmelucan,Puebla,San Martín Texmelucan de Labastida,Urbano,https://postali.app/mx/puebla/san-martin-texmelucan/la-santisima
74030,INFONAVIT San Juan,Unidad habitacional,San Martín Texmelucan,Puebla,San Martín Texmelucan de Labastida,Urbano,https://postali.app/mx/puebla/san-martin-texmelucan/infonavit-san-juan
74030,La Purísima,Colonia,San Martín Texmelucan,Puebla,San Martín Texmelucan de Labastida,Urbano,https://postali.app/mx/puebla/san-martin-texmelucan/la-purisima
74030,San Isidro,Colonia,San Martín Texmelucan,Puebla,San Martín Texmelucan de Labastida,Urbano,https://postali.app/mx/puebla/san-martin-texmelucan/san-isidro
74030,Valle Norte de San Martín,Colonia,San Martín Texmelucan,Puebla,San Martín Texmelucan de Labastida,Urbano,https://postali.app/mx/puebla/san-martin-texmelucan/valle-norte-de-san-martin
74031,El Arenal,Colonia,San Martín Texmelucan,Puebla,San Martín Texmelucan de Labastida,Urbano,https://postali.app/mx/puebla/san-martin-texmelucan/el-arenal
74040,Lomas de San Antonio,Colonia,San Martín Texmelucan,Puebla,San Martín Texmelucan de Labastida,Urbano,https://postali.app/mx/puebla/san-martin-texmelucan/lomas-de-san-antonio
74040,San Miguel Lardizabal,Colonia,San Martín Texmelucan,Puebla,San Martín Texmelucan de Labastida,Urbano,https://postali.app/mx/puebla/san-martin-texmelucan/san-miguel-lardizabal
74041,Baja California,Colonia,San Martín Texmelucan,Puebla,San Martín Texmelucan de Labastida,Urbano,https://postali.app/mx/puebla/san-martin-texmelucan/baja-california
74042,Ojo de Agua,Colonia,San Martín Texmelucan,Puebla,San Martín Texmelucan de Labastida,Urbano,https://postali.app/mx/puebla/san-martin-texmelucan/ojo-de-agua
74042,Ricardo Flores Magón,Unidad habitacional,San Martín Texmelucan,Puebla,San Martín Texmelucan de Labastida,Urbano,https://postali.app/mx/puebla/san-martin-texmelucan/ricardo-flores-magon
74050,Domingo Arenas,Colonia,San Martín Texmelucan,Puebla,San Martín Texmelucan de Labastida,Urbano,https://postali.app/mx/puebla/san-martin-texmelucan/domingo-arenas
74050,La Joya,Colonia,San Martín Texmelucan,Puebla,San Martín Texmelucan de Labastida,Urbano,https://postali.app/mx/puebla/san-martin-texmelucan/la-joya
74050,Solidaridad,Colonia,San Martín Texmelucan,Puebla,San Martín Texmelucan de Labastida,Urbano,https://postali.app/mx/puebla/san-martin-texmelucan/solidaridad
74053,6 de Enero,Colonia,San Martín Texmelucan,Puebla,San Martín Texmelucan de Labastida,Urbano,https://postali.app/mx/puebla/san-martin-texmelucan/6-de-enero
74053,Arboledas de San Martín,Fraccionamiento,San Martín Texmelucan,Puebla,San Martín Texmelucan de Labastida,Urbano,https://postali.app/mx/puebla/san-martin-texmelucan/arboledas-de-san-martin
74053,Expropiación Petrolera 18 de Marzo,Colonia,San Martín Texmelucan,Puebla,San Martín Texmelucan de Labastida,Urbano,https://postali.app/mx/puebla/san-martin-texmelucan/expropiacion-petrolera-18-de-marzo
74053,Lomas de Atoyatenco,Colonia,San Martín Texmelucan,Puebla,San Martín Texmelucan de Labastida,Urbano,https://postali.app/mx/puebla/san-martin-texmelucan/lomas-de-atoyatenco
74053,PEMEX,Unidad habitacional,San Martín Texmelucan,Puebla,San Martín Texmelucan de Labastida,Urbano,https://postali.app/mx/puebla/san-martin-texmelucan/pemex
74053,Planetario,Colonia,San Martín Texmelucan,Puebla,San Martín Texmelucan de Labastida,Urbano,https://postali.app/mx/puebla/san-martin-texmelucan/planetario
74058,El Cerrito,Colonia,San Martín Texmelucan,Puebla,San Martín Texmelucan de Labastida,Urbano,https://postali.app/mx/puebla/san-martin-texmelucan/el-cerrito
74059,INFONAVIT Antonio Hernández,Unidad habitacional,San Martín Texmelucan,Puebla,San Martín Texmelucan de Labastida,Urbano,https://postali.app/mx/puebla/san-martin-texmelucan/infonavit-antonio-hernandez
74059,Llano de Tlahizco,Colonia,San Martín Texmelucan,Puebla,San Martín Texmelucan de Labastida,Urbano,https://postali.app/mx/puebla/san-martin-texmelucan/llano-de-tlahizco
74059,San Damián,Colonia,San Martín Texmelucan,Puebla,San Martín Texmelucan de Labastida,Urbano,https://postali.app/mx/puebla/san-martin-texmelucan/san-damian
74059,Tlaixco,Colonia,San Martín Texmelucan,Puebla,San Martín Texmelucan de Labastida,Urbano,https://postali.app/mx/puebla/san-martin-texmelucan/tlaixco
74060,INFONAVIT Mártires 7 de Enero,Unidad habitacional,San Martín Texmelucan,Puebla,San Martín Texmelucan de Labastida,Urbano,https://postali.app/mx/puebla/san-martin-texmelucan/infonavit-martires-7-de-enero
74060,Álvaro Obregón,Colonia,San Martín Texmelucan,Puebla,San Martín Texmelucan de Labastida,Urbano,https://postali.app/mx/puebla/san-martin-texmelucan/alvaro-obregon
74064,El Moral,Colonia,San Martín Texmelucan,Puebla,San Martín Texmelucan de Labastida,Urbano,https://postali.app/mx/puebla/san-martin-texmelucan/el-moral
74064,Los Pinos,Fraccionamiento,San Martín Texmelucan,Puebla,San Martín Texmelucan de Labastida,Urbano,https://postali.app/mx/puebla/san-martin-texmelucan/los-pinos
74068,Buenos Aires,Colonia,San Martín Texmelucan,Puebla,San Martín Texmelucan de Labastida,Urbano,https://postali.app/mx/puebla/san-martin-texmelucan/buenos-aires
74068,Diamante,Fraccionamiento,San Martín Texmelucan,Puebla,San Martín Texmelucan de Labastida,Urbano,https://postali.app/mx/puebla/san-martin-texmelucan/diamante
74068,El Río (Heyatzacoalco),Colonia,San Martín Texmelucan,Puebla,San Martín Texmelucan de Labastida,Urbano,https://postali.app/mx/puebla/san-martin-texmelucan/el-rio-heyatzacoalco
74068,La Huerta,Colonia,San Martín Texmelucan,Puebla,San Martín Texmelucan de Labastida,Urbano,https://postali.app/mx/puebla/san-martin-texmelucan/la-huerta
74068,Llano (Hueyatzacoalco),Colonia,San Martín Texmelucan,Puebla,San Martín Texmelucan de Labastida,Urbano,https://postali.app/mx/puebla/san-martin-texmelucan/llano-hueyatzacoalco
74068,San José Los Arcos,Fraccionamiento,San Martín Texmelucan,Puebla,San Martín Texmelucan de Labastida,Urbano,https://postali.app/mx/puebla/san-martin-texmelucan/san-jose-los-arcos
74068,Vista Hermosa,Colonia,San Martín Texmelucan,Puebla,San Martín Texmelucan de Labastida,Urbano,https://postali.app/mx/puebla/san-martin-texmelucan/vista-hermosa
74069,Gondola,Unidad habitacional,San Martín Texmelucan,Puebla,San Martín Texmelucan de Labastida,Urbano,https://postali.app/mx/puebla/san-martin-texmelucan/gondola
74069,Valle San Martin,Colonia,San Martín Texmelucan,Puebla,San Martín Texmelucan de Labastida,Urbano,https://postali.app/mx/puebla/san-martin-texmelucan/valle-san-martin
74070,Lindavista,Colonia,San Martín Texmelucan,Puebla,San Martín Texmelucan de Labastida,Urbano,https://postali.app/mx/puebla/san-martin-texmelucan/lindavista
74074,San Rafael,Fraccionamiento,San Martín Texmelucan,Puebla,San Martín Texmelucan de Labastida,Urbano,https://postali.app/mx/puebla/san-martin-texmelucan/san-rafael
74078,San Antonio,Colonia,San Martín Texmelucan,Puebla,San Martín Texmelucan de Labastida,Urbano,https://postali.app/mx/puebla/san-martin-texmelucan/san-antonio
74078,San Miguel,Colonia,San Martín Texmelucan,Puebla,San Martín Texmelucan de Labastida,Urbano,https://postali.app/mx/puebla/san-martin-texmelucan/san-miguel
74079,La Cienega,Colonia,San Martín Texmelucan,Puebla,San Martín Texmelucan de Labastida,Urbano,https://postali.app/mx/puebla/san-martin-texmelucan/la-cienega
74079,Plaza Acuario,Colonia,San Martín Texmelucan,Puebla,San Martín Texmelucan de Labastida,Urbano,https://postali.app/mx/puebla/san-martin-texmelucan/plaza-acuario
74079,Residencial los Pinos,Fraccionamiento,San Martín Texmelucan,Puebla,San Martín Texmelucan de Labastida,Urbano,https://postali.app/mx/puebla/san-martin-texmelucan/residencial-los-pinos
74079,Tetitla,Colonia,San Martín Texmelucan,Puebla,San Martín Texmelucan de Labastida,Urbano,https://postali.app/mx/puebla/san-martin-texmelucan/tetitla
74080,Ampliación Los Dicios,Colonia,San Martín Texmelucan,Puebla,San Martín Texmelucan de Labastida,Urbano,https://postali.app/mx/puebla/san-martin-texmelucan/ampliacion-los-dicios
74080,Los Dicios,Colonia,San Martín Texmelucan,Puebla,San Martín Texmelucan de Labastida,Urbano,https://postali.app/mx/puebla/san-martin-texmelucan/los-dicios
74080,Los Ángeles,Colonia,San Martín Texmelucan,Puebla,San Martín Texmelucan de Labastida,Urbano,https://postali.app/mx/puebla/san-martin-texmelucan/los-angeles
74088,El Chamizal,Colonia,San Martín Texmelucan,Puebla,San Martín Texmelucan de Labastida,Urbano,https://postali.app/mx/puebla/san-martin-texmelucan/el-chamizal
74088,Polaxtla,Colonia,San Martín Texmelucan,Puebla,San Martín Texmelucan de Labastida,Urbano,https://postali.app/mx/puebla/san-martin-texmelucan/polaxtla
74089,El Calvario,Colonia,San Martín Texmelucan,Puebla,San Martín Texmelucan de Labastida,Urbano,https://postali.app/mx/puebla/san-martin-texmelucan/el-calvario
74089,San José,Colonia,San Martín Texmelucan,Puebla,San Martín Texmelucan de Labastida,Urbano,https://postali.app/mx/puebla/san-martin-texmelucan/san-jose
74090,Carrillo Puerto,Colonia,San Martín Texmelucan,Puebla,San Martín Texmelucan de Labastida,Urbano,https://postali.app/mx/puebla/san-martin-texmelucan/carrillo-puerto
74100,Benito Juárez,Colonia,Tlahuapan,Puebla,,Rural,https://postali.app/mx/puebla/tlahuapan/benito-juarez
74100,Cuapantitla,Colonia,Tlahuapan,Puebla,,Rural,https://postali.app/mx/puebla/tlahuapan/cuapantitla
74100,La Loma,Colonia,Tlahuapan,Puebla,,Rural,https://postali.app/mx/puebla/tlahuapan/la-loma
74100,Las Delicias,Colonia,Tlahuapan,Puebla,,Rural,https://postali.app/mx/puebla/tlahuapan/las-delicias
74100,San Miguel Tianguistenco,Pueblo,Tlahuapan,Puebla,,Rural,https://postali.app/mx/puebla/tlahuapan/san-miguel-tianguistenco
74100,San Rafael Ixtapaluca,Pueblo,Tlahuapan,Puebla,,Rural,https://postali.app/mx/puebla/tlahuapan/san-rafael-ixtapaluca
74100,Santa Rita Tlahuapan,Pueblo,Tlahuapan,Puebla,,Rural,https://postali.app/mx/puebla/tlahuapan/santa-rita-tlahuapan
74102,Guadalupito las Dalias,Pueblo,Tlahuapan,Puebla,,Rural,https://postali.app/mx/puebla/tlahuapan/guadalupito-las-dalias
74102,La Preciosita,Pueblo,Tlahuapan,Puebla,,Rural,https://postali.app/mx/puebla/tlahuapan/la-preciosita
74102,Santa Cruz Moxolahuac,Pueblo,Tlahuapan,Puebla,,Rural,https://postali.app/mx/puebla/tlahuapan/santa-cruz-moxolahuac
74103,Ignacio López Rayón,Pueblo,Tlahuapan,Puebla,,Rural,https://postali.app/mx/puebla/tlahuapan/ignacio-lopez-rayon
74103,La Granja,Colonia,Tlahuapan,Puebla,,Urbano,https://postali.app/mx/puebla/tlahuapan/la-granja
74103,San Martinito,Pueblo,Tlahuapan,Puebla,,Rural,https://postali.app/mx/puebla/tlahuapan/san-martinito
74104,Guadalupe Zaragoza,Pueblo,Tlahuapan,Puebla,,Rural,https://postali.app/mx/puebla/tlahuapan/guadalupe-zaragoza
74105,San Pedro Matamoros,Pueblo,Tlahuapan,Puebla,,Rural,https://postali.app/mx/puebla/tlahuapan/san-pedro-matamoros
74105,Santa Cruz Otlatla,Ranchería,Tlahuapan,Puebla,,Rural,https://postali.app/mx/puebla/tlahuapan/santa-cruz-otlatla
74105,Santiago Coltzingo,Pueblo,Tlahuapan,Puebla,,Rural,https://postali.app/mx/puebla/tlahuapan/santiago-coltzingo
74106,Ignacio M Altamirano,Pueblo,Tlahuapan,Puebla,,Rural,https://postali.app/mx/puebla/tlahuapan/ignacio-m-altamirano
74107,Domingo Arenas,Colonia,Tlahuapan,Puebla,,Urbano,https://postali.app/mx/puebla/tlahuapan/domingo-arenas
74108,Santa María Texmelucan,Pueblo,Tlahuapan,Puebla,,Rural,https://postali.app/mx/puebla/tlahuapan/santa-maria-texmelucan
74109,San Juan Cuauhtémoc,Pueblo,Tlahuapan,Puebla,,Rural,https://postali.app/mx/puebla/tlahuapan/san-juan-cuauhtemoc
74110,Las Nieves,Colonia,San Matías Tlalancaleca,Puebla,,Rural,https://postali.app/mx/puebla/san-matias-tlalancaleca/las-nieves
74110,Los Bancos,Colonia,San Matías Tlalancaleca,Puebla,,Rural,https://postali.app/mx/puebla/san-matias-tlalancaleca/los-bancos
74110,Palmillas,Colonia,San Matías Tlalancaleca,Puebla,,Rural,https://postali.app/mx/puebla/san-matias-tlalancaleca/palmillas
74110,San Matías Tlalancaleca,Pueblo,San Matías Tlalancaleca,Puebla,,Rural,https://postali.app/mx/puebla/san-matias-tlalancaleca/san-matias-tlalancaleca
74110,San Miguel del Molino,Colonia,San Matías Tlalancaleca,Puebla,,Rural,https://postali.app/mx/puebla/san-matias-tlalancaleca/san-miguel-del-molino
74115,San Francisco Tláloc,Pueblo,San Matías Tlalancaleca,Puebla,,Rural,https://postali.app/mx/puebla/san-matias-tlalancaleca/san-francisco-tlaloc
74116,Ex-Hacienda Molino de Guadalupe (San Félix),Colonia,San Matías Tlalancaleca,Puebla,,Rural,https://postali.app/mx/puebla/san-matias-tlalancaleca/ex-hacienda-molino-de-guadalupe-san-felix
74116,Juárez Coronaco,Pueblo,San Matías Tlalancaleca,Puebla,,Rural,https://postali.app/mx/puebla/san-matias-tlalancaleca/juarez-coronaco
74117,San Antonio Chautla de Arenas,Pueblo,San Matías Tlalancaleca,Puebla,,Rural,https://postali.app/mx/puebla/san-matias-tlalancaleca/san-antonio-chautla-de-arenas
74120,Centro (Tepatlaxco),Pueblo,San Martín Texmelucan,Puebla,,Urbano,https://postali.app/mx/puebla/san-martin-texmelucan/centro-tepatlaxco
74120,El Barrio (Tepatlaxco),Colonia,San Martín Texmelucan,Puebla,,Urbano,https://postali.app/mx/puebla/san-martin-texmelucan/el-barrio-tepatlaxco
74120,El Llano (Tepatlaxco),Colonia,San Martín Texmelucan,Puebla,,Urbano,https://postali.app/mx/puebla/san-martin-texmelucan/el-llano-tepatlaxco
74120,Jardines de San Juan,Fraccionamiento,San Martín Texmelucan,Puebla,,Urbano,https://postali.app/mx/puebla/san-martin-texmelucan/jardines-de-san-juan
74120,La Colonia (Tepatlaxco),Colonia,San Martín Texmelucan,Puebla,,Urbano,https://postali.app/mx/puebla/san-martin-texmelucan/la-colonia-tepatlaxco
74120,La Joya,Colonia,San Martín Texmelucan,Puebla,,Urbano,https://postali.app/mx/puebla/san-martin-texmelucan/la-joya-74120
74120,La Loma (Tepatlaxco),Colonia,San Martín Texmelucan,Puebla,,Urbano,https://postali.app/mx/puebla/san-martin-texmelucan/la-loma-tepatlaxco
74120,Las Piedras (Tepatlaxco,Pueblo,San Martín Texmelucan,Puebla,,Urbano,https://postali.app/mx/puebla/san-martin-texmelucan/las-piedras-tepatlaxco
74120,Las Rosas (Tepatlaxco),Colonia,San Martín Texmelucan,Puebla,,Urbano,https://postali.app/mx/puebla/san-martin-texmelucan/las-rosas-tepatlaxco
74120,Los Agaves,Fraccionamiento,San Martín Texmelucan,Puebla,,Urbano,https://postali.app/mx/puebla/san-martin-texmelucan/los-agaves
74120,Manantiales (Tepatlaxco),Colonia,San Martín Texmelucan,Puebla,,Urbano,https://postali.app/mx/puebla/san-martin-texmelucan/manantiales-tepatlaxco
74120,San Cristóbal Tepatlaxco,Pueblo,San Martín Texmelucan,Puebla,,Urbano,https://postali.app/mx/puebla/san-martin-texmelucan/san-cristobal-tepatlaxco
74120,San Lucas Atoyatenco,Pueblo,San Martín Texmelucan,Puebla,,Urbano,https://postali.app/mx/puebla/san-martin-texmelucan/san-lucas-atoyatenco
74120,Tamazolapa (Tepatlaxco),Colonia,San Martín Texmelucan,Puebla,,Urbano,https://postali.app/mx/puebla/san-martin-texmelucan/tamazolapa-tepatlaxco
74122,Estrella,Fraccionamiento,San Martín Texmelucan,Puebla,,Urbano,https://postali.app/mx/puebla/san-martin-texmelucan/estrella
74122,Llano Grande,Colonia,San Martín Texmelucan,Puebla,,Urbano,https://postali.app/mx/puebla/san-martin-texmelucan/llano-grande
74122,San Rafael Tlanalapan,Pueblo,San Martín Texmelucan,Puebla,,Rural,https://postali.app/mx/puebla/san-martin-texmelucan/san-rafael-tlanalapan
74125,El Moral,Pueblo,San Martín Texmelucan,Puebla,,Rural,https://postali.app/mx/puebla/san-martin-texmelucan/el-moral-74125
74125,Santa Catarina Hueyatzacoalco,Pueblo,San Martín Texmelucan,Puebla,,Urbano,https://postali.app/mx/puebla/san-martin-texmelucan/santa-catarina-hueyatzacoalco
74126,Benito Juárez,Colonia,San Martín Texmelucan,Puebla,,Rural,https://postali.app/mx/puebla/san-martin-texmelucan/benito-juarez
74126,Chalco,Colonia,San Martín Texmelucan,Puebla,,Rural,https://postali.app/mx/puebla/san-martin-texmelucan/chalco
74126,Guadalupe,Colonia,San Martín Texmelucan,Puebla,,Rural,https://postali.app/mx/puebla/san-martin-texmelucan/guadalupe
74126,Guadalupe Victoria,Colonia,San Martín Texmelucan,Puebla,,Rural,https://postali.app/mx/puebla/san-martin-texmelucan/guadalupe-victoria
74126,La Cruz,Colonia,San Martín Texmelucan,Puebla,,Rural,https://postali.app/mx/puebla/san-martin-texmelucan/la-cruz
74126,San Baltasar Temaxcalac,Pueblo,San Martín Texmelucan,Puebla,,Rural,https://postali.app/mx/puebla/san-martin-texmelucan/san-baltasar-temaxcalac
74126,Santa Cruz de los Ángeles,Colonia,San Martín Texmelucan,Puebla,,Rural,https://postali.app/mx/puebla/san-martin-texmelucan/santa-cruz-de-los-angeles
74126,Yeloxotchitla,Colonia,San Martín Texmelucan,Puebla,,Rural,https://postali.app/mx/puebla/san-martin-texmelucan/yeloxotchitla
74128,San Jerónimo Tianguismanalco,Pueblo,San Martín Texmelucan,Puebla,,Rural,https://postali.app/mx/puebla/san-martin-texmelucan/san-jeronimo-tianguismanalco
74129,Calyeca,Colonia,San Martín Texmelucan,Puebla,,Urbano,https://postali.app/mx/puebla/san-martin-texmelucan/calyeca
74129,La Deportiva,Colonia,San Martín Texmelucan,Puebla,,Urbano,https://postali.app/mx/puebla/san-martin-texmelucan/la-deportiva
74129,San Buenaventura Tecaltzingo,Pueblo,San Martín Texmelucan,Puebla,,Urbano,https://postali.app/mx/puebla/san-martin-texmelucan/san-buenaventura-tecaltzingo
74129,San Francisco Tepeyac,Pueblo,San Martín Texmelucan,Puebla,,Rural,https://postali.app/mx/puebla/san-martin-texmelucan/san-francisco-tepeyac
74129,San Juan Tuxco,Pueblo,San Martín Texmelucan,Puebla,,Rural,https://postali.app/mx/puebla/san-martin-texmelucan/san-juan-tuxco
74129,Santa Anita,Colonia,San Martín Texmelucan,Puebla,,Urbano,https://postali.app/mx/puebla/san-martin-texmelucan/santa-anita
74129,Santa María Moyotzingo,Pueblo,San Martín Texmelucan,Puebla,,Rural,https://postali.app/mx/puebla/san-martin-texmelucan/santa-maria-moyotzingo
74129,Tlacomulco,Colonia,San Martín Texmelucan,Puebla,,Rural,https://postali.app/mx/puebla/san-martin-texmelucan/tlacomulco
74130,Guadalupe la Encinera,Colonia,San Salvador el Verde,Puebla,,Rural,https://postali.app/mx/puebla/san-salvador-el-verde/guadalupe-la-encinera
74130,La Ladrillera,Colonia,San Salvador el Verde,Puebla,,Rural,https://postali.app/mx/puebla/san-salvador-el-verde/la-ladrillera
74130,Los Ramírez,Colonia,San Salvador el Verde,Puebla,,Rural,https://postali.app/mx/puebla/san-salvador-el-verde/los-ramirez
74130,San Salvador el Verde,Pueblo,San Salvador el Verde,Puebla,,Rural,https://postali.app/mx/puebla/san-salvador-el-verde/san-salvador-el-verde
74133,Acamique,Colonia,San Salvador el Verde,Puebla,,Rural,https://postali.app/mx/puebla/san-salvador-el-verde/acamique
74133,El Potrero,Colonia,San Salvador el Verde,Puebla,,Rural,https://postali.app/mx/puebla/san-salvador-el-verde/el-potrero
74133,San José Acuicuilco (El Retiro),Ranchería,San Salvador el Verde,Puebla,,Rural,https://postali.app/mx/puebla/san-salvador-el-verde/san-jose-acuicuilco-el-retiro
74133,Tierra Bendita,Colonia,San Salvador el Verde,Puebla,,Rural,https://postali.app/mx/puebla/san-salvador-el-verde/tierra-bendita
74133,Tlacotepec de José Manzo,Pueblo,San Salvador el Verde,Puebla,,Rural,https://postali.app/mx/puebla/san-salvador-el-verde/tlacotepec-de-jose-manzo
74134,San Simón Atzitzintla,Pueblo,San Salvador el Verde,Puebla,,Rural,https://postali.app/mx/puebla/san-salvador-el-verde/san-simon-atzitzintla
74135,San Lucas el Grande,Pueblo,San Salvador el Verde,Puebla,,Rural,https://postali.app/mx/puebla/san-salvador-el-verde/san-lucas-el-grande
74135,Unidad 13 de Septiembre,Colonia,San Salvador el Verde,Puebla,,Rural,https://postali.app/mx/puebla/san-salvador-el-verde/unidad-13-de-septiembre
74136,La Calera,Ranchería,San Salvador el Verde,Puebla,,Rural,https://postali.app/mx/puebla/san-salvador-el-verde/la-calera
74136,San Antonio Chautla,Exhacienda,San Salvador el Verde,Puebla,,Rural,https://postali.app/mx/puebla/san-salvador-el-verde/san-antonio-chautla
74136,Zopilocalco,Ranchería,San Salvador el Verde,Puebla,,Rural,https://postali.app/mx/puebla/san-salvador-el-verde/zopilocalco
74137,Analco de Ponciano Arriaga (Santa Cruz Analco),Pueblo,San Salvador el Verde,Puebla,,Rural,https://postali.app/mx/puebla/san-salvador-el-verde/analco-de-ponciano-arriaga-santa-cruz-analco
74137,El Calvario,Ranchería,San Salvador el Verde,Puebla,,Rural,https://postali.app/mx/puebla/san-salvador-el-verde/el-calvario
74137,Los Japoneses,Ranchería,San Salvador el Verde,Puebla,,Rural,https://postali.app/mx/puebla/san-salvador-el-verde/los-japoneses
74137,San Gregorio Aztotoacan,Pueblo,San Salvador el Verde,Puebla,,Rural,https://postali.app/mx/puebla/san-salvador-el-verde/san-gregorio-aztotoacan
74138,Alegre,Rancho,San Salvador el Verde,Puebla,,Rural,https://postali.app/mx/puebla/san-salvador-el-verde/alegre
74138,Bañuelos,Rancho,San Salvador el Verde,Puebla,,Rural,https://postali.app/mx/puebla/san-salvador-el-verde/banuelos
74138,La Anguiona,Rancho,San Salvador el Verde,Puebla,,Rural,https://postali.app/mx/puebla/san-salvador-el-verde/la-anguiona
74138,San Andrés Hueyacatitla,Pueblo,San Salvador el Verde,Puebla,,Rural,https://postali.app/mx/puebla/san-salvador-el-verde/san-andres-hueyacatitla
74138,San Miguel Contla,Rancho,San Salvador el Verde,Puebla,,Rural,https://postali.app/mx/puebla/san-salvador-el-verde/san-miguel-contla
74138,San Pedro Malinaltepec,Rancho,San Salvador el Verde,Puebla,,Rural,https://postali.app/mx/puebla/san-salvador-el-verde/san-pedro-malinaltepec
74138,Tlamaya,Rancho,San Salvador el Verde,Puebla,,Rural,https://postali.app/mx/puebla/san-salvador-el-verde/tlamaya
74140,San Felipe Teotlalcingo,Pueblo,San Felipe Teotlalcingo,Puebla,,Rural,https://postali.app/mx/puebla/san-felipe-teotlalcingo/san-felipe-teotlalcingo
74140,San Matías Atzala,Pueblo,San Felipe Teotlalcingo,Puebla,,Rural,https://postali.app/mx/puebla/san-felipe-teotlalcingo/san-matias-atzala
74144,San Juan Tlale,Barrio,San Felipe Teotlalcingo,Puebla,,Rural,https://postali.app/mx/puebla/san-felipe-teotlalcingo/san-juan-tlale
74150,San Antonio Tlatenco,Pueblo,Chiautzingo,Puebla,,Urbano,https://postali.app/mx/puebla/chiautzingo/san-antonio-tlatenco
74150,San Lorenzo Chiautzingo,Pueblo,Chiautzingo,Puebla,,Rural,https://postali.app/mx/puebla/chiautzingo/san-lorenzo-chiautzingo
74155,San Agustín Atzompa,Pueblo,Chiautzingo,Puebla,,Rural,https://postali.app/mx/puebla/chiautzingo/san-agustin-atzompa
74155,San Juan Tetla,Pueblo,Chiautzingo,Puebla,,Rural,https://postali.app/mx/puebla/chiautzingo/san-juan-tetla
74155,San Nicolás Zecalacoayan,Pueblo,Chiautzingo,Puebla,,Rural,https://postali.app/mx/puebla/chiautzingo/san-nicolas-zecalacoayan
74160,Arcos del Alba,Fraccionamiento,Huejotzingo,Puebla,,Rural,https://postali.app/mx/puebla/huejotzingo/arcos-del-alba
74160,Bosque de Los Sauces,Fraccionamiento,Huejotzingo,Puebla,,Rural,https://postali.app/mx/puebla/huejotzingo/bosque-de-los-sauces
74160,Cuarto,Barrio,Huejotzingo,Puebla,,Rural,https://postali.app/mx/puebla/huejotzingo/cuarto
74160,El Huesito,Fraccionamiento,Huejotzingo,Puebla,,Urbano,https://postali.app/mx/puebla/huejotzingo/el-huesito
74160,El Manzano,Fraccionamiento,Huejotzingo,Puebla,,Urbano,https://postali.app/mx/puebla/huejotzingo/el-manzano
74160,Ex-Rancho de Niebla,Fraccionamiento,Huejotzingo,Puebla,,Urbano,https://postali.app/mx/puebla/huejotzingo/ex-rancho-de-niebla
74160,Guadalupe la Vega,Colonia,Huejotzingo,Puebla,,Urbano,https://postali.app/mx/puebla/huejotzingo/guadalupe-la-vega
74160,Hacienda los Sauces,Condominio,Huejotzingo,Puebla,,Rural,https://postali.app/mx/puebla/huejotzingo/hacienda-los-sauces
74160,Huejotzingo Centro,Barrio,Huejotzingo,Puebla,,Rural,https://postali.app/mx/puebla/huejotzingo/huejotzingo-centro
74160,La Joya de Santiago Mextla,Fraccionamiento,Huejotzingo,Puebla,,Urbano,https://postali.app/mx/puebla/huejotzingo/la-joya-de-santiago-mextla
74160,La Victoria,Fraccionamiento,Huejotzingo,Puebla,,Urbano,https://postali.app/mx/puebla/huejotzingo/la-victoria
74160,Las Huertas,Fraccionamiento,Huejotzingo,Puebla,,Urbano,https://postali.app/mx/puebla/huejotzingo/las-huertas
74160,Las Tapias,Fraccionamiento,Huejotzingo,Puebla,,Urbano,https://postali.app/mx/puebla/huejotzingo/las-tapias
74160,Las Ánimas,Fraccionamiento,Huejotzingo,Puebla,,Urbano,https://postali.app/mx/puebla/huejotzingo/las-animas
74160,Los Carrizos,Fraccionamiento,Huejotzingo,Puebla,,Urbano,https://postali.app/mx/puebla/huejotzingo/los-carrizos
74160,Los Encinos,Fraccionamiento,Huejotzingo,Puebla,,Urbano,https://postali.app/mx/puebla/huejotzingo/los-encinos
74160,Los Oroza,Colonia,Huejotzingo,Puebla,,Urbano,https://postali.app/mx/puebla/huejotzingo/los-oroza
74160,Los Pirules,Fraccionamiento,Huejotzingo,Puebla,,Urbano,https://postali.app/mx/puebla/huejotzingo/los-pirules
74160,Magisteria,Fraccionamiento,Huejotzingo,Puebla,,Urbano,https://postali.app/mx/puebla/huejotzingo/magisteria
74160,Parque Industrial Ciudad Textil Puebla,Zona industrial,Huejotzingo,Puebla,,Rural,https://postali.app/mx/puebla/huejotzingo/parque-industrial-ciudad-textil-puebla
74160,Paseo de los Sauces,Fraccionamiento,Huejotzingo,Puebla,,Urbano,https://postali.app/mx/puebla/huejotzingo/paseo-de-los-sauces
74160,Paseo del Convento,Fraccionamiento,Huejotzingo,Puebla,,Urbano,https://postali.app/mx/puebla/huejotzingo/paseo-del-convento
74160,Primero,Barrio,Huejotzingo,Puebla,,Rural,https://postali.app/mx/puebla/huejotzingo/primero
74160,Real de Huejotzingo,Fraccionamiento,Huejotzingo,Puebla,,Urbano,https://postali.app/mx/puebla/huejotzingo/real-de-huejotzingo
74160,Real Segovia,Fraccionamiento,Huejotzingo,Puebla,,Urbano,https://postali.app/mx/puebla/huejotzingo/real-segovia
74160,San José Tlautla,Colonia,Huejotzingo,Puebla,,Rural,https://postali.app/mx/puebla/huejotzingo/san-jose-tlautla
74160,San Miguel Tianguizolco,Pueblo,Huejotzingo,Puebla,,Rural,https://postali.app/mx/puebla/huejotzingo/san-miguel-tianguizolco
74160,Santa Bárbara,Fraccionamiento,Huejotzingo,Puebla,,Urbano,https://postali.app/mx/puebla/huejotzingo/santa-barbara
74160,Santa María Atexcac,Pueblo,Huejotzingo,Puebla,,Rural,https://postali.app/mx/puebla/huejotzingo/santa-maria-atexcac
74160,Santa María Nepopualco,Pueblo,Huejotzingo,Puebla,,Urbano,https://postali.app/mx/puebla/huejotzingo/santa-maria-nepopualco
74160,Segundo,Barrio,Huejotzingo,Puebla,,Rural,https://postali.app/mx/puebla/huejotzingo/segundo
74160,Tercero,Barrio,Huejotzingo,Puebla,,Rural,https://postali.app/mx/puebla/huejotzingo/tercero
74160,Valle de San Miguel,Fraccionamiento,Huejotzingo,Puebla,,Urbano,https://postali.app/mx/puebla/huejotzingo/valle-de-san-miguel
74160,Villas Las Moras,Fraccionamiento,Huejotzingo,Puebla,,Rural,https://postali.app/mx/puebla/huejotzingo/villas-las-moras
74160,Villas Los Ciruelos,Condominio,Huejotzingo,Puebla,,Rural,https://postali.app/mx/puebla/huejotzingo/villas-los-ciruelos
74160,Villas Los Frutales,Condominio,Huejotzingo,Puebla,,Rural,https://postali.app/mx/puebla/huejotzingo/villas-los-frutales
74160,Villas Los Perales,Condominio,Huejotzingo,Puebla,,Rural,https://postali.app/mx/puebla/huejotzingo/villas-los-perales
74160,Villas Monte Verde,Condominio,Huejotzingo,Puebla,,Rural,https://postali.app/mx/puebla/huejotzingo/villas-monte-verde
74162,Popocatépetl,Colonia,Huejotzingo,Puebla,,Rural,https://postali.app/mx/puebla/huejotzingo/popocatepetl
74162,San Diego Buenavista,Pueblo,Huejotzingo,Puebla,,Rural,https://postali.app/mx/puebla/huejotzingo/san-diego-buenavista
74163,Alahila,Colonia,Huejotzingo,Puebla,,Rural,https://postali.app/mx/puebla/huejotzingo/alahila
74165,San Luis Coyotzingo,Pueblo,Huejotzingo,Puebla,,Rural,https://postali.app/mx/puebla/huejotzingo/san-luis-coyotzingo
74166,San Juan Pancoac,Pueblo,Huejotzingo,Puebla,,Rural,https://postali.app/mx/puebla/huejotzingo/san-juan-pancoac
74166,Santa Elena,Ranchería,Huejotzingo,Puebla,,Rural,https://postali.app/mx/puebla/huejotzingo/santa-elena
74166,Santa María Tianguistenco,Pueblo,Huejotzingo,Puebla,,Rural,https://postali.app/mx/puebla/huejotzingo/santa-maria-tianguistenco
74167,Emiliano Zapata,Colonia,Huejotzingo,Puebla,,Rural,https://postali.app/mx/puebla/huejotzingo/emiliano-zapata
74167,Gustavo Díaz Ordáz (La Cuenca),Colonia,Huejotzingo,Puebla,,Rural,https://postali.app/mx/puebla/huejotzingo/gustavo-diaz-ordaz-la-cuenca
74167,José López Portillo,Colonia,Huejotzingo,Puebla,,Rural,https://postali.app/mx/puebla/huejotzingo/jose-lopez-portillo
74167,San Mateo Capultitlán,Pueblo,Huejotzingo,Puebla,,Rural,https://postali.app/mx/puebla/huejotzingo/san-mateo-capultitlan
74168,Puebla (Hermanos Serdán),Aeropuerto,Huejotzingo,Puebla,,Rural,https://postali.app/mx/puebla/huejotzingo/puebla-hermanos-serdan
74169,Santa Ana Xalmimilulco,Pueblo,Huejotzingo,Puebla,,Rural,https://postali.app/mx/puebla/huejotzingo/santa-ana-xalmimilulco
74169,Santo Domingo Ciénega Honda,Ranchería,Huejotzingo,Puebla,,Rural,https://postali.app/mx/puebla/huejotzingo/santo-domingo-cienega-honda
74170,Axaxalpa,Colonia,Domingo Arenas,Puebla,,Rural,https://postali.app/mx/puebla/domingo-arenas/axaxalpa
74170,Domingo Arenas,Pueblo,Domingo Arenas,Puebla,,Rural,https://postali.app/mx/puebla/domingo-arenas/domingo-arenas
74173,Cháhuac,Ranchería,Domingo Arenas,Puebla,,Rural,https://postali.app/mx/puebla/domingo-arenas/chahuac
74180,San Andrés Calpan,Pueblo,Calpan,Puebla,,Rural,https://postali.app/mx/puebla/calpan/san-andres-calpan
74180,San Lucas Atzala,Pueblo,Calpan,Puebla,,Rural,https://postali.app/mx/puebla/calpan/san-lucas-atzala
74180,San Mateo Ozolco,Pueblo,Calpan,Puebla,,Urbano,https://postali.app/mx/puebla/calpan/san-mateo-ozolco
74180,Tepectipa,Colonia,Calpan,Puebla,,Rural,https://postali.app/mx/puebla/calpan/tepectipa
74183,El Palmar (La Ocotera Seca),Colonia,Calpan,Puebla,,Rural,https://postali.app/mx/puebla/calpan/el-palmar-la-ocotera-seca
74183,Pueblo Nuevo,Pueblo,Calpan,Puebla,,Rural,https://postali.app/mx/puebla/calpan/pueblo-nuevo
74190,San Nicolás los Ranchos,Pueblo,San Nicolás de los Ranchos,Puebla,,Rural,https://postali.app/mx/puebla/san-nicolas-de-los-ranchos/san-nicolas-los-ranchos
74190,San Pedro Yancuitlalpan,Pueblo,San Nicolás de los Ranchos,Puebla,,Rural,https://postali.app/mx/puebla/san-nicolas-de-los-ranchos/san-pedro-yancuitlalpan
74190,Santiago Xalitzintla,Pueblo,San Nicolás de los Ranchos,Puebla,,Rural,https://postali.app/mx/puebla/san-nicolas-de-los-ranchos/santiago-xalitzintla
74200,Atlixco Centro,Colonia,Atlixco,Puebla,Atlixco,Urbano,https://postali.app/mx/puebla/atlixco/atlixco-centro
74210,Cortijo de los Soles,Colonia,Atlixco,Puebla,Atlixco,Urbano,https://postali.app/mx/puebla/atlixco/cortijo-de-los-soles
74210,Ex Hacienda Tizayuca,Fraccionamiento,Atlixco,Puebla,Atlixco,Urbano,https://postali.app/mx/puebla/atlixco/ex-hacienda-tizayuca
74210,Huerta de San José,Colonia,Atlixco,Puebla,Atlixco,Urbano,https://postali.app/mx/puebla/atlixco/huerta-de-san-jose
74210,La Guardia,Colonia,Atlixco,Puebla,Atlixco,Urbano,https://postali.app/mx/puebla/atlixco/la-guardia
74210,Las Nieves,Colonia,Atlixco,Puebla,Atlixco,Urbano,https://postali.app/mx/puebla/atlixco/las-nieves
74210,Lomas de Temascalapa,Colonia,Atlixco,Puebla,Atlixco,Urbano,https://postali.app/mx/puebla/atlixco/lomas-de-temascalapa
74210,Los Ángeles,Colonia,Atlixco,Puebla,Atlixco,Urbano,https://postali.app/mx/puebla/atlixco/los-angeles
74215,Monte Cristo,Fraccionamiento,Atlixco,Puebla,Atlixco,Urbano,https://postali.app/mx/puebla/atlixco/monte-cristo
74215,Paseos de Atlixco,Fraccionamiento,Atlixco,Puebla,Atlixco,Urbano,https://postali.app/mx/puebla/atlixco/paseos-de-atlixco
74215,San Alfonso,Colonia,Atlixco,Puebla,Atlixco,Urbano,https://postali.app/mx/puebla/atlixco/san-alfonso
74215,Villa Helena,Conjunto habitacional,Atlixco,Puebla,Atlixco,Urbano,https://postali.app/mx/puebla/atlixco/villa-helena
74218,Atlixco 90,Colonia,Atlixco,Puebla,Atlixco,Urbano,https://postali.app/mx/puebla/atlixco/atlixco-90
74218,El Barreal,Colonia,Atlixco,Puebla,Atlixco,Urbano,https://postali.app/mx/puebla/atlixco/el-barreal
74218,El Encanto del Cerril,Colonia,Atlixco,Puebla,Atlixco,Urbano,https://postali.app/mx/puebla/atlixco/el-encanto-del-cerril
74218,Real Conveima Atlixco,Fraccionamiento,Atlixco,Puebla,Atlixco,Urbano,https://postali.app/mx/puebla/atlixco/real-conveima-atlixco
74218,Soapama,Colonia,Atlixco,Puebla,Atlixco,Urbano,https://postali.app/mx/puebla/atlixco/soapama
74218,Vista Hermosa,Colonia,Atlixco,Puebla,Atlixco,Urbano,https://postali.app/mx/puebla/atlixco/vista-hermosa
74220,Ahuehuetes,Colonia,Atlixco,Puebla,Atlixco,Urbano,https://postali.app/mx/puebla/atlixco/ahuehuetes
74220,Benito Juárez,Colonia,Atlixco,Puebla,Atlixco,Urbano,https://postali.app/mx/puebla/atlixco/benito-juarez
74220,Los Llanos,Colonia,Atlixco,Puebla,Atlixco,Urbano,https://postali.app/mx/puebla/atlixco/los-llanos
74220,San Antonio Las Monjas,Fraccionamiento,Atlixco,Puebla,Atlixco,Urbano,https://postali.app/mx/puebla/atlixco/san-antonio-las-monjas
74227,INFONAVIT,Unidad habitacional,Atlixco,Puebla,Atlixco,Urbano,https://postali.app/mx/puebla/atlixco/infonavit
74227,Xalpatlaco,Colonia,Atlixco,Puebla,Atlixco,Urbano,https://postali.app/mx/puebla/atlixco/xalpatlaco
74230,Cámara de Comercio,Fraccionamiento,Atlixco,Puebla,Atlixco,Urbano,https://postali.app/mx/puebla/atlixco/camara-de-comercio
74230,El Popo,Colonia,Atlixco,Puebla,Atlixco,Urbano,https://postali.app/mx/puebla/atlixco/el-popo
74230,Los Solares,Fraccionamiento,Atlixco,Puebla,Atlixco,Urbano,https://postali.app/mx/puebla/atlixco/los-solares
74230,Rancho Gamboa,Colonia,Atlixco,Puebla,Atlixco,Urbano,https://postali.app/mx/puebla/atlixco/rancho-gamboa
74230,Solares Chicos,Colonia,Atlixco,Puebla,Atlixco,Urbano,https://postali.app/mx/puebla/atlixco/solares-chicos
74230,Solares Grandes,Colonia,Atlixco,Puebla,Atlixco,Urbano,https://postali.app/mx/puebla/atlixco/solares-grandes
74239,FOVISSSTE,Unidad habitacional,Atlixco,Puebla,Atlixco,Urbano,https://postali.app/mx/puebla/atlixco/fovissste
74239,Las Monjas,Fraccionamiento,Atlixco,Puebla,Atlixco,Urbano,https://postali.app/mx/puebla/atlixco/las-monjas
74240,Alta Vista,Colonia,Atlixco,Puebla,Atlixco,Urbano,https://postali.app/mx/puebla/atlixco/alta-vista
74240,Maximino Ávila Camacho,Colonia,Atlixco,Puebla,Atlixco,Urbano,https://postali.app/mx/puebla/atlixco/maximino-avila-camacho
74240,Ricardo Flores Magón (Fracción San Félix),Colonia,Atlixco,Puebla,Atlixco,Urbano,https://postali.app/mx/puebla/atlixco/ricardo-flores-magon-fraccion-san-felix
74250,La Soledad,Colonia,Atlixco,Puebla,Atlixco,Urbano,https://postali.app/mx/puebla/atlixco/la-soledad
74250,Ricardo Treviño,Colonia,Atlixco,Puebla,Atlixco,Urbano,https://postali.app/mx/puebla/atlixco/ricardo-trevino
74250,San Juan de Dios,Colonia,Atlixco,Puebla,Atlixco,Urbano,https://postali.app/mx/puebla/atlixco/san-juan-de-dios
74250,Santa Rosa Chapulapa,Colonia,Atlixco,Puebla,Atlixco,Urbano,https://postali.app/mx/puebla/atlixco/santa-rosa-chapulapa
74260,Empleado Federal,Colonia,Atlixco,Puebla,Atlixco,Urbano,https://postali.app/mx/puebla/atlixco/empleado-federal
74260,Hogar del Obrero,Colonia,Atlixco,Puebla,Atlixco,Urbano,https://postali.app/mx/puebla/atlixco/hogar-del-obrero
74260,La Candelaria,Fraccionamiento,Atlixco,Puebla,Atlixco,Urbano,https://postali.app/mx/puebla/atlixco/la-candelaria
74260,Los Arcos,Fraccionamiento,Atlixco,Puebla,Atlixco,Urbano,https://postali.app/mx/puebla/atlixco/los-arcos
74260,Prado Sur,Colonia,Atlixco,Puebla,Atlixco,Urbano,https://postali.app/mx/puebla/atlixco/prado-sur
74260,Álvaro Obregón,Colonia,Atlixco,Puebla,Atlixco,Urbano,https://postali.app/mx/puebla/atlixco/alvaro-obregon
74270,La Concordia,Fraccionamiento,Atlixco,Puebla,Atlixco,Urbano,https://postali.app/mx/puebla/atlixco/la-concordia
74270,Revolución,Colonia,Atlixco,Puebla,Atlixco,Urbano,https://postali.app/mx/puebla/atlixco/revolucion
74280,El Carmen,Colonia,Atlixco,Puebla,Atlixco,Urbano,https://postali.app/mx/puebla/atlixco/el-carmen
74280,Guadalupe Victoria,Colonia,Atlixco,Puebla,Atlixco,Urbano,https://postali.app/mx/puebla/atlixco/guadalupe-victoria
74280,Insurgentes,Colonia,Atlixco,Puebla,Atlixco,Urbano,https://postali.app/mx/puebla/atlixco/insurgentes
74280,La Carolina,Colonia,Atlixco,Puebla,Atlixco,Urbano,https://postali.app/mx/puebla/atlixco/la-carolina
74280,San José Cuauhtémoc,Colonia,Atlixco,Puebla,Atlixco,Urbano,https://postali.app/mx/puebla/atlixco/san-jose-cuauhtemoc
74280,Santa Mónica,Colonia,Atlixco,Puebla,Atlixco,Urbano,https://postali.app/mx/puebla/atlixco/santa-monica
74290,Cortijo de la Alfonsina,Colonia,Atlixco,Puebla,Atlixco,Urbano,https://postali.app/mx/puebla/atlixco/cortijo-de-la-alfonsina
74290,Francisco I Madero,Colonia,Atlixco,Puebla,Atlixco,Urbano,https://postali.app/mx/puebla/atlixco/francisco-i-madero
74290,La Hacienda,Fraccionamiento,Atlixco,Puebla,Atlixco,Urbano,https://postali.app/mx/puebla/atlixco/la-hacienda
74290,Militar,Unidad habitacional,Atlixco,Puebla,Atlixco,Urbano,https://postali.app/mx/puebla/atlixco/militar
74290,Valle Sur,Colonia,Atlixco,Puebla,Atlixco,Urbano,https://postali.app/mx/puebla/atlixco/valle-sur
74293,El Encanto,Colonia,Atlixco,Puebla,Atlixco,Urbano,https://postali.app/mx/puebla/atlixco/el-encanto
74293,Los Virreyes,Colonia,Atlixco,Puebla,Atlixco,Urbano,https://postali.app/mx/puebla/atlixco/los-virreyes
74293,Val de Cristo,Colonia,Atlixco,Puebla,Atlixco,Urbano,https://postali.app/mx/puebla/atlixco/val-de-cristo
74294,Club de Golf el Cristo,Fraccionamiento,Atlixco,Puebla,Atlixco,Urbano,https://postali.app/mx/puebla/atlixco/club-de-golf-el-cristo
74294,La Moraleda,Fraccionamiento,Atlixco,Puebla,Atlixco,Urbano,https://postali.app/mx/puebla/atlixco/la-moraleda
74294,Las Calandrias,Fraccionamiento,Atlixco,Puebla,Atlixco,Urbano,https://postali.app/mx/puebla/atlixco/las-calandrias
74295,El Pedregal,Colonia,Atlixco,Puebla,Atlixco,Urbano,https://postali.app/mx/puebla/atlixco/el-pedregal
74295,México,Colonia,Atlixco,Puebla,Atlixco,Urbano,https://postali.app/mx/puebla/atlixco/mexico
74295,Santa Cruz,Colonia,Atlixco,Puebla,Atlixco,Urbano,https://postali.app/mx/puebla/atlixco/santa-cruz
74300,Guadalupe Hidalgo,Colonia,Nealtican,Puebla,,Rural,https://postali.app/mx/puebla/nealtican/guadalupe-hidalgo
74300,San Buenaventura Nealtican,Pueblo,Nealtican,Puebla,,Rural,https://postali.app/mx/puebla/nealtican/san-buenaventura-nealtican
74300,Xaltepec,Colonia,Nealtican,Puebla,,Rural,https://postali.app/mx/puebla/nealtican/xaltepec
74310,Los Reyes Tlanechicolpan,Pueblo,San Jerónimo Tecuanipan,Puebla,,Rural,https://postali.app/mx/puebla/san-jeronimo-tecuanipan/los-reyes-tlanechicolpan
74310,San Jerónimo Tecuanipan,Pueblo,San Jerónimo Tecuanipan,Puebla,,Rural,https://postali.app/mx/puebla/san-jeronimo-tecuanipan/san-jeronimo-tecuanipan
74310,San Miguel Papaxtla,Pueblo,San Jerónimo Tecuanipan,Puebla,,Rural,https://postali.app/mx/puebla/san-jeronimo-tecuanipan/san-miguel-papaxtla
74320,San Gregorio Atzompa,Pueblo,San Gregorio Atzompa,Puebla,,Rural,https://postali.app/mx/puebla/san-gregorio-atzompa/san-gregorio-atzompa
74325,Chipilo de Francisco Javier Mina,Pueblo,San Gregorio Atzompa,Puebla,,Rural,https://postali.app/mx/puebla/san-gregorio-atzompa/chipilo-de-francisco-javier-mina
74330,Jerusalén,Colonia,Tochimilco,Puebla,,Rural,https://postali.app/mx/puebla/tochimilco/jerusalen
74330,La Concepción,Colonia,Tochimilco,Puebla,,Rural,https://postali.app/mx/puebla/tochimilco/la-concepcion
74330,La Magdalena Yancuitlalpan,Pueblo,Tochimilco,Puebla,,Rural,https://postali.app/mx/puebla/tochimilco/la-magdalena-yancuitlalpan
74330,Los Amates,Colonia,Tochimilco,Puebla,,Rural,https://postali.app/mx/puebla/tochimilco/los-amates
74330,San Lorenzo,Colonia,Tochimilco,Puebla,,Rural,https://postali.app/mx/puebla/tochimilco/san-lorenzo
74330,Tochimilco,Pueblo,Tochimilco,Puebla,,Rural,https://postali.app/mx/puebla/tochimilco/tochimilco
74334,Tepanapa,Pueblo,Tochimilco,Puebla,,Rural,https://postali.app/mx/puebla/tochimilco/tepanapa
74335,Cuautomatitla,Pueblo,Tochimilco,Puebla,,Rural,https://postali.app/mx/puebla/tochimilco/cuautomatitla
74335,Tecuanipa,Pueblo,Tochimilco,Puebla,,Rural,https://postali.app/mx/puebla/tochimilco/tecuanipa
74335,Zacatempa,Pueblo,Tochimilco,Puebla,,Rural,https://postali.app/mx/puebla/tochimilco/zacatempa
74336,Cuilotepec,Fraccionamiento,Tochimilco,Puebla,,Rural,https://postali.app/mx/puebla/tochimilco/cuilotepec
74337,Tochimizolco,Pueblo,Tochimilco,Puebla,,Rural,https://postali.app/mx/puebla/tochimilco/tochimizolco
74339,Alpanocan,Pueblo,Tochimilco,Puebla,,Rural,https://postali.app/mx/puebla/tochimilco/alpanocan
74339,Huilango,Pueblo,Tochimilco,Puebla,,Rural,https://postali.app/mx/puebla/tochimilco/huilango
74339,Tulcingo,Pueblo,Tochimilco,Puebla,,Rural,https://postali.app/mx/puebla/tochimilco/tulcingo
74340,San Martín Tlapala,Pueblo,Tianguismanalco,Puebla,,Rural,https://postali.app/mx/puebla/tianguismanalco/san-martin-tlapala
74340,Tianguismanalco,Pueblo,Tianguismanalco,Puebla,,Rural,https://postali.app/mx/puebla/tianguismanalco/tianguismanalco
74342,San Francisco Buenavista,Pueblo,Tianguismanalco,Puebla,,Rural,https://postali.app/mx/puebla/tianguismanalco/san-francisco-buenavista
74343,San Baltazar Atlimeyaya,Pueblo,Tianguismanalco,Puebla,,Rural,https://postali.app/mx/puebla/tianguismanalco/san-baltazar-atlimeyaya
74343,San Pedro Atlixco,Pueblo,Tianguismanalco,Puebla,,Rural,https://postali.app/mx/puebla/tianguismanalco/san-pedro-atlixco
74343,Santo Domingo Tenantitla,Colonia,Tianguismanalco,Puebla,,Rural,https://postali.app/mx/puebla/tianguismanalco/santo-domingo-tenantitla
74347,Pueblos Mágicos,Fraccionamiento,Tianguismanalco,Puebla,,Rural,https://postali.app/mx/puebla/tianguismanalco/pueblos-magicos
74348,La Villa Segunda Sección,Colonia,Tianguismanalco,Puebla,,Rural,https://postali.app/mx/puebla/tianguismanalco/la-villa-segunda-seccion
74348,La Villa Tercera Sección,Colonia,Tianguismanalco,Puebla,,Rural,https://postali.app/mx/puebla/tianguismanalco/la-villa-tercera-seccion
74348,San Isidro Tlacxitla,Colonia,Tianguismanalco,Puebla,,Rural,https://postali.app/mx/puebla/tianguismanalco/san-isidro-tlacxitla
74348,Villas el León,Colonia,Tianguismanalco,Puebla,,Rural,https://postali.app/mx/puebla/tianguismanalco/villas-el-leon
74350,San Martín Tlamapa,Pueblo,Santa Isabel Cholula,Puebla,,Rural,https://postali.app/mx/puebla/santa-isabel-cholula/san-martin-tlamapa
74350,Santa Isabel Cholula,Pueblo,Santa Isabel Cholula,Puebla,,Rural,https://postali.app/mx/puebla/santa-isabel-cholula/santa-isabel-cholula
74355,San Pablo Ahuatempa,Pueblo,Santa Isabel Cholula,Puebla,,Rural,https://postali.app/mx/puebla/santa-isabel-cholula/san-pablo-ahuatempa
74357,Tlamapa,Barrio,Santa Isabel Cholula,Puebla,,Rural,https://postali.app/mx/puebla/santa-isabel-cholula/tlamapa
74358,Santa Ana Acozautla,Pueblo,Santa Isabel Cholula,Puebla,,Rural,https://postali.app/mx/puebla/santa-isabel-cholula/santa-ana-acozautla
74360,Cabrera,Ranchería,Atlixco,Puebla,,Rural,https://postali.app/mx/puebla/atlixco/cabrera
74360,El León,Colonia,Atlixco,Puebla,,Rural,https://postali.app/mx/puebla/atlixco/el-leon
74360,Ixtepec,Colonia,Atlixco,Puebla,,Rural,https://postali.app/mx/puebla/atlixco/ixtepec
74360,La Villa,Colonia,Atlixco,Puebla,,Rural,https://postali.app/mx/puebla/atlixco/la-villa
74360,Maravillas,Colonia,Atlixco,Puebla,,Rural,https://postali.app/mx/puebla/atlixco/maravillas
74360,Metepec,Pueblo,Atlixco,Puebla,,Rural,https://postali.app/mx/puebla/atlixco/metepec
74360,Prados el León,Colonia,Atlixco,Puebla,,Rural,https://postali.app/mx/puebla/atlixco/prados-el-leon
74360,San Agustín Ixtahuixtla,Colonia,Atlixco,Puebla,,Rural,https://postali.app/mx/puebla/atlixco/san-agustin-ixtahuixtla
74360,San Juan Tejaluca,Pueblo,Atlixco,Puebla,,Rural,https://postali.app/mx/puebla/atlixco/san-juan-tejaluca
74360,Santa Cecilia,Colonia,Atlixco,Puebla,,Rural,https://postali.app/mx/puebla/atlixco/santa-cecilia
74360,Santa Elena Axocopan,Colonia,Atlixco,Puebla,,Rural,https://postali.app/mx/puebla/atlixco/santa-elena-axocopan
74360,Tenería,Fraccionamiento,Atlixco,Puebla,,Rural,https://postali.app/mx/puebla/atlixco/teneria
74363,Agrícola de Ocotepec (Colonia San José),Pueblo,Atlixco,Puebla,,Rural,https://postali.app/mx/puebla/atlixco/agricola-de-ocotepec-colonia-san-jose
74363,Guadalupe Huexocuapan,Pueblo,Atlixco,Puebla,,Rural,https://postali.app/mx/puebla/atlixco/guadalupe-huexocuapan
74363,San Jerónimo Coyula,Pueblo,Atlixco,Puebla,,Rural,https://postali.app/mx/puebla/atlixco/san-jeronimo-coyula
74363,San Juan Ocotepec,Pueblo,Atlixco,Puebla,,Rural,https://postali.app/mx/puebla/atlixco/san-juan-ocotepec
74363,San Miguel Ayala,Pueblo,Atlixco,Puebla,,Rural,https://postali.app/mx/puebla/atlixco/san-miguel-ayala
74363,San Pedro Benito Juárez,Pueblo,Atlixco,Puebla,,Rural,https://postali.app/mx/puebla/atlixco/san-pedro-benito-juarez
74365,Axocopan,Colonia,Atlixco,Puebla,,Rural,https://postali.app/mx/puebla/atlixco/axocopan
74365,Chapultepec,Colonia,Atlixco,Puebla,,Rural,https://postali.app/mx/puebla/atlixco/chapultepec
74365,La Joya (Agropecuaria Tenextepec),Colonia,Atlixco,Puebla,,Rural,https://postali.app/mx/puebla/atlixco/la-joya-agropecuaria-tenextepec
74365,La Sabana (San Juan la Sabana),Pueblo,Atlixco,Puebla,,Rural,https://postali.app/mx/puebla/atlixco/la-sabana-san-juan-la-sabana
74365,La Trinidad Tepango,Colonia,Atlixco,Puebla,,Rural,https://postali.app/mx/puebla/atlixco/la-trinidad-tepango
74365,La Vía,Colonia,Atlixco,Puebla,,Rural,https://postali.app/mx/puebla/atlixco/la-via
74365,Las Huertas de Jesús Primera Sección,Colonia,Atlixco,Puebla,,Rural,https://postali.app/mx/puebla/atlixco/las-huertas-de-jesus-primera-seccion
74365,Lomas de Axocopan,Colonia,Atlixco,Puebla,,Urbano,https://postali.app/mx/puebla/atlixco/lomas-de-axocopan
74365,Moyotzingo,Colonia,Atlixco,Puebla,,Rural,https://postali.app/mx/puebla/atlixco/moyotzingo
74365,Mártir de Chinameca,Colonia,Atlixco,Puebla,,Rural,https://postali.app/mx/puebla/atlixco/martir-de-chinameca
74365,San Diego Acapulco,Colonia,Atlixco,Puebla,,Rural,https://postali.app/mx/puebla/atlixco/san-diego-acapulco
74365,San Juan Castillotla,Colonia,Atlixco,Puebla,,Rural,https://postali.app/mx/puebla/atlixco/san-juan-castillotla
74365,San Juan de los Laureles,Colonia,Atlixco,Puebla,,Rural,https://postali.app/mx/puebla/atlixco/san-juan-de-los-laureles
74365,San Lorenzo los Jagüeyes,Hacienda,Atlixco,Puebla,,Rural,https://postali.app/mx/puebla/atlixco/san-lorenzo-los-jagueyes
74365,Santa Cruz Axocopan,Colonia,Atlixco,Puebla,,Rural,https://postali.app/mx/puebla/atlixco/santa-cruz-axocopan
74365,Solares de Tenextepec,Colonia,Atlixco,Puebla,,Rural,https://postali.app/mx/puebla/atlixco/solares-de-tenextepec
74365,Veracruz,Colonia,Atlixco,Puebla,,Rural,https://postali.app/mx/puebla/atlixco/veracruz
74367,Almazantla,Colonia,Atlixco,Puebla,,Rural,https://postali.app/mx/puebla/atlixco/almazantla
74367,Campestre San José,Fraccionamiento,Atlixco,Puebla,,Rural,https://postali.app/mx/puebla/atlixco/campestre-san-jose
74367,Emiliano Zapata los Molinos,Ranchería,Atlixco,Puebla,,Rural,https://postali.app/mx/puebla/atlixco/emiliano-zapata-los-molinos
74367,Ex Hacienda San Agustín,Colonia,Atlixco,Puebla,,Rural,https://postali.app/mx/puebla/atlixco/ex-hacienda-san-agustin
74367,Rincón de San Agustín,Fraccionamiento,Atlixco,Puebla,,Rural,https://postali.app/mx/puebla/atlixco/rincon-de-san-agustin
74367,San Agustín de los Molinos,Zona industrial,Atlixco,Puebla,,Rural,https://postali.app/mx/puebla/atlixco/san-agustin-de-los-molinos
74367,San Agustín Huixaxtla,Pueblo,Atlixco,Puebla,,Rural,https://postali.app/mx/puebla/atlixco/san-agustin-huixaxtla
74367,Santa Cruz Tehuixpango,Pueblo,Atlixco,Puebla,,Rural,https://postali.app/mx/puebla/atlixco/santa-cruz-tehuixpango
74367,Tolometla de Benito Juárez,Colonia,Atlixco,Puebla,,Rural,https://postali.app/mx/puebla/atlixco/tolometla-de-benito-juarez
74367,Valle Real,Fraccionamiento,Atlixco,Puebla,,Urbano,https://postali.app/mx/puebla/atlixco/valle-real
74368,Diez de Abril,Colonia,Atlixco,Puebla,,Rural,https://postali.app/mx/puebla/atlixco/diez-de-abril
74368,Emiliano Zapata Nexatengo,Colonia,Atlixco,Puebla,,Rural,https://postali.app/mx/puebla/atlixco/emiliano-zapata-nexatengo
74368,Ex Hacienda San Félix,Colonia,Atlixco,Puebla,,Rural,https://postali.app/mx/puebla/atlixco/ex-hacienda-san-felix
74368,Francisco Villa,Colonia,Atlixco,Puebla,,Rural,https://postali.app/mx/puebla/atlixco/francisco-villa
74368,Juan Uvera,Ejido,Atlixco,Puebla,,Rural,https://postali.app/mx/puebla/atlixco/juan-uvera
74368,Lomas de San Juan Tejaluca,Colonia,Atlixco,Puebla,,Rural,https://postali.app/mx/puebla/atlixco/lomas-de-san-juan-tejaluca
74368,Ricardo Flores Magón,Colonia,Atlixco,Puebla,,Rural,https://postali.app/mx/puebla/atlixco/ricardo-flores-magon
74368,San Francisco Primo de Verdad,Colonia,Atlixco,Puebla,,Rural,https://postali.app/mx/puebla/atlixco/san-francisco-primo-de-verdad
74368,San Félix Almazán,Colonia,Atlixco,Puebla,,Rural,https://postali.app/mx/puebla/atlixco/san-felix-almazan
74368,San Félix Hidalgo,Pueblo,Atlixco,Puebla,,Rural,https://postali.app/mx/puebla/atlixco/san-felix-hidalgo
74368,San Isidro,Colonia,Atlixco,Puebla,,Rural,https://postali.app/mx/puebla/atlixco/san-isidro
74368,San Isidro Huilotepec,Ejido,Atlixco,Puebla,,Rural,https://postali.app/mx/puebla/atlixco/san-isidro-huilotepec
74368,San José el Recreo,Colonia,Atlixco,Puebla,,Rural,https://postali.app/mx/puebla/atlixco/san-jose-el-recreo
74368,San Juan Portezuelo,Ejido,Atlixco,Puebla,,Rural,https://postali.app/mx/puebla/atlixco/san-juan-portezuelo
74368,Santa Ana Yancuitlalpan,Ejido,Atlixco,Puebla,,Rural,https://postali.app/mx/puebla/atlixco/santa-ana-yancuitlalpan
74368,Santa Lucia Cosamaloapan,Pueblo,Atlixco,Puebla,,Rural,https://postali.app/mx/puebla/atlixco/santa-lucia-cosamaloapan
74368,Santo Domingo Atoyatempan,Pueblo,Atlixco,Puebla,,Rural,https://postali.app/mx/puebla/atlixco/santo-domingo-atoyatempan
74368,Texiquémetl (Los Olivares),Colonia,Atlixco,Puebla,,Rural,https://postali.app/mx/puebla/atlixco/texiquemetl-los-olivares
74369,Otilio Montaño (La Concepción),Pueblo,Atlixco,Puebla,,Rural,https://postali.app/mx/puebla/atlixco/otilio-montano-la-concepcion
74369,San Esteban Zoapiltepec,Ranchería,Atlixco,Puebla,,Rural,https://postali.app/mx/puebla/atlixco/san-esteban-zoapiltepec
74369,San Felipe Xonacayucan,Ejido,Atlixco,Puebla,,Rural,https://postali.app/mx/puebla/atlixco/san-felipe-xonacayucan
74369,San Jerónimo Caleras,Pueblo,Atlixco,Puebla,,Rural,https://postali.app/mx/puebla/atlixco/san-jeronimo-caleras
74370,Huaquechula,Pueblo,Huaquechula,Puebla,,Rural,https://postali.app/mx/puebla/huaquechula/huaquechula
74370,San Antonio Cuautla,Colonia,Huaquechula,Puebla,,Rural,https://postali.app/mx/puebla/huaquechula/san-antonio-cuautla
74370,San Diego el Organal,Pueblo,Huaquechula,Puebla,,Rural,https://postali.app/mx/puebla/huaquechula/san-diego-el-organal
74370,San Juan Vallarta,Ranchería,Huaquechula,Puebla,,Rural,https://postali.app/mx/puebla/huaquechula/san-juan-vallarta
74370,Santiago Tetla,Pueblo,Huaquechula,Puebla,,Rural,https://postali.app/mx/puebla/huaquechula/santiago-tetla
74372,Ahuatlán,Colonia,Huaquechula,Puebla,,Rural,https://postali.app/mx/puebla/huaquechula/ahuatlan
74372,Rancho Nuevo Michapita (Michapita),Colonia,Huaquechula,Puebla,,Rural,https://postali.app/mx/puebla/huaquechula/rancho-nuevo-michapita-michapita
74373,Teacalco de Dorantes,Pueblo,Huaquechula,Puebla,,Rural,https://postali.app/mx/puebla/huaquechula/teacalco-de-dorantes
74374,San Pedro Contla,Ranchería,Huaquechula,Puebla,,Rural,https://postali.app/mx/puebla/huaquechula/san-pedro-contla
74374,Tlapetlahuaya,Ranchería,Huaquechula,Puebla,,Rural,https://postali.app/mx/puebla/huaquechula/tlapetlahuaya
74375,Cacaloxúchitl,Pueblo,Huaquechula,Puebla,,Rural,https://postali.app/mx/puebla/huaquechula/cacaloxuchitl
74375,Del Fresnillo,Colonia,Huaquechula,Puebla,,Rural,https://postali.app/mx/puebla/huaquechula/del-fresnillo
74375,La Venta,Ranchería,Huaquechula,Puebla,,Rural,https://postali.app/mx/puebla/huaquechula/la-venta
74375,Progreso,Barrio,Huaquechula,Puebla,,Rural,https://postali.app/mx/puebla/huaquechula/progreso
74375,Santa Cruz Yancuitlalpan,Colonia,Huaquechula,Puebla,,Rural,https://postali.app/mx/puebla/huaquechula/santa-cruz-yancuitlalpan
74375,Soto y Gama,Colonia,Huaquechula,Puebla,,Rural,https://postali.app/mx/puebla/huaquechula/soto-y-gama
74376,El Paraíso,Ranchería,Huaquechula,Puebla,,Rural,https://postali.app/mx/puebla/huaquechula/el-paraiso
74376,Mártir Cuauhtémoc,Colonia,Huaquechula,Puebla,,Rural,https://postali.app/mx/puebla/huaquechula/martir-cuauhtemoc
74376,Santa Ana Coatepec,Pueblo,Huaquechula,Puebla,,Rural,https://postali.app/mx/puebla/huaquechula/santa-ana-coatepec
74377,Champusco,Colonia,Huaquechula,Puebla,,Rural,https://postali.app/mx/puebla/huaquechula/champusco
74377,La Libertad,Pueblo,Huaquechula,Puebla,,Rural,https://postali.app/mx/puebla/huaquechula/la-libertad
74377,San Juan Bautista,Colonia,Huaquechula,Puebla,,Rural,https://postali.app/mx/puebla/huaquechula/san-juan-bautista
74377,San Juan Huiluco (Huiluco),Pueblo,Huaquechula,Puebla,,Rural,https://postali.app/mx/puebla/huaquechula/san-juan-huiluco-huiluco
74377,Soledad Morelos,Pueblo,Huaquechula,Puebla,,Rural,https://postali.app/mx/puebla/huaquechula/soledad-morelos
74377,Tronconal,Pueblo,Huaquechula,Puebla,,Rural,https://postali.app/mx/puebla/huaquechula/tronconal
74378,Emiliano Zapata (San Miguel),Colonia,Huaquechula,Puebla,,Rural,https://postali.app/mx/puebla/huaquechula/emiliano-zapata-san-miguel
74378,Tezonteopan de Bonilla,Pueblo,Huaquechula,Puebla,,Rural,https://postali.app/mx/puebla/huaquechula/tezonteopan-de-bonilla
74379,Huejotal,Ranchería,Huaquechula,Puebla,,Rural,https://postali.app/mx/puebla/huaquechula/huejotal
74379,Morelos,Ranchería,Huaquechula,Puebla,,Rural,https://postali.app/mx/puebla/huaquechula/morelos
74379,San Lucas Matlala,Pueblo,Huaquechula,Puebla,,Rural,https://postali.app/mx/puebla/huaquechula/san-lucas-matlala
74380,Tochimiltzingo,Pueblo,San Diego la Mesa Tochimiltzingo,Puebla,,Rural,https://postali.app/mx/puebla/san-diego-la-mesa-tochimiltzingo/tochimiltzingo
74382,San Bartolome Chimalhuacan,Pueblo,San Diego la Mesa Tochimiltzingo,Puebla,,Rural,https://postali.app/mx/puebla/san-diego-la-mesa-tochimiltzingo/san-bartolome-chimalhuacan
74385,La Soledad Tepehuaxtitla,Ranchería,San Diego la Mesa Tochimiltzingo,Puebla,,Rural,https://postali.app/mx/puebla/san-diego-la-mesa-tochimiltzingo/la-soledad-tepehuaxtitla
74389,Guadalupe Amolocayan,Pueblo,San Diego la Mesa Tochimiltzingo,Puebla,,Rural,https://postali.app/mx/puebla/san-diego-la-mesa-tochimiltzingo/guadalupe-amolocayan
74390,Independencia,Colonia,Tepeojuma,Puebla,,Rural,https://postali.app/mx/puebla/tepeojuma/independencia
74390,Tepeojuma,Pueblo,Tepeojuma,Puebla,,Rural,https://postali.app/mx/puebla/tepeojuma/tepeojuma
74393,Teyuca,Pueblo,Tepeojuma,Puebla,,Rural,https://postali.app/mx/puebla/tepeojuma/teyuca
74394,Xoyatla,Pueblo,Tepeojuma,Puebla,,Rural,https://postali.app/mx/puebla/tepeojuma/xoyatla
74395,El Astillero,Ranchería,Tepeojuma,Puebla,,Rural,https://postali.app/mx/puebla/tepeojuma/el-astillero
74397,La Magdalena,Fraccionamiento,Tepeojuma,Puebla,,Rural,https://postali.app/mx/puebla/tepeojuma/la-magdalena
74400,Izúcar de Matamoros Centro,Colonia,Izúcar de Matamoros,Puebla,Izúcar de Matamoros,Urbano,https://postali.app/mx/puebla/izucar-de-matamoros/izucar-de-matamoros-centro
74400,La Joya,Colonia,Izúcar de Matamoros,Puebla,Izúcar de Matamoros,Urbano,https://postali.app/mx/puebla/izucar-de-matamoros/la-joya
74410,El Calvario 1a. Sección,Colonia,Izúcar de Matamoros,Puebla,Izúcar de Matamoros,Urbano,https://postali.app/mx/puebla/izucar-de-matamoros/el-calvario-1a-seccion
74410,Guadalupe,Colonia,Izúcar de Matamoros,Puebla,Izúcar de Matamoros,Urbano,https://postali.app/mx/puebla/izucar-de-matamoros/guadalupe
74410,Lomas de Alchichica,Colonia,Izúcar de Matamoros,Puebla,Izúcar de Matamoros,Urbano,https://postali.app/mx/puebla/izucar-de-matamoros/lomas-de-alchichica
74418,El Calvario 2da. Sección,Colonia,Izúcar de Matamoros,Puebla,Izúcar de Matamoros,Urbano,https://postali.app/mx/puebla/izucar-de-matamoros/el-calvario-2da-seccion
74419,Alchichica,Colonia,Izúcar de Matamoros,Puebla,,Rural,https://postali.app/mx/puebla/izucar-de-matamoros/alchichica
74419,Los Arcos,Colonia,Izúcar de Matamoros,Puebla,Izúcar de Matamoros,Urbano,https://postali.app/mx/puebla/izucar-de-matamoros/los-arcos
74420,Campestre la Paz,Fraccionamiento,Izúcar de Matamoros,Puebla,Izúcar de Matamoros,Urbano,https://postali.app/mx/puebla/izucar-de-matamoros/campestre-la-paz
74420,La Curva,Fraccionamiento,Izúcar de Matamoros,Puebla,Izúcar de Matamoros,Urbano,https://postali.app/mx/puebla/izucar-de-matamoros/la-curva
74420,Las Espigas,Fraccionamiento,Izúcar de Matamoros,Puebla,Izúcar de Matamoros,Urbano,https://postali.app/mx/puebla/izucar-de-matamoros/las-espigas
74420,Los Ahuehuetes,Fraccionamiento,Izúcar de Matamoros,Puebla,Izúcar de Matamoros,Urbano,https://postali.app/mx/puebla/izucar-de-matamoros/los-ahuehuetes
74420,Niños Héroes,Fraccionamiento,Izúcar de Matamoros,Puebla,Izúcar de Matamoros,Urbano,https://postali.app/mx/puebla/izucar-de-matamoros/ninos-heroes
74420,Residencial el Mangal,Fraccionamiento,Izúcar de Matamoros,Puebla,Izúcar de Matamoros,Urbano,https://postali.app/mx/puebla/izucar-de-matamoros/residencial-el-mangal
74420,San Diego Chiconcuac,Colonia,Izúcar de Matamoros,Puebla,Izúcar de Matamoros,Urbano,https://postali.app/mx/puebla/izucar-de-matamoros/san-diego-chiconcuac
74420,Santiago Mihuacán,Colonia,Izúcar de Matamoros,Puebla,Izúcar de Matamoros,Urbano,https://postali.app/mx/puebla/izucar-de-matamoros/santiago-mihuacan
74420,Villa Pao,Colonia,Izúcar de Matamoros,Puebla,Izúcar de Matamoros,Urbano,https://postali.app/mx/puebla/izucar-de-matamoros/villa-pao
74430,Del Empleado,Colonia,Izúcar de Matamoros,Puebla,Izúcar de Matamoros,Urbano,https://postali.app/mx/puebla/izucar-de-matamoros/del-empleado
74435,Vista Hermosa,Colonia,Izúcar de Matamoros,Puebla,Izúcar de Matamoros,Urbano,https://postali.app/mx/puebla/izucar-de-matamoros/vista-hermosa
74440,Cruz Verde,Colonia,Izúcar de Matamoros,Puebla,Izúcar de Matamoros,Urbano,https://postali.app/mx/puebla/izucar-de-matamoros/cruz-verde
74440,San Alfredo Residencial,Fraccionamiento,Izúcar de Matamoros,Puebla,Izúcar de Matamoros,Urbano,https://postali.app/mx/puebla/izucar-de-matamoros/san-alfredo-residencial
74440,Santa Cruz Tecoxco,Colonia,Izúcar de Matamoros,Puebla,Izúcar de Matamoros,Urbano,https://postali.app/mx/puebla/izucar-de-matamoros/santa-cruz-tecoxco
74443,Amatitlanes,Colonia,Izúcar de Matamoros,Puebla,Izúcar de Matamoros,Urbano,https://postali.app/mx/puebla/izucar-de-matamoros/amatitlanes
74443,Antorcha Popular,Colonia,Izúcar de Matamoros,Puebla,Izúcar de Matamoros,Urbano,https://postali.app/mx/puebla/izucar-de-matamoros/antorcha-popular
74443,Cruz Verde 2a Sección,Colonia,Izúcar de Matamoros,Puebla,Izúcar de Matamoros,Urbano,https://postali.app/mx/puebla/izucar-de-matamoros/cruz-verde-2a-seccion
74443,El Mirador,Colonia,Izúcar de Matamoros,Puebla,Izúcar de Matamoros,Urbano,https://postali.app/mx/puebla/izucar-de-matamoros/el-mirador
74443,Las Palmas,Fraccionamiento,Izúcar de Matamoros,Puebla,Izúcar de Matamoros,Urbano,https://postali.app/mx/puebla/izucar-de-matamoros/las-palmas
74443,Obras,Colonia,Izúcar de Matamoros,Puebla,Izúcar de Matamoros,Urbano,https://postali.app/mx/puebla/izucar-de-matamoros/obras
74443,Rancho Juanitos,Fraccionamiento,Izúcar de Matamoros,Puebla,Izúcar de Matamoros,Urbano,https://postali.app/mx/puebla/izucar-de-matamoros/rancho-juanitos
74448,La Paz,Colonia,Izúcar de Matamoros,Puebla,Izúcar de Matamoros,Urbano,https://postali.app/mx/puebla/izucar-de-matamoros/la-paz
74450,Itzocan,Colonia,Izúcar de Matamoros,Puebla,Izúcar de Matamoros,Urbano,https://postali.app/mx/puebla/izucar-de-matamoros/itzocan
74450,San Bernardino,Colonia,Izúcar de Matamoros,Puebla,Izúcar de Matamoros,Urbano,https://postali.app/mx/puebla/izucar-de-matamoros/san-bernardino
74450,San Martín Huaquechula,Colonia,Izúcar de Matamoros,Puebla,Izúcar de Matamoros,Urbano,https://postali.app/mx/puebla/izucar-de-matamoros/san-martin-huaquechula
74460,San Juan Piaxtla,Colonia,Izúcar de Matamoros,Puebla,Izúcar de Matamoros,Urbano,https://postali.app/mx/puebla/izucar-de-matamoros/san-juan-piaxtla
74463,Campo Nuevo,Colonia,Izúcar de Matamoros,Puebla,Izúcar de Matamoros,Urbano,https://postali.app/mx/puebla/izucar-de-matamoros/campo-nuevo
74463,Los Fresnos,Colonia,Izúcar de Matamoros,Puebla,Izúcar de Matamoros,Urbano,https://postali.app/mx/puebla/izucar-de-matamoros/los-fresnos
74463,Los Fresnos FOVISSSTE,Fraccionamiento,Izúcar de Matamoros,Puebla,Izúcar de Matamoros,Urbano,https://postali.app/mx/puebla/izucar-de-matamoros/los-fresnos-fovissste
74463,Valle Primavera,Colonia,Izúcar de Matamoros,Puebla,Izúcar de Matamoros,Urbano,https://postali.app/mx/puebla/izucar-de-matamoros/valle-primavera
74467,Morelos,Colonia,Izúcar de Matamoros,Puebla,Izúcar de Matamoros,Urbano,https://postali.app/mx/puebla/izucar-de-matamoros/morelos
74467,Paseos de Matamoros,Fraccionamiento,Izúcar de Matamoros,Puebla,Izúcar de Matamoros,Urbano,https://postali.app/mx/puebla/izucar-de-matamoros/paseos-de-matamoros
74467,Villas Reales,Fraccionamiento,Izúcar de Matamoros,Puebla,Izúcar de Matamoros,Urbano,https://postali.app/mx/puebla/izucar-de-matamoros/villas-reales
74470,El Amate,Colonia,Izúcar de Matamoros,Puebla,Izúcar de Matamoros,Urbano,https://postali.app/mx/puebla/izucar-de-matamoros/el-amate
74470,El Jardín,Colonia,Izúcar de Matamoros,Puebla,Izúcar de Matamoros,Urbano,https://postali.app/mx/puebla/izucar-de-matamoros/el-jardin
74470,La Asunción,Colonia,Izúcar de Matamoros,Puebla,Izúcar de Matamoros,Urbano,https://postali.app/mx/puebla/izucar-de-matamoros/la-asuncion
74470,La Magdalena,Colonia,Izúcar de Matamoros,Puebla,Izúcar de Matamoros,Urbano,https://postali.app/mx/puebla/izucar-de-matamoros/la-magdalena
74470,Las Violetas,Colonia,Izúcar de Matamoros,Puebla,Izúcar de Matamoros,Urbano,https://postali.app/mx/puebla/izucar-de-matamoros/las-violetas
74470,Los Vergeles,Colonia,Izúcar de Matamoros,Puebla,Izúcar de Matamoros,Urbano,https://postali.app/mx/puebla/izucar-de-matamoros/los-vergeles
74470,Residencial la Asunción,Fraccionamiento,Izúcar de Matamoros,Puebla,Izúcar de Matamoros,Urbano,https://postali.app/mx/puebla/izucar-de-matamoros/residencial-la-asuncion
74470,Santa Catarina,Colonia,Izúcar de Matamoros,Puebla,Izúcar de Matamoros,Urbano,https://postali.app/mx/puebla/izucar-de-matamoros/santa-catarina
74470,Santa Cruz Coatla,Colonia,Izúcar de Matamoros,Puebla,Izúcar de Matamoros,Urbano,https://postali.app/mx/puebla/izucar-de-matamoros/santa-cruz-coatla
74470,Villas Matamoros,Colonia,Izúcar de Matamoros,Puebla,Izúcar de Matamoros,Urbano,https://postali.app/mx/puebla/izucar-de-matamoros/villas-matamoros
74480,San Juan Coahuixtla,Colonia,Izúcar de Matamoros,Puebla,Izúcar de Matamoros,Urbano,https://postali.app/mx/puebla/izucar-de-matamoros/san-juan-coahuixtla
74480,San Miguel Izúcar,Colonia,Izúcar de Matamoros,Puebla,Izúcar de Matamoros,Urbano,https://postali.app/mx/puebla/izucar-de-matamoros/san-miguel-izucar
74480,Santo Tomás,Colonia,Izúcar de Matamoros,Puebla,Izúcar de Matamoros,Urbano,https://postali.app/mx/puebla/izucar-de-matamoros/santo-tomas
74490,Los Reyes,Colonia,Izúcar de Matamoros,Puebla,Izúcar de Matamoros,Urbano,https://postali.app/mx/puebla/izucar-de-matamoros/los-reyes
74490,Lázaro Cárdenas,Colonia,Izúcar de Matamoros,Puebla,Izúcar de Matamoros,Urbano,https://postali.app/mx/puebla/izucar-de-matamoros/lazaro-cardenas
74490,Mazatla,Colonia,Izúcar de Matamoros,Puebla,Izúcar de Matamoros,Urbano,https://postali.app/mx/puebla/izucar-de-matamoros/mazatla
74490,Villa las Flores,Fraccionamiento,Izúcar de Matamoros,Puebla,Izúcar de Matamoros,Urbano,https://postali.app/mx/puebla/izucar-de-matamoros/villa-las-flores
74500,Santiago Atzitzihuacan,Pueblo,Atzitzihuacán,Puebla,,Rural,https://postali.app/mx/puebla/atzitzihuacan/santiago-atzitzihuacan
74505,San Francisco Xochiteopan,Pueblo,Atzitzihuacán,Puebla,,Rural,https://postali.app/mx/puebla/atzitzihuacan/san-francisco-xochiteopan
74505,San Juan Amecac,Pueblo,Atzitzihuacán,Puebla,,Rural,https://postali.app/mx/puebla/atzitzihuacan/san-juan-amecac
74505,San Mateo Coatepec,Pueblo,Atzitzihuacán,Puebla,,Rural,https://postali.app/mx/puebla/atzitzihuacan/san-mateo-coatepec
74506,San Pedro Izhuatepec,Pueblo,Atzitzihuacán,Puebla,,Rural,https://postali.app/mx/puebla/atzitzihuacan/san-pedro-izhuatepec
74507,San Juan Tejupa,Pueblo,Atzitzihuacán,Puebla,,Rural,https://postali.app/mx/puebla/atzitzihuacan/san-juan-tejupa
74508,San Miguel Aguacomulican,Pueblo,Atzitzihuacán,Puebla,,Rural,https://postali.app/mx/puebla/atzitzihuacan/san-miguel-aguacomulican
74510,Acteopan,Pueblo,Acteopan,Puebla,,Rural,https://postali.app/mx/puebla/acteopan/acteopan
74514,Santa María Atzitzintla,Pueblo,Acteopan,Puebla,,Rural,https://postali.app/mx/puebla/acteopan/santa-maria-atzitzintla
74516,San Felipe Toctla,Pueblo,Acteopan,Puebla,,Rural,https://postali.app/mx/puebla/acteopan/san-felipe-toctla
74520,Cohuecan,Pueblo,Cohuecan,Puebla,,Rural,https://postali.app/mx/puebla/cohuecan/cohuecan
74520,Los Reyes Teolco,Pueblo,Cohuecan,Puebla,,Rural,https://postali.app/mx/puebla/cohuecan/los-reyes-teolco
74520,San Miguel,Colonia,Cohuecan,Puebla,,Rural,https://postali.app/mx/puebla/cohuecan/san-miguel
74521,San Felipe Cuapexco,Pueblo,Cohuecan,Puebla,,Rural,https://postali.app/mx/puebla/cohuecan/san-felipe-cuapexco
74522,San Andrés Ahuatelco,Pueblo,Cohuecan,Puebla,,Rural,https://postali.app/mx/puebla/cohuecan/san-andres-ahuatelco
74522,San Francisco Tepango,Pueblo,Cohuecan,Puebla,,Rural,https://postali.app/mx/puebla/cohuecan/san-francisco-tepango
74530,San Felipe Tepemaxalco,Pueblo,Tepemaxalco,Puebla,,Rural,https://postali.app/mx/puebla/tepemaxalco/san-felipe-tepemaxalco
74534,San Juan Catzoc,Colonia,Tepemaxalco,Puebla,,Rural,https://postali.app/mx/puebla/tepemaxalco/san-juan-catzoc
74534,San Miguel Xicotzingo,Barrio,Tepemaxalco,Puebla,,Rural,https://postali.app/mx/puebla/tepemaxalco/san-miguel-xicotzingo
74540,Los Tepetates,Colonia,Tlapanalá,Puebla,,Rural,https://postali.app/mx/puebla/tlapanala/los-tepetates
74540,Santa Catarina Coatepec,Pueblo,Tlapanalá,Puebla,,Rural,https://postali.app/mx/puebla/tlapanala/santa-catarina-coatepec
74540,Tepapayeca,Pueblo,Tlapanalá,Puebla,,Rural,https://postali.app/mx/puebla/tlapanala/tepapayeca
74540,Tlapanala,Pueblo,Tlapanalá,Puebla,,Rural,https://postali.app/mx/puebla/tlapanala/tlapanala
74544,Rancho de Aztla,Colonia,Tlapanalá,Puebla,,Rural,https://postali.app/mx/puebla/tlapanala/rancho-de-aztla
74545,Las Palmas,Colonia,Tlapanalá,Puebla,,Rural,https://postali.app/mx/puebla/tlapanala/las-palmas
74545,Santo Domingo Ayotlicha,Pueblo,Tlapanalá,Puebla,,Rural,https://postali.app/mx/puebla/tlapanala/santo-domingo-ayotlicha
74546,Tepetzingo,Ranchería,Tlapanalá,Puebla,,Rural,https://postali.app/mx/puebla/tlapanala/tepetzingo
74547,Los Ángeles (Ex-Hacienda de Costilla),Colonia,Tlapanalá,Puebla,,Rural,https://postali.app/mx/puebla/tlapanala/los-angeles-ex-hacienda-de-costilla
74547,San Luis Chalma,Colonia,Tlapanalá,Puebla,,Rural,https://postali.app/mx/puebla/tlapanala/san-luis-chalma
74550,Tepexco,Pueblo,Tepexco,Puebla,,Rural,https://postali.app/mx/puebla/tepexco/tepexco
74557,Calmeca (San Juan Calmeca),Pueblo,Tepexco,Puebla,,Rural,https://postali.app/mx/puebla/tepexco/calmeca-san-juan-calmeca
74560,Emiliano Zapata,Colonia,Tilapa,Puebla,,Urbano,https://postali.app/mx/puebla/tilapa/emiliano-zapata
74560,Tilapa,Pueblo,Tilapa,Puebla,,Rural,https://postali.app/mx/puebla/tilapa/tilapa
74560,Zolonquiapa,Ranchería,Tilapa,Puebla,,Rural,https://postali.app/mx/puebla/tilapa/zolonquiapa
74565,Cuexpala,Pueblo,Tilapa,Puebla,,Rural,https://postali.app/mx/puebla/tilapa/cuexpala
74565,Rijo,Hacienda,Tilapa,Puebla,,Rural,https://postali.app/mx/puebla/tilapa/rijo
74566,Agua Dulce,Ranchería,Tilapa,Puebla,,Rural,https://postali.app/mx/puebla/tilapa/agua-dulce
74567,Cuyutliapa o Casa Blanca,Ranchería,Tilapa,Puebla,,Rural,https://postali.app/mx/puebla/tilapa/cuyutliapa-o-casa-blanca
74568,Derramadero,Ranchería,Tilapa,Puebla,,Rural,https://postali.app/mx/puebla/tilapa/derramadero
74570,Cristo Rey,Colonia,Izúcar de Matamoros,Puebla,,Rural,https://postali.app/mx/puebla/izucar-de-matamoros/cristo-rey
74570,El Cerrito,Colonia,Izúcar de Matamoros,Puebla,,Rural,https://postali.app/mx/puebla/izucar-de-matamoros/el-cerrito
74570,La Galarza,Colonia,Izúcar de Matamoros,Puebla,,Rural,https://postali.app/mx/puebla/izucar-de-matamoros/la-galarza
74570,Santo Niño de Atocha,Colonia,Izúcar de Matamoros,Puebla,,Rural,https://postali.app/mx/puebla/izucar-de-matamoros/santo-nino-de-atocha
74570,Tatetla,Colonia,Izúcar de Matamoros,Puebla,,Rural,https://postali.app/mx/puebla/izucar-de-matamoros/tatetla
74573,Abelardo L. Rodríguez,Ranchería,Izúcar de Matamoros,Puebla,,Rural,https://postali.app/mx/puebla/izucar-de-matamoros/abelardo-l-rodriguez
74573,Agua Escondida (Santa Cruz Agua Escondida),Colonia,Izúcar de Matamoros,Puebla,,Rural,https://postali.app/mx/puebla/izucar-de-matamoros/agua-escondida-santa-cruz-agua-escondida
74573,El Cerrito,Colonia,Izúcar de Matamoros,Puebla,,Rural,https://postali.app/mx/puebla/izucar-de-matamoros/el-cerrito-74573
74573,San Isidro,Colonia,Izúcar de Matamoros,Puebla,,Rural,https://postali.app/mx/puebla/izucar-de-matamoros/san-isidro
74573,San José las Bocas,Pueblo,Izúcar de Matamoros,Puebla,,Rural,https://postali.app/mx/puebla/izucar-de-matamoros/san-jose-las-bocas
74573,San Juan Raboso,Pueblo,Izúcar de Matamoros,Puebla,,Rural,https://postali.app/mx/puebla/izucar-de-matamoros/san-juan-raboso
74573,San Pedro Calantla,Pueblo,Izúcar de Matamoros,Puebla,,Rural,https://postali.app/mx/puebla/izucar-de-matamoros/san-pedro-calantla
74575,San Juan Colón,Colonia,Izúcar de Matamoros,Puebla,,Rural,https://postali.app/mx/puebla/izucar-de-matamoros/san-juan-colon
74576,Las Casitas,Ranchería,Izúcar de Matamoros,Puebla,,Rural,https://postali.app/mx/puebla/izucar-de-matamoros/las-casitas
74576,Los Amates,Ranchería,Izúcar de Matamoros,Puebla,,Rural,https://postali.app/mx/puebla/izucar-de-matamoros/los-amates
74576,San Miguel las Minas,Ranchería,Izúcar de Matamoros,Puebla,,Rural,https://postali.app/mx/puebla/izucar-de-matamoros/san-miguel-las-minas
74577,Ayutla (San Felipe Ayutla),Pueblo,Izúcar de Matamoros,Puebla,,Rural,https://postali.app/mx/puebla/izucar-de-matamoros/ayutla-san-felipe-ayutla
74577,Dulces Nombres,Colonia,Izúcar de Matamoros,Puebla,,Rural,https://postali.app/mx/puebla/izucar-de-matamoros/dulces-nombres
74577,Jaltianguis (San José Jaltianguis),Ranchería,Izúcar de Matamoros,Puebla,,Rural,https://postali.app/mx/puebla/izucar-de-matamoros/jaltianguis-san-jose-jaltianguis
74577,Matzaco,Pueblo,Izúcar de Matamoros,Puebla,,Rural,https://postali.app/mx/puebla/izucar-de-matamoros/matzaco
74577,San Carlos Buenavista,Pueblo,Izúcar de Matamoros,Puebla,,Rural,https://postali.app/mx/puebla/izucar-de-matamoros/san-carlos-buenavista
74577,San Lucas Colucan,Pueblo,Izúcar de Matamoros,Puebla,,Rural,https://postali.app/mx/puebla/izucar-de-matamoros/san-lucas-colucan
74577,San Nicolás Tolentino,Pueblo,Izúcar de Matamoros,Puebla,,Rural,https://postali.app/mx/puebla/izucar-de-matamoros/san-nicolas-tolentino
74577,San Sebastían Puctla,Pueblo,Izúcar de Matamoros,Puebla,,Rural,https://postali.app/mx/puebla/izucar-de-matamoros/san-sebastian-puctla
74577,Santa María Xuchapa,Pueblo,Izúcar de Matamoros,Puebla,,Rural,https://postali.app/mx/puebla/izucar-de-matamoros/santa-maria-xuchapa
74578,San Manuel la Parota,Ranchería,Izúcar de Matamoros,Puebla,,Rural,https://postali.app/mx/puebla/izucar-de-matamoros/san-manuel-la-parota
74580,Bella Aurora,Colonia,Chietla,Puebla,,Urbano,https://postali.app/mx/puebla/chietla/bella-aurora
74580,Chietla,Pueblo,Chietla,Puebla,,Rural,https://postali.app/mx/puebla/chietla/chietla
74580,Hacienda la Esperanza,Colonia,Chietla,Puebla,,Urbano,https://postali.app/mx/puebla/chietla/hacienda-la-esperanza
74580,Morelos,Colonia,Chietla,Puebla,,Rural,https://postali.app/mx/puebla/chietla/morelos
74580,San Isidro el Organal,Ranchería,Chietla,Puebla,,Rural,https://postali.app/mx/puebla/chietla/san-isidro-el-organal
74580,Temaxcalapa de Gabino Barreda,Pueblo,Chietla,Puebla,,Rural,https://postali.app/mx/puebla/chietla/temaxcalapa-de-gabino-barreda
74582,Coayuca,Pueblo,Chietla,Puebla,,Rural,https://postali.app/mx/puebla/chietla/coayuca
74582,Lagunillas de Rayón (Alchichica),Colonia,Chietla,Puebla,,Rural,https://postali.app/mx/puebla/chietla/lagunillas-de-rayon-alchichica
74582,San José Chietla,Colonia,Chietla,Puebla,,Rural,https://postali.app/mx/puebla/chietla/san-jose-chietla
74582,San José los Laureles,Colonia,Chietla,Puebla,,Rural,https://postali.app/mx/puebla/chietla/san-jose-los-laureles
74582,Tzompahuacan,Pueblo,Chietla,Puebla,,Rural,https://postali.app/mx/puebla/chietla/tzompahuacan
74584,Cofradía,Colonia,Chietla,Puebla,,Rural,https://postali.app/mx/puebla/chietla/cofradia
74584,La Palma (El Trinquete),Colonia,Chietla,Puebla,,Rural,https://postali.app/mx/puebla/chietla/la-palma-el-trinquete
74584,San Nicolás Tenexcalco,Pueblo,Chietla,Puebla,,Rural,https://postali.app/mx/puebla/chietla/san-nicolas-tenexcalco
74584,Viborillas de Hidalgo,Pueblo,Chietla,Puebla,,Rural,https://postali.app/mx/puebla/chietla/viborillas-de-hidalgo
74585,Ahuehuetzingo,Pueblo,Chietla,Puebla,,Rural,https://postali.app/mx/puebla/chietla/ahuehuetzingo
74585,Ampliación La Paz,Colonia,Chietla,Puebla,,Urbano,https://postali.app/mx/puebla/chietla/ampliacion-la-paz
74585,Atencingo,Pueblo,Chietla,Puebla,,Rural,https://postali.app/mx/puebla/chietla/atencingo
74585,Benito Juárez,Colonia,Chietla,Puebla,,Urbano,https://postali.app/mx/puebla/chietla/benito-juarez
74585,Del Empleado,Colonia,Chietla,Puebla,,Urbano,https://postali.app/mx/puebla/chietla/del-empleado
74585,Don Roque,Colonia,Chietla,Puebla,,Rural,https://postali.app/mx/puebla/chietla/don-roque
74585,Gustavo Díaz Ordaz,Colonia,Chietla,Puebla,,Rural,https://postali.app/mx/puebla/chietla/gustavo-diaz-ordaz
74585,La Cruz,Colonia,Chietla,Puebla,,Urbano,https://postali.app/mx/puebla/chietla/la-cruz
74585,La Florecita,Colonia,Chietla,Puebla,,Rural,https://postali.app/mx/puebla/chietla/la-florecita
74585,La Paz,Colonia,Chietla,Puebla,,Urbano,https://postali.app/mx/puebla/chietla/la-paz
74585,Prisco Sánchez,Colonia,Chietla,Puebla,,Urbano,https://postali.app/mx/puebla/chietla/prisco-sanchez
74585,Reforma Agraria,Colonia,Chietla,Puebla,,Urbano,https://postali.app/mx/puebla/chietla/reforma-agraria
74585,Santa Cruz el Mirador,Colonia,Chietla,Puebla,,Rural,https://postali.app/mx/puebla/chietla/santa-cruz-el-mirador
74585,Sesteadero,Colonia,Chietla,Puebla,,Rural,https://postali.app/mx/puebla/chietla/sesteadero
74586,Buenavista de Benito Juárez,Pueblo,Chietla,Puebla,,Rural,https://postali.app/mx/puebla/chietla/buenavista-de-benito-juarez
74586,La Soledad,Colonia,Chietla,Puebla,,Rural,https://postali.app/mx/puebla/chietla/la-soledad
74587,Escape de Lagunillas,Pueblo,Chietla,Puebla,,Rural,https://postali.app/mx/puebla/chietla/escape-de-lagunillas
74588,San Miguel Tecolacio,Colonia,Chietla,Puebla,,Rural,https://postali.app/mx/puebla/chietla/san-miguel-tecolacio
74589,Ex Hacienda de Jaltepec,Colonia,Chietla,Puebla,,Rural,https://postali.app/mx/puebla/chietla/ex-hacienda-de-jaltepec
74589,Pueblo Nuevo de Porfirio Díaz,Pueblo,Chietla,Puebla,,Rural,https://postali.app/mx/puebla/chietla/pueblo-nuevo-de-porfirio-diaz
74589,San Miguel la Toma,Colonia,Chietla,Puebla,,Rural,https://postali.app/mx/puebla/chietla/san-miguel-la-toma
74590,Atzala,Pueblo,Atzala,Puebla,,Rural,https://postali.app/mx/puebla/atzala/atzala
74590,La Asunción,Colonia,Atzala,Puebla,,Rural,https://postali.app/mx/puebla/atzala/la-asuncion
74590,Valle Primavera,Colonia,Atzala,Puebla,,Rural,https://postali.app/mx/puebla/atzala/valle-primavera
74600,San Francisco Jalapexco,Pueblo,Teopantlán,Puebla,,Rural,https://postali.app/mx/puebla/teopantlan/san-francisco-jalapexco
74600,San Sebastián Tenango,Pueblo,Teopantlán,Puebla,,Rural,https://postali.app/mx/puebla/teopantlan/san-sebastian-tenango
74600,Teopantlán,Pueblo,Teopantlán,Puebla,,Rural,https://postali.app/mx/puebla/teopantlan/teopantlan
74610,San Martín Totoltepec,Pueblo,San Martín Totoltepec,Puebla,,Rural,https://postali.app/mx/puebla/san-martin-totoltepec/san-martin-totoltepec
74620,Altavista,Colonia,Xochiltepec,Puebla,,Rural,https://postali.app/mx/puebla/xochiltepec/altavista
74620,Ayotla,Pueblo,Xochiltepec,Puebla,,Rural,https://postali.app/mx/puebla/xochiltepec/ayotla
74620,Xochiltepec,Pueblo,Xochiltepec,Puebla,,Rural,https://postali.app/mx/puebla/xochiltepec/xochiltepec
74630,San Juan Epatlán,Pueblo,Epatlán,Puebla,,Rural,https://postali.app/mx/puebla/epatlan/san-juan-epatlan
74630,San Miguel el Pedregal,Ranchería,Epatlán,Puebla,,Rural,https://postali.app/mx/puebla/epatlan/san-miguel-el-pedregal
74630,Santa Ana Necoxtla,Pueblo,Epatlán,Puebla,,Rural,https://postali.app/mx/puebla/epatlan/santa-ana-necoxtla
74633,Emiliano Zapata,Pueblo,Epatlán,Puebla,,Rural,https://postali.app/mx/puebla/epatlan/emiliano-zapata
74634,Tepeacatzingo,Ranchería,Epatlán,Puebla,,Rural,https://postali.app/mx/puebla/epatlan/tepeacatzingo
74634,Xayultepec,Ranchería,Epatlán,Puebla,,Rural,https://postali.app/mx/puebla/epatlan/xayultepec
74635,San Mateo Oxtotla,Pueblo,Epatlán,Puebla,,Rural,https://postali.app/mx/puebla/epatlan/san-mateo-oxtotla
74636,Las Tres Cruces,Ranchería,Epatlán,Puebla,,Rural,https://postali.app/mx/puebla/epatlan/las-tres-cruces
74640,Ahuatlán Centro,Barrio,Ahuatlán,Puebla,,Rural,https://postali.app/mx/puebla/ahuatlan/ahuatlan-centro
74640,Cuba,Barrio,Ahuatlán,Puebla,,Rural,https://postali.app/mx/puebla/ahuatlan/cuba
74640,El Calvario,Barrio,Ahuatlán,Puebla,,Rural,https://postali.app/mx/puebla/ahuatlan/el-calvario
74640,España,Barrio,Ahuatlán,Puebla,,Rural,https://postali.app/mx/puebla/ahuatlan/espana
74640,Las Palmas,Barrio,Ahuatlán,Puebla,,Rural,https://postali.app/mx/puebla/ahuatlan/las-palmas
74641,San Lucas Tejaluca,Pueblo,Ahuatlán,Puebla,,Rural,https://postali.app/mx/puebla/ahuatlan/san-lucas-tejaluca
74645,San Isidro Mimilulco (Mimilulco),Ranchería,Ahuatlán,Puebla,,Rural,https://postali.app/mx/puebla/ahuatlan/san-isidro-mimilulco-mimilulco
74645,San José el Rodeo (El Rodeo),Ranchería,Ahuatlán,Puebla,,Rural,https://postali.app/mx/puebla/ahuatlan/san-jose-el-rodeo-el-rodeo
74646,El Paso Fraile,Ranchería,Ahuatlán,Puebla,,Rural,https://postali.app/mx/puebla/ahuatlan/el-paso-fraile
74647,El Carrizo (Paraje Michihuacan),Ranchería,Ahuatlán,Puebla,,Rural,https://postali.app/mx/puebla/ahuatlan/el-carrizo-paraje-michihuacan
74647,Guadalupe,Ranchería,Ahuatlán,Puebla,,Rural,https://postali.app/mx/puebla/ahuatlan/guadalupe
74647,La Sábila,Ranchería,Ahuatlán,Puebla,,Rural,https://postali.app/mx/puebla/ahuatlan/la-sabila
74647,Lagunilla,Ranchería,Ahuatlán,Puebla,,Rural,https://postali.app/mx/puebla/ahuatlan/lagunilla
74649,Patlanoaya (San Salvador Patlanoaya),Pueblo,Ahuatlán,Puebla,,Rural,https://postali.app/mx/puebla/ahuatlan/patlanoaya-san-salvador-patlanoaya
74650,Coatzingo,Pueblo,Coatzingo,Puebla,,Rural,https://postali.app/mx/puebla/coatzingo/coatzingo
74650,San José,Colonia,Coatzingo,Puebla,,Rural,https://postali.app/mx/puebla/coatzingo/san-jose
74653,Zaragoza,Ranchería,Coatzingo,Puebla,,Rural,https://postali.app/mx/puebla/coatzingo/zaragoza
74656,La Matanza,Ranchería,Coatzingo,Puebla,,Rural,https://postali.app/mx/puebla/coatzingo/la-matanza
74660,Santa Catarina Tlaltempan,Pueblo,Santa Catarina Tlaltempan,Puebla,,Rural,https://postali.app/mx/puebla/santa-catarina-tlaltempan/santa-catarina-tlaltempan
74670,Chigmecatitlán,Pueblo,Chigmecatitlán,Puebla,,Rural,https://postali.app/mx/puebla/chigmecatitlan/chigmecatitlan
74680,Zacapala,Pueblo,Zacapala,Puebla,,Rural,https://postali.app/mx/puebla/zacapala/zacapala
74684,La Victoria,Pueblo,Zacapala,Puebla,,Rural,https://postali.app/mx/puebla/zacapala/la-victoria
74685,Buenavista (Xocotitla),Colonia,Zacapala,Puebla,,Rural,https://postali.app/mx/puebla/zacapala/buenavista-xocotitla
74685,El Rosario Xochitiopan,Pueblo,Zacapala,Puebla,,Rural,https://postali.app/mx/puebla/zacapala/el-rosario-xochitiopan
74685,Rancho Nuevo los Navarros,Colonia,Zacapala,Puebla,,Rural,https://postali.app/mx/puebla/zacapala/rancho-nuevo-los-navarros
74688,San Mateo Mimiapan,Pueblo,Zacapala,Puebla,,Rural,https://postali.app/mx/puebla/zacapala/san-mateo-mimiapan
74690,San Pedro,Barrio,Tepexi de Rodríguez,Puebla,,Rural,https://postali.app/mx/puebla/tepexi-de-rodriguez/san-pedro
74690,San Sebastián,Barrio,Tepexi de Rodríguez,Puebla,,Rural,https://postali.app/mx/puebla/tepexi-de-rodriguez/san-sebastian
74690,San Vicente,Barrio,Tepexi de Rodríguez,Puebla,,Rural,https://postali.app/mx/puebla/tepexi-de-rodriguez/san-vicente
74690,Santo Domingo,Barrio,Tepexi de Rodríguez,Puebla,,Rural,https://postali.app/mx/puebla/tepexi-de-rodriguez/santo-domingo
74690,Tepexi de Rodríguez Centro,Barrio,Tepexi de Rodríguez,Puebla,,Rural,https://postali.app/mx/puebla/tepexi-de-rodriguez/tepexi-de-rodriguez-centro
74691,Agua de Santa Ana,Ranchería,Tepexi de Rodríguez,Puebla,,Rural,https://postali.app/mx/puebla/tepexi-de-rodriguez/agua-de-santa-ana
74692,Las Flores,Ranchería,Tepexi de Rodríguez,Puebla,,Rural,https://postali.app/mx/puebla/tepexi-de-rodriguez/las-flores
74692,Yeguas,Ranchería,Tepexi de Rodríguez,Puebla,,Rural,https://postali.app/mx/puebla/tepexi-de-rodriguez/yeguas
74692,Zacatepec,Ranchería,Tepexi de Rodríguez,Puebla,,Rural,https://postali.app/mx/puebla/tepexi-de-rodriguez/zacatepec
74693,Progreso,Pueblo,Tepexi de Rodríguez,Puebla,,Rural,https://postali.app/mx/puebla/tepexi-de-rodriguez/progreso
74694,Agua de la Luna,Ranchería,Tepexi de Rodríguez,Puebla,,Rural,https://postali.app/mx/puebla/tepexi-de-rodriguez/agua-de-la-luna
74695,Cañada Coyote,Colonia,Tepexi de Rodríguez,Puebla,,Rural,https://postali.app/mx/puebla/tepexi-de-rodriguez/canada-coyote
74695,Huajoyuca,Pueblo,Tepexi de Rodríguez,Puebla,,Rural,https://postali.app/mx/puebla/tepexi-de-rodriguez/huajoyuca
74695,Mariscala,Ranchería,Tepexi de Rodríguez,Puebla,,Rural,https://postali.app/mx/puebla/tepexi-de-rodriguez/mariscala
74695,Moralillo,Ranchería,Tepexi de Rodríguez,Puebla,,Rural,https://postali.app/mx/puebla/tepexi-de-rodriguez/moralillo
74695,Tula,Pueblo,Tepexi de Rodríguez,Puebla,,Rural,https://postali.app/mx/puebla/tepexi-de-rodriguez/tula
74696,Almolonga,Pueblo,Tepexi de Rodríguez,Puebla,,Rural,https://postali.app/mx/puebla/tepexi-de-rodriguez/almolonga
74696,Loma San Francisco,Ranchería,Tepexi de Rodríguez,Puebla,,Rural,https://postali.app/mx/puebla/tepexi-de-rodriguez/loma-san-francisco
74696,Santo Domingo Chapultepec,Ranchería,Tepexi de Rodríguez,Puebla,,Rural,https://postali.app/mx/puebla/tepexi-de-rodriguez/santo-domingo-chapultepec
74697,Huejonapan (San Antonio),Pueblo,Tepexi de Rodríguez,Puebla,,Rural,https://postali.app/mx/puebla/tepexi-de-rodriguez/huejonapan-san-antonio
74698,Morelos,Pueblo,Tepexi de Rodríguez,Puebla,,Rural,https://postali.app/mx/puebla/tepexi-de-rodriguez/morelos
74699,San Felipe Otlaltepec,Pueblo,Tepexi de Rodríguez,Puebla,,Rural,https://postali.app/mx/puebla/tepexi-de-rodriguez/san-felipe-otlaltepec
74700,Santa Cruz,Ranchería,Teotlalco,Puebla,,Rural,https://postali.app/mx/puebla/teotlalco/santa-cruz
74700,Teotlalco,Pueblo,Teotlalco,Puebla,,Rural,https://postali.app/mx/puebla/teotlalco/teotlalco
74702,Achichipico,Ranchería,Teotlalco,Puebla,,Rural,https://postali.app/mx/puebla/teotlalco/achichipico
74703,Tlayehualco,Ranchería,Teotlalco,Puebla,,Rural,https://postali.app/mx/puebla/teotlalco/tlayehualco
74708,Tlaucingo,Ranchería,Teotlalco,Puebla,,Rural,https://postali.app/mx/puebla/teotlalco/tlaucingo
74710,Buenos Aires,Colonia,Jolalpan,Puebla,,Rural,https://postali.app/mx/puebla/jolalpan/buenos-aires
74710,Guadalupe,Colonia,Jolalpan,Puebla,,Rural,https://postali.app/mx/puebla/jolalpan/guadalupe
74710,Huachinantla,Pueblo,Jolalpan,Puebla,,Rural,https://postali.app/mx/puebla/jolalpan/huachinantla
74710,Jolalpan Centro,Colonia,Jolalpan,Puebla,,Rural,https://postali.app/mx/puebla/jolalpan/jolalpan-centro
74710,La Cruz,Colonia,Jolalpan,Puebla,,Rural,https://postali.app/mx/puebla/jolalpan/la-cruz
74710,Santa Ana Jolalpan,Colonia,Jolalpan,Puebla,,Rural,https://postali.app/mx/puebla/jolalpan/santa-ana-jolalpan
74710,Santiago Mitepec,Pueblo,Jolalpan,Puebla,,Rural,https://postali.app/mx/puebla/jolalpan/santiago-mitepec
74710,Vista Hermosa,Colonia,Jolalpan,Puebla,,Rural,https://postali.app/mx/puebla/jolalpan/vista-hermosa
74710,Xochitepec,Pueblo,Jolalpan,Puebla,,Rural,https://postali.app/mx/puebla/jolalpan/xochitepec
74714,El Salado,Ranchería,Jolalpan,Puebla,,Rural,https://postali.app/mx/puebla/jolalpan/el-salado
74716,Teutla,Pueblo,Jolalpan,Puebla,,Rural,https://postali.app/mx/puebla/jolalpan/teutla
74720,Huehuetlán el Chico,Pueblo,Huehuetlán el Chico,Puebla,,Rural,https://postali.app/mx/puebla/huehuetlan-el-chico/huehuetlan-el-chico
74720,San José Patriarca,Ranchería,Huehuetlán el Chico,Puebla,,Rural,https://postali.app/mx/puebla/huehuetlan-el-chico/san-jose-patriarca
74723,El Ahuehuete Gordo (Las Bombas),Ranchería,Huehuetlán el Chico,Puebla,,Rural,https://postali.app/mx/puebla/huehuetlan-el-chico/el-ahuehuete-gordo-las-bombas
74723,Tecaxtla (Rancho de los Villalba),Rancho,Huehuetlán el Chico,Puebla,,Rural,https://postali.app/mx/puebla/huehuetlan-el-chico/tecaxtla-rancho-de-los-villalba
74724,El Jardín,Ranchería,Huehuetlán el Chico,Puebla,,Rural,https://postali.app/mx/puebla/huehuetlan-el-chico/el-jardin
74724,San Miguel el Terrero,Ranchería,Huehuetlán el Chico,Puebla,,Rural,https://postali.app/mx/puebla/huehuetlan-el-chico/san-miguel-el-terrero
74725,La Cuadrilla (San Antonio),Ranchería,Huehuetlán el Chico,Puebla,,Rural,https://postali.app/mx/puebla/huehuetlan-el-chico/la-cuadrilla-san-antonio
74725,La Palma,Ranchería,Huehuetlán el Chico,Puebla,,Rural,https://postali.app/mx/puebla/huehuetlan-el-chico/la-palma
74725,San Antonio (Mesa de la Palma),Rancho,Huehuetlán el Chico,Puebla,,Rural,https://postali.app/mx/puebla/huehuetlan-el-chico/san-antonio-mesa-de-la-palma
74725,San Juanaite,Ranchería,Huehuetlán el Chico,Puebla,,Rural,https://postali.app/mx/puebla/huehuetlan-el-chico/san-juanaite
74727,Chapulco,Ranchería,Huehuetlán el Chico,Puebla,,Rural,https://postali.app/mx/puebla/huehuetlan-el-chico/chapulco
74727,La Huilota,Rancho,Huehuetlán el Chico,Puebla,,Rural,https://postali.app/mx/puebla/huehuetlan-el-chico/la-huilota
74727,Rancho Paredes,Rancho,Huehuetlán el Chico,Puebla,,Rural,https://postali.app/mx/puebla/huehuetlan-el-chico/rancho-paredes
74727,San José Chapulco (La Cuadrilla),Rancho,Huehuetlán el Chico,Puebla,,Rural,https://postali.app/mx/puebla/huehuetlan-el-chico/san-jose-chapulco-la-cuadrilla
74728,Maravillas,Ranchería,Huehuetlán el Chico,Puebla,,Rural,https://postali.app/mx/puebla/huehuetlan-el-chico/maravillas
74728,Río Chiquito (Agua Dulce),Ranchería,Huehuetlán el Chico,Puebla,,Rural,https://postali.app/mx/puebla/huehuetlan-el-chico/rio-chiquito-agua-dulce
74728,Tzicatlán,Pueblo,Huehuetlán el Chico,Puebla,,Rural,https://postali.app/mx/puebla/huehuetlan-el-chico/tzicatlan
74729,Ayoxuxtla,Pueblo,Huehuetlán el Chico,Puebla,,Rural,https://postali.app/mx/puebla/huehuetlan-el-chico/ayoxuxtla
74730,Chiautla de Tapia,Pueblo,Chiautla,Puebla,,Rural,https://postali.app/mx/puebla/chiautla/chiautla-de-tapia
74730,El Capire,Colonia,Chiautla,Puebla,,Rural,https://postali.app/mx/puebla/chiautla/el-capire
74730,El Congreso,Colonia,Chiautla,Puebla,,Rural,https://postali.app/mx/puebla/chiautla/el-congreso
74730,El Mirador,Colonia,Chiautla,Puebla,,Rural,https://postali.app/mx/puebla/chiautla/el-mirador
74730,El Porvenir,Colonia,Chiautla,Puebla,,Rural,https://postali.app/mx/puebla/chiautla/el-porvenir
74730,Lindavista,Colonia,Chiautla,Puebla,,Rural,https://postali.app/mx/puebla/chiautla/lindavista
74730,San Miguel,Barrio,Chiautla,Puebla,,Rural,https://postali.app/mx/puebla/chiautla/san-miguel
74730,Tecomazuchil,Colonia,Chiautla,Puebla,,Rural,https://postali.app/mx/puebla/chiautla/tecomazuchil
74730,Titilintzin,Barrio,Chiautla,Puebla,,Urbano,https://postali.app/mx/puebla/chiautla/titilintzin
74730,Tlaica,Barrio,Chiautla,Puebla,,Rural,https://postali.app/mx/puebla/chiautla/tlaica
74730,Tlanichiautla,Colonia,Chiautla,Puebla,,Rural,https://postali.app/mx/puebla/chiautla/tlanichiautla
74730,Villa de las Flores,Colonia,Chiautla,Puebla,,Rural,https://postali.app/mx/puebla/chiautla/villa-de-las-flores
74730,Vista Hermosa,Colonia,Chiautla,Puebla,,Rural,https://postali.app/mx/puebla/chiautla/vista-hermosa
74732,Cascalote de Bravo,Ranchería,Chiautla,Puebla,,Rural,https://postali.app/mx/puebla/chiautla/cascalote-de-bravo
74732,Cruz Verde,Ranchería,Chiautla,Puebla,,Rural,https://postali.app/mx/puebla/chiautla/cruz-verde
74732,La Palma,Ranchería,Chiautla,Puebla,,Rural,https://postali.app/mx/puebla/chiautla/la-palma
74733,Chiauzumba,Ranchería,Chiautla,Puebla,,Rural,https://postali.app/mx/puebla/chiautla/chiauzumba
74733,San Francisco Javier,Colonia,Chiautla,Puebla,,Rural,https://postali.app/mx/puebla/chiautla/san-francisco-javier
74733,San Miguel Ejido,Pueblo,Chiautla,Puebla,,Rural,https://postali.app/mx/puebla/chiautla/san-miguel-ejido
74734,Tepoxmatla,Ranchería,Chiautla,Puebla,,Rural,https://postali.app/mx/puebla/chiautla/tepoxmatla
74735,San Miguel Chicotitlán,Ranchería,Chiautla,Puebla,,Rural,https://postali.app/mx/puebla/chiautla/san-miguel-chicotitlan
74735,Santa Ana Tecolapa,Ranchería,Chiautla,Puebla,,Rural,https://postali.app/mx/puebla/chiautla/santa-ana-tecolapa
74735,Tlancualpican,Pueblo,Chiautla,Puebla,,Rural,https://postali.app/mx/puebla/chiautla/tlancualpican
74736,Cañada Grande,Ranchería,Chiautla,Puebla,,Rural,https://postali.app/mx/puebla/chiautla/canada-grande
74736,San Juan del Rio,Barrio,Chiautla,Puebla,,Rural,https://postali.app/mx/puebla/chiautla/san-juan-del-rio
74737,La Ciénega (San Miguel la Ciénega),Ranchería,Chiautla,Puebla,,Rural,https://postali.app/mx/puebla/chiautla/la-cienega-san-miguel-la-cienega
74737,Pilcaya,Pueblo,Chiautla,Puebla,,Rural,https://postali.app/mx/puebla/chiautla/pilcaya
74737,Quetzotla (San Miguel),Ranchería,Chiautla,Puebla,,Rural,https://postali.app/mx/puebla/chiautla/quetzotla-san-miguel
74740,Santa María Cohetzala,Pueblo,Cohetzala,Puebla,,Rural,https://postali.app/mx/puebla/cohetzala/santa-maria-cohetzala
74740,Santa Mónica,Pueblo,Cohetzala,Puebla,,Rural,https://postali.app/mx/puebla/cohetzala/santa-monica
74741,El Platanar,Ranchería,Cohetzala,Puebla,,Rural,https://postali.app/mx/puebla/cohetzala/el-platanar
74750,Xicotlan,Pueblo,Xicotlán,Puebla,,Rural,https://postali.app/mx/puebla/xicotlan/xicotlan
74755,Coacalco,Pueblo,Xicotlán,Puebla,,Rural,https://postali.app/mx/puebla/xicotlan/coacalco
74760,Chila de la Sal,Pueblo,Chila de la Sal,Puebla,,Rural,https://postali.app/mx/puebla/chila-de-la-sal/chila-de-la-sal
74760,San Pedro Ocotlán,Pueblo,Chila de la Sal,Puebla,,Rural,https://postali.app/mx/puebla/chila-de-la-sal/san-pedro-ocotlan
74770,Buenavista de Zapata,Pueblo,Ixcamilpa de Guerrero,Puebla,,Rural,https://postali.app/mx/puebla/ixcamilpa-de-guerrero/buenavista-de-zapata
74770,Ixcamilpa,Pueblo,Ixcamilpa de Guerrero,Puebla,,Rural,https://postali.app/mx/puebla/ixcamilpa-de-guerrero/ixcamilpa
74770,Totecamila,Pueblo,Ixcamilpa de Guerrero,Puebla,,Rural,https://postali.app/mx/puebla/ixcamilpa-de-guerrero/totecamila
74773,San Miguel Ahuelitlalpan,Pueblo,Ixcamilpa de Guerrero,Puebla,,Rural,https://postali.app/mx/puebla/ixcamilpa-de-guerrero/san-miguel-ahuelitlalpan
74777,El Organal,Colonia,Ixcamilpa de Guerrero,Puebla,,Rural,https://postali.app/mx/puebla/ixcamilpa-de-guerrero/el-organal
74780,Acaxtlahuacan de Albino Zertuche,Pueblo,Albino Zertuche,Puebla,,Rural,https://postali.app/mx/puebla/albino-zertuche/acaxtlahuacan-de-albino-zertuche
74790,Juquila,Barrio,Tulcingo,Puebla,,Urbano,https://postali.app/mx/puebla/tulcingo/juquila
74790,Juárez,Colonia,Tulcingo,Puebla,,Rural,https://postali.app/mx/puebla/tulcingo/juarez
74790,Las Flores,Barrio,Tulcingo,Puebla,,Urbano,https://postali.app/mx/puebla/tulcingo/las-flores
74790,Los Ángeles,Barrio,Tulcingo,Puebla,,Urbano,https://postali.app/mx/puebla/tulcingo/los-angeles
74790,Manantiales,Barrio,Tulcingo,Puebla,,Urbano,https://postali.app/mx/puebla/tulcingo/manantiales
74790,Maravillas,Barrio,Tulcingo,Puebla,,Urbano,https://postali.app/mx/puebla/tulcingo/maravillas
74790,San Gabriel,Barrio,Tulcingo,Puebla,,Urbano,https://postali.app/mx/puebla/tulcingo/san-gabriel
74790,San Isidro,Barrio,Tulcingo,Puebla,,Urbano,https://postali.app/mx/puebla/tulcingo/san-isidro
74790,San José,Barrio,Tulcingo,Puebla,,Urbano,https://postali.app/mx/puebla/tulcingo/san-jose
74790,San Miguel,Barrio,Tulcingo,Puebla,,Urbano,https://postali.app/mx/puebla/tulcingo/san-miguel
74790,San Nicolás,Barrio,Tulcingo,Puebla,,Urbano,https://postali.app/mx/puebla/tulcingo/san-nicolas
74790,Santa Cruz,Barrio,Tulcingo,Puebla,,Urbano,https://postali.app/mx/puebla/tulcingo/santa-cruz
74790,Tulcingo de Valle,Pueblo,Tulcingo,Puebla,,Urbano,https://postali.app/mx/puebla/tulcingo/tulcingo-de-valle
74792,Xixingo de los Reyes,Pueblo,Tulcingo,Puebla,,Rural,https://postali.app/mx/puebla/tulcingo/xixingo-de-los-reyes
74794,Cerro que Sale el Aire,Ranchería,Tulcingo,Puebla,,Rural,https://postali.app/mx/puebla/tulcingo/cerro-que-sale-el-aire
74794,La Ciénega,Ranchería,Tulcingo,Puebla,,Rural,https://postali.app/mx/puebla/tulcingo/la-cienega
74794,Tehuazcatla,Ranchería,Tulcingo,Puebla,,Rural,https://postali.app/mx/puebla/tulcingo/tehuazcatla
74795,Guadalupe Victoria,Pueblo,Tulcingo,Puebla,,Rural,https://postali.app/mx/puebla/tulcingo/guadalupe-victoria
74796,Atzompa,Ranchería,Tulcingo,Puebla,,Rural,https://postali.app/mx/puebla/tulcingo/atzompa
74796,El Gachupín,Ranchería,Tulcingo,Puebla,,Rural,https://postali.app/mx/puebla/tulcingo/el-gachupin
74796,Guadalupe Tulcingo,Ranchería,Tulcingo,Puebla,,Rural,https://postali.app/mx/puebla/tulcingo/guadalupe-tulcingo
74796,Tepetlayo (La Agüita),Ranchería,Tulcingo,Puebla,,Rural,https://postali.app/mx/puebla/tulcingo/tepetlayo-la-aguita
74796,Zaragoza de la Luz,Pueblo,Tulcingo,Puebla,,Rural,https://postali.app/mx/puebla/tulcingo/zaragoza-de-la-luz
74797,Aguacatitlán,Pueblo,Tulcingo,Puebla,,Rural,https://postali.app/mx/puebla/tulcingo/aguacatitlan
74797,Francisco Villa,Ranchería,Tulcingo,Puebla,,Rural,https://postali.app/mx/puebla/tulcingo/francisco-villa
74797,La Huertilla,Ranchería,Tulcingo,Puebla,,Rural,https://postali.app/mx/puebla/tulcingo/la-huertilla
74797,Los Caracoles,Ranchería,Tulcingo,Puebla,,Rural,https://postali.app/mx/puebla/tulcingo/los-caracoles
74798,Chaguapa,Ranchería,Tulcingo,Puebla,,Rural,https://postali.app/mx/puebla/tulcingo/chaguapa
74798,Pie de Cocotzin (Nagualapa),Ranchería,Tulcingo,Puebla,,Rural,https://postali.app/mx/puebla/tulcingo/pie-de-cocotzin-nagualapa
74798,San Miguel Tlaltepexi,Pueblo,Tulcingo,Puebla,,Rural,https://postali.app/mx/puebla/tulcingo/san-miguel-tlaltepexi
74798,Tepetlayo (La Agüita),Ranchería,Tulcingo,Puebla,,Rural,https://postali.app/mx/puebla/tulcingo/tepetlayo-la-aguita-74798
74800,Atopoltitlán,Pueblo,Tehuitzingo,Puebla,,Rural,https://postali.app/mx/puebla/tehuitzingo/atopoltitlan
74800,Boqueroncito,Ranchería,Tehuitzingo,Puebla,,Rural,https://postali.app/mx/puebla/tehuitzingo/boqueroncito
74800,La Noria Hidalgo,Pueblo,Tehuitzingo,Puebla,,Rural,https://postali.app/mx/puebla/tehuitzingo/la-noria-hidalgo
74800,Tehuitzingo,Pueblo,Tehuitzingo,Puebla,,Rural,https://postali.app/mx/puebla/tehuitzingo/tehuitzingo
74800,Tejalpa,Pueblo,Tehuitzingo,Puebla,,Rural,https://postali.app/mx/puebla/tehuitzingo/tejalpa
74801,San Francisco,Ranchería,Tehuitzingo,Puebla,,Rural,https://postali.app/mx/puebla/tehuitzingo/san-francisco
74802,Puente Marqués,Ranchería,Tehuitzingo,Puebla,,Rural,https://postali.app/mx/puebla/tehuitzingo/puente-marques
74802,San José Cañada Grande,Ranchería,Tehuitzingo,Puebla,,Rural,https://postali.app/mx/puebla/tehuitzingo/san-jose-canada-grande
74802,San José Hidalgo,Ranchería,Tehuitzingo,Puebla,,Rural,https://postali.app/mx/puebla/tehuitzingo/san-jose-hidalgo
74802,San Vicente Ferrer,Ranchería,Tehuitzingo,Puebla,,Rural,https://postali.app/mx/puebla/tehuitzingo/san-vicente-ferrer
74803,Azuchitlan,Ranchería,Tehuitzingo,Puebla,,Urbano,https://postali.app/mx/puebla/tehuitzingo/azuchitlan
74803,San Pedro la Junta,Ranchería,Tehuitzingo,Puebla,,Rural,https://postali.app/mx/puebla/tehuitzingo/san-pedro-la-junta
74806,Los Hornos Zaragoza,Ranchería,Tehuitzingo,Puebla,,Rural,https://postali.app/mx/puebla/tehuitzingo/los-hornos-zaragoza
74807,Tlachinola,Pueblo,Tehuitzingo,Puebla,,Rural,https://postali.app/mx/puebla/tehuitzingo/tlachinola
74807,Tuzantlán,Pueblo,Tehuitzingo,Puebla,,Rural,https://postali.app/mx/puebla/tehuitzingo/tuzantlan
74808,Guadalupe Allende,Ranchería,Tehuitzingo,Puebla,,Rural,https://postali.app/mx/puebla/tehuitzingo/guadalupe-allende
74808,Tecolutla,Ranchería,Tehuitzingo,Puebla,,Rural,https://postali.app/mx/puebla/tehuitzingo/tecolutla
74810,Débora Carrizal,Ranchería,Cuayuca de Andrade,Puebla,,Rural,https://postali.app/mx/puebla/cuayuca-de-andrade/debora-carrizal
74813,Cañada Chica,Ranchería,Cuayuca de Andrade,Puebla,,Rural,https://postali.app/mx/puebla/cuayuca-de-andrade/canada-chica
74814,Michapa,Ranchería,Cuayuca de Andrade,Puebla,,Rural,https://postali.app/mx/puebla/cuayuca-de-andrade/michapa
74814,San Antonio Cuayuca,Ejido,Cuayuca de Andrade,Puebla,,Rural,https://postali.app/mx/puebla/cuayuca-de-andrade/san-antonio-cuayuca
74814,Tlacotepec,Ranchería,Cuayuca de Andrade,Puebla,,Rural,https://postali.app/mx/puebla/cuayuca-de-andrade/tlacotepec
74815,Santa Cruz Organal,Ranchería,Cuayuca de Andrade,Puebla,,Rural,https://postali.app/mx/puebla/cuayuca-de-andrade/santa-cruz-organal
74816,Cuajilote,Ranchería,Cuayuca de Andrade,Puebla,,Rural,https://postali.app/mx/puebla/cuayuca-de-andrade/cuajilote
74817,Axúchil,Ranchería,Cuayuca de Andrade,Puebla,,Rural,https://postali.app/mx/puebla/cuayuca-de-andrade/axuchil
74817,Cerro Gordo,Pueblo,Cuayuca de Andrade,Puebla,,Rural,https://postali.app/mx/puebla/cuayuca-de-andrade/cerro-gordo
74817,San Pedro Cuayuca,Pueblo,Cuayuca de Andrade,Puebla,,Rural,https://postali.app/mx/puebla/cuayuca-de-andrade/san-pedro-cuayuca
74818,El Naranjo,Ranchería,Cuayuca de Andrade,Puebla,,Rural,https://postali.app/mx/puebla/cuayuca-de-andrade/el-naranjo
74818,La Junta,Ranchería,Cuayuca de Andrade,Puebla,,Rural,https://postali.app/mx/puebla/cuayuca-de-andrade/la-junta
74820,De Jesús,Barrio,Santa Inés Ahuatempan,Puebla,,Rural,https://postali.app/mx/puebla/santa-ines-ahuatempan/de-jesus
74820,Los Reyes,Barrio,Santa Inés Ahuatempan,Puebla,,Rural,https://postali.app/mx/puebla/santa-ines-ahuatempan/los-reyes
74820,San Antonio Tierra Colorada,Barrio,Santa Inés Ahuatempan,Puebla,,Rural,https://postali.app/mx/puebla/santa-ines-ahuatempan/san-antonio-tierra-colorada
74820,San Antonio Tierra Negra,Barrio,Santa Inés Ahuatempan,Puebla,,Rural,https://postali.app/mx/puebla/santa-ines-ahuatempan/san-antonio-tierra-negra
74820,San Juan Nepomuceno,Ranchería,Santa Inés Ahuatempan,Puebla,,Rural,https://postali.app/mx/puebla/santa-ines-ahuatempan/san-juan-nepomuceno
74820,Santa Inés,Barrio,Santa Inés Ahuatempan,Puebla,,Rural,https://postali.app/mx/puebla/santa-ines-ahuatempan/santa-ines
74820,Santa Inés Ahuatempan Centro,Barrio,Santa Inés Ahuatempan,Puebla,,Rural,https://postali.app/mx/puebla/santa-ines-ahuatempan/santa-ines-ahuatempan-centro
74820,Santiago,Barrio,Santa Inés Ahuatempan,Puebla,,Rural,https://postali.app/mx/puebla/santa-ines-ahuatempan/santiago
74826,La Concepción,Barrio,Santa Inés Ahuatempan,Puebla,,Rural,https://postali.app/mx/puebla/santa-ines-ahuatempan/la-concepcion
74830,Axutla,Pueblo,Axutla,Puebla,,Rural,https://postali.app/mx/puebla/axutla/axutla
74835,Huehuepiaxtla,Pueblo,Axutla,Puebla,,Rural,https://postali.app/mx/puebla/axutla/huehuepiaxtla
74838,Tlaxixinca,Ranchería,Axutla,Puebla,,Rural,https://postali.app/mx/puebla/axutla/tlaxixinca
74840,Buenavista,Pueblo,Chinantla,Puebla,,Rural,https://postali.app/mx/puebla/chinantla/buenavista
74840,Chinantla,Pueblo,Chinantla,Puebla,,Rural,https://postali.app/mx/puebla/chinantla/chinantla
74842,Cuatecontla,Ranchería,Chinantla,Puebla,,Rural,https://postali.app/mx/puebla/chinantla/cuatecontla
74844,Amatepetlán,Ranchería,Chinantla,Puebla,,Rural,https://postali.app/mx/puebla/chinantla/amatepetlan
74846,Cuicatlán,Ranchería,Chinantla,Puebla,,Rural,https://postali.app/mx/puebla/chinantla/cuicatlan
74847,Tehuixtla San Francisco,Ranchería,Chinantla,Puebla,,Rural,https://postali.app/mx/puebla/chinantla/tehuixtla-san-francisco
74850,Ahuehuetitla,Pueblo,Ahuehuetitla,Puebla,,Rural,https://postali.app/mx/puebla/ahuehuetitla/ahuehuetitla
74853,Las Palomas (El Boludo),Ranchería,Ahuehuetitla,Puebla,,Rural,https://postali.app/mx/puebla/ahuehuetitla/las-palomas-el-boludo
74853,San Vicente el Peñón,Ranchería,Ahuehuetitla,Puebla,,Rural,https://postali.app/mx/puebla/ahuehuetitla/san-vicente-el-penon
74855,El Papayo,Ejido,Ahuehuetitla,Puebla,,Rural,https://postali.app/mx/puebla/ahuehuetitla/el-papayo
74859,Guadalupe Alchipini,Ranchería,Ahuehuetitla,Puebla,,Rural,https://postali.app/mx/puebla/ahuehuetitla/guadalupe-alchipini
74860,San Agustín,Barrio,San Pablo Anicano,Puebla,,Rural,https://postali.app/mx/puebla/san-pablo-anicano/san-agustin
74860,San Francisco,Barrio,San Pablo Anicano,Puebla,,Rural,https://postali.app/mx/puebla/san-pablo-anicano/san-francisco
74860,San Juan,Barrio,San Pablo Anicano,Puebla,,Rural,https://postali.app/mx/puebla/san-pablo-anicano/san-juan
74863,Barranca el Paredón (Antonio Luna Andrés),Ranchería,San Pablo Anicano,Puebla,,Rural,https://postali.app/mx/puebla/san-pablo-anicano/barranca-el-paredon-antonio-luna-andres
74863,El Jagüey (Silvio Rivera Díaz),Ranchería,San Pablo Anicano,Puebla,,Rural,https://postali.app/mx/puebla/san-pablo-anicano/el-jaguey-silvio-rivera-diaz
74863,El Reparito (La Manduca),Ranchería,San Pablo Anicano,Puebla,,Rural,https://postali.app/mx/puebla/san-pablo-anicano/el-reparito-la-manduca
74863,Pedregoso,Ranchería,San Pablo Anicano,Puebla,,Rural,https://postali.app/mx/puebla/san-pablo-anicano/pedregoso
74863,San Miguel Tulapa,Pueblo,San Pablo Anicano,Puebla,,Rural,https://postali.app/mx/puebla/san-pablo-anicano/san-miguel-tulapa
74864,Paso Guamúchil,Ranchería,San Pablo Anicano,Puebla,,Rural,https://postali.app/mx/puebla/san-pablo-anicano/paso-guamuchil
74865,Francisco González Bocanegra,Pueblo,San Pablo Anicano,Puebla,,Rural,https://postali.app/mx/puebla/san-pablo-anicano/francisco-gonzalez-bocanegra
74865,La Casahuatera,Ranchería,San Pablo Anicano,Puebla,,Rural,https://postali.app/mx/puebla/san-pablo-anicano/la-casahuatera
74865,Nueva Rosita,Ranchería,San Pablo Anicano,Puebla,,Rural,https://postali.app/mx/puebla/san-pablo-anicano/nueva-rosita
74865,Pozo Guamúchil (Pedregoso),Ranchería,San Pablo Anicano,Puebla,,Rural,https://postali.app/mx/puebla/san-pablo-anicano/pozo-guamuchil-pedregoso
74867,Mixquitlixco,Pueblo,San Pablo Anicano,Puebla,,Rural,https://postali.app/mx/puebla/san-pablo-anicano/mixquitlixco
74867,San Rafael (La Palma),Ranchería,San Pablo Anicano,Puebla,,Rural,https://postali.app/mx/puebla/san-pablo-anicano/san-rafael-la-palma
74868,El Nanchito,Ranchería,San Pablo Anicano,Puebla,,Rural,https://postali.app/mx/puebla/san-pablo-anicano/el-nanchito
74868,La Culebra,Ranchería,San Pablo Anicano,Puebla,,Rural,https://postali.app/mx/puebla/san-pablo-anicano/la-culebra
74868,Omitepec (Cañada Aguayo),Ranchería,San Pablo Anicano,Puebla,,Rural,https://postali.app/mx/puebla/san-pablo-anicano/omitepec-canada-aguayo
74868,Santa Cruz Cuaulote,Ranchería,San Pablo Anicano,Puebla,,Rural,https://postali.app/mx/puebla/san-pablo-anicano/santa-cruz-cuaulote
74870,Independencia,Ranchería,Tecomatlán,Puebla,,Rural,https://postali.app/mx/puebla/tecomatlan/independencia
74870,Quicayan,Ranchería,Tecomatlán,Puebla,,Rural,https://postali.app/mx/puebla/tecomatlan/quicayan
74870,Tecomatlán,Pueblo,Tecomatlán,Puebla,,Rural,https://postali.app/mx/puebla/tecomatlan/tecomatlan
74872,Mixquiapan,Ranchería,Tecomatlán,Puebla,,Rural,https://postali.app/mx/puebla/tecomatlan/mixquiapan
74874,El Tempexquixtle,Ranchería,Tecomatlán,Puebla,,Rural,https://postali.app/mx/puebla/tecomatlan/el-tempexquixtle
74874,La Unión,Ranchería,Tecomatlán,Puebla,,Rural,https://postali.app/mx/puebla/tecomatlan/la-union
74875,Olamatlan,Ranchería,Tecomatlán,Puebla,,Rural,https://postali.app/mx/puebla/tecomatlan/olamatlan
74876,San Miguel de Lozano,Ranchería,Tecomatlán,Puebla,,Rural,https://postali.app/mx/puebla/tecomatlan/san-miguel-de-lozano
74880,Piaxtla,Pueblo,Piaxtla,Puebla,,Rural,https://postali.app/mx/puebla/piaxtla/piaxtla
74884,San Martín Tecuautitlán,Pueblo,Piaxtla,Puebla,,Rural,https://postali.app/mx/puebla/piaxtla/san-martin-tecuautitlan
74885,Tlaxcuapan,Pueblo,Piaxtla,Puebla,,Rural,https://postali.app/mx/puebla/piaxtla/tlaxcuapan
74886,Atempa,Ranchería,Piaxtla,Puebla,,Rural,https://postali.app/mx/puebla/piaxtla/atempa
74886,San José Tetla,Pueblo,Piaxtla,Puebla,,Rural,https://postali.app/mx/puebla/piaxtla/san-jose-tetla
74886,Santa María,Ranchería,Piaxtla,Puebla,,Rural,https://postali.app/mx/puebla/piaxtla/santa-maria
74887,Yetla,Ranchería,Piaxtla,Puebla,,Rural,https://postali.app/mx/puebla/piaxtla/yetla
74889,Progreso,Pueblo,Piaxtla,Puebla,,Rural,https://postali.app/mx/puebla/piaxtla/progreso
74890,Guadalupe,Pueblo,Guadalupe,Puebla,,Rural,https://postali.app/mx/puebla/guadalupe/guadalupe
74890,San Rafael,Barrio,Guadalupe,Puebla,,Rural,https://postali.app/mx/puebla/guadalupe/san-rafael
74890,Santa Cruz,Barrio,Guadalupe,Puebla,,Rural,https://postali.app/mx/puebla/guadalupe/santa-cruz
74893,Mixquitepec,Pueblo,Guadalupe,Puebla,,Rural,https://postali.app/mx/puebla/guadalupe/mixquitepec
74893,San Antonio Chiltepec,Ranchería,Guadalupe,Puebla,,Rural,https://postali.app/mx/puebla/guadalupe/san-antonio-chiltepec
74894,Cordoncillo,Ranchería,Guadalupe,Puebla,,Rural,https://postali.app/mx/puebla/guadalupe/cordoncillo
74894,Guadalupito,Ranchería,Guadalupe,Puebla,,Rural,https://postali.app/mx/puebla/guadalupe/guadalupito
74895,Barranca el Brasil,Ranchería,Guadalupe,Puebla,,Rural,https://postali.app/mx/puebla/guadalupe/barranca-el-brasil
74895,El Carril,Ranchería,Guadalupe,Puebla,,Rural,https://postali.app/mx/puebla/guadalupe/el-carril
74895,El Limón (San Miguel),Colonia,Guadalupe,Puebla,,Rural,https://postali.app/mx/puebla/guadalupe/el-limon-san-miguel
74895,El Reparo,Ranchería,Guadalupe,Puebla,,Rural,https://postali.app/mx/puebla/guadalupe/el-reparo
74895,La Cámara (El Portezuelo),Ranchería,Guadalupe,Puebla,,Rural,https://postali.app/mx/puebla/guadalupe/la-camara-el-portezuelo
74895,La Providencia,Colonia,Guadalupe,Puebla,,Rural,https://postali.app/mx/puebla/guadalupe/la-providencia
74895,Las Calaveras,Ranchería,Guadalupe,Puebla,,Rural,https://postali.app/mx/puebla/guadalupe/las-calaveras
74895,San Antonio,Ranchería,Guadalupe,Puebla,,Rural,https://postali.app/mx/puebla/guadalupe/san-antonio
74895,San Fernando,Ranchería,Guadalupe,Puebla,,Rural,https://postali.app/mx/puebla/guadalupe/san-fernando
74896,Barranca Honda,Ranchería,Guadalupe,Puebla,,Rural,https://postali.app/mx/puebla/guadalupe/barranca-honda
74896,El Veneno,Ranchería,Guadalupe,Puebla,,Rural,https://postali.app/mx/puebla/guadalupe/el-veneno
74896,La Angostura (San Miguel),Ranchería,Guadalupe,Puebla,,Rural,https://postali.app/mx/puebla/guadalupe/la-angostura-san-miguel
74896,Rincón Chiquito,Ranchería,Guadalupe,Puebla,,Rural,https://postali.app/mx/puebla/guadalupe/rincon-chiquito
74896,San Isidro Jehuital,Pueblo,Guadalupe,Puebla,,Rural,https://postali.app/mx/puebla/guadalupe/san-isidro-jehuital
74896,Vista Hermosa,Colonia,Guadalupe,Puebla,,Rural,https://postali.app/mx/puebla/guadalupe/vista-hermosa
74897,El Mirador (Santa Cruz),Ranchería,Guadalupe,Puebla,,Rural,https://postali.app/mx/puebla/guadalupe/el-mirador-santa-cruz
74897,Las Flores,Colonia,Guadalupe,Puebla,,Rural,https://postali.app/mx/puebla/guadalupe/las-flores
74900,Del 9,Barrio,Ixcaquixtla,Puebla,,Urbano,https://postali.app/mx/puebla/ixcaquixtla/del-9
74900,San José Ruiz,Ranchería,Ixcaquixtla,Puebla,,Rural,https://postali.app/mx/puebla/ixcaquixtla/san-jose-ruiz
74900,San Juan Ixcaquixtla,Pueblo,Ixcaquixtla,Puebla,,Rural,https://postali.app/mx/puebla/ixcaquixtla/san-juan-ixcaquixtla
74905,Alta Luz Cuatro Rayas,Pueblo,Ixcaquixtla,Puebla,,Rural,https://postali.app/mx/puebla/ixcaquixtla/alta-luz-cuatro-rayas
74906,De Dolores,Barrio,Ixcaquixtla,Puebla,,Rural,https://postali.app/mx/puebla/ixcaquixtla/de-dolores
74907,San Juan Nepomuceno (Rancho Chico),Pueblo,Ixcaquixtla,Puebla,,Rural,https://postali.app/mx/puebla/ixcaquixtla/san-juan-nepomuceno-rancho-chico
74908,Pixtiopan,Colonia,Ixcaquixtla,Puebla,,Rural,https://postali.app/mx/puebla/ixcaquixtla/pixtiopan
74908,San José Moro (Alfredo Portilla Rivera),Rancho,Ixcaquixtla,Puebla,,Rural,https://postali.app/mx/puebla/ixcaquixtla/san-jose-moro-alfredo-portilla-rivera
74909,La Soledad,Colonia,Ixcaquixtla,Puebla,,Rural,https://postali.app/mx/puebla/ixcaquixtla/la-soledad
74909,Miguel Cancino Martínez,Rancho,Ixcaquixtla,Puebla,,Rural,https://postali.app/mx/puebla/ixcaquixtla/miguel-cancino-martinez
74909,Santa Cecilia Clavijero,Pueblo,Ixcaquixtla,Puebla,,Rural,https://postali.app/mx/puebla/ixcaquixtla/santa-cecilia-clavijero
74910,San Vicente Coyotepec,Pueblo,Coyotepec,Puebla,,Rural,https://postali.app/mx/puebla/coyotepec/san-vicente-coyotepec
74915,Nativitas Cuautempan,Pueblo,Coyotepec,Puebla,,Rural,https://postali.app/mx/puebla/coyotepec/nativitas-cuautempan
74917,San Mateo Zoyamazalco,Pueblo,Coyotepec,Puebla,,Rural,https://postali.app/mx/puebla/coyotepec/san-mateo-zoyamazalco
74920,Segunda Sección de Xayacatlán de Bravo,Barrio,Xayacatlán de Bravo,Puebla,,Rural,https://postali.app/mx/puebla/xayacatlan-de-bravo/segunda-seccion-de-xayacatlan-de-bravo
74920,Tercera Sección de Xayacatlán de Bravo,Barrio,Xayacatlán de Bravo,Puebla,,Rural,https://postali.app/mx/puebla/xayacatlan-de-bravo/tercera-seccion-de-xayacatlan-de-bravo
74920,Xayacatlán de Bravo,Pueblo,Xayacatlán de Bravo,Puebla,,Rural,https://postali.app/mx/puebla/xayacatlan-de-bravo/xayacatlan-de-bravo
74927,El Amate,Ranchería,Xayacatlán de Bravo,Puebla,,Rural,https://postali.app/mx/puebla/xayacatlan-de-bravo/el-amate
74927,El Guaje,Ranchería,Xayacatlán de Bravo,Puebla,,Rural,https://postali.app/mx/puebla/xayacatlan-de-bravo/el-guaje
74928,Cuajilote,Ranchería,Xayacatlán de Bravo,Puebla,,Rural,https://postali.app/mx/puebla/xayacatlan-de-bravo/cuajilote
74928,La Jícara,Ranchería,Xayacatlán de Bravo,Puebla,,Rural,https://postali.app/mx/puebla/xayacatlan-de-bravo/la-jicara
74928,Uña de Gato,Ranchería,Xayacatlán de Bravo,Puebla,,Rural,https://postali.app/mx/puebla/xayacatlan-de-bravo/una-de-gato
74930,San Antonio,Barrio,Totoltepec de Guerrero,Puebla,,Rural,https://postali.app/mx/puebla/totoltepec-de-guerrero/san-antonio
74930,San Cristóbal,Barrio,Totoltepec de Guerrero,Puebla,,Rural,https://postali.app/mx/puebla/totoltepec-de-guerrero/san-cristobal
74930,San Juan,Barrio,Totoltepec de Guerrero,Puebla,,Rural,https://postali.app/mx/puebla/totoltepec-de-guerrero/san-juan
74930,San Miguel,Barrio,Totoltepec de Guerrero,Puebla,,Rural,https://postali.app/mx/puebla/totoltepec-de-guerrero/san-miguel
74935,Santa Cruz Nuevo,Pueblo,Totoltepec de Guerrero,Puebla,,Rural,https://postali.app/mx/puebla/totoltepec-de-guerrero/santa-cruz-nuevo
74940,Amatitlán de Azueta,Pueblo,Acatlán,Puebla,,Rural,https://postali.app/mx/puebla/acatlan/amatitlan-de-azueta
74940,De Guadalupe,Barrio,Acatlán,Puebla,,Rural,https://postali.app/mx/puebla/acatlan/de-guadalupe
74941,La Trinidad,Ranchería,Acatlán,Puebla,,Rural,https://postali.app/mx/puebla/acatlan/la-trinidad
74941,Tetelcingo,Barrio,Acatlán,Puebla,,Rural,https://postali.app/mx/puebla/acatlan/tetelcingo
74942,San Cristóbal,Colonia,Acatlán,Puebla,,Rural,https://postali.app/mx/puebla/acatlan/san-cristobal
74943,El Tehuixtle,Ranchería,Acatlán,Puebla,,Rural,https://postali.app/mx/puebla/acatlan/el-tehuixtle
74943,Garzones (Santa Gertrudis),Colonia,Acatlán,Puebla,,Rural,https://postali.app/mx/puebla/acatlan/garzones-santa-gertrudis
74943,La Huerta,Pueblo,Acatlán,Puebla,,Rural,https://postali.app/mx/puebla/acatlan/la-huerta
74943,San Francisco Rancho Nuevo,Ranchería,Acatlán,Puebla,,Rural,https://postali.app/mx/puebla/acatlan/san-francisco-rancho-nuevo
74943,San Vicente Boquerón,Pueblo,Acatlán,Puebla,,Rural,https://postali.app/mx/puebla/acatlan/san-vicente-boqueron
74944,El Maguey,Ranchería,Acatlán,Puebla,,Rural,https://postali.app/mx/puebla/acatlan/el-maguey
74944,Hermenegildo Galeana,Pueblo,Acatlán,Puebla,,Rural,https://postali.app/mx/puebla/acatlan/hermenegildo-galeana
74945,Amate Redondo,Ranchería,Acatlán,Puebla,,Rural,https://postali.app/mx/puebla/acatlan/amate-redondo
74945,Ilamacingo,Pueblo,Acatlán,Puebla,,Rural,https://postali.app/mx/puebla/acatlan/ilamacingo
74945,Juan R. Rojas (Los Cocos),Ranchería,Acatlán,Puebla,,Rural,https://postali.app/mx/puebla/acatlan/juan-r-rojas-los-cocos
74945,Peña Colorada,Colonia,Acatlán,Puebla,,Rural,https://postali.app/mx/puebla/acatlan/pena-colorada
74945,Rancho Nuevo,Ranchería,Acatlán,Puebla,,Rural,https://postali.app/mx/puebla/acatlan/rancho-nuevo
74945,Santiago Ilamacingo,Barrio,Acatlán,Puebla,,Rural,https://postali.app/mx/puebla/acatlan/santiago-ilamacingo
74945,Tianguistengo,Ranchería,Acatlán,Puebla,,Rural,https://postali.app/mx/puebla/acatlan/tianguistengo
74946,La Noria Chica,Ranchería,Acatlán,Puebla,,Rural,https://postali.app/mx/puebla/acatlan/la-noria-chica
74946,Nuevos Horizontes,Ranchería,Acatlán,Puebla,,Rural,https://postali.app/mx/puebla/acatlan/nuevos-horizontes
74946,San Bernardo,Pueblo,Acatlán,Puebla,,Rural,https://postali.app/mx/puebla/acatlan/san-bernardo
74946,San Miguel San Bernardo,Ranchería,Acatlán,Puebla,,Rural,https://postali.app/mx/puebla/acatlan/san-miguel-san-bernardo
74947,Allende,Ranchería,Acatlán,Puebla,,Rural,https://postali.app/mx/puebla/acatlan/allende
74947,El Cuajilote,Ranchería,Acatlán,Puebla,,Rural,https://postali.app/mx/puebla/acatlan/el-cuajilote
74947,La Azuchilera,Barrio,Acatlán,Puebla,,Rural,https://postali.app/mx/puebla/acatlan/la-azuchilera
74947,Las Nieves,Colonia,Acatlán,Puebla,,Rural,https://postali.app/mx/puebla/acatlan/las-nieves
74947,Tecomate,Colonia,Acatlán,Puebla,,Rural,https://postali.app/mx/puebla/acatlan/tecomate
74949,Acatlán de Osorio Centro,Colonia,Acatlán,Puebla,Acatlán de Osorio,Urbano,https://postali.app/mx/puebla/acatlan/acatlan-de-osorio-centro
74949,Bellavista,Barrio,Acatlán,Puebla,Acatlán de Osorio,Urbano,https://postali.app/mx/puebla/acatlan/bellavista
74949,Del Maestro,Colonia,Acatlán,Puebla,Acatlán de Osorio,Urbano,https://postali.app/mx/puebla/acatlan/del-maestro
74949,FOVISSSTE,Unidad habitacional,Acatlán,Puebla,Acatlán de Osorio,Urbano,https://postali.app/mx/puebla/acatlan/fovissste
74949,Independencia,Colonia,Acatlán,Puebla,Acatlán de Osorio,Rural,https://postali.app/mx/puebla/acatlan/independencia
74949,La Palma,Barrio,Acatlán,Puebla,Acatlán de Osorio,Urbano,https://postali.app/mx/puebla/acatlan/la-palma
74949,La Providencia,Colonia,Acatlán,Puebla,Acatlán de Osorio,Urbano,https://postali.app/mx/puebla/acatlan/la-providencia
74949,San Antonio,Barrio,Acatlán,Puebla,Acatlán de Osorio,Urbano,https://postali.app/mx/puebla/acatlan/san-antonio
74949,San Gabriel,Barrio,Acatlán,Puebla,Acatlán de Osorio,Urbano,https://postali.app/mx/puebla/acatlan/san-gabriel
74949,San José,Barrio,Acatlán,Puebla,Acatlán de Osorio,Urbano,https://postali.app/mx/puebla/acatlan/san-jose
74949,San Juan,Barrio,Acatlán,Puebla,Acatlán de Osorio,Urbano,https://postali.app/mx/puebla/acatlan/san-juan
74949,San Luis,Barrio,Acatlán,Puebla,Acatlán de Osorio,Urbano,https://postali.app/mx/puebla/acatlan/san-luis
74949,San Miguel,Barrio,Acatlán,Puebla,Acatlán de Osorio,Urbano,https://postali.app/mx/puebla/acatlan/san-miguel
74949,San Rafael,Barrio,Acatlán,Puebla,Acatlán de Osorio,Urbano,https://postali.app/mx/puebla/acatlan/san-rafael
74949,Santa Ana,Fraccionamiento,Acatlán,Puebla,Acatlán de Osorio,Urbano,https://postali.app/mx/puebla/acatlan/santa-ana
74949,Santa Rosa,Fraccionamiento,Acatlán,Puebla,Acatlán de Osorio,Urbano,https://postali.app/mx/puebla/acatlan/santa-rosa
74949,Tres Cruces Primera Sección,Barrio,Acatlán,Puebla,Acatlán de Osorio,Urbano,https://postali.app/mx/puebla/acatlan/tres-cruces-primera-seccion
74949,Tres Cruces Segunda Sección,Barrio,Acatlán,Puebla,Acatlán de Osorio,Urbano,https://postali.app/mx/puebla/acatlan/tres-cruces-segunda-seccion
74950,2o. Sector Llano,Barrio,San Jerónimo Xayacatlán,Puebla,,Urbano,https://postali.app/mx/puebla/san-jeronimo-xayacatlan/2o-sector-llano
74950,San Jerónimo Xayacatlán,Pueblo,San Jerónimo Xayacatlán,Puebla,,Rural,https://postali.app/mx/puebla/san-jeronimo-xayacatlan/san-jeronimo-xayacatlan
74950,San Pedro,Barrio,San Jerónimo Xayacatlán,Puebla,,Urbano,https://postali.app/mx/puebla/san-jeronimo-xayacatlan/san-pedro
74955,Gabino Barreda,Pueblo,San Jerónimo Xayacatlán,Puebla,,Rural,https://postali.app/mx/puebla/san-jeronimo-xayacatlan/gabino-barreda
74955,La Cruz,Ranchería,San Jerónimo Xayacatlán,Puebla,,Rural,https://postali.app/mx/puebla/san-jeronimo-xayacatlan/la-cruz
74955,Santo Domingo Tonahuixtla,Pueblo,San Jerónimo Xayacatlán,Puebla,,Rural,https://postali.app/mx/puebla/san-jeronimo-xayacatlan/santo-domingo-tonahuixtla
74955,Sección Cañada Sandía,Ranchería,San Jerónimo Xayacatlán,Puebla,,Rural,https://postali.app/mx/puebla/san-jeronimo-xayacatlan/seccion-canada-sandia
74956,Cañada San Miguel,Ranchería,San Jerónimo Xayacatlán,Puebla,,Rural,https://postali.app/mx/puebla/san-jeronimo-xayacatlan/canada-san-miguel
74956,El Carrizal,Ranchería,San Jerónimo Xayacatlán,Puebla,,Rural,https://postali.app/mx/puebla/san-jeronimo-xayacatlan/el-carrizal
74956,El Mosco,Ranchería,San Jerónimo Xayacatlán,Puebla,,Rural,https://postali.app/mx/puebla/san-jeronimo-xayacatlan/el-mosco
74956,La Huertilla,Ranchería,San Jerónimo Xayacatlán,Puebla,,Rural,https://postali.app/mx/puebla/san-jeronimo-xayacatlan/la-huertilla
74957,Barranca Salada,Ranchería,San Jerónimo Xayacatlán,Puebla,,Rural,https://postali.app/mx/puebla/san-jeronimo-xayacatlan/barranca-salada
74957,Cañada Estaca,Ranchería,San Jerónimo Xayacatlán,Puebla,,Rural,https://postali.app/mx/puebla/san-jeronimo-xayacatlan/canada-estaca
74957,Cerro del Caballo,Ranchería,San Jerónimo Xayacatlán,Puebla,,Rural,https://postali.app/mx/puebla/san-jeronimo-xayacatlan/cerro-del-caballo
74957,El Cuajilote,Ranchería,San Jerónimo Xayacatlán,Puebla,,Rural,https://postali.app/mx/puebla/san-jeronimo-xayacatlan/el-cuajilote
74960,San Isidro Labrador,Ranchería,San Pedro Yeloixtlahuaca,Puebla,,Rural,https://postali.app/mx/puebla/san-pedro-yeloixtlahuaca/san-isidro-labrador
74960,San Juan Llano Grande,Pueblo,San Pedro Yeloixtlahuaca,Puebla,,Rural,https://postali.app/mx/puebla/san-pedro-yeloixtlahuaca/san-juan-llano-grande
74960,San Pedro Yeloixtlahuacan,Pueblo,San Pedro Yeloixtlahuaca,Puebla,,Urbano,https://postali.app/mx/puebla/san-pedro-yeloixtlahuaca/san-pedro-yeloixtlahuacan
74963,Cruz Verde (Tercera Sección Cruz Verde),Ranchería,San Pedro Yeloixtlahuaca,Puebla,,Rural,https://postali.app/mx/puebla/san-pedro-yeloixtlahuaca/cruz-verde-tercera-seccion-cruz-verde
74963,El Carril,Ranchería,San Pedro Yeloixtlahuaca,Puebla,,Rural,https://postali.app/mx/puebla/san-pedro-yeloixtlahuaca/el-carril
74963,San Cristóbal,Ranchería,San Pedro Yeloixtlahuaca,Puebla,,Rural,https://postali.app/mx/puebla/san-pedro-yeloixtlahuaca/san-cristobal
74963,San José Álamo,Ranchería,San Pedro Yeloixtlahuaca,Puebla,,Rural,https://postali.app/mx/puebla/san-pedro-yeloixtlahuaca/san-jose-alamo
74964,Agua de León,Ranchería,San Pedro Yeloixtlahuaca,Puebla,,Rural,https://postali.app/mx/puebla/san-pedro-yeloixtlahuaca/agua-de-leon
74964,Montioso,Ranchería,San Pedro Yeloixtlahuaca,Puebla,,Rural,https://postali.app/mx/puebla/san-pedro-yeloixtlahuaca/montioso
74964,Tecomatito,Ranchería,San Pedro Yeloixtlahuaca,Puebla,,Rural,https://postali.app/mx/puebla/san-pedro-yeloixtlahuaca/tecomatito
74964,Zona de Protección,Ranchería,San Pedro Yeloixtlahuaca,Puebla,,Rural,https://postali.app/mx/puebla/san-pedro-yeloixtlahuaca/zona-de-proteccion
74965,Santa Cruz Mirador,Ranchería,San Pedro Yeloixtlahuaca,Puebla,,Rural,https://postali.app/mx/puebla/san-pedro-yeloixtlahuaca/santa-cruz-mirador
74966,San José Agua Zarca,Ranchería,San Pedro Yeloixtlahuaca,Puebla,,Rural,https://postali.app/mx/puebla/san-pedro-yeloixtlahuaca/san-jose-agua-zarca
74970,De Jiquilita,Barrio,Petlalcingo,Puebla,,Rural,https://postali.app/mx/puebla/petlalcingo/de-jiquilita
74970,El Carmen,Barrio,Petlalcingo,Puebla,,Rural,https://postali.app/mx/puebla/petlalcingo/el-carmen
74970,Petlalcingo Centro,Colonia,Petlalcingo,Puebla,,Rural,https://postali.app/mx/puebla/petlalcingo/petlalcingo-centro
74970,Purísima,Barrio,Petlalcingo,Puebla,,Rural,https://postali.app/mx/puebla/petlalcingo/purisima
74970,San Isidro,Barrio,Petlalcingo,Puebla,,Rural,https://postali.app/mx/puebla/petlalcingo/san-isidro
74970,San José,Barrio,Petlalcingo,Puebla,,Rural,https://postali.app/mx/puebla/petlalcingo/san-jose
74970,San Rafael,Barrio,Petlalcingo,Puebla,,Urbano,https://postali.app/mx/puebla/petlalcingo/san-rafael
74970,Santo niño de Atocha,Barrio,Petlalcingo,Puebla,,Rural,https://postali.app/mx/puebla/petlalcingo/santo-nino-de-atocha
74973,El Progreso,Colonia,Petlalcingo,Puebla,,Rural,https://postali.app/mx/puebla/petlalcingo/el-progreso
74973,El Rincón,Ranchería,Petlalcingo,Puebla,,Rural,https://postali.app/mx/puebla/petlalcingo/el-rincon
74973,Emiliano Zapata,Ranchería,Petlalcingo,Puebla,,Rural,https://postali.app/mx/puebla/petlalcingo/emiliano-zapata
74973,Ranchito Providencia,Ranchería,Petlalcingo,Puebla,,Rural,https://postali.app/mx/puebla/petlalcingo/ranchito-providencia
74973,Tacoyo,Ranchería,Petlalcingo,Puebla,,Rural,https://postali.app/mx/puebla/petlalcingo/tacoyo
74974,La Palma,Ranchería,Petlalcingo,Puebla,,Rural,https://postali.app/mx/puebla/petlalcingo/la-palma
74974,La Pila Verde,Ranchería,Petlalcingo,Puebla,,Rural,https://postali.app/mx/puebla/petlalcingo/la-pila-verde
74974,San José Texcalapa,Ranchería,Petlalcingo,Puebla,,Rural,https://postali.app/mx/puebla/petlalcingo/san-jose-texcalapa
74974,Santa Cruz de Bravo,Barrio,Petlalcingo,Puebla,,Rural,https://postali.app/mx/puebla/petlalcingo/santa-cruz-de-bravo
74975,Texcalapa de Juárez,Pueblo,Petlalcingo,Puebla,,Rural,https://postali.app/mx/puebla/petlalcingo/texcalapa-de-juarez
74976,De Guadalupe Sección Tercera,Barrio,Petlalcingo,Puebla,,Rural,https://postali.app/mx/puebla/petlalcingo/de-guadalupe-seccion-tercera
74976,El Mezquital,Ranchería,Petlalcingo,Puebla,,Rural,https://postali.app/mx/puebla/petlalcingo/el-mezquital
74976,El Ídolo,Ranchería,Petlalcingo,Puebla,,Rural,https://postali.app/mx/puebla/petlalcingo/el-idolo
74976,San Isidro,Ranchería,Petlalcingo,Puebla,,Rural,https://postali.app/mx/puebla/petlalcingo/san-isidro-74976
74977,El Rosario Micaltepec,Pueblo,Petlalcingo,Puebla,,Rural,https://postali.app/mx/puebla/petlalcingo/el-rosario-micaltepec
74978,El Conejo,Ranchería,Petlalcingo,Puebla,,Rural,https://postali.app/mx/puebla/petlalcingo/el-conejo
74978,El Limón,Ranchería,Petlalcingo,Puebla,,Rural,https://postali.app/mx/puebla/petlalcingo/el-limon
74978,La Palma (Dorada),Ranchería,Petlalcingo,Puebla,,Rural,https://postali.app/mx/puebla/petlalcingo/la-palma-dorada
74978,San Antonio Tierra Colorada,Ranchería,Petlalcingo,Puebla,,Rural,https://postali.app/mx/puebla/petlalcingo/san-antonio-tierra-colorada
74978,San Antonio Tierra Colorada,Ejido,Petlalcingo,Puebla,,Rural,https://postali.app/mx/puebla/petlalcingo/san-antonio-tierra-colorada-74978
74978,Santa Getrudis Salitrillo,Ranchería,Petlalcingo,Puebla,,Rural,https://postali.app/mx/puebla/petlalcingo/santa-getrudis-salitrillo
74978,Sección Sexta Guadalupe,Ranchería,Petlalcingo,Puebla,,Rural,https://postali.app/mx/puebla/petlalcingo/seccion-sexta-guadalupe
74979,Tepejillo,Pueblo,Petlalcingo,Puebla,,Rural,https://postali.app/mx/puebla/petlalcingo/tepejillo
74980,San Miguel Ixitlán,Pueblo,San Miguel Ixitlán,Puebla,,Rural,https://postali.app/mx/puebla/san-miguel-ixitlan/san-miguel-ixitlan
74986,Indixua,Ranchería,San Miguel Ixitlán,Puebla,,Rural,https://postali.app/mx/puebla/san-miguel-ixitlan/indixua
74990,Chila,Pueblo,Chila,Puebla,,Rural,https://postali.app/mx/puebla/chila/chila
74993,Estancia Blanca (Rancho la Estancia Blanca),Ranchería,Chila,Puebla,,Rural,https://postali.app/mx/puebla/chila/estancia-blanca-rancho-la-estancia-blanca
74993,La Estancia Colorada,Ranchería,Chila,Puebla,,Rural,https://postali.app/mx/puebla/chila/la-estancia-colorada
74993,La Trinidad,Ranchería,Chila,Puebla,,Rural,https://postali.app/mx/puebla/chila/la-trinidad
74993,Las Sidras,Ranchería,Chila,Puebla,,Rural,https://postali.app/mx/puebla/chila/las-sidras
74993,Santiago la Pedrera,Ranchería,Chila,Puebla,,Rural,https://postali.app/mx/puebla/chila/santiago-la-pedrera
74995,Francisco Ibarra Ramos,Pueblo,Chila,Puebla,,Rural,https://postali.app/mx/puebla/chila/francisco-ibarra-ramos
74995,La Virgen,Ranchería,Chila,Puebla,,Rural,https://postali.app/mx/puebla/chila/la-virgen
74996,San Isidro,Ranchería,Chila,Puebla,,Rural,https://postali.app/mx/puebla/chila/san-isidro
74996,Santa Cruz el Molino,Ranchería,Chila,Puebla,,Rural,https://postali.app/mx/puebla/chila/santa-cruz-el-molino
74996,Sarabia,Ranchería,Chila,Puebla,,Rural,https://postali.app/mx/puebla/chila/sarabia
74997,Yucunduchi,Ranchería,Chila,Puebla,,Rural,https://postali.app/mx/puebla/chila/yucunduchi
74998,San José Chapultepec,Pueblo,Chila,Puebla,,Rural,https://postali.app/mx/puebla/chila/san-jose-chapultepec
74998,Santa Ana los Vázquez,Ranchería,Chila,Puebla,,Rural,https://postali.app/mx/puebla/chila/santa-ana-los-vazquez
75000,Ignacio Zaragoza,Colonia,Rafael Lara Grajales,Puebla,,Urbano,https://postali.app/mx/puebla/rafael-lara-grajales/ignacio-zaragoza
75000,Los Pinos,Colonia,Rafael Lara Grajales,Puebla,,Rural,https://postali.app/mx/puebla/rafael-lara-grajales/los-pinos
75000,Moctezuma,Colonia,Rafael Lara Grajales,Puebla,,Rural,https://postali.app/mx/puebla/rafael-lara-grajales/moctezuma
75000,Máximo Serdán,Pueblo,Rafael Lara Grajales,Puebla,,Rural,https://postali.app/mx/puebla/rafael-lara-grajales/maximo-serdan
75000,Obrera,Colonia,Rafael Lara Grajales,Puebla,,Rural,https://postali.app/mx/puebla/rafael-lara-grajales/obrera
75000,Rafael Lara Grajales,Pueblo,Rafael Lara Grajales,Puebla,,Rural,https://postali.app/mx/puebla/rafael-lara-grajales/rafael-lara-grajales
75000,Salto del Agua,Colonia,Rafael Lara Grajales,Puebla,,Rural,https://postali.app/mx/puebla/rafael-lara-grajales/salto-del-agua
75000,San Marcos la Joya,Colonia,Rafael Lara Grajales,Puebla,,Rural,https://postali.app/mx/puebla/rafael-lara-grajales/san-marcos-la-joya
75010,San José de Chiapa,Pueblo,San José Chiapa,Puebla,,Rural,https://postali.app/mx/puebla/san-jose-chiapa/san-jose-de-chiapa
75010,San José Ozumba,Pueblo,San José Chiapa,Puebla,,Rural,https://postali.app/mx/puebla/san-jose-chiapa/san-jose-ozumba
75012,Vicencio Toros Bravos,Rancho,San José Chiapa,Puebla,,Rural,https://postali.app/mx/puebla/san-jose-chiapa/vicencio-toros-bravos
75012,Zona Industrial AUDI,Zona industrial,San José Chiapa,Puebla,,Urbano,https://postali.app/mx/puebla/san-jose-chiapa/zona-industrial-audi
75014,La Purísima,Colonia,San José Chiapa,Puebla,,Rural,https://postali.app/mx/puebla/san-jose-chiapa/la-purisima
75014,Nuevo Vicencio,Colonia,San José Chiapa,Puebla,,Rural,https://postali.app/mx/puebla/san-jose-chiapa/nuevo-vicencio
75014,Ojo de Agua,Rancho,San José Chiapa,Puebla,,Rural,https://postali.app/mx/puebla/san-jose-chiapa/ojo-de-agua
75014,San Juan Bautista,Colonia,San José Chiapa,Puebla,,Rural,https://postali.app/mx/puebla/san-jose-chiapa/san-juan-bautista
75016,San Isidro Ovando,Pueblo,San José Chiapa,Puebla,,Rural,https://postali.app/mx/puebla/san-jose-chiapa/san-isidro-ovando
75020,Bosques del Paraíso,Colonia,Oriental,Puebla,,Rural,https://postali.app/mx/puebla/oriental/bosques-del-paraiso
75020,El Pedregal,Ranchería,Oriental,Puebla,,Rural,https://postali.app/mx/puebla/oriental/el-pedregal
75020,Ex-Hacienda San Antonio Virreyes,Rancho,Oriental,Puebla,,Rural,https://postali.app/mx/puebla/oriental/ex-hacienda-san-antonio-virreyes
75020,La Coco,Colonia,Oriental,Puebla,,Urbano,https://postali.app/mx/puebla/oriental/la-coco
75020,Miravalles,Pueblo,Oriental,Puebla,,Rural,https://postali.app/mx/puebla/oriental/miravalles
75020,Oriental,Pueblo,Oriental,Puebla,,Rural,https://postali.app/mx/puebla/oriental/oriental
75020,San Joaquín,Rancho,Oriental,Puebla,,Rural,https://postali.app/mx/puebla/oriental/san-joaquin
75020,San Miguel Torija,Ranchería,Oriental,Puebla,,Rural,https://postali.app/mx/puebla/oriental/san-miguel-torija
75021,San Antonio Virreyes,Pueblo,Oriental,Puebla,,Rural,https://postali.app/mx/puebla/oriental/san-antonio-virreyes
75023,Santa Cruz Magdalena,Pueblo,Oriental,Puebla,,Rural,https://postali.app/mx/puebla/oriental/santa-cruz-magdalena
75024,San Isidro Patrimonio Ejidal,Colonia,Oriental,Puebla,,Rural,https://postali.app/mx/puebla/oriental/san-isidro-patrimonio-ejidal
75029,Coxma (Faldas de Mazatepec),Ranchería,Oriental,Puebla,,Rural,https://postali.app/mx/puebla/oriental/coxma-faldas-de-mazatepec
75029,Jesús Carranza,Colonia,Oriental,Puebla,,Rural,https://postali.app/mx/puebla/oriental/jesus-carranza
75029,San José,Colonia,Oriental,Puebla,,Rural,https://postali.app/mx/puebla/oriental/san-jose
75029,San José Zacatepec,Hacienda,Oriental,Puebla,,Rural,https://postali.app/mx/puebla/oriental/san-jose-zacatepec
75029,Santa Gertrudis (El Puyol),Rancho,Oriental,Puebla,,Rural,https://postali.app/mx/puebla/oriental/santa-gertrudis-el-puyol
75029,Tlachichuca,Pueblo,Oriental,Puebla,,Rural,https://postali.app/mx/puebla/oriental/tlachichuca
75030,Cirilo Vázquez,Rancho,San Nicolás Buenos Aires,Puebla,,Rural,https://postali.app/mx/puebla/san-nicolas-buenos-aires/cirilo-vazquez
75030,Emilio Portes Gil,Pueblo,San Nicolás Buenos Aires,Puebla,,Rural,https://postali.app/mx/puebla/san-nicolas-buenos-aires/emilio-portes-gil
75030,San Nicolás Buenos Aires,Pueblo,San Nicolás Buenos Aires,Puebla,,Rural,https://postali.app/mx/puebla/san-nicolas-buenos-aires/san-nicolas-buenos-aires
75033,El Chaparro,Ranchería,San Nicolás Buenos Aires,Puebla,,Rural,https://postali.app/mx/puebla/san-nicolas-buenos-aires/el-chaparro
75033,Las Palmas,Ranchería,San Nicolás Buenos Aires,Puebla,,Rural,https://postali.app/mx/puebla/san-nicolas-buenos-aires/las-palmas
75033,Pozo Guerra,Ranchería,San Nicolás Buenos Aires,Puebla,,Rural,https://postali.app/mx/puebla/san-nicolas-buenos-aires/pozo-guerra
75035,Buenavista (San José Buenavista),Ranchería,San Nicolás Buenos Aires,Puebla,,Rural,https://postali.app/mx/puebla/san-nicolas-buenos-aires/buenavista-san-jose-buenavista
75035,Miguel Hidalgo,Pueblo,San Nicolás Buenos Aires,Puebla,,Rural,https://postali.app/mx/puebla/san-nicolas-buenos-aires/miguel-hidalgo
75036,La Ventana,Ranchería,San Nicolás Buenos Aires,Puebla,,Rural,https://postali.app/mx/puebla/san-nicolas-buenos-aires/la-ventana
75036,Venustiano Carranza,Pueblo,San Nicolás Buenos Aires,Puebla,,Rural,https://postali.app/mx/puebla/san-nicolas-buenos-aires/venustiano-carranza
75037,Loma el Tecajete,Ranchería,San Nicolás Buenos Aires,Puebla,,Rural,https://postali.app/mx/puebla/san-nicolas-buenos-aires/loma-el-tecajete
75037,San Nicolás Pozo de Guerra,Ranchería,San Nicolás Buenos Aires,Puebla,,Rural,https://postali.app/mx/puebla/san-nicolas-buenos-aires/san-nicolas-pozo-de-guerra
75037,Santa Anita,Ranchería,San Nicolás Buenos Aires,Puebla,,Rural,https://postali.app/mx/puebla/san-nicolas-buenos-aires/santa-anita
75038,Benito Juárez (Mata Redonda),Ranchería,San Nicolás Buenos Aires,Puebla,,Rural,https://postali.app/mx/puebla/san-nicolas-buenos-aires/benito-juarez-mata-redonda
75039,San Francisco la Mata,Ranchería,San Nicolás Buenos Aires,Puebla,,Rural,https://postali.app/mx/puebla/san-nicolas-buenos-aires/san-francisco-la-mata
75040,Carmen Serdan,Barrio,Guadalupe Victoria,Puebla,,Rural,https://postali.app/mx/puebla/guadalupe-victoria/carmen-serdan
75040,Guadalupe Victoria,Pueblo,Guadalupe Victoria,Puebla,,Rural,https://postali.app/mx/puebla/guadalupe-victoria/guadalupe-victoria
75040,La Concepción,Barrio,Guadalupe Victoria,Puebla,,Rural,https://postali.app/mx/puebla/guadalupe-victoria/la-concepcion
75040,Las Juanitas,Barrio,Guadalupe Victoria,Puebla,,Rural,https://postali.app/mx/puebla/guadalupe-victoria/las-juanitas
75040,San Francisco,Barrio,Guadalupe Victoria,Puebla,,Rural,https://postali.app/mx/puebla/guadalupe-victoria/san-francisco
75040,San José,Barrio,Guadalupe Victoria,Puebla,,Rural,https://postali.app/mx/puebla/guadalupe-victoria/san-jose
75040,San Juan Quimixtlán,Barrio,Guadalupe Victoria,Puebla,,Rural,https://postali.app/mx/puebla/guadalupe-victoria/san-juan-quimixtlan
75043,San Luis Atexcac,Pueblo,Guadalupe Victoria,Puebla,,Rural,https://postali.app/mx/puebla/guadalupe-victoria/san-luis-atexcac
75044,Hacienda Nueva,Ranchería,Guadalupe Victoria,Puebla,,Rural,https://postali.app/mx/puebla/guadalupe-victoria/hacienda-nueva
75044,San Juan la Muralla,Ranchería,Guadalupe Victoria,Puebla,,Rural,https://postali.app/mx/puebla/guadalupe-victoria/san-juan-la-muralla
75045,San Rafael,Barrio,Guadalupe Victoria,Puebla,,Rural,https://postali.app/mx/puebla/guadalupe-victoria/san-rafael
75046,Guadalupe Buenavista (El Tecolote),Pueblo,Guadalupe Victoria,Puebla,,Rural,https://postali.app/mx/puebla/guadalupe-victoria/guadalupe-buenavista-el-tecolote
75046,Quechulac (Santa Cruz),Pueblo,Guadalupe Victoria,Puebla,,Rural,https://postali.app/mx/puebla/guadalupe-victoria/quechulac-santa-cruz
75047,Canoitas,Ranchería,Guadalupe Victoria,Puebla,,Rural,https://postali.app/mx/puebla/guadalupe-victoria/canoitas
75049,El Niño Jesús,Ranchería,Guadalupe Victoria,Puebla,,Rural,https://postali.app/mx/puebla/guadalupe-victoria/el-nino-jesus
75049,El Progreso,Pueblo,Guadalupe Victoria,Puebla,,Rural,https://postali.app/mx/puebla/guadalupe-victoria/el-progreso
75049,Maravillas,Pueblo,Guadalupe Victoria,Puebla,,Rural,https://postali.app/mx/puebla/guadalupe-victoria/maravillas
75050,Cástulo Guerra,Colonia,Tlachichuca,Puebla,,Rural,https://postali.app/mx/puebla/tlachichuca/castulo-guerra
75050,Edmundo Cabañas,Colonia,Tlachichuca,Puebla,,Rural,https://postali.app/mx/puebla/tlachichuca/edmundo-cabanas
75050,El Tepeyac,Colonia,Tlachichuca,Puebla,,Rural,https://postali.app/mx/puebla/tlachichuca/el-tepeyac
75050,Emancipación Quetzalapa,Ranchería,Tlachichuca,Puebla,,Rural,https://postali.app/mx/puebla/tlachichuca/emancipacion-quetzalapa
75050,González,Colonia,Tlachichuca,Puebla,,Rural,https://postali.app/mx/puebla/tlachichuca/gonzalez
75050,Guadalupe,Colonia,Tlachichuca,Puebla,,Rural,https://postali.app/mx/puebla/tlachichuca/guadalupe
75050,Nicolás Vázquez Arreola,Colonia,Tlachichuca,Puebla,,Rural,https://postali.app/mx/puebla/tlachichuca/nicolas-vazquez-arreola
75050,Nueva Esperanza,Fraccionamiento,Tlachichuca,Puebla,,Rural,https://postali.app/mx/puebla/tlachichuca/nueva-esperanza
75050,Oyamecalco el Cajón,Ranchería,Tlachichuca,Puebla,,Rural,https://postali.app/mx/puebla/tlachichuca/oyamecalco-el-cajon
75050,Paso Nacional,Pueblo,Tlachichuca,Puebla,,Rural,https://postali.app/mx/puebla/tlachichuca/paso-nacional
75050,San José la Capilla,Ranchería,Tlachichuca,Puebla,,Rural,https://postali.app/mx/puebla/tlachichuca/san-jose-la-capilla
75050,San Miguel Zoapan,Ranchería,Tlachichuca,Puebla,,Rural,https://postali.app/mx/puebla/tlachichuca/san-miguel-zoapan
75050,Santa Inés Varela la Luz,Ranchería,Tlachichuca,Puebla,,Rural,https://postali.app/mx/puebla/tlachichuca/santa-ines-varela-la-luz
75050,Tlachichuca,Pueblo,Tlachichuca,Puebla,,Rural,https://postali.app/mx/puebla/tlachichuca/tlachichuca
75052,Agrícola Bella Vista (San Vicente),Ranchería,Tlachichuca,Puebla,,Rural,https://postali.app/mx/puebla/tlachichuca/agricola-bella-vista-san-vicente
75052,Guadalupe Libertad (Río Valiente),Ranchería,Tlachichuca,Puebla,,Rural,https://postali.app/mx/puebla/tlachichuca/guadalupe-libertad-rio-valiente
75052,Santa Cruz Buena Vista la Capilla,Ranchería,Tlachichuca,Puebla,,Rural,https://postali.app/mx/puebla/tlachichuca/santa-cruz-buena-vista-la-capilla
75053,Emiliano Zapata,Colonia,Tlachichuca,Puebla,,Rural,https://postali.app/mx/puebla/tlachichuca/emiliano-zapata
75053,Los Hornos,Colonia,Tlachichuca,Puebla,,Rural,https://postali.app/mx/puebla/tlachichuca/los-hornos
75053,Santa Cecilia Tepetitlán,Colonia,Tlachichuca,Puebla,,Rural,https://postali.app/mx/puebla/tlachichuca/santa-cecilia-tepetitlan
75053,Santa Rosa,Colonia,Tlachichuca,Puebla,,Rural,https://postali.app/mx/puebla/tlachichuca/santa-rosa
75053,Álamos Tepetitlán,Colonia,Tlachichuca,Puebla,,Rural,https://postali.app/mx/puebla/tlachichuca/alamos-tepetitlan
75054,Lázaro Cárdenas,Ranchería,Tlachichuca,Puebla,,Rural,https://postali.app/mx/puebla/tlachichuca/lazaro-cardenas
75055,José María Morelos,Pueblo,Tlachichuca,Puebla,,Rural,https://postali.app/mx/puebla/tlachichuca/jose-maria-morelos
75055,La Colonia de San Pedro,Colonia,Tlachichuca,Puebla,,Rural,https://postali.app/mx/puebla/tlachichuca/la-colonia-de-san-pedro
75055,Real del Valle,Ranchería,Tlachichuca,Puebla,,Rural,https://postali.app/mx/puebla/tlachichuca/real-del-valle
75056,San Francisco Independencia,Pueblo,Tlachichuca,Puebla,,Rural,https://postali.app/mx/puebla/tlachichuca/san-francisco-independencia
75057,Rafael Ávila Camacho,Ranchería,Tlachichuca,Puebla,,Rural,https://postali.app/mx/puebla/tlachichuca/rafael-avila-camacho
75058,Santa María Oyamecalco (Los Ranchos),Ranchería,Tlachichuca,Puebla,,Rural,https://postali.app/mx/puebla/tlachichuca/santa-maria-oyamecalco-los-ranchos
75059,Agua Escondida el Salitrero (La Jícara),Ranchería,Tlachichuca,Puebla,,Rural,https://postali.app/mx/puebla/tlachichuca/agua-escondida-el-salitrero-la-jicara
75059,Manuel Edgardo Ávalos (San Isidro),Colonia,Tlachichuca,Puebla,,Rural,https://postali.app/mx/puebla/tlachichuca/manuel-edgardo-avalos-san-isidro
75059,Miguel Hidalgo y Costilla,Colonia,Tlachichuca,Puebla,,Rural,https://postali.app/mx/puebla/tlachichuca/miguel-hidalgo-y-costilla
75059,Puerto Nacional,Ranchería,Tlachichuca,Puebla,,Rural,https://postali.app/mx/puebla/tlachichuca/puerto-nacional
75059,San José Llano Grande,Ranchería,Tlachichuca,Puebla,,Rural,https://postali.app/mx/puebla/tlachichuca/san-jose-llano-grande
75059,Santa María el Aserradero (Peones Acasillados),Colonia,Tlachichuca,Puebla,,Rural,https://postali.app/mx/puebla/tlachichuca/santa-maria-el-aserradero-peones-acasillados
75060,Saltillo,Pueblo,Lafragua,Puebla,,Rural,https://postali.app/mx/puebla/lafragua/saltillo
75063,Cuauhtémoc,Pueblo,Lafragua,Puebla,,Rural,https://postali.app/mx/puebla/lafragua/cuauhtemoc
75063,Francisco I. Madero (El Sabinal),Pueblo,Lafragua,Puebla,,Rural,https://postali.app/mx/puebla/lafragua/francisco-i-madero-el-sabinal
75063,San Isidro,Ranchería,Lafragua,Puebla,,Rural,https://postali.app/mx/puebla/lafragua/san-isidro
75064,Los Viveros,Rancho,Lafragua,Puebla,,Rural,https://postali.app/mx/puebla/lafragua/los-viveros
75065,Buenos Aires (Cinco de Mayo),Ranchería,Lafragua,Puebla,,Rural,https://postali.app/mx/puebla/lafragua/buenos-aires-cinco-de-mayo
75065,González Ortega,Pueblo,Lafragua,Puebla,,Rural,https://postali.app/mx/puebla/lafragua/gonzalez-ortega
75065,La Ermita,Colonia,Lafragua,Puebla,,Rural,https://postali.app/mx/puebla/lafragua/la-ermita
75065,Las Pastorías Zotoltepec,Ranchería,Lafragua,Puebla,,Rural,https://postali.app/mx/puebla/lafragua/las-pastorias-zotoltepec
75065,Palma Sola,Ranchería,Lafragua,Puebla,,Rural,https://postali.app/mx/puebla/lafragua/palma-sola
75065,Zotoltepec,Rancho,Lafragua,Puebla,,Rural,https://postali.app/mx/puebla/lafragua/zotoltepec
75066,Pocitos (San Miguel),Pueblo,Lafragua,Puebla,,Rural,https://postali.app/mx/puebla/lafragua/pocitos-san-miguel
75066,Tlanalapan,Pueblo,Lafragua,Puebla,,Rural,https://postali.app/mx/puebla/lafragua/tlanalapan
75069,Agua de la Mina,Colonia,Lafragua,Puebla,,Rural,https://postali.app/mx/puebla/lafragua/agua-de-la-mina
75069,Las Trancas (Santa Cruz),Ranchería,Lafragua,Puebla,,Rural,https://postali.app/mx/puebla/lafragua/las-trancas-santa-cruz
75069,Loma Bonita (Santa Cruz),Colonia,Lafragua,Puebla,,Rural,https://postali.app/mx/puebla/lafragua/loma-bonita-santa-cruz
75069,Los Capulines,Ranchería,Lafragua,Puebla,,Rural,https://postali.app/mx/puebla/lafragua/los-capulines
75069,Vista Hermosa,Ranchería,Lafragua,Puebla,,Rural,https://postali.app/mx/puebla/lafragua/vista-hermosa
75070,Acocomotla,Pueblo,Chilchotla,Puebla,,Rural,https://postali.app/mx/puebla/chilchotla/acocomotla
75070,Alto Lucero,Colonia,Chilchotla,Puebla,,Rural,https://postali.app/mx/puebla/chilchotla/alto-lucero
75070,Corazón de Jesús Tercera Sección,Barrio,Chilchotla,Puebla,,Rural,https://postali.app/mx/puebla/chilchotla/corazon-de-jesus-tercera-seccion
75070,Cozalapa,Colonia,Chilchotla,Puebla,,Rural,https://postali.app/mx/puebla/chilchotla/cozalapa
75070,Francisco I. Madero,Pueblo,Chilchotla,Puebla,,Rural,https://postali.app/mx/puebla/chilchotla/francisco-i-madero
75070,La Luz,Colonia,Chilchotla,Puebla,,Rural,https://postali.app/mx/puebla/chilchotla/la-luz
75070,La Trinidad,Ranchería,Chilchotla,Puebla,,Rural,https://postali.app/mx/puebla/chilchotla/la-trinidad
75070,Rafael J. García,Pueblo,Chilchotla,Puebla,,Rural,https://postali.app/mx/puebla/chilchotla/rafael-j-garcia
75070,San José Manzanitos,Pueblo,Chilchotla,Puebla,,Rural,https://postali.app/mx/puebla/chilchotla/san-jose-manzanitos
75070,Vicente Guerrero,Colonia,Chilchotla,Puebla,,Rural,https://postali.app/mx/puebla/chilchotla/vicente-guerrero
75071,El Carmen,Barrio,Chilchotla,Puebla,,Rural,https://postali.app/mx/puebla/chilchotla/el-carmen
75071,San Miguel Calixitla,Ranchería,Chilchotla,Puebla,,Rural,https://postali.app/mx/puebla/chilchotla/san-miguel-calixitla
75072,San José Chicalotla,Ranchería,Chilchotla,Puebla,,Rural,https://postali.app/mx/puebla/chilchotla/san-jose-chicalotla
75072,San Juan del Valle,Ranchería,Chilchotla,Puebla,,Rural,https://postali.app/mx/puebla/chilchotla/san-juan-del-valle
75072,Teteltitla,Colonia,Chilchotla,Puebla,,Rural,https://postali.app/mx/puebla/chilchotla/teteltitla
75072,Xaltepec,Ranchería,Chilchotla,Puebla,,Rural,https://postali.app/mx/puebla/chilchotla/xaltepec
75073,La Providencia,Ranchería,Chilchotla,Puebla,,Rural,https://postali.app/mx/puebla/chilchotla/la-providencia
75074,Emiliano Zapata (San Isidro),Colonia,Chilchotla,Puebla,,Rural,https://postali.app/mx/puebla/chilchotla/emiliano-zapata-san-isidro
75074,Ignacio Zaragoza,Colonia,Chilchotla,Puebla,,Rural,https://postali.app/mx/puebla/chilchotla/ignacio-zaragoza
75074,Ocoxochitl,Ranchería,Chilchotla,Puebla,,Rural,https://postali.app/mx/puebla/chilchotla/ocoxochitl
75074,San Antonio,Barrio,Chilchotla,Puebla,,Rural,https://postali.app/mx/puebla/chilchotla/san-antonio
75080,Alto Lucero,Colonia,Quimixtlán,Puebla,,Rural,https://postali.app/mx/puebla/quimixtlan/alto-lucero
75080,Analco,Colonia,Quimixtlán,Puebla,,Rural,https://postali.app/mx/puebla/quimixtlan/analco
75080,Buenavista,Ranchería,Quimixtlán,Puebla,,Rural,https://postali.app/mx/puebla/quimixtlan/buenavista
75080,Cruz Verde,Colonia,Quimixtlán,Puebla,,Rural,https://postali.app/mx/puebla/quimixtlan/cruz-verde
75080,La Concepción,Colonia,Quimixtlán,Puebla,,Rural,https://postali.app/mx/puebla/quimixtlan/la-concepcion
75080,Magueyitos,Colonia,Quimixtlán,Puebla,,Rural,https://postali.app/mx/puebla/quimixtlan/magueyitos
75080,Quimixtlán,Pueblo,Quimixtlán,Puebla,,Rural,https://postali.app/mx/puebla/quimixtlan/quimixtlan
75080,San Isidro Reynosa,Colonia,Quimixtlán,Puebla,,Rural,https://postali.app/mx/puebla/quimixtlan/san-isidro-reynosa
75080,San Juan,Barrio,Quimixtlán,Puebla,,Rural,https://postali.app/mx/puebla/quimixtlan/san-juan
75080,Tozihuic,Pueblo,Quimixtlán,Puebla,,Rural,https://postali.app/mx/puebla/quimixtlan/tozihuic
75080,Villa Hermosa (San José),Colonia,Quimixtlán,Puebla,,Rural,https://postali.app/mx/puebla/quimixtlan/villa-hermosa-san-jose
75080,Villa Nueva,Colonia,Quimixtlán,Puebla,,Rural,https://postali.app/mx/puebla/quimixtlan/villa-nueva
75081,El Carmen Petlahuacán,Ranchería,Quimixtlán,Puebla,,Rural,https://postali.app/mx/puebla/quimixtlan/el-carmen-petlahuacan
75081,Quiliayo,Ranchería,Quimixtlán,Puebla,,Rural,https://postali.app/mx/puebla/quimixtlan/quiliayo
75082,Ahuacapan,Ranchería,Quimixtlán,Puebla,,Rural,https://postali.app/mx/puebla/quimixtlan/ahuacapan
75082,Ahuatla,Colonia,Quimixtlán,Puebla,,Rural,https://postali.app/mx/puebla/quimixtlan/ahuatla
75082,Jesús María Comalapa,Ranchería,Quimixtlán,Puebla,,Rural,https://postali.app/mx/puebla/quimixtlan/jesus-maria-comalapa
75082,Nexquexcan,Colonia,Quimixtlán,Puebla,,Rural,https://postali.app/mx/puebla/quimixtlan/nexquexcan
75082,Teapa,Colonia,Quimixtlán,Puebla,,Rural,https://postali.app/mx/puebla/quimixtlan/teapa
75082,Tlamanca,Ranchería,Quimixtlán,Puebla,,Rural,https://postali.app/mx/puebla/quimixtlan/tlamanca
75082,Tototzin,Colonia,Quimixtlán,Puebla,,Rural,https://postali.app/mx/puebla/quimixtlan/tototzin
75082,Tzalzin,Ranchería,Quimixtlán,Puebla,,Rural,https://postali.app/mx/puebla/quimixtlan/tzalzin
75083,Guadalupe Camojapa,Ranchería,Quimixtlán,Puebla,,Rural,https://postali.app/mx/puebla/quimixtlan/guadalupe-camojapa
75083,Tlamoloaxtla,Ranchería,Quimixtlán,Puebla,,Rural,https://postali.app/mx/puebla/quimixtlan/tlamoloaxtla
75084,Canoajapan,Ranchería,Quimixtlán,Puebla,,Rural,https://postali.app/mx/puebla/quimixtlan/canoajapan
75084,Malacahuacan,Ranchería,Quimixtlán,Puebla,,Rural,https://postali.app/mx/puebla/quimixtlan/malacahuacan
75084,Palma Sola,Ranchería,Quimixtlán,Puebla,,Rural,https://postali.app/mx/puebla/quimixtlan/palma-sola
75084,Patlanalan,Pueblo,Quimixtlán,Puebla,,Rural,https://postali.app/mx/puebla/quimixtlan/patlanalan
75084,Tepatzin,Ranchería,Quimixtlán,Puebla,,Rural,https://postali.app/mx/puebla/quimixtlan/tepatzin
75087,Alta Luz,Ranchería,Quimixtlán,Puebla,,Rural,https://postali.app/mx/puebla/quimixtlan/alta-luz
75087,Cuxapa,Ranchería,Quimixtlán,Puebla,,Rural,https://postali.app/mx/puebla/quimixtlan/cuxapa
75087,El Magueyal,Ranchería,Quimixtlán,Puebla,,Rural,https://postali.app/mx/puebla/quimixtlan/el-magueyal
75087,El Rincón de los Reyes,Colonia,Quimixtlán,Puebla,,Rural,https://postali.app/mx/puebla/quimixtlan/el-rincon-de-los-reyes
75087,El Triunfo,Ranchería,Quimixtlán,Puebla,,Rural,https://postali.app/mx/puebla/quimixtlan/el-triunfo
75087,Papalotla,Colonia,Quimixtlán,Puebla,,Rural,https://postali.app/mx/puebla/quimixtlan/papalotla
75087,Peña Blanca,Colonia,Quimixtlán,Puebla,,Rural,https://postali.app/mx/puebla/quimixtlan/pena-blanca
75087,San Martín el Caballito,Ranchería,Quimixtlán,Puebla,,Rural,https://postali.app/mx/puebla/quimixtlan/san-martin-el-caballito
75087,Santa Cruz Caballito,Colonia,Quimixtlán,Puebla,,Rural,https://postali.app/mx/puebla/quimixtlan/santa-cruz-caballito
75087,Tlanepantla,Pueblo,Quimixtlán,Puebla,,Rural,https://postali.app/mx/puebla/quimixtlan/tlanepantla
75088,Rincón de los Reyes,Pueblo,Quimixtlán,Puebla,,Rural,https://postali.app/mx/puebla/quimixtlan/rincon-de-los-reyes
75089,El Mirador Guadalupano,Ranchería,Quimixtlán,Puebla,,Rural,https://postali.app/mx/puebla/quimixtlan/el-mirador-guadalupano
75089,Tlahuitompa,Ranchería,Quimixtlán,Puebla,,Rural,https://postali.app/mx/puebla/quimixtlan/tlahuitompa
75089,Xacaxumulco,Pueblo,Quimixtlán,Puebla,,Rural,https://postali.app/mx/puebla/quimixtlan/xacaxumulco
75090,Chichiquila,Pueblo,Chichiquila,Puebla,,Rural,https://postali.app/mx/puebla/chichiquila/chichiquila
75090,Huaxcaleca,Pueblo,Chichiquila,Puebla,,Rural,https://postali.app/mx/puebla/chichiquila/huaxcaleca
75090,Jesús María Acatla,Ranchería,Chichiquila,Puebla,,Rural,https://postali.app/mx/puebla/chichiquila/jesus-maria-acatla
75090,Nenehuaca,Pueblo,Chichiquila,Puebla,,Rural,https://postali.app/mx/puebla/chichiquila/nenehuaca
75090,Xopanapa,Pueblo,Chichiquila,Puebla,,Rural,https://postali.app/mx/puebla/chichiquila/xopanapa
75092,Guadalupe,Ranchería,Chichiquila,Puebla,,Rural,https://postali.app/mx/puebla/chichiquila/guadalupe
75092,La Providencia,Ranchería,Chichiquila,Puebla,,Rural,https://postali.app/mx/puebla/chichiquila/la-providencia
75092,Rinconada,Ranchería,Chichiquila,Puebla,,Rural,https://postali.app/mx/puebla/chichiquila/rinconada
75092,San José de las Flores,Ranchería,Chichiquila,Puebla,,Rural,https://postali.app/mx/puebla/chichiquila/san-jose-de-las-flores
75092,San Luis Esperanza,Ranchería,Chichiquila,Puebla,,Rural,https://postali.app/mx/puebla/chichiquila/san-luis-esperanza
75092,San Martín Comalapa,Ranchería,Chichiquila,Puebla,,Rural,https://postali.app/mx/puebla/chichiquila/san-martin-comalapa
75092,Santiago,Ranchería,Chichiquila,Puebla,,Rural,https://postali.app/mx/puebla/chichiquila/santiago
75092,Xochimilco,Ranchería,Chichiquila,Puebla,,Rural,https://postali.app/mx/puebla/chichiquila/xochimilco
75093,Cinco de Mayo,Ranchería,Chichiquila,Puebla,,Rural,https://postali.app/mx/puebla/chichiquila/cinco-de-mayo
75093,Del Carmen,Barrio,Chichiquila,Puebla,,Rural,https://postali.app/mx/puebla/chichiquila/del-carmen
75093,El Mirador,Ranchería,Chichiquila,Puebla,,Rural,https://postali.app/mx/puebla/chichiquila/el-mirador
75093,El Rosario,Ranchería,Chichiquila,Puebla,,Rural,https://postali.app/mx/puebla/chichiquila/el-rosario
75093,Ermita,Ranchería,Chichiquila,Puebla,,Rural,https://postali.app/mx/puebla/chichiquila/ermita
75093,Loma Bonita,Ranchería,Chichiquila,Puebla,,Rural,https://postali.app/mx/puebla/chichiquila/loma-bonita
75093,Loma de las Flores,Ranchería,Chichiquila,Puebla,,Rural,https://postali.app/mx/puebla/chichiquila/loma-de-las-flores
75093,San Antonio,Ranchería,Chichiquila,Puebla,,Rural,https://postali.app/mx/puebla/chichiquila/san-antonio
75093,San Diego del Palmar,Ranchería,Chichiquila,Puebla,,Rural,https://postali.app/mx/puebla/chichiquila/san-diego-del-palmar
75093,San Juan,Ranchería,Chichiquila,Puebla,,Rural,https://postali.app/mx/puebla/chichiquila/san-juan
75093,Santa Cecilia,Ranchería,Chichiquila,Puebla,,Rural,https://postali.app/mx/puebla/chichiquila/santa-cecilia
75093,Vista Hermosa,Ranchería,Chichiquila,Puebla,,Rural,https://postali.app/mx/puebla/chichiquila/vista-hermosa
75095,Ojo de Agua,Ranchería,Chichiquila,Puebla,,Rural,https://postali.app/mx/puebla/chichiquila/ojo-de-agua
75095,Pueblo Nuevo la Candelaria (El Plan),Ranchería,Chichiquila,Puebla,,Rural,https://postali.app/mx/puebla/chichiquila/pueblo-nuevo-la-candelaria-el-plan
75095,San José Acatla,Ranchería,Chichiquila,Puebla,,Rural,https://postali.app/mx/puebla/chichiquila/san-jose-acatla
75095,Xochihuixtla,Ranchería,Chichiquila,Puebla,,Rural,https://postali.app/mx/puebla/chichiquila/xochihuixtla
75095,Xochimilco,Ranchería,Chichiquila,Puebla,,Rural,https://postali.app/mx/puebla/chichiquila/xochimilco-75095
75096,Dos Ríos,Ranchería,Chichiquila,Puebla,,Rural,https://postali.app/mx/puebla/chichiquila/dos-rios
75096,El Triunfo,Ranchería,Chichiquila,Puebla,,Rural,https://postali.app/mx/puebla/chichiquila/el-triunfo
75096,Lancho,Ranchería,Chichiquila,Puebla,,Rural,https://postali.app/mx/puebla/chichiquila/lancho
75096,Ocotitlán,Ranchería,Chichiquila,Puebla,,Rural,https://postali.app/mx/puebla/chichiquila/ocotitlan
75096,Rancho Nuevo,Ranchería,Chichiquila,Puebla,,Rural,https://postali.app/mx/puebla/chichiquila/rancho-nuevo
75096,San José,Ranchería,Chichiquila,Puebla,,Rural,https://postali.app/mx/puebla/chichiquila/san-jose
75096,Xala,Ranchería,Chichiquila,Puebla,,Rural,https://postali.app/mx/puebla/chichiquila/xala
75097,Acalocotla,Ranchería,Chichiquila,Puebla,,Rural,https://postali.app/mx/puebla/chichiquila/acalocotla
75097,Atlaxco,Ranchería,Chichiquila,Puebla,,Rural,https://postali.app/mx/puebla/chichiquila/atlaxco
75097,La Unión,Ranchería,Chichiquila,Puebla,,Rural,https://postali.app/mx/puebla/chichiquila/la-union
75097,Tepehuacan,Ranchería,Chichiquila,Puebla,,Rural,https://postali.app/mx/puebla/chichiquila/tepehuacan
75098,Amaxochitla,Ranchería,Chichiquila,Puebla,,Rural,https://postali.app/mx/puebla/chichiquila/amaxochitla
75098,El Palmar,Ranchería,Chichiquila,Puebla,,Rural,https://postali.app/mx/puebla/chichiquila/el-palmar
75098,El Progreso,Ranchería,Chichiquila,Puebla,,Rural,https://postali.app/mx/puebla/chichiquila/el-progreso
75098,Las Trincheras,Ranchería,Chichiquila,Puebla,,Rural,https://postali.app/mx/puebla/chichiquila/las-trincheras
75098,San José de la Raya,Ranchería,Chichiquila,Puebla,,Rural,https://postali.app/mx/puebla/chichiquila/san-jose-de-la-raya
75098,Tizapa,Ranchería,Chichiquila,Puebla,,Rural,https://postali.app/mx/puebla/chichiquila/tizapa
75100,Tepatlaxco de Hidalgo,Pueblo,Tepatlaxco de Hidalgo,Puebla,,Rural,https://postali.app/mx/puebla/tepatlaxco-de-hidalgo/tepatlaxco-de-hidalgo
75110,Jesús,Barrio,Acajete,Puebla,,Rural,https://postali.app/mx/puebla/acajete/jesus
75110,La Virgen,Barrio,Acajete,Puebla,,Urbano,https://postali.app/mx/puebla/acajete/la-virgen
75110,San Juan,Barrio,Acajete,Puebla,,Rural,https://postali.app/mx/puebla/acajete/san-juan
75110,San Juan Tepulco,Pueblo,Acajete,Puebla,,Urbano,https://postali.app/mx/puebla/acajete/san-juan-tepulco
75110,Santo Entierro,Barrio,Acajete,Puebla,,Rural,https://postali.app/mx/puebla/acajete/santo-entierro
75112,La Cardenista,Ranchería,Acajete,Puebla,,Rural,https://postali.app/mx/puebla/acajete/la-cardenista
75112,La Providencia,Colonia,Acajete,Puebla,,Rural,https://postali.app/mx/puebla/acajete/la-providencia
75112,San Bartolo Pinal,Ranchería,Acajete,Puebla,,Rural,https://postali.app/mx/puebla/acajete/san-bartolo-pinal
75112,San Javier,Colonia,Acajete,Puebla,,Rural,https://postali.app/mx/puebla/acajete/san-javier
75112,San José Sección Quinta,Colonia,Acajete,Puebla,,Urbano,https://postali.app/mx/puebla/acajete/san-jose-seccion-quinta
75112,Santa Isabel Tepetzala,Colonia,Acajete,Puebla,,Rural,https://postali.app/mx/puebla/acajete/santa-isabel-tepetzala
75112,Santa Isabel Tepetzala,Pueblo,Acajete,Puebla,,Rural,https://postali.app/mx/puebla/acajete/santa-isabel-tepetzala-75112
75113,Apango de Zaragoza,Pueblo,Acajete,Puebla,,Rural,https://postali.app/mx/puebla/acajete/apango-de-zaragoza
75113,San Martín la Joya,Ranchería,Acajete,Puebla,,Rural,https://postali.app/mx/puebla/acajete/san-martin-la-joya
75114,San Agustín Tlaxco,Pueblo,Acajete,Puebla,,Rural,https://postali.app/mx/puebla/acajete/san-agustin-tlaxco
75116,Santa María Nenetzintla,Pueblo,Acajete,Puebla,,Rural,https://postali.app/mx/puebla/acajete/santa-maria-nenetzintla
75117,San Antonio Tlacamilco,Pueblo,Acajete,Puebla,,Rural,https://postali.app/mx/puebla/acajete/san-antonio-tlacamilco
75117,Tlacamilco,Pueblo,Acajete,Puebla,,Rural,https://postali.app/mx/puebla/acajete/tlacamilco
75118,La Magdalena Tetela Morelos,Pueblo,Acajete,Puebla,,Rural,https://postali.app/mx/puebla/acajete/la-magdalena-tetela-morelos
75119,San Jerónimo Ocotitlán,Pueblo,Acajete,Puebla,,Rural,https://postali.app/mx/puebla/acajete/san-jeronimo-ocotitlan
75119,Santa Rosa Ocotitlán,Colonia,Acajete,Puebla,,Rural,https://postali.app/mx/puebla/acajete/santa-rosa-ocotitlan
75120,Nopalucan de la Granja,Pueblo,Nopalucan,Puebla,,Rural,https://postali.app/mx/puebla/nopalucan/nopalucan-de-la-granja
75120,San Sebastián,Colonia,Nopalucan,Puebla,,Rural,https://postali.app/mx/puebla/nopalucan/san-sebastian
75120,Unidad Grajales INFONAVIT,Colonia,Nopalucan,Puebla,,Rural,https://postali.app/mx/puebla/nopalucan/unidad-grajales-infonavit
75125,Juan de la Granja,Pueblo,Nopalucan,Puebla,,Rural,https://postali.app/mx/puebla/nopalucan/juan-de-la-granja
75126,Erendira,Pueblo,Nopalucan,Puebla,,Rural,https://postali.app/mx/puebla/nopalucan/erendira
75127,Rincón de Citlaltepetl,Pueblo,Nopalucan,Puebla,,Rural,https://postali.app/mx/puebla/nopalucan/rincon-de-citlaltepetl
75127,Santa María Ixtiyucan,Pueblo,Nopalucan,Puebla,,Rural,https://postali.app/mx/puebla/nopalucan/santa-maria-ixtiyucan
75128,Santa Cruz del Bosque,Pueblo,Nopalucan,Puebla,,Rural,https://postali.app/mx/puebla/nopalucan/santa-cruz-del-bosque
75129,Manuel Ávila Camacho (La Cima),Colonia,Nopalucan,Puebla,,Rural,https://postali.app/mx/puebla/nopalucan/manuel-avila-camacho-la-cima
75130,Mazapiltepec de Juárez,Pueblo,Mazapiltepec de Juárez,Puebla,,Rural,https://postali.app/mx/puebla/mazapiltepec-de-juarez/mazapiltepec-de-juarez
75133,Cristóbal Quinto,Ranchería,Mazapiltepec de Juárez,Puebla,,Rural,https://postali.app/mx/puebla/mazapiltepec-de-juarez/cristobal-quinto
75133,San Luis Sesma,Ranchería,Mazapiltepec de Juárez,Puebla,,Rural,https://postali.app/mx/puebla/mazapiltepec-de-juarez/san-luis-sesma
75134,Ex-Hacienda San Luis Sesma,Ranchería,Mazapiltepec de Juárez,Puebla,,Rural,https://postali.app/mx/puebla/mazapiltepec-de-juarez/ex-hacienda-san-luis-sesma
75134,La Providencia,Ranchería,Mazapiltepec de Juárez,Puebla,,Rural,https://postali.app/mx/puebla/mazapiltepec-de-juarez/la-providencia
75134,Lázaro Cárdenas,Ranchería,Mazapiltepec de Juárez,Puebla,,Rural,https://postali.app/mx/puebla/mazapiltepec-de-juarez/lazaro-cardenas
75134,San Francisco (La Unión),Ranchería,Mazapiltepec de Juárez,Puebla,,Rural,https://postali.app/mx/puebla/mazapiltepec-de-juarez/san-francisco-la-union
75135,El Parial,Ranchería,Mazapiltepec de Juárez,Puebla,,Rural,https://postali.app/mx/puebla/mazapiltepec-de-juarez/el-parial
75136,El Vergel,Ranchería,Mazapiltepec de Juárez,Puebla,,Rural,https://postali.app/mx/puebla/mazapiltepec-de-juarez/el-vergel
75136,Estación de Rinconada,Ranchería,Mazapiltepec de Juárez,Puebla,,Rural,https://postali.app/mx/puebla/mazapiltepec-de-juarez/estacion-de-rinconada
75137,Francisco I. Madero,Colonia,Mazapiltepec de Juárez,Puebla,,Rural,https://postali.app/mx/puebla/mazapiltepec-de-juarez/francisco-i-madero
75137,San Martín Rinconada,Colonia,Mazapiltepec de Juárez,Puebla,,Rural,https://postali.app/mx/puebla/mazapiltepec-de-juarez/san-martin-rinconada
75138,El Chamizal,Ranchería,Mazapiltepec de Juárez,Puebla,,Rural,https://postali.app/mx/puebla/mazapiltepec-de-juarez/el-chamizal
75138,El Progreso,Ranchería,Mazapiltepec de Juárez,Puebla,,Rural,https://postali.app/mx/puebla/mazapiltepec-de-juarez/el-progreso
75138,La Aurora,Ranchería,Mazapiltepec de Juárez,Puebla,,Rural,https://postali.app/mx/puebla/mazapiltepec-de-juarez/la-aurora
75138,La Concepción,Ranchería,Mazapiltepec de Juárez,Puebla,,Rural,https://postali.app/mx/puebla/mazapiltepec-de-juarez/la-concepcion
75138,Las Margaritas (Crucero de Rinconada),Ranchería,Mazapiltepec de Juárez,Puebla,,Rural,https://postali.app/mx/puebla/mazapiltepec-de-juarez/las-margaritas-crucero-de-rinconada
75138,San José (El Crucero de Rinconada),Ranchería,Mazapiltepec de Juárez,Puebla,,Rural,https://postali.app/mx/puebla/mazapiltepec-de-juarez/san-jose-el-crucero-de-rinconada
75140,Cruz Verde,Colonia,Soltepec,Puebla,,Rural,https://postali.app/mx/puebla/soltepec/cruz-verde
75140,Cuauhtémoc,Colonia,Soltepec,Puebla,,Rural,https://postali.app/mx/puebla/soltepec/cuauhtemoc
75140,Linda Vista,Colonia,Soltepec,Puebla,,Rural,https://postali.app/mx/puebla/soltepec/linda-vista
75140,Progreso,Colonia,Soltepec,Puebla,,Rural,https://postali.app/mx/puebla/soltepec/progreso
75140,San Antonio Xicotenco,Colonia,Soltepec,Puebla,,Rural,https://postali.app/mx/puebla/soltepec/san-antonio-xicotenco
75140,San Lorenzo Zacatuitla,Pueblo,Soltepec,Puebla,,Rural,https://postali.app/mx/puebla/soltepec/san-lorenzo-zacatuitla
75140,Soltepec Centro,Colonia,Soltepec,Puebla,,Rural,https://postali.app/mx/puebla/soltepec/soltepec-centro
75140,Vista Hermosa,Colonia,Soltepec,Puebla,,Rural,https://postali.app/mx/puebla/soltepec/vista-hermosa
75142,Dr. Serrano,Ranchería,Soltepec,Puebla,,Rural,https://postali.app/mx/puebla/soltepec/dr-serrano
75142,Ex-Hacienda San Cristóbal la Trampa,Ranchería,Soltepec,Puebla,,Rural,https://postali.app/mx/puebla/soltepec/ex-hacienda-san-cristobal-la-trampa
75143,Lucía,Ranchería,Soltepec,Puebla,,Rural,https://postali.app/mx/puebla/soltepec/lucia
75145,La Ermita,Ranchería,Soltepec,Puebla,,Rural,https://postali.app/mx/puebla/soltepec/la-ermita
75145,Libertad Álvaro Obregón,Pueblo,Soltepec,Puebla,,Rural,https://postali.app/mx/puebla/soltepec/libertad-alvaro-obregon
75147,Alta Luz,Ranchería,Soltepec,Puebla,,Rural,https://postali.app/mx/puebla/soltepec/alta-luz
75147,San Mateo Soltepec,Ranchería,Soltepec,Puebla,,Rural,https://postali.app/mx/puebla/soltepec/san-mateo-soltepec
75148,Benito Juárez,Colonia,Soltepec,Puebla,,Rural,https://postali.app/mx/puebla/soltepec/benito-juarez
75150,Acatzingo de Hidalgo,Pueblo,Acatzingo,Puebla,,Rural,https://postali.app/mx/puebla/acatzingo/acatzingo-de-hidalgo
75150,Alcantarilla,Barrio,Acatzingo,Puebla,,Urbano,https://postali.app/mx/puebla/acatzingo/alcantarilla
75150,Apipilolco,Fraccionamiento,Acatzingo,Puebla,,Rural,https://postali.app/mx/puebla/acatzingo/apipilolco
75150,Apipilolco (Los Álamos),Colonia,Acatzingo,Puebla,,Rural,https://postali.app/mx/puebla/acatzingo/apipilolco-los-alamos
75150,El Calvario,Barrio,Acatzingo,Puebla,,Rural,https://postali.app/mx/puebla/acatzingo/el-calvario
75150,El Limón,Rancho,Acatzingo,Puebla,,Rural,https://postali.app/mx/puebla/acatzingo/el-limon
75150,El Trebol,Barrio,Acatzingo,Puebla,,Urbano,https://postali.app/mx/puebla/acatzingo/el-trebol
75150,Guadalupe,Barrio,Acatzingo,Puebla,,Rural,https://postali.app/mx/puebla/acatzingo/guadalupe
75150,Jesús de Alonso,Barrio,Acatzingo,Puebla,,Rural,https://postali.app/mx/puebla/acatzingo/jesus-de-alonso
75150,Jesús de las Maravillas,Barrio,Acatzingo,Puebla,,Rural,https://postali.app/mx/puebla/acatzingo/jesus-de-las-maravillas
75150,Las 3 Horas,Barrio,Acatzingo,Puebla,,Rural,https://postali.app/mx/puebla/acatzingo/las-3-horas
75150,Lomas de Leonardo Tamariz,Colonia,Acatzingo,Puebla,,Rural,https://postali.app/mx/puebla/acatzingo/lomas-de-leonardo-tamariz
75150,San Antonio,Barrio,Acatzingo,Puebla,,Rural,https://postali.app/mx/puebla/acatzingo/san-antonio
75150,San Diego,Barrio,Acatzingo,Puebla,,Urbano,https://postali.app/mx/puebla/acatzingo/san-diego
75150,San Diego Apipilolco,Colonia,Acatzingo,Puebla,,Rural,https://postali.app/mx/puebla/acatzingo/san-diego-apipilolco
75150,San Gabriel,Barrio,Acatzingo,Puebla,,Rural,https://postali.app/mx/puebla/acatzingo/san-gabriel
75150,San Jerónimo,Barrio,Acatzingo,Puebla,,Urbano,https://postali.app/mx/puebla/acatzingo/san-jeronimo
75150,San José,Barrio,Acatzingo,Puebla,,Rural,https://postali.app/mx/puebla/acatzingo/san-jose
75150,San Miguel,Barrio,Acatzingo,Puebla,,Rural,https://postali.app/mx/puebla/acatzingo/san-miguel
75150,San Pedro,Barrio,Acatzingo,Puebla,,Urbano,https://postali.app/mx/puebla/acatzingo/san-pedro
75150,San Sebastián Teteles,Ejido,Acatzingo,Puebla,,Rural,https://postali.app/mx/puebla/acatzingo/san-sebastian-teteles
75150,San Sebastián Villanueva,Pueblo,Acatzingo,Puebla,,Rural,https://postali.app/mx/puebla/acatzingo/san-sebastian-villanueva
75150,Tetela,Barrio,Acatzingo,Puebla,,Urbano,https://postali.app/mx/puebla/acatzingo/tetela
75151,Hernández,Ranchería,Acatzingo,Puebla,,Rural,https://postali.app/mx/puebla/acatzingo/hernandez
75153,El Paxtle,Ranchería,Acatzingo,Puebla,,Rural,https://postali.app/mx/puebla/acatzingo/el-paxtle
75153,La Coyotera,Ranchería,Acatzingo,Puebla,,Rural,https://postali.app/mx/puebla/acatzingo/la-coyotera
75153,San José,Ranchería,Acatzingo,Puebla,,Rural,https://postali.app/mx/puebla/acatzingo/san-jose-75153
75153,San Miguel Dorantes (Xaltepec),Ranchería,Acatzingo,Puebla,,Rural,https://postali.app/mx/puebla/acatzingo/san-miguel-dorantes-xaltepec
75154,Carmen Serdán,Pueblo,Acatzingo,Puebla,,Rural,https://postali.app/mx/puebla/acatzingo/carmen-serdan
75154,Guadalupe Morelos,Pueblo,Acatzingo,Puebla,,Rural,https://postali.app/mx/puebla/acatzingo/guadalupe-morelos
75154,Virreyes de Juárez,Pueblo,Acatzingo,Puebla,,Rural,https://postali.app/mx/puebla/acatzingo/virreyes-de-juarez
75155,El Capulín,Fraccionamiento,Acatzingo,Puebla,,Rural,https://postali.app/mx/puebla/acatzingo/el-capulin
75155,Juan Santos Braulio,Ranchería,Acatzingo,Puebla,,Rural,https://postali.app/mx/puebla/acatzingo/juan-santos-braulio
75155,Los Corralitos,Fraccionamiento,Acatzingo,Puebla,,Rural,https://postali.app/mx/puebla/acatzingo/los-corralitos
75155,San Jerónimo Tamariz,Ranchería,Acatzingo,Puebla,,Rural,https://postali.app/mx/puebla/acatzingo/san-jeronimo-tamariz
75155,San Marcos el Nuevo,Ranchería,Acatzingo,Puebla,,Rural,https://postali.app/mx/puebla/acatzingo/san-marcos-el-nuevo
75155,San Marcos el Viejo,Ranchería,Acatzingo,Puebla,,Rural,https://postali.app/mx/puebla/acatzingo/san-marcos-el-viejo
75155,San Pedro Mártir,Barrio,Acatzingo,Puebla,,Rural,https://postali.app/mx/puebla/acatzingo/san-pedro-martir
75155,Sección Sexta Rancho San Marcos,Ranchería,Acatzingo,Puebla,,Rural,https://postali.app/mx/puebla/acatzingo/seccion-sexta-rancho-san-marcos
75157,La Natividad,Pueblo,Acatzingo,Puebla,,Rural,https://postali.app/mx/puebla/acatzingo/la-natividad
75157,Nicolás Bravo,Pueblo,Acatzingo,Puebla,,Rural,https://postali.app/mx/puebla/acatzingo/nicolas-bravo
75158,La Fe (Rancho los Sandoval),Ranchería,Acatzingo,Puebla,,Rural,https://postali.app/mx/puebla/acatzingo/la-fe-rancho-los-sandoval
75158,Progreso de Juárez,Pueblo,Acatzingo,Puebla,,Rural,https://postali.app/mx/puebla/acatzingo/progreso-de-juarez
75158,San Aurelio (Las Lavadoras),Ranchería,Acatzingo,Puebla,,Rural,https://postali.app/mx/puebla/acatzingo/san-aurelio-las-lavadoras
75159,Actipan de Morelos,Pueblo,Acatzingo,Puebla,,Rural,https://postali.app/mx/puebla/acatzingo/actipan-de-morelos
75159,Alhuelica (Sección Quinta de Actipan),Fraccionamiento,Acatzingo,Puebla,,Urbano,https://postali.app/mx/puebla/acatzingo/alhuelica-seccion-quinta-de-actipan
75159,Chino,Colonia,Acatzingo,Puebla,,Urbano,https://postali.app/mx/puebla/acatzingo/chino
75160,Doctores,Barrio,San Salvador el Seco,Puebla,,Rural,https://postali.app/mx/puebla/san-salvador-el-seco/doctores
75160,Jilotepec,Barrio,San Salvador el Seco,Puebla,,Rural,https://postali.app/mx/puebla/san-salvador-el-seco/jilotepec
75160,Nuevo Progreso,Colonia,San Salvador el Seco,Puebla,,Rural,https://postali.app/mx/puebla/san-salvador-el-seco/nuevo-progreso
75160,Quecholac,Barrio,San Salvador el Seco,Puebla,,Rural,https://postali.app/mx/puebla/san-salvador-el-seco/quecholac
75160,San Juan,Barrio,San Salvador el Seco,Puebla,,Rural,https://postali.app/mx/puebla/san-salvador-el-seco/san-juan
75160,San Miguel,Barrio,San Salvador el Seco,Puebla,,Rural,https://postali.app/mx/puebla/san-salvador-el-seco/san-miguel
75160,San Salvador el Seco,Pueblo,San Salvador el Seco,Puebla,,Rural,https://postali.app/mx/puebla/san-salvador-el-seco/san-salvador-el-seco
75160,Tecamachalco,Barrio,San Salvador el Seco,Puebla,,Rural,https://postali.app/mx/puebla/san-salvador-el-seco/tecamachalco
75160,Tecoac,Barrio,San Salvador el Seco,Puebla,,Rural,https://postali.app/mx/puebla/san-salvador-el-seco/tecoac
75162,Jilotepec,Ranchería,San Salvador el Seco,Puebla,,Rural,https://postali.app/mx/puebla/san-salvador-el-seco/jilotepec-75162
75163,Concepción Malpaís (Rancho la Concepción),Ranchería,San Salvador el Seco,Puebla,,Rural,https://postali.app/mx/puebla/san-salvador-el-seco/concepcion-malpais-rancho-la-concepcion
75163,La Higuera,Fraccionamiento,San Salvador el Seco,Puebla,,Rural,https://postali.app/mx/puebla/san-salvador-el-seco/la-higuera
75163,María de los Ángeles (Parada la Higuera),Ranchería,San Salvador el Seco,Puebla,,Rural,https://postali.app/mx/puebla/san-salvador-el-seco/maria-de-los-angeles-parada-la-higuera
75163,San Agustín,Ranchería,San Salvador el Seco,Puebla,,Rural,https://postali.app/mx/puebla/san-salvador-el-seco/san-agustin
75163,San Cristóbal,Ranchería,San Salvador el Seco,Puebla,,Rural,https://postali.app/mx/puebla/san-salvador-el-seco/san-cristobal
75164,San José Barroso,Pueblo,San Salvador el Seco,Puebla,,Rural,https://postali.app/mx/puebla/san-salvador-el-seco/san-jose-barroso
75164,San Martín,Ranchería,San Salvador el Seco,Puebla,,Rural,https://postali.app/mx/puebla/san-salvador-el-seco/san-martin
75165,Guadalupe,Pueblo,San Salvador el Seco,Puebla,,Rural,https://postali.app/mx/puebla/san-salvador-el-seco/guadalupe
75166,Guadalupe Victoria,Pueblo,San Salvador el Seco,Puebla,,Rural,https://postali.app/mx/puebla/san-salvador-el-seco/guadalupe-victoria
75166,Los Álamos,Ranchería,San Salvador el Seco,Puebla,,Rural,https://postali.app/mx/puebla/san-salvador-el-seco/los-alamos
75166,Santa María (Kilómetro 6),Ranchería,San Salvador el Seco,Puebla,,Rural,https://postali.app/mx/puebla/san-salvador-el-seco/santa-maria-kilometro-6
75167,Las Margaritas,Colonia,San Salvador el Seco,Puebla,,Rural,https://postali.app/mx/puebla/san-salvador-el-seco/las-margaritas
75167,Santa María Coatepec,Pueblo,San Salvador el Seco,Puebla,,Rural,https://postali.app/mx/puebla/san-salvador-el-seco/santa-maria-coatepec
75169,Paso Puente de Santa Ana,Pueblo,San Salvador el Seco,Puebla,,Rural,https://postali.app/mx/puebla/san-salvador-el-seco/paso-puente-de-santa-ana
75169,San Francisco Aljibes,Ranchería,San Salvador el Seco,Puebla,,Rural,https://postali.app/mx/puebla/san-salvador-el-seco/san-francisco-aljibes
75169,San Francisco Aljibes,Pueblo,San Salvador el Seco,Puebla,,Rural,https://postali.app/mx/puebla/san-salvador-el-seco/san-francisco-aljibes-75169
75170,San Pablo de las Tunas,Pueblo,General Felipe Ángeles,Puebla,,Rural,https://postali.app/mx/puebla/general-felipe-angeles/san-pablo-de-las-tunas
75171,Candelaria Portezuelo,Pueblo,General Felipe Ángeles,Puebla,,Rural,https://postali.app/mx/puebla/general-felipe-angeles/candelaria-portezuelo
75173,San Juan Portezuelo,Barrio,General Felipe Ángeles,Puebla,,Rural,https://postali.app/mx/puebla/general-felipe-angeles/san-juan-portezuelo
75175,Santa Úrsula Chiconquiac,Pueblo,General Felipe Ángeles,Puebla,,Rural,https://postali.app/mx/puebla/general-felipe-angeles/santa-ursula-chiconquiac
75176,San Antonio Portezuelo,Pueblo,General Felipe Ángeles,Puebla,,Rural,https://postali.app/mx/puebla/general-felipe-angeles/san-antonio-portezuelo
75178,San José Buenavista,Barrio,General Felipe Ángeles,Puebla,,Rural,https://postali.app/mx/puebla/general-felipe-angeles/san-jose-buenavista
75178,San Pedro Candelaria,Barrio,General Felipe Ángeles,Puebla,,Rural,https://postali.app/mx/puebla/general-felipe-angeles/san-pedro-candelaria
75179,Guadalupe Analco,Barrio,General Felipe Ángeles,Puebla,,Rural,https://postali.app/mx/puebla/general-felipe-angeles/guadalupe-analco
75179,Santiago Tenango,Pueblo,General Felipe Ángeles,Puebla,,Rural,https://postali.app/mx/puebla/general-felipe-angeles/santiago-tenango
75180,Aljojuca,Pueblo,Aljojuca,Puebla,,Rural,https://postali.app/mx/puebla/aljojuca/aljojuca
75180,San Miguel Tecuitlapa,Pueblo,Aljojuca,Puebla,,Rural,https://postali.app/mx/puebla/aljojuca/san-miguel-tecuitlapa
75186,San Antonio la Cuchilla,Pueblo,Aljojuca,Puebla,,Rural,https://postali.app/mx/puebla/aljojuca/san-antonio-la-cuchilla
75187,Jalapasco el Grande,Pueblo,Aljojuca,Puebla,,Rural,https://postali.app/mx/puebla/aljojuca/jalapasco-el-grande
75187,San Antonio Jalapasco,Ranchería,Aljojuca,Puebla,,Rural,https://postali.app/mx/puebla/aljojuca/san-antonio-jalapasco
75190,San José Guerrero,Pueblo,San Juan Atenco,Puebla,,Rural,https://postali.app/mx/puebla/san-juan-atenco/san-jose-guerrero
75190,San Juan Atenco,Pueblo,San Juan Atenco,Puebla,,Rural,https://postali.app/mx/puebla/san-juan-atenco/san-juan-atenco
75194,Tres Cruces Ocotepec,Ranchería,San Juan Atenco,Puebla,,Rural,https://postali.app/mx/puebla/san-juan-atenco/tres-cruces-ocotepec
75196,Santa Cruz Coyotepec,Pueblo,San Juan Atenco,Puebla,,Rural,https://postali.app/mx/puebla/san-juan-atenco/santa-cruz-coyotepec
75197,El Llano,Ranchería,San Juan Atenco,Puebla,,Rural,https://postali.app/mx/puebla/san-juan-atenco/el-llano
75200,Bella Vista,Colonia,Tepeaca,Puebla,Tepeaca,Urbano,https://postali.app/mx/puebla/tepeaca/bella-vista
75200,Central de Abastos,Colonia,Tepeaca,Puebla,Tepeaca,Urbano,https://postali.app/mx/puebla/tepeaca/central-de-abastos
75200,Del Campo,Colonia,Tepeaca,Puebla,Tepeaca,Urbano,https://postali.app/mx/puebla/tepeaca/del-campo
75200,Del Santuario,Barrio,Tepeaca,Puebla,Tepeaca,Urbano,https://postali.app/mx/puebla/tepeaca/del-santuario
75200,Ecchomo,Colonia,Tepeaca,Puebla,Tepeaca,Urbano,https://postali.app/mx/puebla/tepeaca/ecchomo
75200,El Calvario,Barrio,Tepeaca,Puebla,Tepeaca,Urbano,https://postali.app/mx/puebla/tepeaca/el-calvario
75200,El Campo,Colonia,Tepeaca,Puebla,Tepeaca,Urbano,https://postali.app/mx/puebla/tepeaca/el-campo
75200,El Divino Salvador,Colonia,Tepeaca,Puebla,Tepeaca,Urbano,https://postali.app/mx/puebla/tepeaca/el-divino-salvador
75200,El Vergel,Fraccionamiento,Tepeaca,Puebla,Tepeaca,Urbano,https://postali.app/mx/puebla/tepeaca/el-vergel
75200,Guadalupe,Colonia,Tepeaca,Puebla,Tepeaca,Urbano,https://postali.app/mx/puebla/tepeaca/guadalupe
75200,Hermosa Provincia,Barrio,Tepeaca,Puebla,Tepeaca,Urbano,https://postali.app/mx/puebla/tepeaca/hermosa-provincia
75200,Jamaica,Colonia,Tepeaca,Puebla,Tepeaca,Urbano,https://postali.app/mx/puebla/tepeaca/jamaica
75200,La Santísima,Barrio,Tepeaca,Puebla,Tepeaca,Urbano,https://postali.app/mx/puebla/tepeaca/la-santisima
75200,Lomas del Calvario,Barrio,Tepeaca,Puebla,Tepeaca,Urbano,https://postali.app/mx/puebla/tepeaca/lomas-del-calvario
75200,San Diego,Barrio,Tepeaca,Puebla,Tepeaca,Urbano,https://postali.app/mx/puebla/tepeaca/san-diego
75200,San José,Barrio,Tepeaca,Puebla,Tepeaca,Urbano,https://postali.app/mx/puebla/tepeaca/san-jose
75200,San Juan Negrete,Colonia,Tepeaca,Puebla,Tepeaca,Urbano,https://postali.app/mx/puebla/tepeaca/san-juan-negrete
75200,San Luis,Colonia,Tepeaca,Puebla,Tepeaca,Urbano,https://postali.app/mx/puebla/tepeaca/san-luis
75200,San Miguel,Barrio,Tepeaca,Puebla,Tepeaca,Urbano,https://postali.app/mx/puebla/tepeaca/san-miguel
75200,San Sebastián,Barrio,Tepeaca,Puebla,Tepeaca,Urbano,https://postali.app/mx/puebla/tepeaca/san-sebastian
75200,Santa Apolonia,Barrio,Tepeaca,Puebla,Tepeaca,Urbano,https://postali.app/mx/puebla/tepeaca/santa-apolonia
75200,Santa Cruz Temilco,Barrio,Tepeaca,Puebla,Tepeaca,Urbano,https://postali.app/mx/puebla/tepeaca/santa-cruz-temilco
75200,Santa Cruz Tlahuilola,Colonia,Tepeaca,Puebla,Tepeaca,Urbano,https://postali.app/mx/puebla/tepeaca/santa-cruz-tlahuilola
75200,Tepeaca Centro,Colonia,Tepeaca,Puebla,Tepeaca,Urbano,https://postali.app/mx/puebla/tepeaca/tepeaca-centro
75203,Espiridión Reyes Flores,Ranchería,Tepeaca,Puebla,,Rural,https://postali.app/mx/puebla/tepeaca/espiridion-reyes-flores
75204,Guadalupe Calderón,Ranchería,Tepeaca,Puebla,,Rural,https://postali.app/mx/puebla/tepeaca/guadalupe-calderon
75204,San Mateo Parra,Pueblo,Tepeaca,Puebla,,Rural,https://postali.app/mx/puebla/tepeaca/san-mateo-parra
75204,Zahuatlán de Morelos (San José),Pueblo,Tepeaca,Puebla,,Rural,https://postali.app/mx/puebla/tepeaca/zahuatlan-de-morelos-san-jose
75205,Primera Sección Santiago Acatlán,Ranchería,Tepeaca,Puebla,,Rural,https://postali.app/mx/puebla/tepeaca/primera-seccion-santiago-acatlan
75205,San José Carpinteros,Pueblo,Tepeaca,Puebla,,Rural,https://postali.app/mx/puebla/tepeaca/san-jose-carpinteros
75205,San Nicolás Tolentino,Pueblo,Tepeaca,Puebla,,Rural,https://postali.app/mx/puebla/tepeaca/san-nicolas-tolentino
75205,Santiago Acatlán,Pueblo,Tepeaca,Puebla,,Rural,https://postali.app/mx/puebla/tepeaca/santiago-acatlan
75206,San Miguel,Ranchería,Tepeaca,Puebla,,Rural,https://postali.app/mx/puebla/tepeaca/san-miguel-75206
75206,Tlayoatla Joya de Rodríguez,Pueblo,Tepeaca,Puebla,,Rural,https://postali.app/mx/puebla/tepeaca/tlayoatla-joya-de-rodriguez
75207,San Cristóbal Hidalgo,Ranchería,Tepeaca,Puebla,,Rural,https://postali.app/mx/puebla/tepeaca/san-cristobal-hidalgo
75207,San Cristóbal los Nava,Ranchería,Tepeaca,Puebla,,Rural,https://postali.app/mx/puebla/tepeaca/san-cristobal-los-nava
75207,San Felipe Tenextepec,Ranchería,Tepeaca,Puebla,,Rural,https://postali.app/mx/puebla/tepeaca/san-felipe-tenextepec
75207,San Francisco Buenavista,Ranchería,Tepeaca,Puebla,,Rural,https://postali.app/mx/puebla/tepeaca/san-francisco-buenavista
75210,La Esperanza,Ranchería,Tepeaca,Puebla,,Rural,https://postali.app/mx/puebla/tepeaca/la-esperanza
75210,Microondas,Ranchería,Tepeaca,Puebla,,Rural,https://postali.app/mx/puebla/tepeaca/microondas
75210,San Bartolome Hueyapan,Pueblo,Tepeaca,Puebla,,Rural,https://postali.app/mx/puebla/tepeaca/san-bartolome-hueyapan
75210,San Cristóbal,Ejido,Tepeaca,Puebla,,Rural,https://postali.app/mx/puebla/tepeaca/san-cristobal
75210,San Francisco Buenavista,Ejido,Tepeaca,Puebla,,Rural,https://postali.app/mx/puebla/tepeaca/san-francisco-buenavista-75210
75211,Los Reyes del Campo,Ranchería,Tepeaca,Puebla,,Rural,https://postali.app/mx/puebla/tepeaca/los-reyes-del-campo
75211,San Lorenzo Joya de Rodríguez,Ranchería,Tepeaca,Puebla,,Rural,https://postali.app/mx/puebla/tepeaca/san-lorenzo-joya-de-rodriguez
75211,San Pedro la Joya,Ranchería,Tepeaca,Puebla,,Rural,https://postali.app/mx/puebla/tepeaca/san-pedro-la-joya
75211,Álvaro Obregón,Pueblo,Tepeaca,Puebla,,Rural,https://postali.app/mx/puebla/tepeaca/alvaro-obregon
75212,Vicente Guerrero,Ranchería,Tepeaca,Puebla,,Rural,https://postali.app/mx/puebla/tepeaca/vicente-guerrero
75214,El Empalme,Ranchería,Tepeaca,Puebla,,Rural,https://postali.app/mx/puebla/tepeaca/el-empalme
75214,El Zaranto,Ranchería,Tepeaca,Puebla,,Rural,https://postali.app/mx/puebla/tepeaca/el-zaranto
75214,Loma Bonita,Ranchería,Tepeaca,Puebla,,Rural,https://postali.app/mx/puebla/tepeaca/loma-bonita
75214,San Hipólito,Ejido,Tepeaca,Puebla,,Rural,https://postali.app/mx/puebla/tepeaca/san-hipolito
75214,San Miguel,Ranchería,Tepeaca,Puebla,,Rural,https://postali.app/mx/puebla/tepeaca/san-miguel-75214
75215,La Purificación Candelaria,Pueblo,Tepeaca,Puebla,,Rural,https://postali.app/mx/puebla/tepeaca/la-purificacion-candelaria
75215,San Nicolás Zoyapetlayuca,Pueblo,Tepeaca,Puebla,,Rural,https://postali.app/mx/puebla/tepeaca/san-nicolas-zoyapetlayuca
75215,Santa María Oxtotipan,Pueblo,Tepeaca,Puebla,,Rural,https://postali.app/mx/puebla/tepeaca/santa-maria-oxtotipan
75219,San Hipólito Xochiltenango,Pueblo,Tepeaca,Puebla,,Rural,https://postali.app/mx/puebla/tepeaca/san-hipolito-xochiltenango
75219,San Pablo Actipan,Pueblo,Tepeaca,Puebla,,Rural,https://postali.app/mx/puebla/tepeaca/san-pablo-actipan
75220,Cuautinchan,Pueblo,Cuautinchán,Puebla,,Rural,https://postali.app/mx/puebla/cuautinchan/cuautinchan
75221,San Jerónimo Almoloya,Pueblo,Cuautinchán,Puebla,,Rural,https://postali.app/mx/puebla/cuautinchan/san-jeronimo-almoloya
75223,Tlalmanalco,Ejido,Cuautinchán,Puebla,,Rural,https://postali.app/mx/puebla/cuautinchan/tlalmanalco
75225,Buenavista,Ejido,Cuautinchán,Puebla,,Rural,https://postali.app/mx/puebla/cuautinchan/buenavista
75225,Concepción Pardiñas,Pueblo,Cuautinchán,Puebla,,Rural,https://postali.app/mx/puebla/cuautinchan/concepcion-pardinas
75225,La Gloria,Ejido,Cuautinchán,Puebla,,Rural,https://postali.app/mx/puebla/cuautinchan/la-gloria
75225,San Lorenzo la Cañada,Ranchería,Cuautinchán,Puebla,,Rural,https://postali.app/mx/puebla/cuautinchan/san-lorenzo-la-canada
75225,Zacatla,Ranchería,Cuautinchán,Puebla,,Rural,https://postali.app/mx/puebla/cuautinchan/zacatla
75226,Dolores,Ranchería,Cuautinchán,Puebla,,Rural,https://postali.app/mx/puebla/cuautinchan/dolores
75226,Totoquetzale,Ranchería,Cuautinchán,Puebla,,Rural,https://postali.app/mx/puebla/cuautinchan/totoquetzale
75230,Alpatlahuac,Pueblo,Cuautinchán,Puebla,,Rural,https://postali.app/mx/puebla/cuautinchan/alpatlahuac
75232,San José (Colonia el Piojo),Colonia,Cuautinchán,Puebla,,Rural,https://postali.app/mx/puebla/cuautinchan/san-jose-colonia-el-piojo
75232,Santa Cruz Alpuyeca,Ejido,Cuautinchán,Puebla,,Rural,https://postali.app/mx/puebla/cuautinchan/santa-cruz-alpuyeca
75232,Tzotzocola,Ranchería,Cuautinchán,Puebla,,Rural,https://postali.app/mx/puebla/cuautinchan/tzotzocola
75233,José María Morelos,Pueblo,Cuautinchán,Puebla,,Rural,https://postali.app/mx/puebla/cuautinchan/jose-maria-morelos
75233,San Ramón Alpatláhuac,Ranchería,Cuautinchán,Puebla,,Rural,https://postali.app/mx/puebla/cuautinchan/san-ramon-alpatlahuac
75234,Apapasco,Ejido,Cuautinchán,Puebla,,Rural,https://postali.app/mx/puebla/cuautinchan/apapasco
75234,Huexocalco,Ranchería,Cuautinchán,Puebla,,Rural,https://postali.app/mx/puebla/cuautinchan/huexocalco
75235,Agua Santa,Colonia,Cuautinchán,Puebla,,Rural,https://postali.app/mx/puebla/cuautinchan/agua-santa
75235,Cuautenco,Ranchería,Cuautinchán,Puebla,,Rural,https://postali.app/mx/puebla/cuautinchan/cuautenco
75235,El Esfuerzo,Colonia,Cuautinchán,Puebla,,Rural,https://postali.app/mx/puebla/cuautinchan/el-esfuerzo
75235,El Granado,Colonia,Cuautinchán,Puebla,,Rural,https://postali.app/mx/puebla/cuautinchan/el-granado
75235,La Lobera,Colonia,Cuautinchán,Puebla,,Rural,https://postali.app/mx/puebla/cuautinchan/la-lobera
75235,Las Aguilillas,Ejido,Cuautinchán,Puebla,,Rural,https://postali.app/mx/puebla/cuautinchan/las-aguilillas
75235,San Baltazar Torija,Pueblo,Cuautinchán,Puebla,,Rural,https://postali.app/mx/puebla/cuautinchan/san-baltazar-torija
75235,Tlalcorral,Ejido,Cuautinchán,Puebla,,Rural,https://postali.app/mx/puebla/cuautinchan/tlalcorral
75235,Zapotetla,Ranchería,Cuautinchán,Puebla,,Rural,https://postali.app/mx/puebla/cuautinchan/zapotetla
75237,San Daniel (El Paraíso),Ranchería,Cuautinchán,Puebla,,Rural,https://postali.app/mx/puebla/cuautinchan/san-daniel-el-paraiso
75237,San Luis del Milagro,Ranchería,Cuautinchán,Puebla,,Rural,https://postali.app/mx/puebla/cuautinchan/san-luis-del-milagro
75238,El Carril,Ranchería,Cuautinchán,Puebla,,Rural,https://postali.app/mx/puebla/cuautinchan/el-carril
75238,El Chaparral,Rancho,Cuautinchán,Puebla,,Rural,https://postali.app/mx/puebla/cuautinchan/el-chaparral
75240,La Trinidad,Pueblo,Tecali de Herrera,Puebla,,Rural,https://postali.app/mx/puebla/tecali-de-herrera/la-trinidad
75240,Santiagotzingo,Barrio,Tecali de Herrera,Puebla,,Rural,https://postali.app/mx/puebla/tecali-de-herrera/santiagotzingo
75240,Tecali de Herrera,Pueblo,Tecali de Herrera,Puebla,,Rural,https://postali.app/mx/puebla/tecali-de-herrera/tecali-de-herrera
75240,Tzocuilac,Barrio,Tecali de Herrera,Puebla,,Rural,https://postali.app/mx/puebla/tecali-de-herrera/tzocuilac
75245,La Magdalena,Barrio,Tecali de Herrera,Puebla,,Rural,https://postali.app/mx/puebla/tecali-de-herrera/la-magdalena
75250,San Luis Ajajalpan,Pueblo,Tecali de Herrera,Puebla,,Rural,https://postali.app/mx/puebla/tecali-de-herrera/san-luis-ajajalpan
75250,Santa Cruz Ajajalpan,Pueblo,Tecali de Herrera,Puebla,,Rural,https://postali.app/mx/puebla/tecali-de-herrera/santa-cruz-ajajalpan
75254,Guadalupe,Barrio,Tecali de Herrera,Puebla,,Rural,https://postali.app/mx/puebla/tecali-de-herrera/guadalupe
75256,Aquiles Serdán,Colonia,Tecali de Herrera,Puebla,,Rural,https://postali.app/mx/puebla/tecali-de-herrera/aquiles-serdan
75256,Concepción Cuautla,Pueblo,Tecali de Herrera,Puebla,,Rural,https://postali.app/mx/puebla/tecali-de-herrera/concepcion-cuautla
75256,Zoyatepec,Colonia,Tecali de Herrera,Puebla,,Rural,https://postali.app/mx/puebla/tecali-de-herrera/zoyatepec
75257,Cozahuatla,Colonia,Tecali de Herrera,Puebla,,Rural,https://postali.app/mx/puebla/tecali-de-herrera/cozahuatla
75257,La Esperanza,Colonia,Tecali de Herrera,Puebla,,Rural,https://postali.app/mx/puebla/tecali-de-herrera/la-esperanza
75257,Las Loberas,Colonia,Tecali de Herrera,Puebla,,Rural,https://postali.app/mx/puebla/tecali-de-herrera/las-loberas
75257,Tecorral,Colonia,Tecali de Herrera,Puebla,,Rural,https://postali.app/mx/puebla/tecali-de-herrera/tecorral
75258,San Buenaventura,Pueblo,Tecali de Herrera,Puebla,,Rural,https://postali.app/mx/puebla/tecali-de-herrera/san-buenaventura
75259,Ahuatepec,Pueblo,Tecali de Herrera,Puebla,,Rural,https://postali.app/mx/puebla/tecali-de-herrera/ahuatepec
75260,San Francisco Mixtla,Pueblo,Mixtla,Puebla,,Rural,https://postali.app/mx/puebla/mixtla/san-francisco-mixtla
75270,San Simón Coatepec,Pueblo,Mixtla,Puebla,,Rural,https://postali.app/mx/puebla/mixtla/san-simon-coatepec
75280,Santo Tomás Hueyotlipan,Pueblo,Santo Tomás Hueyotlipan,Puebla,,Rural,https://postali.app/mx/puebla/santo-tomas-hueyotlipan/santo-tomas-hueyotlipan
75290,San Miguel Zacaola,Pueblo,Santo Tomás Hueyotlipan,Puebla,,Rural,https://postali.app/mx/puebla/santo-tomas-hueyotlipan/san-miguel-zacaola
75300,Tzicatlacoyan,Pueblo,Tzicatlacoyan,Puebla,,Rural,https://postali.app/mx/puebla/tzicatlacoyan/tzicatlacoyan
75301,Acuexcomac,Pueblo,Tzicatlacoyan,Puebla,,Rural,https://postali.app/mx/puebla/tzicatlacoyan/acuexcomac
75301,San Isidro Chiapa,Ranchería,Tzicatlacoyan,Puebla,,Rural,https://postali.app/mx/puebla/tzicatlacoyan/san-isidro-chiapa
75305,La Tranca,Ranchería,Tzicatlacoyan,Puebla,,Rural,https://postali.app/mx/puebla/tzicatlacoyan/la-tranca
75305,San Francisco Lagunillas,Ranchería,Tzicatlacoyan,Puebla,,Rural,https://postali.app/mx/puebla/tzicatlacoyan/san-francisco-lagunillas
75305,Santa Cruz el Calvario,Ranchería,Tzicatlacoyan,Puebla,,Rural,https://postali.app/mx/puebla/tzicatlacoyan/santa-cruz-el-calvario
75306,Cuacnopala,Ranchería,Tzicatlacoyan,Puebla,,Rural,https://postali.app/mx/puebla/tzicatlacoyan/cuacnopala
75306,Tepanene,Ejido,Tzicatlacoyan,Puebla,,Rural,https://postali.app/mx/puebla/tzicatlacoyan/tepanene
75307,La Santa Cruz,Ranchería,Tzicatlacoyan,Puebla,,Rural,https://postali.app/mx/puebla/tzicatlacoyan/la-santa-cruz
75307,Texaluca,Ejido,Tzicatlacoyan,Puebla,,Rural,https://postali.app/mx/puebla/tzicatlacoyan/texaluca
75310,San Antonio Juárez,Pueblo,Tzicatlacoyan,Puebla,,Rural,https://postali.app/mx/puebla/tzicatlacoyan/san-antonio-juarez
75311,Balvanera,Ejido,Tzicatlacoyan,Puebla,,Rural,https://postali.app/mx/puebla/tzicatlacoyan/balvanera
75311,San Martín Teteles,Ranchería,Tzicatlacoyan,Puebla,,Rural,https://postali.app/mx/puebla/tzicatlacoyan/san-martin-teteles
75320,Analco,Colonia,Huehuetlán el Grande,Puebla,,Rural,https://postali.app/mx/puebla/huehuetlan-el-grande/analco
75320,Ixtlahuacán,Colonia,Huehuetlán el Grande,Puebla,,Rural,https://postali.app/mx/puebla/huehuetlan-el-grande/ixtlahuacan
75320,Primera Sección,Colonia,Huehuetlán el Grande,Puebla,,Rural,https://postali.app/mx/puebla/huehuetlan-el-grande/primera-seccion
75320,San Antonio Coatepec (Tierra Blanca),Colonia,Huehuetlán el Grande,Puebla,,Rural,https://postali.app/mx/puebla/huehuetlan-el-grande/san-antonio-coatepec-tierra-blanca
75320,Santo Domingo Huehuetlán el Grande,Pueblo,Huehuetlán el Grande,Puebla,,Rural,https://postali.app/mx/puebla/huehuetlan-el-grande/santo-domingo-huehuetlan-el-grande
75324,Atotonilco,Ranchería,Huehuetlán el Grande,Puebla,,Rural,https://postali.app/mx/puebla/huehuetlan-el-grande/atotonilco
75325,San Martín Atempan,Pueblo,Huehuetlán el Grande,Puebla,,Rural,https://postali.app/mx/puebla/huehuetlan-el-grande/san-martin-atempan
75325,San Pedro Ajalpan,Ranchería,Huehuetlán el Grande,Puebla,,Rural,https://postali.app/mx/puebla/huehuetlan-el-grande/san-pedro-ajalpan
75328,San Juan Coatetelco,Ranchería,Huehuetlán el Grande,Puebla,,Rural,https://postali.app/mx/puebla/huehuetlan-el-grande/san-juan-coatetelco
75330,San Miguel Atlapulco,Pueblo,Huehuetlán el Grande,Puebla,,Rural,https://postali.app/mx/puebla/huehuetlan-el-grande/san-miguel-atlapulco
75332,San Agustín Ahuehuetla,Pueblo,Huehuetlán el Grande,Puebla,,Rural,https://postali.app/mx/puebla/huehuetlan-el-grande/san-agustin-ahuehuetla
75333,Agrícola Hidalgo,Ranchería,Huehuetlán el Grande,Puebla,,Rural,https://postali.app/mx/puebla/huehuetlan-el-grande/agricola-hidalgo
75335,San Nicolás Huajuapan,Pueblo,Huehuetlán el Grande,Puebla,,Rural,https://postali.app/mx/puebla/huehuetlan-el-grande/san-nicolas-huajuapan
75336,Santa Martha Yancuitlalpan,Pueblo,Huehuetlán el Grande,Puebla,,Rural,https://postali.app/mx/puebla/huehuetlan-el-grande/santa-martha-yancuitlalpan
75338,El Naranja,Ranchería,Huehuetlán el Grande,Puebla,,Rural,https://postali.app/mx/puebla/huehuetlan-el-grande/el-naranja
75338,Santa Ana Otzolotepec,Pueblo,Huehuetlán el Grande,Puebla,,Rural,https://postali.app/mx/puebla/huehuetlan-el-grande/santa-ana-otzolotepec
75340,La Magdalena Tlatlauquitepec,Pueblo,La Magdalena Tlatlauquitepec,Puebla,,Rural,https://postali.app/mx/puebla/la-magdalena-tlatlauquitepec/la-magdalena-tlatlauquitepec
75360,San Juan Atzompa,Pueblo,San Juan Atzompa,Puebla,,Rural,https://postali.app/mx/puebla/san-juan-atzompa/san-juan-atzompa
75380,Huatlatlauca,Pueblo,Huatlatlauca,Puebla,,Rural,https://postali.app/mx/puebla/huatlatlauca/huatlatlauca
75380,Socontitla (Barranca Socontitla),Ranchería,Huatlatlauca,Puebla,,Rural,https://postali.app/mx/puebla/huatlatlauca/socontitla-barranca-socontitla
75386,San Miguel Cosahuatla,Pueblo,Huatlatlauca,Puebla,,Rural,https://postali.app/mx/puebla/huatlatlauca/san-miguel-cosahuatla
75386,Santa María Coacuacán,Pueblo,Huatlatlauca,Puebla,,Rural,https://postali.app/mx/puebla/huatlatlauca/santa-maria-coacuacan
75387,Cantera San Pablo,Ranchería,Huatlatlauca,Puebla,,Rural,https://postali.app/mx/puebla/huatlatlauca/cantera-san-pablo
75389,San Pablo Zoyatitlanapan,Pueblo,Huatlatlauca,Puebla,,Rural,https://postali.app/mx/puebla/huatlatlauca/san-pablo-zoyatitlanapan
75390,Copalcotitla,Ranchería,Huatlatlauca,Puebla,,Rural,https://postali.app/mx/puebla/huatlatlauca/copalcotitla
75390,Tempexquixtla,Ranchería,Huatlatlauca,Puebla,,Rural,https://postali.app/mx/puebla/huatlatlauca/tempexquixtla
75390,Álvaro Obregón,Ejido,Huatlatlauca,Puebla,,Rural,https://postali.app/mx/puebla/huatlatlauca/alvaro-obregon
75390,Álvaro Obregón (Barranca San Miguel),Pueblo,Huatlatlauca,Puebla,,Rural,https://postali.app/mx/puebla/huatlatlauca/alvaro-obregon-barranca-san-miguel
75393,Emiliano Zapata,Colonia,Huatlatlauca,Puebla,,Rural,https://postali.app/mx/puebla/huatlatlauca/emiliano-zapata
75393,Rancho Rosas,Rancho,Huatlatlauca,Puebla,,Rural,https://postali.app/mx/puebla/huatlatlauca/rancho-rosas
75394,Baixtla,Ranchería,Huatlatlauca,Puebla,,Rural,https://postali.app/mx/puebla/huatlatlauca/baixtla
75394,Santo Tomás Atlixilihuian,Pueblo,Huatlatlauca,Puebla,,Rural,https://postali.app/mx/puebla/huatlatlauca/santo-tomas-atlixilihuian
75395,Chimala,Barrio,Huatlatlauca,Puebla,,Rural,https://postali.app/mx/puebla/huatlatlauca/chimala
75395,San Nicolás Atlalpan,Ranchería,Huatlatlauca,Puebla,,Rural,https://postali.app/mx/puebla/huatlatlauca/san-nicolas-atlalpan
75396,Quetzalapa (San Baltazar Quetzalapa),Ranchería,Huatlatlauca,Puebla,,Rural,https://postali.app/mx/puebla/huatlatlauca/quetzalapa-san-baltazar-quetzalapa
75396,Tepanacitla (Guadalupe Tepanacitla),Ranchería,Huatlatlauca,Puebla,,Rural,https://postali.app/mx/puebla/huatlatlauca/tepanacitla-guadalupe-tepanacitla
75396,Tochmatzintla,Ranchería,Huatlatlauca,Puebla,,Rural,https://postali.app/mx/puebla/huatlatlauca/tochmatzintla
75398,Ahuatempan (San Lucas Ahuatempan),Ranchería,Huatlatlauca,Puebla,,Rural,https://postali.app/mx/puebla/huatlatlauca/ahuatempan-san-lucas-ahuatempan
75399,Tepetzitzintla,Pueblo,Huatlatlauca,Puebla,,Rural,https://postali.app/mx/puebla/huatlatlauca/tepetzitzintla
75400,Concordia de Aquiles Serdán,Pueblo,Los Reyes de Juárez,Puebla,,Rural,https://postali.app/mx/puebla/los-reyes-de-juarez/concordia-de-aquiles-serdan
75400,Los Reyes de Juárez,Pueblo,Los Reyes de Juárez,Puebla,,Rural,https://postali.app/mx/puebla/los-reyes-de-juarez/los-reyes-de-juarez
75404,Vicente Guerrero,Ranchería,Los Reyes de Juárez,Puebla,,Rural,https://postali.app/mx/puebla/los-reyes-de-juarez/vicente-guerrero
75410,Buenavista de Juárez,Pueblo,Los Reyes de Juárez,Puebla,,Rural,https://postali.app/mx/puebla/los-reyes-de-juarez/buenavista-de-juarez
75410,San Juan Acozac,Pueblo,Los Reyes de Juárez,Puebla,,Rural,https://postali.app/mx/puebla/los-reyes-de-juarez/san-juan-acozac
75412,El Alto,Barrio,Los Reyes de Juárez,Puebla,,Rural,https://postali.app/mx/puebla/los-reyes-de-juarez/el-alto
75412,Santiago Acozac,Pueblo,Los Reyes de Juárez,Puebla,,Rural,https://postali.app/mx/puebla/los-reyes-de-juarez/santiago-acozac
75415,Benito Juárez,Pueblo,Los Reyes de Juárez,Puebla,,Rural,https://postali.app/mx/puebla/los-reyes-de-juarez/benito-juarez
75420,Cuapiaxtla de Madero,Pueblo,Cuapiaxtla de Madero,Puebla,,Rural,https://postali.app/mx/puebla/cuapiaxtla-de-madero/cuapiaxtla-de-madero
75420,Guadalupe Victoria,Colonia,Cuapiaxtla de Madero,Puebla,,Urbano,https://postali.app/mx/puebla/cuapiaxtla-de-madero/guadalupe-victoria
75420,Hermosillo,Colonia,Cuapiaxtla de Madero,Puebla,,Urbano,https://postali.app/mx/puebla/cuapiaxtla-de-madero/hermosillo
75420,La Noria,Colonia,Cuapiaxtla de Madero,Puebla,,Urbano,https://postali.app/mx/puebla/cuapiaxtla-de-madero/la-noria
75420,San José,Colonia,Cuapiaxtla de Madero,Puebla,,Urbano,https://postali.app/mx/puebla/cuapiaxtla-de-madero/san-jose
75421,Miguel Negrete,Pueblo,Cuapiaxtla de Madero,Puebla,,Rural,https://postali.app/mx/puebla/cuapiaxtla-de-madero/miguel-negrete
75424,Lázaro Cárdenas,Colonia,Cuapiaxtla de Madero,Puebla,,Urbano,https://postali.app/mx/puebla/cuapiaxtla-de-madero/lazaro-cardenas
75440,San Salvador Huixcolotla,Pueblo,San Salvador Huixcolotla,Puebla,,Rural,https://postali.app/mx/puebla/san-salvador-huixcolotla/san-salvador-huixcolotla
75443,El Calvario,Barrio,San Salvador Huixcolotla,Puebla,,Urbano,https://postali.app/mx/puebla/san-salvador-huixcolotla/el-calvario
75443,San Antonio,Barrio,San Salvador Huixcolotla,Puebla,,Urbano,https://postali.app/mx/puebla/san-salvador-huixcolotla/san-antonio
75444,Dolores,Barrio,San Salvador Huixcolotla,Puebla,,Urbano,https://postali.app/mx/puebla/san-salvador-huixcolotla/dolores
75445,Central de Abastos,Zona comercial,San Salvador Huixcolotla,Puebla,,Urbano,https://postali.app/mx/puebla/san-salvador-huixcolotla/central-de-abastos
75445,La Candelaria,Barrio,San Salvador Huixcolotla,Puebla,,Urbano,https://postali.app/mx/puebla/san-salvador-huixcolotla/la-candelaria
75445,La Concepción,Fraccionamiento,San Salvador Huixcolotla,Puebla,,Urbano,https://postali.app/mx/puebla/san-salvador-huixcolotla/la-concepcion
75445,Moisés Saba,Fraccionamiento,San Salvador Huixcolotla,Puebla,,Urbano,https://postali.app/mx/puebla/san-salvador-huixcolotla/moises-saba
75445,San Martín,Barrio,San Salvador Huixcolotla,Puebla,,Urbano,https://postali.app/mx/puebla/san-salvador-huixcolotla/san-martin
75460,Del Calvario,Barrio,Quecholac,Puebla,,Urbano,https://postali.app/mx/puebla/quecholac/del-calvario
75460,Del Padre Jesús,Barrio,Quecholac,Puebla,,Urbano,https://postali.app/mx/puebla/quecholac/del-padre-jesus
75460,Del Rosario,Barrio,Quecholac,Puebla,,Urbano,https://postali.app/mx/puebla/quecholac/del-rosario
75460,La Compañia,Pueblo,Quecholac,Puebla,,Rural,https://postali.app/mx/puebla/quecholac/la-compania
75460,Las Ánimas,Barrio,Quecholac,Puebla,,Urbano,https://postali.app/mx/puebla/quecholac/las-animas
75460,Quecholac,Colonia,Quecholac,Puebla,,Rural,https://postali.app/mx/puebla/quecholac/quecholac
75460,San Diego,Barrio,Quecholac,Puebla,,Urbano,https://postali.app/mx/puebla/quecholac/san-diego
75460,San Juan,Barrio,Quecholac,Puebla,,Urbano,https://postali.app/mx/puebla/quecholac/san-juan
75460,San Juan II,Barrio,Quecholac,Puebla,,Urbano,https://postali.app/mx/puebla/quecholac/san-juan-ii
75460,San Lorenzo,Barrio,Quecholac,Puebla,,Urbano,https://postali.app/mx/puebla/quecholac/san-lorenzo
75460,San Miguel,Barrio,Quecholac,Puebla,,Urbano,https://postali.app/mx/puebla/quecholac/san-miguel
75464,La Candelaria,Barrio,Quecholac,Puebla,,Rural,https://postali.app/mx/puebla/quecholac/la-candelaria
75464,La Zenaida (San Isidro),Ranchería,Quecholac,Puebla,,Rural,https://postali.app/mx/puebla/quecholac/la-zenaida-san-isidro
75464,Los Tepetates (Rancho las Águilas),Ranchería,Quecholac,Puebla,,Rural,https://postali.app/mx/puebla/quecholac/los-tepetates-rancho-las-aguilas
75464,San José Cotzitla,Fraccionamiento,Quecholac,Puebla,,Rural,https://postali.app/mx/puebla/quecholac/san-jose-cotzitla
75464,Santa Anita,Ranchería,Quecholac,Puebla,,Rural,https://postali.app/mx/puebla/quecholac/santa-anita
75465,Los Flores,Ranchería,Quecholac,Puebla,,Rural,https://postali.app/mx/puebla/quecholac/los-flores
75466,La Concepción,Barrio,Quecholac,Puebla,,Rural,https://postali.app/mx/puebla/quecholac/la-concepcion
75467,El Jazmín,Ranchería,Quecholac,Puebla,,Rural,https://postali.app/mx/puebla/quecholac/el-jazmin
75467,Enríquez,Ranchería,Quecholac,Puebla,,Rural,https://postali.app/mx/puebla/quecholac/enriquez
75467,Guadalupe,Ranchería,Quecholac,Puebla,,Rural,https://postali.app/mx/puebla/quecholac/guadalupe
75467,Guadalupe Enríquez,Pueblo,Quecholac,Puebla,,Rural,https://postali.app/mx/puebla/quecholac/guadalupe-enriquez
75467,La Palma (Los Ladrillos),Ranchería,Quecholac,Puebla,,Rural,https://postali.app/mx/puebla/quecholac/la-palma-los-ladrillos
75467,San Antonio Tenexcala,Ranchería,Quecholac,Puebla,,Rural,https://postali.app/mx/puebla/quecholac/san-antonio-tenexcala
75467,Santa Catarina Villanueva,Pueblo,Quecholac,Puebla,,Rural,https://postali.app/mx/puebla/quecholac/santa-catarina-villanueva
75467,Santa María Coscomaya,Ranchería,Quecholac,Puebla,,Rural,https://postali.app/mx/puebla/quecholac/santa-maria-coscomaya
75467,Santa María Tezahuapan,Ranchería,Quecholac,Puebla,,Rural,https://postali.app/mx/puebla/quecholac/santa-maria-tezahuapan
75467,Villa del Alto,Colonia,Quecholac,Puebla,,Rural,https://postali.app/mx/puebla/quecholac/villa-del-alto
75468,San Simón de Bravo,Pueblo,Quecholac,Puebla,,Rural,https://postali.app/mx/puebla/quecholac/san-simon-de-bravo
75469,Casa blanca Analco,Ranchería,Quecholac,Puebla,,Rural,https://postali.app/mx/puebla/quecholac/casa-blanca-analco
75469,El Carmen,Exhacienda,Quecholac,Puebla,,Rural,https://postali.app/mx/puebla/quecholac/el-carmen
75469,Guadalupe Analco,Barrio,Quecholac,Puebla,,Rural,https://postali.app/mx/puebla/quecholac/guadalupe-analco
75469,San Martín Analco,Ranchería,Quecholac,Puebla,,Rural,https://postali.app/mx/puebla/quecholac/san-martin-analco
75470,El Carmen,Barrio,Quecholac,Puebla,,Urbano,https://postali.app/mx/puebla/quecholac/el-carmen-75470
75470,El Sabino,Barrio,Quecholac,Puebla,,Urbano,https://postali.app/mx/puebla/quecholac/el-sabino
75470,Froylán C. Manjarrez,Pueblo,Quecholac,Puebla,,Rural,https://postali.app/mx/puebla/quecholac/froylan-c-manjarrez
75470,La Inmaculada Concepción,Barrio,Quecholac,Puebla,,Urbano,https://postali.app/mx/puebla/quecholac/la-inmaculada-concepcion
75470,Las Cruces,Barrio,Quecholac,Puebla,,Urbano,https://postali.app/mx/puebla/quecholac/las-cruces
75470,Palmarito Tochapan,Pueblo,Quecholac,Puebla,,Rural,https://postali.app/mx/puebla/quecholac/palmarito-tochapan
75470,San Antonio,Barrio,Quecholac,Puebla,,Urbano,https://postali.app/mx/puebla/quecholac/san-antonio
75470,San Francisco,Barrio,Quecholac,Puebla,,Urbano,https://postali.app/mx/puebla/quecholac/san-francisco
75470,San Isidro,Barrio,Quecholac,Puebla,,Urbano,https://postali.app/mx/puebla/quecholac/san-isidro
75470,San José,Barrio,Quecholac,Puebla,,Urbano,https://postali.app/mx/puebla/quecholac/san-jose
75470,San José Tuzuapan,Pueblo,Quecholac,Puebla,,Rural,https://postali.app/mx/puebla/quecholac/san-jose-tuzuapan
75470,San Juan,Barrio,Quecholac,Puebla,,Urbano,https://postali.app/mx/puebla/quecholac/san-juan-75470
75471,Progreso de Madero,Pueblo,Quecholac,Puebla,,Rural,https://postali.app/mx/puebla/quecholac/progreso-de-madero
75472,Francisco I Madero,Pueblo,Quecholac,Puebla,,Rural,https://postali.app/mx/puebla/quecholac/francisco-i-madero
75472,Los Limones,Ranchería,Quecholac,Puebla,,Rural,https://postali.app/mx/puebla/quecholac/los-limones
75476,El Apocentillo,Ranchería,Quecholac,Puebla,,Rural,https://postali.app/mx/puebla/quecholac/el-apocentillo
75476,La Cobacha,Ranchería,Quecholac,Puebla,,Rural,https://postali.app/mx/puebla/quecholac/la-cobacha
75476,Palmarito,Ejido,Quecholac,Puebla,,Rural,https://postali.app/mx/puebla/quecholac/palmarito
75476,San Bartolome Coscomaya,Pueblo,Quecholac,Puebla,,Rural,https://postali.app/mx/puebla/quecholac/san-bartolome-coscomaya
75476,San Cayetano,Ranchería,Quecholac,Puebla,,Rural,https://postali.app/mx/puebla/quecholac/san-cayetano
75476,San Diego,Ranchería,Quecholac,Puebla,,Rural,https://postali.app/mx/puebla/quecholac/san-diego-75476
75480,Tecamachalco Centro,Colonia,Tecamachalco,Puebla,Tecamachalco,Urbano,https://postali.app/mx/puebla/tecamachalco/tecamachalco-centro
75483,Avitec,Fraccionamiento,Tecamachalco,Puebla,Tecamachalco,Urbano,https://postali.app/mx/puebla/tecamachalco/avitec
75483,FOVISSSTE,Unidad habitacional,Tecamachalco,Puebla,Tecamachalco,Urbano,https://postali.app/mx/puebla/tecamachalco/fovissste
75483,INFONAVIT Los Arcos,Fraccionamiento,Tecamachalco,Puebla,Tecamachalco,Urbano,https://postali.app/mx/puebla/tecamachalco/infonavit-los-arcos
75483,La Providencia,Fraccionamiento,Tecamachalco,Puebla,Tecamachalco,Urbano,https://postali.app/mx/puebla/tecamachalco/la-providencia
75483,La Villita,Barrio,Tecamachalco,Puebla,Tecamachalco,Urbano,https://postali.app/mx/puebla/tecamachalco/la-villita
75483,La Villita,Fraccionamiento,Tecamachalco,Puebla,Tecamachalco,Urbano,https://postali.app/mx/puebla/tecamachalco/la-villita-75483
75483,Rincón Encantado,Fraccionamiento,Tecamachalco,Puebla,Tecamachalco,Urbano,https://postali.app/mx/puebla/tecamachalco/rincon-encantado
75483,San Martín de Porres,Barrio,Tecamachalco,Puebla,Tecamachalco,Urbano,https://postali.app/mx/puebla/tecamachalco/san-martin-de-porres
75483,Valles del Sol,Fraccionamiento,Tecamachalco,Puebla,Tecamachalco,Urbano,https://postali.app/mx/puebla/tecamachalco/valles-del-sol
75484,Capula,Barrio,Tecamachalco,Puebla,Tecamachalco,Urbano,https://postali.app/mx/puebla/tecamachalco/capula
75484,El Nacimiento,Barrio,Tecamachalco,Puebla,Tecamachalco,Urbano,https://postali.app/mx/puebla/tecamachalco/el-nacimiento
75484,El Vergel,Fraccionamiento,Tecamachalco,Puebla,Tecamachalco,Urbano,https://postali.app/mx/puebla/tecamachalco/el-vergel
75484,FETSE,Fraccionamiento,Tecamachalco,Puebla,Tecamachalco,Urbano,https://postali.app/mx/puebla/tecamachalco/fetse
75484,Jonetlán,Barrio,Tecamachalco,Puebla,Tecamachalco,Urbano,https://postali.app/mx/puebla/tecamachalco/jonetlan
75484,San Juan,Barrio,Tecamachalco,Puebla,Tecamachalco,Urbano,https://postali.app/mx/puebla/tecamachalco/san-juan
75485,El Laurel,Colonia,Tecamachalco,Puebla,,Rural,https://postali.app/mx/puebla/tecamachalco/el-laurel
75485,Santiago Alseseca,Pueblo,Tecamachalco,Puebla,,Rural,https://postali.app/mx/puebla/tecamachalco/santiago-alseseca
75485,Xochimilco,Ranchería,Tecamachalco,Puebla,,Rural,https://postali.app/mx/puebla/tecamachalco/xochimilco
75486,José María Pino Suárez,Pueblo,Tecamachalco,Puebla,,Urbano,https://postali.app/mx/puebla/tecamachalco/jose-maria-pino-suarez
75486,San Antonio,Barrio,Tecamachalco,Puebla,,Rural,https://postali.app/mx/puebla/tecamachalco/san-antonio
75486,San Nicolás,Barrio,Tecamachalco,Puebla,,Rural,https://postali.app/mx/puebla/tecamachalco/san-nicolas
75486,Santa Rosa,Ranchería,Tecamachalco,Puebla,,Rural,https://postali.app/mx/puebla/tecamachalco/santa-rosa
75487,El Calvario,Barrio,Tecamachalco,Puebla,,Urbano,https://postali.app/mx/puebla/tecamachalco/el-calvario
75487,El Convento,Barrio,Tecamachalco,Puebla,,Urbano,https://postali.app/mx/puebla/tecamachalco/el-convento
75487,San José,Barrio,Tecamachalco,Puebla,,Rural,https://postali.app/mx/puebla/tecamachalco/san-jose
75487,San Sebastián,Barrio,Tecamachalco,Puebla,,Rural,https://postali.app/mx/puebla/tecamachalco/san-sebastian
75490,El Tepeyac,Barrio,Tecamachalco,Puebla,,Rural,https://postali.app/mx/puebla/tecamachalco/el-tepeyac
75490,Guadalupe,Barrio,Tecamachalco,Puebla,,Rural,https://postali.app/mx/puebla/tecamachalco/guadalupe
75490,Jalacingo,Barrio,Tecamachalco,Puebla,,Rural,https://postali.app/mx/puebla/tecamachalco/jalacingo
75490,Juquila,Barrio,Tecamachalco,Puebla,,Rural,https://postali.app/mx/puebla/tecamachalco/juquila
75490,Las Maravillas,Barrio,Tecamachalco,Puebla,,Rural,https://postali.app/mx/puebla/tecamachalco/las-maravillas
75490,San Isidro,Barrio,Tecamachalco,Puebla,,Rural,https://postali.app/mx/puebla/tecamachalco/san-isidro
75490,San Mateo Tlaixpan,Colonia,Tecamachalco,Puebla,,Rural,https://postali.app/mx/puebla/tecamachalco/san-mateo-tlaixpan
75491,Lomas de Santa Cruz,Colonia,Tecamachalco,Puebla,,Urbano,https://postali.app/mx/puebla/tecamachalco/lomas-de-santa-cruz
75492,El Salado,Ranchería,Tecamachalco,Puebla,,Rural,https://postali.app/mx/puebla/tecamachalco/el-salado
75492,Lomas de Romero,Colonia,Tecamachalco,Puebla,,Rural,https://postali.app/mx/puebla/tecamachalco/lomas-de-romero
75492,San Gregorio Tlacomulco,Colonia,Tecamachalco,Puebla,,Urbano,https://postali.app/mx/puebla/tecamachalco/san-gregorio-tlacomulco
75494,El Moralillo,Ranchería,Tecamachalco,Puebla,,Rural,https://postali.app/mx/puebla/tecamachalco/el-moralillo
75495,Cuije,Colonia,Tecamachalco,Puebla,,Rural,https://postali.app/mx/puebla/tecamachalco/cuije
75495,La Purísima de Hidalgo,Pueblo,Tecamachalco,Puebla,,Rural,https://postali.app/mx/puebla/tecamachalco/la-purisima-de-hidalgo
75495,San Antonio Tecolco,Pueblo,Tecamachalco,Puebla,,Rural,https://postali.app/mx/puebla/tecamachalco/san-antonio-tecolco
75495,San José Machorro,Colonia,Tecamachalco,Puebla,,Rural,https://postali.app/mx/puebla/tecamachalco/san-jose-machorro
75495,Veracrucito,Pueblo,Tecamachalco,Puebla,,Rural,https://postali.app/mx/puebla/tecamachalco/veracrucito
75497,Cuauhtémoc,Colonia,Tecamachalco,Puebla,,Rural,https://postali.app/mx/puebla/tecamachalco/cuauhtemoc
75497,Francisco Villa,Pueblo,Tecamachalco,Puebla,,Rural,https://postali.app/mx/puebla/tecamachalco/francisco-villa
75497,Rubén Jaramillo,Pueblo,Tecamachalco,Puebla,,Rural,https://postali.app/mx/puebla/tecamachalco/ruben-jaramillo
75498,La Laguna,Pueblo,Tecamachalco,Puebla,,Rural,https://postali.app/mx/puebla/tecamachalco/la-laguna
75498,La Soledad,Pueblo,Tecamachalco,Puebla,,Rural,https://postali.app/mx/puebla/tecamachalco/la-soledad
75499,Lagunillas (Colonia Guzmán),Colonia,Tecamachalco,Puebla,,Rural,https://postali.app/mx/puebla/tecamachalco/lagunillas-colonia-guzman
75499,San Antonio la Portilla,Pueblo,Tecamachalco,Puebla,,Rural,https://postali.app/mx/puebla/tecamachalco/san-antonio-la-portilla
75499,San Baltazar,Pueblo,Tecamachalco,Puebla,,Rural,https://postali.app/mx/puebla/tecamachalco/san-baltazar
75499,San José la Portilla,Colonia,Tecamachalco,Puebla,,Rural,https://postali.app/mx/puebla/tecamachalco/san-jose-la-portilla
75500,Bellavista de Victoria (San José Bellavista),Pueblo,Palmar de Bravo,Puebla,,Rural,https://postali.app/mx/puebla/palmar-de-bravo/bellavista-de-victoria-san-jose-bellavista
75500,La Purísima de Bravo,Ranchería,Palmar de Bravo,Puebla,,Rural,https://postali.app/mx/puebla/palmar-de-bravo/la-purisima-de-bravo
75500,Los Vergeles,Colonia,Palmar de Bravo,Puebla,,Rural,https://postali.app/mx/puebla/palmar-de-bravo/los-vergeles
75500,Palmar de Bravo,Pueblo,Palmar de Bravo,Puebla,,Rural,https://postali.app/mx/puebla/palmar-de-bravo/palmar-de-bravo
75500,Rincón Grande,Rancho,Palmar de Bravo,Puebla,,Rural,https://postali.app/mx/puebla/palmar-de-bravo/rincon-grande
75500,San Agustín,Colonia,Palmar de Bravo,Puebla,,Rural,https://postali.app/mx/puebla/palmar-de-bravo/san-agustin
75505,Guadalupe (Dolores),Colonia,Palmar de Bravo,Puebla,,Rural,https://postali.app/mx/puebla/palmar-de-bravo/guadalupe-dolores
75505,Jesús Nazareno,Pueblo,Palmar de Bravo,Puebla,,Rural,https://postali.app/mx/puebla/palmar-de-bravo/jesus-nazareno
75505,Palmarito,Colonia,Palmar de Bravo,Puebla,,Rural,https://postali.app/mx/puebla/palmar-de-bravo/palmarito
75505,San Miguel Xaltepec,Pueblo,Palmar de Bravo,Puebla,,Rural,https://postali.app/mx/puebla/palmar-de-bravo/san-miguel-xaltepec
75507,Las Palmas,Ranchería,Palmar de Bravo,Puebla,,Rural,https://postali.app/mx/puebla/palmar-de-bravo/las-palmas
75507,Loma Bella (Loma del Pato),Ranchería,Palmar de Bravo,Puebla,,Rural,https://postali.app/mx/puebla/palmar-de-bravo/loma-bella-loma-del-pato
75507,Santa Cruz Ocotlán,Ranchería,Palmar de Bravo,Puebla,,Rural,https://postali.app/mx/puebla/palmar-de-bravo/santa-cruz-ocotlan
75510,Cuesta Blanca,Pueblo,Palmar de Bravo,Puebla,,Rural,https://postali.app/mx/puebla/palmar-de-bravo/cuesta-blanca
75510,Trinidad el Arenal (La Nigua),Ranchería,Palmar de Bravo,Puebla,,Rural,https://postali.app/mx/puebla/palmar-de-bravo/trinidad-el-arenal-la-nigua
75512,Amozoquillo Piletas,Ranchería,Palmar de Bravo,Puebla,,Rural,https://postali.app/mx/puebla/palmar-de-bravo/amozoquillo-piletas
75512,Cuesta Chica Piletas,Ranchería,Palmar de Bravo,Puebla,,Rural,https://postali.app/mx/puebla/palmar-de-bravo/cuesta-chica-piletas
75512,Encrucijada Primera Sección,Ranchería,Palmar de Bravo,Puebla,,Rural,https://postali.app/mx/puebla/palmar-de-bravo/encrucijada-primera-seccion
75512,Encrucijada Segunda Sección,Ranchería,Palmar de Bravo,Puebla,,Rural,https://postali.app/mx/puebla/palmar-de-bravo/encrucijada-segunda-seccion
75512,San Francisco Piletas,Ranchería,Palmar de Bravo,Puebla,,Rural,https://postali.app/mx/puebla/palmar-de-bravo/san-francisco-piletas
75513,Contreras,Ranchería,Palmar de Bravo,Puebla,,Rural,https://postali.app/mx/puebla/palmar-de-bravo/contreras
75513,Rancho Verde,Ranchería,Palmar de Bravo,Puebla,,Rural,https://postali.app/mx/puebla/palmar-de-bravo/rancho-verde
75514,Santa Cruz Monterrosas,Ranchería,Palmar de Bravo,Puebla,,Rural,https://postali.app/mx/puebla/palmar-de-bravo/santa-cruz-monterrosas
75515,Ayala,Colonia,Palmar de Bravo,Puebla,,Rural,https://postali.app/mx/puebla/palmar-de-bravo/ayala
75515,Cuacnopalan,Pueblo,Palmar de Bravo,Puebla,,Rural,https://postali.app/mx/puebla/palmar-de-bravo/cuacnopalan
75515,Cuexcomate,Ranchería,Palmar de Bravo,Puebla,,Rural,https://postali.app/mx/puebla/palmar-de-bravo/cuexcomate
75515,El Arenal,Colonia,Palmar de Bravo,Puebla,,Rural,https://postali.app/mx/puebla/palmar-de-bravo/el-arenal
75515,El Marqués,Colonia,Palmar de Bravo,Puebla,,Rural,https://postali.app/mx/puebla/palmar-de-bravo/el-marques
75515,Guadalupe Piletas,Ranchería,Palmar de Bravo,Puebla,,Rural,https://postali.app/mx/puebla/palmar-de-bravo/guadalupe-piletas
75515,Juquila,Colonia,Palmar de Bravo,Puebla,,Rural,https://postali.app/mx/puebla/palmar-de-bravo/juquila
75515,La Asunción,Colonia,Palmar de Bravo,Puebla,,Rural,https://postali.app/mx/puebla/palmar-de-bravo/la-asuncion
75515,La Soledad,Colonia,Palmar de Bravo,Puebla,,Rural,https://postali.app/mx/puebla/palmar-de-bravo/la-soledad
75515,Los Reyes Altamira,Ranchería,Palmar de Bravo,Puebla,,Rural,https://postali.app/mx/puebla/palmar-de-bravo/los-reyes-altamira
75515,San Isidro Monterrosas,Ranchería,Palmar de Bravo,Puebla,,Rural,https://postali.app/mx/puebla/palmar-de-bravo/san-isidro-monterrosas
75515,San Juditas,Colonia,Palmar de Bravo,Puebla,,Rural,https://postali.app/mx/puebla/palmar-de-bravo/san-juditas
75515,San Martín,Colonia,Palmar de Bravo,Puebla,,Rural,https://postali.app/mx/puebla/palmar-de-bravo/san-martin
75515,Santa Isabel Sabinal,Ranchería,Palmar de Bravo,Puebla,,Rural,https://postali.app/mx/puebla/palmar-de-bravo/santa-isabel-sabinal
75515,Tehuitzo,Ranchería,Palmar de Bravo,Puebla,,Rural,https://postali.app/mx/puebla/palmar-de-bravo/tehuitzo
75517,San Miguel Esperilla,Ranchería,Palmar de Bravo,Puebla,,Rural,https://postali.app/mx/puebla/palmar-de-bravo/san-miguel-esperilla
75520,28 de Agosto,Unidad habitacional,Chalchicomula de Sesma,Puebla,Ciudad Serdán,Urbano,https://postali.app/mx/puebla/chalchicomula-de-sesma/28-de-agosto
75520,Anagsa,Unidad habitacional,Chalchicomula de Sesma,Puebla,Ciudad Serdán,Urbano,https://postali.app/mx/puebla/chalchicomula-de-sesma/anagsa
75520,Bosques de Guadalupe,Colonia,Chalchicomula de Sesma,Puebla,Ciudad Serdán,Urbano,https://postali.app/mx/puebla/chalchicomula-de-sesma/bosques-de-guadalupe
75520,Bosques de San José,Colonia,Chalchicomula de Sesma,Puebla,Ciudad Serdán,Urbano,https://postali.app/mx/puebla/chalchicomula-de-sesma/bosques-de-san-jose
75520,Carmen Serdán,Unidad habitacional,Chalchicomula de Sesma,Puebla,Ciudad Serdán,Urbano,https://postali.app/mx/puebla/chalchicomula-de-sesma/carmen-serdan
75520,Ciudad Serdán,Colonia,Chalchicomula de Sesma,Puebla,Ciudad Serdán,Urbano,https://postali.app/mx/puebla/chalchicomula-de-sesma/ciudad-serdan
75520,Ciudad Serdán Centro,Colonia,Chalchicomula de Sesma,Puebla,Ciudad Serdán,Urbano,https://postali.app/mx/puebla/chalchicomula-de-sesma/ciudad-serdan-centro
75520,De Cosomaloapan,Barrio,Chalchicomula de Sesma,Puebla,Ciudad Serdán,Urbano,https://postali.app/mx/puebla/chalchicomula-de-sesma/de-cosomaloapan
75520,De Guadalupe,Barrio,Chalchicomula de Sesma,Puebla,Ciudad Serdán,Urbano,https://postali.app/mx/puebla/chalchicomula-de-sesma/de-guadalupe
75520,De Jesús,Barrio,Chalchicomula de Sesma,Puebla,Ciudad Serdán,Urbano,https://postali.app/mx/puebla/chalchicomula-de-sesma/de-jesus
75520,De San Juan,Barrio,Chalchicomula de Sesma,Puebla,Ciudad Serdán,Urbano,https://postali.app/mx/puebla/chalchicomula-de-sesma/de-san-juan
75520,Del Santuario,Barrio,Chalchicomula de Sesma,Puebla,Ciudad Serdán,Urbano,https://postali.app/mx/puebla/chalchicomula-de-sesma/del-santuario
75520,Enrique Martínez Márquez,Unidad habitacional,Chalchicomula de Sesma,Puebla,Ciudad Serdán,Urbano,https://postali.app/mx/puebla/chalchicomula-de-sesma/enrique-martinez-marquez
75520,FOVISSSTE,Unidad habitacional,Chalchicomula de Sesma,Puebla,Ciudad Serdán,Urbano,https://postali.app/mx/puebla/chalchicomula-de-sesma/fovissste
75520,Fuentes de Guadalupe,Unidad habitacional,Chalchicomula de Sesma,Puebla,Ciudad Serdán,Urbano,https://postali.app/mx/puebla/chalchicomula-de-sesma/fuentes-de-guadalupe
75520,Guadalupe Linda Vista,Colonia,Chalchicomula de Sesma,Puebla,Ciudad Serdán,Urbano,https://postali.app/mx/puebla/chalchicomula-de-sesma/guadalupe-linda-vista
75520,Hacienda Santa Ana,Colonia,Chalchicomula de Sesma,Puebla,Ciudad Serdán,Urbano,https://postali.app/mx/puebla/chalchicomula-de-sesma/hacienda-santa-ana
75520,INFONAVIT San Andrés,Unidad habitacional,Chalchicomula de Sesma,Puebla,Ciudad Serdán,Urbano,https://postali.app/mx/puebla/chalchicomula-de-sesma/infonavit-san-andres
75520,La Concepción,Barrio,Chalchicomula de Sesma,Puebla,Ciudad Serdán,Rural,https://postali.app/mx/puebla/chalchicomula-de-sesma/la-concepcion
75520,La Cuchilla,Barrio,Chalchicomula de Sesma,Puebla,Ciudad Serdán,Urbano,https://postali.app/mx/puebla/chalchicomula-de-sesma/la-cuchilla
75520,La Gloria,Colonia,Chalchicomula de Sesma,Puebla,Ciudad Serdán,Urbano,https://postali.app/mx/puebla/chalchicomula-de-sesma/la-gloria
75520,La Pedrera,Colonia,Chalchicomula de Sesma,Puebla,Ciudad Serdán,Urbano,https://postali.app/mx/puebla/chalchicomula-de-sesma/la-pedrera
75520,Las Palmas,Fraccionamiento,Chalchicomula de Sesma,Puebla,Ciudad Serdán,Urbano,https://postali.app/mx/puebla/chalchicomula-de-sesma/las-palmas
75520,Lomas de la Concepción,Colonia,Chalchicomula de Sesma,Puebla,Ciudad Serdán,Rural,https://postali.app/mx/puebla/chalchicomula-de-sesma/lomas-de-la-concepcion
75520,Paseos de San Andrés,Colonia,Chalchicomula de Sesma,Puebla,Ciudad Serdán,Urbano,https://postali.app/mx/puebla/chalchicomula-de-sesma/paseos-de-san-andres
75520,San Antonio el Pedregal,Colonia,Chalchicomula de Sesma,Puebla,Ciudad Serdán,Urbano,https://postali.app/mx/puebla/chalchicomula-de-sesma/san-antonio-el-pedregal
75520,San Francisco,Barrio,Chalchicomula de Sesma,Puebla,Ciudad Serdán,Urbano,https://postali.app/mx/puebla/chalchicomula-de-sesma/san-francisco
75520,San José Carpintero,Colonia,Chalchicomula de Sesma,Puebla,Ciudad Serdán,Urbano,https://postali.app/mx/puebla/chalchicomula-de-sesma/san-jose-carpintero
75520,Santa Ana,Colonia,Chalchicomula de Sesma,Puebla,Ciudad Serdán,Urbano,https://postali.app/mx/puebla/chalchicomula-de-sesma/santa-ana
75520,Santa Cecilia,Colonia,Chalchicomula de Sesma,Puebla,Ciudad Serdán,Urbano,https://postali.app/mx/puebla/chalchicomula-de-sesma/santa-cecilia
75520,Santa Cruz,Colonia,Chalchicomula de Sesma,Puebla,Ciudad Serdán,Urbano,https://postali.app/mx/puebla/chalchicomula-de-sesma/santa-cruz
75520,Santa Elena,Unidad habitacional,Chalchicomula de Sesma,Puebla,Ciudad Serdán,Urbano,https://postali.app/mx/puebla/chalchicomula-de-sesma/santa-elena
75520,SESMA,Colonia,Chalchicomula de Sesma,Puebla,Ciudad Serdán,Urbano,https://postali.app/mx/puebla/chalchicomula-de-sesma/sesma
75520,Vica,Unidad habitacional,Chalchicomula de Sesma,Puebla,Ciudad Serdán,Urbano,https://postali.app/mx/puebla/chalchicomula-de-sesma/vica
75520,Villa Reales de Serdán,Colonia,Chalchicomula de Sesma,Puebla,Ciudad Serdán,Rural,https://postali.app/mx/puebla/chalchicomula-de-sesma/villa-reales-de-serdan
75520,Villas del Resbaladero,Colonia,Chalchicomula de Sesma,Puebla,Ciudad Serdán,Urbano,https://postali.app/mx/puebla/chalchicomula-de-sesma/villas-del-resbaladero
75524,San Miguel Ocotenco,Ejido,Chalchicomula de Sesma,Puebla,,Rural,https://postali.app/mx/puebla/chalchicomula-de-sesma/san-miguel-ocotenco
75525,Guadalupe Sabinal,Pueblo,Chalchicomula de Sesma,Puebla,,Rural,https://postali.app/mx/puebla/chalchicomula-de-sesma/guadalupe-sabinal
75526,Ahuatepec del Camino,Ejido,Chalchicomula de Sesma,Puebla,,Rural,https://postali.app/mx/puebla/chalchicomula-de-sesma/ahuatepec-del-camino
75527,San Francisco Cuautlancingo,Pueblo,Chalchicomula de Sesma,Puebla,,Rural,https://postali.app/mx/puebla/chalchicomula-de-sesma/san-francisco-cuautlancingo
75527,San Isidro Canoas Altas,Pueblo,Chalchicomula de Sesma,Puebla,,Rural,https://postali.app/mx/puebla/chalchicomula-de-sesma/san-isidro-canoas-altas
75528,San Diego Texmelucan,Ejido,Chalchicomula de Sesma,Puebla,,Rural,https://postali.app/mx/puebla/chalchicomula-de-sesma/san-diego-texmelucan
75528,San Juan Arcos Ojo de Agua,Pueblo,Chalchicomula de Sesma,Puebla,,Rural,https://postali.app/mx/puebla/chalchicomula-de-sesma/san-juan-arcos-ojo-de-agua
75529,Jesús María,Ranchería,Chalchicomula de Sesma,Puebla,,Rural,https://postali.app/mx/puebla/chalchicomula-de-sesma/jesus-maria
75529,San Martín Ojo de Agua,Pueblo,Chalchicomula de Sesma,Puebla,,Rural,https://postali.app/mx/puebla/chalchicomula-de-sesma/san-martin-ojo-de-agua
75530,El Veladero,Ejido,Chalchicomula de Sesma,Puebla,,Rural,https://postali.app/mx/puebla/chalchicomula-de-sesma/el-veladero
75530,San Antonio Tecajetes,Colonia,Chalchicomula de Sesma,Puebla,,Rural,https://postali.app/mx/puebla/chalchicomula-de-sesma/san-antonio-tecajetes
75530,Santa María Techachalco,Pueblo,Chalchicomula de Sesma,Puebla,,Rural,https://postali.app/mx/puebla/chalchicomula-de-sesma/santa-maria-techachalco
75535,El Reclusorio,Equipamiento,Chalchicomula de Sesma,Puebla,,Rural,https://postali.app/mx/puebla/chalchicomula-de-sesma/el-reclusorio
75535,San Pedro Concepción Candelaria (Candelaria),Ranchería,Chalchicomula de Sesma,Puebla,,Rural,https://postali.app/mx/puebla/chalchicomula-de-sesma/san-pedro-concepcion-candelaria-candelaria
75535,Santa Inés Borbolla,Ejido,Chalchicomula de Sesma,Puebla,,Rural,https://postali.app/mx/puebla/chalchicomula-de-sesma/santa-ines-borbolla
75535,Villa San Andrés,Fraccionamiento,Chalchicomula de Sesma,Puebla,,Rural,https://postali.app/mx/puebla/chalchicomula-de-sesma/villa-san-andres
75536,Las Palmas,Ejido,Chalchicomula de Sesma,Puebla,,Rural,https://postali.app/mx/puebla/chalchicomula-de-sesma/las-palmas-75536
75536,San Pedro Temamatla,Ejido,Chalchicomula de Sesma,Puebla,,Rural,https://postali.app/mx/puebla/chalchicomula-de-sesma/san-pedro-temamatla
75537,Concepción Oviedo (Rancho Viejo),Ranchería,Chalchicomula de Sesma,Puebla,,Rural,https://postali.app/mx/puebla/chalchicomula-de-sesma/concepcion-oviedo-rancho-viejo
75537,Maravillas,Ejido,Chalchicomula de Sesma,Puebla,,Rural,https://postali.app/mx/puebla/chalchicomula-de-sesma/maravillas
75538,Dolores Buenpaís,Ranchería,Chalchicomula de Sesma,Puebla,,Rural,https://postali.app/mx/puebla/chalchicomula-de-sesma/dolores-buenpais
75538,Los Ricardos,Ejido,Chalchicomula de Sesma,Puebla,,Rural,https://postali.app/mx/puebla/chalchicomula-de-sesma/los-ricardos
75538,San Blas Tecolotepec (Gaviotas),Pueblo,Chalchicomula de Sesma,Puebla,,Rural,https://postali.app/mx/puebla/chalchicomula-de-sesma/san-blas-tecolotepec-gaviotas
75538,Álvaro Obregón,Ejido,Chalchicomula de Sesma,Puebla,,Rural,https://postali.app/mx/puebla/chalchicomula-de-sesma/alvaro-obregon
75539,Jesús Nazareno (Rancho Nuevo),Ranchería,Chalchicomula de Sesma,Puebla,,Rural,https://postali.app/mx/puebla/chalchicomula-de-sesma/jesus-nazareno-rancho-nuevo
75540,Atzitzintla,Pueblo,Atzitzintla,Puebla,,Rural,https://postali.app/mx/puebla/atzitzintla/atzitzintla
75540,Plan del Capulín,Ranchería,Atzitzintla,Puebla,,Rural,https://postali.app/mx/puebla/atzitzintla/plan-del-capulin
75540,Santa Cruz Cuyachapa,Colonia,Atzitzintla,Puebla,,Rural,https://postali.app/mx/puebla/atzitzintla/santa-cruz-cuyachapa
75540,Santa Cruz Texmalaquilla,Pueblo,Atzitzintla,Puebla,,Rural,https://postali.app/mx/puebla/atzitzintla/santa-cruz-texmalaquilla
75541,San Manuel de la Sierra,Ranchería,Atzitzintla,Puebla,,Rural,https://postali.app/mx/puebla/atzitzintla/san-manuel-de-la-sierra
75546,San Antonio el Alto (Rancho Montiel),Ranchería,Atzitzintla,Puebla,,Rural,https://postali.app/mx/puebla/atzitzintla/san-antonio-el-alto-rancho-montiel
75547,San Juan Huiloapan,Ranchería,Atzitzintla,Puebla,,Rural,https://postali.app/mx/puebla/atzitzintla/san-juan-huiloapan
75550,Paso Carretas,Ranchería,Atzitzintla,Puebla,,Rural,https://postali.app/mx/puebla/atzitzintla/paso-carretas
75551,Guadalupe Xochiloma,Ranchería,Atzitzintla,Puebla,,Rural,https://postali.app/mx/puebla/atzitzintla/guadalupe-xochiloma
75551,San José el Despacho (Despacho Aserradero),Colonia,Atzitzintla,Puebla,,Rural,https://postali.app/mx/puebla/atzitzintla/san-jose-el-despacho-despacho-aserradero
75558,Toluca,Ranchería,Atzitzintla,Puebla,,Rural,https://postali.app/mx/puebla/atzitzintla/toluca
75560,Buena Vista (Colonia Nueva),Colonia,Esperanza,Puebla,,Urbano,https://postali.app/mx/puebla/esperanza/buena-vista-colonia-nueva
75560,Buenavista,Colonia,Esperanza,Puebla,,Urbano,https://postali.app/mx/puebla/esperanza/buenavista
75560,Cerro de Guadalupe,Colonia,Esperanza,Puebla,,Urbano,https://postali.app/mx/puebla/esperanza/cerro-de-guadalupe
75560,Cuarta Sección,Colonia,Esperanza,Puebla,,Urbano,https://postali.app/mx/puebla/esperanza/cuarta-seccion
75560,Del Carmen los Volcanes,Colonia,Esperanza,Puebla,,Urbano,https://postali.app/mx/puebla/esperanza/del-carmen-los-volcanes
75560,El Maestro,Colonia,Esperanza,Puebla,,Urbano,https://postali.app/mx/puebla/esperanza/el-maestro
75560,El Mirador,Colonia,Esperanza,Puebla,,Urbano,https://postali.app/mx/puebla/esperanza/el-mirador
75560,El Pozo,Colonia,Esperanza,Puebla,,Urbano,https://postali.app/mx/puebla/esperanza/el-pozo
75560,El Prado Norte,Colonia,Esperanza,Puebla,,Urbano,https://postali.app/mx/puebla/esperanza/el-prado-norte
75560,El Prado Sur,Colonia,Esperanza,Puebla,,Urbano,https://postali.app/mx/puebla/esperanza/el-prado-sur
75560,Esperanza Centro,Colonia,Esperanza,Puebla,,Urbano,https://postali.app/mx/puebla/esperanza/esperanza-centro
75560,Ferrocarrilera,Colonia,Esperanza,Puebla,,Urbano,https://postali.app/mx/puebla/esperanza/ferrocarrilera
75560,Guadalupe,Colonia,Esperanza,Puebla,,Urbano,https://postali.app/mx/puebla/esperanza/guadalupe
75560,Guadalupe Piletas (Puente Negro),Colonia,Esperanza,Puebla,,Rural,https://postali.app/mx/puebla/esperanza/guadalupe-piletas-puente-negro
75560,Independencia,Colonia,Esperanza,Puebla,,Urbano,https://postali.app/mx/puebla/esperanza/independencia
75560,La Palma,Colonia,Esperanza,Puebla,,Urbano,https://postali.app/mx/puebla/esperanza/la-palma
75560,La Palma,Fraccionamiento,Esperanza,Puebla,,Urbano,https://postali.app/mx/puebla/esperanza/la-palma-75560
75560,Patio del Ferrocarril,Colonia,Esperanza,Puebla,,Urbano,https://postali.app/mx/puebla/esperanza/patio-del-ferrocarril
75560,Primera Sección,Colonia,Esperanza,Puebla,,Urbano,https://postali.app/mx/puebla/esperanza/primera-seccion
75560,Segunda Sección,Colonia,Esperanza,Puebla,,Urbano,https://postali.app/mx/puebla/esperanza/segunda-seccion
75560,Tercera Sección,Colonia,Esperanza,Puebla,,Urbano,https://postali.app/mx/puebla/esperanza/tercera-seccion
75560,Tres de Mayo,Colonia,Esperanza,Puebla,,Urbano,https://postali.app/mx/puebla/esperanza/tres-de-mayo
75562,Otilio Montaño,Ranchería,Esperanza,Puebla,,Rural,https://postali.app/mx/puebla/esperanza/otilio-montano
75563,Majada Rayo,Colonia,Esperanza,Puebla,,Rural,https://postali.app/mx/puebla/esperanza/majada-rayo
75563,Santa Catarina los Reyes,Ranchería,Esperanza,Puebla,,Rural,https://postali.app/mx/puebla/esperanza/santa-catarina-los-reyes
75565,Ahuatepec de la Presa (Ahuatepec),Colonia,Esperanza,Puebla,,Rural,https://postali.app/mx/puebla/esperanza/ahuatepec-de-la-presa-ahuatepec
75565,San José Cuyachapa,Ranchería,Esperanza,Puebla,,Rural,https://postali.app/mx/puebla/esperanza/san-jose-cuyachapa
75565,San José Esperanza,Ranchería,Esperanza,Puebla,,Rural,https://postali.app/mx/puebla/esperanza/san-jose-esperanza
75570,Benito Juárez (Chicalote),Colonia,Esperanza,Puebla,,Rural,https://postali.app/mx/puebla/esperanza/benito-juarez-chicalote
75570,Boca del Monte,Pueblo,Esperanza,Puebla,,Rural,https://postali.app/mx/puebla/esperanza/boca-del-monte
75570,Guadalupe Potrero,Pueblo,Esperanza,Puebla,,Rural,https://postali.app/mx/puebla/esperanza/guadalupe-potrero
75570,San Manuel la Puerta,Colonia,Esperanza,Puebla,,Rural,https://postali.app/mx/puebla/esperanza/san-manuel-la-puerta
75571,San Antonio de Abajo,Pueblo,Esperanza,Puebla,,Rural,https://postali.app/mx/puebla/esperanza/san-antonio-de-abajo
75580,El Calvario,Colonia,Cañada Morelos,Puebla,,Rural,https://postali.app/mx/puebla/canada-morelos/el-calvario
75580,Los Ángeles,Colonia,Cañada Morelos,Puebla,,Urbano,https://postali.app/mx/puebla/canada-morelos/los-angeles
75580,Morelos Cañada,Pueblo,Cañada Morelos,Puebla,,Rural,https://postali.app/mx/puebla/canada-morelos/morelos-canada
75580,Santa Ana Ocotepec,Ranchería,Cañada Morelos,Puebla,,Rural,https://postali.app/mx/puebla/canada-morelos/santa-ana-ocotepec
75584,San Miguel Cuesta Chica,Ranchería,Cañada Morelos,Puebla,,Rural,https://postali.app/mx/puebla/canada-morelos/san-miguel-cuesta-chica
75585,Los Garcías,Pueblo,Cañada Morelos,Puebla,,Rural,https://postali.app/mx/puebla/canada-morelos/los-garcias
75585,Puerta Cañada,Pueblo,Cañada Morelos,Puebla,,Rural,https://postali.app/mx/puebla/canada-morelos/puerta-canada
75587,Boca Nopal,Ranchería,Cañada Morelos,Puebla,,Rural,https://postali.app/mx/puebla/canada-morelos/boca-nopal
75588,Buena Vista,Pueblo,Cañada Morelos,Puebla,,Rural,https://postali.app/mx/puebla/canada-morelos/buena-vista
75588,Loma Bonita,Ranchería,Cañada Morelos,Puebla,,Rural,https://postali.app/mx/puebla/canada-morelos/loma-bonita
75588,Lázaro Cárdenas,Ranchería,Cañada Morelos,Puebla,,Rural,https://postali.app/mx/puebla/canada-morelos/lazaro-cardenas
75589,Cerro Gordo,Ranchería,Cañada Morelos,Puebla,,Rural,https://postali.app/mx/puebla/canada-morelos/cerro-gordo
75590,Guadalupe,Barrio,Cañada Morelos,Puebla,,Rural,https://postali.app/mx/puebla/canada-morelos/guadalupe
75590,La Soledad,Barrio,Cañada Morelos,Puebla,,Rural,https://postali.app/mx/puebla/canada-morelos/la-soledad
75590,San Antonio Soledad,Pueblo,Cañada Morelos,Puebla,,Rural,https://postali.app/mx/puebla/canada-morelos/san-antonio-soledad
75591,Guadalupe Fresnal,Ranchería,Cañada Morelos,Puebla,,Rural,https://postali.app/mx/puebla/canada-morelos/guadalupe-fresnal
75591,Llano Grande Ahuatepec,Ranchería,Cañada Morelos,Puebla,,Rural,https://postali.app/mx/puebla/canada-morelos/llano-grande-ahuatepec
75591,Santa Cruz Soledad,Ranchería,Cañada Morelos,Puebla,,Rural,https://postali.app/mx/puebla/canada-morelos/santa-cruz-soledad
75592,Temaxcalapa,Ranchería,Cañada Morelos,Puebla,,Rural,https://postali.app/mx/puebla/canada-morelos/temaxcalapa
75593,San Cayetano,Ranchería,Cañada Morelos,Puebla,,Rural,https://postali.app/mx/puebla/canada-morelos/san-cayetano
75593,Tezuapan (San Isidro),Ranchería,Cañada Morelos,Puebla,,Rural,https://postali.app/mx/puebla/canada-morelos/tezuapan-san-isidro
75597,San Felipe,Colonia,Cañada Morelos,Puebla,,Rural,https://postali.app/mx/puebla/canada-morelos/san-felipe
75597,San José Ixtapa,Pueblo,Cañada Morelos,Puebla,,Rural,https://postali.app/mx/puebla/canada-morelos/san-jose-ixtapa
75597,Santa Cruz,Colonia,Cañada Morelos,Puebla,,Rural,https://postali.app/mx/puebla/canada-morelos/santa-cruz
75600,Guadalupe,Barrio,Tlanepantla,Puebla,,Rural,https://postali.app/mx/puebla/tlanepantla/guadalupe
75600,La Piedad,Barrio,Tlanepantla,Puebla,,Rural,https://postali.app/mx/puebla/tlanepantla/la-piedad
75600,San Francisco,Barrio,Tlanepantla,Puebla,,Rural,https://postali.app/mx/puebla/tlanepantla/san-francisco
75600,San Miguel,Barrio,Tlanepantla,Puebla,,Rural,https://postali.app/mx/puebla/tlanepantla/san-miguel
75600,Tlanepantla,Pueblo,Tlanepantla,Puebla,,Rural,https://postali.app/mx/puebla/tlanepantla/tlanepantla
75610,Cristo Rey,Barrio,Tochtepec,Puebla,,Urbano,https://postali.app/mx/puebla/tochtepec/cristo-rey
75610,San Diego,Barrio,Tochtepec,Puebla,,Urbano,https://postali.app/mx/puebla/tochtepec/san-diego
75610,San Juan,Barrio,Tochtepec,Puebla,,Urbano,https://postali.app/mx/puebla/tochtepec/san-juan
75610,San Miguel,Barrio,Tochtepec,Puebla,,Urbano,https://postali.app/mx/puebla/tochtepec/san-miguel
75610,San Pedro,Barrio,Tochtepec,Puebla,,Urbano,https://postali.app/mx/puebla/tochtepec/san-pedro
75610,Tochtepec Centro,Barrio,Tochtepec,Puebla,,Rural,https://postali.app/mx/puebla/tochtepec/tochtepec-centro
75613,San Bartolome Tepetlacaltechco,Pueblo,Tochtepec,Puebla,,Rural,https://postali.app/mx/puebla/tochtepec/san-bartolome-tepetlacaltechco
75613,San José Buenavista,Ranchería,Tochtepec,Puebla,,Rural,https://postali.app/mx/puebla/tochtepec/san-jose-buenavista
75613,San José la Nopalera,Ranchería,Tochtepec,Puebla,,Rural,https://postali.app/mx/puebla/tochtepec/san-jose-la-nopalera
75614,Benito Juárez,Rancho,Tochtepec,Puebla,,Rural,https://postali.app/mx/puebla/tochtepec/benito-juarez
75614,El Potrero,Rancho,Tochtepec,Puebla,,Rural,https://postali.app/mx/puebla/tochtepec/el-potrero
75614,Los Ángeles Jagüey Blanco,Rancho,Tochtepec,Puebla,,Rural,https://postali.app/mx/puebla/tochtepec/los-angeles-jaguey-blanco
75614,Veracrucito (San Felipe la Nopalera),Ejido,Tochtepec,Puebla,,Rural,https://postali.app/mx/puebla/tochtepec/veracrucito-san-felipe-la-nopalera
75615,San Lorenzo Ometepec,Pueblo,Tochtepec,Puebla,,Rural,https://postali.app/mx/puebla/tochtepec/san-lorenzo-ometepec
75616,La Joya,Ranchería,Tochtepec,Puebla,,Rural,https://postali.app/mx/puebla/tochtepec/la-joya
75616,La Virgen,Ranchería,Tochtepec,Puebla,,Rural,https://postali.app/mx/puebla/tochtepec/la-virgen
75616,Ramiriztla,Rancho,Tochtepec,Puebla,,Rural,https://postali.app/mx/puebla/tochtepec/ramiriztla
75616,San Bernardo,Rancho,Tochtepec,Puebla,,Rural,https://postali.app/mx/puebla/tochtepec/san-bernardo
75616,Santa Cecilia,Colonia,Tochtepec,Puebla,,Rural,https://postali.app/mx/puebla/tochtepec/santa-cecilia
75617,San Martín Caltenco,Pueblo,Tochtepec,Puebla,,Rural,https://postali.app/mx/puebla/tochtepec/san-martin-caltenco
75618,Bautista,Ranchería,Tochtepec,Puebla,,Rural,https://postali.app/mx/puebla/tochtepec/bautista
75618,San José,Ranchería,Tochtepec,Puebla,,Rural,https://postali.app/mx/puebla/tochtepec/san-jose
75619,Chipiltepec,Colonia,Tochtepec,Puebla,,Rural,https://postali.app/mx/puebla/tochtepec/chipiltepec
75620,Atoyatempan Centro,Colonia,Atoyatempan,Puebla,,Rural,https://postali.app/mx/puebla/atoyatempan/atoyatempan-centro
75620,Chilpanero,Colonia,Atoyatempan,Puebla,,Rural,https://postali.app/mx/puebla/atoyatempan/chilpanero
75620,Cuatemixtla,Colonia,Atoyatempan,Puebla,,Rural,https://postali.app/mx/puebla/atoyatempan/cuatemixtla
75620,Los Teteles,Colonia,Atoyatempan,Puebla,,Rural,https://postali.app/mx/puebla/atoyatempan/los-teteles
75620,Tlaltempan,Colonia,Atoyatempan,Puebla,,Rural,https://postali.app/mx/puebla/atoyatempan/tlaltempan
75623,Tlacomulco,Colonia,Atoyatempan,Puebla,,Rural,https://postali.app/mx/puebla/atoyatempan/tlacomulco
75630,Tepeyahualco de Cuauhtémoc,Pueblo,Tepeyahualco de Cuauhtémoc,Puebla,,Rural,https://postali.app/mx/puebla/tepeyahualco-de-cuauhtemoc/tepeyahualco-de-cuauhtemoc
75635,Huacaltzingo,Barrio,Tepeyahualco de Cuauhtémoc,Puebla,,Rural,https://postali.app/mx/puebla/tepeyahualco-de-cuauhtemoc/huacaltzingo
75640,Dolores Hidalgo,Pueblo,Huitziltepec,Puebla,,Rural,https://postali.app/mx/puebla/huitziltepec/dolores-hidalgo
75640,Santa Clara Huitziltepec,Pueblo,Huitziltepec,Puebla,,Rural,https://postali.app/mx/puebla/huitziltepec/santa-clara-huitziltepec
75641,Santa Ana Coapan,Pueblo,Huitziltepec,Puebla,,Rural,https://postali.app/mx/puebla/huitziltepec/santa-ana-coapan
75650,Molcaxac,Pueblo,Molcaxac,Puebla,,Rural,https://postali.app/mx/puebla/molcaxac/molcaxac
75650,San José,Barrio,Molcaxac,Puebla,,Rural,https://postali.app/mx/puebla/molcaxac/san-jose
75653,Santa Cruz Huitziltepec,Pueblo,Molcaxac,Puebla,,Rural,https://postali.app/mx/puebla/molcaxac/santa-cruz-huitziltepec
75655,San Andrés Mimiahuapan,Pueblo,Molcaxac,Puebla,,Rural,https://postali.app/mx/puebla/molcaxac/san-andres-mimiahuapan
75657,San Luis Tehuizotla,Pueblo,Molcaxac,Puebla,,Rural,https://postali.app/mx/puebla/molcaxac/san-luis-tehuizotla
75659,San José de Gracia,Pueblo,Molcaxac,Puebla,,Rural,https://postali.app/mx/puebla/molcaxac/san-jose-de-gracia
75660,Guadalupe,Colonia,Xochitlán Todos Santos,Puebla,,Rural,https://postali.app/mx/puebla/xochitlan-todos-santos/guadalupe
75660,Tercera Sección,Colonia,Xochitlán Todos Santos,Puebla,,Urbano,https://postali.app/mx/puebla/xochitlan-todos-santos/tercera-seccion
75660,Xochitlán,Pueblo,Xochitlán Todos Santos,Puebla,,Rural,https://postali.app/mx/puebla/xochitlan-todos-santos/xochitlan
75664,San Jerónimo Alfaro,Pueblo,Xochitlán Todos Santos,Puebla,,Rural,https://postali.app/mx/puebla/xochitlan-todos-santos/san-jeronimo-alfaro
75666,La Unión,Colonia,Xochitlán Todos Santos,Puebla,,Rural,https://postali.app/mx/puebla/xochitlan-todos-santos/la-union
75666,Rancho Viejo,Ranchería,Xochitlán Todos Santos,Puebla,,Rural,https://postali.app/mx/puebla/xochitlan-todos-santos/rancho-viejo
75667,Buenos Aires,Ranchería,Xochitlán Todos Santos,Puebla,,Rural,https://postali.app/mx/puebla/xochitlan-todos-santos/buenos-aires
75670,Yehualtepec,Pueblo,Yehualtepec,Puebla,,Rural,https://postali.app/mx/puebla/yehualtepec/yehualtepec
75673,Llano Grande,Colonia,Yehualtepec,Puebla,,Rural,https://postali.app/mx/puebla/yehualtepec/llano-grande
75673,Ocotlán de Venustiano Carranza,Pueblo,Yehualtepec,Puebla,,Rural,https://postali.app/mx/puebla/yehualtepec/ocotlan-de-venustiano-carranza
75673,San Francisco Cuautla,Colonia,Yehualtepec,Puebla,,Rural,https://postali.app/mx/puebla/yehualtepec/san-francisco-cuautla
75675,Cerro Colorado,Colonia,Yehualtepec,Puebla,,Rural,https://postali.app/mx/puebla/yehualtepec/cerro-colorado
75675,San Gabriel Tetzoyocan,Pueblo,Yehualtepec,Puebla,,Rural,https://postali.app/mx/puebla/yehualtepec/san-gabriel-tetzoyocan
75676,Agua Azul,Colonia,Yehualtepec,Puebla,,Rural,https://postali.app/mx/puebla/yehualtepec/agua-azul
75676,Benito Juárez,Colonia,Yehualtepec,Puebla,,Rural,https://postali.app/mx/puebla/yehualtepec/benito-juarez
75676,La Cañada,Ranchería,Yehualtepec,Puebla,,Rural,https://postali.app/mx/puebla/yehualtepec/la-canada
75676,Rancho Chico,Ejido,Yehualtepec,Puebla,,Rural,https://postali.app/mx/puebla/yehualtepec/rancho-chico
75676,San Pedro Ascona,Colonia,Yehualtepec,Puebla,,Rural,https://postali.app/mx/puebla/yehualtepec/san-pedro-ascona
75676,San Pedro el Chico,Colonia,Yehualtepec,Puebla,,Rural,https://postali.app/mx/puebla/yehualtepec/san-pedro-el-chico
75678,El Zorrillal (San Isidro),Colonia,Yehualtepec,Puebla,,Rural,https://postali.app/mx/puebla/yehualtepec/el-zorrillal-san-isidro
75678,San Mateo Tlacomulco,Pueblo,Yehualtepec,Puebla,,Rural,https://postali.app/mx/puebla/yehualtepec/san-mateo-tlacomulco
75679,Rancho Chico,Pueblo,Yehualtepec,Puebla,,Rural,https://postali.app/mx/puebla/yehualtepec/rancho-chico-75679
75679,San Miguel Zozutla,Pueblo,Yehualtepec,Puebla,,Rural,https://postali.app/mx/puebla/yehualtepec/san-miguel-zozutla
75680,San José,Barrio,Tlacotepec de Benito Juárez,Puebla,,Rural,https://postali.app/mx/puebla/tlacotepec-de-benito-juarez/san-jose
75680,San Lucas,Barrio,Tlacotepec de Benito Juárez,Puebla,,Rural,https://postali.app/mx/puebla/tlacotepec-de-benito-juarez/san-lucas
75680,Tepazolco,Pueblo,Tlacotepec de Benito Juárez,Puebla,,Rural,https://postali.app/mx/puebla/tlacotepec-de-benito-juarez/tepazolco
75680,Tlacotepec de Benito Juárez,Pueblo,Tlacotepec de Benito Juárez,Puebla,,Rural,https://postali.app/mx/puebla/tlacotepec-de-benito-juarez/tlacotepec-de-benito-juarez
75681,José Huerta,Pueblo,Tlacotepec de Benito Juárez,Puebla,,Rural,https://postali.app/mx/puebla/tlacotepec-de-benito-juarez/jose-huerta
75681,Los Marías,Colonia,Tlacotepec de Benito Juárez,Puebla,,Rural,https://postali.app/mx/puebla/tlacotepec-de-benito-juarez/los-marias
75681,Tecaltzingo,Ranchería,Tlacotepec de Benito Juárez,Puebla,,Rural,https://postali.app/mx/puebla/tlacotepec-de-benito-juarez/tecaltzingo
75681,Tlacuitlapan,Ranchería,Tlacotepec de Benito Juárez,Puebla,,Rural,https://postali.app/mx/puebla/tlacotepec-de-benito-juarez/tlacuitlapan
75685,El Gavilán,Colonia,Tlacotepec de Benito Juárez,Puebla,,Rural,https://postali.app/mx/puebla/tlacotepec-de-benito-juarez/el-gavilan
75685,El Mirador,Colonia,Tlacotepec de Benito Juárez,Puebla,,Rural,https://postali.app/mx/puebla/tlacotepec-de-benito-juarez/el-mirador
75685,Guadalupe,Colonia,Tlacotepec de Benito Juárez,Puebla,,Rural,https://postali.app/mx/puebla/tlacotepec-de-benito-juarez/guadalupe
75685,Pazoltepec,Ranchería,Tlacotepec de Benito Juárez,Puebla,,Rural,https://postali.app/mx/puebla/tlacotepec-de-benito-juarez/pazoltepec
75685,Reforma,Colonia,Tlacotepec de Benito Juárez,Puebla,,Rural,https://postali.app/mx/puebla/tlacotepec-de-benito-juarez/reforma
75685,San José Buenavista,Pueblo,Tlacotepec de Benito Juárez,Puebla,,Rural,https://postali.app/mx/puebla/tlacotepec-de-benito-juarez/san-jose-buenavista
75685,San José Tlacuitlapan,Ranchería,Tlacotepec de Benito Juárez,Puebla,,Rural,https://postali.app/mx/puebla/tlacotepec-de-benito-juarez/san-jose-tlacuitlapan
75685,San Marcos Tlacoyalco,Pueblo,Tlacotepec de Benito Juárez,Puebla,,Rural,https://postali.app/mx/puebla/tlacotepec-de-benito-juarez/san-marcos-tlacoyalco
75686,San Martín Esperilla,Ranchería,Tlacotepec de Benito Juárez,Puebla,,Rural,https://postali.app/mx/puebla/tlacotepec-de-benito-juarez/san-martin-esperilla
75687,La Columna,Barrio,Tlacotepec de Benito Juárez,Puebla,,Rural,https://postali.app/mx/puebla/tlacotepec-de-benito-juarez/la-columna
75687,Tecoxtle,Colonia,Tlacotepec de Benito Juárez,Puebla,,Rural,https://postali.app/mx/puebla/tlacotepec-de-benito-juarez/tecoxtle
75689,Benito Juárez,Colonia,Tlacotepec de Benito Juárez,Puebla,,Rural,https://postali.app/mx/puebla/tlacotepec-de-benito-juarez/benito-juarez
75689,De Rojas,Colonia,Tlacotepec de Benito Juárez,Puebla,,Rural,https://postali.app/mx/puebla/tlacotepec-de-benito-juarez/de-rojas
75689,Guadalupe Victoria,Pueblo,Tlacotepec de Benito Juárez,Puebla,,Rural,https://postali.app/mx/puebla/tlacotepec-de-benito-juarez/guadalupe-victoria
75689,Ignacio Zaragoza,Colonia,Tlacotepec de Benito Juárez,Puebla,,Rural,https://postali.app/mx/puebla/tlacotepec-de-benito-juarez/ignacio-zaragoza
75689,La Tepetatera,Colonia,Tlacotepec de Benito Juárez,Puebla,,Rural,https://postali.app/mx/puebla/tlacotepec-de-benito-juarez/la-tepetatera
75689,Palmillas (La Columna),Colonia,Tlacotepec de Benito Juárez,Puebla,,Rural,https://postali.app/mx/puebla/tlacotepec-de-benito-juarez/palmillas-la-columna
75689,Pericotepec,Pueblo,Tlacotepec de Benito Juárez,Puebla,,Rural,https://postali.app/mx/puebla/tlacotepec-de-benito-juarez/pericotepec
75689,San Lucas Viejo,Pueblo,Tlacotepec de Benito Juárez,Puebla,,Rural,https://postali.app/mx/puebla/tlacotepec-de-benito-juarez/san-lucas-viejo
75689,Santa María la Alta,Pueblo,Tlacotepec de Benito Juárez,Puebla,,Urbano,https://postali.app/mx/puebla/tlacotepec-de-benito-juarez/santa-maria-la-alta
75689,Santo Nombre,Colonia,Tlacotepec de Benito Juárez,Puebla,,Rural,https://postali.app/mx/puebla/tlacotepec-de-benito-juarez/santo-nombre
75689,Tepetlacolco,Ranchería,Tlacotepec de Benito Juárez,Puebla,,Rural,https://postali.app/mx/puebla/tlacotepec-de-benito-juarez/tepetlacolco
75690,Atenayuca,Pueblo,Juan N. Méndez,Puebla,,Rural,https://postali.app/mx/puebla/juan-n-mendez/atenayuca
75694,Animas Guadalupe,Ranchería,Juan N. Méndez,Puebla,,Rural,https://postali.app/mx/puebla/juan-n-mendez/animas-guadalupe
75694,Guadalupe Victoria,Pueblo,Juan N. Méndez,Puebla,,Rural,https://postali.app/mx/puebla/juan-n-mendez/guadalupe-victoria
75695,Zamarrilla de Álvaro Obregón,Pueblo,Juan N. Méndez,Puebla,,Rural,https://postali.app/mx/puebla/juan-n-mendez/zamarrilla-de-alvaro-obregon
75698,San Jerónimo Zoyatitlanapan,Ranchería,Juan N. Méndez,Puebla,,Rural,https://postali.app/mx/puebla/juan-n-mendez/san-jeronimo-zoyatitlanapan
75699,Magdalena Alquizapan,Pueblo,Juan N. Méndez,Puebla,,Rural,https://postali.app/mx/puebla/juan-n-mendez/magdalena-alquizapan
75700,Tehuacán Centro,Colonia,Tehuacán,Puebla,Tehuacán,Urbano,https://postali.app/mx/puebla/tehuacan/tehuacan-centro
75710,Anáhuac,Colonia,Tehuacán,Puebla,Tehuacán,Urbano,https://postali.app/mx/puebla/tehuacan/anahuac
75710,Arcángel,Fraccionamiento,Tehuacán,Puebla,Tehuacán,Urbano,https://postali.app/mx/puebla/tehuacan/arcangel
75710,Constituyentes,Colonia,Tehuacán,Puebla,Tehuacán,Urbano,https://postali.app/mx/puebla/tehuacan/constituyentes
75710,Constituyentes 2a Sección,Colonia,Tehuacán,Puebla,Tehuacán,Urbano,https://postali.app/mx/puebla/tehuacan/constituyentes-2a-seccion
75710,Constituyentes 3a Sección,Colonia,Tehuacán,Puebla,Tehuacán,Urbano,https://postali.app/mx/puebla/tehuacan/constituyentes-3a-seccion
75710,El Convento,Fraccionamiento,Tehuacán,Puebla,Tehuacán,Urbano,https://postali.app/mx/puebla/tehuacan/el-convento
75710,Frailes II,Fraccionamiento,Tehuacán,Puebla,Tehuacán,Urbano,https://postali.app/mx/puebla/tehuacan/frailes-ii
75710,Frailes III,Fraccionamiento,Tehuacán,Puebla,Tehuacán,Urbano,https://postali.app/mx/puebla/tehuacan/frailes-iii
75710,Hacienda Peñafiel,Unidad habitacional,Tehuacán,Puebla,Tehuacán,Urbano,https://postali.app/mx/puebla/tehuacan/hacienda-penafiel
75710,Ibero Tabachines,Fraccionamiento,Tehuacán,Puebla,Tehuacán,Urbano,https://postali.app/mx/puebla/tehuacan/ibero-tabachines
75710,INFONAVIT San Nicolás,Unidad habitacional,Tehuacán,Puebla,Tehuacán,Urbano,https://postali.app/mx/puebla/tehuacan/infonavit-san-nicolas
75710,Los Frailes I,Fraccionamiento,Tehuacán,Puebla,Tehuacán,Urbano,https://postali.app/mx/puebla/tehuacan/los-frailes-i
75710,Los Pinos,Unidad habitacional,Tehuacán,Puebla,Tehuacán,Urbano,https://postali.app/mx/puebla/tehuacan/los-pinos
75710,Lázaro Cárdenas Norte,Colonia,Tehuacán,Puebla,Tehuacán,Urbano,https://postali.app/mx/puebla/tehuacan/lazaro-cardenas-norte
75710,Real de Santa Fé,Fraccionamiento,Tehuacán,Puebla,Tehuacán,Urbano,https://postali.app/mx/puebla/tehuacan/real-de-santa-fe
75710,Real San Felipe,Fraccionamiento,Tehuacán,Puebla,Tehuacán,Urbano,https://postali.app/mx/puebla/tehuacan/real-san-felipe
75710,San Nicolás Tetitzintla,Colonia,Tehuacán,Puebla,Tehuacán,Urbano,https://postali.app/mx/puebla/tehuacan/san-nicolas-tetitzintla
75717,Tehuacán (Tehuacán),Aeropuerto,Tehuacán,Puebla,Tehuacán,Rural,https://postali.app/mx/puebla/tehuacan/tehuacan-tehuacan
75718,Aeropuerto,Colonia,Tehuacán,Puebla,Tehuacán,Urbano,https://postali.app/mx/puebla/tehuacan/aeropuerto
75718,Aeropuerto 2a Sección,Colonia,Tehuacán,Puebla,Tehuacán,Urbano,https://postali.app/mx/puebla/tehuacan/aeropuerto-2a-seccion
75718,Aviación,Colonia,Tehuacán,Puebla,Tehuacán,Urbano,https://postali.app/mx/puebla/tehuacan/aviacion
75718,Cinco Señores,Colonia,Tehuacán,Puebla,Tehuacán,Urbano,https://postali.app/mx/puebla/tehuacan/cinco-senores
75718,Hacienda La Esperanza,Colonia,Tehuacán,Puebla,Tehuacán,Urbano,https://postali.app/mx/puebla/tehuacan/hacienda-la-esperanza
75718,Hacienda San Vicente,Fraccionamiento,Tehuacán,Puebla,Tehuacán,Urbano,https://postali.app/mx/puebla/tehuacan/hacienda-san-vicente
75718,La Huizachera,Colonia,Tehuacán,Puebla,Tehuacán,Urbano,https://postali.app/mx/puebla/tehuacan/la-huizachera
75718,Niños Héroes,Colonia,Tehuacán,Puebla,Tehuacán,Urbano,https://postali.app/mx/puebla/tehuacan/ninos-heroes
75718,San Gabriel,Colonia,Tehuacán,Puebla,Tehuacán,Urbano,https://postali.app/mx/puebla/tehuacan/san-gabriel
75718,San Manuel,Colonia,Tehuacán,Puebla,Tehuacán,Urbano,https://postali.app/mx/puebla/tehuacan/san-manuel
75718,San Vicente Ferrer,Colonia,Tehuacán,Puebla,Tehuacán,Urbano,https://postali.app/mx/puebla/tehuacan/san-vicente-ferrer
75718,San Ángel,Colonia,Tehuacán,Puebla,Tehuacán,Urbano,https://postali.app/mx/puebla/tehuacan/san-angel
75719,Agua Santa,Unidad habitacional,Tehuacán,Puebla,Tehuacán,Urbano,https://postali.app/mx/puebla/tehuacan/agua-santa
75719,Bosques de Reforma,Fraccionamiento,Tehuacán,Puebla,Tehuacán,Urbano,https://postali.app/mx/puebla/tehuacan/bosques-de-reforma
75719,El Edén 2a Sección,Colonia,Tehuacán,Puebla,Tehuacán,Urbano,https://postali.app/mx/puebla/tehuacan/el-eden-2a-seccion
75719,Lomas de la Soledad,Colonia,Tehuacán,Puebla,Tehuacán,Urbano,https://postali.app/mx/puebla/tehuacan/lomas-de-la-soledad
75719,Maridol,Unidad habitacional,Tehuacán,Puebla,Tehuacán,Urbano,https://postali.app/mx/puebla/tehuacan/maridol
75719,Paseos de Reforma,Fraccionamiento,Tehuacán,Puebla,Tehuacán,Urbano,https://postali.app/mx/puebla/tehuacan/paseos-de-reforma
75719,Villa Benavente,Fraccionamiento,Tehuacán,Puebla,Tehuacán,Urbano,https://postali.app/mx/puebla/tehuacan/villa-benavente
75719,Villa Verona II,Fraccionamiento,Tehuacán,Puebla,Tehuacán,Urbano,https://postali.app/mx/puebla/tehuacan/villa-verona-ii
75719,Villas Dalí,Fraccionamiento,Tehuacán,Puebla,Tehuacán,Urbano,https://postali.app/mx/puebla/tehuacan/villas-dali
75719,Villas las Palmas,Colonia,Tehuacán,Puebla,Tehuacán,Urbano,https://postali.app/mx/puebla/tehuacan/villas-las-palmas
75719,Villas Reforma,Fraccionamiento,Tehuacán,Puebla,Tehuacán,Urbano,https://postali.app/mx/puebla/tehuacan/villas-reforma
75719,Villas Verona I,Fraccionamiento,Tehuacán,Puebla,Tehuacán,Urbano,https://postali.app/mx/puebla/tehuacan/villas-verona-i
75720,El Edén,Colonia,Tehuacán,Puebla,Tehuacán,Urbano,https://postali.app/mx/puebla/tehuacan/el-eden
75720,Jardín,Colonia,Tehuacán,Puebla,Tehuacán,Urbano,https://postali.app/mx/puebla/tehuacan/jardin
75720,Lobera,Colonia,Tehuacán,Puebla,Tehuacán,Urbano,https://postali.app/mx/puebla/tehuacan/lobera
75720,Los Pirules,Fraccionamiento,Tehuacán,Puebla,Tehuacán,Urbano,https://postali.app/mx/puebla/tehuacan/los-pirules
75720,Observatorio,Colonia,Tehuacán,Puebla,Tehuacán,Urbano,https://postali.app/mx/puebla/tehuacan/observatorio
75720,Palmas,Colonia,Tehuacán,Puebla,Tehuacán,Urbano,https://postali.app/mx/puebla/tehuacan/palmas
75720,Rincón de las Doncellas,Colonia,Tehuacán,Puebla,Tehuacán,Urbano,https://postali.app/mx/puebla/tehuacan/rincon-de-las-doncellas
75720,Santa Cruz,Colonia,Tehuacán,Puebla,Tehuacán,Urbano,https://postali.app/mx/puebla/tehuacan/santa-cruz
75720,Santiago Tula,Colonia,Tehuacán,Puebla,Tehuacán,Urbano,https://postali.app/mx/puebla/tehuacan/santiago-tula
75720,Villas Campestre,Fraccionamiento,Tehuacán,Puebla,Tehuacán,Urbano,https://postali.app/mx/puebla/tehuacan/villas-campestre
75725,Los Reyes,Colonia,Tehuacán,Puebla,Tehuacán,Urbano,https://postali.app/mx/puebla/tehuacan/los-reyes
75725,Villa Alhuelican,Fraccionamiento,Tehuacán,Puebla,Tehuacán,Urbano,https://postali.app/mx/puebla/tehuacan/villa-alhuelican
75726,El Palmar,Fraccionamiento,Tehuacán,Puebla,Tehuacán,Urbano,https://postali.app/mx/puebla/tehuacan/el-palmar
75726,El Paseo,Fraccionamiento,Tehuacán,Puebla,Tehuacán,Urbano,https://postali.app/mx/puebla/tehuacan/el-paseo
75726,El Pedregal,Fraccionamiento,Tehuacán,Puebla,Tehuacán,Urbano,https://postali.app/mx/puebla/tehuacan/el-pedregal
75726,La Arboleda,Fraccionamiento,Tehuacán,Puebla,Tehuacán,Urbano,https://postali.app/mx/puebla/tehuacan/la-arboleda
75726,Luis Donaldo Colosio Murrieta,Colonia,Tehuacán,Puebla,Tehuacán,Urbano,https://postali.app/mx/puebla/tehuacan/luis-donaldo-colosio-murrieta
75726,Paraíso de Jesús,Colonia,Tehuacán,Puebla,Tehuacán,Urbano,https://postali.app/mx/puebla/tehuacan/paraiso-de-jesus
75726,San Francisco,Colonia,Tehuacán,Puebla,Tehuacán,Urbano,https://postali.app/mx/puebla/tehuacan/san-francisco
75726,San Martín,Colonia,Tehuacán,Puebla,Tehuacán,Urbano,https://postali.app/mx/puebla/tehuacan/san-martin
75726,San Nicolás,Fraccionamiento,Tehuacán,Puebla,Tehuacán,Urbano,https://postali.app/mx/puebla/tehuacan/san-nicolas
75726,Tepeyac,Colonia,Tehuacán,Puebla,Tehuacán,Urbano,https://postali.app/mx/puebla/tehuacan/tepeyac
75726,Valle de Luz,Fraccionamiento,Tehuacán,Puebla,Tehuacán,Urbano,https://postali.app/mx/puebla/tehuacan/valle-de-luz
75726,Valle de Luz II,Fraccionamiento,Tehuacán,Puebla,Tehuacán,Urbano,https://postali.app/mx/puebla/tehuacan/valle-de-luz-ii
75726,Villas Paraíso,Fraccionamiento,Tehuacán,Puebla,Tehuacán,Urbano,https://postali.app/mx/puebla/tehuacan/villas-paraiso
75726,Villas Virginia,Fraccionamiento,Tehuacán,Puebla,Tehuacán,Urbano,https://postali.app/mx/puebla/tehuacan/villas-virginia
75730,Benito Juárez,Unidad habitacional,Tehuacán,Puebla,Tehuacán,Urbano,https://postali.app/mx/puebla/tehuacan/benito-juarez
75730,Buenos Aires,Colonia,Tehuacán,Puebla,Tehuacán,Urbano,https://postali.app/mx/puebla/tehuacan/buenos-aires
75730,Cerrada del Pirul,Fraccionamiento,Tehuacán,Puebla,Tehuacán,Urbano,https://postali.app/mx/puebla/tehuacan/cerrada-del-pirul
75730,El Dorado,Fraccionamiento,Tehuacán,Puebla,Tehuacán,Urbano,https://postali.app/mx/puebla/tehuacan/el-dorado
75730,Emiliano Zapata,Colonia,Tehuacán,Puebla,Tehuacán,Urbano,https://postali.app/mx/puebla/tehuacan/emiliano-zapata
75730,FOVISSSTE Garci Crespo,Fraccionamiento,Tehuacán,Puebla,Tehuacán,Urbano,https://postali.app/mx/puebla/tehuacan/fovissste-garci-crespo
75730,Francisco Sarabia,Colonia,Tehuacán,Puebla,Tehuacán,Urbano,https://postali.app/mx/puebla/tehuacan/francisco-sarabia
75730,Guadalupe,Colonia,Tehuacán,Puebla,Tehuacán,Rural,https://postali.app/mx/puebla/tehuacan/guadalupe
75730,Jacarandas,Fraccionamiento,Tehuacán,Puebla,Tehuacán,Urbano,https://postali.app/mx/puebla/tehuacan/jacarandas
75730,La Joya,Fraccionamiento,Tehuacán,Puebla,Tehuacán,Urbano,https://postali.app/mx/puebla/tehuacan/la-joya
75730,La Presita,Colonia,Tehuacán,Puebla,Tehuacán,Urbano,https://postali.app/mx/puebla/tehuacan/la-presita
75730,San José Tochapa,Colonia,Tehuacán,Puebla,Tehuacán,Urbano,https://postali.app/mx/puebla/tehuacan/san-jose-tochapa
75730,Sarabia,Conjunto habitacional,Tehuacán,Puebla,Tehuacán,Urbano,https://postali.app/mx/puebla/tehuacan/sarabia
75730,Villas del Sol,Fraccionamiento,Tehuacán,Puebla,Tehuacán,Urbano,https://postali.app/mx/puebla/tehuacan/villas-del-sol
75731,Cerritos,Colonia,Tehuacán,Puebla,Tehuacán,Urbano,https://postali.app/mx/puebla/tehuacan/cerritos
75732,Villa Granadas,Colonia,Tehuacán,Puebla,Tehuacán,Urbano,https://postali.app/mx/puebla/tehuacan/villa-granadas
75740,Allende,Unidad habitacional,Tehuacán,Puebla,Tehuacán,Urbano,https://postali.app/mx/puebla/tehuacan/allende
75740,Bosques de San Pedro,Fraccionamiento,Tehuacán,Puebla,Tehuacán,Urbano,https://postali.app/mx/puebla/tehuacan/bosques-de-san-pedro
75740,Cuauhtémoc,Colonia,Tehuacán,Puebla,Tehuacán,Urbano,https://postali.app/mx/puebla/tehuacan/cuauhtemoc
75740,Del Valle,Colonia,Tehuacán,Puebla,Tehuacán,Urbano,https://postali.app/mx/puebla/tehuacan/del-valle
75740,Del Valle 2a Sección,Colonia,Tehuacán,Puebla,Tehuacán,Urbano,https://postali.app/mx/puebla/tehuacan/del-valle-2a-seccion
75740,Del Valle 3a Sección,Colonia,Tehuacán,Puebla,Tehuacán,Urbano,https://postali.app/mx/puebla/tehuacan/del-valle-3a-seccion
75740,Framboyanes,Unidad habitacional,Tehuacán,Puebla,Tehuacán,Urbano,https://postali.app/mx/puebla/tehuacan/framboyanes
75740,Garambuyo,Colonia,Tehuacán,Puebla,Tehuacán,Urbano,https://postali.app/mx/puebla/tehuacan/garambuyo
75740,Guerrero,Unidad habitacional,Tehuacán,Puebla,Tehuacán,Urbano,https://postali.app/mx/puebla/tehuacan/guerrero
75740,Herradura,Fraccionamiento,Tehuacán,Puebla,Tehuacán,Urbano,https://postali.app/mx/puebla/tehuacan/herradura
75740,Insurgentes,Conjunto habitacional,Tehuacán,Puebla,Tehuacán,Urbano,https://postali.app/mx/puebla/tehuacan/insurgentes
75740,Insurgentes II,Fraccionamiento,Tehuacán,Puebla,Tehuacán,Urbano,https://postali.app/mx/puebla/tehuacan/insurgentes-ii
75740,Insurgentes III,Fraccionamiento,Tehuacán,Puebla,Tehuacán,Urbano,https://postali.app/mx/puebla/tehuacan/insurgentes-iii
75740,Los Cipreses,Fraccionamiento,Tehuacán,Puebla,Tehuacán,Urbano,https://postali.app/mx/puebla/tehuacan/los-cipreses
75740,Moctezuma,Colonia,Tehuacán,Puebla,Tehuacán,Urbano,https://postali.app/mx/puebla/tehuacan/moctezuma
75740,Obrero Peñafiel,Colonia,Tehuacán,Puebla,Tehuacán,Urbano,https://postali.app/mx/puebla/tehuacan/obrero-penafiel
75740,Paseo de San Pedro,Fraccionamiento,Tehuacán,Puebla,Tehuacán,Urbano,https://postali.app/mx/puebla/tehuacan/paseo-de-san-pedro
75740,Quinta Guadalupe,Colonia,Tehuacán,Puebla,Tehuacán,Urbano,https://postali.app/mx/puebla/tehuacan/quinta-guadalupe
75740,Residencial San Pedro,Fraccionamiento,Tehuacán,Puebla,Tehuacán,Urbano,https://postali.app/mx/puebla/tehuacan/residencial-san-pedro
75740,Rincón de los Cipreses,Colonia,Tehuacán,Puebla,Tehuacán,Urbano,https://postali.app/mx/puebla/tehuacan/rincon-de-los-cipreses
75740,San Pedro Acoquiaco,Colonia,Tehuacán,Puebla,Tehuacán,Urbano,https://postali.app/mx/puebla/tehuacan/san-pedro-acoquiaco
75740,San Ángel Acoquiaco,Unidad habitacional,Tehuacán,Puebla,Tehuacán,Urbano,https://postali.app/mx/puebla/tehuacan/san-angel-acoquiaco
75740,Santiago de Tula,Barrio,Tehuacán,Puebla,Tehuacán,Urbano,https://postali.app/mx/puebla/tehuacan/santiago-de-tula
75741,Electricistas,Colonia,Tehuacán,Puebla,Tehuacán,Urbano,https://postali.app/mx/puebla/tehuacan/electricistas
75742,24 de Febrero,Colonia,Tehuacán,Puebla,Tehuacán,Urbano,https://postali.app/mx/puebla/tehuacan/24-de-febrero
75743,Del Empleado Municipal,Colonia,Tehuacán,Puebla,Tehuacán,Urbano,https://postali.app/mx/puebla/tehuacan/del-empleado-municipal
75743,FOVISSSTE El Rosario,Unidad habitacional,Tehuacán,Puebla,Tehuacán,Urbano,https://postali.app/mx/puebla/tehuacan/fovissste-el-rosario
75743,Hacienda La Herradura IV,Fraccionamiento,Tehuacán,Puebla,Tehuacán,Urbano,https://postali.app/mx/puebla/tehuacan/hacienda-la-herradura-iv
75750,Aquiles Serdán,Colonia,Tehuacán,Puebla,Tehuacán,Urbano,https://postali.app/mx/puebla/tehuacan/aquiles-serdan
75750,Ex Hacienda San Lorenzo,Colonia,Tehuacán,Puebla,Tehuacán,Urbano,https://postali.app/mx/puebla/tehuacan/ex-hacienda-san-lorenzo
75750,Francisco Villa,Colonia,Tehuacán,Puebla,Tehuacán,Urbano,https://postali.app/mx/puebla/tehuacan/francisco-villa
75750,Zona Alta,Fraccionamiento,Tehuacán,Puebla,Tehuacán,Urbano,https://postali.app/mx/puebla/tehuacan/zona-alta
75758,Agrícola el Porvenir,Colonia,Tehuacán,Puebla,Tehuacán,Urbano,https://postali.app/mx/puebla/tehuacan/agricola-el-porvenir
75758,Cuatro Caminos,Fraccionamiento,Tehuacán,Puebla,Tehuacán,Urbano,https://postali.app/mx/puebla/tehuacan/cuatro-caminos
75758,El Lucero,Fraccionamiento,Tehuacán,Puebla,Tehuacán,Urbano,https://postali.app/mx/puebla/tehuacan/el-lucero
75758,El Vergel,Colonia,Tehuacán,Puebla,Tehuacán,Urbano,https://postali.app/mx/puebla/tehuacan/el-vergel
75758,Ex-Hacienda San Lorenzo,Fraccionamiento,Tehuacán,Puebla,Tehuacán,Urbano,https://postali.app/mx/puebla/tehuacan/ex-hacienda-san-lorenzo-75758
75758,INFONAVIT San Francisco,Unidad habitacional,Tehuacán,Puebla,Tehuacán,Urbano,https://postali.app/mx/puebla/tehuacan/infonavit-san-francisco
75758,INFONAVIT San Rafael,Unidad habitacional,Tehuacán,Puebla,Tehuacán,Urbano,https://postali.app/mx/puebla/tehuacan/infonavit-san-rafael
75758,Las Garzas,Fraccionamiento,Tehuacán,Puebla,Tehuacán,Urbano,https://postali.app/mx/puebla/tehuacan/las-garzas
75758,Los Laureles,Fraccionamiento,Tehuacán,Puebla,Tehuacán,Urbano,https://postali.app/mx/puebla/tehuacan/los-laureles
75758,Miguel Romero,Colonia,Tehuacán,Puebla,Tehuacán,Urbano,https://postali.app/mx/puebla/tehuacan/miguel-romero
75758,Plaza,Fraccionamiento,Tehuacán,Puebla,Tehuacán,Urbano,https://postali.app/mx/puebla/tehuacan/plaza
75758,Primavera,Fraccionamiento,Tehuacán,Puebla,Tehuacán,Urbano,https://postali.app/mx/puebla/tehuacan/primavera
75758,Residencial Cinco Bosques,Fraccionamiento,Tehuacán,Puebla,Tehuacán,Urbano,https://postali.app/mx/puebla/tehuacan/residencial-cinco-bosques
75758,Residencial el Paseo,Condominio,Tehuacán,Puebla,Tehuacán,Urbano,https://postali.app/mx/puebla/tehuacan/residencial-el-paseo
75758,San Antonio Viveros,Colonia,Tehuacán,Puebla,Tehuacán,Urbano,https://postali.app/mx/puebla/tehuacan/san-antonio-viveros
75758,San Rafael,Colonia,Tehuacán,Puebla,Tehuacán,Urbano,https://postali.app/mx/puebla/tehuacan/san-rafael
75758,Valle del Sol,Fraccionamiento,Tehuacán,Puebla,Tehuacán,Urbano,https://postali.app/mx/puebla/tehuacan/valle-del-sol
75760,El Carmen,Colonia,Tehuacán,Puebla,Tehuacán,Urbano,https://postali.app/mx/puebla/tehuacan/el-carmen
75760,El Riego,Unidad habitacional,Tehuacán,Puebla,Tehuacán,Urbano,https://postali.app/mx/puebla/tehuacan/el-riego
75760,El Riego INFONAVIT,Unidad habitacional,Tehuacán,Puebla,Tehuacán,Urbano,https://postali.app/mx/puebla/tehuacan/el-riego-infonavit
75760,Exhacienda El Riego,Fraccionamiento,Tehuacán,Puebla,Tehuacán,Urbano,https://postali.app/mx/puebla/tehuacan/exhacienda-el-riego
75760,INFONAVIT Granada,Fraccionamiento,Tehuacán,Puebla,Tehuacán,Urbano,https://postali.app/mx/puebla/tehuacan/infonavit-granada
75760,INFONAVIT Jardines de Tehuacán,Unidad habitacional,Tehuacán,Puebla,Tehuacán,Urbano,https://postali.app/mx/puebla/tehuacan/infonavit-jardines-de-tehuacan
75760,INFONAVIT Venustiano Carranza,Unidad habitacional,Tehuacán,Puebla,Tehuacán,Urbano,https://postali.app/mx/puebla/tehuacan/infonavit-venustiano-carranza
75760,La Arcadia,Colonia,Tehuacán,Puebla,Tehuacán,Urbano,https://postali.app/mx/puebla/tehuacan/la-arcadia
75760,Niños Héroes,Colonia,Tehuacán,Puebla,Tehuacán,Urbano,https://postali.app/mx/puebla/tehuacan/ninos-heroes-75760
75760,Puesta del Sol,Fraccionamiento,Tehuacán,Puebla,Tehuacán,Urbano,https://postali.app/mx/puebla/tehuacan/puesta-del-sol
75760,Reforma,Fraccionamiento,Tehuacán,Puebla,Tehuacán,Urbano,https://postali.app/mx/puebla/tehuacan/reforma
75760,San Antonio,Fraccionamiento,Tehuacán,Puebla,Tehuacán,Urbano,https://postali.app/mx/puebla/tehuacan/san-antonio
75760,Venustiano Carranza,Colonia,Tehuacán,Puebla,Tehuacán,Urbano,https://postali.app/mx/puebla/tehuacan/venustiano-carranza
75760,Vicente Suárez,Fraccionamiento,Tehuacán,Puebla,Tehuacán,Urbano,https://postali.app/mx/puebla/tehuacan/vicente-suarez
75763,Chapultepec,Fraccionamiento,Tehuacán,Puebla,Tehuacán,Urbano,https://postali.app/mx/puebla/tehuacan/chapultepec
75763,Concordia,Fraccionamiento,Tehuacán,Puebla,Tehuacán,Urbano,https://postali.app/mx/puebla/tehuacan/concordia
75763,El Riego,Colonia,Tehuacán,Puebla,Tehuacán,Urbano,https://postali.app/mx/puebla/tehuacan/el-riego-75763
75763,El Riego 1a Sección,Colonia,Tehuacán,Puebla,Tehuacán,Urbano,https://postali.app/mx/puebla/tehuacan/el-riego-1a-seccion
75763,Esmeralda,Colonia,Tehuacán,Puebla,Tehuacán,Urbano,https://postali.app/mx/puebla/tehuacan/esmeralda
75764,18 de Marzo,Colonia,Tehuacán,Puebla,Tehuacán,Urbano,https://postali.app/mx/puebla/tehuacan/18-de-marzo
75764,México 68,Colonia,Tehuacán,Puebla,Tehuacán,Urbano,https://postali.app/mx/puebla/tehuacan/mexico-68
75764,Real de las Flores,Fraccionamiento,Tehuacán,Puebla,Tehuacán,Urbano,https://postali.app/mx/puebla/tehuacan/real-de-las-flores
75765,3 de Mayo,Colonia,Tehuacán,Puebla,Tehuacán,Urbano,https://postali.app/mx/puebla/tehuacan/3-de-mayo
75765,Arboledas,Colonia,Tehuacán,Puebla,Tehuacán,Urbano,https://postali.app/mx/puebla/tehuacan/arboledas
75766,16 de Marzo,Colonia,Tehuacán,Puebla,Tehuacán,Urbano,https://postali.app/mx/puebla/tehuacan/16-de-marzo
75766,América,Colonia,Tehuacán,Puebla,Tehuacán,Urbano,https://postali.app/mx/puebla/tehuacan/america
75766,Industrial Jorge Carreño,Colonia,Tehuacán,Puebla,Tehuacán,Urbano,https://postali.app/mx/puebla/tehuacan/industrial-jorge-carreno
75768,Libertad,Colonia,Tehuacán,Puebla,Tehuacán,Urbano,https://postali.app/mx/puebla/tehuacan/libertad
75768,Puebla,Colonia,Tehuacán,Puebla,Tehuacán,Urbano,https://postali.app/mx/puebla/tehuacan/puebla
75768,Tehuacán,Colonia,Tehuacán,Puebla,Tehuacán,Urbano,https://postali.app/mx/puebla/tehuacan/tehuacan
75769,Jardines de Tehuacán,Colonia,Tehuacán,Puebla,Tehuacán,Urbano,https://postali.app/mx/puebla/tehuacan/jardines-de-tehuacan
75769,Jardines de Tehuacán (Ascote),Fraccionamiento,Tehuacán,Puebla,Tehuacán,Urbano,https://postali.app/mx/puebla/tehuacan/jardines-de-tehuacan-ascote
75770,Benito Juárez,Colonia,Tehuacán,Puebla,Tehuacán,Urbano,https://postali.app/mx/puebla/tehuacan/benito-juarez-75770
75770,Ignacio Zaragoza,Colonia,Tehuacán,Puebla,Tehuacán,Urbano,https://postali.app/mx/puebla/tehuacan/ignacio-zaragoza
75770,Insurgentes,Colonia,Tehuacán,Puebla,Tehuacán,Urbano,https://postali.app/mx/puebla/tehuacan/insurgentes-75770
75770,La Pedrera,Barrio,Tehuacán,Puebla,Tehuacán,Urbano,https://postali.app/mx/puebla/tehuacan/la-pedrera
75770,Morelos,Colonia,Tehuacán,Puebla,Tehuacán,Urbano,https://postali.app/mx/puebla/tehuacan/morelos
75770,Santo Domingo,Colonia,Tehuacán,Puebla,Tehuacán,Rural,https://postali.app/mx/puebla/tehuacan/santo-domingo
75770,Xochipilli,Fraccionamiento,Tehuacán,Puebla,Tehuacán,Urbano,https://postali.app/mx/puebla/tehuacan/xochipilli
75780,Concepción,Colonia,Tehuacán,Puebla,Tehuacán,Urbano,https://postali.app/mx/puebla/tehuacan/concepcion
75780,El Mirador,Colonia,Tehuacán,Puebla,Tehuacán,Urbano,https://postali.app/mx/puebla/tehuacan/el-mirador
75780,El Molino,Fraccionamiento,Tehuacán,Puebla,Tehuacán,Urbano,https://postali.app/mx/puebla/tehuacan/el-molino
75780,El Rosario,Fraccionamiento,Tehuacán,Puebla,Tehuacán,Urbano,https://postali.app/mx/puebla/tehuacan/el-rosario
75780,Independencia,Colonia,Tehuacán,Puebla,Tehuacán,Urbano,https://postali.app/mx/puebla/tehuacan/independencia
75780,Leyes de Reforma,Colonia,Tehuacán,Puebla,Tehuacán,Rural,https://postali.app/mx/puebla/tehuacan/leyes-de-reforma
75780,Morelos,Unidad habitacional,Tehuacán,Puebla,Tehuacán,Urbano,https://postali.app/mx/puebla/tehuacan/morelos-75780
75780,Ricardo Flores Magón,Colonia,Tehuacán,Puebla,Tehuacán,Urbano,https://postali.app/mx/puebla/tehuacan/ricardo-flores-magon
75784,Ingeniero Pastor Rouaix,Colonia,Tehuacán,Puebla,Tehuacán,Urbano,https://postali.app/mx/puebla/tehuacan/ingeniero-pastor-rouaix
75784,La Purísima,Colonia,Tehuacán,Puebla,Tehuacán,Urbano,https://postali.app/mx/puebla/tehuacan/la-purisima
75784,La Purísima 1a Secc,Colonia,Tehuacán,Puebla,Tehuacán,Urbano,https://postali.app/mx/puebla/tehuacan/la-purisima-1a-secc
75784,Sotolin,Colonia,Tehuacán,Puebla,Tehuacán,Urbano,https://postali.app/mx/puebla/tehuacan/sotolin
75786,Las Flores,Colonia,Tehuacán,Puebla,Tehuacán,Urbano,https://postali.app/mx/puebla/tehuacan/las-flores
75790,El Calvario,Colonia,Tehuacán,Puebla,Tehuacán,Urbano,https://postali.app/mx/puebla/tehuacan/el-calvario
75790,El Humilladero,Fraccionamiento,Tehuacán,Puebla,Tehuacán,Urbano,https://postali.app/mx/puebla/tehuacan/el-humilladero
75790,Estrella del Sur,Fraccionamiento,Tehuacán,Puebla,Tehuacán,Urbano,https://postali.app/mx/puebla/tehuacan/estrella-del-sur
75790,Granjas de Oriente,Colonia,Tehuacán,Puebla,Tehuacán,Urbano,https://postali.app/mx/puebla/tehuacan/granjas-de-oriente
75790,Guadalupe Hidalgo,Colonia,Tehuacán,Puebla,Tehuacán,Urbano,https://postali.app/mx/puebla/tehuacan/guadalupe-hidalgo
75790,La Paz,Colonia,Tehuacán,Puebla,Tehuacán,Urbano,https://postali.app/mx/puebla/tehuacan/la-paz
75790,Los Álamos,Fraccionamiento,Tehuacán,Puebla,Tehuacán,Urbano,https://postali.app/mx/puebla/tehuacan/los-alamos
75790,Nicolás Bravo,Colonia,Tehuacán,Puebla,Tehuacán,Urbano,https://postali.app/mx/puebla/tehuacan/nicolas-bravo
75790,Nicolás Bravo 3a Sección,Fraccionamiento,Tehuacán,Puebla,Tehuacán,Urbano,https://postali.app/mx/puebla/tehuacan/nicolas-bravo-3a-seccion
75790,Rancho Grande,Fraccionamiento,Tehuacán,Puebla,Tehuacán,Urbano,https://postali.app/mx/puebla/tehuacan/rancho-grande
75790,Rancho Viejo,Fraccionamiento,Tehuacán,Puebla,Tehuacán,Urbano,https://postali.app/mx/puebla/tehuacan/rancho-viejo
75790,Rancho Viejo II,Fraccionamiento,Tehuacán,Puebla,Tehuacán,Urbano,https://postali.app/mx/puebla/tehuacan/rancho-viejo-ii
75790,Santa Mónica,Fraccionamiento,Tehuacán,Puebla,Tehuacán,Urbano,https://postali.app/mx/puebla/tehuacan/santa-monica
75790,Villas Esmeralda,Fraccionamiento,Tehuacán,Puebla,Tehuacán,Urbano,https://postali.app/mx/puebla/tehuacan/villas-esmeralda
75793,Agua Blanca II,Fraccionamiento,Tehuacán,Puebla,Tehuacán,Urbano,https://postali.app/mx/puebla/tehuacan/agua-blanca-ii
75793,Bellavista,Fraccionamiento,Tehuacán,Puebla,Tehuacán,Urbano,https://postali.app/mx/puebla/tehuacan/bellavista
75793,Europa,Fraccionamiento,Tehuacán,Puebla,Tehuacán,Urbano,https://postali.app/mx/puebla/tehuacan/europa
75793,Hacienda La Juventud,Fraccionamiento,Tehuacán,Puebla,Tehuacán,Urbano,https://postali.app/mx/puebla/tehuacan/hacienda-la-juventud
75793,La Cantera,Fraccionamiento,Tehuacán,Puebla,Tehuacán,Urbano,https://postali.app/mx/puebla/tehuacan/la-cantera
75793,Mayorazgo,Fraccionamiento,Tehuacán,Puebla,Tehuacán,Urbano,https://postali.app/mx/puebla/tehuacan/mayorazgo
75793,Mayorazgo II,Fraccionamiento,Tehuacán,Puebla,Tehuacán,Urbano,https://postali.app/mx/puebla/tehuacan/mayorazgo-ii
75793,Nueva España,Fraccionamiento,Tehuacán,Puebla,Tehuacán,Urbano,https://postali.app/mx/puebla/tehuacan/nueva-espana
75793,Rancho Las Flores II,Fraccionamiento,Tehuacán,Puebla,Tehuacán,Urbano,https://postali.app/mx/puebla/tehuacan/rancho-las-flores-ii
75793,San Miguel,Colonia,Tehuacán,Puebla,Tehuacán,Urbano,https://postali.app/mx/puebla/tehuacan/san-miguel
75793,Villas Universidad,Fraccionamiento,Tehuacán,Puebla,Tehuacán,Urbano,https://postali.app/mx/puebla/tehuacan/villas-universidad
75793,Vista Natura,Fraccionamiento,Tehuacán,Puebla,Tehuacán,Urbano,https://postali.app/mx/puebla/tehuacan/vista-natura
75794,Nacional,Colonia,Tehuacán,Puebla,Tehuacán,Urbano,https://postali.app/mx/puebla/tehuacan/nacional
75795,Cultural,Fraccionamiento,Tehuacán,Puebla,Tehuacán,Urbano,https://postali.app/mx/puebla/tehuacan/cultural
75795,Valle Sur,Fraccionamiento,Tehuacán,Puebla,Tehuacán,Urbano,https://postali.app/mx/puebla/tehuacan/valle-sur
75796,15 de Mayo,Unidad habitacional,Tehuacán,Puebla,Tehuacán,Urbano,https://postali.app/mx/puebla/tehuacan/15-de-mayo
75796,Agua Blanca I,Fraccionamiento,Tehuacán,Puebla,Tehuacán,Urbano,https://postali.app/mx/puebla/tehuacan/agua-blanca-i
75796,Hacienda El Humilladero,Fraccionamiento,Tehuacán,Puebla,Tehuacán,Urbano,https://postali.app/mx/puebla/tehuacan/hacienda-el-humilladero
75796,Hacienda El Humilladero II,Fraccionamiento,Tehuacán,Puebla,Tehuacán,Urbano,https://postali.app/mx/puebla/tehuacan/hacienda-el-humilladero-ii
75796,Jardines del Valle,Fraccionamiento,Tehuacán,Puebla,Tehuacán,Urbano,https://postali.app/mx/puebla/tehuacan/jardines-del-valle
75796,Los Delfines,Fraccionamiento,Tehuacán,Puebla,Tehuacán,Urbano,https://postali.app/mx/puebla/tehuacan/los-delfines
75796,Nicolás Bravo 2a Sección,Colonia,Tehuacán,Puebla,Tehuacán,Urbano,https://postali.app/mx/puebla/tehuacan/nicolas-bravo-2a-seccion
75796,Puerta del Sol,Colonia,Tehuacán,Puebla,Tehuacán,Urbano,https://postali.app/mx/puebla/tehuacan/puerta-del-sol
75796,Rancho Las Flores I,Fraccionamiento,Tehuacán,Puebla,Tehuacán,Urbano,https://postali.app/mx/puebla/tehuacan/rancho-las-flores-i
75796,Revolución,Colonia,Tehuacán,Puebla,Tehuacán,Urbano,https://postali.app/mx/puebla/tehuacan/revolucion
75796,Villas Puerta del Sol II,Fraccionamiento,Tehuacán,Puebla,Tehuacán,Urbano,https://postali.app/mx/puebla/tehuacan/villas-puerta-del-sol-ii
75797,Los Pinos,Colonia,Tehuacán,Puebla,Tehuacán,Urbano,https://postali.app/mx/puebla/tehuacan/los-pinos-75797
75799,Del Empleado,Colonia,Tehuacán,Puebla,Tehuacán,Urbano,https://postali.app/mx/puebla/tehuacan/del-empleado
75800,Tepanco de López,Pueblo,Tepanco de López,Puebla,,Rural,https://postali.app/mx/puebla/tepanco-de-lopez/tepanco-de-lopez
75805,San Luis Temalacayuca,Pueblo,Tepanco de López,Puebla,,Rural,https://postali.app/mx/puebla/tepanco-de-lopez/san-luis-temalacayuca
75807,San Andrés Cacaloapan,Pueblo,Tepanco de López,Puebla,,Rural,https://postali.app/mx/puebla/tepanco-de-lopez/san-andres-cacaloapan
75809,3 de Mayo,Colonia,Tepanco de López,Puebla,,Rural,https://postali.app/mx/puebla/tepanco-de-lopez/3-de-mayo
75809,Francisco I Madero,Pueblo,Tepanco de López,Puebla,,Rural,https://postali.app/mx/puebla/tepanco-de-lopez/francisco-i-madero
75809,José María Pino Suárez,Pueblo,Tepanco de López,Puebla,,Rural,https://postali.app/mx/puebla/tepanco-de-lopez/jose-maria-pino-suarez
75809,La Providencia,Colonia,Tepanco de López,Puebla,,Rural,https://postali.app/mx/puebla/tepanco-de-lopez/la-providencia
75809,Miguel Hidalgo,Colonia,Tepanco de López,Puebla,,Rural,https://postali.app/mx/puebla/tepanco-de-lopez/miguel-hidalgo
75809,San Bartolo Teontepec,Pueblo,Tepanco de López,Puebla,,Rural,https://postali.app/mx/puebla/tepanco-de-lopez/san-bartolo-teontepec
75809,Santa Cruz,Colonia,Tepanco de López,Puebla,,Rural,https://postali.app/mx/puebla/tepanco-de-lopez/santa-cruz
75810,Chapulco,Pueblo,Chapulco,Puebla,,Rural,https://postali.app/mx/puebla/chapulco/chapulco
75813,Aquiles Serdán,Colonia,Chapulco,Puebla,,Rural,https://postali.app/mx/puebla/chapulco/aquiles-serdan
75814,Puente Colorado,Ranchería,Chapulco,Puebla,,Rural,https://postali.app/mx/puebla/chapulco/puente-colorado
75820,12 de Diciembre,Colonia,Santiago Miahuatlán,Puebla,,Rural,https://postali.app/mx/puebla/santiago-miahuatlan/12-de-diciembre
75820,Cristo Rey,Colonia,Santiago Miahuatlán,Puebla,,Urbano,https://postali.app/mx/puebla/santiago-miahuatlan/cristo-rey
75820,Guadalupe,Colonia,Santiago Miahuatlán,Puebla,,Urbano,https://postali.app/mx/puebla/santiago-miahuatlan/guadalupe
75820,La Calavera,Colonia,Santiago Miahuatlán,Puebla,,Rural,https://postali.app/mx/puebla/santiago-miahuatlan/la-calavera
75820,La Purísima,Colonia,Santiago Miahuatlán,Puebla,,Urbano,https://postali.app/mx/puebla/santiago-miahuatlan/la-purisima
75820,San José,Colonia,Santiago Miahuatlán,Puebla,,Urbano,https://postali.app/mx/puebla/santiago-miahuatlan/san-jose
75820,San Miguel,Colonia,Santiago Miahuatlán,Puebla,,Urbano,https://postali.app/mx/puebla/santiago-miahuatlan/san-miguel
75820,San Pedro Villa Alegría,Colonia,Santiago Miahuatlán,Puebla,,Rural,https://postali.app/mx/puebla/santiago-miahuatlan/san-pedro-villa-alegria
75820,Santa Clara,Colonia,Santiago Miahuatlán,Puebla,,Rural,https://postali.app/mx/puebla/santiago-miahuatlan/santa-clara
75820,Santa Clara,Colonia,Santiago Miahuatlán,Puebla,,Urbano,https://postali.app/mx/puebla/santiago-miahuatlan/santa-clara-75820
75820,Santiago Miahuatlán,Pueblo,Santiago Miahuatlán,Puebla,,Rural,https://postali.app/mx/puebla/santiago-miahuatlan/santiago-miahuatlan
75820,Villa Alegría,Colonia,Santiago Miahuatlán,Puebla,,Rural,https://postali.app/mx/puebla/santiago-miahuatlan/villa-alegria
75822,El Carmen,Ranchería,Santiago Miahuatlán,Puebla,,Rural,https://postali.app/mx/puebla/santiago-miahuatlan/el-carmen
75823,Benito Juárez,Colonia,Santiago Miahuatlán,Puebla,,Rural,https://postali.app/mx/puebla/santiago-miahuatlan/benito-juarez
75824,Parque Industrial Valle de Tehuacán,Zona industrial,Santiago Miahuatlán,Puebla,,Urbano,https://postali.app/mx/puebla/santiago-miahuatlan/parque-industrial-valle-de-tehuacan
75824,San José Monte Chiquito,Colonia,Santiago Miahuatlán,Puebla,,Urbano,https://postali.app/mx/puebla/santiago-miahuatlan/san-jose-monte-chiquito
75825,Las Minas,Ranchería,Santiago Miahuatlán,Puebla,,Rural,https://postali.app/mx/puebla/santiago-miahuatlan/las-minas
75827,San Isidro Vista Hermosa,Colonia,Santiago Miahuatlán,Puebla,,Urbano,https://postali.app/mx/puebla/santiago-miahuatlan/san-isidro-vista-hermosa
75830,Guadalupe,Colonia,Nicolás Bravo,Puebla,,Rural,https://postali.app/mx/puebla/nicolas-bravo/guadalupe
75830,Nicolás Bravo,Pueblo,Nicolás Bravo,Puebla,,Rural,https://postali.app/mx/puebla/nicolas-bravo/nicolas-bravo
75835,Azumbilla,Pueblo,Nicolás Bravo,Puebla,,Rural,https://postali.app/mx/puebla/nicolas-bravo/azumbilla
75837,Santa Ana,Ejido,Nicolás Bravo,Puebla,,Rural,https://postali.app/mx/puebla/nicolas-bravo/santa-ana
75840,San Isidro (San Antonio),Ranchería,Atexcal,Puebla,,Rural,https://postali.app/mx/puebla/atexcal/san-isidro-san-antonio
75840,San Martín Atexcal,Pueblo,Atexcal,Puebla,,Rural,https://postali.app/mx/puebla/atexcal/san-martin-atexcal
75841,Santiago Nopala,Pueblo,Atexcal,Puebla,,Rural,https://postali.app/mx/puebla/atexcal/santiago-nopala
75844,Analco,Ranchería,Atexcal,Puebla,,Rural,https://postali.app/mx/puebla/atexcal/analco
75845,Las Cumbres de Chicometepec,Ranchería,Atexcal,Puebla,,Rural,https://postali.app/mx/puebla/atexcal/las-cumbres-de-chicometepec
75845,San Nicolás Tepoxtitlán,Pueblo,Atexcal,Puebla,,Rural,https://postali.app/mx/puebla/atexcal/san-nicolas-tepoxtitlan
75847,San Francisco Resurgimiento,Ranchería,Atexcal,Puebla,,Rural,https://postali.app/mx/puebla/atexcal/san-francisco-resurgimiento
75847,Santa Catarina Tehuixtla,Pueblo,Atexcal,Puebla,,Rural,https://postali.app/mx/puebla/atexcal/santa-catarina-tehuixtla
75848,Agua el Gabriel,Ranchería,Atexcal,Puebla,,Rural,https://postali.app/mx/puebla/atexcal/agua-el-gabriel
75848,Las Lechuguillas,Ranchería,Atexcal,Puebla,,Rural,https://postali.app/mx/puebla/atexcal/las-lechuguillas
75848,Llano Grande,Ranchería,Atexcal,Puebla,,Rural,https://postali.app/mx/puebla/atexcal/llano-grande
75848,Los Reyes,Ranchería,Atexcal,Puebla,,Rural,https://postali.app/mx/puebla/atexcal/los-reyes
75848,San Cayetano,Ranchería,Atexcal,Puebla,,Rural,https://postali.app/mx/puebla/atexcal/san-cayetano
75848,San Lucas Teteletitlán,Ranchería,Atexcal,Puebla,,Rural,https://postali.app/mx/puebla/atexcal/san-lucas-teteletitlan
75848,Solidaridad,Colonia,Atexcal,Puebla,,Rural,https://postali.app/mx/puebla/atexcal/solidaridad
75849,Santo Tomás Otlaltepec,Pueblo,Atexcal,Puebla,,Rural,https://postali.app/mx/puebla/atexcal/santo-tomas-otlaltepec
75852,Rancho Cabras (San Salvador Otzolotepec),Ranchería,Tehuacán,Puebla,,Rural,https://postali.app/mx/puebla/tehuacan/rancho-cabras-san-salvador-otzolotepec
75853,Magdalena Cuayucatepec,Pueblo,Tehuacán,Puebla,,Rural,https://postali.app/mx/puebla/tehuacan/magdalena-cuayucatepec
75853,San Cristóbal Tepetiopan,Pueblo,Tehuacán,Puebla,,Rural,https://postali.app/mx/puebla/tehuacan/san-cristobal-tepetiopan
75855,Alatriste,Colonia,Tehuacán,Puebla,,Rural,https://postali.app/mx/puebla/tehuacan/alatriste
75855,Fuertes de Loreto,Colonia,Tehuacán,Puebla,,Rural,https://postali.app/mx/puebla/tehuacan/fuertes-de-loreto
75855,Guadalupe,Colonia,Tehuacán,Puebla,,Rural,https://postali.app/mx/puebla/tehuacan/guadalupe-75855
75855,Jerusalén,Colonia,Tehuacán,Puebla,,Rural,https://postali.app/mx/puebla/tehuacan/jerusalen
75855,Los Arcos,Colonia,Tehuacán,Puebla,,Rural,https://postali.app/mx/puebla/tehuacan/los-arcos
75855,Los Manantiales,Colonia,Tehuacán,Puebla,,Rural,https://postali.app/mx/puebla/tehuacan/los-manantiales
75855,Nueva Escocia,Colonia,Tehuacán,Puebla,,Rural,https://postali.app/mx/puebla/tehuacan/nueva-escocia
75855,San Lorenzo,Unidad habitacional,Tehuacán,Puebla,,Rural,https://postali.app/mx/puebla/tehuacan/san-lorenzo
75855,San Lorenzo Teotipilco,Colonia,Tehuacán,Puebla,,Urbano,https://postali.app/mx/puebla/tehuacan/san-lorenzo-teotipilco
75855,San Luis Rey,Colonia,Tehuacán,Puebla,,Rural,https://postali.app/mx/puebla/tehuacan/san-luis-rey
75855,Santa Catarina de Siena,Colonia,Tehuacán,Puebla,,Rural,https://postali.app/mx/puebla/tehuacan/santa-catarina-de-siena
75855,Santa Catarina Otzolotepec,Pueblo,Tehuacán,Puebla,,Rural,https://postali.app/mx/puebla/tehuacan/santa-catarina-otzolotepec
75855,Santa Cecilia,Colonia,Tehuacán,Puebla,,Rural,https://postali.app/mx/puebla/tehuacan/santa-cecilia
75855,Santa Fe,Fraccionamiento,Tehuacán,Puebla,,Urbano,https://postali.app/mx/puebla/tehuacan/santa-fe
75855,Tehuantepec,Colonia,Tehuacán,Puebla,,Rural,https://postali.app/mx/puebla/tehuacan/tehuantepec
75855,Valle de la Luna,Fraccionamiento,Tehuacán,Puebla,,Rural,https://postali.app/mx/puebla/tehuacan/valle-de-la-luna
75855,Valle del Bosque,Condominio,Tehuacán,Puebla,,Urbano,https://postali.app/mx/puebla/tehuacan/valle-del-bosque
75855,Valle Dorado,Fraccionamiento,Tehuacán,Puebla,,Rural,https://postali.app/mx/puebla/tehuacan/valle-dorado
75856,Santa Ana Teloxtoc,Pueblo,Tehuacán,Puebla,,Rural,https://postali.app/mx/puebla/tehuacan/santa-ana-teloxtoc
75857,Asunción,Colonia,Tehuacán,Puebla,,Urbano,https://postali.app/mx/puebla/tehuacan/asuncion
75857,Los Fresnos,Fraccionamiento,Tehuacán,Puebla,,Rural,https://postali.app/mx/puebla/tehuacan/los-fresnos
75857,Santa María,Colonia,Tehuacán,Puebla,,Urbano,https://postali.app/mx/puebla/tehuacan/santa-maria
75857,Santa María Coapan,Colonia,Tehuacán,Puebla,,Rural,https://postali.app/mx/puebla/tehuacan/santa-maria-coapan
75857,Santa María VI,Fraccionamiento,Tehuacán,Puebla,,Urbano,https://postali.app/mx/puebla/tehuacan/santa-maria-vi
75857,Villa Manantiales,Fraccionamiento,Tehuacán,Puebla,,Rural,https://postali.app/mx/puebla/tehuacan/villa-manantiales
75858,Resurección,Colonia,Tehuacán,Puebla,,Rural,https://postali.app/mx/puebla/tehuacan/resureccion
75858,Vista Hermosa,Colonia,Tehuacán,Puebla,,Rural,https://postali.app/mx/puebla/tehuacan/vista-hermosa
75859,21 de Marzo,Colonia,Tehuacán,Puebla,,Rural,https://postali.app/mx/puebla/tehuacan/21-de-marzo
75859,Aveiro,Fraccionamiento,Tehuacán,Puebla,,Urbano,https://postali.app/mx/puebla/tehuacan/aveiro
75859,Guadalupe,Colonia,Tehuacán,Puebla,,Rural,https://postali.app/mx/puebla/tehuacan/guadalupe-75859
75859,Juquilita,Colonia,Tehuacán,Puebla,,Rural,https://postali.app/mx/puebla/tehuacan/juquilita
75859,Lázaro Cárdenas Sur,Colonia,Tehuacán,Puebla,,Rural,https://postali.app/mx/puebla/tehuacan/lazaro-cardenas-sur
75859,Maravillas,Colonia,Tehuacán,Puebla,,Rural,https://postali.app/mx/puebla/tehuacan/maravillas
75859,Mazateca,Colonia,Tehuacán,Puebla,,Urbano,https://postali.app/mx/puebla/tehuacan/mazateca
75859,Misión Madrid,Colonia,Tehuacán,Puebla,,Rural,https://postali.app/mx/puebla/tehuacan/mision-madrid
75859,Municipio Libre,Colonia,Tehuacán,Puebla,,Urbano,https://postali.app/mx/puebla/tehuacan/municipio-libre
75859,San Diego Chalma,Colonia,Tehuacán,Puebla,,Urbano,https://postali.app/mx/puebla/tehuacan/san-diego-chalma
75859,San Diego I,Fraccionamiento,Tehuacán,Puebla,,Rural,https://postali.app/mx/puebla/tehuacan/san-diego-i
75859,San Diego II,Fraccionamiento,Tehuacán,Puebla,,Rural,https://postali.app/mx/puebla/tehuacan/san-diego-ii
75859,San Isidro Sur,Colonia,Tehuacán,Puebla,,Rural,https://postali.app/mx/puebla/tehuacan/san-isidro-sur
75859,San Marcos Necoxtla,Pueblo,Tehuacán,Puebla,,Rural,https://postali.app/mx/puebla/tehuacan/san-marcos-necoxtla
75859,San Miguel,Colonia,Tehuacán,Puebla,,Rural,https://postali.app/mx/puebla/tehuacan/san-miguel-75859
75859,San Pablo Tepetzingo,Pueblo,Tehuacán,Puebla,,Rural,https://postali.app/mx/puebla/tehuacan/san-pablo-tepetzingo
75859,Santa Cruz Acapa,Pueblo,Tehuacán,Puebla,,Rural,https://postali.app/mx/puebla/tehuacan/santa-cruz-acapa
75859,Villas de la Loma,Fraccionamiento,Tehuacán,Puebla,,Rural,https://postali.app/mx/puebla/tehuacan/villas-de-la-loma
75859,Vivir,Fraccionamiento,Tehuacán,Puebla,,Urbano,https://postali.app/mx/puebla/tehuacan/vivir
75860,San Antonio Cañada,Pueblo,San Antonio Cañada,Puebla,,Rural,https://postali.app/mx/puebla/san-antonio-canada/san-antonio-canada
75860,San Antonio Cañada Primera Sección,Colonia,San Antonio Cañada,Puebla,,Rural,https://postali.app/mx/puebla/san-antonio-canada/san-antonio-canada-primera-seccion
75860,San Salvador,Colonia,San Antonio Cañada,Puebla,,Rural,https://postali.app/mx/puebla/san-antonio-canada/san-salvador
75865,Cuitlaxtepec,Ranchería,San Antonio Cañada,Puebla,,Rural,https://postali.app/mx/puebla/san-antonio-canada/cuitlaxtepec
75865,La Lobera,Colonia,San Antonio Cañada,Puebla,,Rural,https://postali.app/mx/puebla/san-antonio-canada/la-lobera
75867,San Esteban Necoxcalco,Pueblo,San Antonio Cañada,Puebla,,Rural,https://postali.app/mx/puebla/san-antonio-canada/san-esteban-necoxcalco
75870,El Arenal,Colonia,Zapotitlán,Puebla,,Rural,https://postali.app/mx/puebla/zapotitlan/el-arenal
75870,Zapotitlán Salinas,Pueblo,Zapotitlán,Puebla,,Rural,https://postali.app/mx/puebla/zapotitlan/zapotitlan-salinas
75873,San Juan Raya,Ranchería,Zapotitlán,Puebla,,Rural,https://postali.app/mx/puebla/zapotitlan/san-juan-raya
75873,San Martín,Ranchería,Zapotitlán,Puebla,,Rural,https://postali.app/mx/puebla/zapotitlan/san-martin
75874,Xochiltepec (San Francisco),Ranchería,Zapotitlán,Puebla,,Rural,https://postali.app/mx/puebla/zapotitlan/xochiltepec-san-francisco
75875,Las Ventas,Colonia,Zapotitlán,Puebla,,Rural,https://postali.app/mx/puebla/zapotitlan/las-ventas
75875,San Antonio Texcala,Pueblo,Zapotitlán,Puebla,,Rural,https://postali.app/mx/puebla/zapotitlan/san-antonio-texcala
75876,La Mesa Grande,Ranchería,Zapotitlán,Puebla,,Rural,https://postali.app/mx/puebla/zapotitlan/la-mesa-grande
75876,San Pablo Netitlán,Ranchería,Zapotitlán,Puebla,,Rural,https://postali.app/mx/puebla/zapotitlan/san-pablo-netitlan
75876,San Pedro Netitlán,Ranchería,Zapotitlán,Puebla,,Rural,https://postali.app/mx/puebla/zapotitlan/san-pedro-netitlan
75877,Los Reyes Metzontla,Pueblo,Zapotitlán,Puebla,,Rural,https://postali.app/mx/puebla/zapotitlan/los-reyes-metzontla
75877,San José Dixiñado,Ranchería,Zapotitlán,Puebla,,Rural,https://postali.app/mx/puebla/zapotitlan/san-jose-dixinado
75877,Zaragoza,Colonia,Zapotitlán,Puebla,,Rural,https://postali.app/mx/puebla/zapotitlan/zaragoza
75878,Estanzuela,Barrio,Zapotitlán,Puebla,,Rural,https://postali.app/mx/puebla/zapotitlan/estanzuela
75878,Hidalgo,Barrio,Zapotitlán,Puebla,,Rural,https://postali.app/mx/puebla/zapotitlan/hidalgo
75879,El Manantial,Ranchería,Zapotitlán,Puebla,,Rural,https://postali.app/mx/puebla/zapotitlan/el-manantial
75879,Guadalupe,Ejido,Zapotitlán,Puebla,,Rural,https://postali.app/mx/puebla/zapotitlan/guadalupe
75879,San Pedro Atzumba,Pueblo,Zapotitlán,Puebla,,Rural,https://postali.app/mx/puebla/zapotitlan/san-pedro-atzumba
75880,San Gabriel Chilac,Pueblo,San Gabriel Chilac,Puebla,,Rural,https://postali.app/mx/puebla/san-gabriel-chilac/san-gabriel-chilac
75885,San Juan Atzingo,Pueblo,San Gabriel Chilac,Puebla,,Rural,https://postali.app/mx/puebla/san-gabriel-chilac/san-juan-atzingo
75886,San Gabriel Vista Hermosa,Colonia,San Gabriel Chilac,Puebla,,Rural,https://postali.app/mx/puebla/san-gabriel-chilac/san-gabriel-vista-hermosa
75890,Caltepec,Pueblo,Caltepec,Puebla,,Rural,https://postali.app/mx/puebla/caltepec/caltepec
75890,San Luis Atolotitlán (Atolotitlán),Pueblo,Caltepec,Puebla,,Rural,https://postali.app/mx/puebla/caltepec/san-luis-atolotitlan-atolotitlan
75894,Atecoxco,Ranchería,Caltepec,Puebla,,Rural,https://postali.app/mx/puebla/caltepec/atecoxco
75894,La Compañia,Ranchería,Caltepec,Puebla,,Rural,https://postali.app/mx/puebla/caltepec/la-compania
75895,Acatepec,Pueblo,Caltepec,Puebla,,Rural,https://postali.app/mx/puebla/caltepec/acatepec
75895,Plan de San Miguel,Ranchería,Caltepec,Puebla,,Rural,https://postali.app/mx/puebla/caltepec/plan-de-san-miguel
75896,Coatepec,Pueblo,Caltepec,Puebla,,Rural,https://postali.app/mx/puebla/caltepec/coatepec
75897,Acatitlán,Pueblo,Caltepec,Puebla,,Rural,https://postali.app/mx/puebla/caltepec/acatitlan
75897,Actipan,Ranchería,Caltepec,Puebla,,Rural,https://postali.app/mx/puebla/caltepec/actipan
75897,Zotolín,Ranchería,Caltepec,Puebla,,Rural,https://postali.app/mx/puebla/caltepec/zotolin
75898,San Simón Tlacuilotepec,Ranchería,Caltepec,Puebla,,Rural,https://postali.app/mx/puebla/caltepec/san-simon-tlacuilotepec
75900,Alhuaca,Pueblo,Vicente Guerrero,Puebla,,Rural,https://postali.app/mx/puebla/vicente-guerrero/alhuaca
75900,Campo Chico,Colonia,Vicente Guerrero,Puebla,,Rural,https://postali.app/mx/puebla/vicente-guerrero/campo-chico
75900,Ciénega Grande de Fátima,Colonia,Vicente Guerrero,Puebla,,Rural,https://postali.app/mx/puebla/vicente-guerrero/cienega-grande-de-fatima
75900,Coxcatepachapa,Ranchería,Vicente Guerrero,Puebla,,Rural,https://postali.app/mx/puebla/vicente-guerrero/coxcatepachapa
75900,Cuatro Caminos,Ranchería,Vicente Guerrero,Puebla,,Rural,https://postali.app/mx/puebla/vicente-guerrero/cuatro-caminos
75900,Llano Grande Dos,Ranchería,Vicente Guerrero,Puebla,,Rural,https://postali.app/mx/puebla/vicente-guerrero/llano-grande-dos
75900,Llano Grande Uno,Ranchería,Vicente Guerrero,Puebla,,Rural,https://postali.app/mx/puebla/vicente-guerrero/llano-grande-uno
75900,Loma Manzana,Colonia,Vicente Guerrero,Puebla,,Rural,https://postali.app/mx/puebla/vicente-guerrero/loma-manzana
75900,Ocotlamanic,Colonia,Vicente Guerrero,Puebla,,Rural,https://postali.app/mx/puebla/vicente-guerrero/ocotlamanic
75900,Rancho Nuevo,Ranchería,Vicente Guerrero,Puebla,,Rural,https://postali.app/mx/puebla/vicente-guerrero/rancho-nuevo
75900,San Bernardino Lagunas,Pueblo,Vicente Guerrero,Puebla,,Rural,https://postali.app/mx/puebla/vicente-guerrero/san-bernardino-lagunas
75900,San José los Pinos,Colonia,Vicente Guerrero,Puebla,,Rural,https://postali.app/mx/puebla/vicente-guerrero/san-jose-los-pinos
75900,Sección Juquilita,Colonia,Vicente Guerrero,Puebla,,Rural,https://postali.app/mx/puebla/vicente-guerrero/seccion-juquilita
75900,Tecolotla,Ranchería,Vicente Guerrero,Puebla,,Rural,https://postali.app/mx/puebla/vicente-guerrero/tecolotla
75900,Telpatlán,Pueblo,Vicente Guerrero,Puebla,,Rural,https://postali.app/mx/puebla/vicente-guerrero/telpatlan
75900,Tepetzitzintla,Pueblo,Vicente Guerrero,Puebla,,Rural,https://postali.app/mx/puebla/vicente-guerrero/tepetzitzintla
75900,Tulimanca,Pueblo,Vicente Guerrero,Puebla,,Rural,https://postali.app/mx/puebla/vicente-guerrero/tulimanca
75904,San Pedro Ahuatlampa,Ranchería,Vicente Guerrero,Puebla,,Rural,https://postali.app/mx/puebla/vicente-guerrero/san-pedro-ahuatlampa
75904,Teotlalco de Hidalgo,Colonia,Vicente Guerrero,Puebla,,Rural,https://postali.app/mx/puebla/vicente-guerrero/teotlalco-de-hidalgo
75904,Texala,Ranchería,Vicente Guerrero,Puebla,,Rural,https://postali.app/mx/puebla/vicente-guerrero/texala
75905,Santa María del Monte,Pueblo,Vicente Guerrero,Puebla,,Rural,https://postali.app/mx/puebla/vicente-guerrero/santa-maria-del-monte
75905,Tepetate (Ahuaxotla),Barrio,Vicente Guerrero,Puebla,,Rural,https://postali.app/mx/puebla/vicente-guerrero/tepetate-ahuaxotla
75905,Xopanapa,Barrio,Vicente Guerrero,Puebla,,Rural,https://postali.app/mx/puebla/vicente-guerrero/xopanapa
75906,Antiguo Caporalco,Ranchería,Vicente Guerrero,Puebla,,Rural,https://postali.app/mx/puebla/vicente-guerrero/antiguo-caporalco
75906,Caporalco Buenos Aires,Ranchería,Vicente Guerrero,Puebla,,Rural,https://postali.app/mx/puebla/vicente-guerrero/caporalco-buenos-aires
75906,Capultitla,Colonia,Vicente Guerrero,Puebla,,Rural,https://postali.app/mx/puebla/vicente-guerrero/capultitla
75906,Las Praderas,Ranchería,Vicente Guerrero,Puebla,,Rural,https://postali.app/mx/puebla/vicente-guerrero/las-praderas
75907,Ahuatepec,Ranchería,Vicente Guerrero,Puebla,,Rural,https://postali.app/mx/puebla/vicente-guerrero/ahuatepec
75907,Axuxumica,Ranchería,Vicente Guerrero,Puebla,,Rural,https://postali.app/mx/puebla/vicente-guerrero/axuxumica
75907,Chautempan,Ranchería,Vicente Guerrero,Puebla,,Rural,https://postali.app/mx/puebla/vicente-guerrero/chautempan
75907,Matlatecoya,Ranchería,Vicente Guerrero,Puebla,,Rural,https://postali.app/mx/puebla/vicente-guerrero/matlatecoya
75907,San José Cuamanco,Ranchería,Vicente Guerrero,Puebla,,Rural,https://postali.app/mx/puebla/vicente-guerrero/san-jose-cuamanco
75907,Yahualutzingo,Ranchería,Vicente Guerrero,Puebla,,Rural,https://postali.app/mx/puebla/vicente-guerrero/yahualutzingo
75908,Duraznotla,Ranchería,Vicente Guerrero,Puebla,,Rural,https://postali.app/mx/puebla/vicente-guerrero/duraznotla
75909,Cuajca,Ranchería,Vicente Guerrero,Puebla,,Rural,https://postali.app/mx/puebla/vicente-guerrero/cuajca
75909,San Luis del Pino,Pueblo,Vicente Guerrero,Puebla,,Rural,https://postali.app/mx/puebla/vicente-guerrero/san-luis-del-pino
75910,21 de Marzo,Colonia,Ajalpan,Puebla,,Rural,https://postali.app/mx/puebla/ajalpan/21-de-marzo
75910,Ajalpan,Pueblo,Ajalpan,Puebla,,Rural,https://postali.app/mx/puebla/ajalpan/ajalpan
75910,Coculco,Colonia,Ajalpan,Puebla,,Rural,https://postali.app/mx/puebla/ajalpan/coculco
75910,Fátima,Colonia,Ajalpan,Puebla,,Rural,https://postali.app/mx/puebla/ajalpan/fatima
75910,Gonzalisco,Colonia,Ajalpan,Puebla,,Rural,https://postali.app/mx/puebla/ajalpan/gonzalisco
75910,Guadalupe,Colonia,Ajalpan,Puebla,,Urbano,https://postali.app/mx/puebla/ajalpan/guadalupe
75910,Guadalupe Pantzingo,Colonia,Ajalpan,Puebla,,Rural,https://postali.app/mx/puebla/ajalpan/guadalupe-pantzingo
75910,Las Palmas (San Miguel),Colonia,Ajalpan,Puebla,,Rural,https://postali.app/mx/puebla/ajalpan/las-palmas-san-miguel
75910,Morelos,Colonia,Ajalpan,Puebla,,Rural,https://postali.app/mx/puebla/ajalpan/morelos
75910,San Isidro Labrador (Teopuxco),Colonia,Ajalpan,Puebla,,Rural,https://postali.app/mx/puebla/ajalpan/san-isidro-labrador-teopuxco
75910,San Miguel,Barrio,Ajalpan,Puebla,,Urbano,https://postali.app/mx/puebla/ajalpan/san-miguel
75910,Santa Cruz,Colonia,Ajalpan,Puebla,,Rural,https://postali.app/mx/puebla/ajalpan/santa-cruz
75914,Buenavista,Colonia,Ajalpan,Puebla,,Rural,https://postali.app/mx/puebla/ajalpan/buenavista
75914,Cinco de Mayo,Pueblo,Ajalpan,Puebla,,Rural,https://postali.app/mx/puebla/ajalpan/cinco-de-mayo
75914,Corral Macho,Pueblo,Ajalpan,Puebla,,Rural,https://postali.app/mx/puebla/ajalpan/corral-macho
75914,La Trinidad,Colonia,Ajalpan,Puebla,,Rural,https://postali.app/mx/puebla/ajalpan/la-trinidad
75914,Nativitas (Santa María),Pueblo,Ajalpan,Puebla,,Rural,https://postali.app/mx/puebla/ajalpan/nativitas-santa-maria
75914,Pantzingo de Morelos,Pueblo,Ajalpan,Puebla,,Rural,https://postali.app/mx/puebla/ajalpan/pantzingo-de-morelos
75914,San José Buenavista,Pueblo,Ajalpan,Puebla,,Rural,https://postali.app/mx/puebla/ajalpan/san-jose-buenavista
75914,Tequexco,Colonia,Ajalpan,Puebla,,Rural,https://postali.app/mx/puebla/ajalpan/tequexco
75915,Boca del Monte,Ranchería,Ajalpan,Puebla,,Rural,https://postali.app/mx/puebla/ajalpan/boca-del-monte
75915,Cinco Señores,Ranchería,Ajalpan,Puebla,,Rural,https://postali.app/mx/puebla/ajalpan/cinco-senores
75915,Cuautotolapan (San José),Pueblo,Ajalpan,Puebla,,Rural,https://postali.app/mx/puebla/ajalpan/cuautotolapan-san-jose
75915,Cuixtepec,Ranchería,Ajalpan,Puebla,,Rural,https://postali.app/mx/puebla/ajalpan/cuixtepec
75915,El Mirador,Ranchería,Ajalpan,Puebla,,Rural,https://postali.app/mx/puebla/ajalpan/el-mirador
75915,Piscuautla,Ranchería,Ajalpan,Puebla,,Rural,https://postali.app/mx/puebla/ajalpan/piscuautla
75915,Puerto de Ángel,Ranchería,Ajalpan,Puebla,,Rural,https://postali.app/mx/puebla/ajalpan/puerto-de-angel
75915,Rancho Viejo,Ranchería,Ajalpan,Puebla,,Rural,https://postali.app/mx/puebla/ajalpan/rancho-viejo
75915,San Isidro el Mirador,Ranchería,Ajalpan,Puebla,,Rural,https://postali.app/mx/puebla/ajalpan/san-isidro-el-mirador
75915,Tepepa,Ranchería,Ajalpan,Puebla,,Rural,https://postali.app/mx/puebla/ajalpan/tepepa
75915,Tierra Blanca,Ranchería,Ajalpan,Puebla,,Rural,https://postali.app/mx/puebla/ajalpan/tierra-blanca
75915,Vista Hermosa Zayulapa,Ranchería,Ajalpan,Puebla,,Rural,https://postali.app/mx/puebla/ajalpan/vista-hermosa-zayulapa
75915,Xala,Ranchería,Ajalpan,Puebla,,Rural,https://postali.app/mx/puebla/ajalpan/xala
75915,Xochitzinga,Pueblo,Ajalpan,Puebla,,Rural,https://postali.app/mx/puebla/ajalpan/xochitzinga
75916,Chichicapa,Pueblo,Ajalpan,Puebla,,Rural,https://postali.app/mx/puebla/ajalpan/chichicapa
75916,Cruz Chichiltzi,Ranchería,Ajalpan,Puebla,,Rural,https://postali.app/mx/puebla/ajalpan/cruz-chichiltzi
75916,Cuabcapula,Pueblo,Ajalpan,Puebla,,Rural,https://postali.app/mx/puebla/ajalpan/cuabcapula
75916,Loma Bonita,Ranchería,Ajalpan,Puebla,,Rural,https://postali.app/mx/puebla/ajalpan/loma-bonita
75916,Mexcaltochintla,Pueblo,Ajalpan,Puebla,,Rural,https://postali.app/mx/puebla/ajalpan/mexcaltochintla
75916,Playa Vicente,Ranchería,Ajalpan,Puebla,,Rural,https://postali.app/mx/puebla/ajalpan/playa-vicente
75916,San Sebastián Alcomunga,Pueblo,Ajalpan,Puebla,,Rural,https://postali.app/mx/puebla/ajalpan/san-sebastian-alcomunga
75916,Tepepa de Zaragoza,Pueblo,Ajalpan,Puebla,,Rural,https://postali.app/mx/puebla/ajalpan/tepepa-de-zaragoza
75916,Tepetlampa,Pueblo,Ajalpan,Puebla,,Rural,https://postali.app/mx/puebla/ajalpan/tepetlampa
75916,Zacayucan,Ranchería,Ajalpan,Puebla,,Rural,https://postali.app/mx/puebla/ajalpan/zacayucan
75917,Achichinalco,Pueblo,Ajalpan,Puebla,,Rural,https://postali.app/mx/puebla/ajalpan/achichinalco
75917,Ahuatepec,Ranchería,Ajalpan,Puebla,,Rural,https://postali.app/mx/puebla/ajalpan/ahuatepec
75917,Bella Vista,Ranchería,Ajalpan,Puebla,,Rural,https://postali.app/mx/puebla/ajalpan/bella-vista
75917,Coxolico,Pueblo,Ajalpan,Puebla,,Rural,https://postali.app/mx/puebla/ajalpan/coxolico
75917,Cuahuichotla,Ranchería,Ajalpan,Puebla,,Rural,https://postali.app/mx/puebla/ajalpan/cuahuichotla
75917,Cuautzintlica,Ranchería,Ajalpan,Puebla,,Rural,https://postali.app/mx/puebla/ajalpan/cuautzintlica
75917,Cuaxuxpa,Pueblo,Ajalpan,Puebla,,Rural,https://postali.app/mx/puebla/ajalpan/cuaxuxpa
75917,Esperanza,Pueblo,Ajalpan,Puebla,,Rural,https://postali.app/mx/puebla/ajalpan/esperanza
75917,Huitzmaloc,Ranchería,Ajalpan,Puebla,,Rural,https://postali.app/mx/puebla/ajalpan/huitzmaloc
75917,La Escondida,Ranchería,Ajalpan,Puebla,,Rural,https://postali.app/mx/puebla/ajalpan/la-escondida
75917,La Joya,Pueblo,Ajalpan,Puebla,,Rural,https://postali.app/mx/puebla/ajalpan/la-joya
75917,Macuilcuautitla,Pueblo,Ajalpan,Puebla,,Rural,https://postali.app/mx/puebla/ajalpan/macuilcuautitla
75917,Macuilquila,Ranchería,Ajalpan,Puebla,,Rural,https://postali.app/mx/puebla/ajalpan/macuilquila
75917,Mazatianquixco,Ranchería,Ajalpan,Puebla,,Rural,https://postali.app/mx/puebla/ajalpan/mazatianquixco
75917,Moyotepec,Pueblo,Ajalpan,Puebla,,Rural,https://postali.app/mx/puebla/ajalpan/moyotepec
75917,Nuevo,Ranchería,Ajalpan,Puebla,,Rural,https://postali.app/mx/puebla/ajalpan/nuevo
75917,Ocotempa,Ranchería,Ajalpan,Puebla,,Rural,https://postali.app/mx/puebla/ajalpan/ocotempa
75917,Tecpantzacoalco,Ranchería,Ajalpan,Puebla,,Rural,https://postali.app/mx/puebla/ajalpan/tecpantzacoalco
75917,Tlacxitla,Ranchería,Ajalpan,Puebla,,Rural,https://postali.app/mx/puebla/ajalpan/tlacxitla
75917,Tlazolapa,Ranchería,Ajalpan,Puebla,,Rural,https://postali.app/mx/puebla/ajalpan/tlazolapa
75917,Zacatecochco,Ranchería,Ajalpan,Puebla,,Rural,https://postali.app/mx/puebla/ajalpan/zacatecochco
75917,Zacatlamanic,Pueblo,Ajalpan,Puebla,,Rural,https://postali.app/mx/puebla/ajalpan/zacatlamanic
75920,San Miguel Eloxochitlán,Pueblo,Eloxochitlán,Puebla,,Rural,https://postali.app/mx/puebla/eloxochitlan/san-miguel-eloxochitlan
75920,Xonotipan de Juárez,Ranchería,Eloxochitlán,Puebla,,Rural,https://postali.app/mx/puebla/eloxochitlan/xonotipan-de-juarez
75920,Zacacoapan,Pueblo,Eloxochitlán,Puebla,,Rural,https://postali.app/mx/puebla/eloxochitlan/zacacoapan
75921,Tepepan,Ranchería,Eloxochitlán,Puebla,,Rural,https://postali.app/mx/puebla/eloxochitlan/tepepan
75921,Tetziquitla,Ranchería,Eloxochitlán,Puebla,,Rural,https://postali.app/mx/puebla/eloxochitlan/tetziquitla
75922,Buena Vista,Ranchería,Eloxochitlán,Puebla,,Rural,https://postali.app/mx/puebla/eloxochitlan/buena-vista
75922,Macuiltepec,Ranchería,Eloxochitlán,Puebla,,Rural,https://postali.app/mx/puebla/eloxochitlan/macuiltepec
75922,Ojo de Agua,Ranchería,Eloxochitlán,Puebla,,Rural,https://postali.app/mx/puebla/eloxochitlan/ojo-de-agua
75922,Papaloapan,Ranchería,Eloxochitlán,Puebla,,Rural,https://postali.app/mx/puebla/eloxochitlan/papaloapan
75922,Tlacotépetl,Ranchería,Eloxochitlán,Puebla,,Rural,https://postali.app/mx/puebla/eloxochitlan/tlacotepetl
75923,Atexacapa,Pueblo,Eloxochitlán,Puebla,,Rural,https://postali.app/mx/puebla/eloxochitlan/atexacapa
75923,Itzcuintonalco,Ranchería,Eloxochitlán,Puebla,,Rural,https://postali.app/mx/puebla/eloxochitlan/itzcuintonalco
75923,Tepeticpac,Ranchería,Eloxochitlán,Puebla,,Rural,https://postali.app/mx/puebla/eloxochitlan/tepeticpac
75923,Tepetzala,Ranchería,Eloxochitlán,Puebla,,Rural,https://postali.app/mx/puebla/eloxochitlan/tepetzala
75924,Cuabtlajapa,Ranchería,Eloxochitlán,Puebla,,Rural,https://postali.app/mx/puebla/eloxochitlan/cuabtlajapa
75925,Atiocuabtitla,Ranchería,Eloxochitlán,Puebla,,Rural,https://postali.app/mx/puebla/eloxochitlan/atiocuabtitla
75925,Campo Nuevo Dos,Ranchería,Eloxochitlán,Puebla,,Rural,https://postali.app/mx/puebla/eloxochitlan/campo-nuevo-dos
75925,Campo Nuevo Uno,Ranchería,Eloxochitlán,Puebla,,Rural,https://postali.app/mx/puebla/eloxochitlan/campo-nuevo-uno
75925,Chiapa,Ranchería,Eloxochitlán,Puebla,,Rural,https://postali.app/mx/puebla/eloxochitlan/chiapa
75925,El Mirador,Ranchería,Eloxochitlán,Puebla,,Rural,https://postali.app/mx/puebla/eloxochitlan/el-mirador
75926,Cañada Rica,Ranchería,Eloxochitlán,Puebla,,Rural,https://postali.app/mx/puebla/eloxochitlan/canada-rica
75926,Laguna Seca,Ranchería,Eloxochitlán,Puebla,,Rural,https://postali.app/mx/puebla/eloxochitlan/laguna-seca
75926,Loma Bonita,Pueblo,Eloxochitlán,Puebla,,Rural,https://postali.app/mx/puebla/eloxochitlan/loma-bonita
75926,Tecamachalco,Ranchería,Eloxochitlán,Puebla,,Rural,https://postali.app/mx/puebla/eloxochitlan/tecamachalco
75926,Tlazolapa,Ranchería,Eloxochitlán,Puebla,,Rural,https://postali.app/mx/puebla/eloxochitlan/tlazolapa
75926,Tuxtla,Pueblo,Eloxochitlán,Puebla,,Rural,https://postali.app/mx/puebla/eloxochitlan/tuxtla
75930,Chalchico,Ranchería,Zoquitlán,Puebla,,Rural,https://postali.app/mx/puebla/zoquitlan/chalchico
75930,Cotzinga,Ranchería,Zoquitlán,Puebla,,Rural,https://postali.app/mx/puebla/zoquitlan/cotzinga
75930,Coyolapa,Ranchería,Zoquitlán,Puebla,,Rural,https://postali.app/mx/puebla/zoquitlan/coyolapa
75930,Cuafximaloya,Ranchería,Zoquitlán,Puebla,,Rural,https://postali.app/mx/puebla/zoquitlan/cuafximaloya
75930,Cuapnepantla,Ranchería,Zoquitlán,Puebla,,Rural,https://postali.app/mx/puebla/zoquitlan/cuapnepantla
75930,Loma Itzmicapa,Ranchería,Zoquitlán,Puebla,,Rural,https://postali.app/mx/puebla/zoquitlan/loma-itzmicapa
75930,Oztopulco,Ranchería,Zoquitlán,Puebla,,Rural,https://postali.app/mx/puebla/zoquitlan/oztopulco
75930,Quetzaltotoc,Ranchería,Zoquitlán,Puebla,,Rural,https://postali.app/mx/puebla/zoquitlan/quetzaltotoc
75930,Quiaptepec,Ranchería,Zoquitlán,Puebla,,Rural,https://postali.app/mx/puebla/zoquitlan/quiaptepec
75930,Tecolotleapa,Ranchería,Zoquitlán,Puebla,,Rural,https://postali.app/mx/puebla/zoquitlan/tecolotleapa
75930,Tepexilotla,Pueblo,Zoquitlán,Puebla,,Rural,https://postali.app/mx/puebla/zoquitlan/tepexilotla
75930,Xaltepec,Ranchería,Zoquitlán,Puebla,,Rural,https://postali.app/mx/puebla/zoquitlan/xaltepec
75930,Xicala,Ranchería,Zoquitlán,Puebla,,Rural,https://postali.app/mx/puebla/zoquitlan/xicala
75930,Xitlama,Pueblo,Zoquitlán,Puebla,,Rural,https://postali.app/mx/puebla/zoquitlan/xitlama
75930,Zoquitlanzacualco,Colonia,Zoquitlán,Puebla,,Rural,https://postali.app/mx/puebla/zoquitlan/zoquitlanzacualco
75930,Zoquitlán,Pueblo,Zoquitlán,Puebla,,Rural,https://postali.app/mx/puebla/zoquitlan/zoquitlan
75933,Apiztepec,Ranchería,Zoquitlán,Puebla,,Rural,https://postali.app/mx/puebla/zoquitlan/apiztepec
75933,Cacaloc,Ranchería,Zoquitlán,Puebla,,Rural,https://postali.app/mx/puebla/zoquitlan/cacaloc
75933,Tepantitla,Ranchería,Zoquitlán,Puebla,,Rural,https://postali.app/mx/puebla/zoquitlan/tepantitla
75933,Trancas,Ranchería,Zoquitlán,Puebla,,Rural,https://postali.app/mx/puebla/zoquitlan/trancas
75933,Xala,Ranchería,Zoquitlán,Puebla,,Rural,https://postali.app/mx/puebla/zoquitlan/xala
75934,Acatepec (San Antonio),Pueblo,Zoquitlán,Puebla,,Rural,https://postali.app/mx/puebla/zoquitlan/acatepec-san-antonio
75934,Atola,Ranchería,Zoquitlán,Puebla,,Rural,https://postali.app/mx/puebla/zoquitlan/atola
75934,Cobictic,Ranchería,Zoquitlán,Puebla,,Rural,https://postali.app/mx/puebla/zoquitlan/cobictic
75934,Xoloxtepec,Ranchería,Zoquitlán,Puebla,,Rural,https://postali.app/mx/puebla/zoquitlan/xoloxtepec
75935,Izhuapa,Ranchería,Zoquitlán,Puebla,,Rural,https://postali.app/mx/puebla/zoquitlan/izhuapa
75935,Ocotlamanic,Ranchería,Zoquitlán,Puebla,,Rural,https://postali.app/mx/puebla/zoquitlan/ocotlamanic
75936,Axocovajca,Ranchería,Zoquitlán,Puebla,,Rural,https://postali.app/mx/puebla/zoquitlan/axocovajca
75936,Ocotempa,Ranchería,Zoquitlán,Puebla,,Rural,https://postali.app/mx/puebla/zoquitlan/ocotempa
75936,Tepeyacac,Ranchería,Zoquitlán,Puebla,,Rural,https://postali.app/mx/puebla/zoquitlan/tepeyacac
75936,Totlala,Ranchería,Zoquitlán,Puebla,,Rural,https://postali.app/mx/puebla/zoquitlan/totlala
75937,Atlantiopa,Ranchería,Zoquitlán,Puebla,,Rural,https://postali.app/mx/puebla/zoquitlan/atlantiopa
75937,Atzompa,Ranchería,Zoquitlán,Puebla,,Rural,https://postali.app/mx/puebla/zoquitlan/atzompa
75937,Barrio Tepepa Laguna,Ranchería,Zoquitlán,Puebla,,Rural,https://postali.app/mx/puebla/zoquitlan/barrio-tepepa-laguna
75937,Dos Caminos,Ranchería,Zoquitlán,Puebla,,Rural,https://postali.app/mx/puebla/zoquitlan/dos-caminos
75937,Pozotitla,Ranchería,Zoquitlán,Puebla,,Rural,https://postali.app/mx/puebla/zoquitlan/pozotitla
75937,Tepepa de Zaragoza,Ranchería,Zoquitlán,Puebla,,Rural,https://postali.app/mx/puebla/zoquitlan/tepepa-de-zaragoza
75937,Tepepan Bandera,Ranchería,Zoquitlán,Puebla,,Rural,https://postali.app/mx/puebla/zoquitlan/tepepan-bandera
75937,Xocotla,Ranchería,Zoquitlán,Puebla,,Rural,https://postali.app/mx/puebla/zoquitlan/xocotla
75940,Cuauxuchpa,Ranchería,San Sebastián Tlacotepec,Puebla,,Rural,https://postali.app/mx/puebla/san-sebastian-tlacotepec/cuauxuchpa
75940,Guadalupe,Barrio,San Sebastián Tlacotepec,Puebla,,Rural,https://postali.app/mx/puebla/san-sebastian-tlacotepec/guadalupe
75940,Lomas de Guadalupe,Ranchería,San Sebastián Tlacotepec,Puebla,,Rural,https://postali.app/mx/puebla/san-sebastian-tlacotepec/lomas-de-guadalupe
75940,Mazateopan,Pueblo,San Sebastián Tlacotepec,Puebla,,Rural,https://postali.app/mx/puebla/san-sebastian-tlacotepec/mazateopan
75940,Playa Nueva,Ranchería,San Sebastián Tlacotepec,Puebla,,Rural,https://postali.app/mx/puebla/san-sebastian-tlacotepec/playa-nueva
75940,Tentziantla,Ranchería,San Sebastián Tlacotepec,Puebla,,Rural,https://postali.app/mx/puebla/san-sebastian-tlacotepec/tentziantla
75940,Tlacotepec de Porfirio Díaz,Pueblo,San Sebastián Tlacotepec,Puebla,,Rural,https://postali.app/mx/puebla/san-sebastian-tlacotepec/tlacotepec-de-porfirio-diaz
75941,Agua Azul,Ranchería,San Sebastián Tlacotepec,Puebla,,Rural,https://postali.app/mx/puebla/san-sebastian-tlacotepec/agua-azul
75941,La Cumbre,Ranchería,San Sebastián Tlacotepec,Puebla,,Rural,https://postali.app/mx/puebla/san-sebastian-tlacotepec/la-cumbre
75941,La Guacamaya,Ranchería,San Sebastián Tlacotepec,Puebla,,Rural,https://postali.app/mx/puebla/san-sebastian-tlacotepec/la-guacamaya
75941,Ocotzocuaubtla,Ranchería,San Sebastián Tlacotepec,Puebla,,Rural,https://postali.app/mx/puebla/san-sebastian-tlacotepec/ocotzocuaubtla
75941,Ojo de Agua,Ranchería,San Sebastián Tlacotepec,Puebla,,Rural,https://postali.app/mx/puebla/san-sebastian-tlacotepec/ojo-de-agua
75941,Zacatilihuic,Ranchería,San Sebastián Tlacotepec,Puebla,,Rural,https://postali.app/mx/puebla/san-sebastian-tlacotepec/zacatilihuic
75943,Coyomeatl,Ranchería,San Sebastián Tlacotepec,Puebla,,Rural,https://postali.app/mx/puebla/san-sebastian-tlacotepec/coyomeatl
75943,Cruztitla,Ranchería,San Sebastián Tlacotepec,Puebla,,Rural,https://postali.app/mx/puebla/san-sebastian-tlacotepec/cruztitla
75943,Naranjastitla de Victoria,Ranchería,San Sebastián Tlacotepec,Puebla,,Rural,https://postali.app/mx/puebla/san-sebastian-tlacotepec/naranjastitla-de-victoria
75943,Petlapa,Ejido,San Sebastián Tlacotepec,Puebla,,Rural,https://postali.app/mx/puebla/san-sebastian-tlacotepec/petlapa
75943,Tlazompa,Ranchería,San Sebastián Tlacotepec,Puebla,,Rural,https://postali.app/mx/puebla/san-sebastian-tlacotepec/tlazompa
75944,El Mirador,Ranchería,San Sebastián Tlacotepec,Puebla,,Rural,https://postali.app/mx/puebla/san-sebastian-tlacotepec/el-mirador
75944,Las Palmas,Ranchería,San Sebastián Tlacotepec,Puebla,,Rural,https://postali.app/mx/puebla/san-sebastian-tlacotepec/las-palmas
75944,Paso Azihuatl,Ranchería,San Sebastián Tlacotepec,Puebla,,Rural,https://postali.app/mx/puebla/san-sebastian-tlacotepec/paso-azihuatl
75944,Teololulco,Ranchería,San Sebastián Tlacotepec,Puebla,,Rural,https://postali.app/mx/puebla/san-sebastian-tlacotepec/teololulco
75944,Tepetla,Ranchería,San Sebastián Tlacotepec,Puebla,,Rural,https://postali.app/mx/puebla/san-sebastian-tlacotepec/tepetla
75944,Tlacxitla,Ranchería,San Sebastián Tlacotepec,Puebla,,Rural,https://postali.app/mx/puebla/san-sebastian-tlacotepec/tlacxitla
75944,Villa del Rio,Ranchería,San Sebastián Tlacotepec,Puebla,,Rural,https://postali.app/mx/puebla/san-sebastian-tlacotepec/villa-del-rio
75944,Vista Hermosa,Ranchería,San Sebastián Tlacotepec,Puebla,,Rural,https://postali.app/mx/puebla/san-sebastian-tlacotepec/vista-hermosa
75945,La Garrapata,Ranchería,San Sebastián Tlacotepec,Puebla,,Rural,https://postali.app/mx/puebla/san-sebastian-tlacotepec/la-garrapata
75945,Tecolotepec,Ranchería,San Sebastián Tlacotepec,Puebla,,Rural,https://postali.app/mx/puebla/san-sebastian-tlacotepec/tecolotepec
75945,Tepexilotla,Ranchería,San Sebastián Tlacotepec,Puebla,,Rural,https://postali.app/mx/puebla/san-sebastian-tlacotepec/tepexilotla
75945,Xalatiopa,Ranchería,San Sebastián Tlacotepec,Puebla,,Rural,https://postali.app/mx/puebla/san-sebastian-tlacotepec/xalatiopa
75945,Zacatepec de Bravo,Pueblo,San Sebastián Tlacotepec,Puebla,,Rural,https://postali.app/mx/puebla/san-sebastian-tlacotepec/zacatepec-de-bravo
75947,Buena Vista de Cuauhtémoc,Ranchería,San Sebastián Tlacotepec,Puebla,,Rural,https://postali.app/mx/puebla/san-sebastian-tlacotepec/buena-vista-de-cuauhtemoc
75947,Mazatzongo de Guerrero,Pueblo,San Sebastián Tlacotepec,Puebla,,Rural,https://postali.app/mx/puebla/san-sebastian-tlacotepec/mazatzongo-de-guerrero
75947,Peña Alta,Ranchería,San Sebastián Tlacotepec,Puebla,,Rural,https://postali.app/mx/puebla/san-sebastian-tlacotepec/pena-alta
75949,El Carpintero,Ranchería,San Sebastián Tlacotepec,Puebla,,Rural,https://postali.app/mx/puebla/san-sebastian-tlacotepec/el-carpintero
75949,Libres,Ranchería,San Sebastián Tlacotepec,Puebla,,Rural,https://postali.app/mx/puebla/san-sebastian-tlacotepec/libres
75949,Ovatgro y Atexiaca,Ranchería,San Sebastián Tlacotepec,Puebla,,Rural,https://postali.app/mx/puebla/san-sebastian-tlacotepec/ovatgro-y-atexiaca
75949,Pilola,Ranchería,San Sebastián Tlacotepec,Puebla,,Rural,https://postali.app/mx/puebla/san-sebastian-tlacotepec/pilola
75949,Yovalastoc,Ranchería,San Sebastián Tlacotepec,Puebla,,Rural,https://postali.app/mx/puebla/san-sebastian-tlacotepec/yovalastoc
75950,Altepexi,Pueblo,Altepexi,Puebla,,Rural,https://postali.app/mx/puebla/altepexi/altepexi
75950,Guadalupe,Colonia,Altepexi,Puebla,,Rural,https://postali.app/mx/puebla/altepexi/guadalupe
75950,Hidalgo,Colonia,Altepexi,Puebla,,Rural,https://postali.app/mx/puebla/altepexi/hidalgo
75950,Las Arboledas,Colonia,Altepexi,Puebla,,Rural,https://postali.app/mx/puebla/altepexi/las-arboledas
75950,Tres Cruces,Colonia,Altepexi,Puebla,,Rural,https://postali.app/mx/puebla/altepexi/tres-cruces
75960,Bicentenario,Colonia,Zinacatepec,Puebla,,Urbano,https://postali.app/mx/puebla/zinacatepec/bicentenario
75960,Del Carmen,Colonia,Zinacatepec,Puebla,,Rural,https://postali.app/mx/puebla/zinacatepec/del-carmen
75960,Francisco I. Madero,Colonia,Zinacatepec,Puebla,,Rural,https://postali.app/mx/puebla/zinacatepec/francisco-i-madero
75960,Francisco Villa,Colonia,Zinacatepec,Puebla,,Rural,https://postali.app/mx/puebla/zinacatepec/francisco-villa
75960,Guadalupe Zedillo,Colonia,Zinacatepec,Puebla,,Rural,https://postali.app/mx/puebla/zinacatepec/guadalupe-zedillo
75960,San Francisco,Colonia,Zinacatepec,Puebla,,Rural,https://postali.app/mx/puebla/zinacatepec/san-francisco
75960,San Miguel,Colonia,Zinacatepec,Puebla,,Rural,https://postali.app/mx/puebla/zinacatepec/san-miguel
75960,San Rafael,Colonia,Zinacatepec,Puebla,,Rural,https://postali.app/mx/puebla/zinacatepec/san-rafael
75960,San Sebastián Zinacatepec,Pueblo,Zinacatepec,Puebla,,Rural,https://postali.app/mx/puebla/zinacatepec/san-sebastian-zinacatepec
75960,Tlatzala,Colonia,Zinacatepec,Puebla,,Rural,https://postali.app/mx/puebla/zinacatepec/tlatzala
75960,Zentlapalt,Colonia,Zinacatepec,Puebla,,Rural,https://postali.app/mx/puebla/zinacatepec/zentlapalt
75970,San José Miahuatlán,Pueblo,San José Miahuatlán,Puebla,,Rural,https://postali.app/mx/puebla/san-jose-miahuatlan/san-jose-miahuatlan
75970,San Pedro Tetitlán,Pueblo,San José Miahuatlán,Puebla,,Rural,https://postali.app/mx/puebla/san-jose-miahuatlan/san-pedro-tetitlan
75972,San Mateo Tlacoxcalco,Pueblo,San José Miahuatlán,Puebla,,Rural,https://postali.app/mx/puebla/san-jose-miahuatlan/san-mateo-tlacoxcalco
75973,San Jerónimo Axochitlán,Pueblo,San José Miahuatlán,Puebla,,Rural,https://postali.app/mx/puebla/san-jose-miahuatlan/san-jeronimo-axochitlan
75975,San José Axusco,Pueblo,San José Miahuatlán,Puebla,,Rural,https://postali.app/mx/puebla/san-jose-miahuatlan/san-jose-axusco
75980,20 de Noviembre,Colonia,Coxcatlán,Puebla,,Rural,https://postali.app/mx/puebla/coxcatlan/20-de-noviembre
75980,Abasolo,Colonia,Coxcatlán,Puebla,,Rural,https://postali.app/mx/puebla/coxcatlan/abasolo
75980,Benito Juárez,Colonia,Coxcatlán,Puebla,,Rural,https://postali.app/mx/puebla/coxcatlan/benito-juarez
75980,Coxcatlán Centro,Colonia,Coxcatlán,Puebla,,Rural,https://postali.app/mx/puebla/coxcatlan/coxcatlan-centro
75980,Cruz de Palo,Colonia,Coxcatlán,Puebla,,Rural,https://postali.app/mx/puebla/coxcatlan/cruz-de-palo
75980,Donato Bravo Izquierdo,Colonia,Coxcatlán,Puebla,,Rural,https://postali.app/mx/puebla/coxcatlan/donato-bravo-izquierdo
75980,El Calvario,Colonia,Coxcatlán,Puebla,,Rural,https://postali.app/mx/puebla/coxcatlan/el-calvario
75980,Pala,Colonia,Coxcatlán,Puebla,,Rural,https://postali.app/mx/puebla/coxcatlan/pala
75980,Santa Cecilia,Colonia,Coxcatlán,Puebla,,Rural,https://postali.app/mx/puebla/coxcatlan/santa-cecilia
75980,Soledad,Colonia,Coxcatlán,Puebla,,Rural,https://postali.app/mx/puebla/coxcatlan/soledad
75980,Zapata,Colonia,Coxcatlán,Puebla,,Rural,https://postali.app/mx/puebla/coxcatlan/zapata
75981,Potrero,Ranchería,Coxcatlán,Puebla,,Rural,https://postali.app/mx/puebla/coxcatlan/potrero
75981,San José Tilapa,Pueblo,Coxcatlán,Puebla,,Rural,https://postali.app/mx/puebla/coxcatlan/san-jose-tilapa
75981,Vigastepec,Ranchería,Coxcatlán,Puebla,,Rural,https://postali.app/mx/puebla/coxcatlan/vigastepec
75985,Calipan,Pueblo,Coxcatlán,Puebla,,Rural,https://postali.app/mx/puebla/coxcatlan/calipan
75985,Carmen Serdán,Colonia,Coxcatlán,Puebla,,Rural,https://postali.app/mx/puebla/coxcatlan/carmen-serdan
75985,La Mariquilla,Colonia,Coxcatlán,Puebla,,Rural,https://postali.app/mx/puebla/coxcatlan/la-mariquilla
75985,Lomas del Paraíso,Colonia,Coxcatlán,Puebla,,Rural,https://postali.app/mx/puebla/coxcatlan/lomas-del-paraiso
75985,Obrera,Colonia,Coxcatlán,Puebla,,Rural,https://postali.app/mx/puebla/coxcatlan/obrera
75986,Chichiltepec,Ranchería,Coxcatlán,Puebla,,Rural,https://postali.app/mx/puebla/coxcatlan/chichiltepec
75986,Pala,Ranchería,Coxcatlán,Puebla,,Rural,https://postali.app/mx/puebla/coxcatlan/pala-75986
75987,Guadalupe Victoria (Pueblo Nuevo),Ranchería,Coxcatlán,Puebla,,Rural,https://postali.app/mx/puebla/coxcatlan/guadalupe-victoria-pueblo-nuevo
75987,San Rafael,Ranchería,Coxcatlán,Puebla,,Rural,https://postali.app/mx/puebla/coxcatlan/san-rafael
75988,Xacalco,Ranchería,Coxcatlán,Puebla,,Rural,https://postali.app/mx/puebla/coxcatlan/xacalco
75989,Calpuhuacan,Ranchería,Coxcatlán,Puebla,,Rural,https://postali.app/mx/puebla/coxcatlan/calpuhuacan
75989,Ocotlamanic,Ranchería,Coxcatlán,Puebla,,Rural,https://postali.app/mx/puebla/coxcatlan/ocotlamanic
75989,Tecoltepec,Ranchería,Coxcatlán,Puebla,,Rural,https://postali.app/mx/puebla/coxcatlan/tecoltepec
75989,Tepeyoloc,Ranchería,Coxcatlán,Puebla,,Rural,https://postali.app/mx/puebla/coxcatlan/tepeyoloc
75989,Tequexpalco,Ranchería,Coxcatlán,Puebla,,Rural,https://postali.app/mx/puebla/coxcatlan/tequexpalco
75990,Ahuatla,Barrio,Coyomeapan,Puebla,,Rural,https://postali.app/mx/puebla/coyomeapan/ahuatla
75990,Atempa,Ranchería,Coyomeapan,Puebla,,Rural,https://postali.app/mx/puebla/coyomeapan/atempa
75990,Atempanatl,Ranchería,Coyomeapan,Puebla,,Rural,https://postali.app/mx/puebla/coyomeapan/atempanatl
75990,Caxalli,Ranchería,Coyomeapan,Puebla,,Rural,https://postali.app/mx/puebla/coyomeapan/caxalli
75990,Cuarta Sección,Colonia,Coyomeapan,Puebla,,Rural,https://postali.app/mx/puebla/coyomeapan/cuarta-seccion
75990,Huilulco,Ranchería,Coyomeapan,Puebla,,Rural,https://postali.app/mx/puebla/coyomeapan/huilulco
75990,Ixtláhuac,Ranchería,Coyomeapan,Puebla,,Rural,https://postali.app/mx/puebla/coyomeapan/ixtlahuac
75990,San Gabriel Vista Hermosa,Ranchería,Coyomeapan,Puebla,,Rural,https://postali.app/mx/puebla/coyomeapan/san-gabriel-vista-hermosa
75990,San Juan Cuautla,Pueblo,Coyomeapan,Puebla,,Rural,https://postali.app/mx/puebla/coyomeapan/san-juan-cuautla
75990,San Marcos Tlaltlalkilotl,Ranchería,Coyomeapan,Puebla,,Rural,https://postali.app/mx/puebla/coyomeapan/san-marcos-tlaltlalkilotl
75990,San Pedro Tepeyac,Ranchería,Coyomeapan,Puebla,,Rural,https://postali.app/mx/puebla/coyomeapan/san-pedro-tepeyac
75990,Santa María Coyomeapan,Pueblo,Coyomeapan,Puebla,,Rural,https://postali.app/mx/puebla/coyomeapan/santa-maria-coyomeapan
75990,Segunda Sección,Colonia,Coyomeapan,Puebla,,Rural,https://postali.app/mx/puebla/coyomeapan/segunda-seccion
75990,Tlixco (Sección Tercera),Colonia,Coyomeapan,Puebla,,Rural,https://postali.app/mx/puebla/coyomeapan/tlixco-seccion-tercera
75990,Xocotla,Barrio,Coyomeapan,Puebla,,Rural,https://postali.app/mx/puebla/coyomeapan/xocotla
75991,San Miguel,Ranchería,Coyomeapan,Puebla,,Rural,https://postali.app/mx/puebla/coyomeapan/san-miguel
75991,Tepeaca de Zaragoza,Ranchería,Coyomeapan,Puebla,,Rural,https://postali.app/mx/puebla/coyomeapan/tepeaca-de-zaragoza
75993,Ahuatepec,Ranchería,Coyomeapan,Puebla,,Rural,https://postali.app/mx/puebla/coyomeapan/ahuatepec
75993,Bella Vista,Ranchería,Coyomeapan,Puebla,,Rural,https://postali.app/mx/puebla/coyomeapan/bella-vista
75993,Loma Bonita,Ranchería,Coyomeapan,Puebla,,Rural,https://postali.app/mx/puebla/coyomeapan/loma-bonita
75993,Morelos,Ranchería,Coyomeapan,Puebla,,Rural,https://postali.app/mx/puebla/coyomeapan/morelos
75993,Tepoxtla,Ranchería,Coyomeapan,Puebla,,Rural,https://postali.app/mx/puebla/coyomeapan/tepoxtla
75993,Tlaixtle,Ranchería,Coyomeapan,Puebla,,Rural,https://postali.app/mx/puebla/coyomeapan/tlaixtle
75993,Xomapa,Ranchería,Coyomeapan,Puebla,,Rural,https://postali.app/mx/puebla/coyomeapan/xomapa
75993,Yehualtepec,Ranchería,Coyomeapan,Puebla,,Rural,https://postali.app/mx/puebla/coyomeapan/yehualtepec
75994,Xochitlalpa,Ranchería,Coyomeapan,Puebla,,Rural,https://postali.app/mx/puebla/coyomeapan/xochitlalpa
75995,Chimalhuaca,Ranchería,Coyomeapan,Puebla,,Rural,https://postali.app/mx/puebla/coyomeapan/chimalhuaca
75995,Cuitzala,Ranchería,Coyomeapan,Puebla,,Rural,https://postali.app/mx/puebla/coyomeapan/cuitzala
75995,Matlahuacala,Ranchería,Coyomeapan,Puebla,,Rural,https://postali.app/mx/puebla/coyomeapan/matlahuacala
75995,Xaltelica,Ranchería,Coyomeapan,Puebla,,Rural,https://postali.app/mx/puebla/coyomeapan/xaltelica
75995,Xaltepec,Ranchería,Coyomeapan,Puebla,,Rural,https://postali.app/mx/puebla/coyomeapan/xaltepec
75995,Yerba Santa,Ranchería,Coyomeapan,Puebla,,Rural,https://postali.app/mx/puebla/coyomeapan/yerba-santa
75995,Yohuajca,Ranchería,Coyomeapan,Puebla,,Rural,https://postali.app/mx/puebla/coyomeapan/yohuajca
75995,Zayoyojca,Ranchería,Coyomeapan,Puebla,,Rural,https://postali.app/mx/puebla/coyomeapan/zayoyojca
75996,Tecuantiopa,Ranchería,Coyomeapan,Puebla,,Rural,https://postali.app/mx/puebla/coyomeapan/tecuantiopa
75996,Xochiapa,Ranchería,Coyomeapan,Puebla,,Rural,https://postali.app/mx/puebla/coyomeapan/xochiapa
75997,Ixtacxochitla,Ranchería,Coyomeapan,Puebla,,Rural,https://postali.app/mx/puebla/coyomeapan/ixtacxochitla
75997,Tequitlale,Ranchería,Coyomeapan,Puebla,,Rural,https://postali.app/mx/puebla/coyomeapan/tequitlale
