codigo_postal,asentamiento,tipo,municipio,estado,ciudad,zona,url
78000,San Luis Potosí Centro,Colonia,San Luis Potosí,San Luis Potosí,San Luis Potosí,Urbano,https://postali.app/mx/san-luis-potosi/san-luis-potosi/san-luis-potosi-centro
78037,Cerrada Tlaxcala,Fraccionamiento,San Luis Potosí,San Luis Potosí,San Luis Potosí,Urbano,https://postali.app/mx/san-luis-potosi/san-luis-potosi/cerrada-tlaxcala
78037,La Paz,Colonia,San Luis Potosí,San Luis Potosí,San Luis Potosí,Urbano,https://postali.app/mx/san-luis-potosi/san-luis-potosi/la-paz
78038,Privada Caracol,Fraccionamiento,San Luis Potosí,San Luis Potosí,San Luis Potosí,Urbano,https://postali.app/mx/san-luis-potosi/san-luis-potosi/privada-caracol
78038,Tlaxcala,Barrio,San Luis Potosí,San Luis Potosí,San Luis Potosí,Urbano,https://postali.app/mx/san-luis-potosi/san-luis-potosi/tlaxcala
78040,Hidalgo,Colonia,San Luis Potosí,San Luis Potosí,San Luis Potosí,Urbano,https://postali.app/mx/san-luis-potosi/san-luis-potosi/hidalgo
78049,Colonial Huerta Real,Condominio,San Luis Potosí,San Luis Potosí,San Luis Potosí,Urbano,https://postali.app/mx/san-luis-potosi/san-luis-potosi/colonial-huerta-real
78049,Conjunto Pedro Moreno,Fraccionamiento,San Luis Potosí,San Luis Potosí,San Luis Potosí,Urbano,https://postali.app/mx/san-luis-potosi/san-luis-potosi/conjunto-pedro-moreno
78049,Fresnos del Río,Fraccionamiento,San Luis Potosí,San Luis Potosí,San Luis Potosí,Urbano,https://postali.app/mx/san-luis-potosi/san-luis-potosi/fresnos-del-rio
78049,Juan Álvarez,Colonia,San Luis Potosí,San Luis Potosí,San Luis Potosí,Urbano,https://postali.app/mx/san-luis-potosi/san-luis-potosi/juan-alvarez
78049,Privada Altamirano,Fraccionamiento,San Luis Potosí,San Luis Potosí,San Luis Potosí,Urbano,https://postali.app/mx/san-luis-potosi/san-luis-potosi/privada-altamirano
78049,Privada El Campanario,Fraccionamiento,San Luis Potosí,San Luis Potosí,San Luis Potosí,Urbano,https://postali.app/mx/san-luis-potosi/san-luis-potosi/privada-el-campanario
78049,Privada Residencial Real de Álvarez,Fraccionamiento,San Luis Potosí,San Luis Potosí,San Luis Potosí,Urbano,https://postali.app/mx/san-luis-potosi/san-luis-potosi/privada-residencial-real-de-alvarez
78049,Residencial las Moras,Fraccionamiento,San Luis Potosí,San Luis Potosí,San Luis Potosí,Urbano,https://postali.app/mx/san-luis-potosi/san-luis-potosi/residencial-las-moras
78049,Ribera de Santiago,Fraccionamiento,San Luis Potosí,San Luis Potosí,San Luis Potosí,Urbano,https://postali.app/mx/san-luis-potosi/san-luis-potosi/ribera-de-santiago
78049,Rinconada de Santiago,Colonia,San Luis Potosí,San Luis Potosí,San Luis Potosí,Urbano,https://postali.app/mx/san-luis-potosi/san-luis-potosi/rinconada-de-santiago
78049,Rinconada San Juan,Fraccionamiento,San Luis Potosí,San Luis Potosí,San Luis Potosí,Urbano,https://postali.app/mx/san-luis-potosi/san-luis-potosi/rinconada-san-juan
78049,Santiago del Río,Barrio,San Luis Potosí,San Luis Potosí,San Luis Potosí,Urbano,https://postali.app/mx/san-luis-potosi/san-luis-potosi/santiago-del-rio
78049,Santiago del Río,Fraccionamiento,San Luis Potosí,San Luis Potosí,San Luis Potosí,Urbano,https://postali.app/mx/san-luis-potosi/san-luis-potosi/santiago-del-rio-78049
78049,Villas de Pedro Moreno,Fraccionamiento,San Luis Potosí,San Luis Potosí,San Luis Potosí,Urbano,https://postali.app/mx/san-luis-potosi/san-luis-potosi/villas-de-pedro-moreno
78100,Albea,Fraccionamiento,San Luis Potosí,San Luis Potosí,San Luis Potosí,Urbano,https://postali.app/mx/san-luis-potosi/san-luis-potosi/albea
78100,Arboledas Tangamanga,Fraccionamiento,San Luis Potosí,San Luis Potosí,San Luis Potosí,Urbano,https://postali.app/mx/san-luis-potosi/san-luis-potosi/arboledas-tangamanga
78100,Barrio Vergel,Fraccionamiento,San Luis Potosí,San Luis Potosí,San Luis Potosí,Urbano,https://postali.app/mx/san-luis-potosi/san-luis-potosi/barrio-vergel
78100,Campesina,Colonia,San Luis Potosí,San Luis Potosí,San Luis Potosí,Urbano,https://postali.app/mx/san-luis-potosi/san-luis-potosi/campesina
78100,Cerca del Cielo,Fraccionamiento,San Luis Potosí,San Luis Potosí,San Luis Potosí,Urbano,https://postali.app/mx/san-luis-potosi/san-luis-potosi/cerca-del-cielo
78100,Compostela,Fraccionamiento,San Luis Potosí,San Luis Potosí,San Luis Potosí,Urbano,https://postali.app/mx/san-luis-potosi/san-luis-potosi/compostela
78100,Compostela II,Fraccionamiento,San Luis Potosí,San Luis Potosí,San Luis Potosí,Urbano,https://postali.app/mx/san-luis-potosi/san-luis-potosi/compostela-ii
78100,El Milagro,Fraccionamiento,San Luis Potosí,San Luis Potosí,San Luis Potosí,Urbano,https://postali.app/mx/san-luis-potosi/san-luis-potosi/el-milagro
78100,El Oasis,Colonia,San Luis Potosí,San Luis Potosí,San Luis Potosí,Urbano,https://postali.app/mx/san-luis-potosi/san-luis-potosi/el-oasis
78100,Huachichiles,Colonia,San Luis Potosí,San Luis Potosí,San Luis Potosí,Urbano,https://postali.app/mx/san-luis-potosi/san-luis-potosi/huachichiles
78100,La Herradura,Rancho,San Luis Potosí,San Luis Potosí,,Rural,https://postali.app/mx/san-luis-potosi/san-luis-potosi/la-herradura
78100,Los Alcatraces,Fraccionamiento,San Luis Potosí,San Luis Potosí,San Luis Potosí,Urbano,https://postali.app/mx/san-luis-potosi/san-luis-potosi/los-alcatraces
78100,Los Magueyes,Fraccionamiento,San Luis Potosí,San Luis Potosí,San Luis Potosí,Urbano,https://postali.app/mx/san-luis-potosi/san-luis-potosi/los-magueyes
78100,Los Puertos,Fraccionamiento,San Luis Potosí,San Luis Potosí,San Luis Potosí,Urbano,https://postali.app/mx/san-luis-potosi/san-luis-potosi/los-puertos
78100,Los Tules,Fraccionamiento,San Luis Potosí,San Luis Potosí,San Luis Potosí,Urbano,https://postali.app/mx/san-luis-potosi/san-luis-potosi/los-tules
78100,Los Vargas,Barrio,San Luis Potosí,San Luis Potosí,,Rural,https://postali.app/mx/san-luis-potosi/san-luis-potosi/los-vargas
78100,Luis Córdova Reyes,Colonia,San Luis Potosí,San Luis Potosí,San Luis Potosí,Urbano,https://postali.app/mx/san-luis-potosi/san-luis-potosi/luis-cordova-reyes
78100,Matamoros,Colonia,San Luis Potosí,San Luis Potosí,San Luis Potosí,Urbano,https://postali.app/mx/san-luis-potosi/san-luis-potosi/matamoros
78100,Molinos del Rey,Fraccionamiento,San Luis Potosí,San Luis Potosí,San Luis Potosí,Urbano,https://postali.app/mx/san-luis-potosi/san-luis-potosi/molinos-del-rey
78100,Mártires de La Revolución,Colonia,San Luis Potosí,San Luis Potosí,San Luis Potosí,Urbano,https://postali.app/mx/san-luis-potosi/san-luis-potosi/martires-de-la-revolucion
78100,Mártires de Río Blanco,Colonia,San Luis Potosí,San Luis Potosí,San Luis Potosí,Urbano,https://postali.app/mx/san-luis-potosi/san-luis-potosi/martires-de-rio-blanco
78100,Nueva Creación,Fraccionamiento,San Luis Potosí,San Luis Potosí,San Luis Potosí,Urbano,https://postali.app/mx/san-luis-potosi/san-luis-potosi/nueva-creacion
78100,Real de Peñasco,Colonia,San Luis Potosí,San Luis Potosí,San Luis Potosí,Urbano,https://postali.app/mx/san-luis-potosi/san-luis-potosi/real-de-penasco
78100,Rinconada de los Magueyes,Fraccionamiento,San Luis Potosí,San Luis Potosí,San Luis Potosí,Urbano,https://postali.app/mx/san-luis-potosi/san-luis-potosi/rinconada-de-los-magueyes
78100,Rincón Verde,Colonia,San Luis Potosí,San Luis Potosí,San Luis Potosí,Urbano,https://postali.app/mx/san-luis-potosi/san-luis-potosi/rincon-verde
78100,Rubén Jaramillo,Fraccionamiento,San Luis Potosí,San Luis Potosí,San Luis Potosí,Urbano,https://postali.app/mx/san-luis-potosi/san-luis-potosi/ruben-jaramillo
78100,Tangamanga II,Fraccionamiento,San Luis Potosí,San Luis Potosí,San Luis Potosí,Urbano,https://postali.app/mx/san-luis-potosi/san-luis-potosi/tangamanga-ii
78100,Tercera Chica,Colonia,San Luis Potosí,San Luis Potosí,San Luis Potosí,Urbano,https://postali.app/mx/san-luis-potosi/san-luis-potosi/tercera-chica
78100,Torremolinos,Fraccionamiento,San Luis Potosí,San Luis Potosí,San Luis Potosí,Urbano,https://postali.app/mx/san-luis-potosi/san-luis-potosi/torremolinos
78100,Torremolinos Dos,Fraccionamiento,San Luis Potosí,San Luis Potosí,San Luis Potosí,Urbano,https://postali.app/mx/san-luis-potosi/san-luis-potosi/torremolinos-dos
78100,Torres de San Francisco,Fraccionamiento,San Luis Potosí,San Luis Potosí,San Luis Potosí,Urbano,https://postali.app/mx/san-luis-potosi/san-luis-potosi/torres-de-san-francisco
78100,Valle San José,Fraccionamiento,San Luis Potosí,San Luis Potosí,San Luis Potosí,Urbano,https://postali.app/mx/san-luis-potosi/san-luis-potosi/valle-san-jose
78100,Villa Esperanza,Condominio,San Luis Potosí,San Luis Potosí,San Luis Potosí,Urbano,https://postali.app/mx/san-luis-potosi/san-luis-potosi/villa-esperanza
78100,Villa Fontana,Fraccionamiento,San Luis Potosí,San Luis Potosí,San Luis Potosí,Urbano,https://postali.app/mx/san-luis-potosi/san-luis-potosi/villa-fontana
78100,Villa María,Fraccionamiento,San Luis Potosí,San Luis Potosí,San Luis Potosí,Urbano,https://postali.app/mx/san-luis-potosi/san-luis-potosi/villa-maria
78100,Árbol del Gallo,Colonia,San Luis Potosí,San Luis Potosí,San Luis Potosí,Urbano,https://postali.app/mx/san-luis-potosi/san-luis-potosi/arbol-del-gallo
78106,La Morena,Colonia,San Luis Potosí,San Luis Potosí,San Luis Potosí,Urbano,https://postali.app/mx/san-luis-potosi/san-luis-potosi/la-morena
78107,Garita de Saltillo,Colonia,San Luis Potosí,San Luis Potosí,San Luis Potosí,Urbano,https://postali.app/mx/san-luis-potosi/san-luis-potosi/garita-de-saltillo
78107,La Tuna,Colonia,San Luis Potosí,San Luis Potosí,San Luis Potosí,Urbano,https://postali.app/mx/san-luis-potosi/san-luis-potosi/la-tuna
78109,Jardines del Río,Fraccionamiento,San Luis Potosí,San Luis Potosí,San Luis Potosí,Urbano,https://postali.app/mx/san-luis-potosi/san-luis-potosi/jardines-del-rio
78109,Las Flores,Colonia,San Luis Potosí,San Luis Potosí,San Luis Potosí,Urbano,https://postali.app/mx/san-luis-potosi/san-luis-potosi/las-flores
78109,Los Girasoles,Fraccionamiento,San Luis Potosí,San Luis Potosí,San Luis Potosí,Urbano,https://postali.app/mx/san-luis-potosi/san-luis-potosi/los-girasoles
78109,Villa de las Flores,Fraccionamiento,San Luis Potosí,San Luis Potosí,San Luis Potosí,Urbano,https://postali.app/mx/san-luis-potosi/san-luis-potosi/villa-de-las-flores
78110,Camino Real,Fraccionamiento,San Luis Potosí,San Luis Potosí,San Luis Potosí,Urbano,https://postali.app/mx/san-luis-potosi/san-luis-potosi/camino-real
78110,Cerrada los Ángeles,Fraccionamiento,San Luis Potosí,San Luis Potosí,San Luis Potosí,Urbano,https://postali.app/mx/san-luis-potosi/san-luis-potosi/cerrada-los-angeles
78110,División del Norte,Colonia,San Luis Potosí,San Luis Potosí,San Luis Potosí,Urbano,https://postali.app/mx/san-luis-potosi/san-luis-potosi/division-del-norte
78110,El Saucito,Colonia,San Luis Potosí,San Luis Potosí,San Luis Potosí,Urbano,https://postali.app/mx/san-luis-potosi/san-luis-potosi/el-saucito
78110,Eulalio Gutiérrez,Colonia,San Luis Potosí,San Luis Potosí,San Luis Potosí,Urbano,https://postali.app/mx/san-luis-potosi/san-luis-potosi/eulalio-gutierrez
78110,Imperio Azteca,Colonia,San Luis Potosí,San Luis Potosí,San Luis Potosí,Urbano,https://postali.app/mx/san-luis-potosi/san-luis-potosi/imperio-azteca
78110,María Amelia,Fraccionamiento,San Luis Potosí,San Luis Potosí,San Luis Potosí,Urbano,https://postali.app/mx/san-luis-potosi/san-luis-potosi/maria-amelia
78110,San Arturo,Fraccionamiento,San Luis Potosí,San Luis Potosí,San Luis Potosí,Urbano,https://postali.app/mx/san-luis-potosi/san-luis-potosi/san-arturo
78110,Villas del Roble,Fraccionamiento,San Luis Potosí,San Luis Potosí,San Luis Potosí,Urbano,https://postali.app/mx/san-luis-potosi/san-luis-potosi/villas-del-roble
78110,Vive Residencial,Fraccionamiento,San Luis Potosí,San Luis Potosí,San Luis Potosí,Urbano,https://postali.app/mx/san-luis-potosi/san-luis-potosi/vive-residencial
78116,Del Sauce,Colonia,San Luis Potosí,San Luis Potosí,San Luis Potosí,Urbano,https://postali.app/mx/san-luis-potosi/san-luis-potosi/del-sauce
78116,El Sauzalite,Colonia,San Luis Potosí,San Luis Potosí,San Luis Potosí,Urbano,https://postali.app/mx/san-luis-potosi/san-luis-potosi/el-sauzalite
78116,El Sauzalito,Colonia,San Luis Potosí,San Luis Potosí,San Luis Potosí,Urbano,https://postali.app/mx/san-luis-potosi/san-luis-potosi/el-sauzalito
78116,Jardines del Sauzal,Colonia,San Luis Potosí,San Luis Potosí,San Luis Potosí,Urbano,https://postali.app/mx/san-luis-potosi/san-luis-potosi/jardines-del-sauzal
78116,Privada San Angelín,Fraccionamiento,San Luis Potosí,San Luis Potosí,San Luis Potosí,Urbano,https://postali.app/mx/san-luis-potosi/san-luis-potosi/privada-san-angelin
78116,Rancho la Cruz,Colonia,San Luis Potosí,San Luis Potosí,San Luis Potosí,Urbano,https://postali.app/mx/san-luis-potosi/san-luis-potosi/rancho-la-cruz
78116,Residencial Sauzalito,Condominio,San Luis Potosí,San Luis Potosí,San Luis Potosí,Urbano,https://postali.app/mx/san-luis-potosi/san-luis-potosi/residencial-sauzalito
78116,Rinconadas,Fraccionamiento,San Luis Potosí,San Luis Potosí,San Luis Potosí,Urbano,https://postali.app/mx/san-luis-potosi/san-luis-potosi/rinconadas
78116,Salazares,Colonia,San Luis Potosí,San Luis Potosí,San Luis Potosí,Urbano,https://postali.app/mx/san-luis-potosi/san-luis-potosi/salazares
78116,San Angelín,Fraccionamiento,San Luis Potosí,San Luis Potosí,San Luis Potosí,Urbano,https://postali.app/mx/san-luis-potosi/san-luis-potosi/san-angelin
78116,San Angelín II,Colonia,San Luis Potosí,San Luis Potosí,San Luis Potosí,Urbano,https://postali.app/mx/san-luis-potosi/san-luis-potosi/san-angelin-ii
78116,San Fernando,Colonia,San Luis Potosí,San Luis Potosí,San Luis Potosí,Urbano,https://postali.app/mx/san-luis-potosi/san-luis-potosi/san-fernando
78116,Santa Rosa,Colonia,San Luis Potosí,San Luis Potosí,San Luis Potosí,Urbano,https://postali.app/mx/san-luis-potosi/san-luis-potosi/santa-rosa
78116,Villas del Saucito,Colonia,San Luis Potosí,San Luis Potosí,San Luis Potosí,Urbano,https://postali.app/mx/san-luis-potosi/san-luis-potosi/villas-del-saucito
78116,Villas del Sauzalito,Colonia,San Luis Potosí,San Luis Potosí,San Luis Potosí,Urbano,https://postali.app/mx/san-luis-potosi/san-luis-potosi/villas-del-sauzalito
78117,El Arenal,Fraccionamiento,San Luis Potosí,San Luis Potosí,San Luis Potosí,Urbano,https://postali.app/mx/san-luis-potosi/san-luis-potosi/el-arenal
78117,El Tabacal,Fraccionamiento,San Luis Potosí,San Luis Potosí,San Luis Potosí,Urbano,https://postali.app/mx/san-luis-potosi/san-luis-potosi/el-tabacal
78117,Fracción la Angostura Norte,Colonia,San Luis Potosí,San Luis Potosí,,Rural,https://postali.app/mx/san-luis-potosi/san-luis-potosi/fraccion-la-angostura-norte
78117,Geovillas de San Luis,Fraccionamiento,San Luis Potosí,San Luis Potosí,San Luis Potosí,Urbano,https://postali.app/mx/san-luis-potosi/san-luis-potosi/geovillas-de-san-luis
78117,Granjas la Estrella,Colonia,San Luis Potosí,San Luis Potosí,San Luis Potosí,Urbano,https://postali.app/mx/san-luis-potosi/san-luis-potosi/granjas-la-estrella
78117,Jardines de María Cecilia,Fraccionamiento,San Luis Potosí,San Luis Potosí,San Luis Potosí,Urbano,https://postali.app/mx/san-luis-potosi/san-luis-potosi/jardines-de-maria-cecilia
78117,La Angostura,Colonia,San Luis Potosí,San Luis Potosí,San Luis Potosí,Urbano,https://postali.app/mx/san-luis-potosi/san-luis-potosi/la-angostura
78117,La Unión,Colonia,San Luis Potosí,San Luis Potosí,,Rural,https://postali.app/mx/san-luis-potosi/san-luis-potosi/la-union
78117,Los Olivos,Rancho,San Luis Potosí,San Luis Potosí,,Rural,https://postali.app/mx/san-luis-potosi/san-luis-potosi/los-olivos
78117,Los Pinos,Fraccionamiento,San Luis Potosí,San Luis Potosí,San Luis Potosí,Urbano,https://postali.app/mx/san-luis-potosi/san-luis-potosi/los-pinos
78117,Maravillas,Fraccionamiento,San Luis Potosí,San Luis Potosí,San Luis Potosí,Urbano,https://postali.app/mx/san-luis-potosi/san-luis-potosi/maravillas
78117,María Cecilia,Fraccionamiento,San Luis Potosí,San Luis Potosí,San Luis Potosí,Urbano,https://postali.app/mx/san-luis-potosi/san-luis-potosi/maria-cecilia
78117,María Cecilia Norte,Fraccionamiento,San Luis Potosí,San Luis Potosí,San Luis Potosí,Urbano,https://postali.app/mx/san-luis-potosi/san-luis-potosi/maria-cecilia-norte
78117,Plan Ponciano Arriaga,Fraccionamiento,San Luis Potosí,San Luis Potosí,San Luis Potosí,Urbano,https://postali.app/mx/san-luis-potosi/san-luis-potosi/plan-ponciano-arriaga
78117,Privada María Cecilia,Fraccionamiento,San Luis Potosí,San Luis Potosí,San Luis Potosí,Urbano,https://postali.app/mx/san-luis-potosi/san-luis-potosi/privada-maria-cecilia
78117,Punta del Valle,Fraccionamiento,San Luis Potosí,San Luis Potosí,San Luis Potosí,Urbano,https://postali.app/mx/san-luis-potosi/san-luis-potosi/punta-del-valle
78117,Rinconadas de María Cecilia,Fraccionamiento,San Luis Potosí,San Luis Potosí,San Luis Potosí,Urbano,https://postali.app/mx/san-luis-potosi/san-luis-potosi/rinconadas-de-maria-cecilia
78117,San Angelín III,Fraccionamiento,San Luis Potosí,San Luis Potosí,San Luis Potosí,Urbano,https://postali.app/mx/san-luis-potosi/san-luis-potosi/san-angelin-iii
78117,Santa Rosalía,Fraccionamiento,San Luis Potosí,San Luis Potosí,San Luis Potosí,Urbano,https://postali.app/mx/san-luis-potosi/san-luis-potosi/santa-rosalia
78117,Villa de Las Flores II,Colonia,San Luis Potosí,San Luis Potosí,San Luis Potosí,Urbano,https://postali.app/mx/san-luis-potosi/san-luis-potosi/villa-de-las-flores-ii
78117,Villas de Santiago,Fraccionamiento,San Luis Potosí,San Luis Potosí,San Luis Potosí,Urbano,https://postali.app/mx/san-luis-potosi/san-luis-potosi/villas-de-santiago
78117,Villas del Ajusco,Fraccionamiento,San Luis Potosí,San Luis Potosí,San Luis Potosí,Urbano,https://postali.app/mx/san-luis-potosi/san-luis-potosi/villas-del-ajusco
78117,Villas del Sauce,Colonia,San Luis Potosí,San Luis Potosí,San Luis Potosí,Urbano,https://postali.app/mx/san-luis-potosi/san-luis-potosi/villas-del-sauce
78120,Condado del Sauzal,Colonia,San Luis Potosí,San Luis Potosí,San Luis Potosí,Urbano,https://postali.app/mx/san-luis-potosi/san-luis-potosi/condado-del-sauzal
78120,El Rosedal,Fraccionamiento,San Luis Potosí,San Luis Potosí,San Luis Potosí,Urbano,https://postali.app/mx/san-luis-potosi/san-luis-potosi/el-rosedal
78120,Fuentes del Sauce,Fraccionamiento,San Luis Potosí,San Luis Potosí,San Luis Potosí,Urbano,https://postali.app/mx/san-luis-potosi/san-luis-potosi/fuentes-del-sauce
78120,Hidalgo,Fraccionamiento,San Luis Potosí,San Luis Potosí,San Luis Potosí,Urbano,https://postali.app/mx/san-luis-potosi/san-luis-potosi/hidalgo-78120
78120,La Forestal,Colonia,San Luis Potosí,San Luis Potosí,San Luis Potosí,Urbano,https://postali.app/mx/san-luis-potosi/san-luis-potosi/la-forestal
78120,Las Brisas,Fraccionamiento,San Luis Potosí,San Luis Potosí,San Luis Potosí,Urbano,https://postali.app/mx/san-luis-potosi/san-luis-potosi/las-brisas
78120,Las Fuentes Conjunto Habitacional,Fraccionamiento,San Luis Potosí,San Luis Potosí,San Luis Potosí,Urbano,https://postali.app/mx/san-luis-potosi/san-luis-potosi/las-fuentes-conjunto-habitacional
78120,Los Limones,Fraccionamiento,San Luis Potosí,San Luis Potosí,San Luis Potosí,Urbano,https://postali.app/mx/san-luis-potosi/san-luis-potosi/los-limones
78120,Los Limones,Colonia,San Luis Potosí,San Luis Potosí,San Luis Potosí,Urbano,https://postali.app/mx/san-luis-potosi/san-luis-potosi/los-limones-78120
78120,Mediterránea Residencial,Fraccionamiento,San Luis Potosí,San Luis Potosí,San Luis Potosí,Urbano,https://postali.app/mx/san-luis-potosi/san-luis-potosi/mediterranea-residencial
78120,Privada Vista Hermosa,Fraccionamiento,San Luis Potosí,San Luis Potosí,San Luis Potosí,Urbano,https://postali.app/mx/san-luis-potosi/san-luis-potosi/privada-vista-hermosa
78120,Privada Vista Real,Fraccionamiento,San Luis Potosí,San Luis Potosí,San Luis Potosí,Urbano,https://postali.app/mx/san-luis-potosi/san-luis-potosi/privada-vista-real
78120,Residencial Villerías,Condominio,San Luis Potosí,San Luis Potosí,San Luis Potosí,Urbano,https://postali.app/mx/san-luis-potosi/san-luis-potosi/residencial-villerias
78120,San Ángel,Colonia,San Luis Potosí,San Luis Potosí,San Luis Potosí,Urbano,https://postali.app/mx/san-luis-potosi/san-luis-potosi/san-angel
78120,Villas del Rosedal,Fraccionamiento,San Luis Potosí,San Luis Potosí,San Luis Potosí,Urbano,https://postali.app/mx/san-luis-potosi/san-luis-potosi/villas-del-rosedal
78120,Wenceslao Victoria,Colonia,San Luis Potosí,San Luis Potosí,San Luis Potosí,Urbano,https://postali.app/mx/san-luis-potosi/san-luis-potosi/wenceslao-victoria
78130,Arboledas de Jacarandas,Fraccionamiento,San Luis Potosí,San Luis Potosí,San Luis Potosí,Urbano,https://postali.app/mx/san-luis-potosi/san-luis-potosi/arboledas-de-jacarandas
78130,Argenta,Fraccionamiento,San Luis Potosí,San Luis Potosí,San Luis Potosí,Urbano,https://postali.app/mx/san-luis-potosi/san-luis-potosi/argenta
78130,Buenos Aires,Colonia,San Luis Potosí,San Luis Potosí,San Luis Potosí,Urbano,https://postali.app/mx/san-luis-potosi/san-luis-potosi/buenos-aires
78130,El Mezquital,Colonia,San Luis Potosí,San Luis Potosí,San Luis Potosí,Urbano,https://postali.app/mx/san-luis-potosi/san-luis-potosi/el-mezquital
78130,Hacienda de Juan Pablo,Fraccionamiento,San Luis Potosí,San Luis Potosí,San Luis Potosí,Urbano,https://postali.app/mx/san-luis-potosi/san-luis-potosi/hacienda-de-juan-pablo
78130,Haciendas del Mezquital,Fraccionamiento,San Luis Potosí,San Luis Potosí,San Luis Potosí,Urbano,https://postali.app/mx/san-luis-potosi/san-luis-potosi/haciendas-del-mezquital
78130,Juan Pablo,Fraccionamiento,San Luis Potosí,San Luis Potosí,San Luis Potosí,Urbano,https://postali.app/mx/san-luis-potosi/san-luis-potosi/juan-pablo
78130,Lomas del Mezquital,Colonia,San Luis Potosí,San Luis Potosí,San Luis Potosí,Urbano,https://postali.app/mx/san-luis-potosi/san-luis-potosi/lomas-del-mezquital
78130,Los Olivos,Fraccionamiento,San Luis Potosí,San Luis Potosí,San Luis Potosí,Urbano,https://postali.app/mx/san-luis-potosi/san-luis-potosi/los-olivos-78130
78130,Luis Donaldo Colosio,Fraccionamiento,San Luis Potosí,San Luis Potosí,San Luis Potosí,Urbano,https://postali.app/mx/san-luis-potosi/san-luis-potosi/luis-donaldo-colosio
78130,Martínez del Mezquital,Colonia,San Luis Potosí,San Luis Potosí,San Luis Potosí,Urbano,https://postali.app/mx/san-luis-potosi/san-luis-potosi/martinez-del-mezquital
78130,Morales Saucito,Colonia,San Luis Potosí,San Luis Potosí,San Luis Potosí,Urbano,https://postali.app/mx/san-luis-potosi/san-luis-potosi/morales-saucito
78130,Morelos,Colonia,San Luis Potosí,San Luis Potosí,San Luis Potosí,Urbano,https://postali.app/mx/san-luis-potosi/san-luis-potosi/morelos
78130,Paseo de las Arboledas II,Fraccionamiento,San Luis Potosí,San Luis Potosí,San Luis Potosí,Urbano,https://postali.app/mx/san-luis-potosi/san-luis-potosi/paseo-de-las-arboledas-ii
78130,Privada Campo Real,Fraccionamiento,San Luis Potosí,San Luis Potosí,San Luis Potosí,Urbano,https://postali.app/mx/san-luis-potosi/san-luis-potosi/privada-campo-real
78130,Rinconada del Mezquital,Fraccionamiento,San Luis Potosí,San Luis Potosí,San Luis Potosí,Urbano,https://postali.app/mx/san-luis-potosi/san-luis-potosi/rinconada-del-mezquital
78130,Rural Atlas,Colonia,San Luis Potosí,San Luis Potosí,San Luis Potosí,Urbano,https://postali.app/mx/san-luis-potosi/san-luis-potosi/rural-atlas
78130,San Gerardo,Colonia,San Luis Potosí,San Luis Potosí,San Luis Potosí,Urbano,https://postali.app/mx/san-luis-potosi/san-luis-potosi/san-gerardo
78130,San Humberto,Fraccionamiento,San Luis Potosí,San Luis Potosí,San Luis Potosí,Urbano,https://postali.app/mx/san-luis-potosi/san-luis-potosi/san-humberto
78130,San Miguel,Fraccionamiento,San Luis Potosí,San Luis Potosí,San Luis Potosí,Urbano,https://postali.app/mx/san-luis-potosi/san-luis-potosi/san-miguel
78130,Sonata Residencial,Fraccionamiento,San Luis Potosí,San Luis Potosí,San Luis Potosí,Urbano,https://postali.app/mx/san-luis-potosi/san-luis-potosi/sonata-residencial
78130,Valle del Mezquital,Fraccionamiento,San Luis Potosí,San Luis Potosí,San Luis Potosí,Urbano,https://postali.app/mx/san-luis-potosi/san-luis-potosi/valle-del-mezquital
78130,Valle Escondido,Fraccionamiento,San Luis Potosí,San Luis Potosí,San Luis Potosí,Urbano,https://postali.app/mx/san-luis-potosi/san-luis-potosi/valle-escondido
78130,Villas del Mezquital,Fraccionamiento,San Luis Potosí,San Luis Potosí,San Luis Potosí,Urbano,https://postali.app/mx/san-luis-potosi/san-luis-potosi/villas-del-mezquital
78130,Vista del Sol,Fraccionamiento,San Luis Potosí,San Luis Potosí,San Luis Potosí,Urbano,https://postali.app/mx/san-luis-potosi/san-luis-potosi/vista-del-sol
78133,Alborada,Fraccionamiento,San Luis Potosí,San Luis Potosí,San Luis Potosí,Urbano,https://postali.app/mx/san-luis-potosi/san-luis-potosi/alborada
78133,Paseo de las Arboledas,Colonia,San Luis Potosí,San Luis Potosí,San Luis Potosí,Urbano,https://postali.app/mx/san-luis-potosi/san-luis-potosi/paseo-de-las-arboledas
78133,Villas de Buenos Aires I,Fraccionamiento,San Luis Potosí,San Luis Potosí,San Luis Potosí,Urbano,https://postali.app/mx/san-luis-potosi/san-luis-potosi/villas-de-buenos-aires-i
78133,Villas de Buenos Aires II,Fraccionamiento,San Luis Potosí,San Luis Potosí,San Luis Potosí,Urbano,https://postali.app/mx/san-luis-potosi/san-luis-potosi/villas-de-buenos-aires-ii
78133,Villas de Buenos Aires III,Fraccionamiento,San Luis Potosí,San Luis Potosí,San Luis Potosí,Urbano,https://postali.app/mx/san-luis-potosi/san-luis-potosi/villas-de-buenos-aires-iii
78135,Bosques de Jacarandas,Fraccionamiento,San Luis Potosí,San Luis Potosí,San Luis Potosí,Urbano,https://postali.app/mx/san-luis-potosi/san-luis-potosi/bosques-de-jacarandas
78135,Diez de Abril,Colonia,San Luis Potosí,San Luis Potosí,San Luis Potosí,Urbano,https://postali.app/mx/san-luis-potosi/san-luis-potosi/diez-de-abril
78135,Privada del Molino,Fraccionamiento,San Luis Potosí,San Luis Potosí,San Luis Potosí,Urbano,https://postali.app/mx/san-luis-potosi/san-luis-potosi/privada-del-molino
78135,Privada San Gabriel,Colonia,San Luis Potosí,San Luis Potosí,San Luis Potosí,Urbano,https://postali.app/mx/san-luis-potosi/san-luis-potosi/privada-san-gabriel
78135,Residencial Tres Cántaros,Fraccionamiento,San Luis Potosí,San Luis Potosí,San Luis Potosí,Urbano,https://postali.app/mx/san-luis-potosi/san-luis-potosi/residencial-tres-cantaros
78135,Rinconada Minerva Jacarandas,Fraccionamiento,San Luis Potosí,San Luis Potosí,San Luis Potosí,Urbano,https://postali.app/mx/san-luis-potosi/san-luis-potosi/rinconada-minerva-jacarandas
78136,Casanova,Colonia,San Luis Potosí,San Luis Potosí,San Luis Potosí,Urbano,https://postali.app/mx/san-luis-potosi/san-luis-potosi/casanova
78136,Hacienda de Santiago,Fraccionamiento,San Luis Potosí,San Luis Potosí,San Luis Potosí,Urbano,https://postali.app/mx/san-luis-potosi/san-luis-potosi/hacienda-de-santiago
78136,Jardines de Jacarandas,Fraccionamiento,San Luis Potosí,San Luis Potosí,San Luis Potosí,Urbano,https://postali.app/mx/san-luis-potosi/san-luis-potosi/jardines-de-jacarandas
78136,La Gloria Residencial,Fraccionamiento,San Luis Potosí,San Luis Potosí,San Luis Potosí,Urbano,https://postali.app/mx/san-luis-potosi/san-luis-potosi/la-gloria-residencial
78136,Las Julias,Colonia,San Luis Potosí,San Luis Potosí,San Luis Potosí,Urbano,https://postali.app/mx/san-luis-potosi/san-luis-potosi/las-julias
78136,Lomas del Mezquital Segunda Sección,Colonia,San Luis Potosí,San Luis Potosí,San Luis Potosí,Urbano,https://postali.app/mx/san-luis-potosi/san-luis-potosi/lomas-del-mezquital-segunda-seccion
78136,Los Tulipanes,Fraccionamiento,San Luis Potosí,San Luis Potosí,San Luis Potosí,Urbano,https://postali.app/mx/san-luis-potosi/san-luis-potosi/los-tulipanes
78136,Privada del Arroyo,Fraccionamiento,San Luis Potosí,San Luis Potosí,San Luis Potosí,Urbano,https://postali.app/mx/san-luis-potosi/san-luis-potosi/privada-del-arroyo
78136,Salinas de Gortari,Colonia,San Luis Potosí,San Luis Potosí,San Luis Potosí,Urbano,https://postali.app/mx/san-luis-potosi/san-luis-potosi/salinas-de-gortari
78136,Valle de San Joaquín,Fraccionamiento,San Luis Potosí,San Luis Potosí,San Luis Potosí,Urbano,https://postali.app/mx/san-luis-potosi/san-luis-potosi/valle-de-san-joaquin
78136,Valle del Campestre,Fraccionamiento,San Luis Potosí,San Luis Potosí,San Luis Potosí,Urbano,https://postali.app/mx/san-luis-potosi/san-luis-potosi/valle-del-campestre
78136,Villas de Jacarandas,Fraccionamiento,San Luis Potosí,San Luis Potosí,San Luis Potosí,Urbano,https://postali.app/mx/san-luis-potosi/san-luis-potosi/villas-de-jacarandas
78137,Hacienda de Jacarandas,Fraccionamiento,San Luis Potosí,San Luis Potosí,San Luis Potosí,Urbano,https://postali.app/mx/san-luis-potosi/san-luis-potosi/hacienda-de-jacarandas
78137,La Hacienda,Fraccionamiento,San Luis Potosí,San Luis Potosí,San Luis Potosí,Urbano,https://postali.app/mx/san-luis-potosi/san-luis-potosi/la-hacienda
78137,Valle del Tecnológico,Colonia,San Luis Potosí,San Luis Potosí,San Luis Potosí,Urbano,https://postali.app/mx/san-luis-potosi/san-luis-potosi/valle-del-tecnologico
78140,Industrial Aviación,Colonia,San Luis Potosí,San Luis Potosí,San Luis Potosí,Urbano,https://postali.app/mx/san-luis-potosi/san-luis-potosi/industrial-aviacion
78140,Norte,Colonia,San Luis Potosí,San Luis Potosí,San Luis Potosí,Urbano,https://postali.app/mx/san-luis-potosi/san-luis-potosi/norte
78140,Retornos,Colonia,San Luis Potosí,San Luis Potosí,San Luis Potosí,Urbano,https://postali.app/mx/san-luis-potosi/san-luis-potosi/retornos
78143,Andalucía,Fraccionamiento,San Luis Potosí,San Luis Potosí,San Luis Potosí,Urbano,https://postali.app/mx/san-luis-potosi/san-luis-potosi/andalucia
78143,Canterías,Fraccionamiento,San Luis Potosí,San Luis Potosí,San Luis Potosí,Urbano,https://postali.app/mx/san-luis-potosi/san-luis-potosi/canterias
78143,Cielo Residencial IV,Fraccionamiento,San Luis Potosí,San Luis Potosí,San Luis Potosí,Urbano,https://postali.app/mx/san-luis-potosi/san-luis-potosi/cielo-residencial-iv
78143,Colonial 20 de Noviembre,Fraccionamiento,San Luis Potosí,San Luis Potosí,San Luis Potosí,Urbano,https://postali.app/mx/san-luis-potosi/san-luis-potosi/colonial-20-de-noviembre
78143,Ecuestre,Fraccionamiento,San Luis Potosí,San Luis Potosí,San Luis Potosí,Urbano,https://postali.app/mx/san-luis-potosi/san-luis-potosi/ecuestre
78143,El Cielo Residencial,Fraccionamiento,San Luis Potosí,San Luis Potosí,San Luis Potosí,Urbano,https://postali.app/mx/san-luis-potosi/san-luis-potosi/el-cielo-residencial
78143,El Peñol,Fraccionamiento,San Luis Potosí,San Luis Potosí,San Luis Potosí,Urbano,https://postali.app/mx/san-luis-potosi/san-luis-potosi/el-penol
78143,Esperanza,Fraccionamiento,San Luis Potosí,San Luis Potosí,San Luis Potosí,Urbano,https://postali.app/mx/san-luis-potosi/san-luis-potosi/esperanza
78143,Las Morenas,Colonia,San Luis Potosí,San Luis Potosí,San Luis Potosí,Urbano,https://postali.app/mx/san-luis-potosi/san-luis-potosi/las-morenas
78143,María Bonita,Fraccionamiento,San Luis Potosí,San Luis Potosí,San Luis Potosí,Urbano,https://postali.app/mx/san-luis-potosi/san-luis-potosi/maria-bonita
78143,Moctezuma,Fraccionamiento,San Luis Potosí,San Luis Potosí,San Luis Potosí,Urbano,https://postali.app/mx/san-luis-potosi/san-luis-potosi/moctezuma
78143,Pedroza,Fraccionamiento,San Luis Potosí,San Luis Potosí,San Luis Potosí,Urbano,https://postali.app/mx/san-luis-potosi/san-luis-potosi/pedroza
78143,Potosí Ríoverde,Colonia,San Luis Potosí,San Luis Potosí,San Luis Potosí,Urbano,https://postali.app/mx/san-luis-potosi/san-luis-potosi/potosi-rioverde
78143,Privada Nueva Aurora,Fraccionamiento,San Luis Potosí,San Luis Potosí,San Luis Potosí,Urbano,https://postali.app/mx/san-luis-potosi/san-luis-potosi/privada-nueva-aurora
78143,Residencial Valle Azteca,Colonia,San Luis Potosí,San Luis Potosí,San Luis Potosí,Urbano,https://postali.app/mx/san-luis-potosi/san-luis-potosi/residencial-valle-azteca
78143,Rinconadas del Parque,Fraccionamiento,San Luis Potosí,San Luis Potosí,San Luis Potosí,Urbano,https://postali.app/mx/san-luis-potosi/san-luis-potosi/rinconadas-del-parque
78143,San Sebastián,Fraccionamiento,San Luis Potosí,San Luis Potosí,San Luis Potosí,Urbano,https://postali.app/mx/san-luis-potosi/san-luis-potosi/san-sebastian
78143,Tercera Grande,Colonia,San Luis Potosí,San Luis Potosí,San Luis Potosí,Urbano,https://postali.app/mx/san-luis-potosi/san-luis-potosi/tercera-grande
78143,Terremoto,Colonia,San Luis Potosí,San Luis Potosí,San Luis Potosí,Urbano,https://postali.app/mx/san-luis-potosi/san-luis-potosi/terremoto
78143,Tres Cantos,Fraccionamiento,San Luis Potosí,San Luis Potosí,San Luis Potosí,Urbano,https://postali.app/mx/san-luis-potosi/san-luis-potosi/tres-cantos
78143,Villakano,Fraccionamiento,San Luis Potosí,San Luis Potosí,San Luis Potosí,Urbano,https://postali.app/mx/san-luis-potosi/san-luis-potosi/villakano
78143,Villas de la Victoria,Fraccionamiento,San Luis Potosí,San Luis Potosí,San Luis Potosí,Urbano,https://postali.app/mx/san-luis-potosi/san-luis-potosi/villas-de-la-victoria
78143,Villas de San José,Fraccionamiento,San Luis Potosí,San Luis Potosí,San Luis Potosí,Urbano,https://postali.app/mx/san-luis-potosi/san-luis-potosi/villas-de-san-jose
78144,Jardines del Bosque,Fraccionamiento,San Luis Potosí,San Luis Potosí,San Luis Potosí,Urbano,https://postali.app/mx/san-luis-potosi/san-luis-potosi/jardines-del-bosque
78144,Lomas del Río,Fraccionamiento,San Luis Potosí,San Luis Potosí,San Luis Potosí,Urbano,https://postali.app/mx/san-luis-potosi/san-luis-potosi/lomas-del-rio
78144,Privada del Manantial,Colonia,San Luis Potosí,San Luis Potosí,San Luis Potosí,Urbano,https://postali.app/mx/san-luis-potosi/san-luis-potosi/privada-del-manantial
78144,Santa Inés,Colonia,San Luis Potosí,San Luis Potosí,San Luis Potosí,Urbano,https://postali.app/mx/san-luis-potosi/san-luis-potosi/santa-ines
78144,Torres de México,Colonia,San Luis Potosí,San Luis Potosí,San Luis Potosí,Urbano,https://postali.app/mx/san-luis-potosi/san-luis-potosi/torres-de-mexico
78144,Valle Verde,Fraccionamiento,San Luis Potosí,San Luis Potosí,San Luis Potosí,Urbano,https://postali.app/mx/san-luis-potosi/san-luis-potosi/valle-verde
78144,Villas del Saucito,Fraccionamiento,San Luis Potosí,San Luis Potosí,San Luis Potosí,Urbano,https://postali.app/mx/san-luis-potosi/san-luis-potosi/villas-del-saucito-78144
78146,Lomas del Camino,Fraccionamiento,San Luis Potosí,San Luis Potosí,San Luis Potosí,Urbano,https://postali.app/mx/san-luis-potosi/san-luis-potosi/lomas-del-camino
78146,Naranjos,Fraccionamiento,San Luis Potosí,San Luis Potosí,San Luis Potosí,Urbano,https://postali.app/mx/san-luis-potosi/san-luis-potosi/naranjos
78146,Tecnológico,Colonia,San Luis Potosí,San Luis Potosí,San Luis Potosí,Urbano,https://postali.app/mx/san-luis-potosi/san-luis-potosi/tecnologico
78146,Valle de Jacarandas,Colonia,San Luis Potosí,San Luis Potosí,San Luis Potosí,Urbano,https://postali.app/mx/san-luis-potosi/san-luis-potosi/valle-de-jacarandas
78147,Camelinas,Fraccionamiento,San Luis Potosí,San Luis Potosí,San Luis Potosí,Urbano,https://postali.app/mx/san-luis-potosi/san-luis-potosi/camelinas
78147,Conjunto Residencial las Palmas,Fraccionamiento,San Luis Potosí,San Luis Potosí,San Luis Potosí,Urbano,https://postali.app/mx/san-luis-potosi/san-luis-potosi/conjunto-residencial-las-palmas
78147,Lomas del Sol,Fraccionamiento,San Luis Potosí,San Luis Potosí,San Luis Potosí,Urbano,https://postali.app/mx/san-luis-potosi/san-luis-potosi/lomas-del-sol
78147,Los Molinos,Fraccionamiento,San Luis Potosí,San Luis Potosí,San Luis Potosí,Urbano,https://postali.app/mx/san-luis-potosi/san-luis-potosi/los-molinos
78147,Paseo de los Agaves,Colonia,San Luis Potosí,San Luis Potosí,San Luis Potosí,Urbano,https://postali.app/mx/san-luis-potosi/san-luis-potosi/paseo-de-los-agaves
78147,Rinconada Lomas del Sol,Fraccionamiento,San Luis Potosí,San Luis Potosí,San Luis Potosí,Urbano,https://postali.app/mx/san-luis-potosi/san-luis-potosi/rinconada-lomas-del-sol
78147,San Alberto,Colonia,San Luis Potosí,San Luis Potosí,San Luis Potosí,Urbano,https://postali.app/mx/san-luis-potosi/san-luis-potosi/san-alberto
78148,Jacarandas,Colonia,San Luis Potosí,San Luis Potosí,San Luis Potosí,Urbano,https://postali.app/mx/san-luis-potosi/san-luis-potosi/jacarandas
78150,FOVISSSTE,Unidad habitacional,San Luis Potosí,San Luis Potosí,San Luis Potosí,Urbano,https://postali.app/mx/san-luis-potosi/san-luis-potosi/fovissste
78150,Las Piedras,Colonia,San Luis Potosí,San Luis Potosí,San Luis Potosí,Urbano,https://postali.app/mx/san-luis-potosi/san-luis-potosi/las-piedras
78150,Morales INFONAVIT,Unidad habitacional,San Luis Potosí,San Luis Potosí,San Luis Potosí,Urbano,https://postali.app/mx/san-luis-potosi/san-luis-potosi/morales-infonavit
78150,Nuevo Morales,Fraccionamiento,San Luis Potosí,San Luis Potosí,San Luis Potosí,Urbano,https://postali.app/mx/san-luis-potosi/san-luis-potosi/nuevo-morales
78150,Santa Lucía,Condominio,San Luis Potosí,San Luis Potosí,San Luis Potosí,Urbano,https://postali.app/mx/san-luis-potosi/san-luis-potosi/santa-lucia
78153,Albino García,Colonia,San Luis Potosí,San Luis Potosí,San Luis Potosí,Urbano,https://postali.app/mx/san-luis-potosi/san-luis-potosi/albino-garcia
78153,Arboledas del Campestre,Colonia,San Luis Potosí,San Luis Potosí,San Luis Potosí,Urbano,https://postali.app/mx/san-luis-potosi/san-luis-potosi/arboledas-del-campestre
78153,Campestre de Golf,Fraccionamiento,San Luis Potosí,San Luis Potosí,San Luis Potosí,Urbano,https://postali.app/mx/san-luis-potosi/san-luis-potosi/campestre-de-golf
78153,Campestre de San Luis,Fraccionamiento,San Luis Potosí,San Luis Potosí,San Luis Potosí,Urbano,https://postali.app/mx/san-luis-potosi/san-luis-potosi/campestre-de-san-luis
78153,Del Río,Colonia,San Luis Potosí,San Luis Potosí,San Luis Potosí,Urbano,https://postali.app/mx/san-luis-potosi/san-luis-potosi/del-rio
78153,Eucaliptos Campestre,Colonia,San Luis Potosí,San Luis Potosí,San Luis Potosí,Urbano,https://postali.app/mx/san-luis-potosi/san-luis-potosi/eucaliptos-campestre
78153,Privada San Carlos,Fraccionamiento,San Luis Potosí,San Luis Potosí,San Luis Potosí,Urbano,https://postali.app/mx/san-luis-potosi/san-luis-potosi/privada-san-carlos
78153,Rinconada Río Campestre,Fraccionamiento,San Luis Potosí,San Luis Potosí,San Luis Potosí,Urbano,https://postali.app/mx/san-luis-potosi/san-luis-potosi/rinconada-rio-campestre
78153,Villa Campestre,Fraccionamiento,San Luis Potosí,San Luis Potosí,San Luis Potosí,Urbano,https://postali.app/mx/san-luis-potosi/san-luis-potosi/villa-campestre
78154,Campestre Morales,Colonia,San Luis Potosí,San Luis Potosí,San Luis Potosí,Urbano,https://postali.app/mx/san-luis-potosi/san-luis-potosi/campestre-morales
78154,Lomas de Morales,Colonia,San Luis Potosí,San Luis Potosí,San Luis Potosí,Urbano,https://postali.app/mx/san-luis-potosi/san-luis-potosi/lomas-de-morales
78154,Los Pirules,Colonia,San Luis Potosí,San Luis Potosí,San Luis Potosí,Urbano,https://postali.app/mx/san-luis-potosi/san-luis-potosi/los-pirules
78154,Verde Campestre,Fraccionamiento,San Luis Potosí,San Luis Potosí,San Luis Potosí,Urbano,https://postali.app/mx/san-luis-potosi/san-luis-potosi/verde-campestre
78165,Muñoz,Colonia,San Luis Potosí,San Luis Potosí,San Luis Potosí,Urbano,https://postali.app/mx/san-luis-potosi/san-luis-potosi/munoz
78170,Aeropuerto,Colonia,San Luis Potosí,San Luis Potosí,San Luis Potosí,Urbano,https://postali.app/mx/san-luis-potosi/san-luis-potosi/aeropuerto
78170,Callejón de las Flores,Fraccionamiento,San Luis Potosí,San Luis Potosí,San Luis Potosí,Urbano,https://postali.app/mx/san-luis-potosi/san-luis-potosi/callejon-de-las-flores
78170,El Cortijo,Colonia,San Luis Potosí,San Luis Potosí,San Luis Potosí,Urbano,https://postali.app/mx/san-luis-potosi/san-luis-potosi/el-cortijo
78170,Las Palomas,Colonia,San Luis Potosí,San Luis Potosí,San Luis Potosí,Urbano,https://postali.app/mx/san-luis-potosi/san-luis-potosi/las-palomas
78170,Los Reyes,Colonia,San Luis Potosí,San Luis Potosí,San Luis Potosí,Urbano,https://postali.app/mx/san-luis-potosi/san-luis-potosi/los-reyes
78170,Los Reyitos,Colonia,San Luis Potosí,San Luis Potosí,San Luis Potosí,Urbano,https://postali.app/mx/san-luis-potosi/san-luis-potosi/los-reyitos
78170,Pedro Moreno,Fraccionamiento,San Luis Potosí,San Luis Potosí,San Luis Potosí,Urbano,https://postali.app/mx/san-luis-potosi/san-luis-potosi/pedro-moreno
78170,Privada del Rey,Fraccionamiento,San Luis Potosí,San Luis Potosí,San Luis Potosí,Urbano,https://postali.app/mx/san-luis-potosi/san-luis-potosi/privada-del-rey
78170,Privada Granizo,Fraccionamiento,San Luis Potosí,San Luis Potosí,San Luis Potosí,Urbano,https://postali.app/mx/san-luis-potosi/san-luis-potosi/privada-granizo
78170,Puente del Río,Fraccionamiento,San Luis Potosí,San Luis Potosí,San Luis Potosí,Urbano,https://postali.app/mx/san-luis-potosi/san-luis-potosi/puente-del-rio
78170,San Juan,Fraccionamiento,San Luis Potosí,San Luis Potosí,San Luis Potosí,Urbano,https://postali.app/mx/san-luis-potosi/san-luis-potosi/san-juan
78170,Villas del Nogal,Fraccionamiento,San Luis Potosí,San Luis Potosí,San Luis Potosí,Urbano,https://postali.app/mx/san-luis-potosi/san-luis-potosi/villas-del-nogal
78173,Industrial Aviación 2a Sección,Colonia,San Luis Potosí,San Luis Potosí,San Luis Potosí,Urbano,https://postali.app/mx/san-luis-potosi/san-luis-potosi/industrial-aviacion-2a-seccion
78173,Privada del Bosque,Colonia,San Luis Potosí,San Luis Potosí,San Luis Potosí,Urbano,https://postali.app/mx/san-luis-potosi/san-luis-potosi/privada-del-bosque
78174,Damián Carmona,Colonia,San Luis Potosí,San Luis Potosí,San Luis Potosí,Urbano,https://postali.app/mx/san-luis-potosi/san-luis-potosi/damian-carmona
78174,Guanos,Colonia,San Luis Potosí,San Luis Potosí,San Luis Potosí,Urbano,https://postali.app/mx/san-luis-potosi/san-luis-potosi/guanos
78174,Juan del Jarro,Fraccionamiento,San Luis Potosí,San Luis Potosí,San Luis Potosí,Urbano,https://postali.app/mx/san-luis-potosi/san-luis-potosi/juan-del-jarro
78174,La Estación del Río,Fraccionamiento,San Luis Potosí,San Luis Potosí,San Luis Potosí,Urbano,https://postali.app/mx/san-luis-potosi/san-luis-potosi/la-estacion-del-rio
78174,Los Vergeles,Fraccionamiento,San Luis Potosí,San Luis Potosí,San Luis Potosí,Urbano,https://postali.app/mx/san-luis-potosi/san-luis-potosi/los-vergeles
78174,Los Álamos,Fraccionamiento,San Luis Potosí,San Luis Potosí,San Luis Potosí,Urbano,https://postali.app/mx/san-luis-potosi/san-luis-potosi/los-alamos
78174,Los Álamos I,Fraccionamiento,San Luis Potosí,San Luis Potosí,San Luis Potosí,Urbano,https://postali.app/mx/san-luis-potosi/san-luis-potosi/los-alamos-i
78174,Misión de Santiago,Fraccionamiento,San Luis Potosí,San Luis Potosí,San Luis Potosí,Urbano,https://postali.app/mx/san-luis-potosi/san-luis-potosi/mision-de-santiago
78174,Privada Benito Juárez,Fraccionamiento,San Luis Potosí,San Luis Potosí,San Luis Potosí,Urbano,https://postali.app/mx/san-luis-potosi/san-luis-potosi/privada-benito-juarez
78174,Privada los Ángeles,Fraccionamiento,San Luis Potosí,San Luis Potosí,San Luis Potosí,Urbano,https://postali.app/mx/san-luis-potosi/san-luis-potosi/privada-los-angeles
78174,Privada Río Santiago,Fraccionamiento,San Luis Potosí,San Luis Potosí,San Luis Potosí,Urbano,https://postali.app/mx/san-luis-potosi/san-luis-potosi/privada-rio-santiago
78174,Privada San Martín,Fraccionamiento,San Luis Potosí,San Luis Potosí,San Luis Potosí,Urbano,https://postali.app/mx/san-luis-potosi/san-luis-potosi/privada-san-martin
78174,San Guillermo,Fraccionamiento,San Luis Potosí,San Luis Potosí,San Luis Potosí,Urbano,https://postali.app/mx/san-luis-potosi/san-luis-potosi/san-guillermo
78174,Tláloc,Colonia,San Luis Potosí,San Luis Potosí,San Luis Potosí,Urbano,https://postali.app/mx/san-luis-potosi/san-luis-potosi/tlaloc
78174,Villas San Carlos,Fraccionamiento,San Luis Potosí,San Luis Potosí,San Luis Potosí,Urbano,https://postali.app/mx/san-luis-potosi/san-luis-potosi/villas-san-carlos
78174,Villas Vicenza,Fraccionamiento,San Luis Potosí,San Luis Potosí,San Luis Potosí,Urbano,https://postali.app/mx/san-luis-potosi/san-luis-potosi/villas-vicenza
78175,Condesa,Colonia,San Luis Potosí,San Luis Potosí,San Luis Potosí,Urbano,https://postali.app/mx/san-luis-potosi/san-luis-potosi/condesa
78175,Hacienda de Bravo,Colonia,San Luis Potosí,San Luis Potosí,San Luis Potosí,Urbano,https://postali.app/mx/san-luis-potosi/san-luis-potosi/hacienda-de-bravo
78175,La Moreña,Condominio,San Luis Potosí,San Luis Potosí,San Luis Potosí,Urbano,https://postali.app/mx/san-luis-potosi/san-luis-potosi/la-morena-78175
78175,Madrigal,Fraccionamiento,San Luis Potosí,San Luis Potosí,San Luis Potosí,Urbano,https://postali.app/mx/san-luis-potosi/san-luis-potosi/madrigal
78175,Matehuala,Fraccionamiento,San Luis Potosí,San Luis Potosí,San Luis Potosí,Urbano,https://postali.app/mx/san-luis-potosi/san-luis-potosi/matehuala
78175,Rinconada de las Arboledas,Colonia,San Luis Potosí,San Luis Potosí,San Luis Potosí,Urbano,https://postali.app/mx/san-luis-potosi/san-luis-potosi/rinconada-de-las-arboledas
78175,Rinconada de las Flores,Fraccionamiento,San Luis Potosí,San Luis Potosí,San Luis Potosí,Urbano,https://postali.app/mx/san-luis-potosi/san-luis-potosi/rinconada-de-las-flores
78176,El Calvario,Fraccionamiento,San Luis Potosí,San Luis Potosí,San Luis Potosí,Urbano,https://postali.app/mx/san-luis-potosi/san-luis-potosi/el-calvario
78176,Manuel José Othón INFONAVIT,Unidad habitacional,San Luis Potosí,San Luis Potosí,San Luis Potosí,Urbano,https://postali.app/mx/san-luis-potosi/san-luis-potosi/manuel-jose-othon-infonavit
78176,Privada Jacarandas,Fraccionamiento,San Luis Potosí,San Luis Potosí,San Luis Potosí,Urbano,https://postali.app/mx/san-luis-potosi/san-luis-potosi/privada-jacarandas
78176,San Javier,Fraccionamiento,San Luis Potosí,San Luis Potosí,San Luis Potosí,Urbano,https://postali.app/mx/san-luis-potosi/san-luis-potosi/san-javier
78177,García Diego,Colonia,San Luis Potosí,San Luis Potosí,San Luis Potosí,Urbano,https://postali.app/mx/san-luis-potosi/san-luis-potosi/garcia-diego
78178,San Pedro,Colonia,San Luis Potosí,San Luis Potosí,San Luis Potosí,Urbano,https://postali.app/mx/san-luis-potosi/san-luis-potosi/san-pedro
78180,Centro Logístico IMMSA,Zona industrial,San Luis Potosí,San Luis Potosí,San Luis Potosí,Urbano,https://postali.app/mx/san-luis-potosi/san-luis-potosi/centro-logistico-immsa
78180,Ennalt,Condominio,San Luis Potosí,San Luis Potosí,San Luis Potosí,Urbano,https://postali.app/mx/san-luis-potosi/san-luis-potosi/ennalt
78180,Morales,Colonia,San Luis Potosí,San Luis Potosí,San Luis Potosí,Urbano,https://postali.app/mx/san-luis-potosi/san-luis-potosi/morales
78180,Polvillo,Fraccionamiento,San Luis Potosí,San Luis Potosí,San Luis Potosí,Urbano,https://postali.app/mx/san-luis-potosi/san-luis-potosi/polvillo
78180,Residencial Morales,Colonia,San Luis Potosí,San Luis Potosí,San Luis Potosí,Urbano,https://postali.app/mx/san-luis-potosi/san-luis-potosi/residencial-morales
78183,Alto Lago Residencial,Fraccionamiento,San Luis Potosí,San Luis Potosí,San Luis Potosí,Urbano,https://postali.app/mx/san-luis-potosi/san-luis-potosi/alto-lago-residencial
78183,Boscalia,Colonia,San Luis Potosí,San Luis Potosí,San Luis Potosí,Urbano,https://postali.app/mx/san-luis-potosi/san-luis-potosi/boscalia
78183,Cotos el Ángel,Fraccionamiento,San Luis Potosí,San Luis Potosí,San Luis Potosí,Urbano,https://postali.app/mx/san-luis-potosi/san-luis-potosi/cotos-el-angel
78183,Horizontes Residencial,Fraccionamiento,San Luis Potosí,San Luis Potosí,San Luis Potosí,Urbano,https://postali.app/mx/san-luis-potosi/san-luis-potosi/horizontes-residencial
78183,Villa Magna,Colonia,San Luis Potosí,San Luis Potosí,San Luis Potosí,Urbano,https://postali.app/mx/san-luis-potosi/san-luis-potosi/villa-magna
78200,Del Valle,Colonia,San Luis Potosí,San Luis Potosí,San Luis Potosí,Urbano,https://postali.app/mx/san-luis-potosi/san-luis-potosi/del-valle
78200,Fuentes del Bosque,Colonia,San Luis Potosí,San Luis Potosí,San Luis Potosí,Urbano,https://postali.app/mx/san-luis-potosi/san-luis-potosi/fuentes-del-bosque
78200,Jardines de La Rivera,Colonia,San Luis Potosí,San Luis Potosí,San Luis Potosí,Urbano,https://postali.app/mx/san-luis-potosi/san-luis-potosi/jardines-de-la-rivera
78200,Residencial El Dorado,Fraccionamiento,San Luis Potosí,San Luis Potosí,San Luis Potosí,Urbano,https://postali.app/mx/san-luis-potosi/san-luis-potosi/residencial-el-dorado
78209,El Parque,Fraccionamiento,San Luis Potosí,San Luis Potosí,San Luis Potosí,Urbano,https://postali.app/mx/san-luis-potosi/san-luis-potosi/el-parque
78210,Bellas Lomas,Fraccionamiento,San Luis Potosí,San Luis Potosí,San Luis Potosí,Urbano,https://postali.app/mx/san-luis-potosi/san-luis-potosi/bellas-lomas
78210,Cumbres de San Luis,Colonia,San Luis Potosí,San Luis Potosí,San Luis Potosí,Urbano,https://postali.app/mx/san-luis-potosi/san-luis-potosi/cumbres-de-san-luis
78210,Loma Alta,Colonia,San Luis Potosí,San Luis Potosí,San Luis Potosí,Urbano,https://postali.app/mx/san-luis-potosi/san-luis-potosi/loma-alta
78210,Lomas Primera Sección,Colonia,San Luis Potosí,San Luis Potosí,San Luis Potosí,Urbano,https://postali.app/mx/san-luis-potosi/san-luis-potosi/lomas-primera-seccion
78210,Lomas Segunda Sección,Colonia,San Luis Potosí,San Luis Potosí,San Luis Potosí,Urbano,https://postali.app/mx/san-luis-potosi/san-luis-potosi/lomas-segunda-seccion
78210,Los Filtros,Colonia,San Luis Potosí,San Luis Potosí,San Luis Potosí,Urbano,https://postali.app/mx/san-luis-potosi/san-luis-potosi/los-filtros
78213,Burócratas del Estado,Colonia,San Luis Potosí,San Luis Potosí,San Luis Potosí,Urbano,https://postali.app/mx/san-luis-potosi/san-luis-potosi/burocratas-del-estado
78214,Loma Linda,Fraccionamiento,San Luis Potosí,San Luis Potosí,San Luis Potosí,Urbano,https://postali.app/mx/san-luis-potosi/san-luis-potosi/loma-linda
78214,Loma Verde,Colonia,San Luis Potosí,San Luis Potosí,San Luis Potosí,Urbano,https://postali.app/mx/san-luis-potosi/san-luis-potosi/loma-verde
78214,Miravalle,Fraccionamiento,San Luis Potosí,San Luis Potosí,San Luis Potosí,Urbano,https://postali.app/mx/san-luis-potosi/san-luis-potosi/miravalle
78214,Privada Puesta del Sol,Fraccionamiento,San Luis Potosí,San Luis Potosí,San Luis Potosí,Urbano,https://postali.app/mx/san-luis-potosi/san-luis-potosi/privada-puesta-del-sol
78214,Villantigua,Colonia,San Luis Potosí,San Luis Potosí,San Luis Potosí,Urbano,https://postali.app/mx/san-luis-potosi/san-luis-potosi/villantigua
78215,Club de Golf la Loma,Fraccionamiento,San Luis Potosí,San Luis Potosí,San Luis Potosí,Urbano,https://postali.app/mx/san-luis-potosi/san-luis-potosi/club-de-golf-la-loma
78215,La Vista,Fraccionamiento,San Luis Potosí,San Luis Potosí,San Luis Potosí,Urbano,https://postali.app/mx/san-luis-potosi/san-luis-potosi/la-vista
78215,Loma Dorada,Colonia,San Luis Potosí,San Luis Potosí,San Luis Potosí,Urbano,https://postali.app/mx/san-luis-potosi/san-luis-potosi/loma-dorada
78215,Lomas de Chaultepec,Fraccionamiento,San Luis Potosí,San Luis Potosí,San Luis Potosí,Urbano,https://postali.app/mx/san-luis-potosi/san-luis-potosi/lomas-de-chaultepec
78215,Lomas del Tecnológico,Colonia,San Luis Potosí,San Luis Potosí,San Luis Potosí,Urbano,https://postali.app/mx/san-luis-potosi/san-luis-potosi/lomas-del-tecnologico
78215,Monterra,Fraccionamiento,San Luis Potosí,San Luis Potosí,San Luis Potosí,Urbano,https://postali.app/mx/san-luis-potosi/san-luis-potosi/monterra
78216,Lomas Cuarta Sección,Colonia,San Luis Potosí,San Luis Potosí,San Luis Potosí,Urbano,https://postali.app/mx/san-luis-potosi/san-luis-potosi/lomas-cuarta-seccion
78216,Lomas Tercera Sección,Colonia,San Luis Potosí,San Luis Potosí,San Luis Potosí,Urbano,https://postali.app/mx/san-luis-potosi/san-luis-potosi/lomas-tercera-seccion
78216,Santa Mónica,Colonia,San Luis Potosí,San Luis Potosí,San Luis Potosí,Urbano,https://postali.app/mx/san-luis-potosi/san-luis-potosi/santa-monica
78218,Conjunto Victoria,Fraccionamiento,San Luis Potosí,San Luis Potosí,San Luis Potosí,Urbano,https://postali.app/mx/san-luis-potosi/san-luis-potosi/conjunto-victoria
78218,La Loma,Fraccionamiento,San Luis Potosí,San Luis Potosí,San Luis Potosí,Urbano,https://postali.app/mx/san-luis-potosi/san-luis-potosi/la-loma
78218,Las Haciendas,Fraccionamiento,San Luis Potosí,San Luis Potosí,San Luis Potosí,Urbano,https://postali.app/mx/san-luis-potosi/san-luis-potosi/las-haciendas
78218,Nueva Rinconada de los Andes,Colonia,San Luis Potosí,San Luis Potosí,San Luis Potosí,Urbano,https://postali.app/mx/san-luis-potosi/san-luis-potosi/nueva-rinconada-de-los-andes
78218,Residencial Punta San Luis,Fraccionamiento,San Luis Potosí,San Luis Potosí,San Luis Potosí,Urbano,https://postali.app/mx/san-luis-potosi/san-luis-potosi/residencial-punta-san-luis
78218,Rinconada de los Andes,Colonia,San Luis Potosí,San Luis Potosí,San Luis Potosí,Urbano,https://postali.app/mx/san-luis-potosi/san-luis-potosi/rinconada-de-los-andes
78218,Villas del Pedregal,Colonia,San Luis Potosí,San Luis Potosí,San Luis Potosí,Urbano,https://postali.app/mx/san-luis-potosi/san-luis-potosi/villas-del-pedregal
78219,Lomas de los Filtros,Colonia,San Luis Potosí,San Luis Potosí,San Luis Potosí,Urbano,https://postali.app/mx/san-luis-potosi/san-luis-potosi/lomas-de-los-filtros
78220,Busqueta,Colonia,San Luis Potosí,San Luis Potosí,San Luis Potosí,Urbano,https://postali.app/mx/san-luis-potosi/san-luis-potosi/busqueta
78220,Lindavista,Colonia,San Luis Potosí,San Luis Potosí,San Luis Potosí,Urbano,https://postali.app/mx/san-luis-potosi/san-luis-potosi/lindavista
78220,Polanco,Colonia,San Luis Potosí,San Luis Potosí,San Luis Potosí,Urbano,https://postali.app/mx/san-luis-potosi/san-luis-potosi/polanco
78230,Bugambilias,Colonia,San Luis Potosí,San Luis Potosí,San Luis Potosí,Urbano,https://postali.app/mx/san-luis-potosi/san-luis-potosi/bugambilias
78230,Huerta Real,Fraccionamiento,San Luis Potosí,San Luis Potosí,San Luis Potosí,Urbano,https://postali.app/mx/san-luis-potosi/san-luis-potosi/huerta-real
78230,Huerta Real Plus,Fraccionamiento,San Luis Potosí,San Luis Potosí,San Luis Potosí,Urbano,https://postali.app/mx/san-luis-potosi/san-luis-potosi/huerta-real-plus
78230,La Victoria,Colonia,San Luis Potosí,San Luis Potosí,San Luis Potosí,Urbano,https://postali.app/mx/san-luis-potosi/san-luis-potosi/la-victoria
78230,Las Garzas,Colonia,San Luis Potosí,San Luis Potosí,San Luis Potosí,Urbano,https://postali.app/mx/san-luis-potosi/san-luis-potosi/las-garzas
78230,Los Ángeles,Colonia,San Luis Potosí,San Luis Potosí,San Luis Potosí,Urbano,https://postali.app/mx/san-luis-potosi/san-luis-potosi/los-angeles
78230,Pedro Montoya,Condominio,San Luis Potosí,San Luis Potosí,San Luis Potosí,Urbano,https://postali.app/mx/san-luis-potosi/san-luis-potosi/pedro-montoya
78230,Valle de Santiago,Fraccionamiento,San Luis Potosí,San Luis Potosí,San Luis Potosí,Urbano,https://postali.app/mx/san-luis-potosi/san-luis-potosi/valle-de-santiago
78230,Villas de Anáhuac,Fraccionamiento,San Luis Potosí,San Luis Potosí,San Luis Potosí,Urbano,https://postali.app/mx/san-luis-potosi/san-luis-potosi/villas-de-anahuac
78230,Zacatecas,Fraccionamiento,San Luis Potosí,San Luis Potosí,San Luis Potosí,Urbano,https://postali.app/mx/san-luis-potosi/san-luis-potosi/zacatecas
78233,Moderna,Colonia,San Luis Potosí,San Luis Potosí,San Luis Potosí,Urbano,https://postali.app/mx/san-luis-potosi/san-luis-potosi/moderna
78234,Arboleda,Fraccionamiento,San Luis Potosí,San Luis Potosí,San Luis Potosí,Urbano,https://postali.app/mx/san-luis-potosi/san-luis-potosi/arboleda
78235,La Huerta,Colonia,San Luis Potosí,San Luis Potosí,San Luis Potosí,Urbano,https://postali.app/mx/san-luis-potosi/san-luis-potosi/la-huerta
78235,Privada las Huertas,Fraccionamiento,San Luis Potosí,San Luis Potosí,San Luis Potosí,Urbano,https://postali.app/mx/san-luis-potosi/san-luis-potosi/privada-las-huertas
78236,Vista Verde,Colonia,San Luis Potosí,San Luis Potosí,San Luis Potosí,Urbano,https://postali.app/mx/san-luis-potosi/san-luis-potosi/vista-verde
78238,Valle de Tequisquiapan,Colonia,San Luis Potosí,San Luis Potosí,San Luis Potosí,Urbano,https://postali.app/mx/san-luis-potosi/san-luis-potosi/valle-de-tequisquiapan
78239,Las Norias,Colonia,San Luis Potosí,San Luis Potosí,San Luis Potosí,Urbano,https://postali.app/mx/san-luis-potosi/san-luis-potosi/las-norias
78239,San Rafael,Colonia,San Luis Potosí,San Luis Potosí,San Luis Potosí,Urbano,https://postali.app/mx/san-luis-potosi/san-luis-potosi/san-rafael
78240,Avenida,Colonia,San Luis Potosí,San Luis Potosí,San Luis Potosí,Urbano,https://postali.app/mx/san-luis-potosi/san-luis-potosi/avenida
78240,Virreyes,Colonia,San Luis Potosí,San Luis Potosí,San Luis Potosí,Urbano,https://postali.app/mx/san-luis-potosi/san-luis-potosi/virreyes
78250,Arboleda Tequis,Colonia,San Luis Potosí,San Luis Potosí,San Luis Potosí,Urbano,https://postali.app/mx/san-luis-potosi/san-luis-potosi/arboleda-tequis
78250,Capitán Caldera,Colonia,San Luis Potosí,San Luis Potosí,San Luis Potosí,Urbano,https://postali.app/mx/san-luis-potosi/san-luis-potosi/capitan-caldera
78250,Mariano Ávila,Colonia,San Luis Potosí,San Luis Potosí,San Luis Potosí,Urbano,https://postali.app/mx/san-luis-potosi/san-luis-potosi/mariano-avila
78250,Parque España,Colonia,San Luis Potosí,San Luis Potosí,San Luis Potosí,Urbano,https://postali.app/mx/san-luis-potosi/san-luis-potosi/parque-espana
78250,Privada Álamos,Fraccionamiento,San Luis Potosí,San Luis Potosí,San Luis Potosí,Urbano,https://postali.app/mx/san-luis-potosi/san-luis-potosi/privada-alamos
78250,Rinconada Valle de Bravo,Colonia,San Luis Potosí,San Luis Potosí,San Luis Potosí,Urbano,https://postali.app/mx/san-luis-potosi/san-luis-potosi/rinconada-valle-de-bravo
78250,Tequisquiapan,Barrio,San Luis Potosí,San Luis Potosí,San Luis Potosí,Urbano,https://postali.app/mx/san-luis-potosi/san-luis-potosi/tequisquiapan
78250,Tequisquiapan,Fraccionamiento,San Luis Potosí,San Luis Potosí,San Luis Potosí,Urbano,https://postali.app/mx/san-luis-potosi/san-luis-potosi/tequisquiapan-78250
78250,Valle de Bravo,Colonia,San Luis Potosí,San Luis Potosí,San Luis Potosí,Urbano,https://postali.app/mx/san-luis-potosi/san-luis-potosi/valle-de-bravo
78250,Valle de Bravo II,Colonia,San Luis Potosí,San Luis Potosí,San Luis Potosí,Urbano,https://postali.app/mx/san-luis-potosi/san-luis-potosi/valle-de-bravo-ii
78250,Villas Vallarta,Fraccionamiento,San Luis Potosí,San Luis Potosí,San Luis Potosí,Urbano,https://postali.app/mx/san-luis-potosi/san-luis-potosi/villas-vallarta
78250,Vista Hermosa,Colonia,San Luis Potosí,San Luis Potosí,San Luis Potosí,Urbano,https://postali.app/mx/san-luis-potosi/san-luis-potosi/vista-hermosa
78260,Foresta de Tequis,Fraccionamiento,San Luis Potosí,San Luis Potosí,San Luis Potosí,Urbano,https://postali.app/mx/san-luis-potosi/san-luis-potosi/foresta-de-tequis
78260,Las Águilas,Colonia,San Luis Potosí,San Luis Potosí,San Luis Potosí,Urbano,https://postali.app/mx/san-luis-potosi/san-luis-potosi/las-aguilas
78260,Rinconada de los Cipreses,Fraccionamiento,San Luis Potosí,San Luis Potosí,San Luis Potosí,Urbano,https://postali.app/mx/san-luis-potosi/san-luis-potosi/rinconada-de-los-cipreses
78268,Prados de San Luis,Colonia,San Luis Potosí,San Luis Potosí,San Luis Potosí,Urbano,https://postali.app/mx/san-luis-potosi/san-luis-potosi/prados-de-san-luis
78269,Tangamanga,Fraccionamiento,San Luis Potosí,San Luis Potosí,San Luis Potosí,Urbano,https://postali.app/mx/san-luis-potosi/san-luis-potosi/tangamanga
78270,Burócrata,Colonia,San Luis Potosí,San Luis Potosí,San Luis Potosí,Urbano,https://postali.app/mx/san-luis-potosi/san-luis-potosi/burocrata
78270,Cuauhtémoc,Colonia,San Luis Potosí,San Luis Potosí,San Luis Potosí,Urbano,https://postali.app/mx/san-luis-potosi/san-luis-potosi/cuauhtemoc
78270,Fundadores,Colonia,San Luis Potosí,San Luis Potosí,San Luis Potosí,Urbano,https://postali.app/mx/san-luis-potosi/san-luis-potosi/fundadores
78270,Jardín,Colonia,San Luis Potosí,San Luis Potosí,San Luis Potosí,Urbano,https://postali.app/mx/san-luis-potosi/san-luis-potosi/jardin
78270,Río Azul,Fraccionamiento,San Luis Potosí,San Luis Potosí,San Luis Potosí,Urbano,https://postali.app/mx/san-luis-potosi/san-luis-potosi/rio-azul
78280,Alamitos,Colonia,San Luis Potosí,San Luis Potosí,San Luis Potosí,Urbano,https://postali.app/mx/san-luis-potosi/san-luis-potosi/alamitos
78280,Del Real,Colonia,San Luis Potosí,San Luis Potosí,San Luis Potosí,Urbano,https://postali.app/mx/san-luis-potosi/san-luis-potosi/del-real
78280,Estadio,Colonia,San Luis Potosí,San Luis Potosí,San Luis Potosí,Urbano,https://postali.app/mx/san-luis-potosi/san-luis-potosi/estadio
78280,Himno Nacional,Colonia,San Luis Potosí,San Luis Potosí,San Luis Potosí,Urbano,https://postali.app/mx/san-luis-potosi/san-luis-potosi/himno-nacional
78280,ISSSTE,Colonia,San Luis Potosí,San Luis Potosí,San Luis Potosí,Urbano,https://postali.app/mx/san-luis-potosi/san-luis-potosi/issste
78280,Jardines del Estadio,Colonia,San Luis Potosí,San Luis Potosí,San Luis Potosí,Urbano,https://postali.app/mx/san-luis-potosi/san-luis-potosi/jardines-del-estadio
78290,Domino,Unidad habitacional,San Luis Potosí,San Luis Potosí,San Luis Potosí,Urbano,https://postali.app/mx/san-luis-potosi/san-luis-potosi/domino
78290,Las Lomas,Colonia,San Luis Potosí,San Luis Potosí,San Luis Potosí,Urbano,https://postali.app/mx/san-luis-potosi/san-luis-potosi/las-lomas
78290,Universitaria,Colonia,San Luis Potosí,San Luis Potosí,San Luis Potosí,Urbano,https://postali.app/mx/san-luis-potosi/san-luis-potosi/universitaria
78290,Viveros,Colonia,San Luis Potosí,San Luis Potosí,San Luis Potosí,Urbano,https://postali.app/mx/san-luis-potosi/san-luis-potosi/viveros
78294,Colinas del Parque,Fraccionamiento,San Luis Potosí,San Luis Potosí,San Luis Potosí,Urbano,https://postali.app/mx/san-luis-potosi/san-luis-potosi/colinas-del-parque
78294,Garita de Jalisco,Colonia,San Luis Potosí,San Luis Potosí,San Luis Potosí,Urbano,https://postali.app/mx/san-luis-potosi/san-luis-potosi/garita-de-jalisco
78294,Residencial del Parque,Fraccionamiento,San Luis Potosí,San Luis Potosí,San Luis Potosí,Urbano,https://postali.app/mx/san-luis-potosi/san-luis-potosi/residencial-del-parque
78295,Alpes,Fraccionamiento,San Luis Potosí,San Luis Potosí,San Luis Potosí,Urbano,https://postali.app/mx/san-luis-potosi/san-luis-potosi/alpes
78295,Cerrada del Pedregal Residencial,Fraccionamiento,San Luis Potosí,San Luis Potosí,San Luis Potosí,Urbano,https://postali.app/mx/san-luis-potosi/san-luis-potosi/cerrada-del-pedregal-residencial
78295,Cordillera,Fraccionamiento,San Luis Potosí,San Luis Potosí,San Luis Potosí,Urbano,https://postali.app/mx/san-luis-potosi/san-luis-potosi/cordillera
78295,Cumbre del Pedregal,Fraccionamiento,San Luis Potosí,San Luis Potosí,San Luis Potosí,Urbano,https://postali.app/mx/san-luis-potosi/san-luis-potosi/cumbre-del-pedregal
78295,Del Roble Residencial,Fraccionamiento,San Luis Potosí,San Luis Potosí,San Luis Potosí,Urbano,https://postali.app/mx/san-luis-potosi/san-luis-potosi/del-roble-residencial
78295,Desarrollo del Pedregal,Colonia,San Luis Potosí,San Luis Potosí,San Luis Potosí,Urbano,https://postali.app/mx/san-luis-potosi/san-luis-potosi/desarrollo-del-pedregal
78295,La Herradura,Fraccionamiento,San Luis Potosí,San Luis Potosí,San Luis Potosí,Urbano,https://postali.app/mx/san-luis-potosi/san-luis-potosi/la-herradura-78295
78295,Las Terrazas del Pedregal,Fraccionamiento,San Luis Potosí,San Luis Potosí,San Luis Potosí,Urbano,https://postali.app/mx/san-luis-potosi/san-luis-potosi/las-terrazas-del-pedregal
78295,Lomas del Predregal,Fraccionamiento,San Luis Potosí,San Luis Potosí,San Luis Potosí,Urbano,https://postali.app/mx/san-luis-potosi/san-luis-potosi/lomas-del-predregal
78295,Privadas del Pedregal,Fraccionamiento,San Luis Potosí,San Luis Potosí,San Luis Potosí,Urbano,https://postali.app/mx/san-luis-potosi/san-luis-potosi/privadas-del-pedregal
78295,Sierrazul Residencial,Fraccionamiento,San Luis Potosí,San Luis Potosí,San Luis Potosí,Urbano,https://postali.app/mx/san-luis-potosi/san-luis-potosi/sierrazul-residencial
78295,Villalta Residencial,Fraccionamiento,San Luis Potosí,San Luis Potosí,San Luis Potosí,Urbano,https://postali.app/mx/san-luis-potosi/san-luis-potosi/villalta-residencial
78295,Villandares Residencial,Fraccionamiento,San Luis Potosí,San Luis Potosí,San Luis Potosí,Urbano,https://postali.app/mx/san-luis-potosi/san-luis-potosi/villandares-residencial
78295,Villas del Marqués Residencial,Fraccionamiento,San Luis Potosí,San Luis Potosí,San Luis Potosí,Urbano,https://postali.app/mx/san-luis-potosi/san-luis-potosi/villas-del-marques-residencial
78298,Acacias,Colonia,San Luis Potosí,San Luis Potosí,San Luis Potosí,Urbano,https://postali.app/mx/san-luis-potosi/san-luis-potosi/acacias
78300,Calabria,Fraccionamiento,San Luis Potosí,San Luis Potosí,San Luis Potosí,Urbano,https://postali.app/mx/san-luis-potosi/san-luis-potosi/calabria
78300,Constitución (Popular),Colonia,San Luis Potosí,San Luis Potosí,San Luis Potosí,Urbano,https://postali.app/mx/san-luis-potosi/san-luis-potosi/constitucion-popular
78300,Ferrocarrilera,Colonia,San Luis Potosí,San Luis Potosí,San Luis Potosí,Urbano,https://postali.app/mx/san-luis-potosi/san-luis-potosi/ferrocarrilera
78300,Popular,Colonia,San Luis Potosí,San Luis Potosí,San Luis Potosí,Urbano,https://postali.app/mx/san-luis-potosi/san-luis-potosi/popular
78300,Villa Toscana,Fraccionamiento,San Luis Potosí,San Luis Potosí,San Luis Potosí,Urbano,https://postali.app/mx/san-luis-potosi/san-luis-potosi/villa-toscana
78307,Jalapa,Fraccionamiento,San Luis Potosí,San Luis Potosí,San Luis Potosí,Urbano,https://postali.app/mx/san-luis-potosi/san-luis-potosi/jalapa
78308,España,Fraccionamiento,San Luis Potosí,San Luis Potosí,San Luis Potosí,Urbano,https://postali.app/mx/san-luis-potosi/san-luis-potosi/espana
78309,Avantram,Fraccionamiento,San Luis Potosí,San Luis Potosí,San Luis Potosí,Urbano,https://postali.app/mx/san-luis-potosi/san-luis-potosi/avantram
78309,Avenida México,Fraccionamiento,San Luis Potosí,San Luis Potosí,San Luis Potosí,Urbano,https://postali.app/mx/san-luis-potosi/san-luis-potosi/avenida-mexico
78309,Industrial Mexicana,Colonia,San Luis Potosí,San Luis Potosí,San Luis Potosí,Urbano,https://postali.app/mx/san-luis-potosi/san-luis-potosi/industrial-mexicana
78309,La Troje,Fraccionamiento,San Luis Potosí,San Luis Potosí,San Luis Potosí,Urbano,https://postali.app/mx/san-luis-potosi/san-luis-potosi/la-troje
78310,Azteca Norte,Colonia,San Luis Potosí,San Luis Potosí,San Luis Potosí,Urbano,https://postali.app/mx/san-luis-potosi/san-luis-potosi/azteca-norte
78310,Librado Rivera,Fraccionamiento,San Luis Potosí,San Luis Potosí,San Luis Potosí,Urbano,https://postali.app/mx/san-luis-potosi/san-luis-potosi/librado-rivera
78310,Montecillo,Barrio,San Luis Potosí,San Luis Potosí,San Luis Potosí,Urbano,https://postali.app/mx/san-luis-potosi/san-luis-potosi/montecillo
78310,Montecillo,Fraccionamiento,San Luis Potosí,San Luis Potosí,San Luis Potosí,Urbano,https://postali.app/mx/san-luis-potosi/san-luis-potosi/montecillo-78310
78310,San Luis,Colonia,San Luis Potosí,San Luis Potosí,San Luis Potosí,Urbano,https://postali.app/mx/san-luis-potosi/san-luis-potosi/san-luis
78318,Manuel José Othón,Fraccionamiento,San Luis Potosí,San Luis Potosí,San Luis Potosí,Urbano,https://postali.app/mx/san-luis-potosi/san-luis-potosi/manuel-jose-othon
78318,San Antonio,Colonia,San Luis Potosí,San Luis Potosí,San Luis Potosí,Urbano,https://postali.app/mx/san-luis-potosi/san-luis-potosi/san-antonio
78319,Insurgentes,Fraccionamiento,San Luis Potosí,San Luis Potosí,San Luis Potosí,Urbano,https://postali.app/mx/san-luis-potosi/san-luis-potosi/insurgentes
78320,El Paseo,Colonia,San Luis Potosí,San Luis Potosí,San Luis Potosí,Urbano,https://postali.app/mx/san-luis-potosi/san-luis-potosi/el-paseo
78320,Francisco I Madero,Colonia,San Luis Potosí,San Luis Potosí,San Luis Potosí,Urbano,https://postali.app/mx/san-luis-potosi/san-luis-potosi/francisco-i-madero
78328,Las Gaviotas,Fraccionamiento,San Luis Potosí,San Luis Potosí,San Luis Potosí,Urbano,https://postali.app/mx/san-luis-potosi/san-luis-potosi/las-gaviotas
78328,Nuevo Paseo,Fraccionamiento,San Luis Potosí,San Luis Potosí,San Luis Potosí,Urbano,https://postali.app/mx/san-luis-potosi/san-luis-potosi/nuevo-paseo
78330,Bolívar,Colonia,San Luis Potosí,San Luis Potosí,San Luis Potosí,Urbano,https://postali.app/mx/san-luis-potosi/san-luis-potosi/bolivar
78330,Independencia,Colonia,San Luis Potosí,San Luis Potosí,San Luis Potosí,Urbano,https://postali.app/mx/san-luis-potosi/san-luis-potosi/independencia
78338,De La Rosa,Colonia,San Luis Potosí,San Luis Potosí,San Luis Potosí,Urbano,https://postali.app/mx/san-luis-potosi/san-luis-potosi/de-la-rosa
78339,San Miguelito,Barrio,San Luis Potosí,San Luis Potosí,San Luis Potosí,Urbano,https://postali.app/mx/san-luis-potosi/san-luis-potosi/san-miguelito
78340,Encanto,Fraccionamiento,San Luis Potosí,San Luis Potosí,San Luis Potosí,Urbano,https://postali.app/mx/san-luis-potosi/san-luis-potosi/encanto
78340,Eucaliptos,Fraccionamiento,San Luis Potosí,San Luis Potosí,San Luis Potosí,Urbano,https://postali.app/mx/san-luis-potosi/san-luis-potosi/eucaliptos
78340,Guadalupe,Colonia,San Luis Potosí,San Luis Potosí,San Luis Potosí,Urbano,https://postali.app/mx/san-luis-potosi/san-luis-potosi/guadalupe
78340,Julián Carrillo,Colonia,San Luis Potosí,San Luis Potosí,San Luis Potosí,Urbano,https://postali.app/mx/san-luis-potosi/san-luis-potosi/julian-carrillo
78340,Niños Héroes,Colonia,San Luis Potosí,San Luis Potosí,San Luis Potosí,Urbano,https://postali.app/mx/san-luis-potosi/san-luis-potosi/ninos-heroes
78340,San Juan de Guadalupe,Fraccionamiento,San Luis Potosí,San Luis Potosí,San Luis Potosí,Urbano,https://postali.app/mx/san-luis-potosi/san-luis-potosi/san-juan-de-guadalupe
78340,Torres del Santuario,Fraccionamiento,San Luis Potosí,San Luis Potosí,San Luis Potosí,Urbano,https://postali.app/mx/san-luis-potosi/san-luis-potosi/torres-del-santuario
78349,San Sebastián,Barrio,San Luis Potosí,San Luis Potosí,San Luis Potosí,Urbano,https://postali.app/mx/san-luis-potosi/san-luis-potosi/san-sebastian-78349
78350,Constitución,Colonia,San Luis Potosí,San Luis Potosí,San Luis Potosí,Urbano,https://postali.app/mx/san-luis-potosi/san-luis-potosi/constitucion
78350,Jardines de Nuevo Paseo,Fraccionamiento,San Luis Potosí,San Luis Potosí,San Luis Potosí,Urbano,https://postali.app/mx/san-luis-potosi/san-luis-potosi/jardines-de-nuevo-paseo
78350,Revolución,Fraccionamiento,San Luis Potosí,San Luis Potosí,San Luis Potosí,Urbano,https://postali.app/mx/san-luis-potosi/san-luis-potosi/revolucion
78350,Rinconada Valparaíso,Condominio,San Luis Potosí,San Luis Potosí,San Luis Potosí,Urbano,https://postali.app/mx/san-luis-potosi/san-luis-potosi/rinconada-valparaiso
78350,San Luis Rey,Colonia,San Luis Potosí,San Luis Potosí,San Luis Potosí,Urbano,https://postali.app/mx/san-luis-potosi/san-luis-potosi/san-luis-rey
78350,Santa Fe Sur,Colonia,San Luis Potosí,San Luis Potosí,San Luis Potosí,Urbano,https://postali.app/mx/san-luis-potosi/san-luis-potosi/santa-fe-sur
78356,Valle del Santuario,Colonia,San Luis Potosí,San Luis Potosí,San Luis Potosí,Urbano,https://postali.app/mx/san-luis-potosi/san-luis-potosi/valle-del-santuario
78358,Villa Rica,Fraccionamiento,San Luis Potosí,San Luis Potosí,San Luis Potosí,Urbano,https://postali.app/mx/san-luis-potosi/san-luis-potosi/villa-rica
78359,San Juan de Guadalupe,Barrio,San Luis Potosí,San Luis Potosí,San Luis Potosí,Urbano,https://postali.app/mx/san-luis-potosi/san-luis-potosi/san-juan-de-guadalupe-78359
78360,5 de Mayo,Fraccionamiento,San Luis Potosí,San Luis Potosí,San Luis Potosí,Urbano,https://postali.app/mx/san-luis-potosi/san-luis-potosi/5-de-mayo
78360,Apostólica,Equipamiento,San Luis Potosí,San Luis Potosí,San Luis Potosí,Urbano,https://postali.app/mx/san-luis-potosi/san-luis-potosi/apostolica
78360,Cedros de Líbano,Fraccionamiento,San Luis Potosí,San Luis Potosí,San Luis Potosí,Urbano,https://postali.app/mx/san-luis-potosi/san-luis-potosi/cedros-de-libano
78360,Cúpulas del Santuario,Colonia,San Luis Potosí,San Luis Potosí,San Luis Potosí,Urbano,https://postali.app/mx/san-luis-potosi/san-luis-potosi/cupulas-del-santuario
78360,General Ignacio Martínez,Colonia,San Luis Potosí,San Luis Potosí,San Luis Potosí,Urbano,https://postali.app/mx/san-luis-potosi/san-luis-potosi/general-ignacio-martinez
78360,Graciano Sánchez 1a Sección,Colonia,San Luis Potosí,San Luis Potosí,San Luis Potosí,Urbano,https://postali.app/mx/san-luis-potosi/san-luis-potosi/graciano-sanchez-1a-seccion
78360,Graciano Sánchez 2a Sección,Colonia,San Luis Potosí,San Luis Potosí,San Luis Potosí,Urbano,https://postali.app/mx/san-luis-potosi/san-luis-potosi/graciano-sanchez-2a-seccion
78360,Los Arquitos,Colonia,San Luis Potosí,San Luis Potosí,San Luis Potosí,Urbano,https://postali.app/mx/san-luis-potosi/san-luis-potosi/los-arquitos
78360,Mercado,Colonia,San Luis Potosí,San Luis Potosí,San Luis Potosí,Urbano,https://postali.app/mx/san-luis-potosi/san-luis-potosi/mercado
78360,Privada Regia,Fraccionamiento,San Luis Potosí,San Luis Potosí,San Luis Potosí,Urbano,https://postali.app/mx/san-luis-potosi/san-luis-potosi/privada-regia
78363,Universidad Politécnica de San Luis Potosí,Equipamiento,San Luis Potosí,San Luis Potosí,San Luis Potosí,Urbano,https://postali.app/mx/san-luis-potosi/san-luis-potosi/universidad-politecnica-de-san-luis-potosi
78364,Las Flores,Colonia,San Luis Potosí,San Luis Potosí,San Luis Potosí,Urbano,https://postali.app/mx/san-luis-potosi/san-luis-potosi/las-flores-78364
78364,Tierra Blanca,Colonia,San Luis Potosí,San Luis Potosí,San Luis Potosí,Urbano,https://postali.app/mx/san-luis-potosi/san-luis-potosi/tierra-blanca
78365,Campestre Juan Silos,Colonia,San Luis Potosí,San Luis Potosí,San Luis Potosí,Urbano,https://postali.app/mx/san-luis-potosi/san-luis-potosi/campestre-juan-silos
78367,Primavera,Fraccionamiento,San Luis Potosí,San Luis Potosí,San Luis Potosí,Urbano,https://postali.app/mx/san-luis-potosi/san-luis-potosi/primavera
78368,Xicotencatl,Colonia,San Luis Potosí,San Luis Potosí,San Luis Potosí,Urbano,https://postali.app/mx/san-luis-potosi/san-luis-potosi/xicotencatl
78369,Balcones del Valle,Fraccionamiento,San Luis Potosí,San Luis Potosí,San Luis Potosí,Urbano,https://postali.app/mx/san-luis-potosi/san-luis-potosi/balcones-del-valle
78369,Himno Nacional 2a Secc,Colonia,San Luis Potosí,San Luis Potosí,San Luis Potosí,Urbano,https://postali.app/mx/san-luis-potosi/san-luis-potosi/himno-nacional-2a-secc
78370,6 de Junio,Colonia,San Luis Potosí,San Luis Potosí,San Luis Potosí,Urbano,https://postali.app/mx/san-luis-potosi/san-luis-potosi/6-de-junio
78370,Progreso,Colonia,San Luis Potosí,San Luis Potosí,San Luis Potosí,Urbano,https://postali.app/mx/san-luis-potosi/san-luis-potosi/progreso
78377,Area Residencial,Fraccionamiento,San Luis Potosí,San Luis Potosí,San Luis Potosí,Urbano,https://postali.app/mx/san-luis-potosi/san-luis-potosi/area-residencial
78377,Dalias del Llano,Fraccionamiento,San Luis Potosí,San Luis Potosí,San Luis Potosí,Urbano,https://postali.app/mx/san-luis-potosi/san-luis-potosi/dalias-del-llano
78377,Del Llano,Colonia,San Luis Potosí,San Luis Potosí,San Luis Potosí,Urbano,https://postali.app/mx/san-luis-potosi/san-luis-potosi/del-llano
78378,Españita,Colonia,San Luis Potosí,San Luis Potosí,San Luis Potosí,Urbano,https://postali.app/mx/san-luis-potosi/san-luis-potosi/espanita
78379,Anáhuac,Colonia,San Luis Potosí,San Luis Potosí,San Luis Potosí,Urbano,https://postali.app/mx/san-luis-potosi/san-luis-potosi/anahuac
78379,Las Pilitas,Colonia,San Luis Potosí,San Luis Potosí,San Luis Potosí,Urbano,https://postali.app/mx/san-luis-potosi/san-luis-potosi/las-pilitas
78379,San Manuel,Colonia,San Luis Potosí,San Luis Potosí,San Luis Potosí,Urbano,https://postali.app/mx/san-luis-potosi/san-luis-potosi/san-manuel
78379,Valle del Potosí,Fraccionamiento,San Luis Potosí,San Luis Potosí,San Luis Potosí,Urbano,https://postali.app/mx/san-luis-potosi/san-luis-potosi/valle-del-potosi
78380,Bellas Lomas,Colonia,San Luis Potosí,San Luis Potosí,San Luis Potosí,Urbano,https://postali.app/mx/san-luis-potosi/san-luis-potosi/bellas-lomas-78380
78380,El Peñascal,Colonia,San Luis Potosí,San Luis Potosí,,Rural,https://postali.app/mx/san-luis-potosi/san-luis-potosi/el-penascal
78380,Lomas de Bellavista,Colonia,San Luis Potosí,San Luis Potosí,San Luis Potosí,Urbano,https://postali.app/mx/san-luis-potosi/san-luis-potosi/lomas-de-bellavista
78380,Lomas de la Virgen,Fraccionamiento,San Luis Potosí,San Luis Potosí,San Luis Potosí,Urbano,https://postali.app/mx/san-luis-potosi/san-luis-potosi/lomas-de-la-virgen
78380,Prados Satélite,Colonia,San Luis Potosí,San Luis Potosí,San Luis Potosí,Urbano,https://postali.app/mx/san-luis-potosi/san-luis-potosi/prados-satelite
78380,San Juan Guadalupe,Colonia,San Luis Potosí,San Luis Potosí,San Luis Potosí,Urbano,https://postali.app/mx/san-luis-potosi/san-luis-potosi/san-juan-guadalupe
78380,Santuario,Colonia,San Luis Potosí,San Luis Potosí,San Luis Potosí,Urbano,https://postali.app/mx/san-luis-potosi/san-luis-potosi/santuario
78380,Satélite Francisco I Madero,Colonia,San Luis Potosí,San Luis Potosí,San Luis Potosí,Urbano,https://postali.app/mx/san-luis-potosi/san-luis-potosi/satelite-francisco-i-madero
78380,Simón Díaz,Colonia,San Luis Potosí,San Luis Potosí,San Luis Potosí,Urbano,https://postali.app/mx/san-luis-potosi/san-luis-potosi/simon-diaz
78380,Viveros Satélite,Colonia,San Luis Potosí,San Luis Potosí,San Luis Potosí,Urbano,https://postali.app/mx/san-luis-potosi/san-luis-potosi/viveros-satelite
78384,Lomas de Satélite,Fraccionamiento,San Luis Potosí,San Luis Potosí,San Luis Potosí,Urbano,https://postali.app/mx/san-luis-potosi/san-luis-potosi/lomas-de-satelite
78384,Tarragona Residencial,Fraccionamiento,San Luis Potosí,San Luis Potosí,San Luis Potosí,Urbano,https://postali.app/mx/san-luis-potosi/san-luis-potosi/tarragona-residencial
78384,Tepeyac,Colonia,San Luis Potosí,San Luis Potosí,San Luis Potosí,Urbano,https://postali.app/mx/san-luis-potosi/san-luis-potosi/tepeyac
78385,Agua Real,Fraccionamiento,San Luis Potosí,San Luis Potosí,San Luis Potosí,Urbano,https://postali.app/mx/san-luis-potosi/san-luis-potosi/agua-real
78385,Aguazal,Fraccionamiento,San Luis Potosí,San Luis Potosí,San Luis Potosí,Urbano,https://postali.app/mx/san-luis-potosi/san-luis-potosi/aguazal
78385,Antorcha Popular,Colonia,San Luis Potosí,San Luis Potosí,San Luis Potosí,Urbano,https://postali.app/mx/san-luis-potosi/san-luis-potosi/antorcha-popular
78385,Los Pinos,Colonia,San Luis Potosí,San Luis Potosí,San Luis Potosí,Urbano,https://postali.app/mx/san-luis-potosi/san-luis-potosi/los-pinos-78385
78385,Nuevo Progreso,Unidad habitacional,San Luis Potosí,San Luis Potosí,San Luis Potosí,Urbano,https://postali.app/mx/san-luis-potosi/san-luis-potosi/nuevo-progreso
78385,Privada Diamante Residencial,Fraccionamiento,San Luis Potosí,San Luis Potosí,San Luis Potosí,Urbano,https://postali.app/mx/san-luis-potosi/san-luis-potosi/privada-diamante-residencial
78385,Privada Rinconada del Progreso,Fraccionamiento,San Luis Potosí,San Luis Potosí,San Luis Potosí,Urbano,https://postali.app/mx/san-luis-potosi/san-luis-potosi/privada-rinconada-del-progreso
78385,Privada Santa Clara,Fraccionamiento,San Luis Potosí,San Luis Potosí,San Luis Potosí,Urbano,https://postali.app/mx/san-luis-potosi/san-luis-potosi/privada-santa-clara
78385,Puerta de Piedra,Fraccionamiento,San Luis Potosí,San Luis Potosí,San Luis Potosí,Urbano,https://postali.app/mx/san-luis-potosi/san-luis-potosi/puerta-de-piedra
78385,Residencial del Bosque,Unidad habitacional,San Luis Potosí,San Luis Potosí,San Luis Potosí,Urbano,https://postali.app/mx/san-luis-potosi/san-luis-potosi/residencial-del-bosque
78385,Residencial Salk,Fraccionamiento,San Luis Potosí,San Luis Potosí,San Luis Potosí,Urbano,https://postali.app/mx/san-luis-potosi/san-luis-potosi/residencial-salk
78385,Simón Díaz (Indeco),Colonia,San Luis Potosí,San Luis Potosí,San Luis Potosí,Urbano,https://postali.app/mx/san-luis-potosi/san-luis-potosi/simon-diaz-indeco
78385,Simón Díaz Aguaje,Colonia,San Luis Potosí,San Luis Potosí,San Luis Potosí,Urbano,https://postali.app/mx/san-luis-potosi/san-luis-potosi/simon-diaz-aguaje
78385,Simón Díaz INFONAVIT,Unidad habitacional,San Luis Potosí,San Luis Potosí,San Luis Potosí,Urbano,https://postali.app/mx/san-luis-potosi/san-luis-potosi/simon-diaz-infonavit
78385,Valle de Las Rosas,Colonia,San Luis Potosí,San Luis Potosí,San Luis Potosí,Urbano,https://postali.app/mx/san-luis-potosi/san-luis-potosi/valle-de-las-rosas
78385,Valle del Progreso,Fraccionamiento,San Luis Potosí,San Luis Potosí,San Luis Potosí,Urbano,https://postali.app/mx/san-luis-potosi/san-luis-potosi/valle-del-progreso
78387,San Leonel,Fraccionamiento,San Luis Potosí,San Luis Potosí,San Luis Potosí,Urbano,https://postali.app/mx/san-luis-potosi/san-luis-potosi/san-leonel
78388,Constituyentes,Colonia,San Luis Potosí,San Luis Potosí,San Luis Potosí,Urbano,https://postali.app/mx/san-luis-potosi/san-luis-potosi/constituyentes
78389,5 de Febrero,Colonia,San Luis Potosí,San Luis Potosí,San Luis Potosí,Urbano,https://postali.app/mx/san-luis-potosi/san-luis-potosi/5-de-febrero
78389,Colorines,Colonia,San Luis Potosí,San Luis Potosí,San Luis Potosí,Urbano,https://postali.app/mx/san-luis-potosi/san-luis-potosi/colorines
78389,Diagonal,Fraccionamiento,San Luis Potosí,San Luis Potosí,San Luis Potosí,Urbano,https://postali.app/mx/san-luis-potosi/san-luis-potosi/diagonal
78389,Golondrinas,Fraccionamiento,San Luis Potosí,San Luis Potosí,San Luis Potosí,Urbano,https://postali.app/mx/san-luis-potosi/san-luis-potosi/golondrinas
78389,Marbella Conjunto Residencial,Condominio,San Luis Potosí,San Luis Potosí,San Luis Potosí,Urbano,https://postali.app/mx/san-luis-potosi/san-luis-potosi/marbella-conjunto-residencial
78389,Privada Españita,Fraccionamiento,San Luis Potosí,San Luis Potosí,San Luis Potosí,Urbano,https://postali.app/mx/san-luis-potosi/san-luis-potosi/privada-espanita
78389,Rinconada de los Olivos,Fraccionamiento,San Luis Potosí,San Luis Potosí,San Luis Potosí,Urbano,https://postali.app/mx/san-luis-potosi/san-luis-potosi/rinconada-de-los-olivos
78389,Villa Española,Fraccionamiento,San Luis Potosí,San Luis Potosí,San Luis Potosí,Urbano,https://postali.app/mx/san-luis-potosi/san-luis-potosi/villa-espanola
78390,Centro de Abastos,Colonia,San Luis Potosí,San Luis Potosí,San Luis Potosí,Urbano,https://postali.app/mx/san-luis-potosi/san-luis-potosi/centro-de-abastos
78390,Florencia,Condominio,San Luis Potosí,San Luis Potosí,San Luis Potosí,Urbano,https://postali.app/mx/san-luis-potosi/san-luis-potosi/florencia
78390,Hermenegildo J Aldana,Fraccionamiento,San Luis Potosí,San Luis Potosí,San Luis Potosí,Urbano,https://postali.app/mx/san-luis-potosi/san-luis-potosi/hermenegildo-j-aldana
78390,Jaime Torres Bodet,Colonia,San Luis Potosí,San Luis Potosí,San Luis Potosí,Urbano,https://postali.app/mx/san-luis-potosi/san-luis-potosi/jaime-torres-bodet
78390,Jardines de Oriente,Colonia,San Luis Potosí,San Luis Potosí,San Luis Potosí,Urbano,https://postali.app/mx/san-luis-potosi/san-luis-potosi/jardines-de-oriente
78390,Los Almendros,Fraccionamiento,San Luis Potosí,San Luis Potosí,San Luis Potosí,Urbano,https://postali.app/mx/san-luis-potosi/san-luis-potosi/los-almendros
78390,Mayamil,Colonia,San Luis Potosí,San Luis Potosí,San Luis Potosí,Urbano,https://postali.app/mx/san-luis-potosi/san-luis-potosi/mayamil
78390,Prados Glorieta,Colonia,San Luis Potosí,San Luis Potosí,San Luis Potosí,Urbano,https://postali.app/mx/san-luis-potosi/san-luis-potosi/prados-glorieta
78390,Privada Real,Fraccionamiento,San Luis Potosí,San Luis Potosí,San Luis Potosí,Urbano,https://postali.app/mx/san-luis-potosi/san-luis-potosi/privada-real
78390,Providencia,Colonia,San Luis Potosí,San Luis Potosí,San Luis Potosí,Urbano,https://postali.app/mx/san-luis-potosi/san-luis-potosi/providencia
78390,Ricardo B Anaya,Colonia,San Luis Potosí,San Luis Potosí,San Luis Potosí,Urbano,https://postali.app/mx/san-luis-potosi/san-luis-potosi/ricardo-b-anaya
78390,Santa Fe,Fraccionamiento,San Luis Potosí,San Luis Potosí,San Luis Potosí,Urbano,https://postali.app/mx/san-luis-potosi/san-luis-potosi/santa-fe
78390,Sol,Fraccionamiento,San Luis Potosí,San Luis Potosí,San Luis Potosí,Urbano,https://postali.app/mx/san-luis-potosi/san-luis-potosi/sol
78390,Unidad Ponciano Arriaga 3a Sección,Fraccionamiento,San Luis Potosí,San Luis Potosí,San Luis Potosí,Urbano,https://postali.app/mx/san-luis-potosi/san-luis-potosi/unidad-ponciano-arriaga-3a-seccion
78394,Abastos INFONAVIT,Unidad habitacional,Villa de Pozos,San Luis Potosí,Villa de Pozos,Urbano,https://postali.app/mx/san-luis-potosi/villa-de-pozos/abastos-infonavit
78394,Alejandro Cueto,Rancho,Villa de Pozos,San Luis Potosí,Villa de Pozos,Rural,https://postali.app/mx/san-luis-potosi/villa-de-pozos/alejandro-cueto
78394,Arco Iris,Fraccionamiento,Villa de Pozos,San Luis Potosí,Villa de Pozos,Urbano,https://postali.app/mx/san-luis-potosi/villa-de-pozos/arco-iris
78394,Asturias Residencial,Fraccionamiento,Villa de Pozos,San Luis Potosí,Villa de Pozos,Urbano,https://postali.app/mx/san-luis-potosi/villa-de-pozos/asturias-residencial
78394,Azteca,Colonia,Villa de Pozos,San Luis Potosí,Villa de Pozos,Urbano,https://postali.app/mx/san-luis-potosi/villa-de-pozos/azteca
78394,Cecilia Occelli,Colonia,Villa de Pozos,San Luis Potosí,Villa de Pozos,Urbano,https://postali.app/mx/san-luis-potosi/villa-de-pozos/cecilia-occelli
78394,Cielo Claro Las Mercedes,Colonia,Villa de Pozos,San Luis Potosí,Villa de Pozos,Urbano,https://postali.app/mx/san-luis-potosi/villa-de-pozos/cielo-claro-las-mercedes
78394,Colonial Abastos,Colonia,Villa de Pozos,San Luis Potosí,Villa de Pozos,Urbano,https://postali.app/mx/san-luis-potosi/villa-de-pozos/colonial-abastos
78394,Del Río,Fraccionamiento,Villa de Pozos,San Luis Potosí,Villa de Pozos,Urbano,https://postali.app/mx/san-luis-potosi/villa-de-pozos/del-rio
78394,Ejidal la Libertad,Colonia,Villa de Pozos,San Luis Potosí,Villa de Pozos,Urbano,https://postali.app/mx/san-luis-potosi/villa-de-pozos/ejidal-la-libertad
78394,El Palmar,Colonia,Villa de Pozos,San Luis Potosí,Villa de Pozos,Urbano,https://postali.app/mx/san-luis-potosi/villa-de-pozos/el-palmar
78394,El Palmeral,Fraccionamiento,Villa de Pozos,San Luis Potosí,Villa de Pozos,Urbano,https://postali.app/mx/san-luis-potosi/villa-de-pozos/el-palmeral
78394,El Portal,Fraccionamiento,Villa de Pozos,San Luis Potosí,Villa de Pozos,Urbano,https://postali.app/mx/san-luis-potosi/villa-de-pozos/el-portal
78394,Enramadas,Fraccionamiento,Villa de Pozos,San Luis Potosí,Villa de Pozos,Urbano,https://postali.app/mx/san-luis-potosi/villa-de-pozos/enramadas
78394,Estrella de Oriente,Colonia,Villa de Pozos,San Luis Potosí,Villa de Pozos,Urbano,https://postali.app/mx/san-luis-potosi/villa-de-pozos/estrella-de-oriente
78394,INFONAVIT Ciudad 2000,Unidad habitacional,Villa de Pozos,San Luis Potosí,Villa de Pozos,Urbano,https://postali.app/mx/san-luis-potosi/villa-de-pozos/infonavit-ciudad-2000
78394,Jardines de La Libertad,Fraccionamiento,Villa de Pozos,San Luis Potosí,Villa de Pozos,Urbano,https://postali.app/mx/san-luis-potosi/villa-de-pozos/jardines-de-la-libertad
78394,Jardines del Rosario,Fraccionamiento,Villa de Pozos,San Luis Potosí,Villa de Pozos,Urbano,https://postali.app/mx/san-luis-potosi/villa-de-pozos/jardines-del-rosario
78394,La Libertad (Pozos),Barrio,Villa de Pozos,San Luis Potosí,Villa de Pozos,Rural,https://postali.app/mx/san-luis-potosi/villa-de-pozos/la-libertad-pozos
78394,La Libertad II,Fraccionamiento,Villa de Pozos,San Luis Potosí,Villa de Pozos,Urbano,https://postali.app/mx/san-luis-potosi/villa-de-pozos/la-libertad-ii
78394,Las Mercedes,Fraccionamiento,Villa de Pozos,San Luis Potosí,Villa de Pozos,Urbano,https://postali.app/mx/san-luis-potosi/villa-de-pozos/las-mercedes
78394,Las Mercedes,Colonia,Villa de Pozos,San Luis Potosí,Villa de Pozos,Urbano,https://postali.app/mx/san-luis-potosi/villa-de-pozos/las-mercedes-78394
78394,Las Palmas,Fraccionamiento,Villa de Pozos,San Luis Potosí,Villa de Pozos,Urbano,https://postali.app/mx/san-luis-potosi/villa-de-pozos/las-palmas
78394,Las Ramblas,Fraccionamiento,Villa de Pozos,San Luis Potosí,Villa de Pozos,Urbano,https://postali.app/mx/san-luis-potosi/villa-de-pozos/las-ramblas
78394,Libertad,Fraccionamiento,Villa de Pozos,San Luis Potosí,Villa de Pozos,Urbano,https://postali.app/mx/san-luis-potosi/villa-de-pozos/libertad
78394,Libertad de México,Fraccionamiento,Villa de Pozos,San Luis Potosí,Villa de Pozos,Urbano,https://postali.app/mx/san-luis-potosi/villa-de-pozos/libertad-de-mexico
78394,Libertad INFONAVIT Abastos,Unidad habitacional,Villa de Pozos,San Luis Potosí,Villa de Pozos,Urbano,https://postali.app/mx/san-luis-potosi/villa-de-pozos/libertad-infonavit-abastos
78394,Los Molinos,Fraccionamiento,Villa de Pozos,San Luis Potosí,Villa de Pozos,Urbano,https://postali.app/mx/san-luis-potosi/villa-de-pozos/los-molinos
78394,Los Robles,Fraccionamiento,Villa de Pozos,San Luis Potosí,Villa de Pozos,Urbano,https://postali.app/mx/san-luis-potosi/villa-de-pozos/los-robles
78394,Los Silos,Fraccionamiento,Villa de Pozos,San Luis Potosí,Villa de Pozos,Urbano,https://postali.app/mx/san-luis-potosi/villa-de-pozos/los-silos
78394,Misión del Palmar,Fraccionamiento,Villa de Pozos,San Luis Potosí,Villa de Pozos,Urbano,https://postali.app/mx/san-luis-potosi/villa-de-pozos/mision-del-palmar
78394,Murato,Fraccionamiento,Villa de Pozos,San Luis Potosí,Villa de Pozos,Urbano,https://postali.app/mx/san-luis-potosi/villa-de-pozos/murato
78394,Parque Herradura,Fraccionamiento,Villa de Pozos,San Luis Potosí,Villa de Pozos,Urbano,https://postali.app/mx/san-luis-potosi/villa-de-pozos/parque-herradura
78394,Paseo de los Agaves,Fraccionamiento,Villa de Pozos,San Luis Potosí,Villa de Pozos,Urbano,https://postali.app/mx/san-luis-potosi/villa-de-pozos/paseo-de-los-agaves
78394,Pozarreal,Fraccionamiento,Villa de Pozos,San Luis Potosí,Villa de Pozos,Urbano,https://postali.app/mx/san-luis-potosi/villa-de-pozos/pozarreal
78394,Praderas del Real,Fraccionamiento,Villa de Pozos,San Luis Potosí,Villa de Pozos,Urbano,https://postali.app/mx/san-luis-potosi/villa-de-pozos/praderas-del-real
78394,Prados de San Vicente Segunda Sección,Colonia,Villa de Pozos,San Luis Potosí,Villa de Pozos,Urbano,https://postali.app/mx/san-luis-potosi/villa-de-pozos/prados-de-san-vicente-segunda-seccion
78394,Prados de San Vicente Tercera Sección,Colonia,Villa de Pozos,San Luis Potosí,Villa de Pozos,Urbano,https://postali.app/mx/san-luis-potosi/villa-de-pozos/prados-de-san-vicente-tercera-seccion
78394,Prados Oriente,Fraccionamiento,Villa de Pozos,San Luis Potosí,Villa de Pozos,Urbano,https://postali.app/mx/san-luis-potosi/villa-de-pozos/prados-oriente
78394,Rancho la Libertad,Colonia,Villa de Pozos,San Luis Potosí,Villa de Pozos,Urbano,https://postali.app/mx/san-luis-potosi/villa-de-pozos/rancho-la-libertad
78394,Rancho Viejo,Colonia,Villa de Pozos,San Luis Potosí,Villa de Pozos,Urbano,https://postali.app/mx/san-luis-potosi/villa-de-pozos/rancho-viejo
78394,Residencial Castilla la Nueva,Fraccionamiento,Villa de Pozos,San Luis Potosí,Villa de Pozos,Urbano,https://postali.app/mx/san-luis-potosi/villa-de-pozos/residencial-castilla-la-nueva
78394,Residencial del Bosque,Fraccionamiento,Villa de Pozos,San Luis Potosí,Villa de Pozos,Urbano,https://postali.app/mx/san-luis-potosi/villa-de-pozos/residencial-del-bosque
78394,San Cristóbal,Fraccionamiento,Villa de Pozos,San Luis Potosí,Villa de Pozos,Urbano,https://postali.app/mx/san-luis-potosi/villa-de-pozos/san-cristobal
78394,San Jorge,Fraccionamiento,Villa de Pozos,San Luis Potosí,Villa de Pozos,Urbano,https://postali.app/mx/san-luis-potosi/villa-de-pozos/san-jorge
78394,San Xavier,Fraccionamiento,Villa de Pozos,San Luis Potosí,Villa de Pozos,Urbano,https://postali.app/mx/san-luis-potosi/villa-de-pozos/san-xavier
78394,Seminario La Misión,Fraccionamiento,Villa de Pozos,San Luis Potosí,Villa de Pozos,Urbano,https://postali.app/mx/san-luis-potosi/villa-de-pozos/seminario-la-mision
78394,Seminario Residencial,Fraccionamiento,Villa de Pozos,San Luis Potosí,Villa de Pozos,Urbano,https://postali.app/mx/san-luis-potosi/villa-de-pozos/seminario-residencial
78394,Serena Residencial,Fraccionamiento,Villa de Pozos,San Luis Potosí,Villa de Pozos,Urbano,https://postali.app/mx/san-luis-potosi/villa-de-pozos/serena-residencial
78394,Silos Zona Dorada,Fraccionamiento,Villa de Pozos,San Luis Potosí,Villa de Pozos,Urbano,https://postali.app/mx/san-luis-potosi/villa-de-pozos/silos-zona-dorada
78394,Torre de Babel,Fraccionamiento,Villa de Pozos,San Luis Potosí,Villa de Pozos,Urbano,https://postali.app/mx/san-luis-potosi/villa-de-pozos/torre-de-babel
78394,Villa de Las Torres,Fraccionamiento,Villa de Pozos,San Luis Potosí,Villa de Pozos,Urbano,https://postali.app/mx/san-luis-potosi/villa-de-pozos/villa-de-las-torres
78394,Villa Molinos,Fraccionamiento,Villa de Pozos,San Luis Potosí,Villa de Pozos,Urbano,https://postali.app/mx/san-luis-potosi/villa-de-pozos/villa-molinos
78394,Villas del Sol,Fraccionamiento,Villa de Pozos,San Luis Potosí,Villa de Pozos,Urbano,https://postali.app/mx/san-luis-potosi/villa-de-pozos/villas-del-sol
78395,Bella Vista de Dalias,Fraccionamiento,San Luis Potosí,San Luis Potosí,San Luis Potosí,Urbano,https://postali.app/mx/san-luis-potosi/san-luis-potosi/bella-vista-de-dalias
78395,Bosques Esmeralda,Fraccionamiento,San Luis Potosí,San Luis Potosí,San Luis Potosí,Urbano,https://postali.app/mx/san-luis-potosi/san-luis-potosi/bosques-esmeralda
78395,Dalias,Fraccionamiento,San Luis Potosí,San Luis Potosí,San Luis Potosí,Urbano,https://postali.app/mx/san-luis-potosi/san-luis-potosi/dalias
78395,Dalias la Privada,Fraccionamiento,San Luis Potosí,San Luis Potosí,San Luis Potosí,Urbano,https://postali.app/mx/san-luis-potosi/san-luis-potosi/dalias-la-privada
78395,Don Miguel,Fraccionamiento,San Luis Potosí,San Luis Potosí,San Luis Potosí,Urbano,https://postali.app/mx/san-luis-potosi/san-luis-potosi/don-miguel
78395,El Bosquecito,Fraccionamiento,San Luis Potosí,San Luis Potosí,San Luis Potosí,Urbano,https://postali.app/mx/san-luis-potosi/san-luis-potosi/el-bosquecito
78395,Industrial San Luis,Fraccionamiento,San Luis Potosí,San Luis Potosí,San Luis Potosí,Urbano,https://postali.app/mx/san-luis-potosi/san-luis-potosi/industrial-san-luis
78395,Industrias,Fraccionamiento,San Luis Potosí,San Luis Potosí,San Luis Potosí,Urbano,https://postali.app/mx/san-luis-potosi/san-luis-potosi/industrias
78395,Noria de San José,Colonia,San Luis Potosí,San Luis Potosí,San Luis Potosí,Rural,https://postali.app/mx/san-luis-potosi/san-luis-potosi/noria-de-san-jose
78395,Parque Industrial Millennium,Zona industrial,San Luis Potosí,San Luis Potosí,San Luis Potosí,Urbano,https://postali.app/mx/san-luis-potosi/san-luis-potosi/parque-industrial-millennium
78395,Parque Industrial Tres Naciones,Zona industrial,San Luis Potosí,San Luis Potosí,San Luis Potosí,Urbano,https://postali.app/mx/san-luis-potosi/san-luis-potosi/parque-industrial-tres-naciones
78395,Privada de las Flores,Fraccionamiento,San Luis Potosí,San Luis Potosí,San Luis Potosí,Urbano,https://postali.app/mx/san-luis-potosi/san-luis-potosi/privada-de-las-flores
78395,Privadas Trojes del Sur,Fraccionamiento,San Luis Potosí,San Luis Potosí,San Luis Potosí,Urbano,https://postali.app/mx/san-luis-potosi/san-luis-potosi/privadas-trojes-del-sur
78395,Providencia Real,Colonia,San Luis Potosí,San Luis Potosí,San Luis Potosí,Urbano,https://postali.app/mx/san-luis-potosi/san-luis-potosi/providencia-real
78395,Puente del Sol,Fraccionamiento,San Luis Potosí,San Luis Potosí,San Luis Potosí,Urbano,https://postali.app/mx/san-luis-potosi/san-luis-potosi/puente-del-sol
78395,Residencial Dalias,Fraccionamiento,San Luis Potosí,San Luis Potosí,San Luis Potosí,Urbano,https://postali.app/mx/san-luis-potosi/san-luis-potosi/residencial-dalias
78395,Villa de Dalias,Fraccionamiento,San Luis Potosí,San Luis Potosí,San Luis Potosí,Urbano,https://postali.app/mx/san-luis-potosi/san-luis-potosi/villa-de-dalias
78395,Zona Industrial,Zona industrial,San Luis Potosí,San Luis Potosí,San Luis Potosí,Urbano,https://postali.app/mx/san-luis-potosi/san-luis-potosi/zona-industrial
78396,José de Gálvez,Colonia,San Luis Potosí,San Luis Potosí,San Luis Potosí,Urbano,https://postali.app/mx/san-luis-potosi/san-luis-potosi/jose-de-galvez
78396,Minas del Real,Fraccionamiento,San Luis Potosí,San Luis Potosí,San Luis Potosí,Urbano,https://postali.app/mx/san-luis-potosi/san-luis-potosi/minas-del-real
78396,Obispado,Fraccionamiento,San Luis Potosí,San Luis Potosí,San Luis Potosí,Urbano,https://postali.app/mx/san-luis-potosi/san-luis-potosi/obispado
78396,Prados de San Vicente,Colonia,San Luis Potosí,San Luis Potosí,San Luis Potosí,Urbano,https://postali.app/mx/san-luis-potosi/san-luis-potosi/prados-de-san-vicente
78396,Residencial Cumbres,Colonia,San Luis Potosí,San Luis Potosí,San Luis Potosí,Urbano,https://postali.app/mx/san-luis-potosi/san-luis-potosi/residencial-cumbres
78396,Ricardo B Anaya 2a Secc,Colonia,San Luis Potosí,San Luis Potosí,San Luis Potosí,Urbano,https://postali.app/mx/san-luis-potosi/san-luis-potosi/ricardo-b-anaya-2a-secc
78396,Villa Jardín,Fraccionamiento,San Luis Potosí,San Luis Potosí,San Luis Potosí,Urbano,https://postali.app/mx/san-luis-potosi/san-luis-potosi/villa-jardin
78398,Aguaje 2000,Unidad habitacional,San Luis Potosí,San Luis Potosí,San Luis Potosí,Urbano,https://postali.app/mx/san-luis-potosi/san-luis-potosi/aguaje-2000
78398,Arboledas del Real,Fraccionamiento,San Luis Potosí,San Luis Potosí,San Luis Potosí,Urbano,https://postali.app/mx/san-luis-potosi/san-luis-potosi/arboledas-del-real
78398,Campo Azul Residencial,Fraccionamiento,San Luis Potosí,San Luis Potosí,San Luis Potosí,Urbano,https://postali.app/mx/san-luis-potosi/san-luis-potosi/campo-azul-residencial
78398,Cennet Residencial,Fraccionamiento,San Luis Potosí,San Luis Potosí,San Luis Potosí,Urbano,https://postali.app/mx/san-luis-potosi/san-luis-potosi/cennet-residencial
78398,Cimazul Residencial,Fraccionamiento,San Luis Potosí,San Luis Potosí,San Luis Potosí,Urbano,https://postali.app/mx/san-luis-potosi/san-luis-potosi/cimazul-residencial
78398,Cumbres de Las Ceibas,Fraccionamiento,San Luis Potosí,San Luis Potosí,San Luis Potosí,Urbano,https://postali.app/mx/san-luis-potosi/san-luis-potosi/cumbres-de-las-ceibas
78398,El Aguaje,Fraccionamiento,San Luis Potosí,San Luis Potosí,San Luis Potosí,Urbano,https://postali.app/mx/san-luis-potosi/san-luis-potosi/el-aguaje
78398,El Ranchito,Colonia,San Luis Potosí,San Luis Potosí,San Luis Potosí,Rural,https://postali.app/mx/san-luis-potosi/san-luis-potosi/el-ranchito
78398,El Triángulo,Fraccionamiento,San Luis Potosí,San Luis Potosí,San Luis Potosí,Urbano,https://postali.app/mx/san-luis-potosi/san-luis-potosi/el-triangulo
78398,Español,Fraccionamiento,San Luis Potosí,San Luis Potosí,San Luis Potosí,Urbano,https://postali.app/mx/san-luis-potosi/san-luis-potosi/espanol
78398,Flores del Aguaje,Fraccionamiento,San Luis Potosí,San Luis Potosí,San Luis Potosí,Urbano,https://postali.app/mx/san-luis-potosi/san-luis-potosi/flores-del-aguaje
78398,Flores Magón,Fraccionamiento,San Luis Potosí,San Luis Potosí,San Luis Potosí,Urbano,https://postali.app/mx/san-luis-potosi/san-luis-potosi/flores-magon
78398,Héroes Antorchistas de Chimalhuacán,Colonia,San Luis Potosí,San Luis Potosí,San Luis Potosí,Urbano,https://postali.app/mx/san-luis-potosi/san-luis-potosi/heroes-antorchistas-de-chimalhuacan
78398,Imperia Residencial,Fraccionamiento,San Luis Potosí,San Luis Potosí,San Luis Potosí,Urbano,https://postali.app/mx/san-luis-potosi/san-luis-potosi/imperia-residencial
78398,Juan Sarabia,Colonia,San Luis Potosí,San Luis Potosí,San Luis Potosí,Urbano,https://postali.app/mx/san-luis-potosi/san-luis-potosi/juan-sarabia
78398,La Gloria Escondida,Rancho,San Luis Potosí,San Luis Potosí,San Luis Potosí,Rural,https://postali.app/mx/san-luis-potosi/san-luis-potosi/la-gloria-escondida
78398,Laureles del Sur,Fraccionamiento,San Luis Potosí,San Luis Potosí,San Luis Potosí,Urbano,https://postali.app/mx/san-luis-potosi/san-luis-potosi/laureles-del-sur
78398,Los Arbolitos INFONAVIT,Unidad habitacional,San Luis Potosí,San Luis Potosí,San Luis Potosí,Urbano,https://postali.app/mx/san-luis-potosi/san-luis-potosi/los-arbolitos-infonavit
78398,Misión de Loreto,Fraccionamiento,San Luis Potosí,San Luis Potosí,San Luis Potosí,Urbano,https://postali.app/mx/san-luis-potosi/san-luis-potosi/mision-de-loreto
78398,Monte Pío,Fraccionamiento,San Luis Potosí,San Luis Potosí,San Luis Potosí,Urbano,https://postali.app/mx/san-luis-potosi/san-luis-potosi/monte-pio
78398,Nuestra Señora de La Salud,Fraccionamiento,San Luis Potosí,San Luis Potosí,San Luis Potosí,Urbano,https://postali.app/mx/san-luis-potosi/san-luis-potosi/nuestra-senora-de-la-salud
78398,Nuevo Villaverde,Fraccionamiento,San Luis Potosí,San Luis Potosí,San Luis Potosí,Urbano,https://postali.app/mx/san-luis-potosi/san-luis-potosi/nuevo-villaverde
78398,Oriental,Fraccionamiento,San Luis Potosí,San Luis Potosí,San Luis Potosí,Urbano,https://postali.app/mx/san-luis-potosi/san-luis-potosi/oriental
78398,Palmar Chico,Colonia,San Luis Potosí,San Luis Potosí,San Luis Potosí,Urbano,https://postali.app/mx/san-luis-potosi/san-luis-potosi/palmar-chico
78398,Privada Residencial las Fuentes,Fraccionamiento,San Luis Potosí,San Luis Potosí,San Luis Potosí,Urbano,https://postali.app/mx/san-luis-potosi/san-luis-potosi/privada-residencial-las-fuentes
78398,Residencial Rancho Viejo,Fraccionamiento,San Luis Potosí,San Luis Potosí,San Luis Potosí,Urbano,https://postali.app/mx/san-luis-potosi/san-luis-potosi/residencial-rancho-viejo
78398,San Fernando,Fraccionamiento,San Luis Potosí,San Luis Potosí,San Luis Potosí,Urbano,https://postali.app/mx/san-luis-potosi/san-luis-potosi/san-fernando-78398
78398,San Nicolás del Aguaje,Fraccionamiento,San Luis Potosí,San Luis Potosí,San Luis Potosí,Urbano,https://postali.app/mx/san-luis-potosi/san-luis-potosi/san-nicolas-del-aguaje
78398,San Nicolás del Aguaje,Colonia,San Luis Potosí,San Luis Potosí,San Luis Potosí,Urbano,https://postali.app/mx/san-luis-potosi/san-luis-potosi/san-nicolas-del-aguaje-78398
78398,San Salvador,Colonia,San Luis Potosí,San Luis Potosí,San Luis Potosí,Urbano,https://postali.app/mx/san-luis-potosi/san-luis-potosi/san-salvador
78398,Trojes del Sur,Fraccionamiento,San Luis Potosí,San Luis Potosí,San Luis Potosí,Urbano,https://postali.app/mx/san-luis-potosi/san-luis-potosi/trojes-del-sur
78398,Villaverde,Fraccionamiento,San Luis Potosí,San Luis Potosí,San Luis Potosí,Urbano,https://postali.app/mx/san-luis-potosi/san-luis-potosi/villaverde
78399,Capricornio,Fraccionamiento,San Luis Potosí,San Luis Potosí,San Luis Potosí,Urbano,https://postali.app/mx/san-luis-potosi/san-luis-potosi/capricornio
78399,Central,Fraccionamiento,San Luis Potosí,San Luis Potosí,San Luis Potosí,Urbano,https://postali.app/mx/san-luis-potosi/san-luis-potosi/central
78399,Central,Zona comercial,San Luis Potosí,San Luis Potosí,San Luis Potosí,Urbano,https://postali.app/mx/san-luis-potosi/san-luis-potosi/central-78399
78399,Conjunto Rubí,Fraccionamiento,San Luis Potosí,San Luis Potosí,San Luis Potosí,Urbano,https://postali.app/mx/san-luis-potosi/san-luis-potosi/conjunto-rubi
78399,El Naranjal Valle Dorado,Fraccionamiento,San Luis Potosí,San Luis Potosí,San Luis Potosí,Urbano,https://postali.app/mx/san-luis-potosi/san-luis-potosi/el-naranjal-valle-dorado
78399,Esmeralda,Fraccionamiento,San Luis Potosí,San Luis Potosí,San Luis Potosí,Urbano,https://postali.app/mx/san-luis-potosi/san-luis-potosi/esmeralda
78399,Glorieta,Condominio,San Luis Potosí,San Luis Potosí,San Luis Potosí,Urbano,https://postali.app/mx/san-luis-potosi/san-luis-potosi/glorieta
78399,Holanda,Fraccionamiento,San Luis Potosí,San Luis Potosí,San Luis Potosí,Urbano,https://postali.app/mx/san-luis-potosi/san-luis-potosi/holanda
78399,Jardines del Sur,Colonia,San Luis Potosí,San Luis Potosí,San Luis Potosí,Urbano,https://postali.app/mx/san-luis-potosi/san-luis-potosi/jardines-del-sur
78399,Las Joyas,Colonia,San Luis Potosí,San Luis Potosí,San Luis Potosí,Urbano,https://postali.app/mx/san-luis-potosi/san-luis-potosi/las-joyas
78399,Nuevo Valle Dorado,Colonia,San Luis Potosí,San Luis Potosí,San Luis Potosí,Urbano,https://postali.app/mx/san-luis-potosi/san-luis-potosi/nuevo-valle-dorado
78399,Residencial las Minas,Fraccionamiento,San Luis Potosí,San Luis Potosí,San Luis Potosí,Urbano,https://postali.app/mx/san-luis-potosi/san-luis-potosi/residencial-las-minas
78399,Rinconada de Valle Dorado,Fraccionamiento,San Luis Potosí,San Luis Potosí,San Luis Potosí,Urbano,https://postali.app/mx/san-luis-potosi/san-luis-potosi/rinconada-de-valle-dorado
78399,San Patricio,Colonia,San Luis Potosí,San Luis Potosí,San Luis Potosí,Urbano,https://postali.app/mx/san-luis-potosi/san-luis-potosi/san-patricio
78399,Talleres,Colonia,San Luis Potosí,San Luis Potosí,San Luis Potosí,Urbano,https://postali.app/mx/san-luis-potosi/san-luis-potosi/talleres
78399,Valle de Dalias,Fraccionamiento,San Luis Potosí,San Luis Potosí,San Luis Potosí,Urbano,https://postali.app/mx/san-luis-potosi/san-luis-potosi/valle-de-dalias
78399,Valle Dorado,Colonia,San Luis Potosí,San Luis Potosí,San Luis Potosí,Urbano,https://postali.app/mx/san-luis-potosi/san-luis-potosi/valle-dorado
78400,Aurelio Arriaga Cárdenas,Granja,San Luis Potosí,San Luis Potosí,,Rural,https://postali.app/mx/san-luis-potosi/san-luis-potosi/aurelio-arriaga-cardenas
78400,Centzontle,Ejido,San Luis Potosí,San Luis Potosí,,Rural,https://postali.app/mx/san-luis-potosi/san-luis-potosi/centzontle
78400,Cerritos de Zavala,Colonia,San Luis Potosí,San Luis Potosí,,Rural,https://postali.app/mx/san-luis-potosi/san-luis-potosi/cerritos-de-zavala
78400,Covadonga,Granja,San Luis Potosí,San Luis Potosí,,Rural,https://postali.app/mx/san-luis-potosi/san-luis-potosi/covadonga
78400,El Carril,Barrio,San Luis Potosí,San Luis Potosí,,Rural,https://postali.app/mx/san-luis-potosi/san-luis-potosi/el-carril
78400,El Malacate,Rancho,San Luis Potosí,San Luis Potosí,,Rural,https://postali.app/mx/san-luis-potosi/san-luis-potosi/el-malacate
78400,El Manzo,Rancho,San Luis Potosí,San Luis Potosí,,Rural,https://postali.app/mx/san-luis-potosi/san-luis-potosi/el-manzo
78400,El Rosario,Rancho,San Luis Potosí,San Luis Potosí,,Rural,https://postali.app/mx/san-luis-potosi/san-luis-potosi/el-rosario
78400,El Santuario,Barrio,San Luis Potosí,San Luis Potosí,,Rural,https://postali.app/mx/san-luis-potosi/san-luis-potosi/el-santuario
78400,Fátima,Ranchería,San Luis Potosí,San Luis Potosí,,Rural,https://postali.app/mx/san-luis-potosi/san-luis-potosi/fatima
78400,Jesús María,Ranchería,San Luis Potosí,San Luis Potosí,,Rural,https://postali.app/mx/san-luis-potosi/san-luis-potosi/jesus-maria
78400,La Lobera,Rancho,San Luis Potosí,San Luis Potosí,,Rural,https://postali.app/mx/san-luis-potosi/san-luis-potosi/la-lobera
78400,La Melada,Ranchería,San Luis Potosí,San Luis Potosí,,Rural,https://postali.app/mx/san-luis-potosi/san-luis-potosi/la-melada
78400,La Morita,Rancho,San Luis Potosí,San Luis Potosí,,Rural,https://postali.app/mx/san-luis-potosi/san-luis-potosi/la-morita
78400,Las Jarrillas,Rancho,San Luis Potosí,San Luis Potosí,,Rural,https://postali.app/mx/san-luis-potosi/san-luis-potosi/las-jarrillas
78400,Loma Prieta,Rancho,San Luis Potosí,San Luis Potosí,,Rural,https://postali.app/mx/san-luis-potosi/san-luis-potosi/loma-prieta
78400,Los Conejos,Rancho,San Luis Potosí,San Luis Potosí,,Rural,https://postali.app/mx/san-luis-potosi/san-luis-potosi/los-conejos
78400,Lourdes,Rancho,San Luis Potosí,San Luis Potosí,,Rural,https://postali.app/mx/san-luis-potosi/san-luis-potosi/lourdes
78400,Macarenos,Ranchería,San Luis Potosí,San Luis Potosí,,Rural,https://postali.app/mx/san-luis-potosi/san-luis-potosi/macarenos
78400,Maravillas,Ranchería,San Luis Potosí,San Luis Potosí,,Rural,https://postali.app/mx/san-luis-potosi/san-luis-potosi/maravillas-78400
78400,Mezquital,Ranchería,San Luis Potosí,San Luis Potosí,,Rural,https://postali.app/mx/san-luis-potosi/san-luis-potosi/mezquital
78400,Mezquite Quemado,Rancho,San Luis Potosí,San Luis Potosí,,Rural,https://postali.app/mx/san-luis-potosi/san-luis-potosi/mezquite-quemado
78400,Noria del Padre,Ejido,San Luis Potosí,San Luis Potosí,,Rural,https://postali.app/mx/san-luis-potosi/san-luis-potosi/noria-del-padre
78400,Palmas Grandes,Rancho,San Luis Potosí,San Luis Potosí,,Rural,https://postali.app/mx/san-luis-potosi/san-luis-potosi/palmas-grandes
78400,Pozo Dos el Huizache,Rancho,San Luis Potosí,San Luis Potosí,,Rural,https://postali.app/mx/san-luis-potosi/san-luis-potosi/pozo-dos-el-huizache
78400,Rancho el Nazareno,Ranchería,San Luis Potosí,San Luis Potosí,,Rural,https://postali.app/mx/san-luis-potosi/san-luis-potosi/rancho-el-nazareno
78400,Rancho las Flores,Ranchería,San Luis Potosí,San Luis Potosí,,Rural,https://postali.app/mx/san-luis-potosi/san-luis-potosi/rancho-las-flores
78400,Rancho Lourdes,Ranchería,San Luis Potosí,San Luis Potosí,,Rural,https://postali.app/mx/san-luis-potosi/san-luis-potosi/rancho-lourdes
78400,Rancho Nuevo (Rancho Tres Hermanos),Ranchería,San Luis Potosí,San Luis Potosí,,Rural,https://postali.app/mx/san-luis-potosi/san-luis-potosi/rancho-nuevo-rancho-tres-hermanos
78400,Rancho San Agustín,Ranchería,San Luis Potosí,San Luis Potosí,,Rural,https://postali.app/mx/san-luis-potosi/san-luis-potosi/rancho-san-agustin
78400,Rancho San Blas,Ranchería,San Luis Potosí,San Luis Potosí,,Rural,https://postali.app/mx/san-luis-potosi/san-luis-potosi/rancho-san-blas
78400,Salitrera,Rancho,San Luis Potosí,San Luis Potosí,,Rural,https://postali.app/mx/san-luis-potosi/san-luis-potosi/salitrera
78400,San Juan,Granja,San Luis Potosí,San Luis Potosí,,Rural,https://postali.app/mx/san-luis-potosi/san-luis-potosi/san-juan-78400
78400,Unidad Benito Juárez (La Chora),Rancho,San Luis Potosí,San Luis Potosí,,Rural,https://postali.app/mx/san-luis-potosi/san-luis-potosi/unidad-benito-juarez-la-chora
78400,Zamorilla,Ejido,San Luis Potosí,San Luis Potosí,,Rural,https://postali.app/mx/san-luis-potosi/san-luis-potosi/zamorilla
78403,Barajas,Ranchería,San Luis Potosí,San Luis Potosí,,Rural,https://postali.app/mx/san-luis-potosi/san-luis-potosi/barajas
78403,El Bosque (El Cascarón),Ranchería,San Luis Potosí,San Luis Potosí,,Rural,https://postali.app/mx/san-luis-potosi/san-luis-potosi/el-bosque-el-cascaron
78403,El Cascarón,Ejido,San Luis Potosí,San Luis Potosí,,Rural,https://postali.app/mx/san-luis-potosi/san-luis-potosi/el-cascaron
78403,El Gato,Rancho,San Luis Potosí,San Luis Potosí,,Rural,https://postali.app/mx/san-luis-potosi/san-luis-potosi/el-gato
78403,El Granjenal,Rancho,San Luis Potosí,San Luis Potosí,,Rural,https://postali.app/mx/san-luis-potosi/san-luis-potosi/el-granjenal
78403,El Ranchito,Rancho,San Luis Potosí,San Luis Potosí,,Rural,https://postali.app/mx/san-luis-potosi/san-luis-potosi/el-ranchito-78403
78403,El Salto,Rancho,San Luis Potosí,San Luis Potosí,,Rural,https://postali.app/mx/san-luis-potosi/san-luis-potosi/el-salto
78403,El Viboriento,Rancho,San Luis Potosí,San Luis Potosí,,Rural,https://postali.app/mx/san-luis-potosi/san-luis-potosi/el-viboriento
78403,Gonzalitos,Rancho,San Luis Potosí,San Luis Potosí,,Rural,https://postali.app/mx/san-luis-potosi/san-luis-potosi/gonzalitos
78403,La Alameda,Rancho,San Luis Potosí,San Luis Potosí,,Rural,https://postali.app/mx/san-luis-potosi/san-luis-potosi/la-alameda
78403,La Caldera,Rancho,San Luis Potosí,San Luis Potosí,,Rural,https://postali.app/mx/san-luis-potosi/san-luis-potosi/la-caldera
78403,La Calera (San Cayetano),Rancho,San Luis Potosí,San Luis Potosí,,Rural,https://postali.app/mx/san-luis-potosi/san-luis-potosi/la-calera-san-cayetano
78403,La Huaracha,Ejido,San Luis Potosí,San Luis Potosí,,Rural,https://postali.app/mx/san-luis-potosi/san-luis-potosi/la-huaracha
78403,La Mesita Verde,Rancho,San Luis Potosí,San Luis Potosí,,Rural,https://postali.app/mx/san-luis-potosi/san-luis-potosi/la-mesita-verde
78403,La Sauceda,Ranchería,San Luis Potosí,San Luis Potosí,,Rural,https://postali.app/mx/san-luis-potosi/san-luis-potosi/la-sauceda
78403,Las Cuijas (Chaute),Rancho,San Luis Potosí,San Luis Potosí,,Rural,https://postali.app/mx/san-luis-potosi/san-luis-potosi/las-cuijas-chaute
78403,Las Escobas,Ranchería,San Luis Potosí,San Luis Potosí,,Rural,https://postali.app/mx/san-luis-potosi/san-luis-potosi/las-escobas
78403,Palomas,Ranchería,San Luis Potosí,San Luis Potosí,,Rural,https://postali.app/mx/san-luis-potosi/san-luis-potosi/palomas
78403,Rancho Cañón del Sauz,Ranchería,San Luis Potosí,San Luis Potosí,,Rural,https://postali.app/mx/san-luis-potosi/san-luis-potosi/rancho-canon-del-sauz
78403,Santo Domingo,Rancho,San Luis Potosí,San Luis Potosí,,Rural,https://postali.app/mx/san-luis-potosi/san-luis-potosi/santo-domingo
78404,Cieneguita,Rancho,San Luis Potosí,San Luis Potosí,,Rural,https://postali.app/mx/san-luis-potosi/san-luis-potosi/cieneguita
78404,El Blanco,Rancho,San Luis Potosí,San Luis Potosí,,Rural,https://postali.app/mx/san-luis-potosi/san-luis-potosi/el-blanco
78404,El Huizache,Rancho,San Luis Potosí,San Luis Potosí,,Rural,https://postali.app/mx/san-luis-potosi/san-luis-potosi/el-huizache
78404,El Jaralito,Rancho,San Luis Potosí,San Luis Potosí,,Rural,https://postali.app/mx/san-luis-potosi/san-luis-potosi/el-jaralito
78404,El Mulato,Granja,San Luis Potosí,San Luis Potosí,,Rural,https://postali.app/mx/san-luis-potosi/san-luis-potosi/el-mulato
78404,El Potrero la Lobera,Rancho,San Luis Potosí,San Luis Potosí,,Rural,https://postali.app/mx/san-luis-potosi/san-luis-potosi/el-potrero-la-lobera
78404,Grande,Rancho,San Luis Potosí,San Luis Potosí,,Rural,https://postali.app/mx/san-luis-potosi/san-luis-potosi/grande
78404,La Encina,Rancho,San Luis Potosí,San Luis Potosí,,Rural,https://postali.app/mx/san-luis-potosi/san-luis-potosi/la-encina
78404,La Estancita,Rancho,San Luis Potosí,San Luis Potosí,,Rural,https://postali.app/mx/san-luis-potosi/san-luis-potosi/la-estancita
78404,Las Lomitas,Ranchería,San Luis Potosí,San Luis Potosí,,Rural,https://postali.app/mx/san-luis-potosi/san-luis-potosi/las-lomitas
78404,Los Coyotes,Granja,San Luis Potosí,San Luis Potosí,,Rural,https://postali.app/mx/san-luis-potosi/san-luis-potosi/los-coyotes
78404,Los Llanos,Rancho,San Luis Potosí,San Luis Potosí,,Rural,https://postali.app/mx/san-luis-potosi/san-luis-potosi/los-llanos
78404,Tanque Cieneguita,Rancho,San Luis Potosí,San Luis Potosí,,Rural,https://postali.app/mx/san-luis-potosi/san-luis-potosi/tanque-cieneguita
78404,Tepozán,Ranchería,San Luis Potosí,San Luis Potosí,,Rural,https://postali.app/mx/san-luis-potosi/san-luis-potosi/tepozan
78405,Angostura,Ejido,San Luis Potosí,San Luis Potosí,,Rural,https://postali.app/mx/san-luis-potosi/san-luis-potosi/angostura
78405,Bocas (Estación Bocas),Paraje,San Luis Potosí,San Luis Potosí,,Rural,https://postali.app/mx/san-luis-potosi/san-luis-potosi/bocas-estacion-bocas
78405,Cerro de la Virgen (San Juan de Bocas),Rancho,San Luis Potosí,San Luis Potosí,,Rural,https://postali.app/mx/san-luis-potosi/san-luis-potosi/cerro-de-la-virgen-san-juan-de-bocas
78405,El Ancón,Rancho,San Luis Potosí,San Luis Potosí,,Rural,https://postali.app/mx/san-luis-potosi/san-luis-potosi/el-ancon
78405,El Cascarón (La Mesita),Ranchería,San Luis Potosí,San Luis Potosí,,Rural,https://postali.app/mx/san-luis-potosi/san-luis-potosi/el-cascaron-la-mesita
78405,El Celebro,Rancho,San Luis Potosí,San Luis Potosí,,Rural,https://postali.app/mx/san-luis-potosi/san-luis-potosi/el-celebro
78405,El Temporal,Ranchería,San Luis Potosí,San Luis Potosí,,Rural,https://postali.app/mx/san-luis-potosi/san-luis-potosi/el-temporal
78405,El Varal,Ranchería,San Luis Potosí,San Luis Potosí,,Rural,https://postali.app/mx/san-luis-potosi/san-luis-potosi/el-varal
78405,La Mesita,Rancho,San Luis Potosí,San Luis Potosí,,Rural,https://postali.app/mx/san-luis-potosi/san-luis-potosi/la-mesita
78405,La Pedrera,Rancho,San Luis Potosí,San Luis Potosí,,Rural,https://postali.app/mx/san-luis-potosi/san-luis-potosi/la-pedrera
78405,Las Pozas,Ranchería,San Luis Potosí,San Luis Potosí,,Rural,https://postali.app/mx/san-luis-potosi/san-luis-potosi/las-pozas
78405,Los Gavilanes,Rancho,San Luis Potosí,San Luis Potosí,,Rural,https://postali.app/mx/san-luis-potosi/san-luis-potosi/los-gavilanes
78405,Los Gómez,Rancho,San Luis Potosí,San Luis Potosí,,Rural,https://postali.app/mx/san-luis-potosi/san-luis-potosi/los-gomez
78405,Peñas Altas,Rancho,San Luis Potosí,San Luis Potosí,,Rural,https://postali.app/mx/san-luis-potosi/san-luis-potosi/penas-altas
78405,San Antonio,Ranchería,San Luis Potosí,San Luis Potosí,,Rural,https://postali.app/mx/san-luis-potosi/san-luis-potosi/san-antonio-78405
78405,San José,Rancho,San Luis Potosí,San Luis Potosí,,Rural,https://postali.app/mx/san-luis-potosi/san-luis-potosi/san-jose
78405,San José de los Cenizos,Rancho,San Luis Potosí,San Luis Potosí,,Rural,https://postali.app/mx/san-luis-potosi/san-luis-potosi/san-jose-de-los-cenizos
78405,San Rafael,Rancho,San Luis Potosí,San Luis Potosí,,Rural,https://postali.app/mx/san-luis-potosi/san-luis-potosi/san-rafael-78405
78405,San Rafael Uno (El Cañón),Rancho,San Luis Potosí,San Luis Potosí,,Rural,https://postali.app/mx/san-luis-potosi/san-luis-potosi/san-rafael-uno-el-canon
78405,Tepozán,Rancho,San Luis Potosí,San Luis Potosí,,Rural,https://postali.app/mx/san-luis-potosi/san-luis-potosi/tepozan-78405
78406,Campo Alegre,Ejido,San Luis Potosí,San Luis Potosí,,Rural,https://postali.app/mx/san-luis-potosi/san-luis-potosi/campo-alegre
78406,Charco Blanco,Ranchería,San Luis Potosí,San Luis Potosí,,Rural,https://postali.app/mx/san-luis-potosi/san-luis-potosi/charco-blanco
78406,Cuatro Vientos (Buenos Aires),Rancho,San Luis Potosí,San Luis Potosí,,Rural,https://postali.app/mx/san-luis-potosi/san-luis-potosi/cuatro-vientos-buenos-aires
78406,El Minguinero,Rancho,San Luis Potosí,San Luis Potosí,,Rural,https://postali.app/mx/san-luis-potosi/san-luis-potosi/el-minguinero
78406,El Rebaje,Rancho,San Luis Potosí,San Luis Potosí,,Rural,https://postali.app/mx/san-luis-potosi/san-luis-potosi/el-rebaje
78406,El Refugio,Rancho,San Luis Potosí,San Luis Potosí,,Rural,https://postali.app/mx/san-luis-potosi/san-luis-potosi/el-refugio
78406,Estación Pinto,Ranchería,San Luis Potosí,San Luis Potosí,,Rural,https://postali.app/mx/san-luis-potosi/san-luis-potosi/estacion-pinto
78406,La Villita,Rancho,San Luis Potosí,San Luis Potosí,,Rural,https://postali.app/mx/san-luis-potosi/san-luis-potosi/la-villita
78406,Lamparito,Ranchería,San Luis Potosí,San Luis Potosí,,Rural,https://postali.app/mx/san-luis-potosi/san-luis-potosi/lamparito
78406,Lechuguillas,Rancho,San Luis Potosí,San Luis Potosí,,Rural,https://postali.app/mx/san-luis-potosi/san-luis-potosi/lechuguillas
78406,Los Cajones,Ejido,San Luis Potosí,San Luis Potosí,,Rural,https://postali.app/mx/san-luis-potosi/san-luis-potosi/los-cajones
78406,Los Ramos (Ejido San Juanico Grande),Rancho,San Luis Potosí,San Luis Potosí,,Rural,https://postali.app/mx/san-luis-potosi/san-luis-potosi/los-ramos-ejido-san-juanico-grande
78406,Luisa López Puente,Rancho,San Luis Potosí,San Luis Potosí,,Rural,https://postali.app/mx/san-luis-potosi/san-luis-potosi/luisa-lopez-puente
78406,Palma de la Cruz,Rancho,San Luis Potosí,San Luis Potosí,,Rural,https://postali.app/mx/san-luis-potosi/san-luis-potosi/palma-de-la-cruz
78406,Peñasco,Ranchería,San Luis Potosí,San Luis Potosí,,Rural,https://postali.app/mx/san-luis-potosi/san-luis-potosi/penasco
78406,Tanque de Alemán,Rancho,San Luis Potosí,San Luis Potosí,,Rural,https://postali.app/mx/san-luis-potosi/san-luis-potosi/tanque-de-aleman
78406,Tanque de la Cruz,Rancho,San Luis Potosí,San Luis Potosí,,Rural,https://postali.app/mx/san-luis-potosi/san-luis-potosi/tanque-de-la-cruz
78406,Tanque el Mezquite,Rancho,San Luis Potosí,San Luis Potosí,,Rural,https://postali.app/mx/san-luis-potosi/san-luis-potosi/tanque-el-mezquite
78406,Tanquecito de Mendoza,Rancho,San Luis Potosí,San Luis Potosí,,Rural,https://postali.app/mx/san-luis-potosi/san-luis-potosi/tanquecito-de-mendoza
78407,Dos de Jarillas,Rancho,San Luis Potosí,San Luis Potosí,,Rural,https://postali.app/mx/san-luis-potosi/san-luis-potosi/dos-de-jarillas
78407,El Chaparral,Ranchería,San Luis Potosí,San Luis Potosí,,Rural,https://postali.app/mx/san-luis-potosi/san-luis-potosi/el-chaparral
78407,González,Ejido,San Luis Potosí,San Luis Potosí,,Rural,https://postali.app/mx/san-luis-potosi/san-luis-potosi/gonzalez
78407,La Casa Orillera (Pozo Cinco),Rancho,San Luis Potosí,San Luis Potosí,,Rural,https://postali.app/mx/san-luis-potosi/san-luis-potosi/la-casa-orillera-pozo-cinco
78407,La Manta,Ejido,San Luis Potosí,San Luis Potosí,,Rural,https://postali.app/mx/san-luis-potosi/san-luis-potosi/la-manta
78407,Los Pinos [Lubricantes y Servicios],Rancho,San Luis Potosí,San Luis Potosí,,Rural,https://postali.app/mx/san-luis-potosi/san-luis-potosi/los-pinos-lubricantes-y-servicios
78407,Los Verdes,Rancho,San Luis Potosí,San Luis Potosí,,Rural,https://postali.app/mx/san-luis-potosi/san-luis-potosi/los-verdes
78407,Palmar de las Flores (El Pozo Seis),Rancho,San Luis Potosí,San Luis Potosí,,Rural,https://postali.app/mx/san-luis-potosi/san-luis-potosi/palmar-de-las-flores-el-pozo-seis
78407,Pozo Cinco,Rancho,San Luis Potosí,San Luis Potosí,,Rural,https://postali.app/mx/san-luis-potosi/san-luis-potosi/pozo-cinco
78407,Pozo Cuatro Blanco de Bocas,Ranchería,San Luis Potosí,San Luis Potosí,,Rural,https://postali.app/mx/san-luis-potosi/san-luis-potosi/pozo-cuatro-blanco-de-bocas
78407,Pozo Dos,Ranchería,San Luis Potosí,San Luis Potosí,,Rural,https://postali.app/mx/san-luis-potosi/san-luis-potosi/pozo-dos
78407,Rancho el Gallo (San Carlos),Ranchería,San Luis Potosí,San Luis Potosí,,Rural,https://postali.app/mx/san-luis-potosi/san-luis-potosi/rancho-el-gallo-san-carlos
78407,Rancho San Antonio,Ranchería,San Luis Potosí,San Luis Potosí,,Rural,https://postali.app/mx/san-luis-potosi/san-luis-potosi/rancho-san-antonio
78407,Rancho San Francisco,Ranchería,San Luis Potosí,San Luis Potosí,,Rural,https://postali.app/mx/san-luis-potosi/san-luis-potosi/rancho-san-francisco
78407,San Carlos,Ranchería,San Luis Potosí,San Luis Potosí,,Rural,https://postali.app/mx/san-luis-potosi/san-luis-potosi/san-carlos
78407,San Isidro (Ejido de González),Ejido,San Luis Potosí,San Luis Potosí,,Rural,https://postali.app/mx/san-luis-potosi/san-luis-potosi/san-isidro-ejido-de-gonzalez
78407,San Rafael Número Dos,Ejido,San Luis Potosí,San Luis Potosí,,Rural,https://postali.app/mx/san-luis-potosi/san-luis-potosi/san-rafael-numero-dos
78407,Terroncitos (Los Contreras),Ranchería,San Luis Potosí,San Luis Potosí,,Rural,https://postali.app/mx/san-luis-potosi/san-luis-potosi/terroncitos-los-contreras
78407,Terrones (Sangre de Cristo),Ejido,San Luis Potosí,San Luis Potosí,,Rural,https://postali.app/mx/san-luis-potosi/san-luis-potosi/terrones-sangre-de-cristo
78410,El Arbolito,Rancho,San Luis Potosí,San Luis Potosí,,Rural,https://postali.app/mx/san-luis-potosi/san-luis-potosi/el-arbolito
78410,El Coro (Fracción la Mantequilla),Rancho,San Luis Potosí,San Luis Potosí,,Rural,https://postali.app/mx/san-luis-potosi/san-luis-potosi/el-coro-fraccion-la-mantequilla
78410,El Pozo la Lagunita,Rancho,San Luis Potosí,San Luis Potosí,,Rural,https://postali.app/mx/san-luis-potosi/san-luis-potosi/el-pozo-la-lagunita
78410,El Retiro,Rancho,San Luis Potosí,San Luis Potosí,,Rural,https://postali.app/mx/san-luis-potosi/san-luis-potosi/el-retiro
78410,La Loma,Rancho,San Luis Potosí,San Luis Potosí,,Rural,https://postali.app/mx/san-luis-potosi/san-luis-potosi/la-loma-78410
78410,La Mantequilla,Ranchería,San Luis Potosí,San Luis Potosí,,Rural,https://postali.app/mx/san-luis-potosi/san-luis-potosi/la-mantequilla
78410,La Presita de las Águilas,Rancho,San Luis Potosí,San Luis Potosí,,Rural,https://postali.app/mx/san-luis-potosi/san-luis-potosi/la-presita-de-las-aguilas
78410,Lagunita del Berrendo (Los Desmontes),Rancho,San Luis Potosí,San Luis Potosí,,Rural,https://postali.app/mx/san-luis-potosi/san-luis-potosi/lagunita-del-berrendo-los-desmontes
78410,Las Manguitas,Rancho,San Luis Potosí,San Luis Potosí,,Rural,https://postali.app/mx/san-luis-potosi/san-luis-potosi/las-manguitas
78410,Los Muñiz,Rancho,San Luis Potosí,San Luis Potosí,,Rural,https://postali.app/mx/san-luis-potosi/san-luis-potosi/los-muniz
78410,Los Rodríguez,Rancho,San Luis Potosí,San Luis Potosí,,Rural,https://postali.app/mx/san-luis-potosi/san-luis-potosi/los-rodriguez
78410,Los Urbanos,Ejido,San Luis Potosí,San Luis Potosí,,Rural,https://postali.app/mx/san-luis-potosi/san-luis-potosi/los-urbanos
78410,Mano Blanca,Rancho,San Luis Potosí,San Luis Potosí,,Rural,https://postali.app/mx/san-luis-potosi/san-luis-potosi/mano-blanca
78410,Palmeras,Rancho,San Luis Potosí,San Luis Potosí,,Rural,https://postali.app/mx/san-luis-potosi/san-luis-potosi/palmeras
78410,Pozo Terrero,Rancho,San Luis Potosí,San Luis Potosí,,Rural,https://postali.app/mx/san-luis-potosi/san-luis-potosi/pozo-terrero
78410,Rancho Arriba,Ranchería,San Luis Potosí,San Luis Potosí,,Rural,https://postali.app/mx/san-luis-potosi/san-luis-potosi/rancho-arriba
78410,Tanque Blanco,Rancho,San Luis Potosí,San Luis Potosí,,Rural,https://postali.app/mx/san-luis-potosi/san-luis-potosi/tanque-blanco
78410,Tanque de Palmas,Rancho,San Luis Potosí,San Luis Potosí,,Rural,https://postali.app/mx/san-luis-potosi/san-luis-potosi/tanque-de-palmas
78410,Terrero Norte,Rancho,San Luis Potosí,San Luis Potosí,,Rural,https://postali.app/mx/san-luis-potosi/san-luis-potosi/terrero-norte
78410,Yerbabuena,Rancho,San Luis Potosí,San Luis Potosí,,Rural,https://postali.app/mx/san-luis-potosi/san-luis-potosi/yerbabuena
78413,Capulines,Ranchería,San Luis Potosí,San Luis Potosí,,Rural,https://postali.app/mx/san-luis-potosi/san-luis-potosi/capulines
78413,El Charquillo (Capulines),Rancho,San Luis Potosí,San Luis Potosí,,Rural,https://postali.app/mx/san-luis-potosi/san-luis-potosi/el-charquillo-capulines
78413,La Casa Colorada,Equipamiento,San Luis Potosí,San Luis Potosí,,Rural,https://postali.app/mx/san-luis-potosi/san-luis-potosi/la-casa-colorada
78413,Los Salazares (Las Pulcatras),Colonia,San Luis Potosí,San Luis Potosí,,Rural,https://postali.app/mx/san-luis-potosi/san-luis-potosi/los-salazares-las-pulcatras
78413,Rancho la Ilusión (Cerro del Coloradito),Ranchería,San Luis Potosí,San Luis Potosí,,Rural,https://postali.app/mx/san-luis-potosi/san-luis-potosi/rancho-la-ilusion-cerro-del-coloradito
78413,San José de Buenavista,Rancho,San Luis Potosí,San Luis Potosí,,Rural,https://postali.app/mx/san-luis-potosi/san-luis-potosi/san-jose-de-buenavista
78413,Santiago Arroyo,Colonia,San Luis Potosí,San Luis Potosí,,Rural,https://postali.app/mx/san-luis-potosi/san-luis-potosi/santiago-arroyo
78414,Agustín Chávez Ramírez,Ranchería,San Luis Potosí,San Luis Potosí,,Rural,https://postali.app/mx/san-luis-potosi/san-luis-potosi/agustin-chavez-ramirez
78414,Bosques de Peñasco,Fraccionamiento,San Luis Potosí,San Luis Potosí,,Urbano,https://postali.app/mx/san-luis-potosi/san-luis-potosi/bosques-de-penasco
78414,Comité Movimiento Amplio Popular,Colonia,San Luis Potosí,San Luis Potosí,,Rural,https://postali.app/mx/san-luis-potosi/san-luis-potosi/comite-movimiento-amplio-popular
78414,Don Antonio,Fraccionamiento,San Luis Potosí,San Luis Potosí,,Urbano,https://postali.app/mx/san-luis-potosi/san-luis-potosi/don-antonio
78414,El Caracol,Rancho,San Luis Potosí,San Luis Potosí,,Rural,https://postali.app/mx/san-luis-potosi/san-luis-potosi/el-caracol
78414,El Garambullal (Camino Hondo),Barrio,San Luis Potosí,San Luis Potosí,,Rural,https://postali.app/mx/san-luis-potosi/san-luis-potosi/el-garambullal-camino-hondo
78414,Fracción los Graneros,Ranchería,San Luis Potosí,San Luis Potosí,,Rural,https://postali.app/mx/san-luis-potosi/san-luis-potosi/fraccion-los-graneros
78414,Fracción Milpillas,Pueblo,San Luis Potosí,San Luis Potosí,,Rural,https://postali.app/mx/san-luis-potosi/san-luis-potosi/fraccion-milpillas
78414,Las Vegas (El Garambullal),Colonia,San Luis Potosí,San Luis Potosí,,Rural,https://postali.app/mx/san-luis-potosi/san-luis-potosi/las-vegas-el-garambullal
78414,Los García,Rancho,San Luis Potosí,San Luis Potosí,,Rural,https://postali.app/mx/san-luis-potosi/san-luis-potosi/los-garcia
78414,Los García Dos,Ranchería,San Luis Potosí,San Luis Potosí,,Rural,https://postali.app/mx/san-luis-potosi/san-luis-potosi/los-garcia-dos
78414,Maravillas,Ejido,San Luis Potosí,San Luis Potosí,,Rural,https://postali.app/mx/san-luis-potosi/san-luis-potosi/maravillas-78414
78414,María Justa Pérez Barbosa (Ejido Maravillas),Rancho,San Luis Potosí,San Luis Potosí,,Rural,https://postali.app/mx/san-luis-potosi/san-luis-potosi/maria-justa-perez-barbosa-ejido-maravillas
78414,Nuevo México,Colonia,San Luis Potosí,San Luis Potosí,,Rural,https://postali.app/mx/san-luis-potosi/san-luis-potosi/nuevo-mexico
78414,Pozo Número Uno (Ejido Maravillas),Rancho,San Luis Potosí,San Luis Potosí,,Rural,https://postali.app/mx/san-luis-potosi/san-luis-potosi/pozo-numero-uno-ejido-maravillas
78414,Puerta Real II,Fraccionamiento,San Luis Potosí,San Luis Potosí,,Urbano,https://postali.app/mx/san-luis-potosi/san-luis-potosi/puerta-real-ii
78414,Rinconada,Rancho,San Luis Potosí,San Luis Potosí,,Rural,https://postali.app/mx/san-luis-potosi/san-luis-potosi/rinconada
78414,Ruperto Muñoz Hernández,Rancho,San Luis Potosí,San Luis Potosí,,Rural,https://postali.app/mx/san-luis-potosi/san-luis-potosi/ruperto-munoz-hernandez
78414,San Benito,Colonia,San Luis Potosí,San Luis Potosí,,Rural,https://postali.app/mx/san-luis-potosi/san-luis-potosi/san-benito
78414,San Juanico Chico,Colonia,San Luis Potosí,San Luis Potosí,,Rural,https://postali.app/mx/san-luis-potosi/san-luis-potosi/san-juanico-chico
78414,San Juanico el Grande,Ejido,San Luis Potosí,San Luis Potosí,,Rural,https://postali.app/mx/san-luis-potosi/san-luis-potosi/san-juanico-el-grande
78414,Tanque el Huizache,Ranchería,San Luis Potosí,San Luis Potosí,,Rural,https://postali.app/mx/san-luis-potosi/san-luis-potosi/tanque-el-huizache
78414,Tanque Uresti,Rancho,San Luis Potosí,San Luis Potosí,,Rural,https://postali.app/mx/san-luis-potosi/san-luis-potosi/tanque-uresti
78414,Tomza [Gasera],Equipamiento,San Luis Potosí,San Luis Potosí,,Rural,https://postali.app/mx/san-luis-potosi/san-luis-potosi/tomza-gasera
78414,Tomás Hernández (Ejido de Maravillas),Rancho,San Luis Potosí,San Luis Potosí,,Rural,https://postali.app/mx/san-luis-potosi/san-luis-potosi/tomas-hernandez-ejido-de-maravillas
78414,Torres de Maravillas,Rancho,San Luis Potosí,San Luis Potosí,,Rural,https://postali.app/mx/san-luis-potosi/san-luis-potosi/torres-de-maravillas
78414,Unión Antorchista,Colonia,San Luis Potosí,San Luis Potosí,,Rural,https://postali.app/mx/san-luis-potosi/san-luis-potosi/union-antorchista
78415,Aeropuerto Internacional Ponciano Arriaga,Aeropuerto,San Luis Potosí,San Luis Potosí,,Urbano,https://postali.app/mx/san-luis-potosi/san-luis-potosi/aeropuerto-internacional-ponciano-arriaga
78415,El Hacha,Ranchería,San Luis Potosí,San Luis Potosí,,Rural,https://postali.app/mx/san-luis-potosi/san-luis-potosi/el-hacha
78415,El Minguinero,Rancho,San Luis Potosí,San Luis Potosí,,Rural,https://postali.app/mx/san-luis-potosi/san-luis-potosi/el-minguinero-78415
78415,Jorge Ramos,Rancho,San Luis Potosí,San Luis Potosí,,Rural,https://postali.app/mx/san-luis-potosi/san-luis-potosi/jorge-ramos
78415,Josefina Arias (Ejido Milpillas),Rancho,San Luis Potosí,San Luis Potosí,,Rural,https://postali.app/mx/san-luis-potosi/san-luis-potosi/josefina-arias-ejido-milpillas
78415,Piquito de Oro,Fraccionamiento,San Luis Potosí,San Luis Potosí,,Urbano,https://postali.app/mx/san-luis-potosi/san-luis-potosi/piquito-de-oro
78415,Rancho de Fermín,Ranchería,San Luis Potosí,San Luis Potosí,,Rural,https://postali.app/mx/san-luis-potosi/san-luis-potosi/rancho-de-fermin
78415,Río de Plata,Fraccionamiento,San Luis Potosí,San Luis Potosí,,Urbano,https://postali.app/mx/san-luis-potosi/san-luis-potosi/rio-de-plata
78416,La Amapola,Rancho,San Luis Potosí,San Luis Potosí,,Rural,https://postali.app/mx/san-luis-potosi/san-luis-potosi/la-amapola
78416,San Sebastián,Ranchería,San Luis Potosí,San Luis Potosí,,Rural,https://postali.app/mx/san-luis-potosi/san-luis-potosi/san-sebastian-78416
78418,Casa Blanca,Pueblo,San Luis Potosí,San Luis Potosí,,Urbano,https://postali.app/mx/san-luis-potosi/san-luis-potosi/casa-blanca
78418,Escalerillas,Pueblo,San Luis Potosí,San Luis Potosí,,Urbano,https://postali.app/mx/san-luis-potosi/san-luis-potosi/escalerillas
78418,Insurgentes,Colonia,San Luis Potosí,San Luis Potosí,,Rural,https://postali.app/mx/san-luis-potosi/san-luis-potosi/insurgentes-78418
78418,La Maroma,Colonia,San Luis Potosí,San Luis Potosí,,Urbano,https://postali.app/mx/san-luis-potosi/san-luis-potosi/la-maroma
78418,Las Pilitas,Colonia,San Luis Potosí,San Luis Potosí,,Urbano,https://postali.app/mx/san-luis-potosi/san-luis-potosi/las-pilitas-78418
78418,Mesa de los Conejos,Colonia,San Luis Potosí,San Luis Potosí,,Rural,https://postali.app/mx/san-luis-potosi/san-luis-potosi/mesa-de-los-conejos
78418,Pozuelos,Rancho,San Luis Potosí,San Luis Potosí,,Rural,https://postali.app/mx/san-luis-potosi/san-luis-potosi/pozuelos
78418,Revolución,Colonia,San Luis Potosí,San Luis Potosí,,Urbano,https://postali.app/mx/san-luis-potosi/san-luis-potosi/revolucion-78418
78420,Arturo Medina (Rancho Seis Hermanos),Rancho,Villa de Pozos,San Luis Potosí,,Rural,https://postali.app/mx/san-luis-potosi/villa-de-pozos/arturo-medina-rancho-seis-hermanos
78420,Bosque Azul,Equipamiento,Villa de Pozos,San Luis Potosí,,Rural,https://postali.app/mx/san-luis-potosi/villa-de-pozos/bosque-azul
78420,Bosques la Florida,Fraccionamiento,Villa de Pozos,San Luis Potosí,,Rural,https://postali.app/mx/san-luis-potosi/villa-de-pozos/bosques-la-florida
78420,El Pozo de Santa Rita (El Zacatón),Zona industrial,Villa de Pozos,San Luis Potosí,,Rural,https://postali.app/mx/san-luis-potosi/villa-de-pozos/el-pozo-de-santa-rita-el-zacaton
78420,El Real,Granja,Villa de Pozos,San Luis Potosí,,Rural,https://postali.app/mx/san-luis-potosi/villa-de-pozos/el-real
78420,La Pasadita,Zona comercial,Villa de Pozos,San Luis Potosí,,Rural,https://postali.app/mx/san-luis-potosi/villa-de-pozos/la-pasadita
78420,Las Granjas,Granja,Villa de Pozos,San Luis Potosí,,Rural,https://postali.app/mx/san-luis-potosi/villa-de-pozos/las-granjas
78420,Los Gómez,Ranchería,Villa de Pozos,San Luis Potosí,,Rural,https://postali.app/mx/san-luis-potosi/villa-de-pozos/los-gomez
78420,Rancho de la Palma Gacha,Ranchería,Villa de Pozos,San Luis Potosí,,Rural,https://postali.app/mx/san-luis-potosi/villa-de-pozos/rancho-de-la-palma-gacha
78420,Rancho las Águilas,Rancho,Villa de Pozos,San Luis Potosí,,Rural,https://postali.app/mx/san-luis-potosi/villa-de-pozos/rancho-las-aguilas
78420,Rancho Tanque Tenorio,Ranchería,Villa de Pozos,San Luis Potosí,,Rural,https://postali.app/mx/san-luis-potosi/villa-de-pozos/rancho-tanque-tenorio
78420,San Nicolás de los Jassos,Colonia,Villa de Pozos,San Luis Potosí,,Urbano,https://postali.app/mx/san-luis-potosi/villa-de-pozos/san-nicolas-de-los-jassos
78421,Alceda Residencial,Fraccionamiento,Villa de Pozos,San Luis Potosí,Villa de Pozos,Urbano,https://postali.app/mx/san-luis-potosi/villa-de-pozos/alceda-residencial
78421,Almería,Fraccionamiento,Villa de Pozos,San Luis Potosí,Villa de Pozos,Urbano,https://postali.app/mx/san-luis-potosi/villa-de-pozos/almeria
78421,Alquerías de Pozos,Colonia,Villa de Pozos,San Luis Potosí,Villa de Pozos,Urbano,https://postali.app/mx/san-luis-potosi/villa-de-pozos/alquerias-de-pozos
78421,Alta Vida,Colonia,Villa de Pozos,San Luis Potosí,Villa de Pozos,Urbano,https://postali.app/mx/san-luis-potosi/villa-de-pozos/alta-vida
78421,Alta Vida Azul,Fraccionamiento,Villa de Pozos,San Luis Potosí,Villa de Pozos,Urbano,https://postali.app/mx/san-luis-potosi/villa-de-pozos/alta-vida-azul
78421,Altania Residencial,Fraccionamiento,Villa de Pozos,San Luis Potosí,Villa de Pozos,Urbano,https://postali.app/mx/san-luis-potosi/villa-de-pozos/altania-residencial
78421,Alterezza,Fraccionamiento,Villa de Pozos,San Luis Potosí,Villa de Pozos,Urbano,https://postali.app/mx/san-luis-potosi/villa-de-pozos/alterezza
78421,Amal Residencial,Fraccionamiento,Villa de Pozos,San Luis Potosí,Villa de Pozos,Urbano,https://postali.app/mx/san-luis-potosi/villa-de-pozos/amal-residencial
78421,Ananda,Fraccionamiento,Villa de Pozos,San Luis Potosí,Villa de Pozos,Urbano,https://postali.app/mx/san-luis-potosi/villa-de-pozos/ananda
78421,Antequera,Fraccionamiento,Villa de Pozos,San Luis Potosí,Villa de Pozos,Urbano,https://postali.app/mx/san-luis-potosi/villa-de-pozos/antequera
78421,Artezza,Fraccionamiento,Villa de Pozos,San Luis Potosí,Villa de Pozos,Urbano,https://postali.app/mx/san-luis-potosi/villa-de-pozos/artezza
78421,Arya,Fraccionamiento,Villa de Pozos,San Luis Potosí,Villa de Pozos,Urbano,https://postali.app/mx/san-luis-potosi/villa-de-pozos/arya
78421,Aura,Fraccionamiento,Villa de Pozos,San Luis Potosí,Villa de Pozos,Urbano,https://postali.app/mx/san-luis-potosi/villa-de-pozos/aura
78421,Barrio Casanova,Barrio,Villa de Pozos,San Luis Potosí,Villa de Pozos,Rural,https://postali.app/mx/san-luis-potosi/villa-de-pozos/barrio-casanova
78421,Bosque de las Flores,Ejido,Villa de Pozos,San Luis Potosí,Villa de Pozos,Rural,https://postali.app/mx/san-luis-potosi/villa-de-pozos/bosque-de-las-flores
78421,Bosque Linda Vista,Fraccionamiento,Villa de Pozos,San Luis Potosí,Villa de Pozos,Urbano,https://postali.app/mx/san-luis-potosi/villa-de-pozos/bosque-linda-vista
78421,Bosque Linda Vista II,Fraccionamiento,Villa de Pozos,San Luis Potosí,Villa de Pozos,Urbano,https://postali.app/mx/san-luis-potosi/villa-de-pozos/bosque-linda-vista-ii
78421,Bosques de Santa Rita,Fraccionamiento,Villa de Pozos,San Luis Potosí,Villa de Pozos,Urbano,https://postali.app/mx/san-luis-potosi/villa-de-pozos/bosques-de-santa-rita
78421,Buenaventura,Fraccionamiento,Villa de Pozos,San Luis Potosí,Villa de Pozos,Urbano,https://postali.app/mx/san-luis-potosi/villa-de-pozos/buenaventura
78421,Buenaventura Residencial,Fraccionamiento,Villa de Pozos,San Luis Potosí,Villa de Pozos,Urbano,https://postali.app/mx/san-luis-potosi/villa-de-pozos/buenaventura-residencial
78421,Cantória,Fraccionamiento,Villa de Pozos,San Luis Potosí,Villa de Pozos,Urbano,https://postali.app/mx/san-luis-potosi/villa-de-pozos/cantoria
78421,Casanova,Colonia,Villa de Pozos,San Luis Potosí,Villa de Pozos,Urbano,https://postali.app/mx/san-luis-potosi/villa-de-pozos/casanova
78421,Catara Residencial,Fraccionamiento,Villa de Pozos,San Luis Potosí,Villa de Pozos,Urbano,https://postali.app/mx/san-luis-potosi/villa-de-pozos/catara-residencial
78421,Condominio Fortaleza,Fraccionamiento,Villa de Pozos,San Luis Potosí,Villa de Pozos,Urbano,https://postali.app/mx/san-luis-potosi/villa-de-pozos/condominio-fortaleza
78421,Cuartel Aguilares,Barrio,Villa de Pozos,San Luis Potosí,Villa de Pozos,Urbano,https://postali.app/mx/san-luis-potosi/villa-de-pozos/cuartel-aguilares
78421,Cuartel Cruces,Colonia,Villa de Pozos,San Luis Potosí,Villa de Pozos,Urbano,https://postali.app/mx/san-luis-potosi/villa-de-pozos/cuartel-cruces
78421,Del Palmar Privada Élite,Fraccionamiento,Villa de Pozos,San Luis Potosí,Villa de Pozos,Urbano,https://postali.app/mx/san-luis-potosi/villa-de-pozos/del-palmar-privada-elite
78421,Deván Residencial,Fraccionamiento,Villa de Pozos,San Luis Potosí,Villa de Pozos,Urbano,https://postali.app/mx/san-luis-potosi/villa-de-pozos/devan-residencial
78421,Drada 3,Fraccionamiento,Villa de Pozos,San Luis Potosí,Villa de Pozos,Urbano,https://postali.app/mx/san-luis-potosi/villa-de-pozos/drada-3
78421,Drada 4,Fraccionamiento,Villa de Pozos,San Luis Potosí,Villa de Pozos,Urbano,https://postali.app/mx/san-luis-potosi/villa-de-pozos/drada-4
78421,Drada 5,Fraccionamiento,Villa de Pozos,San Luis Potosí,Villa de Pozos,Urbano,https://postali.app/mx/san-luis-potosi/villa-de-pozos/drada-5
78421,El Encanto,Fraccionamiento,Villa de Pozos,San Luis Potosí,Villa de Pozos,Urbano,https://postali.app/mx/san-luis-potosi/villa-de-pozos/el-encanto
78421,El Lindero (Santiago Gutiérrez Alvizu),Rancho,Villa de Pozos,San Luis Potosí,Villa de Pozos,Rural,https://postali.app/mx/san-luis-potosi/villa-de-pozos/el-lindero-santiago-gutierrez-alvizu
78421,El Mesón,Colonia,Villa de Pozos,San Luis Potosí,Villa de Pozos,Urbano,https://postali.app/mx/san-luis-potosi/villa-de-pozos/el-meson
78421,El Montecillo,Colonia,Villa de Pozos,San Luis Potosí,Villa de Pozos,Urbano,https://postali.app/mx/san-luis-potosi/villa-de-pozos/el-montecillo
78421,El Pueblito,Colonia,Villa de Pozos,San Luis Potosí,Villa de Pozos,Urbano,https://postali.app/mx/san-luis-potosi/villa-de-pozos/el-pueblito
78421,Eusebio Rodríguez (La Noria),Barrio,Villa de Pozos,San Luis Potosí,Villa de Pozos,Rural,https://postali.app/mx/san-luis-potosi/villa-de-pozos/eusebio-rodriguez-la-noria
78421,Francisco Ponce (La Noria),Rancho,Villa de Pozos,San Luis Potosí,Villa de Pozos,Rural,https://postali.app/mx/san-luis-potosi/villa-de-pozos/francisco-ponce-la-noria
78421,Fraylea Azur,Fraccionamiento,Villa de Pozos,San Luis Potosí,Villa de Pozos,Urbano,https://postali.app/mx/san-luis-potosi/villa-de-pozos/fraylea-azur
78421,Fraylea Residencial,Fraccionamiento,Villa de Pozos,San Luis Potosí,Villa de Pozos,Urbano,https://postali.app/mx/san-luis-potosi/villa-de-pozos/fraylea-residencial
78421,García,Ejido,Villa de Pozos,San Luis Potosí,Villa de Pozos,Rural,https://postali.app/mx/san-luis-potosi/villa-de-pozos/garcia
78421,Gran Morada,Fraccionamiento,Villa de Pozos,San Luis Potosí,Villa de Pozos,Urbano,https://postali.app/mx/san-luis-potosi/villa-de-pozos/gran-morada
78421,Granadas,Fraccionamiento,Villa de Pozos,San Luis Potosí,Villa de Pozos,Urbano,https://postali.app/mx/san-luis-potosi/villa-de-pozos/granadas
78421,La Campiña,Fraccionamiento,Villa de Pozos,San Luis Potosí,Villa de Pozos,Urbano,https://postali.app/mx/san-luis-potosi/villa-de-pozos/la-campina
78421,La Esperanza,Colonia,Villa de Pozos,San Luis Potosí,Villa de Pozos,Urbano,https://postali.app/mx/san-luis-potosi/villa-de-pozos/la-esperanza
78421,La Morería,Fraccionamiento,Villa de Pozos,San Luis Potosí,Villa de Pozos,Urbano,https://postali.app/mx/san-luis-potosi/villa-de-pozos/la-moreria
78421,La Viña,Fraccionamiento,Villa de Pozos,San Luis Potosí,Villa de Pozos,Urbano,https://postali.app/mx/san-luis-potosi/villa-de-pozos/la-vina
78421,Laguna de Santa Rita,Colonia,Villa de Pozos,San Luis Potosí,Villa de Pozos,Urbano,https://postali.app/mx/san-luis-potosi/villa-de-pozos/laguna-de-santa-rita
78421,Los Blancos (Enrique Tapia),Rancho,Villa de Pozos,San Luis Potosí,Villa de Pozos,Rural,https://postali.app/mx/san-luis-potosi/villa-de-pozos/los-blancos-enrique-tapia
78421,Los Borregos,Colonia,Villa de Pozos,San Luis Potosí,Villa de Pozos,Urbano,https://postali.app/mx/san-luis-potosi/villa-de-pozos/los-borregos
78421,Los Lagos,Fraccionamiento,Villa de Pozos,San Luis Potosí,Villa de Pozos,Urbano,https://postali.app/mx/san-luis-potosi/villa-de-pozos/los-lagos
78421,Los Lagos Privada Azul,Fraccionamiento,Villa de Pozos,San Luis Potosí,Villa de Pozos,Urbano,https://postali.app/mx/san-luis-potosi/villa-de-pozos/los-lagos-privada-azul
78421,Los Lagos Privada Cielo Abierto,Fraccionamiento,Villa de Pozos,San Luis Potosí,Villa de Pozos,Urbano,https://postali.app/mx/san-luis-potosi/villa-de-pozos/los-lagos-privada-cielo-abierto
78421,Los Lagos Privada Turquesa,Fraccionamiento,Villa de Pozos,San Luis Potosí,Villa de Pozos,Urbano,https://postali.app/mx/san-luis-potosi/villa-de-pozos/los-lagos-privada-turquesa
78421,Los Olivos,Colonia,Villa de Pozos,San Luis Potosí,Villa de Pozos,Urbano,https://postali.app/mx/san-luis-potosi/villa-de-pozos/los-olivos
78421,Los Sueños de San José (Casa de Oración),Rancho,Villa de Pozos,San Luis Potosí,Villa de Pozos,Rural,https://postali.app/mx/san-luis-potosi/villa-de-pozos/los-suenos-de-san-jose-casa-de-oracion
78421,Meraki Residencial,Fraccionamiento,Villa de Pozos,San Luis Potosí,Villa de Pozos,Urbano,https://postali.app/mx/san-luis-potosi/villa-de-pozos/meraki-residencial
78421,Miguel Barral Pontones,Equipamiento,Villa de Pozos,San Luis Potosí,Villa de Pozos,Rural,https://postali.app/mx/san-luis-potosi/villa-de-pozos/miguel-barral-pontones
78421,Monterreal,Fraccionamiento,Villa de Pozos,San Luis Potosí,Villa de Pozos,Urbano,https://postali.app/mx/san-luis-potosi/villa-de-pozos/monterreal
78421,Novati Residencial,Fraccionamiento,Villa de Pozos,San Luis Potosí,Villa de Pozos,Urbano,https://postali.app/mx/san-luis-potosi/villa-de-pozos/novati-residencial
78421,Nueva Orquídea,Colonia,Villa de Pozos,San Luis Potosí,Villa de Pozos,Urbano,https://postali.app/mx/san-luis-potosi/villa-de-pozos/nueva-orquidea
78421,Olinda,Fraccionamiento,Villa de Pozos,San Luis Potosí,Villa de Pozos,Urbano,https://postali.app/mx/san-luis-potosi/villa-de-pozos/olinda
78421,Orquídeas,Colonia,Villa de Pozos,San Luis Potosí,Villa de Pozos,Urbano,https://postali.app/mx/san-luis-potosi/villa-de-pozos/orquideas
78421,Piamonte Residencial,Fraccionamiento,Villa de Pozos,San Luis Potosí,Villa de Pozos,Urbano,https://postali.app/mx/san-luis-potosi/villa-de-pozos/piamonte-residencial
78421,Portus,Fraccionamiento,Villa de Pozos,San Luis Potosí,Villa de Pozos,Urbano,https://postali.app/mx/san-luis-potosi/villa-de-pozos/portus
78421,Privada Bosques,Fraccionamiento,Villa de Pozos,San Luis Potosí,Villa de Pozos,Urbano,https://postali.app/mx/san-luis-potosi/villa-de-pozos/privada-bosques
78421,Privada Tesalia,Fraccionamiento,Villa de Pozos,San Luis Potosí,Villa de Pozos,Urbano,https://postali.app/mx/san-luis-potosi/villa-de-pozos/privada-tesalia
78421,Privada Vista Alta,Condominio,Villa de Pozos,San Luis Potosí,Villa de Pozos,Urbano,https://postali.app/mx/san-luis-potosi/villa-de-pozos/privada-vista-alta
78421,Provenza Residencial,Fraccionamiento,Villa de Pozos,San Luis Potosí,Villa de Pozos,Urbano,https://postali.app/mx/san-luis-potosi/villa-de-pozos/provenza-residencial
78421,Puerta Natura Residencial,Fraccionamiento,Villa de Pozos,San Luis Potosí,Villa de Pozos,Urbano,https://postali.app/mx/san-luis-potosi/villa-de-pozos/puerta-natura-residencial
78421,Punta del Este,Fraccionamiento,Villa de Pozos,San Luis Potosí,Villa de Pozos,Urbano,https://postali.app/mx/san-luis-potosi/villa-de-pozos/punta-del-este
78421,Punto Sur Privada,Fraccionamiento,Villa de Pozos,San Luis Potosí,Villa de Pozos,Urbano,https://postali.app/mx/san-luis-potosi/villa-de-pozos/punto-sur-privada
78421,Quinta Romero,Fraccionamiento,Villa de Pozos,San Luis Potosí,Villa de Pozos,Urbano,https://postali.app/mx/san-luis-potosi/villa-de-pozos/quinta-romero
78421,Rancho las Maravillas,Ranchería,Villa de Pozos,San Luis Potosí,Villa de Pozos,Rural,https://postali.app/mx/san-luis-potosi/villa-de-pozos/rancho-las-maravillas
78421,Residencial Barbelo,Fraccionamiento,Villa de Pozos,San Luis Potosí,Villa de Pozos,Urbano,https://postali.app/mx/san-luis-potosi/villa-de-pozos/residencial-barbelo
78421,Residencial la Cantera,Fraccionamiento,Villa de Pozos,San Luis Potosí,Villa de Pozos,Urbano,https://postali.app/mx/san-luis-potosi/villa-de-pozos/residencial-la-cantera
78421,Rinconada la Viña,Fraccionamiento,Villa de Pozos,San Luis Potosí,Villa de Pozos,Urbano,https://postali.app/mx/san-luis-potosi/villa-de-pozos/rinconada-la-vina
78421,Samara,Fraccionamiento,Villa de Pozos,San Luis Potosí,Villa de Pozos,Urbano,https://postali.app/mx/san-luis-potosi/villa-de-pozos/samara
78421,San Antonio (El Castañón),Rancho,Villa de Pozos,San Luis Potosí,Villa de Pozos,Urbano,https://postali.app/mx/san-luis-potosi/villa-de-pozos/san-antonio-el-castanon
78421,San Francisco de los Pozos,Fraccionamiento,Villa de Pozos,San Luis Potosí,Villa de Pozos,Urbano,https://postali.app/mx/san-luis-potosi/villa-de-pozos/san-francisco-de-los-pozos
78421,San Ignacio,Fraccionamiento,Villa de Pozos,San Luis Potosí,Villa de Pozos,Urbano,https://postali.app/mx/san-luis-potosi/villa-de-pozos/san-ignacio
78421,San Miguel de La Colina,Fraccionamiento,Villa de Pozos,San Luis Potosí,Villa de Pozos,Rural,https://postali.app/mx/san-luis-potosi/villa-de-pozos/san-miguel-de-la-colina
78421,San Remo Residencial,Fraccionamiento,Villa de Pozos,San Luis Potosí,Villa de Pozos,Urbano,https://postali.app/mx/san-luis-potosi/villa-de-pozos/san-remo-residencial
78421,Santa Ana,Fraccionamiento,Villa de Pozos,San Luis Potosí,Villa de Pozos,Rural,https://postali.app/mx/san-luis-potosi/villa-de-pozos/santa-ana
78421,Santa Bárbara,Fraccionamiento,Villa de Pozos,San Luis Potosí,Villa de Pozos,Urbano,https://postali.app/mx/san-luis-potosi/villa-de-pozos/santa-barbara
78421,Sirenia,Fraccionamiento,Villa de Pozos,San Luis Potosí,Villa de Pozos,Urbano,https://postali.app/mx/san-luis-potosi/villa-de-pozos/sirenia
78421,Sonus,Fraccionamiento,Villa de Pozos,San Luis Potosí,Villa de Pozos,Urbano,https://postali.app/mx/san-luis-potosi/villa-de-pozos/sonus
78421,Tanque el Jagüey,Colonia,Villa de Pozos,San Luis Potosí,Villa de Pozos,Rural,https://postali.app/mx/san-luis-potosi/villa-de-pozos/tanque-el-jaguey
78421,Verenna Residencial,Fraccionamiento,Villa de Pozos,San Luis Potosí,Villa de Pozos,Urbano,https://postali.app/mx/san-luis-potosi/villa-de-pozos/verenna-residencial
78421,Villa Andrea,Fraccionamiento,Villa de Pozos,San Luis Potosí,Villa de Pozos,Urbano,https://postali.app/mx/san-luis-potosi/villa-de-pozos/villa-andrea
78421,Villa de Pozos,Colonia,Villa de Pozos,San Luis Potosí,Villa de Pozos,Urbano,https://postali.app/mx/san-luis-potosi/villa-de-pozos/villa-de-pozos
78421,Villa Delicias,Colonia,Villa de Pozos,San Luis Potosí,Villa de Pozos,Urbano,https://postali.app/mx/san-luis-potosi/villa-de-pozos/villa-delicias
78421,Villa Sai,Fraccionamiento,Villa de Pozos,San Luis Potosí,Villa de Pozos,Urbano,https://postali.app/mx/san-luis-potosi/villa-de-pozos/villa-sai
78421,Villas Mallorca,Fraccionamiento,Villa de Pozos,San Luis Potosí,Villa de Pozos,Urbano,https://postali.app/mx/san-luis-potosi/villa-de-pozos/villas-mallorca
78421,Zibarí,Fraccionamiento,Villa de Pozos,San Luis Potosí,Villa de Pozos,Urbano,https://postali.app/mx/san-luis-potosi/villa-de-pozos/zibari
78421,Zimelí,Fraccionamiento,Villa de Pozos,San Luis Potosí,Villa de Pozos,Urbano,https://postali.app/mx/san-luis-potosi/villa-de-pozos/zimeli
78423,Ciudad Satélite,Fraccionamiento,Villa de Pozos,San Luis Potosí,,Rural,https://postali.app/mx/san-luis-potosi/villa-de-pozos/ciudad-satelite
78423,Colinas de San Luis,Zona industrial,Villa de Pozos,San Luis Potosí,,Urbano,https://postali.app/mx/san-luis-potosi/villa-de-pozos/colinas-de-san-luis
78423,La Presilla,Rancho,Villa de Pozos,San Luis Potosí,,Rural,https://postali.app/mx/san-luis-potosi/villa-de-pozos/la-presilla
78423,Panalillo,Ranchería,Villa de Pozos,San Luis Potosí,,Rural,https://postali.app/mx/san-luis-potosi/villa-de-pozos/panalillo
78423,Urbi Villareal,Fraccionamiento,Villa de Pozos,San Luis Potosí,,Urbano,https://postali.app/mx/san-luis-potosi/villa-de-pozos/urbi-villareal
78424,El Guerrero,Rancho,Villa de Pozos,San Luis Potosí,,Rural,https://postali.app/mx/san-luis-potosi/villa-de-pozos/el-guerrero
78424,Rancho MG,Ranchería,Villa de Pozos,San Luis Potosí,,Rural,https://postali.app/mx/san-luis-potosi/villa-de-pozos/rancho-mg
78425,Cerritos la Pila,Ejido,San Luis Potosí,San Luis Potosí,,Rural,https://postali.app/mx/san-luis-potosi/san-luis-potosi/cerritos-la-pila
78425,Comedor 57,Zona comercial,San Luis Potosí,San Luis Potosí,,Rural,https://postali.app/mx/san-luis-potosi/san-luis-potosi/comedor-57
78425,El Banco,Rancho,San Luis Potosí,San Luis Potosí,,Rural,https://postali.app/mx/san-luis-potosi/san-luis-potosi/el-banco
78425,El Jaralito,Ranchería,San Luis Potosí,San Luis Potosí,,Rural,https://postali.app/mx/san-luis-potosi/san-luis-potosi/el-jaralito-78425
78425,La Pila,Rancho,San Luis Potosí,San Luis Potosí,,Rural,https://postali.app/mx/san-luis-potosi/san-luis-potosi/la-pila
78425,Los Abuelos,Rancho,San Luis Potosí,San Luis Potosí,,Rural,https://postali.app/mx/san-luis-potosi/san-luis-potosi/los-abuelos
78425,Moisés García Loredo,Rancho,San Luis Potosí,San Luis Potosí,,Rural,https://postali.app/mx/san-luis-potosi/san-luis-potosi/moises-garcia-loredo
78425,Olivia Martínez Mata,Rancho,San Luis Potosí,San Luis Potosí,,Rural,https://postali.app/mx/san-luis-potosi/san-luis-potosi/olivia-martinez-mata
78425,Parque Industrial del Centro,Zona industrial,San Luis Potosí,San Luis Potosí,,Rural,https://postali.app/mx/san-luis-potosi/san-luis-potosi/parque-industrial-del-centro
78425,Parque Industrial DIDSA,Zona industrial,San Luis Potosí,San Luis Potosí,,Rural,https://postali.app/mx/san-luis-potosi/san-luis-potosi/parque-industrial-didsa
78425,Rancho las Bombas,Ranchería,San Luis Potosí,San Luis Potosí,,Rural,https://postali.app/mx/san-luis-potosi/san-luis-potosi/rancho-las-bombas
78425,San Antonio,Rancho,San Luis Potosí,San Luis Potosí,,Rural,https://postali.app/mx/san-luis-potosi/san-luis-potosi/san-antonio-78425
78426,Arroyos,Ejido,San Luis Potosí,San Luis Potosí,,Rural,https://postali.app/mx/san-luis-potosi/san-luis-potosi/arroyos
78426,CERESO San Luis Potosí,Equipamiento,San Luis Potosí,San Luis Potosí,,Urbano,https://postali.app/mx/san-luis-potosi/san-luis-potosi/cereso-san-luis-potosi
78426,El Peñón,Barrio,San Luis Potosí,San Luis Potosí,,Rural,https://postali.app/mx/san-luis-potosi/san-luis-potosi/el-penon
78426,El Terrero Sur,Ranchería,San Luis Potosí,San Luis Potosí,,Rural,https://postali.app/mx/san-luis-potosi/san-luis-potosi/el-terrero-sur
78426,El Zapote (San Juan de Guadalupe),Rancho,San Luis Potosí,San Luis Potosí,,Rural,https://postali.app/mx/san-luis-potosi/san-luis-potosi/el-zapote-san-juan-de-guadalupe
78426,Emiliano Zapata,Colonia,San Luis Potosí,San Luis Potosí,,Urbano,https://postali.app/mx/san-luis-potosi/san-luis-potosi/emiliano-zapata
78426,Fracción el Aguaje,Rancho,San Luis Potosí,San Luis Potosí,,Rural,https://postali.app/mx/san-luis-potosi/san-luis-potosi/fraccion-el-aguaje
78426,Gran Peñón,Fraccionamiento,San Luis Potosí,San Luis Potosí,,Urbano,https://postali.app/mx/san-luis-potosi/san-luis-potosi/gran-penon
78426,Jarillas de Gómez,Rancho,San Luis Potosí,San Luis Potosí,,Rural,https://postali.app/mx/san-luis-potosi/san-luis-potosi/jarillas-de-gomez
78426,Joyas del Aguaje,Colonia,San Luis Potosí,San Luis Potosí,,Rural,https://postali.app/mx/san-luis-potosi/san-luis-potosi/joyas-del-aguaje
78426,La Cantera,Rancho,San Luis Potosí,San Luis Potosí,,Rural,https://postali.app/mx/san-luis-potosi/san-luis-potosi/la-cantera
78426,La Pila,Colonia,San Luis Potosí,San Luis Potosí,,Urbano,https://postali.app/mx/san-luis-potosi/san-luis-potosi/la-pila-78426
78426,Los Barrón,Colonia,San Luis Potosí,San Luis Potosí,,Rural,https://postali.app/mx/san-luis-potosi/san-luis-potosi/los-barron
78426,Palma China,Colonia,San Luis Potosí,San Luis Potosí,,Rural,https://postali.app/mx/san-luis-potosi/san-luis-potosi/palma-china
78426,Parque Logístico Interpuerto,Zona industrial,San Luis Potosí,San Luis Potosí,,Urbano,https://postali.app/mx/san-luis-potosi/san-luis-potosi/parque-logistico-interpuerto
78427,Cañada del Lobo,Ejido,San Luis Potosí,San Luis Potosí,,Rural,https://postali.app/mx/san-luis-potosi/san-luis-potosi/canada-del-lobo
78427,El Maguey Blanco,Rancho,San Luis Potosí,San Luis Potosí,,Rural,https://postali.app/mx/san-luis-potosi/san-luis-potosi/el-maguey-blanco
78430,16 de Septiembre,Fraccionamiento,Soledad de Graciano Sánchez,San Luis Potosí,Soledad de Graciano Sánchez,Urbano,https://postali.app/mx/san-luis-potosi/soledad-de-graciano-sanchez/16-de-septiembre
78430,Arboledas de Soledad,Fraccionamiento,Soledad de Graciano Sánchez,San Luis Potosí,Soledad de Graciano Sánchez,Urbano,https://postali.app/mx/san-luis-potosi/soledad-de-graciano-sanchez/arboledas-de-soledad
78430,Bosquerreal Residencial,Fraccionamiento,Soledad de Graciano Sánchez,San Luis Potosí,Soledad de Graciano Sánchez,Urbano,https://postali.app/mx/san-luis-potosi/soledad-de-graciano-sanchez/bosquerreal-residencial
78430,Buenaventura,Fraccionamiento,Soledad de Graciano Sánchez,San Luis Potosí,Soledad de Graciano Sánchez,Urbano,https://postali.app/mx/san-luis-potosi/soledad-de-graciano-sanchez/buenaventura
78430,Caldera,Fraccionamiento,Soledad de Graciano Sánchez,San Luis Potosí,Soledad de Graciano Sánchez,Urbano,https://postali.app/mx/san-luis-potosi/soledad-de-graciano-sanchez/caldera
78430,Campeones Olímpicos,Fraccionamiento,Soledad de Graciano Sánchez,San Luis Potosí,Soledad de Graciano Sánchez,Urbano,https://postali.app/mx/san-luis-potosi/soledad-de-graciano-sanchez/campeones-olimpicos
78430,Cantagua Privada Residencial,Fraccionamiento,Soledad de Graciano Sánchez,San Luis Potosí,Soledad de Graciano Sánchez,Urbano,https://postali.app/mx/san-luis-potosi/soledad-de-graciano-sanchez/cantagua-privada-residencial
78430,El Jaralito,Exhacienda,Soledad de Graciano Sánchez,San Luis Potosí,Soledad de Graciano Sánchez,Urbano,https://postali.app/mx/san-luis-potosi/soledad-de-graciano-sanchez/el-jaralito
78430,El Roble,Fraccionamiento,Soledad de Graciano Sánchez,San Luis Potosí,Soledad de Graciano Sánchez,Urbano,https://postali.app/mx/san-luis-potosi/soledad-de-graciano-sanchez/el-roble
78430,El Zapote,Colonia,Soledad de Graciano Sánchez,San Luis Potosí,Soledad de Graciano Sánchez,Urbano,https://postali.app/mx/san-luis-potosi/soledad-de-graciano-sanchez/el-zapote
78430,Escontria,Fraccionamiento,Soledad de Graciano Sánchez,San Luis Potosí,Soledad de Graciano Sánchez,Urbano,https://postali.app/mx/san-luis-potosi/soledad-de-graciano-sanchez/escontria
78430,Expropiación Petrolera,Colonia,Soledad de Graciano Sánchez,San Luis Potosí,Soledad de Graciano Sánchez,Urbano,https://postali.app/mx/san-luis-potosi/soledad-de-graciano-sanchez/expropiacion-petrolera
78430,Fracción Rivera,Colonia,Soledad de Graciano Sánchez,San Luis Potosí,Soledad de Graciano Sánchez,Urbano,https://postali.app/mx/san-luis-potosi/soledad-de-graciano-sanchez/fraccion-rivera
78430,Francisco Villa,Fraccionamiento,Soledad de Graciano Sánchez,San Luis Potosí,Soledad de Graciano Sánchez,Urbano,https://postali.app/mx/san-luis-potosi/soledad-de-graciano-sanchez/francisco-villa
78430,Grand Soledad,Fraccionamiento,Soledad de Graciano Sánchez,San Luis Potosí,Soledad de Graciano Sánchez,Urbano,https://postali.app/mx/san-luis-potosi/soledad-de-graciano-sanchez/grand-soledad
78430,La Noria,Fraccionamiento,Soledad de Graciano Sánchez,San Luis Potosí,Soledad de Graciano Sánchez,Urbano,https://postali.app/mx/san-luis-potosi/soledad-de-graciano-sanchez/la-noria
78430,La Rivera,Fraccionamiento,Soledad de Graciano Sánchez,San Luis Potosí,Soledad de Graciano Sánchez,Urbano,https://postali.app/mx/san-luis-potosi/soledad-de-graciano-sanchez/la-rivera
78430,Las Canteras,Fraccionamiento,Soledad de Graciano Sánchez,San Luis Potosí,Soledad de Graciano Sánchez,Urbano,https://postali.app/mx/san-luis-potosi/soledad-de-graciano-sanchez/las-canteras
78430,Las Capillas,Colonia,Soledad de Graciano Sánchez,San Luis Potosí,Soledad de Graciano Sánchez,Urbano,https://postali.app/mx/san-luis-potosi/soledad-de-graciano-sanchez/las-capillas
78430,Las Cruces,Fraccionamiento,Soledad de Graciano Sánchez,San Luis Potosí,Soledad de Graciano Sánchez,Urbano,https://postali.app/mx/san-luis-potosi/soledad-de-graciano-sanchez/las-cruces
78430,Las Flores,Colonia,Soledad de Graciano Sánchez,San Luis Potosí,Soledad de Graciano Sánchez,Urbano,https://postali.app/mx/san-luis-potosi/soledad-de-graciano-sanchez/las-flores
78430,Las Higueras,Fraccionamiento,Soledad de Graciano Sánchez,San Luis Potosí,Soledad de Graciano Sánchez,Urbano,https://postali.app/mx/san-luis-potosi/soledad-de-graciano-sanchez/las-higueras
78430,Las Huertas,Fraccionamiento,Soledad de Graciano Sánchez,San Luis Potosí,Soledad de Graciano Sánchez,Urbano,https://postali.app/mx/san-luis-potosi/soledad-de-graciano-sanchez/las-huertas
78430,Los Lirios,Fraccionamiento,Soledad de Graciano Sánchez,San Luis Potosí,Soledad de Graciano Sánchez,Urbano,https://postali.app/mx/san-luis-potosi/soledad-de-graciano-sanchez/los-lirios
78430,Los Pirules,Fraccionamiento,Soledad de Graciano Sánchez,San Luis Potosí,Soledad de Graciano Sánchez,Urbano,https://postali.app/mx/san-luis-potosi/soledad-de-graciano-sanchez/los-pirules
78430,Los Viñedos,Fraccionamiento,Soledad de Graciano Sánchez,San Luis Potosí,Soledad de Graciano Sánchez,Urbano,https://postali.app/mx/san-luis-potosi/soledad-de-graciano-sanchez/los-vinedos
78430,Los Ángeles,Fraccionamiento,Soledad de Graciano Sánchez,San Luis Potosí,Soledad de Graciano Sánchez,Urbano,https://postali.app/mx/san-luis-potosi/soledad-de-graciano-sanchez/los-angeles
78430,Luis Donaldo Colosio,Colonia,Soledad de Graciano Sánchez,San Luis Potosí,Soledad de Graciano Sánchez,Urbano,https://postali.app/mx/san-luis-potosi/soledad-de-graciano-sanchez/luis-donaldo-colosio
78430,María Fernanda,Fraccionamiento,Soledad de Graciano Sánchez,San Luis Potosí,Soledad de Graciano Sánchez,Urbano,https://postali.app/mx/san-luis-potosi/soledad-de-graciano-sanchez/maria-fernanda
78430,María Laura,Fraccionamiento,Soledad de Graciano Sánchez,San Luis Potosí,Soledad de Graciano Sánchez,Urbano,https://postali.app/mx/san-luis-potosi/soledad-de-graciano-sanchez/maria-laura
78430,Misión de los Ángeles,Fraccionamiento,Soledad de Graciano Sánchez,San Luis Potosí,Soledad de Graciano Sánchez,Urbano,https://postali.app/mx/san-luis-potosi/soledad-de-graciano-sanchez/mision-de-los-angeles
78430,Nogalia,Fraccionamiento,Soledad de Graciano Sánchez,San Luis Potosí,Soledad de Graciano Sánchez,Urbano,https://postali.app/mx/san-luis-potosi/soledad-de-graciano-sanchez/nogalia
78430,Paseo de San Fernando,Fraccionamiento,Soledad de Graciano Sánchez,San Luis Potosí,Soledad de Graciano Sánchez,Urbano,https://postali.app/mx/san-luis-potosi/soledad-de-graciano-sanchez/paseo-de-san-fernando
78430,Pipila,Colonia,Soledad de Graciano Sánchez,San Luis Potosí,Soledad de Graciano Sánchez,Urbano,https://postali.app/mx/san-luis-potosi/soledad-de-graciano-sanchez/pipila
78430,Privada Centenario,Fraccionamiento,Soledad de Graciano Sánchez,San Luis Potosí,Soledad de Graciano Sánchez,Urbano,https://postali.app/mx/san-luis-potosi/soledad-de-graciano-sanchez/privada-centenario
78430,Privada Nuestra Señora de La Soledad,Fraccionamiento,Soledad de Graciano Sánchez,San Luis Potosí,Soledad de Graciano Sánchez,Urbano,https://postali.app/mx/san-luis-potosi/soledad-de-graciano-sanchez/privada-nuestra-senora-de-la-soledad
78430,Privada Villa Verona,Fraccionamiento,Soledad de Graciano Sánchez,San Luis Potosí,Soledad de Graciano Sánchez,Urbano,https://postali.app/mx/san-luis-potosi/soledad-de-graciano-sanchez/privada-villa-verona
78430,Pueblo Libre,Colonia,Soledad de Graciano Sánchez,San Luis Potosí,Soledad de Graciano Sánchez,Urbano,https://postali.app/mx/san-luis-potosi/soledad-de-graciano-sanchez/pueblo-libre
78430,Puerta Real,Fraccionamiento,Soledad de Graciano Sánchez,San Luis Potosí,Soledad de Graciano Sánchez,Urbano,https://postali.app/mx/san-luis-potosi/soledad-de-graciano-sanchez/puerta-real
78430,Puesta del Sol,Fraccionamiento,Soledad de Graciano Sánchez,San Luis Potosí,Soledad de Graciano Sánchez,Urbano,https://postali.app/mx/san-luis-potosi/soledad-de-graciano-sanchez/puesta-del-sol
78430,Rancho Nuevo,Colonia,Soledad de Graciano Sánchez,San Luis Potosí,Soledad de Graciano Sánchez,Urbano,https://postali.app/mx/san-luis-potosi/soledad-de-graciano-sanchez/rancho-nuevo
78430,Residencial Bugambilias,Fraccionamiento,Soledad de Graciano Sánchez,San Luis Potosí,Soledad de Graciano Sánchez,Urbano,https://postali.app/mx/san-luis-potosi/soledad-de-graciano-sanchez/residencial-bugambilias
78430,Residencial Las Flores,Fraccionamiento,Soledad de Graciano Sánchez,San Luis Potosí,Soledad de Graciano Sánchez,Urbano,https://postali.app/mx/san-luis-potosi/soledad-de-graciano-sanchez/residencial-las-flores
78430,Residencial Los Laureles,Fraccionamiento,Soledad de Graciano Sánchez,San Luis Potosí,Soledad de Graciano Sánchez,Urbano,https://postali.app/mx/san-luis-potosi/soledad-de-graciano-sanchez/residencial-los-laureles
78430,Rinconada de las Flores,Fraccionamiento,Soledad de Graciano Sánchez,San Luis Potosí,Soledad de Graciano Sánchez,Urbano,https://postali.app/mx/san-luis-potosi/soledad-de-graciano-sanchez/rinconada-de-las-flores
78430,San Andrés Residencial,Fraccionamiento,Soledad de Graciano Sánchez,San Luis Potosí,Soledad de Graciano Sánchez,Urbano,https://postali.app/mx/san-luis-potosi/soledad-de-graciano-sanchez/san-andres-residencial
78430,San Gabriel Tercera Etapa,Fraccionamiento,Soledad de Graciano Sánchez,San Luis Potosí,Soledad de Graciano Sánchez,Urbano,https://postali.app/mx/san-luis-potosi/soledad-de-graciano-sanchez/san-gabriel-tercera-etapa
78430,San Gerardo,Fraccionamiento,Soledad de Graciano Sánchez,San Luis Potosí,Soledad de Graciano Sánchez,Urbano,https://postali.app/mx/san-luis-potosi/soledad-de-graciano-sanchez/san-gerardo
78430,San Juanita,Colonia,Soledad de Graciano Sánchez,San Luis Potosí,Soledad de Graciano Sánchez,Urbano,https://postali.app/mx/san-luis-potosi/soledad-de-graciano-sanchez/san-juanita
78430,San Pablo,Fraccionamiento,Soledad de Graciano Sánchez,San Luis Potosí,Soledad de Graciano Sánchez,Urbano,https://postali.app/mx/san-luis-potosi/soledad-de-graciano-sanchez/san-pablo
78430,Soledad de Graciano Sánchez Centro,Colonia,Soledad de Graciano Sánchez,San Luis Potosí,Soledad de Graciano Sánchez,Urbano,https://postali.app/mx/san-luis-potosi/soledad-de-graciano-sanchez/soledad-de-graciano-sanchez-centro
78430,Textil,Colonia,Soledad de Graciano Sánchez,San Luis Potosí,Soledad de Graciano Sánchez,Urbano,https://postali.app/mx/san-luis-potosi/soledad-de-graciano-sanchez/textil
78430,Villa Dorada,Fraccionamiento,Soledad de Graciano Sánchez,San Luis Potosí,Soledad de Graciano Sánchez,Urbano,https://postali.app/mx/san-luis-potosi/soledad-de-graciano-sanchez/villa-dorada
78430,Villas de Soledad,Fraccionamiento,Soledad de Graciano Sánchez,San Luis Potosí,Soledad de Graciano Sánchez,Urbano,https://postali.app/mx/san-luis-potosi/soledad-de-graciano-sanchez/villas-de-soledad
78430,Villas del Sol,Fraccionamiento,Soledad de Graciano Sánchez,San Luis Potosí,Soledad de Graciano Sánchez,Urbano,https://postali.app/mx/san-luis-potosi/soledad-de-graciano-sanchez/villas-del-sol
78432,Bosques del Márquez,Fraccionamiento,Soledad de Graciano Sánchez,San Luis Potosí,Soledad de Graciano Sánchez,Urbano,https://postali.app/mx/san-luis-potosi/soledad-de-graciano-sanchez/bosques-del-marquez
78432,El Laurel,Colonia,Soledad de Graciano Sánchez,San Luis Potosí,Soledad de Graciano Sánchez,Urbano,https://postali.app/mx/san-luis-potosi/soledad-de-graciano-sanchez/el-laurel
78432,El Márquez,Fraccionamiento,Soledad de Graciano Sánchez,San Luis Potosí,Soledad de Graciano Sánchez,Urbano,https://postali.app/mx/san-luis-potosi/soledad-de-graciano-sanchez/el-marquez
78433,Arboledas,Colonia,Soledad de Graciano Sánchez,San Luis Potosí,Soledad de Graciano Sánchez,Urbano,https://postali.app/mx/san-luis-potosi/soledad-de-graciano-sanchez/arboledas
78433,Campo Bello,Fraccionamiento,Soledad de Graciano Sánchez,San Luis Potosí,Soledad de Graciano Sánchez,Urbano,https://postali.app/mx/san-luis-potosi/soledad-de-graciano-sanchez/campo-bello
78433,Ciudad Real,Fraccionamiento,Soledad de Graciano Sánchez,San Luis Potosí,Soledad de Graciano Sánchez,Urbano,https://postali.app/mx/san-luis-potosi/soledad-de-graciano-sanchez/ciudad-real
78433,Covadonga,Fraccionamiento,Soledad de Graciano Sánchez,San Luis Potosí,Soledad de Graciano Sánchez,Urbano,https://postali.app/mx/san-luis-potosi/soledad-de-graciano-sanchez/covadonga
78433,Hacienda de Santo Tomás,Fraccionamiento,Soledad de Graciano Sánchez,San Luis Potosí,Soledad de Graciano Sánchez,Urbano,https://postali.app/mx/san-luis-potosi/soledad-de-graciano-sanchez/hacienda-de-santo-tomas
78433,Hacienda del Barranco,Fraccionamiento,Soledad de Graciano Sánchez,San Luis Potosí,Soledad de Graciano Sánchez,Urbano,https://postali.app/mx/san-luis-potosi/soledad-de-graciano-sanchez/hacienda-del-barranco
78433,Huerta del Ángel,Fraccionamiento,Soledad de Graciano Sánchez,San Luis Potosí,Soledad de Graciano Sánchez,Urbano,https://postali.app/mx/san-luis-potosi/soledad-de-graciano-sanchez/huerta-del-angel
78433,La Cofradía,Colonia,Soledad de Graciano Sánchez,San Luis Potosí,Soledad de Graciano Sánchez,Urbano,https://postali.app/mx/san-luis-potosi/soledad-de-graciano-sanchez/la-cofradia
78433,La Constancia,Colonia,Soledad de Graciano Sánchez,San Luis Potosí,Soledad de Graciano Sánchez,Urbano,https://postali.app/mx/san-luis-potosi/soledad-de-graciano-sanchez/la-constancia
78433,La Cruz Residencial,Fraccionamiento,Soledad de Graciano Sánchez,San Luis Potosí,Soledad de Graciano Sánchez,Urbano,https://postali.app/mx/san-luis-potosi/soledad-de-graciano-sanchez/la-cruz-residencial
78433,La Misión,Fraccionamiento,Soledad de Graciano Sánchez,San Luis Potosí,Soledad de Graciano Sánchez,Urbano,https://postali.app/mx/san-luis-potosi/soledad-de-graciano-sanchez/la-mision
78433,La Raza,Zona industrial,Soledad de Graciano Sánchez,San Luis Potosí,Soledad de Graciano Sánchez,Urbano,https://postali.app/mx/san-luis-potosi/soledad-de-graciano-sanchez/la-raza
78433,La Raza,Fraccionamiento,Soledad de Graciano Sánchez,San Luis Potosí,Soledad de Graciano Sánchez,Urbano,https://postali.app/mx/san-luis-potosi/soledad-de-graciano-sanchez/la-raza-78433
78433,La Virgen,Colonia,Soledad de Graciano Sánchez,San Luis Potosí,Soledad de Graciano Sánchez,Urbano,https://postali.app/mx/san-luis-potosi/soledad-de-graciano-sanchez/la-virgen
78433,Las Américas,Colonia,Soledad de Graciano Sánchez,San Luis Potosí,Soledad de Graciano Sánchez,Urbano,https://postali.app/mx/san-luis-potosi/soledad-de-graciano-sanchez/las-americas
78433,Las Hadas,Fraccionamiento,Soledad de Graciano Sánchez,San Luis Potosí,Soledad de Graciano Sánchez,Urbano,https://postali.app/mx/san-luis-potosi/soledad-de-graciano-sanchez/las-hadas
78433,Lomas de San Felipe,Fraccionamiento,Soledad de Graciano Sánchez,San Luis Potosí,Soledad de Graciano Sánchez,Urbano,https://postali.app/mx/san-luis-potosi/soledad-de-graciano-sanchez/lomas-de-san-felipe
78433,Los Canarios,Unidad habitacional,Soledad de Graciano Sánchez,San Luis Potosí,Soledad de Graciano Sánchez,Urbano,https://postali.app/mx/san-luis-potosi/soledad-de-graciano-sanchez/los-canarios
78433,Los Fresnos,Colonia,Soledad de Graciano Sánchez,San Luis Potosí,Soledad de Graciano Sánchez,Urbano,https://postali.app/mx/san-luis-potosi/soledad-de-graciano-sanchez/los-fresnos
78433,Luna Azul,Fraccionamiento,Soledad de Graciano Sánchez,San Luis Potosí,Soledad de Graciano Sánchez,Urbano,https://postali.app/mx/san-luis-potosi/soledad-de-graciano-sanchez/luna-azul
78433,Mezquite,Fraccionamiento,Soledad de Graciano Sánchez,San Luis Potosí,Soledad de Graciano Sánchez,Urbano,https://postali.app/mx/san-luis-potosi/soledad-de-graciano-sanchez/mezquite
78433,Monte Verde,Fraccionamiento,Soledad de Graciano Sánchez,San Luis Potosí,Soledad de Graciano Sánchez,Urbano,https://postali.app/mx/san-luis-potosi/soledad-de-graciano-sanchez/monte-verde
78433,Morelos,Colonia,Soledad de Graciano Sánchez,San Luis Potosí,Soledad de Graciano Sánchez,Urbano,https://postali.app/mx/san-luis-potosi/soledad-de-graciano-sanchez/morelos
78433,Nogales Residencial,Fraccionamiento,Soledad de Graciano Sánchez,San Luis Potosí,Soledad de Graciano Sánchez,Urbano,https://postali.app/mx/san-luis-potosi/soledad-de-graciano-sanchez/nogales-residencial
78433,Portones del Real,Fraccionamiento,Soledad de Graciano Sánchez,San Luis Potosí,Soledad de Graciano Sánchez,Urbano,https://postali.app/mx/san-luis-potosi/soledad-de-graciano-sanchez/portones-del-real
78433,Portón de San Carlos,Fraccionamiento,Soledad de Graciano Sánchez,San Luis Potosí,Soledad de Graciano Sánchez,Urbano,https://postali.app/mx/san-luis-potosi/soledad-de-graciano-sanchez/porton-de-san-carlos
78433,Portón de San José,Fraccionamiento,Soledad de Graciano Sánchez,San Luis Potosí,Soledad de Graciano Sánchez,Urbano,https://postali.app/mx/san-luis-potosi/soledad-de-graciano-sanchez/porton-de-san-jose
78433,Portón Naranja,Fraccionamiento,Soledad de Graciano Sánchez,San Luis Potosí,Soledad de Graciano Sánchez,Urbano,https://postali.app/mx/san-luis-potosi/soledad-de-graciano-sanchez/porton-naranja
78433,Potrero de Adentro,Ranchería,Soledad de Graciano Sánchez,San Luis Potosí,Soledad de Graciano Sánchez,Rural,https://postali.app/mx/san-luis-potosi/soledad-de-graciano-sanchez/potrero-de-adentro
78433,Privada Continental Residencial,Fraccionamiento,Soledad de Graciano Sánchez,San Luis Potosí,Soledad de Graciano Sánchez,Urbano,https://postali.app/mx/san-luis-potosi/soledad-de-graciano-sanchez/privada-continental-residencial
78433,Privada de Los Pinos,Fraccionamiento,Soledad de Graciano Sánchez,San Luis Potosí,Soledad de Graciano Sánchez,Urbano,https://postali.app/mx/san-luis-potosi/soledad-de-graciano-sanchez/privada-de-los-pinos
78433,Privada Fresnos,Fraccionamiento,Soledad de Graciano Sánchez,San Luis Potosí,Soledad de Graciano Sánchez,Urbano,https://postali.app/mx/san-luis-potosi/soledad-de-graciano-sanchez/privada-fresnos
78433,Privada San Jorge,Unidad habitacional,Soledad de Graciano Sánchez,San Luis Potosí,Soledad de Graciano Sánchez,Urbano,https://postali.app/mx/san-luis-potosi/soledad-de-graciano-sanchez/privada-san-jorge
78433,Privada San Lorenzo,Fraccionamiento,Soledad de Graciano Sánchez,San Luis Potosí,Soledad de Graciano Sánchez,Urbano,https://postali.app/mx/san-luis-potosi/soledad-de-graciano-sanchez/privada-san-lorenzo
78433,Privada Terracota,Fraccionamiento,Soledad de Graciano Sánchez,San Luis Potosí,Soledad de Graciano Sánchez,Urbano,https://postali.app/mx/san-luis-potosi/soledad-de-graciano-sanchez/privada-terracota
78433,Rancho Zamora,Fraccionamiento,Soledad de Graciano Sánchez,San Luis Potosí,Soledad de Graciano Sánchez,Urbano,https://postali.app/mx/san-luis-potosi/soledad-de-graciano-sanchez/rancho-zamora
78433,Residencial Santiago,Fraccionamiento,Soledad de Graciano Sánchez,San Luis Potosí,Soledad de Graciano Sánchez,Urbano,https://postali.app/mx/san-luis-potosi/soledad-de-graciano-sanchez/residencial-santiago
78433,Rinconada San Felipe,Fraccionamiento,Soledad de Graciano Sánchez,San Luis Potosí,Soledad de Graciano Sánchez,Urbano,https://postali.app/mx/san-luis-potosi/soledad-de-graciano-sanchez/rinconada-san-felipe
78433,Rincón de San Marcos,Condominio,Soledad de Graciano Sánchez,San Luis Potosí,Soledad de Graciano Sánchez,Urbano,https://postali.app/mx/san-luis-potosi/soledad-de-graciano-sanchez/rincon-de-san-marcos
78433,San Felipe,Colonia,Soledad de Graciano Sánchez,San Luis Potosí,Soledad de Graciano Sánchez,Urbano,https://postali.app/mx/san-luis-potosi/soledad-de-graciano-sanchez/san-felipe
78433,San José,Fraccionamiento,Soledad de Graciano Sánchez,San Luis Potosí,Soledad de Graciano Sánchez,Urbano,https://postali.app/mx/san-luis-potosi/soledad-de-graciano-sanchez/san-jose
78433,San José del Barro,Colonia,Soledad de Graciano Sánchez,San Luis Potosí,Soledad de Graciano Sánchez,Rural,https://postali.app/mx/san-luis-potosi/soledad-de-graciano-sanchez/san-jose-del-barro
78433,Santa Lucía,Fraccionamiento,Soledad de Graciano Sánchez,San Luis Potosí,Soledad de Graciano Sánchez,Urbano,https://postali.app/mx/san-luis-potosi/soledad-de-graciano-sanchez/santa-lucia
78433,Santa Teresa,Colonia,Soledad de Graciano Sánchez,San Luis Potosí,Soledad de Graciano Sánchez,Urbano,https://postali.app/mx/san-luis-potosi/soledad-de-graciano-sanchez/santa-teresa
78433,Santo Tomás,Fraccionamiento,Soledad de Graciano Sánchez,San Luis Potosí,Soledad de Graciano Sánchez,Urbano,https://postali.app/mx/san-luis-potosi/soledad-de-graciano-sanchez/santo-tomas
78433,Santo Tomás II,Fraccionamiento,Soledad de Graciano Sánchez,San Luis Potosí,Soledad de Graciano Sánchez,Urbano,https://postali.app/mx/san-luis-potosi/soledad-de-graciano-sanchez/santo-tomas-ii
78433,Toscana Residencial,Fraccionamiento,Soledad de Graciano Sánchez,San Luis Potosí,Soledad de Graciano Sánchez,Urbano,https://postali.app/mx/san-luis-potosi/soledad-de-graciano-sanchez/toscana-residencial
78433,Urbana Morelos,Colonia,Soledad de Graciano Sánchez,San Luis Potosí,Soledad de Graciano Sánchez,Urbano,https://postali.app/mx/san-luis-potosi/soledad-de-graciano-sanchez/urbana-morelos
78433,Valencia,Fraccionamiento,Soledad de Graciano Sánchez,San Luis Potosí,Soledad de Graciano Sánchez,Urbano,https://postali.app/mx/san-luis-potosi/soledad-de-graciano-sanchez/valencia
78433,Valle de Bellavista,Fraccionamiento,Soledad de Graciano Sánchez,San Luis Potosí,Soledad de Graciano Sánchez,Urbano,https://postali.app/mx/san-luis-potosi/soledad-de-graciano-sanchez/valle-de-bellavista
78433,Valle de San Patricio,Fraccionamiento,Soledad de Graciano Sánchez,San Luis Potosí,Soledad de Graciano Sánchez,Urbano,https://postali.app/mx/san-luis-potosi/soledad-de-graciano-sanchez/valle-de-san-patricio
78433,Valle de Santiago,Fraccionamiento,Soledad de Graciano Sánchez,San Luis Potosí,Soledad de Graciano Sánchez,Urbano,https://postali.app/mx/san-luis-potosi/soledad-de-graciano-sanchez/valle-de-santiago
78433,Valle del Ecuestre,Fraccionamiento,Soledad de Graciano Sánchez,San Luis Potosí,Soledad de Graciano Sánchez,Urbano,https://postali.app/mx/san-luis-potosi/soledad-de-graciano-sanchez/valle-del-ecuestre
78433,Villa Merlot,Fraccionamiento,Soledad de Graciano Sánchez,San Luis Potosí,Soledad de Graciano Sánchez,Urbano,https://postali.app/mx/san-luis-potosi/soledad-de-graciano-sanchez/villa-merlot
78433,Villas de San Lorenzo,Fraccionamiento,Soledad de Graciano Sánchez,San Luis Potosí,Soledad de Graciano Sánchez,Urbano,https://postali.app/mx/san-luis-potosi/soledad-de-graciano-sanchez/villas-de-san-lorenzo
78433,Vizcaya,Fraccionamiento,Soledad de Graciano Sánchez,San Luis Potosí,Soledad de Graciano Sánchez,Urbano,https://postali.app/mx/san-luis-potosi/soledad-de-graciano-sanchez/vizcaya
78434,Anzules,Fraccionamiento,Soledad de Graciano Sánchez,San Luis Potosí,Soledad de Graciano Sánchez,Urbano,https://postali.app/mx/san-luis-potosi/soledad-de-graciano-sanchez/anzules
78434,Arcano Residencial,Fraccionamiento,Soledad de Graciano Sánchez,San Luis Potosí,Soledad de Graciano Sánchez,Urbano,https://postali.app/mx/san-luis-potosi/soledad-de-graciano-sanchez/arcano-residencial
78434,Arcos de San Pedro,Fraccionamiento,Soledad de Graciano Sánchez,San Luis Potosí,Soledad de Graciano Sánchez,Urbano,https://postali.app/mx/san-luis-potosi/soledad-de-graciano-sanchez/arcos-de-san-pedro
78434,Central,Colonia,Soledad de Graciano Sánchez,San Luis Potosí,Soledad de Graciano Sánchez,Urbano,https://postali.app/mx/san-luis-potosi/soledad-de-graciano-sanchez/central
78434,Cerrada de las Huertas,Fraccionamiento,Soledad de Graciano Sánchez,San Luis Potosí,Soledad de Graciano Sánchez,Urbano,https://postali.app/mx/san-luis-potosi/soledad-de-graciano-sanchez/cerrada-de-las-huertas
78434,Cerrada Del Real,Fraccionamiento,Soledad de Graciano Sánchez,San Luis Potosí,Soledad de Graciano Sánchez,Urbano,https://postali.app/mx/san-luis-potosi/soledad-de-graciano-sanchez/cerrada-del-real
78434,Conjunto las Aves,Fraccionamiento,Soledad de Graciano Sánchez,San Luis Potosí,Soledad de Graciano Sánchez,Urbano,https://postali.app/mx/san-luis-potosi/soledad-de-graciano-sanchez/conjunto-las-aves
78434,Del Prado Residencial,Fraccionamiento,Soledad de Graciano Sánchez,San Luis Potosí,Soledad de Graciano Sánchez,Urbano,https://postali.app/mx/san-luis-potosi/soledad-de-graciano-sanchez/del-prado-residencial
78434,El Barranco,Fraccionamiento,Soledad de Graciano Sánchez,San Luis Potosí,Soledad de Graciano Sánchez,Urbano,https://postali.app/mx/san-luis-potosi/soledad-de-graciano-sanchez/el-barranco
78434,El Canto Residencial,Fraccionamiento,Soledad de Graciano Sánchez,San Luis Potosí,Soledad de Graciano Sánchez,Urbano,https://postali.app/mx/san-luis-potosi/soledad-de-graciano-sanchez/el-canto-residencial
78434,El Morro,Colonia,Soledad de Graciano Sánchez,San Luis Potosí,Soledad de Graciano Sánchez,Urbano,https://postali.app/mx/san-luis-potosi/soledad-de-graciano-sanchez/el-morro
78434,El Toro,Fraccionamiento,Soledad de Graciano Sánchez,San Luis Potosí,Soledad de Graciano Sánchez,Urbano,https://postali.app/mx/san-luis-potosi/soledad-de-graciano-sanchez/el-toro
78434,Escobillal,Colonia,Soledad de Graciano Sánchez,San Luis Potosí,Soledad de Graciano Sánchez,Urbano,https://postali.app/mx/san-luis-potosi/soledad-de-graciano-sanchez/escobillal
78434,Hacienda las Margaritas,Fraccionamiento,Soledad de Graciano Sánchez,San Luis Potosí,Soledad de Graciano Sánchez,Urbano,https://postali.app/mx/san-luis-potosi/soledad-de-graciano-sanchez/hacienda-las-margaritas
78434,Hacienda San Miguel,Fraccionamiento,Soledad de Graciano Sánchez,San Luis Potosí,Soledad de Graciano Sánchez,Urbano,https://postali.app/mx/san-luis-potosi/soledad-de-graciano-sanchez/hacienda-san-miguel
78434,Hogares Populares Pavón 1a Sección,Colonia,Soledad de Graciano Sánchez,San Luis Potosí,Soledad de Graciano Sánchez,Urbano,https://postali.app/mx/san-luis-potosi/soledad-de-graciano-sanchez/hogares-populares-pavon-1a-seccion
78434,Hogares Populares Pavón 2a Sección,Colonia,Soledad de Graciano Sánchez,San Luis Potosí,Soledad de Graciano Sánchez,Urbano,https://postali.app/mx/san-luis-potosi/soledad-de-graciano-sanchez/hogares-populares-pavon-2a-seccion
78434,Hogares Populares Pavón 3a Sección,Colonia,Soledad de Graciano Sánchez,San Luis Potosí,Soledad de Graciano Sánchez,Urbano,https://postali.app/mx/san-luis-potosi/soledad-de-graciano-sanchez/hogares-populares-pavon-3a-seccion
78434,Jardín Chapultepec,Colonia,Soledad de Graciano Sánchez,San Luis Potosí,Soledad de Graciano Sánchez,Urbano,https://postali.app/mx/san-luis-potosi/soledad-de-graciano-sanchez/jardin-chapultepec
78434,Kaia Residencial,Fraccionamiento,Soledad de Graciano Sánchez,San Luis Potosí,Soledad de Graciano Sánchez,Urbano,https://postali.app/mx/san-luis-potosi/soledad-de-graciano-sanchez/kaia-residencial
78434,La Hacienda,Fraccionamiento,Soledad de Graciano Sánchez,San Luis Potosí,Soledad de Graciano Sánchez,Urbano,https://postali.app/mx/san-luis-potosi/soledad-de-graciano-sanchez/la-hacienda
78434,La Huerta,Fraccionamiento,Soledad de Graciano Sánchez,San Luis Potosí,Soledad de Graciano Sánchez,Urbano,https://postali.app/mx/san-luis-potosi/soledad-de-graciano-sanchez/la-huerta
78434,La Loma,Colonia,Soledad de Graciano Sánchez,San Luis Potosí,Soledad de Graciano Sánchez,Urbano,https://postali.app/mx/san-luis-potosi/soledad-de-graciano-sanchez/la-loma
78434,La Lomita 1a Sección,Colonia,Soledad de Graciano Sánchez,San Luis Potosí,Soledad de Graciano Sánchez,Urbano,https://postali.app/mx/san-luis-potosi/soledad-de-graciano-sanchez/la-lomita-1a-seccion
78434,La Lomita 2a Sección,Colonia,Soledad de Graciano Sánchez,San Luis Potosí,Soledad de Graciano Sánchez,Urbano,https://postali.app/mx/san-luis-potosi/soledad-de-graciano-sanchez/la-lomita-2a-seccion
78434,La Lomita 3a Sección,Colonia,Soledad de Graciano Sánchez,San Luis Potosí,Soledad de Graciano Sánchez,Urbano,https://postali.app/mx/san-luis-potosi/soledad-de-graciano-sanchez/la-lomita-3a-seccion
78434,La Virgen,Fraccionamiento,Soledad de Graciano Sánchez,San Luis Potosí,Soledad de Graciano Sánchez,Urbano,https://postali.app/mx/san-luis-potosi/soledad-de-graciano-sanchez/la-virgen-78434
78434,Letto,Fraccionamiento,Soledad de Graciano Sánchez,San Luis Potosí,Soledad de Graciano Sánchez,Urbano,https://postali.app/mx/san-luis-potosi/soledad-de-graciano-sanchez/letto
78434,Los Agaves,Fraccionamiento,Soledad de Graciano Sánchez,San Luis Potosí,Soledad de Graciano Sánchez,Urbano,https://postali.app/mx/san-luis-potosi/soledad-de-graciano-sanchez/los-agaves
78434,Luné Residencial,Fraccionamiento,Soledad de Graciano Sánchez,San Luis Potosí,Soledad de Graciano Sánchez,Urbano,https://postali.app/mx/san-luis-potosi/soledad-de-graciano-sanchez/lune-residencial
78434,Mazzada Residencial,Fraccionamiento,Soledad de Graciano Sánchez,San Luis Potosí,Soledad de Graciano Sánchez,Urbano,https://postali.app/mx/san-luis-potosi/soledad-de-graciano-sanchez/mazzada-residencial
78434,Munkoa,Fraccionamiento,Soledad de Graciano Sánchez,San Luis Potosí,Soledad de Graciano Sánchez,Urbano,https://postali.app/mx/san-luis-potosi/soledad-de-graciano-sanchez/munkoa
78434,Muretto,Condominio,Soledad de Graciano Sánchez,San Luis Potosí,Soledad de Graciano Sánchez,Urbano,https://postali.app/mx/san-luis-potosi/soledad-de-graciano-sanchez/muretto
78434,Niños Héroes,Colonia,Soledad de Graciano Sánchez,San Luis Potosí,Soledad de Graciano Sánchez,Urbano,https://postali.app/mx/san-luis-potosi/soledad-de-graciano-sanchez/ninos-heroes
78434,Paseo de San Francisco,Fraccionamiento,Soledad de Graciano Sánchez,San Luis Potosí,Soledad de Graciano Sánchez,Urbano,https://postali.app/mx/san-luis-potosi/soledad-de-graciano-sanchez/paseo-de-san-francisco
78434,Privada Chapultepec,Fraccionamiento,Soledad de Graciano Sánchez,San Luis Potosí,Soledad de Graciano Sánchez,Urbano,https://postali.app/mx/san-luis-potosi/soledad-de-graciano-sanchez/privada-chapultepec
78434,Privada Iturbide,Fraccionamiento,Soledad de Graciano Sánchez,San Luis Potosí,Soledad de Graciano Sánchez,Urbano,https://postali.app/mx/san-luis-potosi/soledad-de-graciano-sanchez/privada-iturbide
78434,Privada Puerta Socorro,Fraccionamiento,Soledad de Graciano Sánchez,San Luis Potosí,Soledad de Graciano Sánchez,Urbano,https://postali.app/mx/san-luis-potosi/soledad-de-graciano-sanchez/privada-puerta-socorro
78434,Privada San Pedro,Unidad habitacional,Soledad de Graciano Sánchez,San Luis Potosí,Soledad de Graciano Sánchez,Urbano,https://postali.app/mx/san-luis-potosi/soledad-de-graciano-sanchez/privada-san-pedro
78434,Providencia,Colonia,Soledad de Graciano Sánchez,San Luis Potosí,Soledad de Graciano Sánchez,Urbano,https://postali.app/mx/san-luis-potosi/soledad-de-graciano-sanchez/providencia
78434,Rancho Pavón INFONAVIT,Unidad habitacional,Soledad de Graciano Sánchez,San Luis Potosí,Soledad de Graciano Sánchez,Urbano,https://postali.app/mx/san-luis-potosi/soledad-de-graciano-sanchez/rancho-pavon-infonavit
78434,Real Providencia,Fraccionamiento,Soledad de Graciano Sánchez,San Luis Potosí,Soledad de Graciano Sánchez,Urbano,https://postali.app/mx/san-luis-potosi/soledad-de-graciano-sanchez/real-providencia
78434,Residencial Condesa,Fraccionamiento,Soledad de Graciano Sánchez,San Luis Potosí,Soledad de Graciano Sánchez,Urbano,https://postali.app/mx/san-luis-potosi/soledad-de-graciano-sanchez/residencial-condesa
78434,Residencial Herradura,Fraccionamiento,Soledad de Graciano Sánchez,San Luis Potosí,Soledad de Graciano Sánchez,Urbano,https://postali.app/mx/san-luis-potosi/soledad-de-graciano-sanchez/residencial-herradura
78434,Residencial la Libertad,Fraccionamiento,Soledad de Graciano Sánchez,San Luis Potosí,Soledad de Graciano Sánchez,Urbano,https://postali.app/mx/san-luis-potosi/soledad-de-graciano-sanchez/residencial-la-libertad
78434,Residencial Pavón,Fraccionamiento,Soledad de Graciano Sánchez,San Luis Potosí,Soledad de Graciano Sánchez,Urbano,https://postali.app/mx/san-luis-potosi/soledad-de-graciano-sanchez/residencial-pavon
78434,Residencial Xenda,Fraccionamiento,Soledad de Graciano Sánchez,San Luis Potosí,Soledad de Graciano Sánchez,Urbano,https://postali.app/mx/san-luis-potosi/soledad-de-graciano-sanchez/residencial-xenda
78434,Rinconada Chapultepec,Fraccionamiento,Soledad de Graciano Sánchez,San Luis Potosí,Soledad de Graciano Sánchez,Urbano,https://postali.app/mx/san-luis-potosi/soledad-de-graciano-sanchez/rinconada-chapultepec
78434,Rinconada San Pedro,Fraccionamiento,Soledad de Graciano Sánchez,San Luis Potosí,Soledad de Graciano Sánchez,Urbano,https://postali.app/mx/san-luis-potosi/soledad-de-graciano-sanchez/rinconada-san-pedro
78434,San Andrés,Fraccionamiento,Soledad de Graciano Sánchez,San Luis Potosí,Soledad de Graciano Sánchez,Urbano,https://postali.app/mx/san-luis-potosi/soledad-de-graciano-sanchez/san-andres
78434,San Francisco,Colonia,Soledad de Graciano Sánchez,San Luis Potosí,Soledad de Graciano Sánchez,Urbano,https://postali.app/mx/san-luis-potosi/soledad-de-graciano-sanchez/san-francisco
78434,San Pedro INFONAVIT,Fraccionamiento,Soledad de Graciano Sánchez,San Luis Potosí,Soledad de Graciano Sánchez,Urbano,https://postali.app/mx/san-luis-potosi/soledad-de-graciano-sanchez/san-pedro-infonavit
78434,SepTum,Fraccionamiento,Soledad de Graciano Sánchez,San Luis Potosí,Soledad de Graciano Sánchez,Urbano,https://postali.app/mx/san-luis-potosi/soledad-de-graciano-sanchez/septum
78434,Spello Residencial,Fraccionamiento,Soledad de Graciano Sánchez,San Luis Potosí,Soledad de Graciano Sánchez,Urbano,https://postali.app/mx/san-luis-potosi/soledad-de-graciano-sanchez/spello-residencial
78434,Tierra y Libertad,Colonia,Soledad de Graciano Sánchez,San Luis Potosí,Soledad de Graciano Sánchez,Rural,https://postali.app/mx/san-luis-potosi/soledad-de-graciano-sanchez/tierra-y-libertad
78434,Urbana Central de Maquinaria,Colonia,Soledad de Graciano Sánchez,San Luis Potosí,Soledad de Graciano Sánchez,Urbano,https://postali.app/mx/san-luis-potosi/soledad-de-graciano-sanchez/urbana-central-de-maquinaria
78434,Valle de la Virgen,Fraccionamiento,Soledad de Graciano Sánchez,San Luis Potosí,Soledad de Graciano Sánchez,Urbano,https://postali.app/mx/san-luis-potosi/soledad-de-graciano-sanchez/valle-de-la-virgen
78434,Villa Fontana,Fraccionamiento,Soledad de Graciano Sánchez,San Luis Potosí,Soledad de Graciano Sánchez,Urbano,https://postali.app/mx/san-luis-potosi/soledad-de-graciano-sanchez/villa-fontana
78434,Villas del Morro,Fraccionamiento,Soledad de Graciano Sánchez,San Luis Potosí,Soledad de Graciano Sánchez,Urbano,https://postali.app/mx/san-luis-potosi/soledad-de-graciano-sanchez/villas-del-morro
78434,Vittanova Residencial,Fraccionamiento,Soledad de Graciano Sánchez,San Luis Potosí,Soledad de Graciano Sánchez,Urbano,https://postali.app/mx/san-luis-potosi/soledad-de-graciano-sanchez/vittanova-residencial
78434,Ziba,Fraccionamiento,Soledad de Graciano Sánchez,San Luis Potosí,Soledad de Graciano Sánchez,Urbano,https://postali.app/mx/san-luis-potosi/soledad-de-graciano-sanchez/ziba
78435,Bosques de San Francisco,Fraccionamiento,Soledad de Graciano Sánchez,San Luis Potosí,Soledad de Graciano Sánchez,Urbano,https://postali.app/mx/san-luis-potosi/soledad-de-graciano-sanchez/bosques-de-san-francisco
78435,Cerrada del Bosque,Fraccionamiento,Soledad de Graciano Sánchez,San Luis Potosí,Soledad de Graciano Sánchez,Urbano,https://postali.app/mx/san-luis-potosi/soledad-de-graciano-sanchez/cerrada-del-bosque
78435,La Hormiga,Colonia,Soledad de Graciano Sánchez,San Luis Potosí,Soledad de Graciano Sánchez,Urbano,https://postali.app/mx/san-luis-potosi/soledad-de-graciano-sanchez/la-hormiga
78435,Las Palmas,Colonia,Soledad de Graciano Sánchez,San Luis Potosí,Soledad de Graciano Sánchez,Urbano,https://postali.app/mx/san-luis-potosi/soledad-de-graciano-sanchez/las-palmas
78435,Los Puentes,Fraccionamiento,Soledad de Graciano Sánchez,San Luis Potosí,Soledad de Graciano Sánchez,Urbano,https://postali.app/mx/san-luis-potosi/soledad-de-graciano-sanchez/los-puentes
78435,Quintas de Don Roberto,Colonia,Soledad de Graciano Sánchez,San Luis Potosí,Soledad de Graciano Sánchez,Urbano,https://postali.app/mx/san-luis-potosi/soledad-de-graciano-sanchez/quintas-de-don-roberto
78435,Rinconada de las Rosas,Fraccionamiento,Soledad de Graciano Sánchez,San Luis Potosí,Soledad de Graciano Sánchez,Urbano,https://postali.app/mx/san-luis-potosi/soledad-de-graciano-sanchez/rinconada-de-las-rosas
78435,San Antonio INFONAVIT,Fraccionamiento,Soledad de Graciano Sánchez,San Luis Potosí,Soledad de Graciano Sánchez,Urbano,https://postali.app/mx/san-luis-potosi/soledad-de-graciano-sanchez/san-antonio-infonavit
78435,San Francisco,Colonia,Soledad de Graciano Sánchez,San Luis Potosí,Soledad de Graciano Sánchez,Urbano,https://postali.app/mx/san-luis-potosi/soledad-de-graciano-sanchez/san-francisco-78435
78435,Valle de San Isidro,Fraccionamiento,Soledad de Graciano Sánchez,San Luis Potosí,Soledad de Graciano Sánchez,Urbano,https://postali.app/mx/san-luis-potosi/soledad-de-graciano-sanchez/valle-de-san-isidro
78436,5o Plano de la Genovevo Rivas Guillén,Fraccionamiento,Soledad de Graciano Sánchez,San Luis Potosí,Soledad de Graciano Sánchez,Urbano,https://postali.app/mx/san-luis-potosi/soledad-de-graciano-sanchez/5o-plano-de-la-genovevo-rivas-guillen
78436,Azaleas,Colonia,Soledad de Graciano Sánchez,San Luis Potosí,Soledad de Graciano Sánchez,Urbano,https://postali.app/mx/san-luis-potosi/soledad-de-graciano-sanchez/azaleas
78436,Bugambilias,Fraccionamiento,Soledad de Graciano Sánchez,San Luis Potosí,Soledad de Graciano Sánchez,Urbano,https://postali.app/mx/san-luis-potosi/soledad-de-graciano-sanchez/bugambilias
78436,Conjunto Residencial y Plaza Santa Clara,Fraccionamiento,Soledad de Graciano Sánchez,San Luis Potosí,Soledad de Graciano Sánchez,Urbano,https://postali.app/mx/san-luis-potosi/soledad-de-graciano-sanchez/conjunto-residencial-y-plaza-santa-clara
78436,El Polvorín,Colonia,Soledad de Graciano Sánchez,San Luis Potosí,Soledad de Graciano Sánchez,Urbano,https://postali.app/mx/san-luis-potosi/soledad-de-graciano-sanchez/el-polvorin
78436,Fidel Velázquez,Colonia,Soledad de Graciano Sánchez,San Luis Potosí,Soledad de Graciano Sánchez,Urbano,https://postali.app/mx/san-luis-potosi/soledad-de-graciano-sanchez/fidel-velazquez
78436,General Genovevo Rivas Guillén,Colonia,Soledad de Graciano Sánchez,San Luis Potosí,Soledad de Graciano Sánchez,Urbano,https://postali.app/mx/san-luis-potosi/soledad-de-graciano-sanchez/general-genovevo-rivas-guillen
78436,General Genovevo Rivas Guillén Segunda Sección,Colonia,Soledad de Graciano Sánchez,San Luis Potosí,Soledad de Graciano Sánchez,Urbano,https://postali.app/mx/san-luis-potosi/soledad-de-graciano-sanchez/general-genovevo-rivas-guillen-segunda-seccion
78436,General Genovevo Rivas Guillén Tercera Sección,Colonia,Soledad de Graciano Sánchez,San Luis Potosí,Soledad de Graciano Sánchez,Urbano,https://postali.app/mx/san-luis-potosi/soledad-de-graciano-sanchez/general-genovevo-rivas-guillen-tercera-seccion
78436,Hogares Ferrocarrileros 1a Secc,Colonia,Soledad de Graciano Sánchez,San Luis Potosí,Soledad de Graciano Sánchez,Urbano,https://postali.app/mx/san-luis-potosi/soledad-de-graciano-sanchez/hogares-ferrocarrileros-1a-secc
78436,Hogares Ferrocarrileros 2a Secc,Colonia,Soledad de Graciano Sánchez,San Luis Potosí,Soledad de Graciano Sánchez,Urbano,https://postali.app/mx/san-luis-potosi/soledad-de-graciano-sanchez/hogares-ferrocarrileros-2a-secc
78436,Hogares Ferrocarrileros 3a Secc,Colonia,Soledad de Graciano Sánchez,San Luis Potosí,Soledad de Graciano Sánchez,Urbano,https://postali.app/mx/san-luis-potosi/soledad-de-graciano-sanchez/hogares-ferrocarrileros-3a-secc
78436,Insurgentes,Colonia,Soledad de Graciano Sánchez,San Luis Potosí,Soledad de Graciano Sánchez,Urbano,https://postali.app/mx/san-luis-potosi/soledad-de-graciano-sanchez/insurgentes
78436,La Rioja,Fraccionamiento,Soledad de Graciano Sánchez,San Luis Potosí,Soledad de Graciano Sánchez,Urbano,https://postali.app/mx/san-luis-potosi/soledad-de-graciano-sanchez/la-rioja
78436,La Rioja Bilbao,Fraccionamiento,Soledad de Graciano Sánchez,San Luis Potosí,Soledad de Graciano Sánchez,Urbano,https://postali.app/mx/san-luis-potosi/soledad-de-graciano-sanchez/la-rioja-bilbao
78436,Las Canteras,Colonia,Soledad de Graciano Sánchez,San Luis Potosí,Soledad de Graciano Sánchez,Urbano,https://postali.app/mx/san-luis-potosi/soledad-de-graciano-sanchez/las-canteras-78436
78436,Los Álamos,Colonia,Soledad de Graciano Sánchez,San Luis Potosí,Soledad de Graciano Sánchez,Urbano,https://postali.app/mx/san-luis-potosi/soledad-de-graciano-sanchez/los-alamos
78436,Misión de San Pedro,Colonia,Soledad de Graciano Sánchez,San Luis Potosí,Soledad de Graciano Sánchez,Urbano,https://postali.app/mx/san-luis-potosi/soledad-de-graciano-sanchez/mision-de-san-pedro
78436,Nuevo Testamento,Fraccionamiento,Soledad de Graciano Sánchez,San Luis Potosí,Soledad de Graciano Sánchez,Urbano,https://postali.app/mx/san-luis-potosi/soledad-de-graciano-sanchez/nuevo-testamento
78436,Praderas del Maurel,Colonia,Soledad de Graciano Sánchez,San Luis Potosí,Soledad de Graciano Sánchez,Urbano,https://postali.app/mx/san-luis-potosi/soledad-de-graciano-sanchez/praderas-del-maurel
78436,Puente Real,Colonia,Soledad de Graciano Sánchez,San Luis Potosí,Soledad de Graciano Sánchez,Urbano,https://postali.app/mx/san-luis-potosi/soledad-de-graciano-sanchez/puente-real
78436,Quintas Soledad,Fraccionamiento,Soledad de Graciano Sánchez,San Luis Potosí,Soledad de Graciano Sánchez,Urbano,https://postali.app/mx/san-luis-potosi/soledad-de-graciano-sanchez/quintas-soledad
78436,Rancho Blanco,Colonia,Soledad de Graciano Sánchez,San Luis Potosí,Soledad de Graciano Sánchez,Urbano,https://postali.app/mx/san-luis-potosi/soledad-de-graciano-sanchez/rancho-blanco
78436,Real del Bosque,Fraccionamiento,Soledad de Graciano Sánchez,San Luis Potosí,Soledad de Graciano Sánchez,Urbano,https://postali.app/mx/san-luis-potosi/soledad-de-graciano-sanchez/real-del-bosque
78436,San Antonio,Unidad habitacional,Soledad de Graciano Sánchez,San Luis Potosí,Soledad de Graciano Sánchez,Urbano,https://postali.app/mx/san-luis-potosi/soledad-de-graciano-sanchez/san-antonio
78436,San Francisco de Asís Norte,Fraccionamiento,Soledad de Graciano Sánchez,San Luis Potosí,Soledad de Graciano Sánchez,Urbano,https://postali.app/mx/san-luis-potosi/soledad-de-graciano-sanchez/san-francisco-de-asis-norte
78436,Villas de San Francisco,Fraccionamiento,Soledad de Graciano Sánchez,San Luis Potosí,Soledad de Graciano Sánchez,Urbano,https://postali.app/mx/san-luis-potosi/soledad-de-graciano-sanchez/villas-de-san-francisco
78436,Villas Glorieta,Fraccionamiento,Soledad de Graciano Sánchez,San Luis Potosí,Soledad de Graciano Sánchez,Urbano,https://postali.app/mx/san-luis-potosi/soledad-de-graciano-sanchez/villas-glorieta
78437,21 de Marzo,Colonia,Soledad de Graciano Sánchez,San Luis Potosí,Soledad de Graciano Sánchez,Urbano,https://postali.app/mx/san-luis-potosi/soledad-de-graciano-sanchez/21-de-marzo
78437,Benito Juárez,Colonia,Soledad de Graciano Sánchez,San Luis Potosí,Soledad de Graciano Sánchez,Urbano,https://postali.app/mx/san-luis-potosi/soledad-de-graciano-sanchez/benito-juarez
78437,El Laurel,Colonia,Soledad de Graciano Sánchez,San Luis Potosí,Soledad de Graciano Sánchez,Urbano,https://postali.app/mx/san-luis-potosi/soledad-de-graciano-sanchez/el-laurel-78437
78437,El Lavadero,Colonia,Soledad de Graciano Sánchez,San Luis Potosí,Soledad de Graciano Sánchez,Urbano,https://postali.app/mx/san-luis-potosi/soledad-de-graciano-sanchez/el-lavadero
78437,Francisco Sarabia,Colonia,Soledad de Graciano Sánchez,San Luis Potosí,Soledad de Graciano Sánchez,Urbano,https://postali.app/mx/san-luis-potosi/soledad-de-graciano-sanchez/francisco-sarabia
78437,Graciano Sánchez,Colonia,Soledad de Graciano Sánchez,San Luis Potosí,Soledad de Graciano Sánchez,Urbano,https://postali.app/mx/san-luis-potosi/soledad-de-graciano-sanchez/graciano-sanchez
78437,Jardines de Oriente,Fraccionamiento,Soledad de Graciano Sánchez,San Luis Potosí,Soledad de Graciano Sánchez,Urbano,https://postali.app/mx/san-luis-potosi/soledad-de-graciano-sanchez/jardines-de-oriente
78437,Jardines del Valle,Colonia,Soledad de Graciano Sánchez,San Luis Potosí,Soledad de Graciano Sánchez,Urbano,https://postali.app/mx/san-luis-potosi/soledad-de-graciano-sanchez/jardines-del-valle
78437,Nuevo Foresta,Fraccionamiento,Soledad de Graciano Sánchez,San Luis Potosí,Soledad de Graciano Sánchez,Urbano,https://postali.app/mx/san-luis-potosi/soledad-de-graciano-sanchez/nuevo-foresta
78437,Privada José de Gálvez,Fraccionamiento,Soledad de Graciano Sánchez,San Luis Potosí,Soledad de Graciano Sánchez,Urbano,https://postali.app/mx/san-luis-potosi/soledad-de-graciano-sanchez/privada-jose-de-galvez
78437,Reforma 2da. Sección,Colonia,Soledad de Graciano Sánchez,San Luis Potosí,Soledad de Graciano Sánchez,Urbano,https://postali.app/mx/san-luis-potosi/soledad-de-graciano-sanchez/reforma-2da-seccion
78437,San Francisco de Asís,Fraccionamiento,Soledad de Graciano Sánchez,San Luis Potosí,Soledad de Graciano Sánchez,Urbano,https://postali.app/mx/san-luis-potosi/soledad-de-graciano-sanchez/san-francisco-de-asis
78437,Santa Mónica,Fraccionamiento,Soledad de Graciano Sánchez,San Luis Potosí,Soledad de Graciano Sánchez,Urbano,https://postali.app/mx/san-luis-potosi/soledad-de-graciano-sanchez/santa-monica
78437,Unidad Militar Foresta,Fraccionamiento,Soledad de Graciano Sánchez,San Luis Potosí,Soledad de Graciano Sánchez,Urbano,https://postali.app/mx/san-luis-potosi/soledad-de-graciano-sanchez/unidad-militar-foresta
78437,Unidad Ponciano Arriaga,Colonia,Soledad de Graciano Sánchez,San Luis Potosí,Soledad de Graciano Sánchez,Urbano,https://postali.app/mx/san-luis-potosi/soledad-de-graciano-sanchez/unidad-ponciano-arriaga
78437,Unidad Ponciano Arriaga 2a Secc,Colonia,Soledad de Graciano Sánchez,San Luis Potosí,Soledad de Graciano Sánchez,Urbano,https://postali.app/mx/san-luis-potosi/soledad-de-graciano-sanchez/unidad-ponciano-arriaga-2a-secc
78437,Valle Real,Fraccionamiento,Soledad de Graciano Sánchez,San Luis Potosí,Soledad de Graciano Sánchez,Urbano,https://postali.app/mx/san-luis-potosi/soledad-de-graciano-sanchez/valle-real
78437,Villas del Potosí,Fraccionamiento,Soledad de Graciano Sánchez,San Luis Potosí,Soledad de Graciano Sánchez,Urbano,https://postali.app/mx/san-luis-potosi/soledad-de-graciano-sanchez/villas-del-potosi
78438,9 de Mayo,Colonia,Soledad de Graciano Sánchez,San Luis Potosí,Soledad de Graciano Sánchez,Rural,https://postali.app/mx/san-luis-potosi/soledad-de-graciano-sanchez/9-de-mayo
78438,Arboledas de Oriente,Fraccionamiento,Soledad de Graciano Sánchez,San Luis Potosí,Soledad de Graciano Sánchez,Urbano,https://postali.app/mx/san-luis-potosi/soledad-de-graciano-sanchez/arboledas-de-oriente
78438,Arboledas II,Fraccionamiento,Soledad de Graciano Sánchez,San Luis Potosí,Soledad de Graciano Sánchez,Urbano,https://postali.app/mx/san-luis-potosi/soledad-de-graciano-sanchez/arboledas-ii
78438,Bosque Real,Fraccionamiento,Soledad de Graciano Sánchez,San Luis Potosí,Soledad de Graciano Sánchez,Urbano,https://postali.app/mx/san-luis-potosi/soledad-de-graciano-sanchez/bosque-real
78438,Bosques de Oriente,Fraccionamiento,Soledad de Graciano Sánchez,San Luis Potosí,Soledad de Graciano Sánchez,Urbano,https://postali.app/mx/san-luis-potosi/soledad-de-graciano-sanchez/bosques-de-oriente
78438,Colinas del Bosque,Colonia,Soledad de Graciano Sánchez,San Luis Potosí,Soledad de Graciano Sánchez,Urbano,https://postali.app/mx/san-luis-potosi/soledad-de-graciano-sanchez/colinas-del-bosque
78438,Colinas del Márquez,Colonia,Soledad de Graciano Sánchez,San Luis Potosí,Soledad de Graciano Sánchez,Urbano,https://postali.app/mx/san-luis-potosi/soledad-de-graciano-sanchez/colinas-del-marquez
78438,Conjunto del Real,Fraccionamiento,Soledad de Graciano Sánchez,San Luis Potosí,Soledad de Graciano Sánchez,Urbano,https://postali.app/mx/san-luis-potosi/soledad-de-graciano-sanchez/conjunto-del-real
78438,Del Bosque,Fraccionamiento,Soledad de Graciano Sánchez,San Luis Potosí,Soledad de Graciano Sánchez,Urbano,https://postali.app/mx/san-luis-potosi/soledad-de-graciano-sanchez/del-bosque
78438,Derechos Humanos,Colonia,Soledad de Graciano Sánchez,San Luis Potosí,Soledad de Graciano Sánchez,Urbano,https://postali.app/mx/san-luis-potosi/soledad-de-graciano-sanchez/derechos-humanos
78438,El Garambullal Dos,Rancho,Soledad de Graciano Sánchez,San Luis Potosí,Soledad de Graciano Sánchez,Rural,https://postali.app/mx/san-luis-potosi/soledad-de-graciano-sanchez/el-garambullal-dos
78438,El Refugio,Fraccionamiento,Soledad de Graciano Sánchez,San Luis Potosí,Soledad de Graciano Sánchez,Urbano,https://postali.app/mx/san-luis-potosi/soledad-de-graciano-sanchez/el-refugio
78438,El Tanquesito,Colonia,Soledad de Graciano Sánchez,San Luis Potosí,Soledad de Graciano Sánchez,Urbano,https://postali.app/mx/san-luis-potosi/soledad-de-graciano-sanchez/el-tanquesito
78438,El Tucán,Fraccionamiento,Soledad de Graciano Sánchez,San Luis Potosí,Soledad de Graciano Sánchez,Urbano,https://postali.app/mx/san-luis-potosi/soledad-de-graciano-sanchez/el-tucan
78438,Emiliano Zapata,Colonia,Soledad de Graciano Sánchez,San Luis Potosí,Soledad de Graciano Sánchez,Urbano,https://postali.app/mx/san-luis-potosi/soledad-de-graciano-sanchez/emiliano-zapata
78438,Foresta,Colonia,Soledad de Graciano Sánchez,San Luis Potosí,Soledad de Graciano Sánchez,Urbano,https://postali.app/mx/san-luis-potosi/soledad-de-graciano-sanchez/foresta
78438,Genaro Vázquez,Colonia,Soledad de Graciano Sánchez,San Luis Potosí,Soledad de Graciano Sánchez,Urbano,https://postali.app/mx/san-luis-potosi/soledad-de-graciano-sanchez/genaro-vazquez
78438,Hacienda de las Cruces,Fraccionamiento,Soledad de Graciano Sánchez,San Luis Potosí,Soledad de Graciano Sánchez,Urbano,https://postali.app/mx/san-luis-potosi/soledad-de-graciano-sanchez/hacienda-de-las-cruces
78438,Hacienda de los Morales,Fraccionamiento,Soledad de Graciano Sánchez,San Luis Potosí,Soledad de Graciano Sánchez,Urbano,https://postali.app/mx/san-luis-potosi/soledad-de-graciano-sanchez/hacienda-de-los-morales
78438,Hacienda del Potrero,Fraccionamiento,Soledad de Graciano Sánchez,San Luis Potosí,Soledad de Graciano Sánchez,Urbano,https://postali.app/mx/san-luis-potosi/soledad-de-graciano-sanchez/hacienda-del-potrero
78438,Hogares Obreros,Colonia,Soledad de Graciano Sánchez,San Luis Potosí,Soledad de Graciano Sánchez,Urbano,https://postali.app/mx/san-luis-potosi/soledad-de-graciano-sanchez/hogares-obreros
78438,Jardines del Sol,Fraccionamiento,Soledad de Graciano Sánchez,San Luis Potosí,Soledad de Graciano Sánchez,Urbano,https://postali.app/mx/san-luis-potosi/soledad-de-graciano-sanchez/jardines-del-sol
78438,José Carmen Hernández Moncada,Zona comercial,Soledad de Graciano Sánchez,San Luis Potosí,Soledad de Graciano Sánchez,Rural,https://postali.app/mx/san-luis-potosi/soledad-de-graciano-sanchez/jose-carmen-hernandez-moncada
78438,La Libertad,Colonia,Soledad de Graciano Sánchez,San Luis Potosí,Soledad de Graciano Sánchez,Urbano,https://postali.app/mx/san-luis-potosi/soledad-de-graciano-sanchez/la-libertad
78438,La Sierra,Fraccionamiento,Soledad de Graciano Sánchez,San Luis Potosí,Soledad de Graciano Sánchez,Urbano,https://postali.app/mx/san-luis-potosi/soledad-de-graciano-sanchez/la-sierra
78438,Los Cactus,Fraccionamiento,Soledad de Graciano Sánchez,San Luis Potosí,Soledad de Graciano Sánchez,Urbano,https://postali.app/mx/san-luis-potosi/soledad-de-graciano-sanchez/los-cactus
78438,Los Gómez,Colonia,Soledad de Graciano Sánchez,San Luis Potosí,Soledad de Graciano Sánchez,Urbano,https://postali.app/mx/san-luis-potosi/soledad-de-graciano-sanchez/los-gomez
78438,Los Gómez,Ejido,Soledad de Graciano Sánchez,San Luis Potosí,Soledad de Graciano Sánchez,Rural,https://postali.app/mx/san-luis-potosi/soledad-de-graciano-sanchez/los-gomez-78438
78438,Los Hornos,Colonia,Soledad de Graciano Sánchez,San Luis Potosí,Soledad de Graciano Sánchez,Urbano,https://postali.app/mx/san-luis-potosi/soledad-de-graciano-sanchez/los-hornos
78438,Monte Granado,Rancho,Soledad de Graciano Sánchez,San Luis Potosí,Soledad de Graciano Sánchez,Rural,https://postali.app/mx/san-luis-potosi/soledad-de-graciano-sanchez/monte-granado
78438,Prados de Soledad,Fraccionamiento,Soledad de Graciano Sánchez,San Luis Potosí,Soledad de Graciano Sánchez,Urbano,https://postali.app/mx/san-luis-potosi/soledad-de-graciano-sanchez/prados-de-soledad
78438,Primero de Mayo,Colonia,Soledad de Graciano Sánchez,San Luis Potosí,Soledad de Graciano Sánchez,Urbano,https://postali.app/mx/san-luis-potosi/soledad-de-graciano-sanchez/primero-de-mayo
78438,Primero de Mayo 2a. Sección,Colonia,Soledad de Graciano Sánchez,San Luis Potosí,Soledad de Graciano Sánchez,Urbano,https://postali.app/mx/san-luis-potosi/soledad-de-graciano-sanchez/primero-de-mayo-2a-seccion
78438,Privada del Encanto,Fraccionamiento,Soledad de Graciano Sánchez,San Luis Potosí,Soledad de Graciano Sánchez,Urbano,https://postali.app/mx/san-luis-potosi/soledad-de-graciano-sanchez/privada-del-encanto
78438,Privada Hacienda Cocoyoc,Fraccionamiento,Soledad de Graciano Sánchez,San Luis Potosí,Soledad de Graciano Sánchez,Urbano,https://postali.app/mx/san-luis-potosi/soledad-de-graciano-sanchez/privada-hacienda-cocoyoc
78438,Privada Hacienda de San Agustín,Fraccionamiento,Soledad de Graciano Sánchez,San Luis Potosí,Soledad de Graciano Sánchez,Urbano,https://postali.app/mx/san-luis-potosi/soledad-de-graciano-sanchez/privada-hacienda-de-san-agustin
78438,Privada Hacienda Guadalupe,Fraccionamiento,Soledad de Graciano Sánchez,San Luis Potosí,Soledad de Graciano Sánchez,Urbano,https://postali.app/mx/san-luis-potosi/soledad-de-graciano-sanchez/privada-hacienda-guadalupe
78438,Privada Hacienda La Estancia,Fraccionamiento,Soledad de Graciano Sánchez,San Luis Potosí,Soledad de Graciano Sánchez,Urbano,https://postali.app/mx/san-luis-potosi/soledad-de-graciano-sanchez/privada-hacienda-la-estancia
78438,Privada Hacienda San Gabriel,Fraccionamiento,Soledad de Graciano Sánchez,San Luis Potosí,Soledad de Graciano Sánchez,Urbano,https://postali.app/mx/san-luis-potosi/soledad-de-graciano-sanchez/privada-hacienda-san-gabriel
78438,Privada Hacienda San Mateo,Fraccionamiento,Soledad de Graciano Sánchez,San Luis Potosí,Soledad de Graciano Sánchez,Urbano,https://postali.app/mx/san-luis-potosi/soledad-de-graciano-sanchez/privada-hacienda-san-mateo
78438,Privada Quinta del Sol,Fraccionamiento,Soledad de Graciano Sánchez,San Luis Potosí,Soledad de Graciano Sánchez,Urbano,https://postali.app/mx/san-luis-potosi/soledad-de-graciano-sanchez/privada-quinta-del-sol
78438,Privada Quinta El Márquez,Fraccionamiento,Soledad de Graciano Sánchez,San Luis Potosí,Soledad de Graciano Sánchez,Urbano,https://postali.app/mx/san-luis-potosi/soledad-de-graciano-sanchez/privada-quinta-el-marquez
78438,Privada San Sebastián,Fraccionamiento,Soledad de Graciano Sánchez,San Luis Potosí,Soledad de Graciano Sánchez,Urbano,https://postali.app/mx/san-luis-potosi/soledad-de-graciano-sanchez/privada-san-sebastian
78438,Privada Santa Fe,Fraccionamiento,Soledad de Graciano Sánchez,San Luis Potosí,Soledad de Graciano Sánchez,Urbano,https://postali.app/mx/san-luis-potosi/soledad-de-graciano-sanchez/privada-santa-fe
78438,Puerta del Sol,Fraccionamiento,Soledad de Graciano Sánchez,San Luis Potosí,Soledad de Graciano Sánchez,Urbano,https://postali.app/mx/san-luis-potosi/soledad-de-graciano-sanchez/puerta-del-sol
78438,Punta Diamante Residencial,Fraccionamiento,Soledad de Graciano Sánchez,San Luis Potosí,Soledad de Graciano Sánchez,Urbano,https://postali.app/mx/san-luis-potosi/soledad-de-graciano-sanchez/punta-diamante-residencial
78438,Quinta Terra,Fraccionamiento,Soledad de Graciano Sánchez,San Luis Potosí,Soledad de Graciano Sánchez,Urbano,https://postali.app/mx/san-luis-potosi/soledad-de-graciano-sanchez/quinta-terra
78438,Quintas de La Hacienda,Fraccionamiento,Soledad de Graciano Sánchez,San Luis Potosí,Soledad de Graciano Sánchez,Urbano,https://postali.app/mx/san-luis-potosi/soledad-de-graciano-sanchez/quintas-de-la-hacienda
78438,Quintas de La Hacienda 2,Fraccionamiento,Soledad de Graciano Sánchez,San Luis Potosí,Soledad de Graciano Sánchez,Urbano,https://postali.app/mx/san-luis-potosi/soledad-de-graciano-sanchez/quintas-de-la-hacienda-2
78438,Quintas de La Hacienda 3a Secc,Fraccionamiento,Soledad de Graciano Sánchez,San Luis Potosí,Soledad de Graciano Sánchez,Urbano,https://postali.app/mx/san-luis-potosi/soledad-de-graciano-sanchez/quintas-de-la-hacienda-3a-secc
78438,Quintas Valladolid,Fraccionamiento,Soledad de Graciano Sánchez,San Luis Potosí,Soledad de Graciano Sánchez,Urbano,https://postali.app/mx/san-luis-potosi/soledad-de-graciano-sanchez/quintas-valladolid
78438,Rancho Blanco,Fraccionamiento,Soledad de Graciano Sánchez,San Luis Potosí,Soledad de Graciano Sánchez,Urbano,https://postali.app/mx/san-luis-potosi/soledad-de-graciano-sanchez/rancho-blanco-78438
78438,Rancho la Libertad,Colonia,Soledad de Graciano Sánchez,San Luis Potosí,Soledad de Graciano Sánchez,Urbano,https://postali.app/mx/san-luis-potosi/soledad-de-graciano-sanchez/rancho-la-libertad
78438,Real de San Pedro,Fraccionamiento,Soledad de Graciano Sánchez,San Luis Potosí,Soledad de Graciano Sánchez,Urbano,https://postali.app/mx/san-luis-potosi/soledad-de-graciano-sanchez/real-de-san-pedro
78438,Real de San Pedro II,Fraccionamiento,Soledad de Graciano Sánchez,San Luis Potosí,Soledad de Graciano Sánchez,Urbano,https://postali.app/mx/san-luis-potosi/soledad-de-graciano-sanchez/real-de-san-pedro-ii
78438,Residencial Mayorazgo,Fraccionamiento,Soledad de Graciano Sánchez,San Luis Potosí,Soledad de Graciano Sánchez,Urbano,https://postali.app/mx/san-luis-potosi/soledad-de-graciano-sanchez/residencial-mayorazgo
78438,Rinconada B Anaya,Fraccionamiento,Soledad de Graciano Sánchez,San Luis Potosí,Soledad de Graciano Sánchez,Urbano,https://postali.app/mx/san-luis-potosi/soledad-de-graciano-sanchez/rinconada-b-anaya
78438,Rinconada de Cactus,Fraccionamiento,Soledad de Graciano Sánchez,San Luis Potosí,Soledad de Graciano Sánchez,Urbano,https://postali.app/mx/san-luis-potosi/soledad-de-graciano-sanchez/rinconada-de-cactus
78438,Rinconada de Los Hornos,Fraccionamiento,Soledad de Graciano Sánchez,San Luis Potosí,Soledad de Graciano Sánchez,Urbano,https://postali.app/mx/san-luis-potosi/soledad-de-graciano-sanchez/rinconada-de-los-hornos
78438,Rinconada del Palmar,Fraccionamiento,Soledad de Graciano Sánchez,San Luis Potosí,Soledad de Graciano Sánchez,Urbano,https://postali.app/mx/san-luis-potosi/soledad-de-graciano-sanchez/rinconada-del-palmar
78438,Rinconada del Palmar,Colonia,Soledad de Graciano Sánchez,San Luis Potosí,Soledad de Graciano Sánchez,Urbano,https://postali.app/mx/san-luis-potosi/soledad-de-graciano-sanchez/rinconada-del-palmar-78438
78438,Roberto Cervantes,Colonia,Soledad de Graciano Sánchez,San Luis Potosí,Soledad de Graciano Sánchez,Urbano,https://postali.app/mx/san-luis-potosi/soledad-de-graciano-sanchez/roberto-cervantes
78438,San Luis 1,Fraccionamiento,Soledad de Graciano Sánchez,San Luis Potosí,Soledad de Graciano Sánchez,Urbano,https://postali.app/mx/san-luis-potosi/soledad-de-graciano-sanchez/san-luis-1
78438,San Rafael,Colonia,Soledad de Graciano Sánchez,San Luis Potosí,Soledad de Graciano Sánchez,Urbano,https://postali.app/mx/san-luis-potosi/soledad-de-graciano-sanchez/san-rafael
78438,Santa Cruz,Colonia,Soledad de Graciano Sánchez,San Luis Potosí,Soledad de Graciano Sánchez,Urbano,https://postali.app/mx/san-luis-potosi/soledad-de-graciano-sanchez/santa-cruz
78438,Sierra Bonita,Fraccionamiento,Soledad de Graciano Sánchez,San Luis Potosí,Soledad de Graciano Sánchez,Urbano,https://postali.app/mx/san-luis-potosi/soledad-de-graciano-sanchez/sierra-bonita
78438,Valle de Garambullos,Fraccionamiento,Soledad de Graciano Sánchez,San Luis Potosí,Soledad de Graciano Sánchez,Urbano,https://postali.app/mx/san-luis-potosi/soledad-de-graciano-sanchez/valle-de-garambullos
78438,Valle de Las Dunas,Fraccionamiento,Soledad de Graciano Sánchez,San Luis Potosí,Soledad de Graciano Sánchez,Urbano,https://postali.app/mx/san-luis-potosi/soledad-de-graciano-sanchez/valle-de-las-dunas
78438,Valle del Agave,Fraccionamiento,Soledad de Graciano Sánchez,San Luis Potosí,Soledad de Graciano Sánchez,Urbano,https://postali.app/mx/san-luis-potosi/soledad-de-graciano-sanchez/valle-del-agave
78438,Valle del Altiplano,Fraccionamiento,Soledad de Graciano Sánchez,San Luis Potosí,Soledad de Graciano Sánchez,Urbano,https://postali.app/mx/san-luis-potosi/soledad-de-graciano-sanchez/valle-del-altiplano
78438,Valle del Altiplano 2a. Secc.,Fraccionamiento,Soledad de Graciano Sánchez,San Luis Potosí,Soledad de Graciano Sánchez,Urbano,https://postali.app/mx/san-luis-potosi/soledad-de-graciano-sanchez/valle-del-altiplano-2a-secc
78438,Valle del Cactus,Fraccionamiento,Soledad de Graciano Sánchez,San Luis Potosí,Soledad de Graciano Sánchez,Urbano,https://postali.app/mx/san-luis-potosi/soledad-de-graciano-sanchez/valle-del-cactus
78438,Valle del Huizache,Fraccionamiento,Soledad de Graciano Sánchez,San Luis Potosí,Soledad de Graciano Sánchez,Urbano,https://postali.app/mx/san-luis-potosi/soledad-de-graciano-sanchez/valle-del-huizache
78438,Valle del Maguey,Fraccionamiento,Soledad de Graciano Sánchez,San Luis Potosí,Soledad de Graciano Sánchez,Urbano,https://postali.app/mx/san-luis-potosi/soledad-de-graciano-sanchez/valle-del-maguey
78438,Villa Alborada,Colonia,Soledad de Graciano Sánchez,San Luis Potosí,Soledad de Graciano Sánchez,Urbano,https://postali.app/mx/san-luis-potosi/soledad-de-graciano-sanchez/villa-alborada
78438,Villa Jardín,Fraccionamiento,Soledad de Graciano Sánchez,San Luis Potosí,Soledad de Graciano Sánchez,Urbano,https://postali.app/mx/san-luis-potosi/soledad-de-graciano-sanchez/villa-jardin
78438,Villa Rica,Fraccionamiento,Soledad de Graciano Sánchez,San Luis Potosí,Soledad de Graciano Sánchez,Urbano,https://postali.app/mx/san-luis-potosi/soledad-de-graciano-sanchez/villa-rica
78438,Villas de Foresta,Fraccionamiento,Soledad de Graciano Sánchez,San Luis Potosí,Soledad de Graciano Sánchez,Urbano,https://postali.app/mx/san-luis-potosi/soledad-de-graciano-sanchez/villas-de-foresta
78438,Villas del Cactus,Fraccionamiento,Soledad de Graciano Sánchez,San Luis Potosí,Soledad de Graciano Sánchez,Urbano,https://postali.app/mx/san-luis-potosi/soledad-de-graciano-sanchez/villas-del-cactus
78438,Villas del Sol,Fraccionamiento,Soledad de Graciano Sánchez,San Luis Potosí,Soledad de Graciano Sánchez,Urbano,https://postali.app/mx/san-luis-potosi/soledad-de-graciano-sanchez/villas-del-sol-78438
78439,Agustina Castro,Ranchería,Soledad de Graciano Sánchez,San Luis Potosí,Soledad de Graciano Sánchez,Rural,https://postali.app/mx/san-luis-potosi/soledad-de-graciano-sanchez/agustina-castro
78439,Albino Pérez,Ranchería,Soledad de Graciano Sánchez,San Luis Potosí,Soledad de Graciano Sánchez,Rural,https://postali.app/mx/san-luis-potosi/soledad-de-graciano-sanchez/albino-perez
78439,Antonio Aguiñaga Piñón,Rancho,Soledad de Graciano Sánchez,San Luis Potosí,Soledad de Graciano Sánchez,Rural,https://postali.app/mx/san-luis-potosi/soledad-de-graciano-sanchez/antonio-aguinaga-pinon
78439,Antonio Castro Tristán,Rancho,Soledad de Graciano Sánchez,San Luis Potosí,Soledad de Graciano Sánchez,Rural,https://postali.app/mx/san-luis-potosi/soledad-de-graciano-sanchez/antonio-castro-tristan
78439,Antonio Vázquez Cuevas (Rancho los Noyola),Rancho,Soledad de Graciano Sánchez,San Luis Potosí,Soledad de Graciano Sánchez,Rural,https://postali.app/mx/san-luis-potosi/soledad-de-graciano-sanchez/antonio-vazquez-cuevas-rancho-los-noyola
78439,Barbechos de Guadalupe,Rancho,Soledad de Graciano Sánchez,San Luis Potosí,Soledad de Graciano Sánchez,Rural,https://postali.app/mx/san-luis-potosi/soledad-de-graciano-sanchez/barbechos-de-guadalupe
78439,Campo Azul,Fraccionamiento,Soledad de Graciano Sánchez,San Luis Potosí,Soledad de Graciano Sánchez,Urbano,https://postali.app/mx/san-luis-potosi/soledad-de-graciano-sanchez/campo-azul
78439,Cayetano Loredo Tenorio,Rancho,Soledad de Graciano Sánchez,San Luis Potosí,Soledad de Graciano Sánchez,Rural,https://postali.app/mx/san-luis-potosi/soledad-de-graciano-sanchez/cayetano-loredo-tenorio
78439,Contreras Rojas,Rancho,Soledad de Graciano Sánchez,San Luis Potosí,Soledad de Graciano Sánchez,Rural,https://postali.app/mx/san-luis-potosi/soledad-de-graciano-sanchez/contreras-rojas
78439,De Rinconada (Benito Buendía Álvarez),Ejido,Soledad de Graciano Sánchez,San Luis Potosí,Soledad de Graciano Sánchez,Rural,https://postali.app/mx/san-luis-potosi/soledad-de-graciano-sanchez/de-rinconada-benito-buendia-alvarez
78439,Debro,Rancho,Soledad de Graciano Sánchez,San Luis Potosí,Soledad de Graciano Sánchez,Rural,https://postali.app/mx/san-luis-potosi/soledad-de-graciano-sanchez/debro
78439,Del Potosí [Centro Recreativo y Social],Equipamiento,Soledad de Graciano Sánchez,San Luis Potosí,Soledad de Graciano Sánchez,Rural,https://postali.app/mx/san-luis-potosi/soledad-de-graciano-sanchez/del-potosi-centro-recreativo-y-social
78439,División del Norte Primera Sección,Colonia,Soledad de Graciano Sánchez,San Luis Potosí,Soledad de Graciano Sánchez,Rural,https://postali.app/mx/san-luis-potosi/soledad-de-graciano-sanchez/division-del-norte-primera-seccion
78439,División del Norte Segunda Sección,Colonia,Soledad de Graciano Sánchez,San Luis Potosí,Soledad de Graciano Sánchez,Rural,https://postali.app/mx/san-luis-potosi/soledad-de-graciano-sanchez/division-del-norte-segunda-seccion
78439,Don Jacinto,Fraccionamiento,Soledad de Graciano Sánchez,San Luis Potosí,Soledad de Graciano Sánchez,Urbano,https://postali.app/mx/san-luis-potosi/soledad-de-graciano-sanchez/don-jacinto
78439,Ejido de la Soledad,Fraccionamiento,Soledad de Graciano Sánchez,San Luis Potosí,Soledad de Graciano Sánchez,Rural,https://postali.app/mx/san-luis-potosi/soledad-de-graciano-sanchez/ejido-de-la-soledad
78439,El Arenal,Rancho,Soledad de Graciano Sánchez,San Luis Potosí,Soledad de Graciano Sánchez,Rural,https://postali.app/mx/san-luis-potosi/soledad-de-graciano-sanchez/el-arenal
78439,El Diamante (El Tízar),Rancho,Soledad de Graciano Sánchez,San Luis Potosí,Soledad de Graciano Sánchez,Rural,https://postali.app/mx/san-luis-potosi/soledad-de-graciano-sanchez/el-diamante-el-tizar
78439,El Dorado,Granja,Soledad de Graciano Sánchez,San Luis Potosí,Soledad de Graciano Sánchez,Rural,https://postali.app/mx/san-luis-potosi/soledad-de-graciano-sanchez/el-dorado
78439,El Huizache,Ranchería,Soledad de Graciano Sánchez,San Luis Potosí,Soledad de Graciano Sánchez,Rural,https://postali.app/mx/san-luis-potosi/soledad-de-graciano-sanchez/el-huizache
78439,El Mezquite [Motel],Equipamiento,Soledad de Graciano Sánchez,San Luis Potosí,Soledad de Graciano Sánchez,Rural,https://postali.app/mx/san-luis-potosi/soledad-de-graciano-sanchez/el-mezquite-motel
78439,El Nono,Rancho,Soledad de Graciano Sánchez,San Luis Potosí,Soledad de Graciano Sánchez,Rural,https://postali.app/mx/san-luis-potosi/soledad-de-graciano-sanchez/el-nono
78439,El Ocho,Rancho,Soledad de Graciano Sánchez,San Luis Potosí,Soledad de Graciano Sánchez,Rural,https://postali.app/mx/san-luis-potosi/soledad-de-graciano-sanchez/el-ocho
78439,El Olvido,Rancho,Soledad de Graciano Sánchez,San Luis Potosí,Soledad de Graciano Sánchez,Rural,https://postali.app/mx/san-luis-potosi/soledad-de-graciano-sanchez/el-olvido
78439,El Papalote,Ranchería,Soledad de Graciano Sánchez,San Luis Potosí,Soledad de Graciano Sánchez,Rural,https://postali.app/mx/san-luis-potosi/soledad-de-graciano-sanchez/el-papalote
78439,El Paraíso,Rancho,Soledad de Graciano Sánchez,San Luis Potosí,Soledad de Graciano Sánchez,Rural,https://postali.app/mx/san-luis-potosi/soledad-de-graciano-sanchez/el-paraiso
78439,El Ramillete (Parcela el Ramillete),Rancho,Soledad de Graciano Sánchez,San Luis Potosí,Soledad de Graciano Sánchez,Rural,https://postali.app/mx/san-luis-potosi/soledad-de-graciano-sanchez/el-ramillete-parcela-el-ramillete
78439,El Refugio,Ranchería,Soledad de Graciano Sánchez,San Luis Potosí,Soledad de Graciano Sánchez,Rural,https://postali.app/mx/san-luis-potosi/soledad-de-graciano-sanchez/el-refugio-78439
78439,El Veintiocho (Crucero la Tinaja),Ranchería,Soledad de Graciano Sánchez,San Luis Potosí,Soledad de Graciano Sánchez,Rural,https://postali.app/mx/san-luis-potosi/soledad-de-graciano-sanchez/el-veintiocho-crucero-la-tinaja
78439,El Vivero (Ejido Margaritas),Ranchería,Soledad de Graciano Sánchez,San Luis Potosí,Soledad de Graciano Sánchez,Rural,https://postali.app/mx/san-luis-potosi/soledad-de-graciano-sanchez/el-vivero-ejido-margaritas
78439,El Zapote,Ejido,Soledad de Graciano Sánchez,San Luis Potosí,Soledad de Graciano Sánchez,Rural,https://postali.app/mx/san-luis-potosi/soledad-de-graciano-sanchez/el-zapote-78439
78439,El Zapote (Los Olivos),Ejido,Soledad de Graciano Sánchez,San Luis Potosí,Soledad de Graciano Sánchez,Rural,https://postali.app/mx/san-luis-potosi/soledad-de-graciano-sanchez/el-zapote-los-olivos
78439,Enrique Estrada (La Concha),Colonia,Soledad de Graciano Sánchez,San Luis Potosí,Soledad de Graciano Sánchez,Rural,https://postali.app/mx/san-luis-potosi/soledad-de-graciano-sanchez/enrique-estrada-la-concha
78439,Estación Techa,Ranchería,Soledad de Graciano Sánchez,San Luis Potosí,Soledad de Graciano Sánchez,Rural,https://postali.app/mx/san-luis-potosi/soledad-de-graciano-sanchez/estacion-techa
78439,Estación Ventura,Ranchería,Soledad de Graciano Sánchez,San Luis Potosí,Soledad de Graciano Sánchez,Rural,https://postali.app/mx/san-luis-potosi/soledad-de-graciano-sanchez/estacion-ventura
78439,Eulogio Rincón,Rancho,Soledad de Graciano Sánchez,San Luis Potosí,Soledad de Graciano Sánchez,Rural,https://postali.app/mx/san-luis-potosi/soledad-de-graciano-sanchez/eulogio-rincon
78439,Eustacio Sierra Granja,Rancho,Soledad de Graciano Sánchez,San Luis Potosí,Soledad de Graciano Sánchez,Rural,https://postali.app/mx/san-luis-potosi/soledad-de-graciano-sanchez/eustacio-sierra-granja
78439,Evaristo Velázquez,Rancho,Soledad de Graciano Sánchez,San Luis Potosí,Soledad de Graciano Sánchez,Rural,https://postali.app/mx/san-luis-potosi/soledad-de-graciano-sanchez/evaristo-velazquez
78439,General Cándido Navarro (Laguna Seca),Ejido,Soledad de Graciano Sánchez,San Luis Potosí,Soledad de Graciano Sánchez,Rural,https://postali.app/mx/san-luis-potosi/soledad-de-graciano-sanchez/general-candido-navarro-laguna-seca
78439,Granja Antonio,Granja,Soledad de Graciano Sánchez,San Luis Potosí,Soledad de Graciano Sánchez,Rural,https://postali.app/mx/san-luis-potosi/soledad-de-graciano-sanchez/granja-antonio
78439,Granja José Luis Velázquez,Granja,Soledad de Graciano Sánchez,San Luis Potosí,Soledad de Graciano Sánchez,Rural,https://postali.app/mx/san-luis-potosi/soledad-de-graciano-sanchez/granja-jose-luis-velazquez
78439,Granja los Ángeles [Club de Golf],Granja,Soledad de Graciano Sánchez,San Luis Potosí,Soledad de Graciano Sánchez,Rural,https://postali.app/mx/san-luis-potosi/soledad-de-graciano-sanchez/granja-los-angeles-club-de-golf
78439,Hacienda de Pozo de Luna,Hacienda,Soledad de Graciano Sánchez,San Luis Potosí,Soledad de Graciano Sánchez,Rural,https://postali.app/mx/san-luis-potosi/soledad-de-graciano-sanchez/hacienda-de-pozo-de-luna
78439,Higinio Oviedo Cuadros,Ranchería,Soledad de Graciano Sánchez,San Luis Potosí,Soledad de Graciano Sánchez,Rural,https://postali.app/mx/san-luis-potosi/soledad-de-graciano-sanchez/higinio-oviedo-cuadros
78439,Higinio Torres Hernández,Rancho,Soledad de Graciano Sánchez,San Luis Potosí,Soledad de Graciano Sánchez,Rural,https://postali.app/mx/san-luis-potosi/soledad-de-graciano-sanchez/higinio-torres-hernandez
78439,Huerta de los Coreño,Finca,Soledad de Graciano Sánchez,San Luis Potosí,Soledad de Graciano Sánchez,Rural,https://postali.app/mx/san-luis-potosi/soledad-de-graciano-sanchez/huerta-de-los-coreno
78439,Huerta la Palapa,Barrio,Soledad de Graciano Sánchez,San Luis Potosí,Soledad de Graciano Sánchez,Rural,https://postali.app/mx/san-luis-potosi/soledad-de-graciano-sanchez/huerta-la-palapa
78439,Huerta la Victoria,Finca,Soledad de Graciano Sánchez,San Luis Potosí,Soledad de Graciano Sánchez,Rural,https://postali.app/mx/san-luis-potosi/soledad-de-graciano-sanchez/huerta-la-victoria
78439,Huerta los Gómez,Rancho,Soledad de Graciano Sánchez,San Luis Potosí,Soledad de Graciano Sánchez,Rural,https://postali.app/mx/san-luis-potosi/soledad-de-graciano-sanchez/huerta-los-gomez
78439,Huerta Velázquez,Finca,Soledad de Graciano Sánchez,San Luis Potosí,Soledad de Graciano Sánchez,Rural,https://postali.app/mx/san-luis-potosi/soledad-de-graciano-sanchez/huerta-velazquez
78439,Irineo Gallardo,Granja,Soledad de Graciano Sánchez,San Luis Potosí,Soledad de Graciano Sánchez,Rural,https://postali.app/mx/san-luis-potosi/soledad-de-graciano-sanchez/irineo-gallardo
78439,Jardines de San Pedro,Colonia,Soledad de Graciano Sánchez,San Luis Potosí,Soledad de Graciano Sánchez,Rural,https://postali.app/mx/san-luis-potosi/soledad-de-graciano-sanchez/jardines-de-san-pedro
78439,Javier Escalante,Rancho,Soledad de Graciano Sánchez,San Luis Potosí,Soledad de Graciano Sánchez,Rural,https://postali.app/mx/san-luis-potosi/soledad-de-graciano-sanchez/javier-escalante
78439,Jesús Medina Silva,Rancho,Soledad de Graciano Sánchez,San Luis Potosí,Soledad de Graciano Sánchez,Rural,https://postali.app/mx/san-luis-potosi/soledad-de-graciano-sanchez/jesus-medina-silva
78439,Joel Corpus Gaytán,Rancho,Soledad de Graciano Sánchez,San Luis Potosí,Soledad de Graciano Sánchez,Rural,https://postali.app/mx/san-luis-potosi/soledad-de-graciano-sanchez/joel-corpus-gaytan
78439,Juan Acosta Sierra (Ejido Soledad),Rancho,Soledad de Graciano Sánchez,San Luis Potosí,Soledad de Graciano Sánchez,Rural,https://postali.app/mx/san-luis-potosi/soledad-de-graciano-sanchez/juan-acosta-sierra-ejido-soledad
78439,Juana Cordero Armendárez,Rancho,Soledad de Graciano Sánchez,San Luis Potosí,Soledad de Graciano Sánchez,Rural,https://postali.app/mx/san-luis-potosi/soledad-de-graciano-sanchez/juana-cordero-armendarez
78439,Juana Uresti,Rancho,Soledad de Graciano Sánchez,San Luis Potosí,Soledad de Graciano Sánchez,Rural,https://postali.app/mx/san-luis-potosi/soledad-de-graciano-sanchez/juana-uresti
78439,Julián Loredo Guerrero (El Vapor),Rancho,Soledad de Graciano Sánchez,San Luis Potosí,Soledad de Graciano Sánchez,Rural,https://postali.app/mx/san-luis-potosi/soledad-de-graciano-sanchez/julian-loredo-guerrero-el-vapor
78439,La Cardona (Barbechos),Ranchería,Soledad de Graciano Sánchez,San Luis Potosí,Soledad de Graciano Sánchez,Rural,https://postali.app/mx/san-luis-potosi/soledad-de-graciano-sanchez/la-cardona-barbechos
78439,La Crucita,Ranchería,Soledad de Graciano Sánchez,San Luis Potosí,Soledad de Graciano Sánchez,Rural,https://postali.app/mx/san-luis-potosi/soledad-de-graciano-sanchez/la-crucita
78439,La Cruz del Siglo,Ranchería,Soledad de Graciano Sánchez,San Luis Potosí,Soledad de Graciano Sánchez,Rural,https://postali.app/mx/san-luis-potosi/soledad-de-graciano-sanchez/la-cruz-del-siglo
78439,La Cuenca (Cuenca Lechera),Ranchería,Soledad de Graciano Sánchez,San Luis Potosí,Soledad de Graciano Sánchez,Rural,https://postali.app/mx/san-luis-potosi/soledad-de-graciano-sanchez/la-cuenca-cuenca-lechera
78439,La Cuenca Lechera,Ranchería,Soledad de Graciano Sánchez,San Luis Potosí,Soledad de Graciano Sánchez,Rural,https://postali.app/mx/san-luis-potosi/soledad-de-graciano-sanchez/la-cuenca-lechera
78439,La Esmeralda,Rancho,Soledad de Graciano Sánchez,San Luis Potosí,Soledad de Graciano Sánchez,Rural,https://postali.app/mx/san-luis-potosi/soledad-de-graciano-sanchez/la-esmeralda
78439,La Ilusión,Rancho,Soledad de Graciano Sánchez,San Luis Potosí,Soledad de Graciano Sánchez,Rural,https://postali.app/mx/san-luis-potosi/soledad-de-graciano-sanchez/la-ilusion
78439,La Jaloma (La Esperanza) [Sociedad Agrícola],Rancho,Soledad de Graciano Sánchez,San Luis Potosí,Soledad de Graciano Sánchez,Rural,https://postali.app/mx/san-luis-potosi/soledad-de-graciano-sanchez/la-jaloma-la-esperanza-sociedad-agricola
78439,La Noria,Rancho,Soledad de Graciano Sánchez,San Luis Potosí,Soledad de Graciano Sánchez,Rural,https://postali.app/mx/san-luis-potosi/soledad-de-graciano-sanchez/la-noria-78439
78439,La Purísima (Fracción la Purísima),Ranchería,Soledad de Graciano Sánchez,San Luis Potosí,Soledad de Graciano Sánchez,Rural,https://postali.app/mx/san-luis-potosi/soledad-de-graciano-sanchez/la-purisima-fraccion-la-purisima
78439,La Soledad,Rancho,Soledad de Graciano Sánchez,San Luis Potosí,Soledad de Graciano Sánchez,Rural,https://postali.app/mx/san-luis-potosi/soledad-de-graciano-sanchez/la-soledad
78439,La Tinaja (Ex-Hacienda la Tinaja),Ranchería,Soledad de Graciano Sánchez,San Luis Potosí,Soledad de Graciano Sánchez,Rural,https://postali.app/mx/san-luis-potosi/soledad-de-graciano-sanchez/la-tinaja-ex-hacienda-la-tinaja
78439,La Victoria,Rancho,Soledad de Graciano Sánchez,San Luis Potosí,Soledad de Graciano Sánchez,Rural,https://postali.app/mx/san-luis-potosi/soledad-de-graciano-sanchez/la-victoria
78439,La Zorra,Rancho,Soledad de Graciano Sánchez,San Luis Potosí,Soledad de Graciano Sánchez,Rural,https://postali.app/mx/san-luis-potosi/soledad-de-graciano-sanchez/la-zorra
78439,Las Capillas,Rancho,Soledad de Graciano Sánchez,San Luis Potosí,Soledad de Graciano Sánchez,Rural,https://postali.app/mx/san-luis-potosi/soledad-de-graciano-sanchez/las-capillas-78439
78439,Las Margaritas,Ejido,Soledad de Graciano Sánchez,San Luis Potosí,Soledad de Graciano Sánchez,Rural,https://postali.app/mx/san-luis-potosi/soledad-de-graciano-sanchez/las-margaritas
78439,Las Mercedes,Ranchería,Soledad de Graciano Sánchez,San Luis Potosí,Soledad de Graciano Sánchez,Rural,https://postali.app/mx/san-luis-potosi/soledad-de-graciano-sanchez/las-mercedes
78439,Leovigildo Tello,Rancho,Soledad de Graciano Sánchez,San Luis Potosí,Soledad de Graciano Sánchez,Rural,https://postali.app/mx/san-luis-potosi/soledad-de-graciano-sanchez/leovigildo-tello
78439,Los Adobes,Rancho,Soledad de Graciano Sánchez,San Luis Potosí,Soledad de Graciano Sánchez,Rural,https://postali.app/mx/san-luis-potosi/soledad-de-graciano-sanchez/los-adobes
78439,Los Noyola,Rancho,Soledad de Graciano Sánchez,San Luis Potosí,Soledad de Graciano Sánchez,Rural,https://postali.app/mx/san-luis-potosi/soledad-de-graciano-sanchez/los-noyola
78439,Los Vázquez,Rancho,Soledad de Graciano Sánchez,San Luis Potosí,Soledad de Graciano Sánchez,Rural,https://postali.app/mx/san-luis-potosi/soledad-de-graciano-sanchez/los-vazquez
78439,Luis Gallardo,Rancho,Soledad de Graciano Sánchez,San Luis Potosí,Soledad de Graciano Sánchez,Rural,https://postali.app/mx/san-luis-potosi/soledad-de-graciano-sanchez/luis-gallardo
78439,Morales Martínez,Rancho,Soledad de Graciano Sánchez,San Luis Potosí,Soledad de Graciano Sánchez,Rural,https://postali.app/mx/san-luis-potosi/soledad-de-graciano-sanchez/morales-martinez
78439,Palma de la Cruz,Ranchería,Soledad de Graciano Sánchez,San Luis Potosí,Soledad de Graciano Sánchez,Rural,https://postali.app/mx/san-luis-potosi/soledad-de-graciano-sanchez/palma-de-la-cruz
78439,Palma de la Cruz,Ejido,Soledad de Graciano Sánchez,San Luis Potosí,Soledad de Graciano Sánchez,Rural,https://postali.app/mx/san-luis-potosi/soledad-de-graciano-sanchez/palma-de-la-cruz-78439
78439,Parcela Don Federico,Rancho,Soledad de Graciano Sánchez,San Luis Potosí,Soledad de Graciano Sánchez,Rural,https://postali.app/mx/san-luis-potosi/soledad-de-graciano-sanchez/parcela-don-federico
78439,Parcela Ejidal María Santos,Rancho,Soledad de Graciano Sánchez,San Luis Potosí,Soledad de Graciano Sánchez,Rural,https://postali.app/mx/san-luis-potosi/soledad-de-graciano-sanchez/parcela-ejidal-maria-santos
78439,Parque Industrial el Nogal,Zona industrial,Soledad de Graciano Sánchez,San Luis Potosí,Soledad de Graciano Sánchez,Rural,https://postali.app/mx/san-luis-potosi/soledad-de-graciano-sanchez/parque-industrial-el-nogal
78439,Pozo de Luna Dos (La Portada),Rancho,Soledad de Graciano Sánchez,San Luis Potosí,Soledad de Graciano Sánchez,Rural,https://postali.app/mx/san-luis-potosi/soledad-de-graciano-sanchez/pozo-de-luna-dos-la-portada
78439,Ranchito (Jesús Arias),Rancho,Soledad de Graciano Sánchez,San Luis Potosí,Soledad de Graciano Sánchez,Rural,https://postali.app/mx/san-luis-potosi/soledad-de-graciano-sanchez/ranchito-jesus-arias
78439,Rancho de Gerardo Gallego,Ranchería,Soledad de Graciano Sánchez,San Luis Potosí,Soledad de Graciano Sánchez,Rural,https://postali.app/mx/san-luis-potosi/soledad-de-graciano-sanchez/rancho-de-gerardo-gallego
78439,Rancho de la Gringa,Ranchería,Soledad de Graciano Sánchez,San Luis Potosí,Soledad de Graciano Sánchez,Rural,https://postali.app/mx/san-luis-potosi/soledad-de-graciano-sanchez/rancho-de-la-gringa
78439,Rancho Don Carmen,Ranchería,Soledad de Graciano Sánchez,San Luis Potosí,Soledad de Graciano Sánchez,Rural,https://postali.app/mx/san-luis-potosi/soledad-de-graciano-sanchez/rancho-don-carmen
78439,Rancho Juárez,Ranchería,Soledad de Graciano Sánchez,San Luis Potosí,Soledad de Graciano Sánchez,Rural,https://postali.app/mx/san-luis-potosi/soledad-de-graciano-sanchez/rancho-juarez
78439,Rancho la Esperanza,Ranchería,Soledad de Graciano Sánchez,San Luis Potosí,Soledad de Graciano Sánchez,Rural,https://postali.app/mx/san-luis-potosi/soledad-de-graciano-sanchez/rancho-la-esperanza
78439,Rancho la Esperanza (Filiberto Briseño),Ranchería,Soledad de Graciano Sánchez,San Luis Potosí,Soledad de Graciano Sánchez,Rural,https://postali.app/mx/san-luis-potosi/soledad-de-graciano-sanchez/rancho-la-esperanza-filiberto-briseno
78439,Rancho la Ilusión,Ejido,Soledad de Graciano Sánchez,San Luis Potosí,Soledad de Graciano Sánchez,Rural,https://postali.app/mx/san-luis-potosi/soledad-de-graciano-sanchez/rancho-la-ilusion
78439,Rancho las Cuatas (Santa Fe),Ranchería,Soledad de Graciano Sánchez,San Luis Potosí,Soledad de Graciano Sánchez,Rural,https://postali.app/mx/san-luis-potosi/soledad-de-graciano-sanchez/rancho-las-cuatas-santa-fe
78439,Rancho las Lomas,Ranchería,Soledad de Graciano Sánchez,San Luis Potosí,Soledad de Graciano Sánchez,Rural,https://postali.app/mx/san-luis-potosi/soledad-de-graciano-sanchez/rancho-las-lomas
78439,Rancho Loredo,Ranchería,Soledad de Graciano Sánchez,San Luis Potosí,Soledad de Graciano Sánchez,Rural,https://postali.app/mx/san-luis-potosi/soledad-de-graciano-sanchez/rancho-loredo
78439,Rancho los Buendía,Ranchería,Soledad de Graciano Sánchez,San Luis Potosí,Soledad de Graciano Sánchez,Rural,https://postali.app/mx/san-luis-potosi/soledad-de-graciano-sanchez/rancho-los-buendia
78439,Rancho los Chetes,Ranchería,Soledad de Graciano Sánchez,San Luis Potosí,Soledad de Graciano Sánchez,Rural,https://postali.app/mx/san-luis-potosi/soledad-de-graciano-sanchez/rancho-los-chetes
78439,Rancho los Mendoza,Rancho,Soledad de Graciano Sánchez,San Luis Potosí,Soledad de Graciano Sánchez,Rural,https://postali.app/mx/san-luis-potosi/soledad-de-graciano-sanchez/rancho-los-mendoza
78439,Rancho los Muchachos,Ranchería,Soledad de Graciano Sánchez,San Luis Potosí,Soledad de Graciano Sánchez,Rural,https://postali.app/mx/san-luis-potosi/soledad-de-graciano-sanchez/rancho-los-muchachos
78439,Rancho Martínez,Ranchería,Soledad de Graciano Sánchez,San Luis Potosí,Soledad de Graciano Sánchez,Rural,https://postali.app/mx/san-luis-potosi/soledad-de-graciano-sanchez/rancho-martinez
78439,Rancho Mendoza,Ranchería,Soledad de Graciano Sánchez,San Luis Potosí,Soledad de Graciano Sánchez,Rural,https://postali.app/mx/san-luis-potosi/soledad-de-graciano-sanchez/rancho-mendoza
78439,Rancho Palomo,Ranchería,Soledad de Graciano Sánchez,San Luis Potosí,Soledad de Graciano Sánchez,Rural,https://postali.app/mx/san-luis-potosi/soledad-de-graciano-sanchez/rancho-palomo
78439,Rancho Rodríguez,Ranchería,Soledad de Graciano Sánchez,San Luis Potosí,Soledad de Graciano Sánchez,Rural,https://postali.app/mx/san-luis-potosi/soledad-de-graciano-sanchez/rancho-rodriguez
78439,Rancho San Pedro,Ranchería,Soledad de Graciano Sánchez,San Luis Potosí,Soledad de Graciano Sánchez,Rural,https://postali.app/mx/san-luis-potosi/soledad-de-graciano-sanchez/rancho-san-pedro
78439,Rancho Santa Ana,Ranchería,Soledad de Graciano Sánchez,San Luis Potosí,Soledad de Graciano Sánchez,Rural,https://postali.app/mx/san-luis-potosi/soledad-de-graciano-sanchez/rancho-santa-ana
78439,Rivera Asociados [Granja Avícola],Ranchería,Soledad de Graciano Sánchez,San Luis Potosí,Soledad de Graciano Sánchez,Rural,https://postali.app/mx/san-luis-potosi/soledad-de-graciano-sanchez/rivera-asociados-granja-avicola
78439,San Andrés,Granja,Soledad de Graciano Sánchez,San Luis Potosí,Soledad de Graciano Sánchez,Rural,https://postali.app/mx/san-luis-potosi/soledad-de-graciano-sanchez/san-andres-78439
78439,San Bartolo,Rancho,Soledad de Graciano Sánchez,San Luis Potosí,Soledad de Graciano Sánchez,Rural,https://postali.app/mx/san-luis-potosi/soledad-de-graciano-sanchez/san-bartolo
78439,San Gerardo,Granja,Soledad de Graciano Sánchez,San Luis Potosí,Soledad de Graciano Sánchez,Rural,https://postali.app/mx/san-luis-potosi/soledad-de-graciano-sanchez/san-gerardo-78439
78439,San José,Granja,Soledad de Graciano Sánchez,San Luis Potosí,Soledad de Graciano Sánchez,Rural,https://postali.app/mx/san-luis-potosi/soledad-de-graciano-sanchez/san-jose-78439
78439,San José (El Tízar),Rancho,Soledad de Graciano Sánchez,San Luis Potosí,Soledad de Graciano Sánchez,Rural,https://postali.app/mx/san-luis-potosi/soledad-de-graciano-sanchez/san-jose-el-tizar
78439,San Martín,Rancho,Soledad de Graciano Sánchez,San Luis Potosí,Soledad de Graciano Sánchez,Rural,https://postali.app/mx/san-luis-potosi/soledad-de-graciano-sanchez/san-martin
78439,San Rafael,Zona industrial,Soledad de Graciano Sánchez,San Luis Potosí,Soledad de Graciano Sánchez,Rural,https://postali.app/mx/san-luis-potosi/soledad-de-graciano-sanchez/san-rafael-78439
78439,San Vicente,Rancho,Soledad de Graciano Sánchez,San Luis Potosí,Soledad de Graciano Sánchez,Rural,https://postali.app/mx/san-luis-potosi/soledad-de-graciano-sanchez/san-vicente
78439,Santana de Flores,Rancho,Soledad de Graciano Sánchez,San Luis Potosí,Soledad de Graciano Sánchez,Rural,https://postali.app/mx/san-luis-potosi/soledad-de-graciano-sanchez/santana-de-flores
78439,Santo Tomás,Rancho,Soledad de Graciano Sánchez,San Luis Potosí,Soledad de Graciano Sánchez,Rural,https://postali.app/mx/san-luis-potosi/soledad-de-graciano-sanchez/santo-tomas-78439
78439,Saucedo,Granja,Soledad de Graciano Sánchez,San Luis Potosí,Soledad de Graciano Sánchez,Rural,https://postali.app/mx/san-luis-potosi/soledad-de-graciano-sanchez/saucedo
78439,Soledad,Ejido,Soledad de Graciano Sánchez,San Luis Potosí,Soledad de Graciano Sánchez,Rural,https://postali.app/mx/san-luis-potosi/soledad-de-graciano-sanchez/soledad
78439,Soledad (Severiano Tristán Saldaña),Ranchería,Soledad de Graciano Sánchez,San Luis Potosí,Soledad de Graciano Sánchez,Rural,https://postali.app/mx/san-luis-potosi/soledad-de-graciano-sanchez/soledad-severiano-tristan-saldana
78439,Tanque el Aguaje,Rancho,Soledad de Graciano Sánchez,San Luis Potosí,Soledad de Graciano Sánchez,Rural,https://postali.app/mx/san-luis-potosi/soledad-de-graciano-sanchez/tanque-el-aguaje
78439,Triturados Pétreos de San Luis [Trituradora],Zona industrial,Soledad de Graciano Sánchez,San Luis Potosí,Soledad de Graciano Sánchez,Rural,https://postali.app/mx/san-luis-potosi/soledad-de-graciano-sanchez/triturados-petreos-de-san-luis-trituradora
78439,Valle de la Palma,Fraccionamiento,Soledad de Graciano Sánchez,San Luis Potosí,Soledad de Graciano Sánchez,Urbano,https://postali.app/mx/san-luis-potosi/soledad-de-graciano-sanchez/valle-de-la-palma
78439,Zamora,Ranchería,Soledad de Graciano Sánchez,San Luis Potosí,Soledad de Graciano Sánchez,Rural,https://postali.app/mx/san-luis-potosi/soledad-de-graciano-sanchez/zamora
78439,Zona de Riego Valle de San Francisco,Ejido,Soledad de Graciano Sánchez,San Luis Potosí,Soledad de Graciano Sánchez,Rural,https://postali.app/mx/san-luis-potosi/soledad-de-graciano-sanchez/zona-de-riego-valle-de-san-francisco
78440,Cerro de San Pedro,Pueblo,Cerro de San Pedro,San Luis Potosí,,Urbano,https://postali.app/mx/san-luis-potosi/cerro-de-san-pedro/cerro-de-san-pedro
78443,Jesús María,Ranchería,Cerro de San Pedro,San Luis Potosí,,Rural,https://postali.app/mx/san-luis-potosi/cerro-de-san-pedro/jesus-maria
78444,Monte Caldera,Ranchería,Cerro de San Pedro,San Luis Potosí,,Rural,https://postali.app/mx/san-luis-potosi/cerro-de-san-pedro/monte-caldera
78445,Cuesta de Campa,Ejido,Cerro de San Pedro,San Luis Potosí,,Rural,https://postali.app/mx/san-luis-potosi/cerro-de-san-pedro/cuesta-de-campa
78446,Calderón,Rancho,Cerro de San Pedro,San Luis Potosí,,Rural,https://postali.app/mx/san-luis-potosi/cerro-de-san-pedro/calderon
78446,Divisadero,Rancho,Cerro de San Pedro,San Luis Potosí,,Rural,https://postali.app/mx/san-luis-potosi/cerro-de-san-pedro/divisadero
78446,El Tecolote,Ranchería,Cerro de San Pedro,San Luis Potosí,,Rural,https://postali.app/mx/san-luis-potosi/cerro-de-san-pedro/el-tecolote
78447,Joyita de la Cruz,Colonia,Cerro de San Pedro,San Luis Potosí,,Rural,https://postali.app/mx/san-luis-potosi/cerro-de-san-pedro/joyita-de-la-cruz
78447,La Sabanilla (Portezuelo),Ranchería,Cerro de San Pedro,San Luis Potosí,,Rural,https://postali.app/mx/san-luis-potosi/cerro-de-san-pedro/la-sabanilla-portezuelo
78447,Nueva Zapatilla,Colonia,Cerro de San Pedro,San Luis Potosí,,Rural,https://postali.app/mx/san-luis-potosi/cerro-de-san-pedro/nueva-zapatilla
78447,Portezuelo,Ranchería,Cerro de San Pedro,San Luis Potosí,,Rural,https://postali.app/mx/san-luis-potosi/cerro-de-san-pedro/portezuelo
78448,Granjas de la Florida,Colonia,Cerro de San Pedro,San Luis Potosí,,Rural,https://postali.app/mx/san-luis-potosi/cerro-de-san-pedro/granjas-de-la-florida
78448,Granjas de San Francisco,Colonia,Cerro de San Pedro,San Luis Potosí,,Rural,https://postali.app/mx/san-luis-potosi/cerro-de-san-pedro/granjas-de-san-francisco
78448,Granjas de San Pedro,Colonia,Cerro de San Pedro,San Luis Potosí,,Rural,https://postali.app/mx/san-luis-potosi/cerro-de-san-pedro/granjas-de-san-pedro
78448,Los Gómez Lado Oriente,Colonia,Cerro de San Pedro,San Luis Potosí,,Rural,https://postali.app/mx/san-luis-potosi/cerro-de-san-pedro/los-gomez-lado-oriente
78448,Nuevo Amanecer,Colonia,Cerro de San Pedro,San Luis Potosí,,Rural,https://postali.app/mx/san-luis-potosi/cerro-de-san-pedro/nuevo-amanecer
78448,Planta del Carmen (El Ocho),Ejido,Cerro de San Pedro,San Luis Potosí,,Rural,https://postali.app/mx/san-luis-potosi/cerro-de-san-pedro/planta-del-carmen-el-ocho
78448,Real del Potosí,Colonia,Cerro de San Pedro,San Luis Potosí,,Rural,https://postali.app/mx/san-luis-potosi/cerro-de-san-pedro/real-del-potosi
78450,Ahualulco del Sonido 13 Centro,Pueblo,Ahualulco del Sonido 13,San Luis Potosí,,Urbano,https://postali.app/mx/san-luis-potosi/ahualulco-del-sonido-13/ahualulco-del-sonido-13-centro
78450,Julián Carrillo,Colonia,Ahualulco del Sonido 13,San Luis Potosí,,Urbano,https://postali.app/mx/san-luis-potosi/ahualulco-del-sonido-13/julian-carrillo
78450,Lomas de la Soledad,Colonia,Ahualulco del Sonido 13,San Luis Potosí,,Rural,https://postali.app/mx/san-luis-potosi/ahualulco-del-sonido-13/lomas-de-la-soledad
78450,Los Magueyes,Colonia,Ahualulco del Sonido 13,San Luis Potosí,,Urbano,https://postali.app/mx/san-luis-potosi/ahualulco-del-sonido-13/los-magueyes
78453,Arroyo Blanco,Ranchería,Ahualulco del Sonido 13,San Luis Potosí,,Rural,https://postali.app/mx/san-luis-potosi/ahualulco-del-sonido-13/arroyo-blanco
78453,Casita Blanca,Rancho,Ahualulco del Sonido 13,San Luis Potosí,,Rural,https://postali.app/mx/san-luis-potosi/ahualulco-del-sonido-13/casita-blanca
78453,El Epazote,Ejido,Ahualulco del Sonido 13,San Luis Potosí,,Rural,https://postali.app/mx/san-luis-potosi/ahualulco-del-sonido-13/el-epazote
78453,El Novillo,Ejido,Ahualulco del Sonido 13,San Luis Potosí,,Rural,https://postali.app/mx/san-luis-potosi/ahualulco-del-sonido-13/el-novillo
78453,El Pastillo,Ranchería,Ahualulco del Sonido 13,San Luis Potosí,,Rural,https://postali.app/mx/san-luis-potosi/ahualulco-del-sonido-13/el-pastillo
78453,El Saucito,Ejido,Ahualulco del Sonido 13,San Luis Potosí,,Rural,https://postali.app/mx/san-luis-potosi/ahualulco-del-sonido-13/el-saucito
78453,El Soldadillo,Ejido,Ahualulco del Sonido 13,San Luis Potosí,,Rural,https://postali.app/mx/san-luis-potosi/ahualulco-del-sonido-13/el-soldadillo
78453,El Tepozán,Ejido,Ahualulco del Sonido 13,San Luis Potosí,,Rural,https://postali.app/mx/san-luis-potosi/ahualulco-del-sonido-13/el-tepozan
78453,El Tulillo,Ranchería,Ahualulco del Sonido 13,San Luis Potosí,,Rural,https://postali.app/mx/san-luis-potosi/ahualulco-del-sonido-13/el-tulillo
78453,El Tulillo (San Nicolás),Ejido,Ahualulco del Sonido 13,San Luis Potosí,,Rural,https://postali.app/mx/san-luis-potosi/ahualulco-del-sonido-13/el-tulillo-san-nicolas
78453,La Palma,Ranchería,Ahualulco del Sonido 13,San Luis Potosí,,Rural,https://postali.app/mx/san-luis-potosi/ahualulco-del-sonido-13/la-palma
78453,La Trinidad,Ranchería,Ahualulco del Sonido 13,San Luis Potosí,,Rural,https://postali.app/mx/san-luis-potosi/ahualulco-del-sonido-13/la-trinidad
78453,Loma del Becerro,Ranchería,Ahualulco del Sonido 13,San Luis Potosí,,Rural,https://postali.app/mx/san-luis-potosi/ahualulco-del-sonido-13/loma-del-becerro
78453,Los Cerritos,Ranchería,Ahualulco del Sonido 13,San Luis Potosí,,Rural,https://postali.app/mx/san-luis-potosi/ahualulco-del-sonido-13/los-cerritos
78453,Paredes,Rancho,Ahualulco del Sonido 13,San Luis Potosí,,Rural,https://postali.app/mx/san-luis-potosi/ahualulco-del-sonido-13/paredes
78453,Potrerillos,Rancho,Ahualulco del Sonido 13,San Luis Potosí,,Rural,https://postali.app/mx/san-luis-potosi/ahualulco-del-sonido-13/potrerillos
78453,Potrero Agua Bendita,Rancho,Ahualulco del Sonido 13,San Luis Potosí,,Rural,https://postali.app/mx/san-luis-potosi/ahualulco-del-sonido-13/potrero-agua-bendita
78453,San Francisco de los Chávez (Potrerillos),Ejido,Ahualulco del Sonido 13,San Luis Potosí,,Rural,https://postali.app/mx/san-luis-potosi/ahualulco-del-sonido-13/san-francisco-de-los-chavez-potrerillos
78453,San José,Ejido,Ahualulco del Sonido 13,San Luis Potosí,,Rural,https://postali.app/mx/san-luis-potosi/ahualulco-del-sonido-13/san-jose
78453,San Juan de la Hija,Ejido,Ahualulco del Sonido 13,San Luis Potosí,,Rural,https://postali.app/mx/san-luis-potosi/ahualulco-del-sonido-13/san-juan-de-la-hija
78453,Tomates,Rancho,Ahualulco del Sonido 13,San Luis Potosí,,Rural,https://postali.app/mx/san-luis-potosi/ahualulco-del-sonido-13/tomates
78454,Alegre,Rancho,Ahualulco del Sonido 13,San Luis Potosí,,Rural,https://postali.app/mx/san-luis-potosi/ahualulco-del-sonido-13/alegre
78454,Cieneguita (Cieneguilla),Rancho,Ahualulco del Sonido 13,San Luis Potosí,,Rural,https://postali.app/mx/san-luis-potosi/ahualulco-del-sonido-13/cieneguita-cieneguilla
78454,El Aguaje,Ejido,Ahualulco del Sonido 13,San Luis Potosí,,Rural,https://postali.app/mx/san-luis-potosi/ahualulco-del-sonido-13/el-aguaje
78454,El Mezquite,Ejido,Ahualulco del Sonido 13,San Luis Potosí,,Rural,https://postali.app/mx/san-luis-potosi/ahualulco-del-sonido-13/el-mezquite
78454,El Paso de la Aguja,Ejido,Ahualulco del Sonido 13,San Luis Potosí,,Rural,https://postali.app/mx/san-luis-potosi/ahualulco-del-sonido-13/el-paso-de-la-aguja
78454,Estación Ipiña,Paraje,Ahualulco del Sonido 13,San Luis Potosí,,Rural,https://postali.app/mx/san-luis-potosi/ahualulco-del-sonido-13/estacion-ipina
78454,Francisco Guevara Sifuentes,Rancho,Ahualulco del Sonido 13,San Luis Potosí,,Rural,https://postali.app/mx/san-luis-potosi/ahualulco-del-sonido-13/francisco-guevara-sifuentes
78454,La Candelaria,Rancho,Ahualulco del Sonido 13,San Luis Potosí,,Rural,https://postali.app/mx/san-luis-potosi/ahualulco-del-sonido-13/la-candelaria
78454,La Cañada de la Cruz,Rancho,Ahualulco del Sonido 13,San Luis Potosí,,Rural,https://postali.app/mx/san-luis-potosi/ahualulco-del-sonido-13/la-canada-de-la-cruz
78454,La Encarnación,Ejido,Ahualulco del Sonido 13,San Luis Potosí,,Rural,https://postali.app/mx/san-luis-potosi/ahualulco-del-sonido-13/la-encarnacion
78454,La Pila,Ranchería,Ahualulco del Sonido 13,San Luis Potosí,,Rural,https://postali.app/mx/san-luis-potosi/ahualulco-del-sonido-13/la-pila
78454,Las Enramadas,Ranchería,Ahualulco del Sonido 13,San Luis Potosí,,Rural,https://postali.app/mx/san-luis-potosi/ahualulco-del-sonido-13/las-enramadas
78454,Las Pilas,Ranchería,Ahualulco del Sonido 13,San Luis Potosí,,Rural,https://postali.app/mx/san-luis-potosi/ahualulco-del-sonido-13/las-pilas
78454,Los Llanitos,Ranchería,Ahualulco del Sonido 13,San Luis Potosí,,Rural,https://postali.app/mx/san-luis-potosi/ahualulco-del-sonido-13/los-llanitos
78454,Majada Alta,Ranchería,Ahualulco del Sonido 13,San Luis Potosí,,Rural,https://postali.app/mx/san-luis-potosi/ahualulco-del-sonido-13/majada-alta
78454,Milpillas,Rancho,Ahualulco del Sonido 13,San Luis Potosí,,Rural,https://postali.app/mx/san-luis-potosi/ahualulco-del-sonido-13/milpillas
78454,Nopales Altos,Rancho,Ahualulco del Sonido 13,San Luis Potosí,,Rural,https://postali.app/mx/san-luis-potosi/ahualulco-del-sonido-13/nopales-altos
78454,Ojo de Agua del Llano,Rancho,Ahualulco del Sonido 13,San Luis Potosí,,Rural,https://postali.app/mx/san-luis-potosi/ahualulco-del-sonido-13/ojo-de-agua-del-llano
78454,Puerto de Duques,Rancho,Ahualulco del Sonido 13,San Luis Potosí,,Rural,https://postali.app/mx/san-luis-potosi/ahualulco-del-sonido-13/puerto-de-duques
78455,Cañada Grande,Ranchería,Ahualulco del Sonido 13,San Luis Potosí,,Rural,https://postali.app/mx/san-luis-potosi/ahualulco-del-sonido-13/canada-grande
78455,Cañada Grande (El Bosque),Ejido,Ahualulco del Sonido 13,San Luis Potosí,,Rural,https://postali.app/mx/san-luis-potosi/ahualulco-del-sonido-13/canada-grande-el-bosque
78455,Cañón de Yerbabuena,Rancho,Ahualulco del Sonido 13,San Luis Potosí,,Rural,https://postali.app/mx/san-luis-potosi/ahualulco-del-sonido-13/canon-de-yerbabuena
78455,De la Cruz,Colonia,Ahualulco del Sonido 13,San Luis Potosí,,Rural,https://postali.app/mx/san-luis-potosi/ahualulco-del-sonido-13/de-la-cruz
78455,Del Centro,Ejido,Ahualulco del Sonido 13,San Luis Potosí,,Rural,https://postali.app/mx/san-luis-potosi/ahualulco-del-sonido-13/del-centro
78455,El Salitre,Ejido,Ahualulco del Sonido 13,San Luis Potosí,,Rural,https://postali.app/mx/san-luis-potosi/ahualulco-del-sonido-13/el-salitre
78455,El Salto,Ejido,Ahualulco del Sonido 13,San Luis Potosí,,Rural,https://postali.app/mx/san-luis-potosi/ahualulco-del-sonido-13/el-salto
78455,El Zapote (Cerrito Blanco),Ejido,Ahualulco del Sonido 13,San Luis Potosí,,Rural,https://postali.app/mx/san-luis-potosi/ahualulco-del-sonido-13/el-zapote-cerrito-blanco
78455,La Soledad,Ranchería,Ahualulco del Sonido 13,San Luis Potosí,,Rural,https://postali.app/mx/san-luis-potosi/ahualulco-del-sonido-13/la-soledad
78455,Los Árboles (Colonia de la Cruz),Ranchería,Ahualulco del Sonido 13,San Luis Potosí,,Rural,https://postali.app/mx/san-luis-potosi/ahualulco-del-sonido-13/los-arboles-colonia-de-la-cruz
78455,Rincón de Yerbabuena,Ranchería,Ahualulco del Sonido 13,San Luis Potosí,,Rural,https://postali.app/mx/san-luis-potosi/ahualulco-del-sonido-13/rincon-de-yerbabuena
78455,San Antonio Ojo de Agua,Ranchería,Ahualulco del Sonido 13,San Luis Potosí,,Rural,https://postali.app/mx/san-luis-potosi/ahualulco-del-sonido-13/san-antonio-ojo-de-agua
78455,San Salvador,Ranchería,Ahualulco del Sonido 13,San Luis Potosí,,Rural,https://postali.app/mx/san-luis-potosi/ahualulco-del-sonido-13/san-salvador
78455,Tanque Cañón del Puerto,Rancho,Ahualulco del Sonido 13,San Luis Potosí,,Rural,https://postali.app/mx/san-luis-potosi/ahualulco-del-sonido-13/tanque-canon-del-puerto
78455,Tanque el Puerto,Rancho,Ahualulco del Sonido 13,San Luis Potosí,,Rural,https://postali.app/mx/san-luis-potosi/ahualulco-del-sonido-13/tanque-el-puerto
78455,Tierra Prieta,Rancho,Ahualulco del Sonido 13,San Luis Potosí,,Rural,https://postali.app/mx/san-luis-potosi/ahualulco-del-sonido-13/tierra-prieta
78455,Tinaja,Ranchería,Ahualulco del Sonido 13,San Luis Potosí,,Rural,https://postali.app/mx/san-luis-potosi/ahualulco-del-sonido-13/tinaja
78455,Yerbabuena,Ranchería,Ahualulco del Sonido 13,San Luis Potosí,,Rural,https://postali.app/mx/san-luis-potosi/ahualulco-del-sonido-13/yerbabuena
78456,Arenal de Morelos,Zona federal,Ahualulco del Sonido 13,San Luis Potosí,,Rural,https://postali.app/mx/san-luis-potosi/ahualulco-del-sonido-13/arenal-de-morelos
78456,Cerrito de Rojas,Ejido,Ahualulco del Sonido 13,San Luis Potosí,,Rural,https://postali.app/mx/san-luis-potosi/ahualulco-del-sonido-13/cerrito-de-rojas
78456,Cochinillas,Ranchería,Ahualulco del Sonido 13,San Luis Potosí,,Rural,https://postali.app/mx/san-luis-potosi/ahualulco-del-sonido-13/cochinillas
78456,Coyotillos,Ranchería,Ahualulco del Sonido 13,San Luis Potosí,,Rural,https://postali.app/mx/san-luis-potosi/ahualulco-del-sonido-13/coyotillos
78456,El Temazcal,Ranchería,Ahualulco del Sonido 13,San Luis Potosí,,Rural,https://postali.app/mx/san-luis-potosi/ahualulco-del-sonido-13/el-temazcal
78456,El Zapatero,Ranchería,Ahualulco del Sonido 13,San Luis Potosí,,Rural,https://postali.app/mx/san-luis-potosi/ahualulco-del-sonido-13/el-zapatero
78456,Estancia del Arenal (Arenal Viejo),Ranchería,Ahualulco del Sonido 13,San Luis Potosí,,Rural,https://postali.app/mx/san-luis-potosi/ahualulco-del-sonido-13/estancia-del-arenal-arenal-viejo
78456,La Higuera,Ranchería,Ahualulco del Sonido 13,San Luis Potosí,,Rural,https://postali.app/mx/san-luis-potosi/ahualulco-del-sonido-13/la-higuera
78456,La Mesa,Ranchería,Ahualulco del Sonido 13,San Luis Potosí,,Rural,https://postali.app/mx/san-luis-potosi/ahualulco-del-sonido-13/la-mesa
78456,Las Taponas,Ranchería,Ahualulco del Sonido 13,San Luis Potosí,,Rural,https://postali.app/mx/san-luis-potosi/ahualulco-del-sonido-13/las-taponas
78456,Pedregal,Ranchería,Ahualulco del Sonido 13,San Luis Potosí,,Rural,https://postali.app/mx/san-luis-potosi/ahualulco-del-sonido-13/pedregal
78456,Puente Mina Blanca,Rancho,Ahualulco del Sonido 13,San Luis Potosí,,Rural,https://postali.app/mx/san-luis-potosi/ahualulco-del-sonido-13/puente-mina-blanca
78456,San Juan (San Juan de Coyotillos),Colonia,Ahualulco del Sonido 13,San Luis Potosí,,Rural,https://postali.app/mx/san-luis-potosi/ahualulco-del-sonido-13/san-juan-san-juan-de-coyotillos
78456,Santa Petronilas,Ranchería,Ahualulco del Sonido 13,San Luis Potosí,,Rural,https://postali.app/mx/san-luis-potosi/ahualulco-del-sonido-13/santa-petronilas
78456,Santa Teresa,Ejido,Ahualulco del Sonido 13,San Luis Potosí,,Rural,https://postali.app/mx/san-luis-potosi/ahualulco-del-sonido-13/santa-teresa
78457,Barrancas,Ranchería,Ahualulco del Sonido 13,San Luis Potosí,,Rural,https://postali.app/mx/san-luis-potosi/ahualulco-del-sonido-13/barrancas
78457,Cerro Blanco,Ranchería,Ahualulco del Sonido 13,San Luis Potosí,,Rural,https://postali.app/mx/san-luis-potosi/ahualulco-del-sonido-13/cerro-blanco
78457,Clavellinas,Rancho,Ahualulco del Sonido 13,San Luis Potosí,,Rural,https://postali.app/mx/san-luis-potosi/ahualulco-del-sonido-13/clavellinas
78457,El Durazno,Ejido,Ahualulco del Sonido 13,San Luis Potosí,,Rural,https://postali.app/mx/san-luis-potosi/ahualulco-del-sonido-13/el-durazno
78457,El Garabatillal,Ejido,Ahualulco del Sonido 13,San Luis Potosí,,Rural,https://postali.app/mx/san-luis-potosi/ahualulco-del-sonido-13/el-garabatillal
78457,El Pachoncito,Rancho,Ahualulco del Sonido 13,San Luis Potosí,,Rural,https://postali.app/mx/san-luis-potosi/ahualulco-del-sonido-13/el-pachoncito
78457,El Rosal,Ejido,Ahualulco del Sonido 13,San Luis Potosí,,Rural,https://postali.app/mx/san-luis-potosi/ahualulco-del-sonido-13/el-rosal
78457,La Crucita,Rancho,Ahualulco del Sonido 13,San Luis Potosí,,Rural,https://postali.app/mx/san-luis-potosi/ahualulco-del-sonido-13/la-crucita
78457,La Mezclita,Ranchería,Ahualulco del Sonido 13,San Luis Potosí,,Rural,https://postali.app/mx/san-luis-potosi/ahualulco-del-sonido-13/la-mezclita
78457,La Parada,Ranchería,Ahualulco del Sonido 13,San Luis Potosí,,Rural,https://postali.app/mx/san-luis-potosi/ahualulco-del-sonido-13/la-parada
78457,Las Mangas,Ranchería,Ahualulco del Sonido 13,San Luis Potosí,,Rural,https://postali.app/mx/san-luis-potosi/ahualulco-del-sonido-13/las-mangas
78457,Mina Blanca,Rancho,Ahualulco del Sonido 13,San Luis Potosí,,Rural,https://postali.app/mx/san-luis-potosi/ahualulco-del-sonido-13/mina-blanca
78457,Paso Bonito,Ejido,Ahualulco del Sonido 13,San Luis Potosí,,Rural,https://postali.app/mx/san-luis-potosi/ahualulco-del-sonido-13/paso-bonito
78457,Rancho de la Cruz,Ranchería,Ahualulco del Sonido 13,San Luis Potosí,,Rural,https://postali.app/mx/san-luis-potosi/ahualulco-del-sonido-13/rancho-de-la-cruz
78457,Rancho Viejo,Ranchería,Ahualulco del Sonido 13,San Luis Potosí,,Rural,https://postali.app/mx/san-luis-potosi/ahualulco-del-sonido-13/rancho-viejo
78457,San Ignacio,Ejido,Ahualulco del Sonido 13,San Luis Potosí,,Rural,https://postali.app/mx/san-luis-potosi/ahualulco-del-sonido-13/san-ignacio
78460,Emiliano Zapata (El Chamizal),Colonia,Mexquitic de Carmona,San Luis Potosí,,Rural,https://postali.app/mx/san-luis-potosi/mexquitic-de-carmona/emiliano-zapata-el-chamizal
78460,Guadalupes,Colonia,Mexquitic de Carmona,San Luis Potosí,,Rural,https://postali.app/mx/san-luis-potosi/mexquitic-de-carmona/guadalupes
78460,La Jacoba,Ranchería,Mexquitic de Carmona,San Luis Potosí,,Rural,https://postali.app/mx/san-luis-potosi/mexquitic-de-carmona/la-jacoba
78460,Las Mangas Dos,Ranchería,Mexquitic de Carmona,San Luis Potosí,,Rural,https://postali.app/mx/san-luis-potosi/mexquitic-de-carmona/las-mangas-dos
78460,Puerta de Tinajuela,Ranchería,Mexquitic de Carmona,San Luis Potosí,,Rural,https://postali.app/mx/san-luis-potosi/mexquitic-de-carmona/puerta-de-tinajuela
78460,San Francisco (Lomas de San Francisco),Ejido,Mexquitic de Carmona,San Luis Potosí,,Rural,https://postali.app/mx/san-luis-potosi/mexquitic-de-carmona/san-francisco-lomas-de-san-francisco
78460,Tanque Grande (Las Mesas),Ranchería,Mexquitic de Carmona,San Luis Potosí,,Rural,https://postali.app/mx/san-luis-potosi/mexquitic-de-carmona/tanque-grande-las-mesas
78460,Tanque las Tortugas,Ranchería,Mexquitic de Carmona,San Luis Potosí,,Rural,https://postali.app/mx/san-luis-potosi/mexquitic-de-carmona/tanque-las-tortugas
78460,Valle Umbroso,Ejido,Mexquitic de Carmona,San Luis Potosí,,Rural,https://postali.app/mx/san-luis-potosi/mexquitic-de-carmona/valle-umbroso
78463,Cañada Grande,Ranchería,Mexquitic de Carmona,San Luis Potosí,,Rural,https://postali.app/mx/san-luis-potosi/mexquitic-de-carmona/canada-grande
78463,Huizachillos,Ranchería,Mexquitic de Carmona,San Luis Potosí,,Rural,https://postali.app/mx/san-luis-potosi/mexquitic-de-carmona/huizachillos
78463,La Cuenca,Ranchería,Mexquitic de Carmona,San Luis Potosí,,Rural,https://postali.app/mx/san-luis-potosi/mexquitic-de-carmona/la-cuenca
78463,Los Rodríguez (Potrero el Chaparral),Ejido,Mexquitic de Carmona,San Luis Potosí,,Rural,https://postali.app/mx/san-luis-potosi/mexquitic-de-carmona/los-rodriguez-potrero-el-chaparral
78463,Progreso,Colonia,Mexquitic de Carmona,San Luis Potosí,,Rural,https://postali.app/mx/san-luis-potosi/mexquitic-de-carmona/progreso
78463,Puerto de Providencia,Ranchería,Mexquitic de Carmona,San Luis Potosí,,Rural,https://postali.app/mx/san-luis-potosi/mexquitic-de-carmona/puerto-de-providencia
78463,San Pedro Ojo Zarco,Ranchería,Mexquitic de Carmona,San Luis Potosí,,Rural,https://postali.app/mx/san-luis-potosi/mexquitic-de-carmona/san-pedro-ojo-zarco
78463,San Salvador,Ranchería,Mexquitic de Carmona,San Luis Potosí,,Rural,https://postali.app/mx/san-luis-potosi/mexquitic-de-carmona/san-salvador
78464,Buenavista,Ranchería,Mexquitic de Carmona,San Luis Potosí,,Rural,https://postali.app/mx/san-luis-potosi/mexquitic-de-carmona/buenavista
78464,De Moras,Ejido,Mexquitic de Carmona,San Luis Potosí,,Rural,https://postali.app/mx/san-luis-potosi/mexquitic-de-carmona/de-moras
78464,El Tepozán,Ranchería,Mexquitic de Carmona,San Luis Potosí,,Rural,https://postali.app/mx/san-luis-potosi/mexquitic-de-carmona/el-tepozan
78464,Fracción Ojo de Pinto,Ranchería,Mexquitic de Carmona,San Luis Potosí,,Rural,https://postali.app/mx/san-luis-potosi/mexquitic-de-carmona/fraccion-ojo-de-pinto
78464,Jacalillos,Ranchería,Mexquitic de Carmona,San Luis Potosí,,Rural,https://postali.app/mx/san-luis-potosi/mexquitic-de-carmona/jacalillos
78464,La Cabra,Ranchería,Mexquitic de Carmona,San Luis Potosí,,Rural,https://postali.app/mx/san-luis-potosi/mexquitic-de-carmona/la-cabra
78464,Lechuguillas,Ranchería,Mexquitic de Carmona,San Luis Potosí,,Rural,https://postali.app/mx/san-luis-potosi/mexquitic-de-carmona/lechuguillas
78464,Los Pérez,Ranchería,Mexquitic de Carmona,San Luis Potosí,,Rural,https://postali.app/mx/san-luis-potosi/mexquitic-de-carmona/los-perez
78464,Los Rodríguez,Ranchería,Mexquitic de Carmona,San Luis Potosí,,Rural,https://postali.app/mx/san-luis-potosi/mexquitic-de-carmona/los-rodriguez
78464,Los Rojas,Ranchería,Mexquitic de Carmona,San Luis Potosí,,Rural,https://postali.app/mx/san-luis-potosi/mexquitic-de-carmona/los-rojas
78464,Los Uribe,Ranchería,Mexquitic de Carmona,San Luis Potosí,,Rural,https://postali.app/mx/san-luis-potosi/mexquitic-de-carmona/los-uribe
78464,Los Vanegas,Ranchería,Mexquitic de Carmona,San Luis Potosí,,Rural,https://postali.app/mx/san-luis-potosi/mexquitic-de-carmona/los-vanegas
78464,Los Vázquez,Ranchería,Mexquitic de Carmona,San Luis Potosí,,Rural,https://postali.app/mx/san-luis-potosi/mexquitic-de-carmona/los-vazquez
78464,Palmar Segundo,Ranchería,Mexquitic de Carmona,San Luis Potosí,,Rural,https://postali.app/mx/san-luis-potosi/mexquitic-de-carmona/palmar-segundo
78464,Salitrillo,Rancho,Mexquitic de Carmona,San Luis Potosí,,Rural,https://postali.app/mx/san-luis-potosi/mexquitic-de-carmona/salitrillo
78464,Tanque Grande,Ranchería,Mexquitic de Carmona,San Luis Potosí,,Rural,https://postali.app/mx/san-luis-potosi/mexquitic-de-carmona/tanque-grande
78464,Venadito,Ranchería,Mexquitic de Carmona,San Luis Potosí,,Rural,https://postali.app/mx/san-luis-potosi/mexquitic-de-carmona/venadito
78465,Agua Señora,Ranchería,Mexquitic de Carmona,San Luis Potosí,,Rural,https://postali.app/mx/san-luis-potosi/mexquitic-de-carmona/agua-senora
78465,Cerrito de Estanzuela,Ranchería,Mexquitic de Carmona,San Luis Potosí,,Rural,https://postali.app/mx/san-luis-potosi/mexquitic-de-carmona/cerrito-de-estanzuela
78465,Cerrito de Jaral,Pueblo,Mexquitic de Carmona,San Luis Potosí,,Rural,https://postali.app/mx/san-luis-potosi/mexquitic-de-carmona/cerrito-de-jaral
78465,Cerrito de Maravillas,Rancho,Mexquitic de Carmona,San Luis Potosí,,Rural,https://postali.app/mx/san-luis-potosi/mexquitic-de-carmona/cerrito-de-maravillas
78465,El Rodeo,Ranchería,Mexquitic de Carmona,San Luis Potosí,,Rural,https://postali.app/mx/san-luis-potosi/mexquitic-de-carmona/el-rodeo
78465,Estanzuela,Pueblo,Mexquitic de Carmona,San Luis Potosí,,Rural,https://postali.app/mx/san-luis-potosi/mexquitic-de-carmona/estanzuela
78465,La Colorada,Ranchería,Mexquitic de Carmona,San Luis Potosí,,Rural,https://postali.app/mx/san-luis-potosi/mexquitic-de-carmona/la-colorada
78465,Las Moras,Ranchería,Mexquitic de Carmona,San Luis Potosí,,Rural,https://postali.app/mx/san-luis-potosi/mexquitic-de-carmona/las-moras
78465,Los Coronado,Ranchería,Mexquitic de Carmona,San Luis Potosí,,Rural,https://postali.app/mx/san-luis-potosi/mexquitic-de-carmona/los-coronado
78465,Los Hernández,Ranchería,Mexquitic de Carmona,San Luis Potosí,,Rural,https://postali.app/mx/san-luis-potosi/mexquitic-de-carmona/los-hernandez
78465,Los Moreno,Ranchería,Mexquitic de Carmona,San Luis Potosí,,Rural,https://postali.app/mx/san-luis-potosi/mexquitic-de-carmona/los-moreno
78465,Los Retes,Ranchería,Mexquitic de Carmona,San Luis Potosí,,Rural,https://postali.app/mx/san-luis-potosi/mexquitic-de-carmona/los-retes
78465,Maravillas,Ranchería,Mexquitic de Carmona,San Luis Potosí,,Rural,https://postali.app/mx/san-luis-potosi/mexquitic-de-carmona/maravillas
78465,Matancillas,Ranchería,Mexquitic de Carmona,San Luis Potosí,,Rural,https://postali.app/mx/san-luis-potosi/mexquitic-de-carmona/matancillas
78465,Monte Obscuro,Ranchería,Mexquitic de Carmona,San Luis Potosí,,Rural,https://postali.app/mx/san-luis-potosi/mexquitic-de-carmona/monte-obscuro
78465,Primero de Enero,Colonia,Mexquitic de Carmona,San Luis Potosí,,Rural,https://postali.app/mx/san-luis-potosi/mexquitic-de-carmona/primero-de-enero
78466,Comunidad Corte Primero,Rancho,Mexquitic de Carmona,San Luis Potosí,,Rural,https://postali.app/mx/san-luis-potosi/mexquitic-de-carmona/comunidad-corte-primero
78466,Comunidad de Corte Segundo,Rancho,Mexquitic de Carmona,San Luis Potosí,,Rural,https://postali.app/mx/san-luis-potosi/mexquitic-de-carmona/comunidad-de-corte-segundo
78466,Derramaderos,Ranchería,Mexquitic de Carmona,San Luis Potosí,,Rural,https://postali.app/mx/san-luis-potosi/mexquitic-de-carmona/derramaderos
78466,El Carrillo,Ranchería,Mexquitic de Carmona,San Luis Potosí,,Rural,https://postali.app/mx/san-luis-potosi/mexquitic-de-carmona/el-carrillo
78466,El Palmar Primero,Ranchería,Mexquitic de Carmona,San Luis Potosí,,Rural,https://postali.app/mx/san-luis-potosi/mexquitic-de-carmona/el-palmar-primero
78466,Los Órganos,Ranchería,Mexquitic de Carmona,San Luis Potosí,,Rural,https://postali.app/mx/san-luis-potosi/mexquitic-de-carmona/los-organos
78466,Ojo de Agua,Ranchería,Mexquitic de Carmona,San Luis Potosí,,Rural,https://postali.app/mx/san-luis-potosi/mexquitic-de-carmona/ojo-de-agua
78467,Benito Juárez,Ranchería,Mexquitic de Carmona,San Luis Potosí,,Rural,https://postali.app/mx/san-luis-potosi/mexquitic-de-carmona/benito-juarez
78467,El Bravo,Ranchería,Mexquitic de Carmona,San Luis Potosí,,Rural,https://postali.app/mx/san-luis-potosi/mexquitic-de-carmona/el-bravo
78467,El Carrizal,Ranchería,Mexquitic de Carmona,San Luis Potosí,,Rural,https://postali.app/mx/san-luis-potosi/mexquitic-de-carmona/el-carrizal
78467,Estación Justino,Paraje,Mexquitic de Carmona,San Luis Potosí,,Rural,https://postali.app/mx/san-luis-potosi/mexquitic-de-carmona/estacion-justino
78467,Lagunillas,Ranchería,Mexquitic de Carmona,San Luis Potosí,,Rural,https://postali.app/mx/san-luis-potosi/mexquitic-de-carmona/lagunillas
78467,Molino del Carmen,Colonia,Mexquitic de Carmona,San Luis Potosí,,Rural,https://postali.app/mx/san-luis-potosi/mexquitic-de-carmona/molino-del-carmen
78467,Orilla del Río,Colonia,Mexquitic de Carmona,San Luis Potosí,,Rural,https://postali.app/mx/san-luis-potosi/mexquitic-de-carmona/orilla-del-rio
78467,Rincón del Porvenir,Ranchería,Mexquitic de Carmona,San Luis Potosí,,Rural,https://postali.app/mx/san-luis-potosi/mexquitic-de-carmona/rincon-del-porvenir
78470,Cruces y Carmona,Ranchería,Mexquitic de Carmona,San Luis Potosí,,Rural,https://postali.app/mx/san-luis-potosi/mexquitic-de-carmona/cruces-y-carmona
78470,El Jaralito,Ranchería,Mexquitic de Carmona,San Luis Potosí,,Rural,https://postali.app/mx/san-luis-potosi/mexquitic-de-carmona/el-jaralito
78470,Forja Real,Fraccionamiento,Mexquitic de Carmona,San Luis Potosí,,Urbano,https://postali.app/mx/san-luis-potosi/mexquitic-de-carmona/forja-real
78470,Fuerteventura,Fraccionamiento,Mexquitic de Carmona,San Luis Potosí,,Urbano,https://postali.app/mx/san-luis-potosi/mexquitic-de-carmona/fuerteventura
78470,La Campana,Ranchería,Mexquitic de Carmona,San Luis Potosí,,Rural,https://postali.app/mx/san-luis-potosi/mexquitic-de-carmona/la-campana
78470,La Cruz,Colonia,Mexquitic de Carmona,San Luis Potosí,,Rural,https://postali.app/mx/san-luis-potosi/mexquitic-de-carmona/la-cruz
78470,La Loma,Rancho,Mexquitic de Carmona,San Luis Potosí,,Rural,https://postali.app/mx/san-luis-potosi/mexquitic-de-carmona/la-loma
78470,Loma Real,Fraccionamiento,Mexquitic de Carmona,San Luis Potosí,,Urbano,https://postali.app/mx/san-luis-potosi/mexquitic-de-carmona/loma-real
78470,Los López,Ranchería,Mexquitic de Carmona,San Luis Potosí,,Rural,https://postali.app/mx/san-luis-potosi/mexquitic-de-carmona/los-lopez
78470,Milpillas,Ranchería,Mexquitic de Carmona,San Luis Potosí,,Rural,https://postali.app/mx/san-luis-potosi/mexquitic-de-carmona/milpillas
78470,Paisanos,Ranchería,Mexquitic de Carmona,San Luis Potosí,,Rural,https://postali.app/mx/san-luis-potosi/mexquitic-de-carmona/paisanos
78470,Paso Blanco,Ranchería,Mexquitic de Carmona,San Luis Potosí,,Rural,https://postali.app/mx/san-luis-potosi/mexquitic-de-carmona/paso-blanco
78470,San Marcos (San Marcos Carmona),Pueblo,Mexquitic de Carmona,San Luis Potosí,,Urbano,https://postali.app/mx/san-luis-potosi/mexquitic-de-carmona/san-marcos-san-marcos-carmona
78470,Suspiro Picacho,Pueblo,Mexquitic de Carmona,San Luis Potosí,,Rural,https://postali.app/mx/san-luis-potosi/mexquitic-de-carmona/suspiro-picacho
78473,Agua Prieta,Pueblo,Mexquitic de Carmona,San Luis Potosí,,Rural,https://postali.app/mx/san-luis-potosi/mexquitic-de-carmona/agua-prieta
78473,Cenicera,Ranchería,Mexquitic de Carmona,San Luis Potosí,,Rural,https://postali.app/mx/san-luis-potosi/mexquitic-de-carmona/cenicera
78473,Contreras,Ranchería,Mexquitic de Carmona,San Luis Potosí,,Rural,https://postali.app/mx/san-luis-potosi/mexquitic-de-carmona/contreras
78473,El Arbolito,Ranchería,Mexquitic de Carmona,San Luis Potosí,,Rural,https://postali.app/mx/san-luis-potosi/mexquitic-de-carmona/el-arbolito
78473,El Cerrito,Ranchería,Mexquitic de Carmona,San Luis Potosí,,Rural,https://postali.app/mx/san-luis-potosi/mexquitic-de-carmona/el-cerrito
78473,El Entronque,Ranchería,Mexquitic de Carmona,San Luis Potosí,,Rural,https://postali.app/mx/san-luis-potosi/mexquitic-de-carmona/el-entronque
78473,Juan Manuel,Ranchería,Mexquitic de Carmona,San Luis Potosí,,Rural,https://postali.app/mx/san-luis-potosi/mexquitic-de-carmona/juan-manuel
78473,La Cueva,Ranchería,Mexquitic de Carmona,San Luis Potosí,,Rural,https://postali.app/mx/san-luis-potosi/mexquitic-de-carmona/la-cueva
78473,Los Jiménez,Ranchería,Mexquitic de Carmona,San Luis Potosí,,Rural,https://postali.app/mx/san-luis-potosi/mexquitic-de-carmona/los-jimenez
78473,Milpillas,Ejido,Mexquitic de Carmona,San Luis Potosí,,Rural,https://postali.app/mx/san-luis-potosi/mexquitic-de-carmona/milpillas-78473
78473,Ranchería de Guadalupe,Ranchería,Mexquitic de Carmona,San Luis Potosí,,Rural,https://postali.app/mx/san-luis-potosi/mexquitic-de-carmona/rancheria-de-guadalupe
78473,Rincón de San José,Ranchería,Mexquitic de Carmona,San Luis Potosí,,Rural,https://postali.app/mx/san-luis-potosi/mexquitic-de-carmona/rincon-de-san-jose
78473,Román Hernández Jacobo,Ranchería,Mexquitic de Carmona,San Luis Potosí,,Rural,https://postali.app/mx/san-luis-potosi/mexquitic-de-carmona/roman-hernandez-jacobo
78473,Salitrillo,Ranchería,Mexquitic de Carmona,San Luis Potosí,,Rural,https://postali.app/mx/san-luis-potosi/mexquitic-de-carmona/salitrillo-78473
78474,Cañaditas,Ranchería,Mexquitic de Carmona,San Luis Potosí,,Rural,https://postali.app/mx/san-luis-potosi/mexquitic-de-carmona/canaditas
78474,Cañón de Ojo Zarco,Ranchería,Mexquitic de Carmona,San Luis Potosí,,Rural,https://postali.app/mx/san-luis-potosi/mexquitic-de-carmona/canon-de-ojo-zarco
78474,El Olmo,Ranchería,Mexquitic de Carmona,San Luis Potosí,,Rural,https://postali.app/mx/san-luis-potosi/mexquitic-de-carmona/el-olmo
78474,Fracción Salitrera,Ranchería,Mexquitic de Carmona,San Luis Potosí,,Rural,https://postali.app/mx/san-luis-potosi/mexquitic-de-carmona/fraccion-salitrera
78474,Jarillas,Ranchería,Mexquitic de Carmona,San Luis Potosí,,Rural,https://postali.app/mx/san-luis-potosi/mexquitic-de-carmona/jarillas
78474,La Matanza,Ranchería,Mexquitic de Carmona,San Luis Potosí,,Rural,https://postali.app/mx/san-luis-potosi/mexquitic-de-carmona/la-matanza
78474,La Presita,Ranchería,Mexquitic de Carmona,San Luis Potosí,,Rural,https://postali.app/mx/san-luis-potosi/mexquitic-de-carmona/la-presita
78474,Los Puertecitos,Ranchería,Mexquitic de Carmona,San Luis Potosí,,Rural,https://postali.app/mx/san-luis-potosi/mexquitic-de-carmona/los-puertecitos
78474,Ojo Zarco de Arista,Ranchería,Mexquitic de Carmona,San Luis Potosí,,Rural,https://postali.app/mx/san-luis-potosi/mexquitic-de-carmona/ojo-zarco-de-arista
78474,San Agustín,Ranchería,Mexquitic de Carmona,San Luis Potosí,,Rural,https://postali.app/mx/san-luis-potosi/mexquitic-de-carmona/san-agustin
78474,Temaxcalillo,Ranchería,Mexquitic de Carmona,San Luis Potosí,,Rural,https://postali.app/mx/san-luis-potosi/mexquitic-de-carmona/temaxcalillo
78474,Álvaro Obregón,Colonia,Mexquitic de Carmona,San Luis Potosí,,Rural,https://postali.app/mx/san-luis-potosi/mexquitic-de-carmona/alvaro-obregon
78475,Cerro Prieto,Pueblo,Mexquitic de Carmona,San Luis Potosí,,Rural,https://postali.app/mx/san-luis-potosi/mexquitic-de-carmona/cerro-prieto
78475,La Loma de la Cruz,Ranchería,Mexquitic de Carmona,San Luis Potosí,,Rural,https://postali.app/mx/san-luis-potosi/mexquitic-de-carmona/la-loma-de-la-cruz
78475,Miguel Hidalgo,Ejido,Mexquitic de Carmona,San Luis Potosí,,Rural,https://postali.app/mx/san-luis-potosi/mexquitic-de-carmona/miguel-hidalgo
78475,Morelos,Ejido,Mexquitic de Carmona,San Luis Potosí,,Rural,https://postali.app/mx/san-luis-potosi/mexquitic-de-carmona/morelos
78475,Tanque la Pintada,Ranchería,Mexquitic de Carmona,San Luis Potosí,,Rural,https://postali.app/mx/san-luis-potosi/mexquitic-de-carmona/tanque-la-pintada
78476,Barbecho,Ranchería,Mexquitic de Carmona,San Luis Potosí,,Rural,https://postali.app/mx/san-luis-potosi/mexquitic-de-carmona/barbecho
78476,Estancita,Ranchería,Mexquitic de Carmona,San Luis Potosí,,Rural,https://postali.app/mx/san-luis-potosi/mexquitic-de-carmona/estancita
78476,Ignacio Allende,Ejido,Mexquitic de Carmona,San Luis Potosí,,Rural,https://postali.app/mx/san-luis-potosi/mexquitic-de-carmona/ignacio-allende
78476,La Tapona,Ranchería,Mexquitic de Carmona,San Luis Potosí,,Rural,https://postali.app/mx/san-luis-potosi/mexquitic-de-carmona/la-tapona
78476,Pollitos,Ranchería,Mexquitic de Carmona,San Luis Potosí,,Rural,https://postali.app/mx/san-luis-potosi/mexquitic-de-carmona/pollitos
78476,Rivera,Ranchería,Mexquitic de Carmona,San Luis Potosí,,Rural,https://postali.app/mx/san-luis-potosi/mexquitic-de-carmona/rivera
78477,Guadalupe Victoria,Ranchería,Mexquitic de Carmona,San Luis Potosí,,Rural,https://postali.app/mx/san-luis-potosi/mexquitic-de-carmona/guadalupe-victoria
78477,Iglesia del Desierto,Ranchería,Mexquitic de Carmona,San Luis Potosí,,Rural,https://postali.app/mx/san-luis-potosi/mexquitic-de-carmona/iglesia-del-desierto
78480,Mexquitic de Carmona Centro,Colonia,Mexquitic de Carmona,San Luis Potosí,,Urbano,https://postali.app/mx/san-luis-potosi/mexquitic-de-carmona/mexquitic-de-carmona-centro
78483,El Llanito,Colonia,Mexquitic de Carmona,San Luis Potosí,,Urbano,https://postali.app/mx/san-luis-potosi/mexquitic-de-carmona/el-llanito
78483,Lomas del Pedregal,Colonia,Mexquitic de Carmona,San Luis Potosí,,Urbano,https://postali.app/mx/san-luis-potosi/mexquitic-de-carmona/lomas-del-pedregal
78484,Bellavista,Colonia,Mexquitic de Carmona,San Luis Potosí,,Rural,https://postali.app/mx/san-luis-potosi/mexquitic-de-carmona/bellavista
78485,Revolución,Colonia,Mexquitic de Carmona,San Luis Potosí,,Urbano,https://postali.app/mx/san-luis-potosi/mexquitic-de-carmona/revolucion
78486,La Playa,Colonia,Mexquitic de Carmona,San Luis Potosí,,Urbano,https://postali.app/mx/san-luis-potosi/mexquitic-de-carmona/la-playa
78490,Ayun,Colonia,Villa de Arriaga,San Luis Potosí,,Urbano,https://postali.app/mx/san-luis-potosi/villa-de-arriaga/ayun
78490,Clara Cordova,Colonia,Villa de Arriaga,San Luis Potosí,,Urbano,https://postali.app/mx/san-luis-potosi/villa-de-arriaga/clara-cordova
78490,El Montecillo,Colonia,Villa de Arriaga,San Luis Potosí,,Urbano,https://postali.app/mx/san-luis-potosi/villa-de-arriaga/el-montecillo
78490,San Isidro,Colonia,Villa de Arriaga,San Luis Potosí,,Urbano,https://postali.app/mx/san-luis-potosi/villa-de-arriaga/san-isidro
78490,San Miguelito,Colonia,Villa de Arriaga,San Luis Potosí,,Urbano,https://postali.app/mx/san-luis-potosi/villa-de-arriaga/san-miguelito
78490,Villa de Arriaga Centro,Colonia,Villa de Arriaga,San Luis Potosí,,Urbano,https://postali.app/mx/san-luis-potosi/villa-de-arriaga/villa-de-arriaga-centro
78493,Cono San Carlos,Rancho,Villa de Arriaga,San Luis Potosí,,Rural,https://postali.app/mx/san-luis-potosi/villa-de-arriaga/cono-san-carlos
78493,El Charquito,Rancho,Villa de Arriaga,San Luis Potosí,,Rural,https://postali.app/mx/san-luis-potosi/villa-de-arriaga/el-charquito
78493,El Con,Rancho,Villa de Arriaga,San Luis Potosí,,Rural,https://postali.app/mx/san-luis-potosi/villa-de-arriaga/el-con
78493,El Con de San Bernardo,Rancho,Villa de Arriaga,San Luis Potosí,,Rural,https://postali.app/mx/san-luis-potosi/villa-de-arriaga/el-con-de-san-bernardo
78493,El Saucito,Ejido,Villa de Arriaga,San Luis Potosí,,Rural,https://postali.app/mx/san-luis-potosi/villa-de-arriaga/el-saucito
78493,El Saucito (San Isidro),Rancho,Villa de Arriaga,San Luis Potosí,,Rural,https://postali.app/mx/san-luis-potosi/villa-de-arriaga/el-saucito-san-isidro
78493,El Trompillo,Ranchería,Villa de Arriaga,San Luis Potosí,,Rural,https://postali.app/mx/san-luis-potosi/villa-de-arriaga/el-trompillo
78493,El Zorrillo,Rancho,Villa de Arriaga,San Luis Potosí,,Rural,https://postali.app/mx/san-luis-potosi/villa-de-arriaga/el-zorrillo
78493,El Águila,Rancho,Villa de Arriaga,San Luis Potosí,,Rural,https://postali.app/mx/san-luis-potosi/villa-de-arriaga/el-aguila
78493,Estanque el Colorado,Rancho,Villa de Arriaga,San Luis Potosí,,Rural,https://postali.app/mx/san-luis-potosi/villa-de-arriaga/estanque-el-colorado
78493,Franco,Rancho,Villa de Arriaga,San Luis Potosí,,Rural,https://postali.app/mx/san-luis-potosi/villa-de-arriaga/franco
78493,Jaramas,Rancho,Villa de Arriaga,San Luis Potosí,,Rural,https://postali.app/mx/san-luis-potosi/villa-de-arriaga/jaramas
78493,José Valadez,Rancho,Villa de Arriaga,San Luis Potosí,,Rural,https://postali.app/mx/san-luis-potosi/villa-de-arriaga/jose-valadez
78493,La Bastilla,Rancho,Villa de Arriaga,San Luis Potosí,,Rural,https://postali.app/mx/san-luis-potosi/villa-de-arriaga/la-bastilla
78493,La Mocha,Rancho,Villa de Arriaga,San Luis Potosí,,Rural,https://postali.app/mx/san-luis-potosi/villa-de-arriaga/la-mocha
78493,La Paila (Maravillas),Rancho,Villa de Arriaga,San Luis Potosí,,Rural,https://postali.app/mx/san-luis-potosi/villa-de-arriaga/la-paila-maravillas
78493,La Soledad,Ranchería,Villa de Arriaga,San Luis Potosí,,Rural,https://postali.app/mx/san-luis-potosi/villa-de-arriaga/la-soledad
78493,La Soledad (De el Águila),Rancho,Villa de Arriaga,San Luis Potosí,,Rural,https://postali.app/mx/san-luis-potosi/villa-de-arriaga/la-soledad-de-el-aguila
78493,La Virgen,Rancho,Villa de Arriaga,San Luis Potosí,,Rural,https://postali.app/mx/san-luis-potosi/villa-de-arriaga/la-virgen
78493,Las Cuadras,Rancho,Villa de Arriaga,San Luis Potosí,,Rural,https://postali.app/mx/san-luis-potosi/villa-de-arriaga/las-cuadras
78493,Llano de la Purísima,Rancho,Villa de Arriaga,San Luis Potosí,,Rural,https://postali.app/mx/san-luis-potosi/villa-de-arriaga/llano-de-la-purisima
78493,Los Alamitos (El Chacual),Rancho,Villa de Arriaga,San Luis Potosí,,Rural,https://postali.app/mx/san-luis-potosi/villa-de-arriaga/los-alamitos-el-chacual
78493,Pablo Martínez,Rancho,Villa de Arriaga,San Luis Potosí,,Rural,https://postali.app/mx/san-luis-potosi/villa-de-arriaga/pablo-martinez
78493,Providencia de los Hernández,Rancho,Villa de Arriaga,San Luis Potosí,,Rural,https://postali.app/mx/san-luis-potosi/villa-de-arriaga/providencia-de-los-hernandez
78493,Rancho de Guadalupe,Ranchería,Villa de Arriaga,San Luis Potosí,,Rural,https://postali.app/mx/san-luis-potosi/villa-de-arriaga/rancho-de-guadalupe
78493,Rancho el Carmen,Ranchería,Villa de Arriaga,San Luis Potosí,,Rural,https://postali.app/mx/san-luis-potosi/villa-de-arriaga/rancho-el-carmen
78493,Refugio de los Campos (La Soledad),Rancho,Villa de Arriaga,San Luis Potosí,,Rural,https://postali.app/mx/san-luis-potosi/villa-de-arriaga/refugio-de-los-campos-la-soledad
78493,San Agustín,Rancho,Villa de Arriaga,San Luis Potosí,,Rural,https://postali.app/mx/san-luis-potosi/villa-de-arriaga/san-agustin
78493,San Antonio de los López,Rancho,Villa de Arriaga,San Luis Potosí,,Rural,https://postali.app/mx/san-luis-potosi/villa-de-arriaga/san-antonio-de-los-lopez
78493,San Antonio de los Méndez,Rancho,Villa de Arriaga,San Luis Potosí,,Rural,https://postali.app/mx/san-luis-potosi/villa-de-arriaga/san-antonio-de-los-mendez
78493,San Bartolo,Rancho,Villa de Arriaga,San Luis Potosí,,Rural,https://postali.app/mx/san-luis-potosi/villa-de-arriaga/san-bartolo
78493,San Francisco (San Francisco de los Rentería),Rancho,Villa de Arriaga,San Luis Potosí,,Rural,https://postali.app/mx/san-luis-potosi/villa-de-arriaga/san-francisco-san-francisco-de-los-renteria
78493,San Isidro,Rancho,Villa de Arriaga,San Luis Potosí,,Rural,https://postali.app/mx/san-luis-potosi/villa-de-arriaga/san-isidro-78493
78493,San Isidro (San Camilo),Rancho,Villa de Arriaga,San Luis Potosí,,Rural,https://postali.app/mx/san-luis-potosi/villa-de-arriaga/san-isidro-san-camilo
78493,San Isidro de los Duarte,Rancho,Villa de Arriaga,San Luis Potosí,,Rural,https://postali.app/mx/san-luis-potosi/villa-de-arriaga/san-isidro-de-los-duarte
78493,San Jerónimo,Rancho,Villa de Arriaga,San Luis Potosí,,Rural,https://postali.app/mx/san-luis-potosi/villa-de-arriaga/san-jeronimo
78493,San José,Rancho,Villa de Arriaga,San Luis Potosí,,Rural,https://postali.app/mx/san-luis-potosi/villa-de-arriaga/san-jose
78493,San José,Ejido,Villa de Arriaga,San Luis Potosí,,Rural,https://postali.app/mx/san-luis-potosi/villa-de-arriaga/san-jose-78493
78493,San José de Gracia,Rancho,Villa de Arriaga,San Luis Potosí,,Rural,https://postali.app/mx/san-luis-potosi/villa-de-arriaga/san-jose-de-gracia
78493,San Juan de Guadalupe,Rancho,Villa de Arriaga,San Luis Potosí,,Rural,https://postali.app/mx/san-luis-potosi/villa-de-arriaga/san-juan-de-guadalupe
78493,San Juan de las Cuadras,Rancho,Villa de Arriaga,San Luis Potosí,,Rural,https://postali.app/mx/san-luis-potosi/villa-de-arriaga/san-juan-de-las-cuadras
78493,San Luis Gonzaga,Ejido,Villa de Arriaga,San Luis Potosí,,Rural,https://postali.app/mx/san-luis-potosi/villa-de-arriaga/san-luis-gonzaga
78493,San Pedro,Rancho,Villa de Arriaga,San Luis Potosí,,Rural,https://postali.app/mx/san-luis-potosi/villa-de-arriaga/san-pedro
78493,San Rafael,Rancho,Villa de Arriaga,San Luis Potosí,,Rural,https://postali.app/mx/san-luis-potosi/villa-de-arriaga/san-rafael
78493,San Rafael de la Laguna,Rancho,Villa de Arriaga,San Luis Potosí,,Rural,https://postali.app/mx/san-luis-potosi/villa-de-arriaga/san-rafael-de-la-laguna
78493,San Rafael de los Martínez,Rancho,Villa de Arriaga,San Luis Potosí,,Rural,https://postali.app/mx/san-luis-potosi/villa-de-arriaga/san-rafael-de-los-martinez
78493,Santa Clara de los Bordos,Rancho,Villa de Arriaga,San Luis Potosí,,Rural,https://postali.app/mx/san-luis-potosi/villa-de-arriaga/santa-clara-de-los-bordos
78493,Santa Rita,Rancho,Villa de Arriaga,San Luis Potosí,,Rural,https://postali.app/mx/san-luis-potosi/villa-de-arriaga/santa-rita
78493,Santa Rosa de Gallinas,Colonia,Villa de Arriaga,San Luis Potosí,,Rural,https://postali.app/mx/san-luis-potosi/villa-de-arriaga/santa-rosa-de-gallinas
78493,Tanque Nuevo (Rancho Seco),Rancho,Villa de Arriaga,San Luis Potosí,,Rural,https://postali.app/mx/san-luis-potosi/villa-de-arriaga/tanque-nuevo-rancho-seco
78494,El Jardín de los Cuéllar (Puerta el Jardín),Rancho,Villa de Arriaga,San Luis Potosí,,Rural,https://postali.app/mx/san-luis-potosi/villa-de-arriaga/el-jardin-de-los-cuellar-puerta-el-jardin
78494,El Palmar (Puerta de las Chivas),Rancho,Villa de Arriaga,San Luis Potosí,,Rural,https://postali.app/mx/san-luis-potosi/villa-de-arriaga/el-palmar-puerta-de-las-chivas
78494,El Pastor,Rancho,Villa de Arriaga,San Luis Potosí,,Rural,https://postali.app/mx/san-luis-potosi/villa-de-arriaga/el-pastor
78494,El Patol,Rancho,Villa de Arriaga,San Luis Potosí,,Rural,https://postali.app/mx/san-luis-potosi/villa-de-arriaga/el-patol
78494,El Refugio del Jardín,Rancho,Villa de Arriaga,San Luis Potosí,,Rural,https://postali.app/mx/san-luis-potosi/villa-de-arriaga/el-refugio-del-jardin
78494,Ex-Hacienda de Santiago,Exhacienda,Villa de Arriaga,San Luis Potosí,,Rural,https://postali.app/mx/san-luis-potosi/villa-de-arriaga/ex-hacienda-de-santiago
78494,La Chancla,Rancho,Villa de Arriaga,San Luis Potosí,,Rural,https://postali.app/mx/san-luis-potosi/villa-de-arriaga/la-chancla
78494,La Laborcilla,Colonia,Villa de Arriaga,San Luis Potosí,,Rural,https://postali.app/mx/san-luis-potosi/villa-de-arriaga/la-laborcilla
78494,La Lugarda,Rancho,Villa de Arriaga,San Luis Potosí,,Rural,https://postali.app/mx/san-luis-potosi/villa-de-arriaga/la-lugarda
78494,La Luz (Los Gutiérrez),Colonia,Villa de Arriaga,San Luis Potosí,,Rural,https://postali.app/mx/san-luis-potosi/villa-de-arriaga/la-luz-los-gutierrez
78494,Los Conos,Rancho,Villa de Arriaga,San Luis Potosí,,Rural,https://postali.app/mx/san-luis-potosi/villa-de-arriaga/los-conos
78494,Los Joyancos,Rancho,Villa de Arriaga,San Luis Potosí,,Rural,https://postali.app/mx/san-luis-potosi/villa-de-arriaga/los-joyancos
78494,Los Manueles,Colonia,Villa de Arriaga,San Luis Potosí,,Rural,https://postali.app/mx/san-luis-potosi/villa-de-arriaga/los-manueles
78494,Palomas,Colonia,Villa de Arriaga,San Luis Potosí,,Rural,https://postali.app/mx/san-luis-potosi/villa-de-arriaga/palomas
78494,Santa Lucía,Hacienda,Villa de Arriaga,San Luis Potosí,,Rural,https://postali.app/mx/san-luis-potosi/villa-de-arriaga/santa-lucia
78494,Tanque de San Juan,Rancho,Villa de Arriaga,San Luis Potosí,,Rural,https://postali.app/mx/san-luis-potosi/villa-de-arriaga/tanque-de-san-juan
78495,Anacleto Betancourt,Ranchería,Villa de Arriaga,San Luis Potosí,,Rural,https://postali.app/mx/san-luis-potosi/villa-de-arriaga/anacleto-betancourt
78495,El Mezquital,Ejido,Villa de Arriaga,San Luis Potosí,,Rural,https://postali.app/mx/san-luis-potosi/villa-de-arriaga/el-mezquital
78495,El Nivel,Rancho,Villa de Arriaga,San Luis Potosí,,Rural,https://postali.app/mx/san-luis-potosi/villa-de-arriaga/el-nivel
78495,El Tepetate,Ejido,Villa de Arriaga,San Luis Potosí,,Rural,https://postali.app/mx/san-luis-potosi/villa-de-arriaga/el-tepetate
78495,Florencio Ruiz,Rancho,Villa de Arriaga,San Luis Potosí,,Rural,https://postali.app/mx/san-luis-potosi/villa-de-arriaga/florencio-ruiz
78495,Francisco I. Madero,Ejido,Villa de Arriaga,San Luis Potosí,,Rural,https://postali.app/mx/san-luis-potosi/villa-de-arriaga/francisco-i-madero
78495,Guadalupe Victoria (Fátima),Colonia,Villa de Arriaga,San Luis Potosí,,Rural,https://postali.app/mx/san-luis-potosi/villa-de-arriaga/guadalupe-victoria-fatima
78495,Las Norias Anexo el Mezquital (Las Mangas),Rancho,Villa de Arriaga,San Luis Potosí,,Rural,https://postali.app/mx/san-luis-potosi/villa-de-arriaga/las-norias-anexo-el-mezquital-las-mangas
78495,Ojo de Agua de Juan Pérez,Colonia,Villa de Arriaga,San Luis Potosí,,Rural,https://postali.app/mx/san-luis-potosi/villa-de-arriaga/ojo-de-agua-de-juan-perez
78495,Puerto Espino,Rancho,Villa de Arriaga,San Luis Potosí,,Rural,https://postali.app/mx/san-luis-potosi/villa-de-arriaga/puerto-espino
78495,Rancho el Milagro,Ranchería,Villa de Arriaga,San Luis Potosí,,Rural,https://postali.app/mx/san-luis-potosi/villa-de-arriaga/rancho-el-milagro
78495,San Antonio,Ejido,Villa de Arriaga,San Luis Potosí,,Rural,https://postali.app/mx/san-luis-potosi/villa-de-arriaga/san-antonio
78495,San José de la Purísima,Ejido,Villa de Arriaga,San Luis Potosí,,Rural,https://postali.app/mx/san-luis-potosi/villa-de-arriaga/san-jose-de-la-purisima
78495,San Miguelito,Ejido,Villa de Arriaga,San Luis Potosí,,Rural,https://postali.app/mx/san-luis-potosi/villa-de-arriaga/san-miguelito-78495
78495,Saucillo,Rancho,Villa de Arriaga,San Luis Potosí,,Rural,https://postali.app/mx/san-luis-potosi/villa-de-arriaga/saucillo
78495,Saucillo (La Joya),Rancho,Villa de Arriaga,San Luis Potosí,,Rural,https://postali.app/mx/san-luis-potosi/villa-de-arriaga/saucillo-la-joya
78496,El Carmen,Rancho,Villa de Arriaga,San Luis Potosí,,Rural,https://postali.app/mx/san-luis-potosi/villa-de-arriaga/el-carmen
78496,El Jardín,Rancho,Villa de Arriaga,San Luis Potosí,,Rural,https://postali.app/mx/san-luis-potosi/villa-de-arriaga/el-jardin
78496,Emiliano Zapata,Colonia,Villa de Arriaga,San Luis Potosí,,Rural,https://postali.app/mx/san-luis-potosi/villa-de-arriaga/emiliano-zapata
78496,Jardín de los Matas,Rancho,Villa de Arriaga,San Luis Potosí,,Rural,https://postali.app/mx/san-luis-potosi/villa-de-arriaga/jardin-de-los-matas
78496,La Candelaria,Rancho,Villa de Arriaga,San Luis Potosí,,Rural,https://postali.app/mx/san-luis-potosi/villa-de-arriaga/la-candelaria
78496,La Puerta del Terrero,Rancho,Villa de Arriaga,San Luis Potosí,,Rural,https://postali.app/mx/san-luis-potosi/villa-de-arriaga/la-puerta-del-terrero
78496,La Troje,Ejido,Villa de Arriaga,San Luis Potosí,,Rural,https://postali.app/mx/san-luis-potosi/villa-de-arriaga/la-troje
78496,San Benito,Rancho,Villa de Arriaga,San Luis Potosí,,Rural,https://postali.app/mx/san-luis-potosi/villa-de-arriaga/san-benito
78496,San Francisco,Ejido,Villa de Arriaga,San Luis Potosí,,Rural,https://postali.app/mx/san-luis-potosi/villa-de-arriaga/san-francisco
78497,Agua Gorda de los Patos,Ranchería,Villa de Arriaga,San Luis Potosí,,Rural,https://postali.app/mx/san-luis-potosi/villa-de-arriaga/agua-gorda-de-los-patos
78497,Anexo al Tepetatillo,Rancho,Villa de Arriaga,San Luis Potosí,,Rural,https://postali.app/mx/san-luis-potosi/villa-de-arriaga/anexo-al-tepetatillo
78497,Arnulfo Vázquez Camarillo,Rancho,Villa de Arriaga,San Luis Potosí,,Rural,https://postali.app/mx/san-luis-potosi/villa-de-arriaga/arnulfo-vazquez-camarillo
78497,El Cuartillo,Ranchería,Villa de Arriaga,San Luis Potosí,,Rural,https://postali.app/mx/san-luis-potosi/villa-de-arriaga/el-cuartillo
78497,El Maguey,Rancho,Villa de Arriaga,San Luis Potosí,,Rural,https://postali.app/mx/san-luis-potosi/villa-de-arriaga/el-maguey
78497,El Pirulito,Rancho,Villa de Arriaga,San Luis Potosí,,Rural,https://postali.app/mx/san-luis-potosi/villa-de-arriaga/el-pirulito
78497,El Rosario,Rancho,Villa de Arriaga,San Luis Potosí,,Rural,https://postali.app/mx/san-luis-potosi/villa-de-arriaga/el-rosario
78497,El Saucito,Rancho,Villa de Arriaga,San Luis Potosí,,Rural,https://postali.app/mx/san-luis-potosi/villa-de-arriaga/el-saucito-78497
78497,El Tepetatillo,Rancho,Villa de Arriaga,San Luis Potosí,,Rural,https://postali.app/mx/san-luis-potosi/villa-de-arriaga/el-tepetatillo
78497,Ex-Hacienda San José del Maguey,Rancho,Villa de Arriaga,San Luis Potosí,,Rural,https://postali.app/mx/san-luis-potosi/villa-de-arriaga/ex-hacienda-san-jose-del-maguey
78497,Juan Ordaz,Rancho,Villa de Arriaga,San Luis Potosí,,Rural,https://postali.app/mx/san-luis-potosi/villa-de-arriaga/juan-ordaz
78497,La Cruz (Armando Campos),Rancho,Villa de Arriaga,San Luis Potosí,,Rural,https://postali.app/mx/san-luis-potosi/villa-de-arriaga/la-cruz-armando-campos
78497,La Laguna Verde,Rancho,Villa de Arriaga,San Luis Potosí,,Rural,https://postali.app/mx/san-luis-potosi/villa-de-arriaga/la-laguna-verde
78497,La Loma,Rancho,Villa de Arriaga,San Luis Potosí,,Rural,https://postali.app/mx/san-luis-potosi/villa-de-arriaga/la-loma
78497,La Luz,Colonia,Villa de Arriaga,San Luis Potosí,,Rural,https://postali.app/mx/san-luis-potosi/villa-de-arriaga/la-luz
78497,La Puerta del Refugio,Rancho,Villa de Arriaga,San Luis Potosí,,Rural,https://postali.app/mx/san-luis-potosi/villa-de-arriaga/la-puerta-del-refugio
78497,La Puerta del Rosario,Rancho,Villa de Arriaga,San Luis Potosí,,Rural,https://postali.app/mx/san-luis-potosi/villa-de-arriaga/la-puerta-del-rosario
78497,La Troje,Rancho,Villa de Arriaga,San Luis Potosí,,Rural,https://postali.app/mx/san-luis-potosi/villa-de-arriaga/la-troje-78497
78497,Las Rebuscas,Rancho,Villa de Arriaga,San Luis Potosí,,Rural,https://postali.app/mx/san-luis-potosi/villa-de-arriaga/las-rebuscas
78497,Melchor,Rancho,Villa de Arriaga,San Luis Potosí,,Rural,https://postali.app/mx/san-luis-potosi/villa-de-arriaga/melchor
78497,Providencia,Rancho,Villa de Arriaga,San Luis Potosí,,Rural,https://postali.app/mx/san-luis-potosi/villa-de-arriaga/providencia
78497,San Antonio Puerta del Refugio,Rancho,Villa de Arriaga,San Luis Potosí,,Rural,https://postali.app/mx/san-luis-potosi/villa-de-arriaga/san-antonio-puerta-del-refugio
78497,San Elías,Ejido,Villa de Arriaga,San Luis Potosí,,Rural,https://postali.app/mx/san-luis-potosi/villa-de-arriaga/san-elias
78497,San Elías,Ranchería,Villa de Arriaga,San Luis Potosí,,Rural,https://postali.app/mx/san-luis-potosi/villa-de-arriaga/san-elias-78497
78497,San Elías,Rancho,Villa de Arriaga,San Luis Potosí,,Rural,https://postali.app/mx/san-luis-potosi/villa-de-arriaga/san-elias-78497-3110
78497,San José de Fátima,Rancho,Villa de Arriaga,San Luis Potosí,,Rural,https://postali.app/mx/san-luis-potosi/villa-de-arriaga/san-jose-de-fatima
78497,San Pablo,Rancho,Villa de Arriaga,San Luis Potosí,,Rural,https://postali.app/mx/san-luis-potosi/villa-de-arriaga/san-pablo
78497,Santa Ana (Los Conos),Rancho,Villa de Arriaga,San Luis Potosí,,Rural,https://postali.app/mx/san-luis-potosi/villa-de-arriaga/santa-ana-los-conos
78500,De Santiago,Barrio,Vanegas,San Luis Potosí,,Urbano,https://postali.app/mx/san-luis-potosi/vanegas/de-santiago
78500,Estación Vanegas Centro,Colonia,Vanegas,San Luis Potosí,,Urbano,https://postali.app/mx/san-luis-potosi/vanegas/estacion-vanegas-centro
78500,La Punta (San José de la Punta),Ejido,Vanegas,San Luis Potosí,,Rural,https://postali.app/mx/san-luis-potosi/vanegas/la-punta-san-jose-de-la-punta
78502,Presa de Santa Ana,Ejido,Vanegas,San Luis Potosí,,Rural,https://postali.app/mx/san-luis-potosi/vanegas/presa-de-santa-ana
78503,El Chaparral,Rancho,Vanegas,San Luis Potosí,,Rural,https://postali.app/mx/san-luis-potosi/vanegas/el-chaparral
78503,Huertecillas,Ejido,Vanegas,San Luis Potosí,,Rural,https://postali.app/mx/san-luis-potosi/vanegas/huertecillas
78503,Zaragoza (La Vaca),Ejido,Vanegas,San Luis Potosí,,Rural,https://postali.app/mx/san-luis-potosi/vanegas/zaragoza-la-vaca
78504,La Pinta,Ejido,Vanegas,San Luis Potosí,,Rural,https://postali.app/mx/san-luis-potosi/vanegas/la-pinta
78504,La Trueba,Ejido,Vanegas,San Luis Potosí,,Rural,https://postali.app/mx/san-luis-potosi/vanegas/la-trueba
78505,Cerro la Borrega,Rancho,Vanegas,San Luis Potosí,,Rural,https://postali.app/mx/san-luis-potosi/vanegas/cerro-la-borrega
78505,La Boquilla,Rancho,Vanegas,San Luis Potosí,,Rural,https://postali.app/mx/san-luis-potosi/vanegas/la-boquilla
78505,María Peña,Ejido,Vanegas,San Luis Potosí,,Rural,https://postali.app/mx/san-luis-potosi/vanegas/maria-pena
78506,La Sabanilla,Ejido,Vanegas,San Luis Potosí,,Rural,https://postali.app/mx/san-luis-potosi/vanegas/la-sabanilla
78508,El Cuijal,Rancho,Vanegas,San Luis Potosí,,Rural,https://postali.app/mx/san-luis-potosi/vanegas/el-cuijal
78508,San Juan de Vanegas,Ejido,Vanegas,San Luis Potosí,,Rural,https://postali.app/mx/san-luis-potosi/vanegas/san-juan-de-vanegas
78508,Vanegas de Abajo,Ejido,Vanegas,San Luis Potosí,,Rural,https://postali.app/mx/san-luis-potosi/vanegas/vanegas-de-abajo
78508,Villa de Vanegas,Ejido,Vanegas,San Luis Potosí,,Rural,https://postali.app/mx/san-luis-potosi/vanegas/villa-de-vanegas
78510,El Salado (Estación el Salado),Ejido,Vanegas,San Luis Potosí,,Rural,https://postali.app/mx/san-luis-potosi/vanegas/el-salado-estacion-el-salado
78510,Hacienda el Salado,Ranchería,Vanegas,San Luis Potosí,,Rural,https://postali.app/mx/san-luis-potosi/vanegas/hacienda-el-salado
78511,El Tepetate,Ejido,Vanegas,San Luis Potosí,,Rural,https://postali.app/mx/san-luis-potosi/vanegas/el-tepetate
78511,Salitrillos,Ranchería,Vanegas,San Luis Potosí,,Rural,https://postali.app/mx/san-luis-potosi/vanegas/salitrillos
78512,Cuatro Milpas,Ejido,Vanegas,San Luis Potosí,,Rural,https://postali.app/mx/san-luis-potosi/vanegas/cuatro-milpas
78512,El Gallo,Ejido,Vanegas,San Luis Potosí,,Rural,https://postali.app/mx/san-luis-potosi/vanegas/el-gallo
78512,San Vicente,Ejido,Vanegas,San Luis Potosí,,Rural,https://postali.app/mx/san-luis-potosi/vanegas/san-vicente
78513,Santa Teresa,Ejido,Vanegas,San Luis Potosí,,Rural,https://postali.app/mx/san-luis-potosi/vanegas/santa-teresa
78513,Tanque de López,Ejido,Vanegas,San Luis Potosí,,Rural,https://postali.app/mx/san-luis-potosi/vanegas/tanque-de-lopez
78514,El Salto Colorado,Ejido,Vanegas,San Luis Potosí,,Rural,https://postali.app/mx/san-luis-potosi/vanegas/el-salto-colorado
78514,La Noria de Jesús,Ejido,Vanegas,San Luis Potosí,,Rural,https://postali.app/mx/san-luis-potosi/vanegas/la-noria-de-jesus
78514,Lázaro Cárdenas,Ejido,Vanegas,San Luis Potosí,,Rural,https://postali.app/mx/san-luis-potosi/vanegas/lazaro-cardenas
78514,Noria de los Cedros,Ejido,Vanegas,San Luis Potosí,,Rural,https://postali.app/mx/san-luis-potosi/vanegas/noria-de-los-cedros
78514,San Juan de la Cruz,Ejido,Vanegas,San Luis Potosí,,Rural,https://postali.app/mx/san-luis-potosi/vanegas/san-juan-de-la-cruz
78520,Buenaventura,Rancho,Cedral,San Luis Potosí,,Rural,https://postali.app/mx/san-luis-potosi/cedral/buenaventura
78520,Cedral Centro,Colonia,Cedral,San Luis Potosí,Cedral,Urbano,https://postali.app/mx/san-luis-potosi/cedral/cedral-centro
78520,Del Bosque,Fraccionamiento,Cedral,San Luis Potosí,Cedral,Urbano,https://postali.app/mx/san-luis-potosi/cedral/del-bosque
78520,Del Valle,Colonia,Cedral,San Luis Potosí,Cedral,Urbano,https://postali.app/mx/san-luis-potosi/cedral/del-valle
78520,Domingo Soto,Colonia,Cedral,San Luis Potosí,Cedral,Urbano,https://postali.app/mx/san-luis-potosi/cedral/domingo-soto
78520,Jesús María y José,Fraccionamiento,Cedral,San Luis Potosí,,Urbano,https://postali.app/mx/san-luis-potosi/cedral/jesus-maria-y-jose
78520,La Luz,Colonia,Cedral,San Luis Potosí,Cedral,Rural,https://postali.app/mx/san-luis-potosi/cedral/la-luz
78520,Progresista,Colonia,Cedral,San Luis Potosí,Cedral,Urbano,https://postali.app/mx/san-luis-potosi/cedral/progresista
78520,San Antonio,Colonia,Cedral,San Luis Potosí,Cedral,Urbano,https://postali.app/mx/san-luis-potosi/cedral/san-antonio
78520,San Francisco,Rancho,Cedral,San Luis Potosí,,Rural,https://postali.app/mx/san-luis-potosi/cedral/san-francisco
78520,Santa Fe,Colonia,Cedral,San Luis Potosí,Cedral,Urbano,https://postali.app/mx/san-luis-potosi/cedral/santa-fe
78520,Valle de las Flores,Colonia,Cedral,San Luis Potosí,Cedral,Urbano,https://postali.app/mx/san-luis-potosi/cedral/valle-de-las-flores
78520,Valle de los Silares,Fraccionamiento,Cedral,San Luis Potosí,Cedral,Urbano,https://postali.app/mx/san-luis-potosi/cedral/valle-de-los-silares
78520,Valle Verde,Colonia,Cedral,San Luis Potosí,Cedral,Urbano,https://postali.app/mx/san-luis-potosi/cedral/valle-verde
78520,Villa las Palmas,Colonia,Cedral,San Luis Potosí,Cedral,Urbano,https://postali.app/mx/san-luis-potosi/cedral/villa-las-palmas
78524,El Dólar,Colonia,Cedral,San Luis Potosí,Cedral,Urbano,https://postali.app/mx/san-luis-potosi/cedral/el-dolar
78524,Escritores,Colonia,Cedral,San Luis Potosí,Cedral,Urbano,https://postali.app/mx/san-luis-potosi/cedral/escritores
78524,Héctor Ávila,Rancho,Cedral,San Luis Potosí,,Rural,https://postali.app/mx/san-luis-potosi/cedral/hector-avila
78524,Perpetuo Socorro,Ranchería,Cedral,San Luis Potosí,,Rural,https://postali.app/mx/san-luis-potosi/cedral/perpetuo-socorro
78524,Rancho San Francisco,Ranchería,Cedral,San Luis Potosí,,Rural,https://postali.app/mx/san-luis-potosi/cedral/rancho-san-francisco
78524,San Benito,Rancho,Cedral,San Luis Potosí,,Rural,https://postali.app/mx/san-luis-potosi/cedral/san-benito
78524,Unión,Colonia,Cedral,San Luis Potosí,Cedral,Urbano,https://postali.app/mx/san-luis-potosi/cedral/union
78525,Antorchista,Fraccionamiento,Cedral,San Luis Potosí,Cedral,Urbano,https://postali.app/mx/san-luis-potosi/cedral/antorchista
78525,El Cono del Progreso,Rancho,Cedral,San Luis Potosí,,Rural,https://postali.app/mx/san-luis-potosi/cedral/el-cono-del-progreso
78525,Emiliano Zapata,Colonia,Cedral,San Luis Potosí,Cedral,Rural,https://postali.app/mx/san-luis-potosi/cedral/emiliano-zapata
78525,Josefa Ortiz de Domínguez,Fraccionamiento,Cedral,San Luis Potosí,Cedral,Urbano,https://postali.app/mx/san-luis-potosi/cedral/josefa-ortiz-de-dominguez
78525,La Rinconada,Rancho,Cedral,San Luis Potosí,,Rural,https://postali.app/mx/san-luis-potosi/cedral/la-rinconada
78525,Lázaro Cárdenas,Fraccionamiento,Cedral,San Luis Potosí,Cedral,Urbano,https://postali.app/mx/san-luis-potosi/cedral/lazaro-cardenas
78525,Santo Domingo,Rancho,Cedral,San Luis Potosí,,Rural,https://postali.app/mx/san-luis-potosi/cedral/santo-domingo
78525,Valle de los Cedros,Fraccionamiento,Cedral,San Luis Potosí,Cedral,Urbano,https://postali.app/mx/san-luis-potosi/cedral/valle-de-los-cedros
78527,Antigua Guayulera,Colonia,Cedral,San Luis Potosí,Cedral,Urbano,https://postali.app/mx/san-luis-potosi/cedral/antigua-guayulera
78527,Arboledas,Colonia,Cedral,San Luis Potosí,Cedral,Urbano,https://postali.app/mx/san-luis-potosi/cedral/arboledas
78527,El Progreso,Fraccionamiento,Cedral,San Luis Potosí,Cedral,Urbano,https://postali.app/mx/san-luis-potosi/cedral/el-progreso
78527,Francisco I Madero,Fraccionamiento,Cedral,San Luis Potosí,Cedral,Urbano,https://postali.app/mx/san-luis-potosi/cedral/francisco-i-madero
78527,La Victoria,Fraccionamiento,Cedral,San Luis Potosí,Cedral,Urbano,https://postali.app/mx/san-luis-potosi/cedral/la-victoria
78530,Agrícola Cedral [Invernadero],Ranchería,Cedral,San Luis Potosí,,Rural,https://postali.app/mx/san-luis-potosi/cedral/agricola-cedral-invernadero
78530,Agrícola Solanum [Invernandero],Ranchería,Cedral,San Luis Potosí,,Rural,https://postali.app/mx/san-luis-potosi/cedral/agricola-solanum-invernandero
78530,Agrícola Solanum el Sillar (Las Vegas),Rancho,Cedral,San Luis Potosí,,Rural,https://postali.app/mx/san-luis-potosi/cedral/agricola-solanum-el-sillar-las-vegas
78530,El Pequeño,Ranchería,Cedral,San Luis Potosí,,Rural,https://postali.app/mx/san-luis-potosi/cedral/el-pequeno
78530,Entronque del Real,Rancho,Cedral,San Luis Potosí,,Rural,https://postali.app/mx/san-luis-potosi/cedral/entronque-del-real
78530,La Candelaria,Ejido,Cedral,San Luis Potosí,,Rural,https://postali.app/mx/san-luis-potosi/cedral/la-candelaria
78530,Noria de Dolores,Ranchería,Cedral,San Luis Potosí,,Rural,https://postali.app/mx/san-luis-potosi/cedral/noria-de-dolores
78530,Noria de San Pedro,Ranchería,Cedral,San Luis Potosí,,Rural,https://postali.app/mx/san-luis-potosi/cedral/noria-de-san-pedro
78530,Nueva Rosita,Ranchería,Cedral,San Luis Potosí,,Rural,https://postali.app/mx/san-luis-potosi/cedral/nueva-rosita
78530,Rancho San Martín,Ranchería,Cedral,San Luis Potosí,,Rural,https://postali.app/mx/san-luis-potosi/cedral/rancho-san-martin
78530,Rancho Santa Rosa,Ranchería,Cedral,San Luis Potosí,,Rural,https://postali.app/mx/san-luis-potosi/cedral/rancho-santa-rosa
78530,San Ignacio del Carmen,Ejido,Cedral,San Luis Potosí,,Rural,https://postali.app/mx/san-luis-potosi/cedral/san-ignacio-del-carmen
78530,San Isidro,Ejido,Cedral,San Luis Potosí,,Rural,https://postali.app/mx/san-luis-potosi/cedral/san-isidro
78530,San José de la Porra,Ejido,Cedral,San Luis Potosí,,Rural,https://postali.app/mx/san-luis-potosi/cedral/san-jose-de-la-porra
78530,San José del Ramillete,Ejido,Cedral,San Luis Potosí,,Rural,https://postali.app/mx/san-luis-potosi/cedral/san-jose-del-ramillete
78530,Santa Fe,Ranchería,Cedral,San Luis Potosí,,Rural,https://postali.app/mx/san-luis-potosi/cedral/santa-fe-78530
78533,Gallos Blancos,Ejido,Cedral,San Luis Potosí,,Rural,https://postali.app/mx/san-luis-potosi/cedral/gallos-blancos
78533,Hidalgo,Ejido,Cedral,San Luis Potosí,,Rural,https://postali.app/mx/san-luis-potosi/cedral/hidalgo
78533,Presa Verde,Ejido,Cedral,San Luis Potosí,,Rural,https://postali.app/mx/san-luis-potosi/cedral/presa-verde
78534,El Llano del Pinto,Ejido,Cedral,San Luis Potosí,,Rural,https://postali.app/mx/san-luis-potosi/cedral/el-llano-del-pinto
78534,El Mirador,Ejido,Cedral,San Luis Potosí,,Rural,https://postali.app/mx/san-luis-potosi/cedral/el-mirador
78534,Mesa de los Molina,Ranchería,Cedral,San Luis Potosí,,Rural,https://postali.app/mx/san-luis-potosi/cedral/mesa-de-los-molina
78534,Palo Blanco,Ranchería,Cedral,San Luis Potosí,,Rural,https://postali.app/mx/san-luis-potosi/cedral/palo-blanco
78534,San Antonio del Sotol,Ranchería,Cedral,San Luis Potosí,,Rural,https://postali.app/mx/san-luis-potosi/cedral/san-antonio-del-sotol
78534,San Mateo,Ejido,Cedral,San Luis Potosí,,Rural,https://postali.app/mx/san-luis-potosi/cedral/san-mateo
78535,Casa Blanca (Majada Ejido Zamarripa),Ejido,Cedral,San Luis Potosí,,Rural,https://postali.app/mx/san-luis-potosi/cedral/casa-blanca-majada-ejido-zamarripa
78535,La Candelaria,Ranchería,Cedral,San Luis Potosí,,Rural,https://postali.app/mx/san-luis-potosi/cedral/la-candelaria-78535
78535,La Joya,Ejido,Cedral,San Luis Potosí,,Rural,https://postali.app/mx/san-luis-potosi/cedral/la-joya
78535,La Joyita,Ejido,Cedral,San Luis Potosí,,Rural,https://postali.app/mx/san-luis-potosi/cedral/la-joyita
78535,La Pinta,Ranchería,Cedral,San Luis Potosí,,Rural,https://postali.app/mx/san-luis-potosi/cedral/la-pinta
78535,Rancho Nuevo,Ranchería,Cedral,San Luis Potosí,,Rural,https://postali.app/mx/san-luis-potosi/cedral/rancho-nuevo
78535,San Lorenzo,Ejido,Cedral,San Luis Potosí,,Rural,https://postali.app/mx/san-luis-potosi/cedral/san-lorenzo
78535,Santa Catarina,Ejido,Cedral,San Luis Potosí,,Rural,https://postali.app/mx/san-luis-potosi/cedral/santa-catarina
78535,Santa Rita del Sotol,Ejido,Cedral,San Luis Potosí,,Rural,https://postali.app/mx/san-luis-potosi/cedral/santa-rita-del-sotol
78535,Tanque Nuevo,Ejido,Cedral,San Luis Potosí,,Rural,https://postali.app/mx/san-luis-potosi/cedral/tanque-nuevo
78535,Zamarripa,Ejido,Cedral,San Luis Potosí,,Rural,https://postali.app/mx/san-luis-potosi/cedral/zamarripa
78536,Cerro de Flores,Ejido,Cedral,San Luis Potosí,,Rural,https://postali.app/mx/san-luis-potosi/cedral/cerro-de-flores
78536,El Cuarejo,Ranchería,Cedral,San Luis Potosí,,Rural,https://postali.app/mx/san-luis-potosi/cedral/el-cuarejo
78536,El Espíritu,Ejido,Cedral,San Luis Potosí,,Rural,https://postali.app/mx/san-luis-potosi/cedral/el-espiritu
78536,El Saladito,Ejido,Cedral,San Luis Potosí,,Rural,https://postali.app/mx/san-luis-potosi/cedral/el-saladito
78536,El Saucito,Ejido,Cedral,San Luis Potosí,,Rural,https://postali.app/mx/san-luis-potosi/cedral/el-saucito
78536,Jesús María,Ejido,Cedral,San Luis Potosí,,Rural,https://postali.app/mx/san-luis-potosi/cedral/jesus-maria
78536,La Boquilla,Ejido,Cedral,San Luis Potosí,,Rural,https://postali.app/mx/san-luis-potosi/cedral/la-boquilla
78536,La Crucita,Ranchería,Cedral,San Luis Potosí,,Rural,https://postali.app/mx/san-luis-potosi/cedral/la-crucita
78536,La Esperanza,Colonia,Cedral,San Luis Potosí,,Rural,https://postali.app/mx/san-luis-potosi/cedral/la-esperanza
78536,La Estancia,Ejido,Cedral,San Luis Potosí,,Rural,https://postali.app/mx/san-luis-potosi/cedral/la-estancia
78536,La Rinconada,Ranchería,Cedral,San Luis Potosí,,Rural,https://postali.app/mx/san-luis-potosi/cedral/la-rinconada-78536
78536,Lagunillas,Ranchería,Cedral,San Luis Potosí,,Rural,https://postali.app/mx/san-luis-potosi/cedral/lagunillas
78536,Loma Linda,Ranchería,Cedral,San Luis Potosí,,Rural,https://postali.app/mx/san-luis-potosi/cedral/loma-linda
78536,Los Orozco,Ranchería,Cedral,San Luis Potosí,,Rural,https://postali.app/mx/san-luis-potosi/cedral/los-orozco
78536,Progreso,Ranchería,Cedral,San Luis Potosí,,Rural,https://postali.app/mx/san-luis-potosi/cedral/progreso
78536,Rancho Viejo,Ranchería,Cedral,San Luis Potosí,,Rural,https://postali.app/mx/san-luis-potosi/cedral/rancho-viejo
78536,Refugio de Saladito,Ranchería,Cedral,San Luis Potosí,,Rural,https://postali.app/mx/san-luis-potosi/cedral/refugio-de-saladito
78536,Salitrillos del Refugio,Ejido,Cedral,San Luis Potosí,,Rural,https://postali.app/mx/san-luis-potosi/cedral/salitrillos-del-refugio
78536,Saltillito,Ranchería,Cedral,San Luis Potosí,,Rural,https://postali.app/mx/san-luis-potosi/cedral/saltillito
78536,San Antonio de los Montoya,Ranchería,Cedral,San Luis Potosí,,Rural,https://postali.app/mx/san-luis-potosi/cedral/san-antonio-de-los-montoya
78536,San Pablo,Hacienda,Cedral,San Luis Potosí,,Rural,https://postali.app/mx/san-luis-potosi/cedral/san-pablo
78536,San Rafael,Ejido,Cedral,San Luis Potosí,,Rural,https://postali.app/mx/san-luis-potosi/cedral/san-rafael
78536,San Rafael de los Facundos,Ejido,Cedral,San Luis Potosí,,Rural,https://postali.app/mx/san-luis-potosi/cedral/san-rafael-de-los-facundos
78537,El Blanco,Ejido,Cedral,San Luis Potosí,,Rural,https://postali.app/mx/san-luis-potosi/cedral/el-blanco
78537,El Sauz,Ejido,Cedral,San Luis Potosí,,Rural,https://postali.app/mx/san-luis-potosi/cedral/el-sauz
78537,La Cruz,Ejido,Cedral,San Luis Potosí,,Rural,https://postali.app/mx/san-luis-potosi/cedral/la-cruz
78537,Llanos de San Gabriel,Fraccionamiento,Cedral,San Luis Potosí,,Rural,https://postali.app/mx/san-luis-potosi/cedral/llanos-de-san-gabriel
78537,Rancho Vallarta,Ranchería,Cedral,San Luis Potosí,,Rural,https://postali.app/mx/san-luis-potosi/cedral/rancho-vallarta
78537,Refugio de las Monjas,Ejido,Cedral,San Luis Potosí,,Rural,https://postali.app/mx/san-luis-potosi/cedral/refugio-de-las-monjas
78537,Santa Teresa,Ranchería,Cedral,San Luis Potosí,,Rural,https://postali.app/mx/san-luis-potosi/cedral/santa-teresa
78540,Castañón,Ranchería,Catorce,San Luis Potosí,,Rural,https://postali.app/mx/san-luis-potosi/catorce/castanon
78540,Charco Largo,Ranchería,Catorce,San Luis Potosí,,Rural,https://postali.app/mx/san-luis-potosi/catorce/charco-largo
78540,Los Azules,Ranchería,Catorce,San Luis Potosí,,Rural,https://postali.app/mx/san-luis-potosi/catorce/los-azules
78540,Los Pames,Ranchería,Catorce,San Luis Potosí,,Rural,https://postali.app/mx/san-luis-potosi/catorce/los-pames
78540,Santa María del Refugio,Ejido,Catorce,San Luis Potosí,,Rural,https://postali.app/mx/san-luis-potosi/catorce/santa-maria-del-refugio
78543,El Tecolote,Ranchería,Catorce,San Luis Potosí,,Rural,https://postali.app/mx/san-luis-potosi/catorce/el-tecolote
78543,La Borrega,Ranchería,Catorce,San Luis Potosí,,Rural,https://postali.app/mx/san-luis-potosi/catorce/la-borrega
78543,Las Amapolas,Ranchería,Catorce,San Luis Potosí,,Rural,https://postali.app/mx/san-luis-potosi/catorce/las-amapolas
78543,Rancho Nuevo,Ranchería,Catorce,San Luis Potosí,,Rural,https://postali.app/mx/san-luis-potosi/catorce/rancho-nuevo
78544,Cerrito de la Piedra,Ranchería,Catorce,San Luis Potosí,,Rural,https://postali.app/mx/san-luis-potosi/catorce/cerrito-de-la-piedra
78544,El Rayito,Ranchería,Catorce,San Luis Potosí,,Rural,https://postali.app/mx/san-luis-potosi/catorce/el-rayito
78544,La Cardoncita,Ejido,Catorce,San Luis Potosí,,Rural,https://postali.app/mx/san-luis-potosi/catorce/la-cardoncita
78544,La Mesa,Ranchería,Catorce,San Luis Potosí,,Rural,https://postali.app/mx/san-luis-potosi/catorce/la-mesa
78544,Los Negritos,Ranchería,Catorce,San Luis Potosí,,Rural,https://postali.app/mx/san-luis-potosi/catorce/los-negritos
78544,San Francisco del Refugio,Ranchería,Catorce,San Luis Potosí,,Rural,https://postali.app/mx/san-luis-potosi/catorce/san-francisco-del-refugio
78544,Tanque de Arenas,Ejido,Catorce,San Luis Potosí,,Rural,https://postali.app/mx/san-luis-potosi/catorce/tanque-de-arenas
78544,Valle Verde,Ranchería,Catorce,San Luis Potosí,,Rural,https://postali.app/mx/san-luis-potosi/catorce/valle-verde
78545,El Duraznillo,Ejido,Catorce,San Luis Potosí,,Rural,https://postali.app/mx/san-luis-potosi/catorce/el-duraznillo
78545,Las Cabecitas,Ranchería,Catorce,San Luis Potosí,,Rural,https://postali.app/mx/san-luis-potosi/catorce/las-cabecitas
78545,Tanque Charco Cercado,Ranchería,Catorce,San Luis Potosí,,Rural,https://postali.app/mx/san-luis-potosi/catorce/tanque-charco-cercado
78545,Tanque de Dolores,Ejido,Catorce,San Luis Potosí,,Rural,https://postali.app/mx/san-luis-potosi/catorce/tanque-de-dolores
78546,El Pozo Viejo,Ranchería,Catorce,San Luis Potosí,,Rural,https://postali.app/mx/san-luis-potosi/catorce/el-pozo-viejo
78546,El Refugio de Coronados,Ranchería,Catorce,San Luis Potosí,,Rural,https://postali.app/mx/san-luis-potosi/catorce/el-refugio-de-coronados
78546,Estación Catorce,Paraje,Catorce,San Luis Potosí,,Rural,https://postali.app/mx/san-luis-potosi/catorce/estacion-catorce
78546,Estación Wadley,Paraje,Catorce,San Luis Potosí,,Rural,https://postali.app/mx/san-luis-potosi/catorce/estacion-wadley
78546,Lavaderos,Ranchería,Catorce,San Luis Potosí,,Rural,https://postali.app/mx/san-luis-potosi/catorce/lavaderos
78546,Loma Blanca,Ranchería,Catorce,San Luis Potosí,,Rural,https://postali.app/mx/san-luis-potosi/catorce/loma-blanca
78546,Perros Duros,Ranchería,Catorce,San Luis Potosí,,Rural,https://postali.app/mx/san-luis-potosi/catorce/perros-duros
78546,San Rafael de Torres,Ejido,Catorce,San Luis Potosí,,Rural,https://postali.app/mx/san-luis-potosi/catorce/san-rafael-de-torres
78547,Boquilla de Barrabás,Ranchería,Catorce,San Luis Potosí,,Rural,https://postali.app/mx/san-luis-potosi/catorce/boquilla-de-barrabas
78547,Cerrito Blanco,Ranchería,Catorce,San Luis Potosí,,Rural,https://postali.app/mx/san-luis-potosi/catorce/cerrito-blanco
78547,Las Margaritas,Ejido,Catorce,San Luis Potosí,,Rural,https://postali.app/mx/san-luis-potosi/catorce/las-margaritas
78550,Real de Catorce,Pueblo,Catorce,San Luis Potosí,,Urbano,https://postali.app/mx/san-luis-potosi/catorce/real-de-catorce
78553,Camposanto,Barrio,Catorce,San Luis Potosí,,Urbano,https://postali.app/mx/san-luis-potosi/catorce/camposanto
78554,Guadalupe,Barrio,Catorce,San Luis Potosí,,Urbano,https://postali.app/mx/san-luis-potosi/catorce/guadalupe
78555,Purísima (Coyotera),Barrio,Catorce,San Luis Potosí,,Urbano,https://postali.app/mx/san-luis-potosi/catorce/purisima-coyotera
78560,Agua Blanca,Ranchería,Catorce,San Luis Potosí,,Rural,https://postali.app/mx/san-luis-potosi/catorce/agua-blanca
78560,Desmontes de Catorce (Los Tahonitas),Ejido,Catorce,San Luis Potosí,,Rural,https://postali.app/mx/san-luis-potosi/catorce/desmontes-de-catorce-los-tahonitas
78560,El Salto,Ranchería,Catorce,San Luis Potosí,,Rural,https://postali.app/mx/san-luis-potosi/catorce/el-salto
78560,La Cañada,Ranchería,Catorce,San Luis Potosí,,Rural,https://postali.app/mx/san-luis-potosi/catorce/la-canada
78560,La Palma,Ranchería,Catorce,San Luis Potosí,,Rural,https://postali.app/mx/san-luis-potosi/catorce/la-palma
78560,La Pila,Ranchería,Catorce,San Luis Potosí,,Rural,https://postali.app/mx/san-luis-potosi/catorce/la-pila
78560,Las Auras,Ranchería,Catorce,San Luis Potosí,,Rural,https://postali.app/mx/san-luis-potosi/catorce/las-auras
78560,Los Catorce,Ranchería,Catorce,San Luis Potosí,,Rural,https://postali.app/mx/san-luis-potosi/catorce/los-catorce
78560,Los Cuatro Caminos,Ranchería,Catorce,San Luis Potosí,,Rural,https://postali.app/mx/san-luis-potosi/catorce/los-cuatro-caminos
78560,Ojo de Agua,Ranchería,Catorce,San Luis Potosí,,Rural,https://postali.app/mx/san-luis-potosi/catorce/ojo-de-agua
78560,Poblazón,Ranchería,Catorce,San Luis Potosí,,Rural,https://postali.app/mx/san-luis-potosi/catorce/poblazon
78560,Refugio de los Amayas,Ranchería,Catorce,San Luis Potosí,,Rural,https://postali.app/mx/san-luis-potosi/catorce/refugio-de-los-amayas
78560,San Cristóbal,Ejido,Catorce,San Luis Potosí,,Rural,https://postali.app/mx/san-luis-potosi/catorce/san-cristobal
78560,San José de los Quintos,Ejido,Catorce,San Luis Potosí,,Rural,https://postali.app/mx/san-luis-potosi/catorce/san-jose-de-los-quintos
78560,San José de Milpitas,Ejido,Catorce,San Luis Potosí,,Rural,https://postali.app/mx/san-luis-potosi/catorce/san-jose-de-milpitas
78560,Viborillas,Ranchería,Catorce,San Luis Potosí,,Rural,https://postali.app/mx/san-luis-potosi/catorce/viborillas
78563,El Espolón,Ranchería,Catorce,San Luis Potosí,,Rural,https://postali.app/mx/san-luis-potosi/catorce/el-espolon
78563,El Potrero,Pueblo,Catorce,San Luis Potosí,,Rural,https://postali.app/mx/san-luis-potosi/catorce/el-potrero
78563,El Refugio (La Luz),Ranchería,Catorce,San Luis Potosí,,Rural,https://postali.app/mx/san-luis-potosi/catorce/el-refugio-la-luz
78563,Mina de Concepción,Ranchería,Catorce,San Luis Potosí,,Rural,https://postali.app/mx/san-luis-potosi/catorce/mina-de-concepcion
78563,Potrerillos,Ranchería,Catorce,San Luis Potosí,,Rural,https://postali.app/mx/san-luis-potosi/catorce/potrerillos
78563,San Antonio de la Cruz,Ranchería,Catorce,San Luis Potosí,,Rural,https://postali.app/mx/san-luis-potosi/catorce/san-antonio-de-la-cruz
78563,Tahonitas del Salto,Ejido,Catorce,San Luis Potosí,,Rural,https://postali.app/mx/san-luis-potosi/catorce/tahonitas-del-salto
78564,Alamitos de los Díaz,Ranchería,Catorce,San Luis Potosí,,Rural,https://postali.app/mx/san-luis-potosi/catorce/alamitos-de-los-diaz
78564,El Barranco,Ejido,Catorce,San Luis Potosí,,Rural,https://postali.app/mx/san-luis-potosi/catorce/el-barranco
78564,El Garabato,Ranchería,Catorce,San Luis Potosí,,Rural,https://postali.app/mx/san-luis-potosi/catorce/el-garabato
78564,El Mastranto,Ranchería,Catorce,San Luis Potosí,,Rural,https://postali.app/mx/san-luis-potosi/catorce/el-mastranto
78564,La Leona,Ranchería,Catorce,San Luis Potosí,,Rural,https://postali.app/mx/san-luis-potosi/catorce/la-leona
78564,Las Adjuntas,Ranchería,Catorce,San Luis Potosí,,Rural,https://postali.app/mx/san-luis-potosi/catorce/las-adjuntas
78564,Las Relaciones,Ranchería,Catorce,San Luis Potosí,,Rural,https://postali.app/mx/san-luis-potosi/catorce/las-relaciones
78564,San Juan de Matanzas,Ejido,Catorce,San Luis Potosí,,Rural,https://postali.app/mx/san-luis-potosi/catorce/san-juan-de-matanzas
78564,Santa Cruz de Carretas,Ranchería,Catorce,San Luis Potosí,,Rural,https://postali.app/mx/san-luis-potosi/catorce/santa-cruz-de-carretas
78565,Guadalupe del Carnicero (La Maroma),Ejido,Catorce,San Luis Potosí,,Rural,https://postali.app/mx/san-luis-potosi/catorce/guadalupe-del-carnicero-la-maroma
78565,Jesús de Coronados,Ranchería,Catorce,San Luis Potosí,,Rural,https://postali.app/mx/san-luis-potosi/catorce/jesus-de-coronados
78565,Ranchito de Coronados,Ejido,Catorce,San Luis Potosí,,Rural,https://postali.app/mx/san-luis-potosi/catorce/ranchito-de-coronados
78565,San Antonio de Coronados,Ranchería,Catorce,San Luis Potosí,,Rural,https://postali.app/mx/san-luis-potosi/catorce/san-antonio-de-coronados
78565,San José de Coronados,Ranchería,Catorce,San Luis Potosí,,Rural,https://postali.app/mx/san-luis-potosi/catorce/san-jose-de-coronados
78565,Vigas de Coronados,Ranchería,Catorce,San Luis Potosí,,Rural,https://postali.app/mx/san-luis-potosi/catorce/vigas-de-coronados
78566,Alamaritos de Coronados,Ranchería,Catorce,San Luis Potosí,,Rural,https://postali.app/mx/san-luis-potosi/catorce/alamaritos-de-coronados
78566,Becerras,Ranchería,Catorce,San Luis Potosí,,Rural,https://postali.app/mx/san-luis-potosi/catorce/becerras
78566,Bedao,Ranchería,Catorce,San Luis Potosí,,Rural,https://postali.app/mx/san-luis-potosi/catorce/bedao
78566,El Jordán,Ranchería,Catorce,San Luis Potosí,,Rural,https://postali.app/mx/san-luis-potosi/catorce/el-jordan
78566,El Magueyal,Ranchería,Catorce,San Luis Potosí,,Rural,https://postali.app/mx/san-luis-potosi/catorce/el-magueyal
78566,El Oreganal,Ranchería,Catorce,San Luis Potosí,,Rural,https://postali.app/mx/san-luis-potosi/catorce/el-oreganal
78566,El Pastor de Coronados,Ranchería,Catorce,San Luis Potosí,,Rural,https://postali.app/mx/san-luis-potosi/catorce/el-pastor-de-coronados
78566,El Puerto de San Jacobo,Ranchería,Catorce,San Luis Potosí,,Rural,https://postali.app/mx/san-luis-potosi/catorce/el-puerto-de-san-jacobo
78566,El Vergel,Ranchería,Catorce,San Luis Potosí,,Rural,https://postali.app/mx/san-luis-potosi/catorce/el-vergel
78566,La Alberca,Ranchería,Catorce,San Luis Potosí,,Rural,https://postali.app/mx/san-luis-potosi/catorce/la-alberca
78566,La Cieneguita de Sosa,Ranchería,Catorce,San Luis Potosí,,Rural,https://postali.app/mx/san-luis-potosi/catorce/la-cieneguita-de-sosa
78566,La Lagunita (Maguey Mocho),Ranchería,Catorce,San Luis Potosí,,Rural,https://postali.app/mx/san-luis-potosi/catorce/la-lagunita-maguey-mocho
78566,La Milpita,Ranchería,Catorce,San Luis Potosí,,Rural,https://postali.app/mx/san-luis-potosi/catorce/la-milpita
78566,Las Adjuntas,Ranchería,Catorce,San Luis Potosí,,Rural,https://postali.app/mx/san-luis-potosi/catorce/las-adjuntas-78566
78566,Los Huíngaros,Ranchería,Catorce,San Luis Potosí,,Rural,https://postali.app/mx/san-luis-potosi/catorce/los-huingaros
78566,Los Ojitos de Agua,Ranchería,Catorce,San Luis Potosí,,Rural,https://postali.app/mx/san-luis-potosi/catorce/los-ojitos-de-agua
78566,Los Rayos,Ranchería,Catorce,San Luis Potosí,,Rural,https://postali.app/mx/san-luis-potosi/catorce/los-rayos
78566,Mesa del Venado,Ranchería,Catorce,San Luis Potosí,,Rural,https://postali.app/mx/san-luis-potosi/catorce/mesa-del-venado
78566,Real de Maroma,Ranchería,Catorce,San Luis Potosí,,Rural,https://postali.app/mx/san-luis-potosi/catorce/real-de-maroma
78566,Tahonas del Jordán,Ejido,Catorce,San Luis Potosí,,Rural,https://postali.app/mx/san-luis-potosi/catorce/tahonas-del-jordan
78566,Tierras Negras,Ranchería,Catorce,San Luis Potosí,,Rural,https://postali.app/mx/san-luis-potosi/catorce/tierras-negras
78567,El Huizachal,Ranchería,Catorce,San Luis Potosí,,Rural,https://postali.app/mx/san-luis-potosi/catorce/el-huizachal
78567,La Cantera,Ranchería,Catorce,San Luis Potosí,,Rural,https://postali.app/mx/san-luis-potosi/catorce/la-cantera
78567,Las Sevillas,Ranchería,Catorce,San Luis Potosí,,Rural,https://postali.app/mx/san-luis-potosi/catorce/las-sevillas
78567,Santa Cruz del Mogote,Ejido,Catorce,San Luis Potosí,,Rural,https://postali.app/mx/san-luis-potosi/catorce/santa-cruz-del-mogote
78570,Cañada Verde,Ejido,Charcas,San Luis Potosí,,Rural,https://postali.app/mx/san-luis-potosi/charcas/canada-verde
78570,Ceferino Sánchez Ontiveros,Rancho,Charcas,San Luis Potosí,,Rural,https://postali.app/mx/san-luis-potosi/charcas/ceferino-sanchez-ontiveros
78570,Emiliano Zapata (Las Canteras),Ejido,Charcas,San Luis Potosí,,Rural,https://postali.app/mx/san-luis-potosi/charcas/emiliano-zapata-las-canteras
78570,Fernando López Bustos,Rancho,Charcas,San Luis Potosí,,Rural,https://postali.app/mx/san-luis-potosi/charcas/fernando-lopez-bustos
78570,Francisco González,Rancho,Charcas,San Luis Potosí,,Rural,https://postali.app/mx/san-luis-potosi/charcas/francisco-gonzalez
78570,Juárez Dos,Ejido,Charcas,San Luis Potosí,,Rural,https://postali.app/mx/san-luis-potosi/charcas/juarez-dos
78570,La Clarinera (Antonio Aldape),Rancho,Charcas,San Luis Potosí,,Rural,https://postali.app/mx/san-luis-potosi/charcas/la-clarinera-antonio-aldape
78570,La Joyita (Los Corrales),Rancho,Charcas,San Luis Potosí,,Rural,https://postali.app/mx/san-luis-potosi/charcas/la-joyita-los-corrales
78570,Las Isabeles,Rancho,Charcas,San Luis Potosí,,Rural,https://postali.app/mx/san-luis-potosi/charcas/las-isabeles
78570,Los Corrales,Rancho,Charcas,San Luis Potosí,,Rural,https://postali.app/mx/san-luis-potosi/charcas/los-corrales
78570,María Félix Nerio Aguilar,Rancho,Charcas,San Luis Potosí,,Rural,https://postali.app/mx/san-luis-potosi/charcas/maria-felix-nerio-aguilar
78570,Pedro Aguilar,Rancho,Charcas,San Luis Potosí,,Rural,https://postali.app/mx/san-luis-potosi/charcas/pedro-aguilar
78570,San Francisco de los Ejidos,Rancho,Charcas,San Luis Potosí,,Rural,https://postali.app/mx/san-luis-potosi/charcas/san-francisco-de-los-ejidos
78573,Congregación de Dolores (Las Quince Letras),Rancho,Charcas,San Luis Potosí,,Rural,https://postali.app/mx/san-luis-potosi/charcas/congregacion-de-dolores-las-quince-letras
78573,El Rincón (Timoteo Pérez),Rancho,Charcas,San Luis Potosí,,Rural,https://postali.app/mx/san-luis-potosi/charcas/el-rincon-timoteo-perez
78573,IMMSA [Mina Tiro General],Ranchería,Charcas,San Luis Potosí,,Rural,https://postali.app/mx/san-luis-potosi/charcas/immsa-mina-tiro-general
78573,Jorge Castañeda,Rancho,Charcas,San Luis Potosí,,Rural,https://postali.app/mx/san-luis-potosi/charcas/jorge-castaneda
78573,Juárez,Ejido,Charcas,San Luis Potosí,,Rural,https://postali.app/mx/san-luis-potosi/charcas/juarez
78573,La Medalla,Rancho,Charcas,San Luis Potosí,,Rural,https://postali.app/mx/san-luis-potosi/charcas/la-medalla
78573,La Zapatilla,Rancho,Charcas,San Luis Potosí,,Rural,https://postali.app/mx/san-luis-potosi/charcas/la-zapatilla
78573,Las Tinajitas,Rancho,Charcas,San Luis Potosí,,Rural,https://postali.app/mx/san-luis-potosi/charcas/las-tinajitas
78573,Los Gavilanes,Rancho,Charcas,San Luis Potosí,,Rural,https://postali.app/mx/san-luis-potosi/charcas/los-gavilanes
78573,Los Jaboncillos,Rancho,Charcas,San Luis Potosí,,Rural,https://postali.app/mx/san-luis-potosi/charcas/los-jaboncillos
78573,Los López,Rancho,Charcas,San Luis Potosí,,Rural,https://postali.app/mx/san-luis-potosi/charcas/los-lopez
78573,Rincón Verde,Rancho,Charcas,San Luis Potosí,,Rural,https://postali.app/mx/san-luis-potosi/charcas/rincon-verde
78573,San Onofre,Rancho,Charcas,San Luis Potosí,,Rural,https://postali.app/mx/san-luis-potosi/charcas/san-onofre
78574,Charco Prieto,Rancho,Charcas,San Luis Potosí,,Rural,https://postali.app/mx/san-luis-potosi/charcas/charco-prieto
78574,Efraín González Galván,Rancho,Charcas,San Luis Potosí,,Rural,https://postali.app/mx/san-luis-potosi/charcas/efrain-gonzalez-galvan
78574,El Reventón,Rancho,Charcas,San Luis Potosí,,Rural,https://postali.app/mx/san-luis-potosi/charcas/el-reventon
78574,El Saucito,Rancho,Charcas,San Luis Potosí,,Rural,https://postali.app/mx/san-luis-potosi/charcas/el-saucito
78574,Gregorio González López,Rancho,Charcas,San Luis Potosí,,Rural,https://postali.app/mx/san-luis-potosi/charcas/gregorio-gonzalez-lopez
78574,Las Ánimas,Rancho,Charcas,San Luis Potosí,,Rural,https://postali.app/mx/san-luis-potosi/charcas/las-animas
78574,Noria de Guadalupito,Rancho,Charcas,San Luis Potosí,,Rural,https://postali.app/mx/san-luis-potosi/charcas/noria-de-guadalupito
78574,Pocitos,Ejido,Charcas,San Luis Potosí,,Rural,https://postali.app/mx/san-luis-potosi/charcas/pocitos
78574,San Francisco de los Álamos,Rancho,Charcas,San Luis Potosí,,Rural,https://postali.app/mx/san-luis-potosi/charcas/san-francisco-de-los-alamos
78575,Elorza,Ejido,Charcas,San Luis Potosí,,Rural,https://postali.app/mx/san-luis-potosi/charcas/elorza
78575,Fátima,Ejido,Charcas,San Luis Potosí,,Rural,https://postali.app/mx/san-luis-potosi/charcas/fatima
78575,Ignacio Aldama,Ejido,Charcas,San Luis Potosí,,Rural,https://postali.app/mx/san-luis-potosi/charcas/ignacio-aldama
78575,La Embargada,Rancho,Charcas,San Luis Potosí,,Rural,https://postali.app/mx/san-luis-potosi/charcas/la-embargada
78575,Rancho los Álamos,Rancho,Charcas,San Luis Potosí,,Rural,https://postali.app/mx/san-luis-potosi/charcas/rancho-los-alamos
78575,San Francisco,Rancho,Charcas,San Luis Potosí,,Rural,https://postali.app/mx/san-luis-potosi/charcas/san-francisco
78575,San José,Ejido,Charcas,San Luis Potosí,,Rural,https://postali.app/mx/san-luis-potosi/charcas/san-jose
78575,Tanque de Don Santiago,Rancho,Charcas,San Luis Potosí,,Rural,https://postali.app/mx/san-luis-potosi/charcas/tanque-de-don-santiago
78576,Cerro Prieto,Ejido,Charcas,San Luis Potosí,,Rural,https://postali.app/mx/san-luis-potosi/charcas/cerro-prieto
78576,El Clérigo,Rancho,Charcas,San Luis Potosí,,Rural,https://postali.app/mx/san-luis-potosi/charcas/el-clerigo
78576,El Rastrero (La Noria),Rancho,Charcas,San Luis Potosí,,Rural,https://postali.app/mx/san-luis-potosi/charcas/el-rastrero-la-noria
78576,Juan Hernández,Rancho,Charcas,San Luis Potosí,,Rural,https://postali.app/mx/san-luis-potosi/charcas/juan-hernandez
78576,Laborcilla,Rancho,Charcas,San Luis Potosí,,Rural,https://postali.app/mx/san-luis-potosi/charcas/laborcilla
78576,Los Callejones,Ranchería,Charcas,San Luis Potosí,,Rural,https://postali.app/mx/san-luis-potosi/charcas/los-callejones
78576,Rancho el Caño,Rancho,Charcas,San Luis Potosí,,Rural,https://postali.app/mx/san-luis-potosi/charcas/rancho-el-cano
78576,Rancho el Rodeo,Rancho,Charcas,San Luis Potosí,,Rural,https://postali.app/mx/san-luis-potosi/charcas/rancho-el-rodeo
78576,San Julián Santa María,Rancho,Charcas,San Luis Potosí,,Rural,https://postali.app/mx/san-luis-potosi/charcas/san-julian-santa-maria
78576,Santa Ana de Zaragoza,Ejido,Charcas,San Luis Potosí,,Rural,https://postali.app/mx/san-luis-potosi/charcas/santa-ana-de-zaragoza
78576,Tanque de Santa Ana,Rancho,Charcas,San Luis Potosí,,Rural,https://postali.app/mx/san-luis-potosi/charcas/tanque-de-santa-ana
78576,Álvaro Obregón (Estación los Charcos),Ejido,Charcas,San Luis Potosí,,Rural,https://postali.app/mx/san-luis-potosi/charcas/alvaro-obregon-estacion-los-charcos
78577,Buenavista,Ranchería,Charcas,San Luis Potosí,,Rural,https://postali.app/mx/san-luis-potosi/charcas/buenavista
78577,Chupaderos,Ejido,Charcas,San Luis Potosí,,Rural,https://postali.app/mx/san-luis-potosi/charcas/chupaderos
78577,El Lucero,Rancho,Charcas,San Luis Potosí,,Rural,https://postali.app/mx/san-luis-potosi/charcas/el-lucero
78577,El Orito,Rancho,Charcas,San Luis Potosí,,Rural,https://postali.app/mx/san-luis-potosi/charcas/el-orito
78577,El Pame,Ranchería,Charcas,San Luis Potosí,,Rural,https://postali.app/mx/san-luis-potosi/charcas/el-pame
78577,El Perdido,Rancho,Charcas,San Luis Potosí,,Rural,https://postali.app/mx/san-luis-potosi/charcas/el-perdido
78577,El Sauz,Rancho,Charcas,San Luis Potosí,,Rural,https://postali.app/mx/san-luis-potosi/charcas/el-sauz
78577,El Tepozán,Rancho,Charcas,San Luis Potosí,,Rural,https://postali.app/mx/san-luis-potosi/charcas/el-tepozan
78577,El Terrero (Ejido Charcas),Rancho,Charcas,San Luis Potosí,,Rural,https://postali.app/mx/san-luis-potosi/charcas/el-terrero-ejido-charcas
78577,El Águila,Ranchería,Charcas,San Luis Potosí,,Rural,https://postali.app/mx/san-luis-potosi/charcas/el-aguila
78577,Fracción el Capulín,Rancho,Charcas,San Luis Potosí,,Rural,https://postali.app/mx/san-luis-potosi/charcas/fraccion-el-capulin
78577,Fracción Palmas (Palmas),Ranchería,Charcas,San Luis Potosí,,Rural,https://postali.app/mx/san-luis-potosi/charcas/fraccion-palmas-palmas
78577,Garabatillo,Ranchería,Charcas,San Luis Potosí,,Rural,https://postali.app/mx/san-luis-potosi/charcas/garabatillo
78577,Gualupe,Rancho,Charcas,San Luis Potosí,,Rural,https://postali.app/mx/san-luis-potosi/charcas/gualupe
78577,Guapilillas,Rancho,Charcas,San Luis Potosí,,Rural,https://postali.app/mx/san-luis-potosi/charcas/guapilillas
78577,La Estancia,Rancho,Charcas,San Luis Potosí,,Rural,https://postali.app/mx/san-luis-potosi/charcas/la-estancia
78577,La Laguna de los Caballos,Rancho,Charcas,San Luis Potosí,,Rural,https://postali.app/mx/san-luis-potosi/charcas/la-laguna-de-los-caballos
78577,La Negrita,Rancho,Charcas,San Luis Potosí,,Rural,https://postali.app/mx/san-luis-potosi/charcas/la-negrita
78577,La Sancheña,Rancho,Charcas,San Luis Potosí,,Rural,https://postali.app/mx/san-luis-potosi/charcas/la-sanchena
78577,La Trinidad,Rancho,Charcas,San Luis Potosí,,Rural,https://postali.app/mx/san-luis-potosi/charcas/la-trinidad
78577,Labor de la Cruz,Rancho,Charcas,San Luis Potosí,,Rural,https://postali.app/mx/san-luis-potosi/charcas/labor-de-la-cruz
78577,Majada las Tordillas,Rancho,Charcas,San Luis Potosí,,Rural,https://postali.app/mx/san-luis-potosi/charcas/majada-las-tordillas
78577,Morelos,Rancho,Charcas,San Luis Potosí,,Rural,https://postali.app/mx/san-luis-potosi/charcas/morelos
78577,Nopales Altos,Rancho,Charcas,San Luis Potosí,,Rural,https://postali.app/mx/san-luis-potosi/charcas/nopales-altos
78577,Noria de Gutiérrez (José María Morelos),Ejido,Charcas,San Luis Potosí,,Rural,https://postali.app/mx/san-luis-potosi/charcas/noria-de-gutierrez-jose-maria-morelos
78577,Noria Pinta,Rancho,Charcas,San Luis Potosí,,Rural,https://postali.app/mx/san-luis-potosi/charcas/noria-pinta
78577,Pame (El Llano),Rancho,Charcas,San Luis Potosí,,Rural,https://postali.app/mx/san-luis-potosi/charcas/pame-el-llano
78577,Pro Año,Rancho,Charcas,San Luis Potosí,,Rural,https://postali.app/mx/san-luis-potosi/charcas/pro-ano
78577,Puerto de Ramos,Rancho,Charcas,San Luis Potosí,,Rural,https://postali.app/mx/san-luis-potosi/charcas/puerto-de-ramos
78577,Puerto del Lechuguillero,Rancho,Charcas,San Luis Potosí,,Rural,https://postali.app/mx/san-luis-potosi/charcas/puerto-del-lechuguillero
78577,Rancho Alegre,Ranchería,Charcas,San Luis Potosí,,Rural,https://postali.app/mx/san-luis-potosi/charcas/rancho-alegre
78577,Rincón Blanco,Rancho,Charcas,San Luis Potosí,,Rural,https://postali.app/mx/san-luis-potosi/charcas/rincon-blanco
78577,San Antonio de las Huertas,Rancho,Charcas,San Luis Potosí,,Rural,https://postali.app/mx/san-luis-potosi/charcas/san-antonio-de-las-huertas
78577,San Diego,Rancho,Charcas,San Luis Potosí,,Rural,https://postali.app/mx/san-luis-potosi/charcas/san-diego
78577,San José,Rancho,Charcas,San Luis Potosí,,Rural,https://postali.app/mx/san-luis-potosi/charcas/san-jose-78577
78577,San Rafael,Ejido,Charcas,San Luis Potosí,,Rural,https://postali.app/mx/san-luis-potosi/charcas/san-rafael
78577,Tunalillo,Rancho,Charcas,San Luis Potosí,,Rural,https://postali.app/mx/san-luis-potosi/charcas/tunalillo
78578,El Bajío,Ranchería,Charcas,San Luis Potosí,,Rural,https://postali.app/mx/san-luis-potosi/charcas/el-bajio
78578,El Cedazo,Ejido,Charcas,San Luis Potosí,,Rural,https://postali.app/mx/san-luis-potosi/charcas/el-cedazo
78578,Majadita Blanca,Ranchería,Charcas,San Luis Potosí,,Rural,https://postali.app/mx/san-luis-potosi/charcas/majadita-blanca
78578,Salitrillos,Rancho,Charcas,San Luis Potosí,,Rural,https://postali.app/mx/san-luis-potosi/charcas/salitrillos
78578,San Antonio,Rancho,Charcas,San Luis Potosí,,Rural,https://postali.app/mx/san-luis-potosi/charcas/san-antonio
78578,San Juan del Tuzal,Ejido,Charcas,San Luis Potosí,,Rural,https://postali.app/mx/san-luis-potosi/charcas/san-juan-del-tuzal
78578,San Martín,Rancho,Charcas,San Luis Potosí,,Rural,https://postali.app/mx/san-luis-potosi/charcas/san-martin
78580,Calabacillas,Rancho,Charcas,San Luis Potosí,,Rural,https://postali.app/mx/san-luis-potosi/charcas/calabacillas
78580,Cerro Prieto,Ranchería,Charcas,San Luis Potosí,,Rural,https://postali.app/mx/san-luis-potosi/charcas/cerro-prieto-78580
78580,Charco Verde,Rancho,Charcas,San Luis Potosí,,Rural,https://postali.app/mx/san-luis-potosi/charcas/charco-verde
78580,El Zacatonal,Rancho,Charcas,San Luis Potosí,,Rural,https://postali.app/mx/san-luis-potosi/charcas/el-zacatonal
78580,Genaro Bustos Ramírez,Rancho,Charcas,San Luis Potosí,,Rural,https://postali.app/mx/san-luis-potosi/charcas/genaro-bustos-ramirez
78580,La Barranca,Rancho,Charcas,San Luis Potosí,,Rural,https://postali.app/mx/san-luis-potosi/charcas/la-barranca
78580,Nabor Moreno,Rancho,Charcas,San Luis Potosí,,Rural,https://postali.app/mx/san-luis-potosi/charcas/nabor-moreno
78580,Paso del Mezquite (Cerro Blanco),Rancho,Charcas,San Luis Potosí,,Rural,https://postali.app/mx/san-luis-potosi/charcas/paso-del-mezquite-cerro-blanco
78580,San Felipe,Rancho,Charcas,San Luis Potosí,,Rural,https://postali.app/mx/san-luis-potosi/charcas/san-felipe
78580,Santa Cruz,Rancho,Charcas,San Luis Potosí,,Rural,https://postali.app/mx/san-luis-potosi/charcas/santa-cruz
78580,Tinajuelas,Ranchería,Charcas,San Luis Potosí,,Rural,https://postali.app/mx/san-luis-potosi/charcas/tinajuelas
78583,Cañón de Lajas,Rancho,Charcas,San Luis Potosí,,Rural,https://postali.app/mx/san-luis-potosi/charcas/canon-de-lajas
78583,Cerro Gordo,Ranchería,Charcas,San Luis Potosí,,Rural,https://postali.app/mx/san-luis-potosi/charcas/cerro-gordo
78583,Clavellina,Rancho,Charcas,San Luis Potosí,,Rural,https://postali.app/mx/san-luis-potosi/charcas/clavellina
78583,El Malpaso,Rancho,Charcas,San Luis Potosí,,Rural,https://postali.app/mx/san-luis-potosi/charcas/el-malpaso
78583,El Saucito,Ranchería,Charcas,San Luis Potosí,,Rural,https://postali.app/mx/san-luis-potosi/charcas/el-saucito-78583
78583,El Tucanazo,Rancho,Charcas,San Luis Potosí,,Rural,https://postali.app/mx/san-luis-potosi/charcas/el-tucanazo
78583,Elidio Lázaro Esquivel,Rancho,Charcas,San Luis Potosí,,Rural,https://postali.app/mx/san-luis-potosi/charcas/elidio-lazaro-esquivel
78583,Hermelinda Moreno Sánchez,Rancho,Charcas,San Luis Potosí,,Rural,https://postali.app/mx/san-luis-potosi/charcas/hermelinda-moreno-sanchez
78583,Isidro Cázares Rodríguez,Rancho,Charcas,San Luis Potosí,,Rural,https://postali.app/mx/san-luis-potosi/charcas/isidro-cazares-rodriguez
78583,Joaquín Cansino,Rancho,Charcas,San Luis Potosí,,Rural,https://postali.app/mx/san-luis-potosi/charcas/joaquin-cansino
78583,La Quinta (La Hacienda),Barrio,Charcas,San Luis Potosí,,Rural,https://postali.app/mx/san-luis-potosi/charcas/la-quinta-la-hacienda
78583,Lo de Acosta,Ejido,Charcas,San Luis Potosí,,Rural,https://postali.app/mx/san-luis-potosi/charcas/lo-de-acosta
78583,Los Aguilares,Rancho,Charcas,San Luis Potosí,,Rural,https://postali.app/mx/san-luis-potosi/charcas/los-aguilares
78583,Los San Pedros,Ranchería,Charcas,San Luis Potosí,,Rural,https://postali.app/mx/san-luis-potosi/charcas/los-san-pedros
78583,Noria del Cerro Gordo,Ejido,Charcas,San Luis Potosí,,Rural,https://postali.app/mx/san-luis-potosi/charcas/noria-del-cerro-gordo
78583,Salinillas,Rancho,Charcas,San Luis Potosí,,Rural,https://postali.app/mx/san-luis-potosi/charcas/salinillas
78583,San Antonio de la Puente,Rancho,Charcas,San Luis Potosí,,Rural,https://postali.app/mx/san-luis-potosi/charcas/san-antonio-de-la-puente
78583,San Elías,Rancho,Charcas,San Luis Potosí,,Rural,https://postali.app/mx/san-luis-potosi/charcas/san-elias
78583,San Francisco de Asís del Campo Real,Rancho,Charcas,San Luis Potosí,,Rural,https://postali.app/mx/san-luis-potosi/charcas/san-francisco-de-asis-del-campo-real
78583,San José de la Cruz,Rancho,Charcas,San Luis Potosí,,Rural,https://postali.app/mx/san-luis-potosi/charcas/san-jose-de-la-cruz
78583,Vicente Guerrero (Las Escobas),Rancho,Charcas,San Luis Potosí,,Rural,https://postali.app/mx/san-luis-potosi/charcas/vicente-guerrero-las-escobas
78584,Aquiles Serdán,Ejido,Charcas,San Luis Potosí,,Rural,https://postali.app/mx/san-luis-potosi/charcas/aquiles-serdan
78584,El Astillero,Rancho,Charcas,San Luis Potosí,,Rural,https://postali.app/mx/san-luis-potosi/charcas/el-astillero
78584,El Entronque,Rancho,Charcas,San Luis Potosí,,Rural,https://postali.app/mx/san-luis-potosi/charcas/el-entronque
78584,Estación Berrendo,Rancho,Charcas,San Luis Potosí,,Rural,https://postali.app/mx/san-luis-potosi/charcas/estacion-berrendo
78584,Estación Laguna Seca,Paraje,Charcas,San Luis Potosí,,Rural,https://postali.app/mx/san-luis-potosi/charcas/estacion-laguna-seca
78584,Francisco I. Madero,Ejido,Charcas,San Luis Potosí,,Rural,https://postali.app/mx/san-luis-potosi/charcas/francisco-i-madero
78584,La Cueva de la Nicha,Rancho,Charcas,San Luis Potosí,,Rural,https://postali.app/mx/san-luis-potosi/charcas/la-cueva-de-la-nicha
78584,Miguel Hidalgo,Ejido,Charcas,San Luis Potosí,,Rural,https://postali.app/mx/san-luis-potosi/charcas/miguel-hidalgo
78584,San Joaquín,Rancho,Charcas,San Luis Potosí,,Rural,https://postali.app/mx/san-luis-potosi/charcas/san-joaquin
78585,Cerrito de Piedras,Ranchería,Charcas,San Luis Potosí,,Rural,https://postali.app/mx/san-luis-potosi/charcas/cerrito-de-piedras
78585,Cerro Blanco,Rancho,Charcas,San Luis Potosí,,Rural,https://postali.app/mx/san-luis-potosi/charcas/cerro-blanco
78585,Coyotillillos,Rancho,Charcas,San Luis Potosí,,Rural,https://postali.app/mx/san-luis-potosi/charcas/coyotillillos
78585,Coyotillos,Ejido,Charcas,San Luis Potosí,,Rural,https://postali.app/mx/san-luis-potosi/charcas/coyotillos
78585,El Arenal,Rancho,Charcas,San Luis Potosí,,Rural,https://postali.app/mx/san-luis-potosi/charcas/el-arenal
78585,El Frailesco,Rancho,Charcas,San Luis Potosí,,Rural,https://postali.app/mx/san-luis-potosi/charcas/el-frailesco
78585,El Hospital,Rancho,Charcas,San Luis Potosí,,Rural,https://postali.app/mx/san-luis-potosi/charcas/el-hospital
78585,El Macareno,Rancho,Charcas,San Luis Potosí,,Rural,https://postali.app/mx/san-luis-potosi/charcas/el-macareno
78585,El Refugio,Rancho,Charcas,San Luis Potosí,,Rural,https://postali.app/mx/san-luis-potosi/charcas/el-refugio
78585,Fabián Bernal,Rancho,Charcas,San Luis Potosí,,Rural,https://postali.app/mx/san-luis-potosi/charcas/fabian-bernal
78585,Francisco Bernal,Rancho,Charcas,San Luis Potosí,,Rural,https://postali.app/mx/san-luis-potosi/charcas/francisco-bernal
78585,Francisco Bustos,Rancho,Charcas,San Luis Potosí,,Rural,https://postali.app/mx/san-luis-potosi/charcas/francisco-bustos
78585,Juan Bernal,Rancho,Charcas,San Luis Potosí,,Rural,https://postali.app/mx/san-luis-potosi/charcas/juan-bernal
78585,Lajas,Rancho,Charcas,San Luis Potosí,,Rural,https://postali.app/mx/san-luis-potosi/charcas/lajas
78585,Las Atravesadas,Rancho,Charcas,San Luis Potosí,,Rural,https://postali.app/mx/san-luis-potosi/charcas/las-atravesadas
78585,Las Palomas,Rancho,Charcas,San Luis Potosí,,Rural,https://postali.app/mx/san-luis-potosi/charcas/las-palomas
78585,Lo de Acosta (La Pulga),Ejido,Charcas,San Luis Potosí,,Rural,https://postali.app/mx/san-luis-potosi/charcas/lo-de-acosta-la-pulga
78585,Los Álamos,Rancho,Charcas,San Luis Potosí,,Rural,https://postali.app/mx/san-luis-potosi/charcas/los-alamos
78585,Majada de Chon,Rancho,Charcas,San Luis Potosí,,Rural,https://postali.app/mx/san-luis-potosi/charcas/majada-de-chon
78585,Potrero Lo de Acosta (Mala Noche),Rancho,Charcas,San Luis Potosí,,Rural,https://postali.app/mx/san-luis-potosi/charcas/potrero-lo-de-acosta-mala-noche
78585,Ricardo Bernal,Rancho,Charcas,San Luis Potosí,,Rural,https://postali.app/mx/san-luis-potosi/charcas/ricardo-bernal
78585,Sacramento Arellano,Rancho,Charcas,San Luis Potosí,,Rural,https://postali.app/mx/san-luis-potosi/charcas/sacramento-arellano
78585,Tanque San Bartolo,Rancho,Charcas,San Luis Potosí,,Rural,https://postali.app/mx/san-luis-potosi/charcas/tanque-san-bartolo
78585,Vidal Moreno,Rancho,Charcas,San Luis Potosí,,Rural,https://postali.app/mx/san-luis-potosi/charcas/vidal-moreno
78586,El Rosario,Rancho,Charcas,San Luis Potosí,,Rural,https://postali.app/mx/san-luis-potosi/charcas/el-rosario
78586,Juan Ramírez,Rancho,Charcas,San Luis Potosí,,Rural,https://postali.app/mx/san-luis-potosi/charcas/juan-ramirez
78586,La Presa,Rancho,Charcas,San Luis Potosí,,Rural,https://postali.app/mx/san-luis-potosi/charcas/la-presa
78586,Mesa Redonda,Rancho,Charcas,San Luis Potosí,,Rural,https://postali.app/mx/san-luis-potosi/charcas/mesa-redonda
78586,Mesa Verganza,Rancho,Charcas,San Luis Potosí,,Rural,https://postali.app/mx/san-luis-potosi/charcas/mesa-verganza
78586,Mesa Verganza (Chiquihuitillo),Rancho,Charcas,San Luis Potosí,,Rural,https://postali.app/mx/san-luis-potosi/charcas/mesa-verganza-chiquihuitillo
78586,Prisciliano Rodríguez,Rancho,Charcas,San Luis Potosí,,Rural,https://postali.app/mx/san-luis-potosi/charcas/prisciliano-rodriguez
78587,Arroyo el Borrego,Rancho,Charcas,San Luis Potosí,,Rural,https://postali.app/mx/san-luis-potosi/charcas/arroyo-el-borrego
78587,Cerro San Agustín,Rancho,Charcas,San Luis Potosí,,Rural,https://postali.app/mx/san-luis-potosi/charcas/cerro-san-agustin
78587,El Diamante,Rancho,Charcas,San Luis Potosí,,Rural,https://postali.app/mx/san-luis-potosi/charcas/el-diamante
78587,El Mosco,Rancho,Charcas,San Luis Potosí,,Rural,https://postali.app/mx/san-luis-potosi/charcas/el-mosco
78587,El Soyate,Rancho,Charcas,San Luis Potosí,,Rural,https://postali.app/mx/san-luis-potosi/charcas/el-soyate
78587,El Tanque (Ramón Vázquez),Rancho,Charcas,San Luis Potosí,,Rural,https://postali.app/mx/san-luis-potosi/charcas/el-tanque-ramon-vazquez
78587,El Venadero,Rancho,Charcas,San Luis Potosí,,Rural,https://postali.app/mx/san-luis-potosi/charcas/el-venadero
78587,El Venadito,Ranchería,Charcas,San Luis Potosí,,Rural,https://postali.app/mx/san-luis-potosi/charcas/el-venadito
78587,Guadalupe Victoria,Ejido,Charcas,San Luis Potosí,,Rural,https://postali.app/mx/san-luis-potosi/charcas/guadalupe-victoria
78587,La Barranca,Ejido,Charcas,San Luis Potosí,,Rural,https://postali.app/mx/san-luis-potosi/charcas/la-barranca-78587
78587,La Lajilla,Rancho,Charcas,San Luis Potosí,,Rural,https://postali.app/mx/san-luis-potosi/charcas/la-lajilla
78587,La Leona,Rancho,Charcas,San Luis Potosí,,Rural,https://postali.app/mx/san-luis-potosi/charcas/la-leona
78587,La Vieja,Rancho,Charcas,San Luis Potosí,,Rural,https://postali.app/mx/san-luis-potosi/charcas/la-vieja
78587,Las Minitas,Rancho,Charcas,San Luis Potosí,,Rural,https://postali.app/mx/san-luis-potosi/charcas/las-minitas
78587,Loma del Mosco,Rancho,Charcas,San Luis Potosí,,Rural,https://postali.app/mx/san-luis-potosi/charcas/loma-del-mosco
78587,Mesa del Julianito,Rancho,Charcas,San Luis Potosí,,Rural,https://postali.app/mx/san-luis-potosi/charcas/mesa-del-julianito
78587,Presa de Santa Gertrudis,Ejido,Charcas,San Luis Potosí,,Rural,https://postali.app/mx/san-luis-potosi/charcas/presa-de-santa-gertrudis
78587,Purísima Concepción,Rancho,Charcas,San Luis Potosí,,Rural,https://postali.app/mx/san-luis-potosi/charcas/purisima-concepcion
78587,Rancho Guadalupe,Rancho,Charcas,San Luis Potosí,,Rural,https://postali.app/mx/san-luis-potosi/charcas/rancho-guadalupe
78587,San Antonio,Ejido,Charcas,San Luis Potosí,,Rural,https://postali.app/mx/san-luis-potosi/charcas/san-antonio-78587
78590,Charcas Centro,Colonia,Charcas,San Luis Potosí,Charcas,Urbano,https://postali.app/mx/san-luis-potosi/charcas/charcas-centro
78593,Aviación,Fraccionamiento,Charcas,San Luis Potosí,Charcas,Urbano,https://postali.app/mx/san-luis-potosi/charcas/aviacion
78594,Cruz del Siglo,Colonia,Charcas,San Luis Potosí,Charcas,Urbano,https://postali.app/mx/san-luis-potosi/charcas/cruz-del-siglo
78594,Siglo XXI,Colonia,Charcas,San Luis Potosí,Charcas,Urbano,https://postali.app/mx/san-luis-potosi/charcas/siglo-xxi
78595,Chipinque,Barrio,Charcas,San Luis Potosí,Charcas,Urbano,https://postali.app/mx/san-luis-potosi/charcas/chipinque
78595,El Caiman,Colonia,Charcas,San Luis Potosí,Charcas,Urbano,https://postali.app/mx/san-luis-potosi/charcas/el-caiman
78595,El Mezquite,Colonia,Charcas,San Luis Potosí,Charcas,Urbano,https://postali.app/mx/san-luis-potosi/charcas/el-mezquite
78595,Estación,Barrio,Charcas,San Luis Potosí,Charcas,Urbano,https://postali.app/mx/san-luis-potosi/charcas/estacion
78595,Magisterial,Colonia,Charcas,San Luis Potosí,Charcas,Urbano,https://postali.app/mx/san-luis-potosi/charcas/magisterial
78596,La Peregrina,Colonia,Charcas,San Luis Potosí,Charcas,Urbano,https://postali.app/mx/san-luis-potosi/charcas/la-peregrina
78596,Potrerillos,Barrio,Charcas,San Luis Potosí,Charcas,Urbano,https://postali.app/mx/san-luis-potosi/charcas/potrerillos
78596,Santa María,Colonia,Charcas,San Luis Potosí,Charcas,Urbano,https://postali.app/mx/san-luis-potosi/charcas/santa-maria
78597,Clavellina,Barrio,Charcas,San Luis Potosí,Charcas,Urbano,https://postali.app/mx/san-luis-potosi/charcas/clavellina-78597
78597,El Grasero,Barrio,Charcas,San Luis Potosí,Charcas,Urbano,https://postali.app/mx/san-luis-potosi/charcas/el-grasero
78597,El Mineral,Colonia,Charcas,San Luis Potosí,Charcas,Urbano,https://postali.app/mx/san-luis-potosi/charcas/el-mineral
78597,El Minero,Colonia,Charcas,San Luis Potosí,Charcas,Urbano,https://postali.app/mx/san-luis-potosi/charcas/el-minero
78597,IMMSA,Colonia,Charcas,San Luis Potosí,Charcas,Urbano,https://postali.app/mx/san-luis-potosi/charcas/immsa
78597,INFONAVIT,Colonia,Charcas,San Luis Potosí,Charcas,Urbano,https://postali.app/mx/san-luis-potosi/charcas/infonavit
78597,La Esperanza,Fraccionamiento,Charcas,San Luis Potosí,Charcas,Urbano,https://postali.app/mx/san-luis-potosi/charcas/la-esperanza
78597,La Luz,Barrio,Charcas,San Luis Potosí,Charcas,Urbano,https://postali.app/mx/san-luis-potosi/charcas/la-luz
78597,Lomas de Santa María,Barrio,Charcas,San Luis Potosí,Charcas,Urbano,https://postali.app/mx/san-luis-potosi/charcas/lomas-de-santa-maria
78600,Las Colonias (Colonia Juárez),Condominio,Salinas,San Luis Potosí,,Rural,https://postali.app/mx/san-luis-potosi/salinas/las-colonias-colonia-juarez
78600,Salitrillo,Ranchería,Salinas,San Luis Potosí,,Rural,https://postali.app/mx/san-luis-potosi/salinas/salitrillo
78601,La Mantenedora,Ranchería,Salinas,San Luis Potosí,,Rural,https://postali.app/mx/san-luis-potosi/salinas/la-mantenedora
78601,La Reforma,Ranchería,Salinas,San Luis Potosí,,Rural,https://postali.app/mx/san-luis-potosi/salinas/la-reforma
78601,Triana,Ranchería,Salinas,San Luis Potosí,,Rural,https://postali.app/mx/san-luis-potosi/salinas/triana
78602,Diego Martín (Charco Colorado),Ejido,Salinas,San Luis Potosí,,Rural,https://postali.app/mx/san-luis-potosi/salinas/diego-martin-charco-colorado
78602,Guadalupe Victoria (La Noria del Jacalón),Ranchería,Salinas,San Luis Potosí,,Rural,https://postali.app/mx/san-luis-potosi/salinas/guadalupe-victoria-la-noria-del-jacalon
78602,La Mesilla,Ranchería,Salinas,San Luis Potosí,,Rural,https://postali.app/mx/san-luis-potosi/salinas/la-mesilla
78602,Palma Pegada,Ranchería,Salinas,San Luis Potosí,,Rural,https://postali.app/mx/san-luis-potosi/salinas/palma-pegada
78602,Punteros (San José de Punteros),Hacienda,Salinas,San Luis Potosí,,Rural,https://postali.app/mx/san-luis-potosi/salinas/punteros-san-jose-de-punteros
78603,Santa María,Ranchería,Salinas,San Luis Potosí,,Rural,https://postali.app/mx/san-luis-potosi/salinas/santa-maria
78604,Azogueros,Ranchería,Salinas,San Luis Potosí,,Rural,https://postali.app/mx/san-luis-potosi/salinas/azogueros
78604,El Potro,Ranchería,Salinas,San Luis Potosí,,Rural,https://postali.app/mx/san-luis-potosi/salinas/el-potro
78604,San Antonio de la Paz,Barrio,Salinas,San Luis Potosí,,Rural,https://postali.app/mx/san-luis-potosi/salinas/san-antonio-de-la-paz
78605,Noria de Cañas,Ejido,Salinas,San Luis Potosí,,Rural,https://postali.app/mx/san-luis-potosi/salinas/noria-de-canas
78609,El Alegre,Ranchería,Salinas,San Luis Potosí,,Rural,https://postali.app/mx/san-luis-potosi/salinas/el-alegre
78610,Conejillo,Ejido,Salinas,San Luis Potosí,,Rural,https://postali.app/mx/san-luis-potosi/salinas/conejillo
78610,El Cuervo,Rancho,Salinas,San Luis Potosí,,Rural,https://postali.app/mx/san-luis-potosi/salinas/el-cuervo
78610,Estación Peñón Blanco,Paraje,Salinas,San Luis Potosí,,Rural,https://postali.app/mx/san-luis-potosi/salinas/estacion-penon-blanco
78610,San Isidro Peñón Blanco,Ranchería,Salinas,San Luis Potosí,,Rural,https://postali.app/mx/san-luis-potosi/salinas/san-isidro-penon-blanco
78612,El Estribo,Ranchería,Salinas,San Luis Potosí,,Rural,https://postali.app/mx/san-luis-potosi/salinas/el-estribo
78612,El Mezquite,Ejido,Salinas,San Luis Potosí,,Rural,https://postali.app/mx/san-luis-potosi/salinas/el-mezquite
78620,2 de Abril,Colonia,Salinas,San Luis Potosí,Salinas de Hidalgo,Urbano,https://postali.app/mx/san-luis-potosi/salinas/2-de-abril
78620,Cinco Esquinas,Colonia,Salinas,San Luis Potosí,Salinas de Hidalgo,Urbano,https://postali.app/mx/san-luis-potosi/salinas/cinco-esquinas
78620,Salinas de Hidalgo Centro,Colonia,Salinas,San Luis Potosí,Salinas de Hidalgo,Urbano,https://postali.app/mx/san-luis-potosi/salinas/salinas-de-hidalgo-centro
78622,La Cruz,Colonia,Salinas,San Luis Potosí,Salinas de Hidalgo,Urbano,https://postali.app/mx/san-luis-potosi/salinas/la-cruz
78622,La Paz,Colonia,Salinas,San Luis Potosí,Salinas de Hidalgo,Urbano,https://postali.app/mx/san-luis-potosi/salinas/la-paz
78622,Palmar de los Sacerdotes,Colonia,Salinas,San Luis Potosí,Salinas de Hidalgo,Urbano,https://postali.app/mx/san-luis-potosi/salinas/palmar-de-los-sacerdotes
78622,San Agustin,Barrio,Salinas,San Luis Potosí,Salinas de Hidalgo,Urbano,https://postali.app/mx/san-luis-potosi/salinas/san-agustin
78622,Santa Cruz,Colonia,Salinas,San Luis Potosí,Salinas de Hidalgo,Urbano,https://postali.app/mx/san-luis-potosi/salinas/santa-cruz
78622,Santa Cruz,Fraccionamiento,Salinas,San Luis Potosí,Salinas de Hidalgo,Urbano,https://postali.app/mx/san-luis-potosi/salinas/santa-cruz-78622
78622,Santo Niño,Colonia,Salinas,San Luis Potosí,Salinas de Hidalgo,Urbano,https://postali.app/mx/san-luis-potosi/salinas/santo-nino
78622,Satélite,Colonia,Salinas,San Luis Potosí,Salinas de Hidalgo,Urbano,https://postali.app/mx/san-luis-potosi/salinas/satelite
78624,La Huerta,Colonia,Salinas,San Luis Potosí,Salinas de Hidalgo,Urbano,https://postali.app/mx/san-luis-potosi/salinas/la-huerta
78624,San Isidro,Colonia,Salinas,San Luis Potosí,Salinas de Hidalgo,Urbano,https://postali.app/mx/san-luis-potosi/salinas/san-isidro
78625,El Mirador,Colonia,Salinas,San Luis Potosí,Salinas de Hidalgo,Urbano,https://postali.app/mx/san-luis-potosi/salinas/el-mirador
78625,La Curva,Colonia,Salinas,San Luis Potosí,Salinas de Hidalgo,Urbano,https://postali.app/mx/san-luis-potosi/salinas/la-curva
78625,La Gasolinera,Barrio,Salinas,San Luis Potosí,Salinas de Hidalgo,Urbano,https://postali.app/mx/san-luis-potosi/salinas/la-gasolinera
78625,La Joya,Colonia,Salinas,San Luis Potosí,Salinas de Hidalgo,Urbano,https://postali.app/mx/san-luis-potosi/salinas/la-joya
78625,San Juan,Colonia,Salinas,San Luis Potosí,Salinas de Hidalgo,Urbano,https://postali.app/mx/san-luis-potosi/salinas/san-juan
78626,San Pablo,Colonia,Salinas,San Luis Potosí,Salinas de Hidalgo,Urbano,https://postali.app/mx/san-luis-potosi/salinas/san-pablo
78630,Santo Domingo,Pueblo,Santo Domingo,San Luis Potosí,,Rural,https://postali.app/mx/san-luis-potosi/santo-domingo/santo-domingo
78633,Bajío del Ciriaco,Ranchería,Santo Domingo,San Luis Potosí,,Rural,https://postali.app/mx/san-luis-potosi/santo-domingo/bajio-del-ciriaco
78633,El Dorado,Ejido,Santo Domingo,San Luis Potosí,,Rural,https://postali.app/mx/san-luis-potosi/santo-domingo/el-dorado
78633,El Herradero (Adalberto Dávila Ortiz),Rancho,Santo Domingo,San Luis Potosí,,Rural,https://postali.app/mx/san-luis-potosi/santo-domingo/el-herradero-adalberto-davila-ortiz
78633,El Ranchito (Francisco Flores),Ranchería,Santo Domingo,San Luis Potosí,,Rural,https://postali.app/mx/san-luis-potosi/santo-domingo/el-ranchito-francisco-flores
78633,El Sabino,Ejido,Santo Domingo,San Luis Potosí,,Rural,https://postali.app/mx/san-luis-potosi/santo-domingo/el-sabino
78633,El Taponcito,Rancho,Santo Domingo,San Luis Potosí,,Rural,https://postali.app/mx/san-luis-potosi/santo-domingo/el-taponcito
78633,Juan Sarabia (Centro Ovino),Ejido,Santo Domingo,San Luis Potosí,,Rural,https://postali.app/mx/san-luis-potosi/santo-domingo/juan-sarabia-centro-ovino
78633,La Sabanilla 3,Rancho,Santo Domingo,San Luis Potosí,,Rural,https://postali.app/mx/san-luis-potosi/santo-domingo/la-sabanilla-3
78633,Santa Cecilia (Nicolás García),Rancho,Santo Domingo,San Luis Potosí,,Rural,https://postali.app/mx/san-luis-potosi/santo-domingo/santa-cecilia-nicolas-garcia
78634,Cerritos de Bernal,Ejido,Santo Domingo,San Luis Potosí,,Rural,https://postali.app/mx/san-luis-potosi/santo-domingo/cerritos-de-bernal
78634,El Colorado (Luz Muñoz),Rancho,Santo Domingo,San Luis Potosí,,Rural,https://postali.app/mx/san-luis-potosi/santo-domingo/el-colorado-luz-munoz
78634,El Tepetate,Ejido,Santo Domingo,San Luis Potosí,,Rural,https://postali.app/mx/san-luis-potosi/santo-domingo/el-tepetate
78634,La Esperanza (Hermanos de la Torre),Rancho,Santo Domingo,San Luis Potosí,,Rural,https://postali.app/mx/san-luis-potosi/santo-domingo/la-esperanza-hermanos-de-la-torre
78634,La Independencia (Ernesto Muñoz),Rancho,Santo Domingo,San Luis Potosí,,Rural,https://postali.app/mx/san-luis-potosi/santo-domingo/la-independencia-ernesto-munoz
78634,Los Pachones,Rancho,Santo Domingo,San Luis Potosí,,Rural,https://postali.app/mx/san-luis-potosi/santo-domingo/los-pachones
78634,Nicolás Mata,Ejido,Santo Domingo,San Luis Potosí,,Rural,https://postali.app/mx/san-luis-potosi/santo-domingo/nicolas-mata
78634,Peña Tercera,Ejido,Santo Domingo,San Luis Potosí,,Rural,https://postali.app/mx/san-luis-potosi/santo-domingo/pena-tercera
78634,Rancho San José (Los Cuatillos),Ranchería,Santo Domingo,San Luis Potosí,,Rural,https://postali.app/mx/san-luis-potosi/santo-domingo/rancho-san-jose-los-cuatillos
78635,El Carmen (El Papalote),Rancho,Santo Domingo,San Luis Potosí,,Rural,https://postali.app/mx/san-luis-potosi/santo-domingo/el-carmen-el-papalote
78635,El Encino,Ejido,Santo Domingo,San Luis Potosí,,Rural,https://postali.app/mx/san-luis-potosi/santo-domingo/el-encino
78635,El Soyate (Loma del Soyate),Rancho,Santo Domingo,San Luis Potosí,,Rural,https://postali.app/mx/san-luis-potosi/santo-domingo/el-soyate-loma-del-soyate
78635,José Dávila Castro (El Encino),Ranchería,Santo Domingo,San Luis Potosí,,Rural,https://postali.app/mx/san-luis-potosi/santo-domingo/jose-davila-castro-el-encino
78635,San Antonio de los Garza,Ranchería,Santo Domingo,San Luis Potosí,,Rural,https://postali.app/mx/san-luis-potosi/santo-domingo/san-antonio-de-los-garza
78635,San Francisco,Ejido,Santo Domingo,San Luis Potosí,,Rural,https://postali.app/mx/san-luis-potosi/santo-domingo/san-francisco
78635,San Miguel,Ejido,Santo Domingo,San Luis Potosí,,Rural,https://postali.app/mx/san-luis-potosi/santo-domingo/san-miguel
78636,Alfonso García,Ranchería,Santo Domingo,San Luis Potosí,,Rural,https://postali.app/mx/san-luis-potosi/santo-domingo/alfonso-garcia
78636,Antonio López,Ejido,Santo Domingo,San Luis Potosí,,Rural,https://postali.app/mx/san-luis-potosi/santo-domingo/antonio-lopez
78636,El Bozal,Rancho,Santo Domingo,San Luis Potosí,,Rural,https://postali.app/mx/san-luis-potosi/santo-domingo/el-bozal
78636,Hacienda el Indio,Ranchería,Santo Domingo,San Luis Potosí,,Rural,https://postali.app/mx/san-luis-potosi/santo-domingo/hacienda-el-indio
78636,José Villanueva,Ejido,Santo Domingo,San Luis Potosí,,Rural,https://postali.app/mx/san-luis-potosi/santo-domingo/jose-villanueva
78636,La Calandria,Ranchería,Santo Domingo,San Luis Potosí,,Rural,https://postali.app/mx/san-luis-potosi/santo-domingo/la-calandria
78636,La Merced,Rancho,Santo Domingo,San Luis Potosí,,Rural,https://postali.app/mx/san-luis-potosi/santo-domingo/la-merced
78636,La Victoria,Ejido,Santo Domingo,San Luis Potosí,,Rural,https://postali.app/mx/san-luis-potosi/santo-domingo/la-victoria
78636,Nueva Rosita,Ejido,Santo Domingo,San Luis Potosí,,Rural,https://postali.app/mx/san-luis-potosi/santo-domingo/nueva-rosita
78637,El Castillo (El Salto de Contreras),Ejido,Santo Domingo,San Luis Potosí,,Rural,https://postali.app/mx/san-luis-potosi/santo-domingo/el-castillo-el-salto-de-contreras
78637,El Matambo,Rancho,Santo Domingo,San Luis Potosí,,Rural,https://postali.app/mx/san-luis-potosi/santo-domingo/el-matambo
78637,El Relicario,Ranchería,Santo Domingo,San Luis Potosí,,Rural,https://postali.app/mx/san-luis-potosi/santo-domingo/el-relicario
78637,La Yerbabuena,Rancho,Santo Domingo,San Luis Potosí,,Rural,https://postali.app/mx/san-luis-potosi/santo-domingo/la-yerbabuena
78637,Las Vegas (San Agustín),Rancho,Santo Domingo,San Luis Potosí,,Rural,https://postali.app/mx/san-luis-potosi/santo-domingo/las-vegas-san-agustin
78637,Rodrigo Becerra,Ranchería,Santo Domingo,San Luis Potosí,,Rural,https://postali.app/mx/san-luis-potosi/santo-domingo/rodrigo-becerra
78638,Abundancia,Ranchería,Santo Domingo,San Luis Potosí,,Rural,https://postali.app/mx/san-luis-potosi/santo-domingo/abundancia
78638,Congregación de Santo Domingo,Ejido,Santo Domingo,San Luis Potosí,,Rural,https://postali.app/mx/san-luis-potosi/santo-domingo/congregacion-de-santo-domingo
78638,El Jardín,Ejido,Santo Domingo,San Luis Potosí,,Rural,https://postali.app/mx/san-luis-potosi/santo-domingo/el-jardin
78638,El Refugio,Ranchería,Santo Domingo,San Luis Potosí,,Rural,https://postali.app/mx/san-luis-potosi/santo-domingo/el-refugio
78638,La Coyotera (Adalberto Dávila),Ranchería,Santo Domingo,San Luis Potosí,,Rural,https://postali.app/mx/san-luis-potosi/santo-domingo/la-coyotera-adalberto-davila
78638,La Esperanza,Ranchería,Santo Domingo,San Luis Potosí,,Rural,https://postali.app/mx/san-luis-potosi/santo-domingo/la-esperanza
78638,La Flor,Rancho,Santo Domingo,San Luis Potosí,,Rural,https://postali.app/mx/san-luis-potosi/santo-domingo/la-flor
78638,La Tinaja,Rancho,Santo Domingo,San Luis Potosí,,Rural,https://postali.app/mx/san-luis-potosi/santo-domingo/la-tinaja
78638,Loma Bonita,Rancho,Santo Domingo,San Luis Potosí,,Rural,https://postali.app/mx/san-luis-potosi/santo-domingo/loma-bonita
78638,Morelos,Ranchería,Santo Domingo,San Luis Potosí,,Rural,https://postali.app/mx/san-luis-potosi/santo-domingo/morelos
78638,Rancho Cinco Hermanos (La Tapona),Ranchería,Santo Domingo,San Luis Potosí,,Rural,https://postali.app/mx/san-luis-potosi/santo-domingo/rancho-cinco-hermanos-la-tapona
78638,San Matías,Ejido,Santo Domingo,San Luis Potosí,,Rural,https://postali.app/mx/san-luis-potosi/santo-domingo/san-matias
78638,San Nicolás,Ejido,Santo Domingo,San Luis Potosí,,Rural,https://postali.app/mx/san-luis-potosi/santo-domingo/san-nicolas
78638,Santa Efigenia,Rancho,Santo Domingo,San Luis Potosí,,Rural,https://postali.app/mx/san-luis-potosi/santo-domingo/santa-efigenia
78638,Santa María del Mezquite,Rancho,Santo Domingo,San Luis Potosí,,Rural,https://postali.app/mx/san-luis-potosi/santo-domingo/santa-maria-del-mezquite
78638,Socorro de Dios,Ejido,Santo Domingo,San Luis Potosí,,Rural,https://postali.app/mx/san-luis-potosi/santo-domingo/socorro-de-dios
78639,La Botoncita,Ranchería,Santo Domingo,San Luis Potosí,,Rural,https://postali.app/mx/san-luis-potosi/santo-domingo/la-botoncita
78639,La Rastrerita,Rancho,Santo Domingo,San Luis Potosí,,Rural,https://postali.app/mx/san-luis-potosi/santo-domingo/la-rastrerita
78639,Laguna la Cardona,Rancho,Santo Domingo,San Luis Potosí,,Rural,https://postali.app/mx/san-luis-potosi/santo-domingo/laguna-la-cardona
78639,San Juan de Dios,Rancho,Santo Domingo,San Luis Potosí,,Rural,https://postali.app/mx/san-luis-potosi/santo-domingo/san-juan-de-dios
78639,San Martín (Jaime Esquivel Castro),Rancho,Santo Domingo,San Luis Potosí,,Rural,https://postali.app/mx/san-luis-potosi/santo-domingo/san-martin-jaime-esquivel-castro
78640,El Convento,Ejido,Santo Domingo,San Luis Potosí,,Rural,https://postali.app/mx/san-luis-potosi/santo-domingo/el-convento
78640,El Lobo Grande,Rancho,Santo Domingo,San Luis Potosí,,Rural,https://postali.app/mx/san-luis-potosi/santo-domingo/el-lobo-grande
78640,El Mezquite Verde,Rancho,Santo Domingo,San Luis Potosí,,Rural,https://postali.app/mx/san-luis-potosi/santo-domingo/el-mezquite-verde
78640,El Rosalito (Laguna del Muerto),Rancho,Santo Domingo,San Luis Potosí,,Rural,https://postali.app/mx/san-luis-potosi/santo-domingo/el-rosalito-laguna-del-muerto
78640,La Ventura (El Grullo),Rancho,Santo Domingo,San Luis Potosí,,Rural,https://postali.app/mx/san-luis-potosi/santo-domingo/la-ventura-el-grullo
78640,Potrero del Muerto,Rancho,Santo Domingo,San Luis Potosí,,Rural,https://postali.app/mx/san-luis-potosi/santo-domingo/potrero-del-muerto
78640,Santa Cecilia (Mario Rodríguez Quiroz),Rancho,Santo Domingo,San Luis Potosí,,Rural,https://postali.app/mx/san-luis-potosi/santo-domingo/santa-cecilia-mario-rodriguez-quiroz
78640,Santa Fe (Abel Rodríguez Quiroz),Rancho,Santo Domingo,San Luis Potosí,,Rural,https://postali.app/mx/san-luis-potosi/santo-domingo/santa-fe-abel-rodriguez-quiroz
78640,Santa Matilde,Ejido,Santo Domingo,San Luis Potosí,,Rural,https://postali.app/mx/san-luis-potosi/santo-domingo/santa-matilde
78643,Caldereta,Ranchería,Santo Domingo,San Luis Potosí,,Rural,https://postali.app/mx/san-luis-potosi/santo-domingo/caldereta
78643,Cerrito el Tejón,Ranchería,Santo Domingo,San Luis Potosí,,Rural,https://postali.app/mx/san-luis-potosi/santo-domingo/cerrito-el-tejon
78643,Los Remedios,Rancho,Santo Domingo,San Luis Potosí,,Rural,https://postali.app/mx/san-luis-potosi/santo-domingo/los-remedios
78643,Providencia,Ejido,Santo Domingo,San Luis Potosí,,Rural,https://postali.app/mx/san-luis-potosi/santo-domingo/providencia
78643,San Dionisio,Rancho,Santo Domingo,San Luis Potosí,,Rural,https://postali.app/mx/san-luis-potosi/santo-domingo/san-dionisio
78643,San Juan del Salado,Ejido,Santo Domingo,San Luis Potosí,,Rural,https://postali.app/mx/san-luis-potosi/santo-domingo/san-juan-del-salado
78644,San Vicente Banderillas,Ranchería,Santo Domingo,San Luis Potosí,,Rural,https://postali.app/mx/san-luis-potosi/santo-domingo/san-vicente-banderillas
78645,Charco Colorado,Ranchería,Santo Domingo,San Luis Potosí,,Rural,https://postali.app/mx/san-luis-potosi/santo-domingo/charco-colorado
78645,Gámez,Ranchería,Santo Domingo,San Luis Potosí,,Rural,https://postali.app/mx/san-luis-potosi/santo-domingo/gamez
78645,Illescas,Ejido,Santo Domingo,San Luis Potosí,,Rural,https://postali.app/mx/san-luis-potosi/santo-domingo/illescas
78645,Las Papas,Rancho,Santo Domingo,San Luis Potosí,,Rural,https://postali.app/mx/san-luis-potosi/santo-domingo/las-papas
78646,Jesús María,Ejido,Santo Domingo,San Luis Potosí,,Rural,https://postali.app/mx/san-luis-potosi/santo-domingo/jesus-maria
78646,Palma Mocha,Ejido,Santo Domingo,San Luis Potosí,,Rural,https://postali.app/mx/san-luis-potosi/santo-domingo/palma-mocha
78646,Rancho San Antonio,Ranchería,Santo Domingo,San Luis Potosí,,Rural,https://postali.app/mx/san-luis-potosi/santo-domingo/rancho-san-antonio
78646,San José Calihuey,Ejido,Santo Domingo,San Luis Potosí,,Rural,https://postali.app/mx/san-luis-potosi/santo-domingo/san-jose-calihuey
78647,El Arenal,Rancho,Santo Domingo,San Luis Potosí,,Rural,https://postali.app/mx/san-luis-potosi/santo-domingo/el-arenal
78647,El Capisallo,Ejido,Santo Domingo,San Luis Potosí,,Rural,https://postali.app/mx/san-luis-potosi/santo-domingo/el-capisallo
78647,El Chaparro,Rancho,Santo Domingo,San Luis Potosí,,Rural,https://postali.app/mx/san-luis-potosi/santo-domingo/el-chaparro
78647,San Antonio Banderillas,Rancho,Santo Domingo,San Luis Potosí,,Rural,https://postali.app/mx/san-luis-potosi/santo-domingo/san-antonio-banderillas
78647,Santa Clara,Rancho,Santo Domingo,San Luis Potosí,,Rural,https://postali.app/mx/san-luis-potosi/santo-domingo/santa-clara
78647,Zancarrón,Ejido,Santo Domingo,San Luis Potosí,,Rural,https://postali.app/mx/san-luis-potosi/santo-domingo/zancarron
78649,Las Palomas,Rancho,Santo Domingo,San Luis Potosí,,Rural,https://postali.app/mx/san-luis-potosi/santo-domingo/las-palomas
78649,San Antonio del Mezquite,Ejido,Santo Domingo,San Luis Potosí,,Rural,https://postali.app/mx/san-luis-potosi/santo-domingo/san-antonio-del-mezquite
78649,San Simón,Ejido,Santo Domingo,San Luis Potosí,,Rural,https://postali.app/mx/san-luis-potosi/santo-domingo/san-simon
78649,Zaragoza (Pozo Salado),Ejido,Santo Domingo,San Luis Potosí,,Rural,https://postali.app/mx/san-luis-potosi/santo-domingo/zaragoza-pozo-salado
78660,Dulce Grande,Pueblo,Villa de Ramos,San Luis Potosí,,Urbano,https://postali.app/mx/san-luis-potosi/villa-de-ramos/dulce-grande
78660,El Barril,Pueblo,Villa de Ramos,San Luis Potosí,,Urbano,https://postali.app/mx/san-luis-potosi/villa-de-ramos/el-barril
78660,El Toro,Ejido,Villa de Ramos,San Luis Potosí,,Rural,https://postali.app/mx/san-luis-potosi/villa-de-ramos/el-toro
78660,La Concepción,Ejido,Villa de Ramos,San Luis Potosí,,Rural,https://postali.app/mx/san-luis-potosi/villa-de-ramos/la-concepcion
78665,El Naranjal,Ranchería,Villa de Ramos,San Luis Potosí,,Rural,https://postali.app/mx/san-luis-potosi/villa-de-ramos/el-naranjal
78670,Hernández,Pueblo,Villa de Ramos,San Luis Potosí,,Urbano,https://postali.app/mx/san-luis-potosi/villa-de-ramos/hernandez
78670,San Martín,Ejido,Villa de Ramos,San Luis Potosí,,Rural,https://postali.app/mx/san-luis-potosi/villa-de-ramos/san-martin
78680,Salitral de Carrera,Pueblo,Villa de Ramos,San Luis Potosí,,Urbano,https://postali.app/mx/san-luis-potosi/villa-de-ramos/salitral-de-carrera
78680,Sauz de Calera,Ejido,Villa de Ramos,San Luis Potosí,,Rural,https://postali.app/mx/san-luis-potosi/villa-de-ramos/sauz-de-calera
78681,El Zacatón,Pueblo,Villa de Ramos,San Luis Potosí,,Urbano,https://postali.app/mx/san-luis-potosi/villa-de-ramos/el-zacaton
78683,Emiliano Zapata,Ejido,Villa de Ramos,San Luis Potosí,,Rural,https://postali.app/mx/san-luis-potosi/villa-de-ramos/emiliano-zapata
78683,Las Escobas,Barrio,Villa de Ramos,San Luis Potosí,,Rural,https://postali.app/mx/san-luis-potosi/villa-de-ramos/las-escobas
78683,Valle de San Juan (La Candelaria),Barrio,Villa de Ramos,San Luis Potosí,,Rural,https://postali.app/mx/san-luis-potosi/villa-de-ramos/valle-de-san-juan-la-candelaria
78685,La Dulcita,Ejido,Villa de Ramos,San Luis Potosí,,Rural,https://postali.app/mx/san-luis-potosi/villa-de-ramos/la-dulcita
78689,Noria del Gato,Ejido,Villa de Ramos,San Luis Potosí,,Rural,https://postali.app/mx/san-luis-potosi/villa-de-ramos/noria-del-gato
78690,La Herradura,Ejido,Villa de Ramos,San Luis Potosí,,Rural,https://postali.app/mx/san-luis-potosi/villa-de-ramos/la-herradura
78690,Villa de Ramos Centro,Pueblo,Villa de Ramos,San Luis Potosí,,Urbano,https://postali.app/mx/san-luis-potosi/villa-de-ramos/villa-de-ramos-centro
78691,El Duraznillo,Ranchería,Villa de Ramos,San Luis Potosí,,Rural,https://postali.app/mx/san-luis-potosi/villa-de-ramos/el-duraznillo
78691,La Hediondilla,Ranchería,Villa de Ramos,San Luis Potosí,,Rural,https://postali.app/mx/san-luis-potosi/villa-de-ramos/la-hediondilla
78691,Las Ánimas y Anexas,Ejido,Villa de Ramos,San Luis Potosí,,Rural,https://postali.app/mx/san-luis-potosi/villa-de-ramos/las-animas-y-anexas
78691,Nuevo San Francisco,Rancho,Villa de Ramos,San Luis Potosí,,Rural,https://postali.app/mx/san-luis-potosi/villa-de-ramos/nuevo-san-francisco
78691,Pozo Blanco,Ejido,Villa de Ramos,San Luis Potosí,,Rural,https://postali.app/mx/san-luis-potosi/villa-de-ramos/pozo-blanco
78691,San Pedro del Saltito,Rancho,Villa de Ramos,San Luis Potosí,,Rural,https://postali.app/mx/san-luis-potosi/villa-de-ramos/san-pedro-del-saltito
78692,Lagunillas,Ranchería,Villa de Ramos,San Luis Potosí,,Rural,https://postali.app/mx/san-luis-potosi/villa-de-ramos/lagunillas
78694,San Felipe (San Pedro),Ranchería,Villa de Ramos,San Luis Potosí,,Rural,https://postali.app/mx/san-luis-potosi/villa-de-ramos/san-felipe-san-pedro
78695,Yoliátl,Ejido,Villa de Ramos,San Luis Potosí,,Rural,https://postali.app/mx/san-luis-potosi/villa-de-ramos/yoliatl
78696,Rancho Nuevo,Ranchería,Villa de Ramos,San Luis Potosí,,Rural,https://postali.app/mx/san-luis-potosi/villa-de-ramos/rancho-nuevo
78696,San Cipriano,Rancho,Villa de Ramos,San Luis Potosí,,Rural,https://postali.app/mx/san-luis-potosi/villa-de-ramos/san-cipriano
78696,San Francisco,Ejido,Villa de Ramos,San Luis Potosí,,Rural,https://postali.app/mx/san-luis-potosi/villa-de-ramos/san-francisco
78696,San Rafael,Ejido,Villa de Ramos,San Luis Potosí,,Rural,https://postali.app/mx/san-luis-potosi/villa-de-ramos/san-rafael
78696,Santa Ana,Ranchería,Villa de Ramos,San Luis Potosí,,Rural,https://postali.app/mx/san-luis-potosi/villa-de-ramos/santa-ana
78697,Agua Nueva,Ranchería,Villa de Ramos,San Luis Potosí,,Rural,https://postali.app/mx/san-luis-potosi/villa-de-ramos/agua-nueva
78697,San Pablo,Ejido,Villa de Ramos,San Luis Potosí,,Rural,https://postali.app/mx/san-luis-potosi/villa-de-ramos/san-pablo
78697,San Pedro,Barrio,Villa de Ramos,San Luis Potosí,,Rural,https://postali.app/mx/san-luis-potosi/villa-de-ramos/san-pedro
78697,Santa Lucía,Ranchería,Villa de Ramos,San Luis Potosí,,Rural,https://postali.app/mx/san-luis-potosi/villa-de-ramos/santa-lucia
78699,El Toro,Ejido,Villa de Ramos,San Luis Potosí,,Rural,https://postali.app/mx/san-luis-potosi/villa-de-ramos/el-toro-78699
78700,Baltazar Martínez,Colonia,Matehuala,San Luis Potosí,Matehuala,Urbano,https://postali.app/mx/san-luis-potosi/matehuala/baltazar-martinez
78700,Lindavista,Colonia,Matehuala,San Luis Potosí,Matehuala,Urbano,https://postali.app/mx/san-luis-potosi/matehuala/lindavista
78700,Matehuala Centro,Colonia,Matehuala,San Luis Potosí,Matehuala,Urbano,https://postali.app/mx/san-luis-potosi/matehuala/matehuala-centro
78700,Privada Nogalar,Colonia,Matehuala,San Luis Potosí,Matehuala,Urbano,https://postali.app/mx/san-luis-potosi/matehuala/privada-nogalar
78710,Bugambilias,Fraccionamiento,Matehuala,San Luis Potosí,Matehuala,Urbano,https://postali.app/mx/san-luis-potosi/matehuala/bugambilias
78710,Obrera (Ferrocarrilera),Colonia,Matehuala,San Luis Potosí,Matehuala,Urbano,https://postali.app/mx/san-luis-potosi/matehuala/obrera-ferrocarrilera
78710,Residencial Los Cedros,Fraccionamiento,Matehuala,San Luis Potosí,Matehuala,Urbano,https://postali.app/mx/san-luis-potosi/matehuala/residencial-los-cedros
78710,Villas La Forestal,Colonia,Matehuala,San Luis Potosí,Matehuala,Urbano,https://postali.app/mx/san-luis-potosi/matehuala/villas-la-forestal
78712,Bella Gaviota,Colonia,Matehuala,San Luis Potosí,Matehuala,Urbano,https://postali.app/mx/san-luis-potosi/matehuala/bella-gaviota
78715,22 de Mayo,Colonia,Matehuala,San Luis Potosí,Matehuala,Urbano,https://postali.app/mx/san-luis-potosi/matehuala/22-de-mayo
78715,La Finca II,Colonia,Matehuala,San Luis Potosí,Matehuala,Urbano,https://postali.app/mx/san-luis-potosi/matehuala/la-finca-ii
78715,La Hacienda,Colonia,Matehuala,San Luis Potosí,Matehuala,Urbano,https://postali.app/mx/san-luis-potosi/matehuala/la-hacienda
78715,Las Américas,Fraccionamiento,Matehuala,San Luis Potosí,Matehuala,Urbano,https://postali.app/mx/san-luis-potosi/matehuala/las-americas
78715,Las Palmas,Fraccionamiento,Matehuala,San Luis Potosí,Matehuala,Urbano,https://postali.app/mx/san-luis-potosi/matehuala/las-palmas
78715,Los Pinos,Colonia,Matehuala,San Luis Potosí,Matehuala,Urbano,https://postali.app/mx/san-luis-potosi/matehuala/los-pinos
78715,Parque Industrial Matehuala,Zona industrial,Matehuala,San Luis Potosí,Matehuala,Urbano,https://postali.app/mx/san-luis-potosi/matehuala/parque-industrial-matehuala
78716,La Granja,Colonia,Matehuala,San Luis Potosí,Matehuala,Urbano,https://postali.app/mx/san-luis-potosi/matehuala/la-granja
78717,La Finca,Colonia,Matehuala,San Luis Potosí,Matehuala,Urbano,https://postali.app/mx/san-luis-potosi/matehuala/la-finca
78717,Llano Azul,Colonia,Matehuala,San Luis Potosí,Matehuala,Urbano,https://postali.app/mx/san-luis-potosi/matehuala/llano-azul
78720,Ampliación Guadalupe,Colonia,Matehuala,San Luis Potosí,Matehuala,Urbano,https://postali.app/mx/san-luis-potosi/matehuala/ampliacion-guadalupe
78720,Antares,Fraccionamiento,Matehuala,San Luis Potosí,Matehuala,Urbano,https://postali.app/mx/san-luis-potosi/matehuala/antares
78720,El Mineral,Fraccionamiento,Matehuala,San Luis Potosí,Matehuala,Urbano,https://postali.app/mx/san-luis-potosi/matehuala/el-mineral
78720,Florida II,Colonia,Matehuala,San Luis Potosí,Matehuala,Urbano,https://postali.app/mx/san-luis-potosi/matehuala/florida-ii
78720,Guadalupe,Colonia,Matehuala,San Luis Potosí,Matehuala,Urbano,https://postali.app/mx/san-luis-potosi/matehuala/guadalupe
78720,Guadalupe Tepeyac,Colonia,Matehuala,San Luis Potosí,Matehuala,Urbano,https://postali.app/mx/san-luis-potosi/matehuala/guadalupe-tepeyac
78720,Kildum,Fraccionamiento,Matehuala,San Luis Potosí,Matehuala,Urbano,https://postali.app/mx/san-luis-potosi/matehuala/kildum
78720,Las Fuentes,Fraccionamiento,Matehuala,San Luis Potosí,Matehuala,Urbano,https://postali.app/mx/san-luis-potosi/matehuala/las-fuentes
78720,Las Golondrinas,Fraccionamiento,Matehuala,San Luis Potosí,Matehuala,Urbano,https://postali.app/mx/san-luis-potosi/matehuala/las-golondrinas
78720,Los Pinos Poniente,Fraccionamiento,Matehuala,San Luis Potosí,Matehuala,Urbano,https://postali.app/mx/san-luis-potosi/matehuala/los-pinos-poniente
78720,Luis Echeverría,Colonia,Matehuala,San Luis Potosí,Matehuala,Rural,https://postali.app/mx/san-luis-potosi/matehuala/luis-echeverria
78720,Magisterial los Reyes,Colonia,Matehuala,San Luis Potosí,Matehuala,Urbano,https://postali.app/mx/san-luis-potosi/matehuala/magisterial-los-reyes
78720,Magisterial María Luisa Castillo,Colonia,Matehuala,San Luis Potosí,Matehuala,Urbano,https://postali.app/mx/san-luis-potosi/matehuala/magisterial-maria-luisa-castillo
78720,Privada Hacienda Las Palmas,Fraccionamiento,Matehuala,San Luis Potosí,Matehuala,Urbano,https://postali.app/mx/san-luis-potosi/matehuala/privada-hacienda-las-palmas
78720,Privada San Benito,Fraccionamiento,Matehuala,San Luis Potosí,Matehuala,Urbano,https://postali.app/mx/san-luis-potosi/matehuala/privada-san-benito
78720,Residencial Los Andes,Fraccionamiento,Matehuala,San Luis Potosí,Matehuala,Urbano,https://postali.app/mx/san-luis-potosi/matehuala/residencial-los-andes
78720,Residencial San Agustín,Fraccionamiento,Matehuala,San Luis Potosí,Matehuala,Urbano,https://postali.app/mx/san-luis-potosi/matehuala/residencial-san-agustin
78720,Villa Fontana,Fraccionamiento,Matehuala,San Luis Potosí,Matehuala,Urbano,https://postali.app/mx/san-luis-potosi/matehuala/villa-fontana
78721,FOVISSSTE,Unidad habitacional,Matehuala,San Luis Potosí,Matehuala,Urbano,https://postali.app/mx/san-luis-potosi/matehuala/fovissste
78722,Colinas de La Paz,Colonia,Matehuala,San Luis Potosí,Matehuala,Urbano,https://postali.app/mx/san-luis-potosi/matehuala/colinas-de-la-paz
78722,FOVISSSTE Modulo II,Unidad habitacional,Matehuala,San Luis Potosí,Matehuala,Urbano,https://postali.app/mx/san-luis-potosi/matehuala/fovissste-modulo-ii
78722,Hidalgo,Colonia,Matehuala,San Luis Potosí,Matehuala,Urbano,https://postali.app/mx/san-luis-potosi/matehuala/hidalgo
78722,Los Arcos,Fraccionamiento,Matehuala,San Luis Potosí,Matehuala,Urbano,https://postali.app/mx/san-luis-potosi/matehuala/los-arcos
78724,Betania,Fraccionamiento,Matehuala,San Luis Potosí,Matehuala,Urbano,https://postali.app/mx/san-luis-potosi/matehuala/betania
78724,INFONAVIT Fidel Velázquez,Colonia,Matehuala,San Luis Potosí,Matehuala,Urbano,https://postali.app/mx/san-luis-potosi/matehuala/infonavit-fidel-velazquez
78724,Los Magueyes de La Piedra,Colonia,Matehuala,San Luis Potosí,Matehuala,Urbano,https://postali.app/mx/san-luis-potosi/matehuala/los-magueyes-de-la-piedra
78724,Manuel Moreno Torres,Colonia,Matehuala,San Luis Potosí,Matehuala,Urbano,https://postali.app/mx/san-luis-potosi/matehuala/manuel-moreno-torres
78724,Minerales,Colonia,Matehuala,San Luis Potosí,Matehuala,Urbano,https://postali.app/mx/san-luis-potosi/matehuala/minerales
78724,Villas de San José,Fraccionamiento,Matehuala,San Luis Potosí,Matehuala,Urbano,https://postali.app/mx/san-luis-potosi/matehuala/villas-de-san-jose
78725,Emiliano Zapata,Colonia,Matehuala,San Luis Potosí,,Rural,https://postali.app/mx/san-luis-potosi/matehuala/emiliano-zapata
78725,Jardines de Ojo de Agua,Colonia,Matehuala,San Luis Potosí,Matehuala,Urbano,https://postali.app/mx/san-luis-potosi/matehuala/jardines-de-ojo-de-agua
78725,La Florida,Colonia,Matehuala,San Luis Potosí,Matehuala,Urbano,https://postali.app/mx/san-luis-potosi/matehuala/la-florida
78725,Ojo de Agua,Colonia,Matehuala,San Luis Potosí,Matehuala,Urbano,https://postali.app/mx/san-luis-potosi/matehuala/ojo-de-agua
78725,Residencial Contry del Fraile,Fraccionamiento,Matehuala,San Luis Potosí,Matehuala,Urbano,https://postali.app/mx/san-luis-potosi/matehuala/residencial-contry-del-fraile
78725,Rincón del Ojo de Agua,Colonia,Matehuala,San Luis Potosí,Matehuala,Urbano,https://postali.app/mx/san-luis-potosi/matehuala/rincon-del-ojo-de-agua
78726,Ollería,Colonia,Matehuala,San Luis Potosí,Matehuala,Urbano,https://postali.app/mx/san-luis-potosi/matehuala/olleria
78730,El Pineño,Colonia,Matehuala,San Luis Potosí,Matehuala,Urbano,https://postali.app/mx/san-luis-potosi/matehuala/el-pineno
78730,El Pineño,Fraccionamiento,Matehuala,San Luis Potosí,Matehuala,Urbano,https://postali.app/mx/san-luis-potosi/matehuala/el-pineno-78730
78730,Forestal,Colonia,Matehuala,San Luis Potosí,Matehuala,Urbano,https://postali.app/mx/san-luis-potosi/matehuala/forestal
78730,Luis N Morones,Colonia,Matehuala,San Luis Potosí,Matehuala,Urbano,https://postali.app/mx/san-luis-potosi/matehuala/luis-n-morones
78730,Lázaro Cárdenas,Colonia,Matehuala,San Luis Potosí,Matehuala,Urbano,https://postali.app/mx/san-luis-potosi/matehuala/lazaro-cardenas
78730,Matehuala,Fraccionamiento,Matehuala,San Luis Potosí,Matehuala,Urbano,https://postali.app/mx/san-luis-potosi/matehuala/matehuala
78730,Palma de Romero,Fraccionamiento,Matehuala,San Luis Potosí,Matehuala,Urbano,https://postali.app/mx/san-luis-potosi/matehuala/palma-de-romero
78730,San Isidro,Colonia,Matehuala,San Luis Potosí,Matehuala,Urbano,https://postali.app/mx/san-luis-potosi/matehuala/san-isidro
78740,República,Colonia,Matehuala,San Luis Potosí,Matehuala,Urbano,https://postali.app/mx/san-luis-potosi/matehuala/republica
78740,Unidad Antorchista,Colonia,Matehuala,San Luis Potosí,Matehuala,Urbano,https://postali.app/mx/san-luis-potosi/matehuala/unidad-antorchista
78745,Benito Juárez,Fraccionamiento,Matehuala,San Luis Potosí,Matehuala,Urbano,https://postali.app/mx/san-luis-potosi/matehuala/benito-juarez
78745,Las Vegas,Colonia,Matehuala,San Luis Potosí,Matehuala,Urbano,https://postali.app/mx/san-luis-potosi/matehuala/las-vegas
78745,Manuel Moreno Torres,Colonia,Matehuala,San Luis Potosí,Matehuala,Urbano,https://postali.app/mx/san-luis-potosi/matehuala/manuel-moreno-torres-78745
78745,República,Fraccionamiento,Matehuala,San Luis Potosí,Matehuala,Urbano,https://postali.app/mx/san-luis-potosi/matehuala/republica-78745
78746,Aviación,Colonia,Matehuala,San Luis Potosí,Matehuala,Urbano,https://postali.app/mx/san-luis-potosi/matehuala/aviacion
78747,Ojo de Agua,Colonia,Matehuala,San Luis Potosí,Matehuala,Urbano,https://postali.app/mx/san-luis-potosi/matehuala/ojo-de-agua-78747
78750,Juárez,Colonia,Matehuala,San Luis Potosí,Matehuala,Urbano,https://postali.app/mx/san-luis-potosi/matehuala/juarez
78750,Prados de San Miguel,Fraccionamiento,Matehuala,San Luis Potosí,Matehuala,Urbano,https://postali.app/mx/san-luis-potosi/matehuala/prados-de-san-miguel
78750,San Miguelito,Fraccionamiento,Matehuala,San Luis Potosí,Matehuala,Urbano,https://postali.app/mx/san-luis-potosi/matehuala/san-miguelito
78759,Las Cumbres,Colonia,Matehuala,San Luis Potosí,Matehuala,Urbano,https://postali.app/mx/san-luis-potosi/matehuala/las-cumbres
78759,Santa Lucina,Colonia,Matehuala,San Luis Potosí,Matehuala,Urbano,https://postali.app/mx/san-luis-potosi/matehuala/santa-lucina
78760,El Fraile,Colonia,Matehuala,San Luis Potosí,Matehuala,Urbano,https://postali.app/mx/san-luis-potosi/matehuala/el-fraile
78760,Las Arboledas,Colonia,Matehuala,San Luis Potosí,Matehuala,Urbano,https://postali.app/mx/san-luis-potosi/matehuala/las-arboledas
78760,Las Mercedes,Fraccionamiento,Matehuala,San Luis Potosí,Matehuala,Urbano,https://postali.app/mx/san-luis-potosi/matehuala/las-mercedes
78760,Santa Martha,Colonia,Matehuala,San Luis Potosí,Matehuala,Urbano,https://postali.app/mx/san-luis-potosi/matehuala/santa-martha
78769,Electricistas,Colonia,Matehuala,San Luis Potosí,Matehuala,Urbano,https://postali.app/mx/san-luis-potosi/matehuala/electricistas
78769,España,Fraccionamiento,Matehuala,San Luis Potosí,Matehuala,Urbano,https://postali.app/mx/san-luis-potosi/matehuala/espana
78770,Lagunita,Colonia,Matehuala,San Luis Potosí,Matehuala,Urbano,https://postali.app/mx/san-luis-potosi/matehuala/lagunita
78779,La Dichosa,Colonia,Matehuala,San Luis Potosí,Matehuala,Urbano,https://postali.app/mx/san-luis-potosi/matehuala/la-dichosa
78779,Valle de La Dichosa,Colonia,Matehuala,San Luis Potosí,Matehuala,Urbano,https://postali.app/mx/san-luis-potosi/matehuala/valle-de-la-dichosa
78780,General Rivas Guillén,Colonia,Matehuala,San Luis Potosí,Matehuala,Urbano,https://postali.app/mx/san-luis-potosi/matehuala/general-rivas-guillen
78780,Niños Héroes,Colonia,Matehuala,San Luis Potosí,Matehuala,Urbano,https://postali.app/mx/san-luis-potosi/matehuala/ninos-heroes
78780,Paraíso,Colonia,Matehuala,San Luis Potosí,Matehuala,Urbano,https://postali.app/mx/san-luis-potosi/matehuala/paraiso
78783,Las Hadas,Colonia,Matehuala,San Luis Potosí,Matehuala,Urbano,https://postali.app/mx/san-luis-potosi/matehuala/las-hadas
78783,Libertad,Fraccionamiento,Matehuala,San Luis Potosí,Matehuala,Urbano,https://postali.app/mx/san-luis-potosi/matehuala/libertad
78783,Rinconada de los Fresnos,Fraccionamiento,Matehuala,San Luis Potosí,Matehuala,Urbano,https://postali.app/mx/san-luis-potosi/matehuala/rinconada-de-los-fresnos
78783,San Francisco,Fraccionamiento,Matehuala,San Luis Potosí,Matehuala,Urbano,https://postali.app/mx/san-luis-potosi/matehuala/san-francisco
78783,San José,Colonia,Matehuala,San Luis Potosí,Matehuala,Urbano,https://postali.app/mx/san-luis-potosi/matehuala/san-jose
78784,INFONAVIT Carlos Jonguitud Barrios (Bustamante),Unidad habitacional,Matehuala,San Luis Potosí,Matehuala,Urbano,https://postali.app/mx/san-luis-potosi/matehuala/infonavit-carlos-jonguitud-barrios-bustamante
78784,San Antonio,Colonia,Matehuala,San Luis Potosí,Matehuala,Urbano,https://postali.app/mx/san-luis-potosi/matehuala/san-antonio
78784,San Ángel,Colonia,Matehuala,San Luis Potosí,Matehuala,Urbano,https://postali.app/mx/san-luis-potosi/matehuala/san-angel
78785,Del Bosque,Fraccionamiento,Matehuala,San Luis Potosí,Matehuala,Urbano,https://postali.app/mx/san-luis-potosi/matehuala/del-bosque
78785,El Mirador,Colonia,Matehuala,San Luis Potosí,Matehuala,Urbano,https://postali.app/mx/san-luis-potosi/matehuala/el-mirador
78786,Guadalupe (Lupita),Colonia,Matehuala,San Luis Potosí,Matehuala,Urbano,https://postali.app/mx/san-luis-potosi/matehuala/guadalupe-lupita
78788,Viveros,Colonia,Matehuala,San Luis Potosí,Matehuala,Urbano,https://postali.app/mx/san-luis-potosi/matehuala/viveros
78789,Jardín,Colonia,Matehuala,San Luis Potosí,Matehuala,Urbano,https://postali.app/mx/san-luis-potosi/matehuala/jardin
78789,Vistahermosa,Colonia,Matehuala,San Luis Potosí,Matehuala,Urbano,https://postali.app/mx/san-luis-potosi/matehuala/vistahermosa
78790,Olivar de las Animas,Colonia,Matehuala,San Luis Potosí,Matehuala,Urbano,https://postali.app/mx/san-luis-potosi/matehuala/olivar-de-las-animas
78792,El Gallo,Fraccionamiento,Matehuala,San Luis Potosí,Matehuala,Urbano,https://postali.app/mx/san-luis-potosi/matehuala/el-gallo
78793,Las Heroínas Mexicanas,Colonia,Matehuala,San Luis Potosí,,Rural,https://postali.app/mx/san-luis-potosi/matehuala/las-heroinas-mexicanas
78793,San Ramón (Campestre),Colonia,Matehuala,San Luis Potosí,,Rural,https://postali.app/mx/san-luis-potosi/matehuala/san-ramon-campestre
78793,San Vicente,Rancho,Matehuala,San Luis Potosí,Matehuala,Rural,https://postali.app/mx/san-luis-potosi/matehuala/san-vicente
78796,La Providencia,Fraccionamiento,Matehuala,San Luis Potosí,Matehuala,Urbano,https://postali.app/mx/san-luis-potosi/matehuala/la-providencia
78796,Santa Ana,Colonia,Matehuala,San Luis Potosí,Matehuala,Urbano,https://postali.app/mx/san-luis-potosi/matehuala/santa-ana
78797,Altamira,Colonia,Matehuala,San Luis Potosí,Matehuala,Urbano,https://postali.app/mx/san-luis-potosi/matehuala/altamira
78798,La Concepción,Colonia,Matehuala,San Luis Potosí,Matehuala,Urbano,https://postali.app/mx/san-luis-potosi/matehuala/la-concepcion
78798,Las Mitras,Colonia,Matehuala,San Luis Potosí,Matehuala,Urbano,https://postali.app/mx/san-luis-potosi/matehuala/las-mitras
78798,Ánimas,Colonia,Matehuala,San Luis Potosí,Matehuala,Urbano,https://postali.app/mx/san-luis-potosi/matehuala/animas
78799,El Encanto,Colonia,Matehuala,San Luis Potosí,Matehuala,Urbano,https://postali.app/mx/san-luis-potosi/matehuala/el-encanto
78800,El Mezquite,Ejido,Matehuala,San Luis Potosí,,Rural,https://postali.app/mx/san-luis-potosi/matehuala/el-mezquite
78800,Estanque de Agua Buena,Ejido,Matehuala,San Luis Potosí,,Rural,https://postali.app/mx/san-luis-potosi/matehuala/estanque-de-agua-buena
78800,Los Pocitos,Ejido,Matehuala,San Luis Potosí,,Rural,https://postali.app/mx/san-luis-potosi/matehuala/los-pocitos
78800,Noria de la Cabra,Ejido,Matehuala,San Luis Potosí,,Rural,https://postali.app/mx/san-luis-potosi/matehuala/noria-de-la-cabra
78800,Sacramento,Ejido,Matehuala,San Luis Potosí,,Rural,https://postali.app/mx/san-luis-potosi/matehuala/sacramento
78800,San Antonio de las Barrancas,Ranchería,Matehuala,San Luis Potosí,,Rural,https://postali.app/mx/san-luis-potosi/matehuala/san-antonio-de-las-barrancas
78800,San José de las Trojes,Ejido,Matehuala,San Luis Potosí,,Rural,https://postali.app/mx/san-luis-potosi/matehuala/san-jose-de-las-trojes
78800,Santa Cruz,Ranchería,Matehuala,San Luis Potosí,,Rural,https://postali.app/mx/san-luis-potosi/matehuala/santa-cruz
78800,Tanque Colorado,Ejido,Matehuala,San Luis Potosí,,Rural,https://postali.app/mx/san-luis-potosi/matehuala/tanque-colorado
78801,Arroyito del Agua,Ejido,Matehuala,San Luis Potosí,,Rural,https://postali.app/mx/san-luis-potosi/matehuala/arroyito-del-agua
78801,Guadalupe de los Faz,Ejido,Matehuala,San Luis Potosí,,Rural,https://postali.app/mx/san-luis-potosi/matehuala/guadalupe-de-los-faz
78801,Jesús María,Rancho,Matehuala,San Luis Potosí,,Rural,https://postali.app/mx/san-luis-potosi/matehuala/jesus-maria
78801,La Caja,Ranchería,Matehuala,San Luis Potosí,,Rural,https://postali.app/mx/san-luis-potosi/matehuala/la-caja
78801,La Minita,Ejido,Matehuala,San Luis Potosí,,Rural,https://postali.app/mx/san-luis-potosi/matehuala/la-minita
78801,Parritas,Ejido,Matehuala,San Luis Potosí,,Rural,https://postali.app/mx/san-luis-potosi/matehuala/parritas
78802,Carbonera,Ejido,Matehuala,San Luis Potosí,,Rural,https://postali.app/mx/san-luis-potosi/matehuala/carbonera
78802,Rancho Nuevo,Ejido,Matehuala,San Luis Potosí,,Rural,https://postali.app/mx/san-luis-potosi/matehuala/rancho-nuevo
78803,Cerrito Blanco,Ejido,Matehuala,San Luis Potosí,,Rural,https://postali.app/mx/san-luis-potosi/matehuala/cerrito-blanco
78803,El Palmarito,Ejido,Matehuala,San Luis Potosí,,Rural,https://postali.app/mx/san-luis-potosi/matehuala/el-palmarito
78803,San José de la Peña,Ejido,Matehuala,San Luis Potosí,,Rural,https://postali.app/mx/san-luis-potosi/matehuala/san-jose-de-la-pena
78803,San José de la Viuda (Estanque Blanco),Ejido,Matehuala,San Luis Potosí,,Rural,https://postali.app/mx/san-luis-potosi/matehuala/san-jose-de-la-viuda-estanque-blanco
78804,San Antonio de Zaragoza,Colonia,Matehuala,San Luis Potosí,,Rural,https://postali.app/mx/san-luis-potosi/matehuala/san-antonio-de-zaragoza
78804,San Rafael,Ejido,Matehuala,San Luis Potosí,,Rural,https://postali.app/mx/san-luis-potosi/matehuala/san-rafael
78805,Buenavista,Ejido,Matehuala,San Luis Potosí,,Rural,https://postali.app/mx/san-luis-potosi/matehuala/buenavista
78805,La Gavia,Ejido,Matehuala,San Luis Potosí,,Rural,https://postali.app/mx/san-luis-potosi/matehuala/la-gavia
78808,Centro de Readaptación Social [Penitenciaría],Equipamiento,Matehuala,San Luis Potosí,,Rural,https://postali.app/mx/san-luis-potosi/matehuala/centro-de-readaptacion-social-penitenciaria
78810,Encarnación de Abajo,Pueblo,Matehuala,San Luis Potosí,,Rural,https://postali.app/mx/san-luis-potosi/matehuala/encarnacion-de-abajo
78811,La Joya,Ranchería,Matehuala,San Luis Potosí,,Rural,https://postali.app/mx/san-luis-potosi/matehuala/la-joya
78811,San Francisco de Caleros,Ejido,Matehuala,San Luis Potosí,,Rural,https://postali.app/mx/san-luis-potosi/matehuala/san-francisco-de-caleros
78812,Noria de los Conos,Ranchería,Matehuala,San Luis Potosí,,Rural,https://postali.app/mx/san-luis-potosi/matehuala/noria-de-los-conos
78812,Palmas,Ejido,Matehuala,San Luis Potosí,,Rural,https://postali.app/mx/san-luis-potosi/matehuala/palmas
78812,Santa Ana,Ejido,Matehuala,San Luis Potosí,,Rural,https://postali.app/mx/san-luis-potosi/matehuala/santa-ana-78812
78814,El Guerrero,Ejido,Matehuala,San Luis Potosí,,Rural,https://postali.app/mx/san-luis-potosi/matehuala/el-guerrero
78814,El Herrero,Ranchería,Matehuala,San Luis Potosí,,Rural,https://postali.app/mx/san-luis-potosi/matehuala/el-herrero
78814,Piedra Blanca,Ejido,Matehuala,San Luis Potosí,,Rural,https://postali.app/mx/san-luis-potosi/matehuala/piedra-blanca
78815,Maravillas,Ranchería,Matehuala,San Luis Potosí,,Rural,https://postali.app/mx/san-luis-potosi/matehuala/maravillas
78815,Sarabia (Encarnación de Arriba),Ejido,Matehuala,San Luis Potosí,,Rural,https://postali.app/mx/san-luis-potosi/matehuala/sarabia-encarnacion-de-arriba
78816,Santa Lucía,Ranchería,Matehuala,San Luis Potosí,,Rural,https://postali.app/mx/san-luis-potosi/matehuala/santa-lucia
78818,La Luz,Ejido,Matehuala,San Luis Potosí,,Rural,https://postali.app/mx/san-luis-potosi/matehuala/la-luz
78819,La Bonita,Pueblo,Matehuala,San Luis Potosí,,Rural,https://postali.app/mx/san-luis-potosi/matehuala/la-bonita
78819,La Concepción,Ejido,Matehuala,San Luis Potosí,,Rural,https://postali.app/mx/san-luis-potosi/matehuala/la-concepcion-78819
78819,San José de Ipoa,Ejido,Matehuala,San Luis Potosí,,Rural,https://postali.app/mx/san-luis-potosi/matehuala/san-jose-de-ipoa
78820,El Carmen,Ejido,Matehuala,San Luis Potosí,,Rural,https://postali.app/mx/san-luis-potosi/matehuala/el-carmen
78821,Pastoriza,Ranchería,Matehuala,San Luis Potosí,,Rural,https://postali.app/mx/san-luis-potosi/matehuala/pastoriza
78822,San José del Plan,Ejido,Matehuala,San Luis Potosí,,Rural,https://postali.app/mx/san-luis-potosi/matehuala/san-jose-del-plan
78824,Dieciséis de Septiembre,Ejido,Matehuala,San Luis Potosí,,Rural,https://postali.app/mx/san-luis-potosi/matehuala/dieciseis-de-septiembre
78824,San José de los Guajes,Ranchería,Matehuala,San Luis Potosí,,Rural,https://postali.app/mx/san-luis-potosi/matehuala/san-jose-de-los-guajes
78825,San Gabriel,Ejido,Matehuala,San Luis Potosí,,Rural,https://postali.app/mx/san-luis-potosi/matehuala/san-gabriel
78827,San Miguel,Ranchería,Matehuala,San Luis Potosí,,Rural,https://postali.app/mx/san-luis-potosi/matehuala/san-miguel
78830,El Carmen,Ranchería,Villa de la Paz,San Luis Potosí,,Rural,https://postali.app/mx/san-luis-potosi/villa-de-la-paz/el-carmen
78830,Jesús Martínez,Rancho,Villa de la Paz,San Luis Potosí,,Rural,https://postali.app/mx/san-luis-potosi/villa-de-la-paz/jesus-martinez
78830,Los Nazarios,Ranchería,Villa de la Paz,San Luis Potosí,,Rural,https://postali.app/mx/san-luis-potosi/villa-de-la-paz/los-nazarios
78830,Los Álamos,Ranchería,Villa de la Paz,San Luis Potosí,,Rural,https://postali.app/mx/san-luis-potosi/villa-de-la-paz/los-alamos
78830,Real de Minas,Fraccionamiento,Villa de la Paz,San Luis Potosí,,Urbano,https://postali.app/mx/san-luis-potosi/villa-de-la-paz/real-de-minas
78830,Rosalío Noriega,Ranchería,Villa de la Paz,San Luis Potosí,,Rural,https://postali.app/mx/san-luis-potosi/villa-de-la-paz/rosalio-noriega
78830,San Antonio de las Trojes,Ranchería,Villa de la Paz,San Luis Potosí,,Rural,https://postali.app/mx/san-luis-potosi/villa-de-la-paz/san-antonio-de-las-trojes
78830,Villa de la Paz Centro,Colonia,Villa de la Paz,San Luis Potosí,,Urbano,https://postali.app/mx/san-luis-potosi/villa-de-la-paz/villa-de-la-paz-centro
78835,Jaquis,Ranchería,Villa de la Paz,San Luis Potosí,,Rural,https://postali.app/mx/san-luis-potosi/villa-de-la-paz/jaquis
78836,El Jato,Ranchería,Villa de la Paz,San Luis Potosí,,Rural,https://postali.app/mx/san-luis-potosi/villa-de-la-paz/el-jato
78836,Limones,Ranchería,Villa de la Paz,San Luis Potosí,,Rural,https://postali.app/mx/san-luis-potosi/villa-de-la-paz/limones
78837,Barbechos,Ranchería,Villa de la Paz,San Luis Potosí,,Rural,https://postali.app/mx/san-luis-potosi/villa-de-la-paz/barbechos
78837,La Boca,Colonia,Villa de la Paz,San Luis Potosí,,Rural,https://postali.app/mx/san-luis-potosi/villa-de-la-paz/la-boca
78837,Laureles,Ranchería,Villa de la Paz,San Luis Potosí,,Rural,https://postali.app/mx/san-luis-potosi/villa-de-la-paz/laureles
78837,San Antonio de Zaragoza,Ranchería,Villa de la Paz,San Luis Potosí,,Rural,https://postali.app/mx/san-luis-potosi/villa-de-la-paz/san-antonio-de-zaragoza
78840,Buenavista,Ejido,Villa de Guadalupe,San Luis Potosí,,Rural,https://postali.app/mx/san-luis-potosi/villa-de-guadalupe/buenavista
78843,La Biznaga,Ranchería,Villa de Guadalupe,San Luis Potosí,,Rural,https://postali.app/mx/san-luis-potosi/villa-de-guadalupe/la-biznaga
78843,La Presa,Ejido,Villa de Guadalupe,San Luis Potosí,,Rural,https://postali.app/mx/san-luis-potosi/villa-de-guadalupe/la-presa
78843,Morelos,Ranchería,Villa de Guadalupe,San Luis Potosí,,Rural,https://postali.app/mx/san-luis-potosi/villa-de-guadalupe/morelos
78844,La Presita,Ejido,Villa de Guadalupe,San Luis Potosí,,Rural,https://postali.app/mx/san-luis-potosi/villa-de-guadalupe/la-presita
78844,Los Chilares,Rancho,Villa de Guadalupe,San Luis Potosí,,Rural,https://postali.app/mx/san-luis-potosi/villa-de-guadalupe/los-chilares
78845,Santa María del Rincón (El Guajolote),Ranchería,Villa de Guadalupe,San Luis Potosí,,Rural,https://postali.app/mx/san-luis-potosi/villa-de-guadalupe/santa-maria-del-rincon-el-guajolote
78847,Magdalenas,Ranchería,Villa de Guadalupe,San Luis Potosí,,Rural,https://postali.app/mx/san-luis-potosi/villa-de-guadalupe/magdalenas
78847,Puerto de Magdalena,Ejido,Villa de Guadalupe,San Luis Potosí,,Rural,https://postali.app/mx/san-luis-potosi/villa-de-guadalupe/puerto-de-magdalena
78850,Guadalupito,Ejido,Villa de Guadalupe,San Luis Potosí,,Rural,https://postali.app/mx/san-luis-potosi/villa-de-guadalupe/guadalupito
78850,Rancho Alegre,Ejido,Villa de Guadalupe,San Luis Potosí,,Rural,https://postali.app/mx/san-luis-potosi/villa-de-guadalupe/rancho-alegre
78850,San Judas,Ranchería,Villa de Guadalupe,San Luis Potosí,,Rural,https://postali.app/mx/san-luis-potosi/villa-de-guadalupe/san-judas
78850,Santa Inés de la Obscura,Ranchería,Villa de Guadalupe,San Luis Potosí,,Rural,https://postali.app/mx/san-luis-potosi/villa-de-guadalupe/santa-ines-de-la-obscura
78850,Santa Isabel (El Pozo),Ejido,Villa de Guadalupe,San Luis Potosí,,Rural,https://postali.app/mx/san-luis-potosi/villa-de-guadalupe/santa-isabel-el-pozo
78850,Santa Rita de Casia,Ranchería,Villa de Guadalupe,San Luis Potosí,,Rural,https://postali.app/mx/san-luis-potosi/villa-de-guadalupe/santa-rita-de-casia
78850,Villa de Guadalupe,Pueblo,Villa de Guadalupe,San Luis Potosí,,Urbano,https://postali.app/mx/san-luis-potosi/villa-de-guadalupe/villa-de-guadalupe
78850,Zaragoza de Solís,Ejido,Villa de Guadalupe,San Luis Potosí,,Rural,https://postali.app/mx/san-luis-potosi/villa-de-guadalupe/zaragoza-de-solis
78853,Llano de Jesús María,Ejido,Villa de Guadalupe,San Luis Potosí,,Rural,https://postali.app/mx/san-luis-potosi/villa-de-guadalupe/llano-de-jesus-maria
78855,El Leoncito,Ejido,Villa de Guadalupe,San Luis Potosí,,Rural,https://postali.app/mx/san-luis-potosi/villa-de-guadalupe/el-leoncito
78855,San José del Muerto,Ranchería,Villa de Guadalupe,San Luis Potosí,,Rural,https://postali.app/mx/san-luis-potosi/villa-de-guadalupe/san-jose-del-muerto
78856,La Joya,Rancho,Villa de Guadalupe,San Luis Potosí,,Rural,https://postali.app/mx/san-luis-potosi/villa-de-guadalupe/la-joya
78858,Jarillas,Hacienda,Villa de Guadalupe,San Luis Potosí,,Rural,https://postali.app/mx/san-luis-potosi/villa-de-guadalupe/jarillas
78859,San Antonio de la Ordeña,Ejido,Villa de Guadalupe,San Luis Potosí,,Rural,https://postali.app/mx/san-luis-potosi/villa-de-guadalupe/san-antonio-de-la-ordena
78860,San Bartolo,Rancho,Villa de Guadalupe,San Luis Potosí,,Rural,https://postali.app/mx/san-luis-potosi/villa-de-guadalupe/san-bartolo
78860,Santa Rosa,Rancho,Villa de Guadalupe,San Luis Potosí,,Rural,https://postali.app/mx/san-luis-potosi/villa-de-guadalupe/santa-rosa
78860,Santa Rosa la Masita,Ejido,Villa de Guadalupe,San Luis Potosí,,Rural,https://postali.app/mx/san-luis-potosi/villa-de-guadalupe/santa-rosa-la-masita
78862,Vallejos,Ejido,Villa de Guadalupe,San Luis Potosí,,Rural,https://postali.app/mx/san-luis-potosi/villa-de-guadalupe/vallejos
78863,Palo Blanco,Ejido,Villa de Guadalupe,San Luis Potosí,,Rural,https://postali.app/mx/san-luis-potosi/villa-de-guadalupe/palo-blanco
78864,Bustamante (Las Trojas),Ejido,Villa de Guadalupe,San Luis Potosí,,Rural,https://postali.app/mx/san-luis-potosi/villa-de-guadalupe/bustamante-las-trojas
78864,Santa Rita de los Hernández,Ranchería,Villa de Guadalupe,San Luis Potosí,,Rural,https://postali.app/mx/san-luis-potosi/villa-de-guadalupe/santa-rita-de-los-hernandez
78866,San Francisco,Ejido,Villa de Guadalupe,San Luis Potosí,,Rural,https://postali.app/mx/san-luis-potosi/villa-de-guadalupe/san-francisco
78868,Santa Teresa,Ejido,Villa de Guadalupe,San Luis Potosí,,Rural,https://postali.app/mx/san-luis-potosi/villa-de-guadalupe/santa-teresa
78870,Cantarranas,Colonia,Guadalcázar,San Luis Potosí,,Urbano,https://postali.app/mx/san-luis-potosi/guadalcazar/cantarranas
78870,Guadalcázar,Pueblo,Guadalcázar,San Luis Potosí,,Urbano,https://postali.app/mx/san-luis-potosi/guadalcazar/guadalcazar
78873,San Pedro,Colonia,Guadalcázar,San Luis Potosí,,Urbano,https://postali.app/mx/san-luis-potosi/guadalcazar/san-pedro
78880,Charco Cercado,Ejido,Guadalcázar,San Luis Potosí,,Rural,https://postali.app/mx/san-luis-potosi/guadalcazar/charco-cercado
78880,Crucero de Charco Cercado (El Parador),Ranchería,Guadalcázar,San Luis Potosí,,Rural,https://postali.app/mx/san-luis-potosi/guadalcazar/crucero-de-charco-cercado-el-parador
78880,Cuajimalpa,Ranchería,Guadalcázar,San Luis Potosí,,Rural,https://postali.app/mx/san-luis-potosi/guadalcazar/cuajimalpa
78880,El Huizache,Ejido,Guadalcázar,San Luis Potosí,,Rural,https://postali.app/mx/san-luis-potosi/guadalcazar/el-huizache
78880,Entronque de Matehuala (El Huizache),Rancho,Guadalcázar,San Luis Potosí,,Rural,https://postali.app/mx/san-luis-potosi/guadalcazar/entronque-de-matehuala-el-huizache
78880,La Verdolaga,Ejido,Guadalcázar,San Luis Potosí,,Rural,https://postali.app/mx/san-luis-potosi/guadalcazar/la-verdolaga
78880,Los Amoles,Ejido,Guadalcázar,San Luis Potosí,,Rural,https://postali.app/mx/san-luis-potosi/guadalcazar/los-amoles
78880,Menonita del Huizache,Colonia,Guadalcázar,San Luis Potosí,,Rural,https://postali.app/mx/san-luis-potosi/guadalcazar/menonita-del-huizache
78880,San José de las Flores,Ejido,Guadalcázar,San Luis Potosí,,Rural,https://postali.app/mx/san-luis-potosi/guadalcazar/san-jose-de-las-flores
78880,San Juan sin Agua,Ejido,Guadalcázar,San Luis Potosí,,Rural,https://postali.app/mx/san-luis-potosi/guadalcazar/san-juan-sin-agua
78883,El Refugio del Amparito,Ejido,Guadalcázar,San Luis Potosí,,Rural,https://postali.app/mx/san-luis-potosi/guadalcazar/el-refugio-del-amparito
78883,Las Negritas,Ejido,Guadalcázar,San Luis Potosí,,Rural,https://postali.app/mx/san-luis-potosi/guadalcazar/las-negritas
78883,Presa de Guadalupe,Ejido,Guadalcázar,San Luis Potosí,,Rural,https://postali.app/mx/san-luis-potosi/guadalcazar/presa-de-guadalupe
78883,Progreso,Ranchería,Guadalcázar,San Luis Potosí,,Rural,https://postali.app/mx/san-luis-potosi/guadalcazar/progreso
78883,San Agustín,Ranchería,Guadalcázar,San Luis Potosí,,Rural,https://postali.app/mx/san-luis-potosi/guadalcazar/san-agustin
78883,San Antonio de Trojes,Ejido,Guadalcázar,San Luis Potosí,,Rural,https://postali.app/mx/san-luis-potosi/guadalcazar/san-antonio-de-trojes
78883,Santo Domingo,Ejido,Guadalcázar,San Luis Potosí,,Rural,https://postali.app/mx/san-luis-potosi/guadalcazar/santo-domingo
78884,Agrícola San José,Colonia,Guadalcázar,San Luis Potosí,,Rural,https://postali.app/mx/san-luis-potosi/guadalcazar/agricola-san-jose
78884,Buenavista,Ejido,Guadalcázar,San Luis Potosí,,Rural,https://postali.app/mx/san-luis-potosi/guadalcazar/buenavista
78884,El Quelital,Ejido,Guadalcázar,San Luis Potosí,,Rural,https://postali.app/mx/san-luis-potosi/guadalcazar/el-quelital
78884,La Hincada,Ejido,Guadalcázar,San Luis Potosí,,Rural,https://postali.app/mx/san-luis-potosi/guadalcazar/la-hincada
78884,San Rafael de los Nietos,Ranchería,Guadalcázar,San Luis Potosí,,Rural,https://postali.app/mx/san-luis-potosi/guadalcazar/san-rafael-de-los-nietos
78885,Aguaje de Sánchez,Ranchería,Guadalcázar,San Luis Potosí,,Rural,https://postali.app/mx/san-luis-potosi/guadalcazar/aguaje-de-sanchez
78885,Andana,Ranchería,Guadalcázar,San Luis Potosí,,Rural,https://postali.app/mx/san-luis-potosi/guadalcazar/andana
78885,El Huaricho,Ejido,Guadalcázar,San Luis Potosí,,Rural,https://postali.app/mx/san-luis-potosi/guadalcazar/el-huaricho
78885,El Murciélago,Ejido,Guadalcázar,San Luis Potosí,,Rural,https://postali.app/mx/san-luis-potosi/guadalcazar/el-murcielago
78885,El Oro,Ejido,Guadalcázar,San Luis Potosí,,Rural,https://postali.app/mx/san-luis-potosi/guadalcazar/el-oro
78885,El Plan,Ejido,Guadalcázar,San Luis Potosí,,Rural,https://postali.app/mx/san-luis-potosi/guadalcazar/el-plan
78885,El Terrero de los Posadas,Ejido,Guadalcázar,San Luis Potosí,,Rural,https://postali.app/mx/san-luis-potosi/guadalcazar/el-terrero-de-los-posadas
78885,La Cieneguilla (José Ubaldo García Nieto),Ejido,Guadalcázar,San Luis Potosí,,Rural,https://postali.app/mx/san-luis-potosi/guadalcazar/la-cieneguilla-jose-ubaldo-garcia-nieto
78885,La Escondida,Ejido,Guadalcázar,San Luis Potosí,,Rural,https://postali.app/mx/san-luis-potosi/guadalcazar/la-escondida
78885,La Estacada,Ejido,Guadalcázar,San Luis Potosí,,Rural,https://postali.app/mx/san-luis-potosi/guadalcazar/la-estacada
78885,La Tapada,Ejido,Guadalcázar,San Luis Potosí,,Rural,https://postali.app/mx/san-luis-potosi/guadalcazar/la-tapada
78885,La Tinaja,Ejido,Guadalcázar,San Luis Potosí,,Rural,https://postali.app/mx/san-luis-potosi/guadalcazar/la-tinaja
78885,La Yerbabuena,Ranchería,Guadalcázar,San Luis Potosí,,Rural,https://postali.app/mx/san-luis-potosi/guadalcazar/la-yerbabuena
78885,Las Lagunas,Ejido,Guadalcázar,San Luis Potosí,,Rural,https://postali.app/mx/san-luis-potosi/guadalcazar/las-lagunas
78885,Minas de Plata,Ranchería,Guadalcázar,San Luis Potosí,,Rural,https://postali.app/mx/san-luis-potosi/guadalcazar/minas-de-plata
78885,Potreritos,Ranchería,Guadalcázar,San Luis Potosí,,Rural,https://postali.app/mx/san-luis-potosi/guadalcazar/potreritos
78885,Potrero de los Sánchez,Ranchería,Guadalcázar,San Luis Potosí,,Rural,https://postali.app/mx/san-luis-potosi/guadalcazar/potrero-de-los-sanchez
78885,Pozo de Acuña,Ejido,Guadalcázar,San Luis Potosí,,Rural,https://postali.app/mx/san-luis-potosi/guadalcazar/pozo-de-acuna
78885,Puerto de las Matianas,Ranchería,Guadalcázar,San Luis Potosí,,Rural,https://postali.app/mx/san-luis-potosi/guadalcazar/puerto-de-las-matianas
78885,Rancho la Cieneguilla,Ranchería,Guadalcázar,San Luis Potosí,,Rural,https://postali.app/mx/san-luis-potosi/guadalcazar/rancho-la-cieneguilla
78885,Realejo,Ranchería,Guadalcázar,San Luis Potosí,,Rural,https://postali.app/mx/san-luis-potosi/guadalcazar/realejo
78885,Rincón de Santa Elena,Ranchería,Guadalcázar,San Luis Potosí,,Rural,https://postali.app/mx/san-luis-potosi/guadalcazar/rincon-de-santa-elena
78885,San Francisco de los Toros,Ranchería,Guadalcázar,San Luis Potosí,,Rural,https://postali.app/mx/san-luis-potosi/guadalcazar/san-francisco-de-los-toros
78885,San Isidro,Ranchería,Guadalcázar,San Luis Potosí,,Rural,https://postali.app/mx/san-luis-potosi/guadalcazar/san-isidro
78885,San Miguel (El Llano),Ranchería,Guadalcázar,San Luis Potosí,,Rural,https://postali.app/mx/san-luis-potosi/guadalcazar/san-miguel-el-llano
78885,Santa Rita,Ranchería,Guadalcázar,San Luis Potosí,,Rural,https://postali.app/mx/san-luis-potosi/guadalcazar/santa-rita
78885,Ábrego,Ranchería,Guadalcázar,San Luis Potosí,,Rural,https://postali.app/mx/san-luis-potosi/guadalcazar/abrego
78886,Charco Blanco,Ranchería,Guadalcázar,San Luis Potosí,,Rural,https://postali.app/mx/san-luis-potosi/guadalcazar/charco-blanco
78886,El Aguaje de García,Ranchería,Guadalcázar,San Luis Potosí,,Rural,https://postali.app/mx/san-luis-potosi/guadalcazar/el-aguaje-de-garcia
78886,Entronque de Guadalcázar,Ranchería,Guadalcázar,San Luis Potosí,,Rural,https://postali.app/mx/san-luis-potosi/guadalcazar/entronque-de-guadalcazar
78886,Los Pinos,Ranchería,Guadalcázar,San Luis Potosí,,Rural,https://postali.app/mx/san-luis-potosi/guadalcazar/los-pinos
78886,Palos Altos,Ranchería,Guadalcázar,San Luis Potosí,,Rural,https://postali.app/mx/san-luis-potosi/guadalcazar/palos-altos
78886,Potrero de Pinedas,Ranchería,Guadalcázar,San Luis Potosí,,Rural,https://postali.app/mx/san-luis-potosi/guadalcazar/potrero-de-pinedas
78886,San Cristóbal,Ejido,Guadalcázar,San Luis Potosí,,Rural,https://postali.app/mx/san-luis-potosi/guadalcazar/san-cristobal
78886,San José de Cervantes,Ranchería,Guadalcázar,San Luis Potosí,,Rural,https://postali.app/mx/san-luis-potosi/guadalcazar/san-jose-de-cervantes
78886,San Nicolás Tolentino,Ranchería,Guadalcázar,San Luis Potosí,,Rural,https://postali.app/mx/san-luis-potosi/guadalcazar/san-nicolas-tolentino
78886,San Pedro el Alto,Ranchería,Guadalcázar,San Luis Potosí,,Rural,https://postali.app/mx/san-luis-potosi/guadalcazar/san-pedro-el-alto
78887,Crucero la Presita (Tanque la Presita),Ranchería,Guadalcázar,San Luis Potosí,,Rural,https://postali.app/mx/san-luis-potosi/guadalcazar/crucero-la-presita-tanque-la-presita
78887,Crucero Noria de las Flores,Ranchería,Guadalcázar,San Luis Potosí,,Rural,https://postali.app/mx/san-luis-potosi/guadalcazar/crucero-noria-de-las-flores
78887,Crucero Pozas de Santa Ana,Ranchería,Guadalcázar,San Luis Potosí,,Rural,https://postali.app/mx/san-luis-potosi/guadalcazar/crucero-pozas-de-santa-ana
78887,El Ranchito,Ejido,Guadalcázar,San Luis Potosí,,Rural,https://postali.app/mx/san-luis-potosi/guadalcazar/el-ranchito
78887,La Campana,Ejido,Guadalcázar,San Luis Potosí,,Rural,https://postali.app/mx/san-luis-potosi/guadalcazar/la-campana
78887,La Esperanza (Núñez),Ejido,Guadalcázar,San Luis Potosí,,Rural,https://postali.app/mx/san-luis-potosi/guadalcazar/la-esperanza-nunez
78887,La Negrita,Ejido,Guadalcázar,San Luis Potosí,,Rural,https://postali.app/mx/san-luis-potosi/guadalcazar/la-negrita
78887,La Noria de las Flores,Ejido,Guadalcázar,San Luis Potosí,,Rural,https://postali.app/mx/san-luis-potosi/guadalcazar/la-noria-de-las-flores
78887,La Nueva Jerusalén (La Borrega),Ejido,Guadalcázar,San Luis Potosí,,Rural,https://postali.app/mx/san-luis-potosi/guadalcazar/la-nueva-jerusalen-la-borrega
78887,La Trinidad,Ejido,Guadalcázar,San Luis Potosí,,Rural,https://postali.app/mx/san-luis-potosi/guadalcazar/la-trinidad
78887,Laguna de Gerardo,Ejido,Guadalcázar,San Luis Potosí,,Rural,https://postali.app/mx/san-luis-potosi/guadalcazar/laguna-de-gerardo
78887,Núñez,Ejido,Guadalcázar,San Luis Potosí,,Rural,https://postali.app/mx/san-luis-potosi/guadalcazar/nunez
78887,Peyote,Ejido,Guadalcázar,San Luis Potosí,,Rural,https://postali.app/mx/san-luis-potosi/guadalcazar/peyote
78887,Pozas de Santa Ana,Ejido,Guadalcázar,San Luis Potosí,,Rural,https://postali.app/mx/san-luis-potosi/guadalcazar/pozas-de-santa-ana
78887,Rancho el Castillo,Ranchería,Guadalcázar,San Luis Potosí,,Rural,https://postali.app/mx/san-luis-potosi/guadalcazar/rancho-el-castillo
78887,San Isidro,Ranchería,Guadalcázar,San Luis Potosí,,Rural,https://postali.app/mx/san-luis-potosi/guadalcazar/san-isidro-78887
78887,Santa María del Tecomate,Ranchería,Guadalcázar,San Luis Potosí,,Rural,https://postali.app/mx/san-luis-potosi/guadalcazar/santa-maria-del-tecomate
78890,El Fraile,Ejido,Guadalcázar,San Luis Potosí,,Rural,https://postali.app/mx/san-luis-potosi/guadalcazar/el-fraile
78890,El Tulillo,Ejido,Guadalcázar,San Luis Potosí,,Rural,https://postali.app/mx/san-luis-potosi/guadalcazar/el-tulillo
78890,La Boquilla,Ejido,Guadalcázar,San Luis Potosí,,Rural,https://postali.app/mx/san-luis-potosi/guadalcazar/la-boquilla
78890,La Media Nega,Ejido,Guadalcázar,San Luis Potosí,,Rural,https://postali.app/mx/san-luis-potosi/guadalcazar/la-media-nega
78890,La Naranjita,Ranchería,Guadalcázar,San Luis Potosí,,Rural,https://postali.app/mx/san-luis-potosi/guadalcazar/la-naranjita
78890,Puerta de Jesús María (La Rosita),Ranchería,Guadalcázar,San Luis Potosí,,Rural,https://postali.app/mx/san-luis-potosi/guadalcazar/puerta-de-jesus-maria-la-rosita
78890,San Antonio del Tulillo,Ranchería,Guadalcázar,San Luis Potosí,,Rural,https://postali.app/mx/san-luis-potosi/guadalcazar/san-antonio-del-tulillo
78890,San Francisco del Tulillo,Ejido,Guadalcázar,San Luis Potosí,,Rural,https://postali.app/mx/san-luis-potosi/guadalcazar/san-francisco-del-tulillo
78890,San Gregorio,Ranchería,Guadalcázar,San Luis Potosí,,Rural,https://postali.app/mx/san-luis-potosi/guadalcazar/san-gregorio
78890,San Ignacio,Ejido,Guadalcázar,San Luis Potosí,,Rural,https://postali.app/mx/san-luis-potosi/guadalcazar/san-ignacio
78890,San Martín (San Martín del Tanquito),Ranchería,Guadalcázar,San Luis Potosí,,Rural,https://postali.app/mx/san-luis-potosi/guadalcazar/san-martin-san-martin-del-tanquito
78890,Soledad de la Biznaga,Ranchería,Guadalcázar,San Luis Potosí,,Rural,https://postali.app/mx/san-luis-potosi/guadalcazar/soledad-de-la-biznaga
78893,El Milagro de Guadalupe,Ejido,Guadalcázar,San Luis Potosí,,Rural,https://postali.app/mx/san-luis-potosi/guadalcazar/el-milagro-de-guadalupe
78893,Estanque Blanco,Ejido,Guadalcázar,San Luis Potosí,,Rural,https://postali.app/mx/san-luis-potosi/guadalcazar/estanque-blanco
78894,Domingo Gámez,Ejido,Guadalcázar,San Luis Potosí,,Rural,https://postali.app/mx/san-luis-potosi/guadalcazar/domingo-gamez
78894,El Jaujal,Ejido,Guadalcázar,San Luis Potosí,,Rural,https://postali.app/mx/san-luis-potosi/guadalcazar/el-jaujal
78894,El Puerto de la Clavellina,Ejido,Guadalcázar,San Luis Potosí,,Rural,https://postali.app/mx/san-luis-potosi/guadalcazar/el-puerto-de-la-clavellina
78894,La Joya de la Laja,Ejido,Guadalcázar,San Luis Potosí,,Rural,https://postali.app/mx/san-luis-potosi/guadalcazar/la-joya-de-la-laja
78894,Los Ángeles Número Dos,Ejido,Guadalcázar,San Luis Potosí,,Rural,https://postali.app/mx/san-luis-potosi/guadalcazar/los-angeles-numero-dos
78894,Los Ángeles Número Uno,Ejido,Guadalcázar,San Luis Potosí,,Rural,https://postali.app/mx/san-luis-potosi/guadalcazar/los-angeles-numero-uno
78894,Presa el Pinto,Ranchería,Guadalcázar,San Luis Potosí,,Rural,https://postali.app/mx/san-luis-potosi/guadalcazar/presa-el-pinto
78894,Ranchito Grande (La Loma),Ranchería,Guadalcázar,San Luis Potosí,,Rural,https://postali.app/mx/san-luis-potosi/guadalcazar/ranchito-grande-la-loma
78895,El Jicote,Ejido,Guadalcázar,San Luis Potosí,,Rural,https://postali.app/mx/san-luis-potosi/guadalcazar/el-jicote
78895,El Paisano,Ejido,Guadalcázar,San Luis Potosí,,Rural,https://postali.app/mx/san-luis-potosi/guadalcazar/el-paisano
78895,Los Anteojos,Ejido,Guadalcázar,San Luis Potosí,,Rural,https://postali.app/mx/san-luis-potosi/guadalcazar/los-anteojos
78895,Rancho Nuevo,Ranchería,Guadalcázar,San Luis Potosí,,Rural,https://postali.app/mx/san-luis-potosi/guadalcazar/rancho-nuevo
78895,San Vicente,Ranchería,Guadalcázar,San Luis Potosí,,Rural,https://postali.app/mx/san-luis-potosi/guadalcazar/san-vicente
78896,La Ventana,Ejido,Guadalcázar,San Luis Potosí,,Rural,https://postali.app/mx/san-luis-potosi/guadalcazar/la-ventana
78896,Pozo Colorado,Ranchería,Guadalcázar,San Luis Potosí,,Rural,https://postali.app/mx/san-luis-potosi/guadalcazar/pozo-colorado
78896,Presita del Tepetate,Ranchería,Guadalcázar,San Luis Potosí,,Rural,https://postali.app/mx/san-luis-potosi/guadalcazar/presita-del-tepetate
78897,Crucero la Pólvora,Ranchería,Guadalcázar,San Luis Potosí,,Rural,https://postali.app/mx/san-luis-potosi/guadalcazar/crucero-la-polvora
78897,El Barrial,Ejido,Guadalcázar,San Luis Potosí,,Rural,https://postali.app/mx/san-luis-potosi/guadalcazar/el-barrial
78897,La Palapa,Ejido,Guadalcázar,San Luis Potosí,,Rural,https://postali.app/mx/san-luis-potosi/guadalcazar/la-palapa
78897,La Pólvora,Ejido,Guadalcázar,San Luis Potosí,,Rural,https://postali.app/mx/san-luis-potosi/guadalcazar/la-polvora
78897,Los Torres [Restaurante],Ejido,Guadalcázar,San Luis Potosí,,Rural,https://postali.app/mx/san-luis-potosi/guadalcazar/los-torres-restaurante
78897,Los Tres Reales,Ejido,Guadalcázar,San Luis Potosí,,Rural,https://postali.app/mx/san-luis-potosi/guadalcazar/los-tres-reales
78897,Norias del Refugio,Ejido,Guadalcázar,San Luis Potosí,,Rural,https://postali.app/mx/san-luis-potosi/guadalcazar/norias-del-refugio
78897,Potrero San Julián,Ranchería,Guadalcázar,San Luis Potosí,,Rural,https://postali.app/mx/san-luis-potosi/guadalcazar/potrero-san-julian
78897,San Carlos,Ejido,Guadalcázar,San Luis Potosí,,Rural,https://postali.app/mx/san-luis-potosi/guadalcazar/san-carlos
78897,Santa Rita del Rucio,Ranchería,Guadalcázar,San Luis Potosí,,Rural,https://postali.app/mx/san-luis-potosi/guadalcazar/santa-rita-del-rucio
78900,Buena Vista,Barrio,Moctezuma,San Luis Potosí,,Rural,https://postali.app/mx/san-luis-potosi/moctezuma/buena-vista
78900,Camposanto,Barrio,Moctezuma,San Luis Potosí,,Rural,https://postali.app/mx/san-luis-potosi/moctezuma/camposanto
78900,Cerrito San Juan,Barrio,Moctezuma,San Luis Potosí,,Rural,https://postali.app/mx/san-luis-potosi/moctezuma/cerrito-san-juan
78900,Charco del Lobo (Centro),Ejido,Moctezuma,San Luis Potosí,,Rural,https://postali.app/mx/san-luis-potosi/moctezuma/charco-del-lobo-centro
78900,Cristo Rey,Colonia,Moctezuma,San Luis Potosí,,Rural,https://postali.app/mx/san-luis-potosi/moctezuma/cristo-rey
78900,Cruces,Ejido,Moctezuma,San Luis Potosí,,Rural,https://postali.app/mx/san-luis-potosi/moctezuma/cruces
78900,El Cúcamo,Ejido,Moctezuma,San Luis Potosí,,Rural,https://postali.app/mx/san-luis-potosi/moctezuma/el-cucamo
78900,El Mezquital,Fraccionamiento,Moctezuma,San Luis Potosí,,Urbano,https://postali.app/mx/san-luis-potosi/moctezuma/el-mezquital
78900,La Aduana,Ejido,Moctezuma,San Luis Potosí,,Rural,https://postali.app/mx/san-luis-potosi/moctezuma/la-aduana
78900,La Ladrillera,Colonia,Moctezuma,San Luis Potosí,,Urbano,https://postali.app/mx/san-luis-potosi/moctezuma/la-ladrillera
78900,La Laguna,Barrio,Moctezuma,San Luis Potosí,,Rural,https://postali.app/mx/san-luis-potosi/moctezuma/la-laguna
78900,La Loma,Colonia,Moctezuma,San Luis Potosí,,Urbano,https://postali.app/mx/san-luis-potosi/moctezuma/la-loma
78900,Magisterial,Colonia,Moctezuma,San Luis Potosí,,Rural,https://postali.app/mx/san-luis-potosi/moctezuma/magisterial
78900,Moctezuma,Colonia,Moctezuma,San Luis Potosí,,Rural,https://postali.app/mx/san-luis-potosi/moctezuma/moctezuma
78900,Morados,Ejido,Moctezuma,San Luis Potosí,,Rural,https://postali.app/mx/san-luis-potosi/moctezuma/morados
78900,Refugio,Barrio,Moctezuma,San Luis Potosí,,Rural,https://postali.app/mx/san-luis-potosi/moctezuma/refugio
78900,San José,Barrio,Moctezuma,San Luis Potosí,,Rural,https://postali.app/mx/san-luis-potosi/moctezuma/san-jose
78900,San José del Grito,Ejido,Moctezuma,San Luis Potosí,,Rural,https://postali.app/mx/san-luis-potosi/moctezuma/san-jose-del-grito
78900,Tlaxcala,Barrio,Moctezuma,San Luis Potosí,,Rural,https://postali.app/mx/san-luis-potosi/moctezuma/tlaxcala
78902,Garabatillo,Ejido,Moctezuma,San Luis Potosí,,Rural,https://postali.app/mx/san-luis-potosi/moctezuma/garabatillo
78903,Labor Vieja,Ranchería,Moctezuma,San Luis Potosí,,Rural,https://postali.app/mx/san-luis-potosi/moctezuma/labor-vieja
78903,Santa Catarina,Ejido,Moctezuma,San Luis Potosí,,Rural,https://postali.app/mx/san-luis-potosi/moctezuma/santa-catarina
78903,Santa Teresa,Ejido,Moctezuma,San Luis Potosí,,Rural,https://postali.app/mx/san-luis-potosi/moctezuma/santa-teresa
78904,El Rebalín,Ranchería,Moctezuma,San Luis Potosí,,Rural,https://postali.app/mx/san-luis-potosi/moctezuma/el-rebalin
78904,Pozos de Matanza,Ejido,Moctezuma,San Luis Potosí,,Rural,https://postali.app/mx/san-luis-potosi/moctezuma/pozos-de-matanza
78905,Barrancas,Ranchería,Moctezuma,San Luis Potosí,,Rural,https://postali.app/mx/san-luis-potosi/moctezuma/barrancas
78905,La Presa,Ranchería,Moctezuma,San Luis Potosí,,Rural,https://postali.app/mx/san-luis-potosi/moctezuma/la-presa
78905,Morterillos,Ejido,Moctezuma,San Luis Potosí,,Rural,https://postali.app/mx/san-luis-potosi/moctezuma/morterillos
78906,El Colorado,Ejido,Moctezuma,San Luis Potosí,,Rural,https://postali.app/mx/san-luis-potosi/moctezuma/el-colorado
78906,El Retiro,Rancho,Moctezuma,San Luis Potosí,,Rural,https://postali.app/mx/san-luis-potosi/moctezuma/el-retiro
78906,Piedra Azul (La Piedra),Ranchería,Moctezuma,San Luis Potosí,,Rural,https://postali.app/mx/san-luis-potosi/moctezuma/piedra-azul-la-piedra
78906,Salsipuedes,Rancho,Moctezuma,San Luis Potosí,,Rural,https://postali.app/mx/san-luis-potosi/moctezuma/salsipuedes
78908,Arroyo Hondo,Ejido,Moctezuma,San Luis Potosí,,Rural,https://postali.app/mx/san-luis-potosi/moctezuma/arroyo-hondo
78908,La Cueva,Ejido,Moctezuma,San Luis Potosí,,Rural,https://postali.app/mx/san-luis-potosi/moctezuma/la-cueva
78909,Ancón,Ranchería,Moctezuma,San Luis Potosí,,Rural,https://postali.app/mx/san-luis-potosi/moctezuma/ancon
78909,Juache,Ejido,Moctezuma,San Luis Potosí,,Rural,https://postali.app/mx/san-luis-potosi/moctezuma/juache
78910,Providencia,Ejido,Moctezuma,San Luis Potosí,,Rural,https://postali.app/mx/san-luis-potosi/moctezuma/providencia
78911,San Ignacio,Ejido,Moctezuma,San Luis Potosí,,Rural,https://postali.app/mx/san-luis-potosi/moctezuma/san-ignacio
78914,Clavellinas,Ranchería,Moctezuma,San Luis Potosí,,Rural,https://postali.app/mx/san-luis-potosi/moctezuma/clavellinas
78914,Ex-Hacienda de Enramada,Ranchería,Moctezuma,San Luis Potosí,,Rural,https://postali.app/mx/san-luis-potosi/moctezuma/ex-hacienda-de-enramada
78918,Rancho Nuevo,Ejido,Moctezuma,San Luis Potosí,,Rural,https://postali.app/mx/san-luis-potosi/moctezuma/rancho-nuevo
78919,Codorniz,Ejido,Moctezuma,San Luis Potosí,,Rural,https://postali.app/mx/san-luis-potosi/moctezuma/codorniz
78919,Estanco,Ejido,Moctezuma,San Luis Potosí,,Rural,https://postali.app/mx/san-luis-potosi/moctezuma/estanco
78919,San Antonio del Rul,Ranchería,Moctezuma,San Luis Potosí,,Rural,https://postali.app/mx/san-luis-potosi/moctezuma/san-antonio-del-rul
78920,Venado,Pueblo,Venado,San Luis Potosí,,Rural,https://postali.app/mx/san-luis-potosi/venado/venado
78923,El Cenizal,Fraccionamiento,Venado,San Luis Potosí,,Rural,https://postali.app/mx/san-luis-potosi/venado/el-cenizal
78923,San Cayetano,Barrio,Venado,San Luis Potosí,,Rural,https://postali.app/mx/san-luis-potosi/venado/san-cayetano
78924,Barrio de Guadalupe,Barrio,Venado,San Luis Potosí,,Rural,https://postali.app/mx/san-luis-potosi/venado/barrio-de-guadalupe
78925,Lomas de Guadalupe,Colonia,Venado,San Luis Potosí,,Rural,https://postali.app/mx/san-luis-potosi/venado/lomas-de-guadalupe
78925,San Francisco,Colonia,Venado,San Luis Potosí,,Rural,https://postali.app/mx/san-luis-potosi/venado/san-francisco
78925,San José,Barrio,Venado,San Luis Potosí,,Rural,https://postali.app/mx/san-luis-potosi/venado/san-jose
78925,San Sebastián,Colonia,Venado,San Luis Potosí,,Rural,https://postali.app/mx/san-luis-potosi/venado/san-sebastian
78926,La Cruz Negra,Barrio,Venado,San Luis Potosí,,Rural,https://postali.app/mx/san-luis-potosi/venado/la-cruz-negra
78926,Loma Linda,Colonia,Venado,San Luis Potosí,,Rural,https://postali.app/mx/san-luis-potosi/venado/loma-linda
78926,Ricardo Flores Magón,Colonia,Venado,San Luis Potosí,,Rural,https://postali.app/mx/san-luis-potosi/venado/ricardo-flores-magon
78926,San Juan,Barrio,Venado,San Luis Potosí,,Rural,https://postali.app/mx/san-luis-potosi/venado/san-juan
78927,Del Valle,Colonia,Venado,San Luis Potosí,,Rural,https://postali.app/mx/san-luis-potosi/venado/del-valle
78927,La Purísima,Barrio,Venado,San Luis Potosí,,Rural,https://postali.app/mx/san-luis-potosi/venado/la-purisima
78927,Villa de Las Flores,Colonia,Venado,San Luis Potosí,,Rural,https://postali.app/mx/san-luis-potosi/venado/villa-de-las-flores
78930,Andrés Rangel,Pueblo,Venado,San Luis Potosí,,Rural,https://postali.app/mx/san-luis-potosi/venado/andres-rangel
78930,Cinco de Febrero,Ranchería,Venado,San Luis Potosí,,Rural,https://postali.app/mx/san-luis-potosi/venado/cinco-de-febrero
78930,El Colgado,Ejido,Venado,San Luis Potosí,,Rural,https://postali.app/mx/san-luis-potosi/venado/el-colgado
78930,El Gateado,Ejido,Venado,San Luis Potosí,,Rural,https://postali.app/mx/san-luis-potosi/venado/el-gateado
78930,El Grullo,Ejido,Venado,San Luis Potosí,,Rural,https://postali.app/mx/san-luis-potosi/venado/el-grullo
78930,El Matorral,Ejido,Venado,San Luis Potosí,,Rural,https://postali.app/mx/san-luis-potosi/venado/el-matorral
78930,Eulogio Zamarripa,Ejido,Venado,San Luis Potosí,,Rural,https://postali.app/mx/san-luis-potosi/venado/eulogio-zamarripa
78930,Guanamé,Ejido,Venado,San Luis Potosí,,Rural,https://postali.app/mx/san-luis-potosi/venado/guaname
78930,La Cañada San Juan,Pueblo,Venado,San Luis Potosí,,Rural,https://postali.app/mx/san-luis-potosi/venado/la-canada-san-juan
78930,La Manga (Tanque la Bota),Pueblo,Venado,San Luis Potosí,,Rural,https://postali.app/mx/san-luis-potosi/venado/la-manga-tanque-la-bota
78930,La Piedra,Pueblo,Venado,San Luis Potosí,,Rural,https://postali.app/mx/san-luis-potosi/venado/la-piedra
78930,La Puerta,Pueblo,Venado,San Luis Potosí,,Rural,https://postali.app/mx/san-luis-potosi/venado/la-puerta
78930,La Puerta,Ranchería,Venado,San Luis Potosí,,Rural,https://postali.app/mx/san-luis-potosi/venado/la-puerta-78930
78930,La Reforma,Pueblo,Venado,San Luis Potosí,,Rural,https://postali.app/mx/san-luis-potosi/venado/la-reforma
78930,La Vaina,Pueblo,Venado,San Luis Potosí,,Rural,https://postali.app/mx/san-luis-potosi/venado/la-vaina
78930,Los Elotes,Pueblo,Venado,San Luis Potosí,,Rural,https://postali.app/mx/san-luis-potosi/venado/los-elotes
78930,Los Lobitos,Pueblo,Venado,San Luis Potosí,,Rural,https://postali.app/mx/san-luis-potosi/venado/los-lobitos
78930,Los Remedios,Ejido,Venado,San Luis Potosí,,Rural,https://postali.app/mx/san-luis-potosi/venado/los-remedios
78930,Palo Blanco,Ejido,Venado,San Luis Potosí,,Rural,https://postali.app/mx/san-luis-potosi/venado/palo-blanco
78930,Tanque la Milpa,Ranchería,Venado,San Luis Potosí,,Rural,https://postali.app/mx/san-luis-potosi/venado/tanque-la-milpa
78930,Toledo,Ranchería,Venado,San Luis Potosí,,Rural,https://postali.app/mx/san-luis-potosi/venado/toledo
78930,Viborillas,Ranchería,Venado,San Luis Potosí,,Rural,https://postali.app/mx/san-luis-potosi/venado/viborillas
78933,Cinco de Mayo,Ejido,Venado,San Luis Potosí,,Rural,https://postali.app/mx/san-luis-potosi/venado/cinco-de-mayo
78933,El Cuije,Ejido,Venado,San Luis Potosí,,Rural,https://postali.app/mx/san-luis-potosi/venado/el-cuije
78933,El Laurel,Ejido,Venado,San Luis Potosí,,Rural,https://postali.app/mx/san-luis-potosi/venado/el-laurel
78933,El Salero,Ejido,Venado,San Luis Potosí,,Rural,https://postali.app/mx/san-luis-potosi/venado/el-salero
78933,El Salero,Ranchería,Venado,San Luis Potosí,,Rural,https://postali.app/mx/san-luis-potosi/venado/el-salero-78933
78933,El Sotol,Ejido,Venado,San Luis Potosí,,Rural,https://postali.app/mx/san-luis-potosi/venado/el-sotol
78933,El Sotolillo de Abajo,Ejido,Venado,San Luis Potosí,,Rural,https://postali.app/mx/san-luis-potosi/venado/el-sotolillo-de-abajo
78933,El Tejón,Ejido,Venado,San Luis Potosí,,Rural,https://postali.app/mx/san-luis-potosi/venado/el-tejon
78933,La Barranca Norte,Pueblo,Venado,San Luis Potosí,,Rural,https://postali.app/mx/san-luis-potosi/venado/la-barranca-norte
78933,La Ciénaga de Guanamé,Pueblo,Venado,San Luis Potosí,,Rural,https://postali.app/mx/san-luis-potosi/venado/la-cienaga-de-guaname
78933,La Lagunita del Sotol,Pueblo,Venado,San Luis Potosí,,Rural,https://postali.app/mx/san-luis-potosi/venado/la-lagunita-del-sotol
78933,Los Trejos,Pueblo,Venado,San Luis Potosí,,Rural,https://postali.app/mx/san-luis-potosi/venado/los-trejos
78933,Polocote de Arriba,Ranchería,Venado,San Luis Potosí,,Rural,https://postali.app/mx/san-luis-potosi/venado/polocote-de-arriba
78933,Quinta Ojo de Agua,Pueblo,Venado,San Luis Potosí,,Rural,https://postali.app/mx/san-luis-potosi/venado/quinta-ojo-de-agua
78933,San Onofre,Pueblo,Venado,San Luis Potosí,,Rural,https://postali.app/mx/san-luis-potosi/venado/san-onofre
78934,Barrio de Guadalupe Dos (Mexiquito),Ejido,Venado,San Luis Potosí,,Rural,https://postali.app/mx/san-luis-potosi/venado/barrio-de-guadalupe-dos-mexiquito
78934,Cerro Verde,Pueblo,Venado,San Luis Potosí,,Rural,https://postali.app/mx/san-luis-potosi/venado/cerro-verde
78934,El Arenal,Ejido,Venado,San Luis Potosí,,Rural,https://postali.app/mx/san-luis-potosi/venado/el-arenal
78934,El Clérigo (Miguel Rivera Banderas),Ejido,Venado,San Luis Potosí,,Rural,https://postali.app/mx/san-luis-potosi/venado/el-clerigo-miguel-rivera-banderas
78934,El Faro,Ejido,Venado,San Luis Potosí,,Rural,https://postali.app/mx/san-luis-potosi/venado/el-faro
78934,El Tecolote,Ranchería,Venado,San Luis Potosí,,Rural,https://postali.app/mx/san-luis-potosi/venado/el-tecolote
78934,La Curva (La Esquina),Pueblo,Venado,San Luis Potosí,,Rural,https://postali.app/mx/san-luis-potosi/venado/la-curva-la-esquina
78934,Noria de la Unión,Pueblo,Venado,San Luis Potosí,,Rural,https://postali.app/mx/san-luis-potosi/venado/noria-de-la-union
78934,Noria de Santa Teresa,Pueblo,Venado,San Luis Potosí,,Rural,https://postali.app/mx/san-luis-potosi/venado/noria-de-santa-teresa
78934,Polocote de Abajo (Polocotillo),Pueblo,Venado,San Luis Potosí,,Rural,https://postali.app/mx/san-luis-potosi/venado/polocote-de-abajo-polocotillo
78934,Pozo Número Nueve,Pueblo,Venado,San Luis Potosí,,Rural,https://postali.app/mx/san-luis-potosi/venado/pozo-numero-nueve
78934,Pozo Número Ocho,Pueblo,Venado,San Luis Potosí,,Rural,https://postali.app/mx/san-luis-potosi/venado/pozo-numero-ocho
78934,Pozo Número Siete,Pueblo,Venado,San Luis Potosí,,Rural,https://postali.app/mx/san-luis-potosi/venado/pozo-numero-siete
78934,Pozo Número Tres (Barrio de Guadalupe),Pueblo,Venado,San Luis Potosí,,Rural,https://postali.app/mx/san-luis-potosi/venado/pozo-numero-tres-barrio-de-guadalupe
78934,Rancho Nuevo,Rancho,Venado,San Luis Potosí,,Rural,https://postali.app/mx/san-luis-potosi/venado/rancho-nuevo
78934,San Mateo,Pueblo,Venado,San Luis Potosí,,Rural,https://postali.app/mx/san-luis-potosi/venado/san-mateo
78934,San Sabino,Pueblo,Venado,San Luis Potosí,,Rural,https://postali.app/mx/san-luis-potosi/venado/san-sabino
78934,San Sebastián,Ranchería,Venado,San Luis Potosí,,Rural,https://postali.app/mx/san-luis-potosi/venado/san-sebastian-78934
78934,Santa Rita,Ejido,Venado,San Luis Potosí,,Rural,https://postali.app/mx/san-luis-potosi/venado/santa-rita
78934,Santa Rita (El Alto),Ranchería,Venado,San Luis Potosí,,Rural,https://postali.app/mx/san-luis-potosi/venado/santa-rita-el-alto
78934,Tierra Blanca,Ejido,Venado,San Luis Potosí,,Rural,https://postali.app/mx/san-luis-potosi/venado/tierra-blanca
78935,Coronado (Hacienda de Coronado),Ejido,Venado,San Luis Potosí,,Rural,https://postali.app/mx/san-luis-potosi/venado/coronado-hacienda-de-coronado
78935,El Charco Verde,Ejido,Venado,San Luis Potosí,,Rural,https://postali.app/mx/san-luis-potosi/venado/el-charco-verde
78935,El Charquillo,Ejido,Venado,San Luis Potosí,,Rural,https://postali.app/mx/san-luis-potosi/venado/el-charquillo
78935,El Refugio,Ejido,Venado,San Luis Potosí,,Rural,https://postali.app/mx/san-luis-potosi/venado/el-refugio
78935,La Clavellina,Pueblo,Venado,San Luis Potosí,,Rural,https://postali.app/mx/san-luis-potosi/venado/la-clavellina
78935,La Trinidad,Ejido,Venado,San Luis Potosí,,Rural,https://postali.app/mx/san-luis-potosi/venado/la-trinidad
78936,Don Diego,Ejido,Venado,San Luis Potosí,,Rural,https://postali.app/mx/san-luis-potosi/venado/don-diego
78936,El Berrendo,Ejido,Venado,San Luis Potosí,,Rural,https://postali.app/mx/san-luis-potosi/venado/el-berrendo
78936,El Charquito,Ejido,Venado,San Luis Potosí,,Rural,https://postali.app/mx/san-luis-potosi/venado/el-charquito
78936,El Epazote,Ranchería,Venado,San Luis Potosí,,Rural,https://postali.app/mx/san-luis-potosi/venado/el-epazote
78936,El Pocito,Ejido,Venado,San Luis Potosí,,Rural,https://postali.app/mx/san-luis-potosi/venado/el-pocito
78936,El Salitre,Ejido,Venado,San Luis Potosí,,Rural,https://postali.app/mx/san-luis-potosi/venado/el-salitre
78936,San Joaquín de las Flores,Ranchería,Venado,San Luis Potosí,,Rural,https://postali.app/mx/san-luis-potosi/venado/san-joaquin-de-las-flores
78936,San Pedro,Ejido,Venado,San Luis Potosí,,Rural,https://postali.app/mx/san-luis-potosi/venado/san-pedro
78937,Agua de en Medio,Rancho,Venado,San Luis Potosí,,Rural,https://postali.app/mx/san-luis-potosi/venado/agua-de-en-medio
78937,Barranca del Sur,Pueblo,Venado,San Luis Potosí,,Rural,https://postali.app/mx/san-luis-potosi/venado/barranca-del-sur
78937,Buenavista,Ejido,Venado,San Luis Potosí,,Rural,https://postali.app/mx/san-luis-potosi/venado/buenavista
78937,Calabacillas,Ejido,Venado,San Luis Potosí,,Rural,https://postali.app/mx/san-luis-potosi/venado/calabacillas
78937,Cañada del Cuarto,Ejido,Venado,San Luis Potosí,,Rural,https://postali.app/mx/san-luis-potosi/venado/canada-del-cuarto
78937,Cañada Grande,Ejido,Venado,San Luis Potosí,,Rural,https://postali.app/mx/san-luis-potosi/venado/canada-grande
78937,Cerro Blanco,Ranchería,Venado,San Luis Potosí,,Rural,https://postali.app/mx/san-luis-potosi/venado/cerro-blanco
78937,Don Longino,Pueblo,Venado,San Luis Potosí,,Rural,https://postali.app/mx/san-luis-potosi/venado/don-longino
78937,El Cerrito,Ejido,Venado,San Luis Potosí,,Rural,https://postali.app/mx/san-luis-potosi/venado/el-cerrito
78937,El Chaparral,Ejido,Venado,San Luis Potosí,,Rural,https://postali.app/mx/san-luis-potosi/venado/el-chaparral
78937,El Chaparralillo (El Chaparral),Ejido,Venado,San Luis Potosí,,Rural,https://postali.app/mx/san-luis-potosi/venado/el-chaparralillo-el-chaparral
78937,El Huizachal,Ejido,Venado,San Luis Potosí,,Rural,https://postali.app/mx/san-luis-potosi/venado/el-huizachal
78937,El Machito (El Tanque del Machito),Ejido,Venado,San Luis Potosí,,Rural,https://postali.app/mx/san-luis-potosi/venado/el-machito-el-tanque-del-machito
78937,El Pozote,Ejido,Venado,San Luis Potosí,,Rural,https://postali.app/mx/san-luis-potosi/venado/el-pozote
78937,El Ranchito,Ejido,Venado,San Luis Potosí,,Rural,https://postali.app/mx/san-luis-potosi/venado/el-ranchito
78937,El Rebaje,Ejido,Venado,San Luis Potosí,,Rural,https://postali.app/mx/san-luis-potosi/venado/el-rebaje
78937,El Sauco,Ejido,Venado,San Luis Potosí,,Rural,https://postali.app/mx/san-luis-potosi/venado/el-sauco
78937,La Presa Colorada,Pueblo,Venado,San Luis Potosí,,Rural,https://postali.app/mx/san-luis-potosi/venado/la-presa-colorada
78937,Las Crucitas,Pueblo,Venado,San Luis Potosí,,Rural,https://postali.app/mx/san-luis-potosi/venado/las-crucitas
78937,Las Jarillas,Pueblo,Venado,San Luis Potosí,,Rural,https://postali.app/mx/san-luis-potosi/venado/las-jarillas
78937,Los Muñiz,Pueblo,Venado,San Luis Potosí,,Rural,https://postali.app/mx/san-luis-potosi/venado/los-muniz
78940,Valle de Arista,Colonia,Villa de Arista,San Luis Potosí,,Urbano,https://postali.app/mx/san-luis-potosi/villa-de-arista/valle-de-arista
78940,Villa de Arista Centro,Colonia,Villa de Arista,San Luis Potosí,,Rural,https://postali.app/mx/san-luis-potosi/villa-de-arista/villa-de-arista-centro
78943,Benito Juárez,Colonia,Villa de Arista,San Luis Potosí,,Urbano,https://postali.app/mx/san-luis-potosi/villa-de-arista/benito-juarez
78943,Los Nogales,Colonia,Villa de Arista,San Luis Potosí,,Urbano,https://postali.app/mx/san-luis-potosi/villa-de-arista/los-nogales
78944,Hipódromo,Fraccionamiento,Villa de Arista,San Luis Potosí,,Urbano,https://postali.app/mx/san-luis-potosi/villa-de-arista/hipodromo
78947,Guadalupe,Fraccionamiento,Villa de Arista,San Luis Potosí,,Urbano,https://postali.app/mx/san-luis-potosi/villa-de-arista/guadalupe
78947,Niños Héroes,Colonia,Villa de Arista,San Luis Potosí,,Urbano,https://postali.app/mx/san-luis-potosi/villa-de-arista/ninos-heroes
78950,Buenavista,Ranchería,Villa de Arista,San Luis Potosí,,Rural,https://postali.app/mx/san-luis-potosi/villa-de-arista/buenavista
78950,Camino al Maguey,Rancho,Villa de Arista,San Luis Potosí,,Rural,https://postali.app/mx/san-luis-potosi/villa-de-arista/camino-al-maguey
78950,Capillas (La Capilla),Rancho,Villa de Arista,San Luis Potosí,,Rural,https://postali.app/mx/san-luis-potosi/villa-de-arista/capillas-la-capilla
78950,Charco Blanco,Ranchería,Villa de Arista,San Luis Potosí,,Rural,https://postali.app/mx/san-luis-potosi/villa-de-arista/charco-blanco
78950,Corazón de Jesús,Pueblo,Villa de Arista,San Luis Potosí,,Rural,https://postali.app/mx/san-luis-potosi/villa-de-arista/corazon-de-jesus
78950,El Diamante,Rancho,Villa de Arista,San Luis Potosí,,Rural,https://postali.app/mx/san-luis-potosi/villa-de-arista/el-diamante
78950,El Dorado,Rancho,Villa de Arista,San Luis Potosí,,Rural,https://postali.app/mx/san-luis-potosi/villa-de-arista/el-dorado
78950,El Huevo,Ranchería,Villa de Arista,San Luis Potosí,,Rural,https://postali.app/mx/san-luis-potosi/villa-de-arista/el-huevo
78950,El Maguey de Ezqueda,Rancho,Villa de Arista,San Luis Potosí,,Rural,https://postali.app/mx/san-luis-potosi/villa-de-arista/el-maguey-de-ezqueda
78950,El Maguey de Limones,Ranchería,Villa de Arista,San Luis Potosí,,Rural,https://postali.app/mx/san-luis-potosi/villa-de-arista/el-maguey-de-limones
78950,El Mezquite,Ejido,Villa de Arista,San Luis Potosí,,Rural,https://postali.app/mx/san-luis-potosi/villa-de-arista/el-mezquite
78950,El Olivo,Ranchería,Villa de Arista,San Luis Potosí,,Rural,https://postali.app/mx/san-luis-potosi/villa-de-arista/el-olivo
78950,El Pozo,Rancho,Villa de Arista,San Luis Potosí,,Rural,https://postali.app/mx/san-luis-potosi/villa-de-arista/el-pozo
78950,El Trébol,Rancho,Villa de Arista,San Luis Potosí,,Rural,https://postali.app/mx/san-luis-potosi/villa-de-arista/el-trebol
78950,El Vergel,Rancho,Villa de Arista,San Luis Potosí,,Rural,https://postali.app/mx/san-luis-potosi/villa-de-arista/el-vergel
78950,Escamilla [Empacadora],Zona industrial,Villa de Arista,San Luis Potosí,,Rural,https://postali.app/mx/san-luis-potosi/villa-de-arista/escamilla-empacadora
78950,Felipe Miranda,Rancho,Villa de Arista,San Luis Potosí,,Rural,https://postali.app/mx/san-luis-potosi/villa-de-arista/felipe-miranda
78950,Fracción la Palma,Ranchería,Villa de Arista,San Luis Potosí,,Rural,https://postali.app/mx/san-luis-potosi/villa-de-arista/fraccion-la-palma
78950,Granja de San Isidro,Granja,Villa de Arista,San Luis Potosí,,Rural,https://postali.app/mx/san-luis-potosi/villa-de-arista/granja-de-san-isidro
78950,Granja el Saucito,Granja,Villa de Arista,San Luis Potosí,,Rural,https://postali.app/mx/san-luis-potosi/villa-de-arista/granja-el-saucito
78950,Granja San José,Granja,Villa de Arista,San Luis Potosí,,Rural,https://postali.app/mx/san-luis-potosi/villa-de-arista/granja-san-jose
78950,Guadalupe,Colonia,Villa de Arista,San Luis Potosí,,Rural,https://postali.app/mx/san-luis-potosi/villa-de-arista/guadalupe-78950
78950,Guardarraya,Rancho,Villa de Arista,San Luis Potosí,,Rural,https://postali.app/mx/san-luis-potosi/villa-de-arista/guardarraya
78950,José Luis,Rancho,Villa de Arista,San Luis Potosí,,Rural,https://postali.app/mx/san-luis-potosi/villa-de-arista/jose-luis
78950,La Granja,Granja,Villa de Arista,San Luis Potosí,,Rural,https://postali.app/mx/san-luis-potosi/villa-de-arista/la-granja
78950,Los Hermanos Neri,Rancho,Villa de Arista,San Luis Potosí,,Rural,https://postali.app/mx/san-luis-potosi/villa-de-arista/los-hermanos-neri
78950,Los Pilares,Rancho,Villa de Arista,San Luis Potosí,,Rural,https://postali.app/mx/san-luis-potosi/villa-de-arista/los-pilares
78950,Planta de Luz,Equipamiento,Villa de Arista,San Luis Potosí,,Rural,https://postali.app/mx/san-luis-potosi/villa-de-arista/planta-de-luz
78950,Potrero el Maguey (Olga Lidia Monsiváis),Ranchería,Villa de Arista,San Luis Potosí,,Rural,https://postali.app/mx/san-luis-potosi/villa-de-arista/potrero-el-maguey-olga-lidia-monsivais
78950,Rafael García,Rancho,Villa de Arista,San Luis Potosí,,Rural,https://postali.app/mx/san-luis-potosi/villa-de-arista/rafael-garcia
78950,Ranchito San Isidro (Los Llanitos),Ranchería,Villa de Arista,San Luis Potosí,,Rural,https://postali.app/mx/san-luis-potosi/villa-de-arista/ranchito-san-isidro-los-llanitos
78950,Rancho Campo el Gato,Ranchería,Villa de Arista,San Luis Potosí,,Rural,https://postali.app/mx/san-luis-potosi/villa-de-arista/rancho-campo-el-gato
78950,Rancho Chelita,Ranchería,Villa de Arista,San Luis Potosí,,Rural,https://postali.app/mx/san-luis-potosi/villa-de-arista/rancho-chelita
78950,Rancho de la Cruz,Ranchería,Villa de Arista,San Luis Potosí,,Rural,https://postali.app/mx/san-luis-potosi/villa-de-arista/rancho-de-la-cruz
78950,Rancho el Bajío,Ranchería,Villa de Arista,San Luis Potosí,,Rural,https://postali.app/mx/san-luis-potosi/villa-de-arista/rancho-el-bajio
78950,Rancho el Mezquite,Ranchería,Villa de Arista,San Luis Potosí,,Rural,https://postali.app/mx/san-luis-potosi/villa-de-arista/rancho-el-mezquite
78950,Rancho el Progreso,Ranchería,Villa de Arista,San Luis Potosí,,Rural,https://postali.app/mx/san-luis-potosi/villa-de-arista/rancho-el-progreso
78950,Rancho el Rifle,Ranchería,Villa de Arista,San Luis Potosí,,Rural,https://postali.app/mx/san-luis-potosi/villa-de-arista/rancho-el-rifle
78950,Rancho Grande,Ranchería,Villa de Arista,San Luis Potosí,,Rural,https://postali.app/mx/san-luis-potosi/villa-de-arista/rancho-grande
78950,Rancho la Magdalena,Ranchería,Villa de Arista,San Luis Potosí,,Rural,https://postali.app/mx/san-luis-potosi/villa-de-arista/rancho-la-magdalena
78950,Rancho San José de las Flores,Ranchería,Villa de Arista,San Luis Potosí,,Rural,https://postali.app/mx/san-luis-potosi/villa-de-arista/rancho-san-jose-de-las-flores
78950,Rancho San Rafael,Ranchería,Villa de Arista,San Luis Potosí,,Rural,https://postali.app/mx/san-luis-potosi/villa-de-arista/rancho-san-rafael
78950,Rancho Santa Cecilia,Ranchería,Villa de Arista,San Luis Potosí,,Rural,https://postali.app/mx/san-luis-potosi/villa-de-arista/rancho-santa-cecilia
78950,Rancho Santa Rosa (La Luz),Ranchería,Villa de Arista,San Luis Potosí,,Rural,https://postali.app/mx/san-luis-potosi/villa-de-arista/rancho-santa-rosa-la-luz
78950,San Antonio,Rancho,Villa de Arista,San Luis Potosí,,Rural,https://postali.app/mx/san-luis-potosi/villa-de-arista/san-antonio
78950,San Elías,Rancho,Villa de Arista,San Luis Potosí,,Rural,https://postali.app/mx/san-luis-potosi/villa-de-arista/san-elias
78950,San Fernando,Granja,Villa de Arista,San Luis Potosí,,Rural,https://postali.app/mx/san-luis-potosi/villa-de-arista/san-fernando
78950,San Fidel,Ranchería,Villa de Arista,San Luis Potosí,,Rural,https://postali.app/mx/san-luis-potosi/villa-de-arista/san-fidel
78950,San Jorge,Ranchería,Villa de Arista,San Luis Potosí,,Rural,https://postali.app/mx/san-luis-potosi/villa-de-arista/san-jorge
78950,San José,Granja,Villa de Arista,San Luis Potosí,,Rural,https://postali.app/mx/san-luis-potosi/villa-de-arista/san-jose
78950,San José de Buenavista,Ejido,Villa de Arista,San Luis Potosí,,Rural,https://postali.app/mx/san-luis-potosi/villa-de-arista/san-jose-de-buenavista
78950,San Martín de Guadalupe,Ejido,Villa de Arista,San Luis Potosí,,Rural,https://postali.app/mx/san-luis-potosi/villa-de-arista/san-martin-de-guadalupe
78950,San Rafael,Ejido,Villa de Arista,San Luis Potosí,,Rural,https://postali.app/mx/san-luis-potosi/villa-de-arista/san-rafael
78950,Santa Carolina,Rancho,Villa de Arista,San Luis Potosí,,Rural,https://postali.app/mx/san-luis-potosi/villa-de-arista/santa-carolina
78950,Santa Teresa,Rancho,Villa de Arista,San Luis Potosí,,Rural,https://postali.app/mx/san-luis-potosi/villa-de-arista/santa-teresa
78953,El Cañón de las Auras,Ranchería,Villa de Arista,San Luis Potosí,,Rural,https://postali.app/mx/san-luis-potosi/villa-de-arista/el-canon-de-las-auras
78953,La Cecilia,Ranchería,Villa de Arista,San Luis Potosí,,Rural,https://postali.app/mx/san-luis-potosi/villa-de-arista/la-cecilia
78953,La Escondida,Rancho,Villa de Arista,San Luis Potosí,,Rural,https://postali.app/mx/san-luis-potosi/villa-de-arista/la-escondida
78953,San José de Buenavista (El Cochinito),Ejido,Villa de Arista,San Luis Potosí,,Rural,https://postali.app/mx/san-luis-potosi/villa-de-arista/san-jose-de-buenavista-el-cochinito
78954,El Charquito,Ranchería,Villa de Arista,San Luis Potosí,,Rural,https://postali.app/mx/san-luis-potosi/villa-de-arista/el-charquito
78954,Rancho el Gachupín,Ranchería,Villa de Arista,San Luis Potosí,,Rural,https://postali.app/mx/san-luis-potosi/villa-de-arista/rancho-el-gachupin
78954,Salitrillos,Ranchería,Villa de Arista,San Luis Potosí,,Rural,https://postali.app/mx/san-luis-potosi/villa-de-arista/salitrillos
78955,Cuatro Caminos,Rancho,Villa de Arista,San Luis Potosí,,Rural,https://postali.app/mx/san-luis-potosi/villa-de-arista/cuatro-caminos
78955,El Bajío,Rancho,Villa de Arista,San Luis Potosí,,Rural,https://postali.app/mx/san-luis-potosi/villa-de-arista/el-bajio
78955,El Pedernal,Rancho,Villa de Arista,San Luis Potosí,,Rural,https://postali.app/mx/san-luis-potosi/villa-de-arista/el-pedernal
78955,El Tajo,Ejido,Villa de Arista,San Luis Potosí,,Rural,https://postali.app/mx/san-luis-potosi/villa-de-arista/el-tajo
78955,Ingeniero Palau (Rancho los Nogales),Ejido,Villa de Arista,San Luis Potosí,,Rural,https://postali.app/mx/san-luis-potosi/villa-de-arista/ingeniero-palau-rancho-los-nogales
78955,La Lajita,Rancho,Villa de Arista,San Luis Potosí,,Rural,https://postali.app/mx/san-luis-potosi/villa-de-arista/la-lajita
78955,La Tinaja,Ranchería,Villa de Arista,San Luis Potosí,,Rural,https://postali.app/mx/san-luis-potosi/villa-de-arista/la-tinaja
78955,Martín Gámez,Barrio,Villa de Arista,San Luis Potosí,,Rural,https://postali.app/mx/san-luis-potosi/villa-de-arista/martin-gamez
78955,Piedra Rodada (Antonio Martínez Leija),Rancho,Villa de Arista,San Luis Potosí,,Rural,https://postali.app/mx/san-luis-potosi/villa-de-arista/piedra-rodada-antonio-martinez-leija
78955,Rancho el Pitayo,Ranchería,Villa de Arista,San Luis Potosí,,Rural,https://postali.app/mx/san-luis-potosi/villa-de-arista/rancho-el-pitayo
78955,San José de Altamira,Ranchería,Villa de Arista,San Luis Potosí,,Rural,https://postali.app/mx/san-luis-potosi/villa-de-arista/san-jose-de-altamira
78955,San José del Arbolito,Ejido,Villa de Arista,San Luis Potosí,,Rural,https://postali.app/mx/san-luis-potosi/villa-de-arista/san-jose-del-arbolito
78955,San Pedro,Ejido,Villa de Arista,San Luis Potosí,,Rural,https://postali.app/mx/san-luis-potosi/villa-de-arista/san-pedro
78956,Charco Valeria,Ranchería,Villa de Arista,San Luis Potosí,,Rural,https://postali.app/mx/san-luis-potosi/villa-de-arista/charco-valeria
78956,El Azafrán,Rancho,Villa de Arista,San Luis Potosí,,Rural,https://postali.app/mx/san-luis-potosi/villa-de-arista/el-azafran
78956,El Charco los Ganaderos,Rancho,Villa de Arista,San Luis Potosí,,Rural,https://postali.app/mx/san-luis-potosi/villa-de-arista/el-charco-los-ganaderos
78956,El Palmarito,Rancho,Villa de Arista,San Luis Potosí,,Rural,https://postali.app/mx/san-luis-potosi/villa-de-arista/el-palmarito
78956,Federico Gámez,Rancho,Villa de Arista,San Luis Potosí,,Rural,https://postali.app/mx/san-luis-potosi/villa-de-arista/federico-gamez
78956,Las Paredes,Rancho,Villa de Arista,San Luis Potosí,,Rural,https://postali.app/mx/san-luis-potosi/villa-de-arista/las-paredes
78956,Majada de Don Paz,Rancho,Villa de Arista,San Luis Potosí,,Rural,https://postali.app/mx/san-luis-potosi/villa-de-arista/majada-de-don-paz
78956,Quirino Castro,Ejido,Villa de Arista,San Luis Potosí,,Rural,https://postali.app/mx/san-luis-potosi/villa-de-arista/quirino-castro
78956,Villa de Arista (Amado Torres Tovar),Ejido,Villa de Arista,San Luis Potosí,,Rural,https://postali.app/mx/san-luis-potosi/villa-de-arista/villa-de-arista-amado-torres-tovar
78957,Albergue San Rafael,Equipamiento,Villa de Arista,San Luis Potosí,,Rural,https://postali.app/mx/san-luis-potosi/villa-de-arista/albergue-san-rafael
78957,Buenavista,Colonia,Villa de Arista,San Luis Potosí,,Rural,https://postali.app/mx/san-luis-potosi/villa-de-arista/buenavista-78957
78957,Derramaderos,Ranchería,Villa de Arista,San Luis Potosí,,Rural,https://postali.app/mx/san-luis-potosi/villa-de-arista/derramaderos
78957,El Refugio,Rancho,Villa de Arista,San Luis Potosí,,Rural,https://postali.app/mx/san-luis-potosi/villa-de-arista/el-refugio
78957,La Lagunita,Rancho,Villa de Arista,San Luis Potosí,,Rural,https://postali.app/mx/san-luis-potosi/villa-de-arista/la-lagunita
78957,La Pelotera (Venta del Carmen),Rancho,Villa de Arista,San Luis Potosí,,Rural,https://postali.app/mx/san-luis-potosi/villa-de-arista/la-pelotera-venta-del-carmen
78957,Los Parras,Rancho,Villa de Arista,San Luis Potosí,,Rural,https://postali.app/mx/san-luis-potosi/villa-de-arista/los-parras
78957,Mesteñas,Rancho,Villa de Arista,San Luis Potosí,,Rural,https://postali.app/mx/san-luis-potosi/villa-de-arista/mestenas
78957,Milpas,Rancho,Villa de Arista,San Luis Potosí,,Rural,https://postali.app/mx/san-luis-potosi/villa-de-arista/milpas
78957,Palmas Anchas,Ranchería,Villa de Arista,San Luis Potosí,,Rural,https://postali.app/mx/san-luis-potosi/villa-de-arista/palmas-anchas
78957,Pegolas,Rancho,Villa de Arista,San Luis Potosí,,Rural,https://postali.app/mx/san-luis-potosi/villa-de-arista/pegolas
78957,Peñita de Guadalupe,Rancho,Villa de Arista,San Luis Potosí,,Rural,https://postali.app/mx/san-luis-potosi/villa-de-arista/penita-de-guadalupe
78957,Rancho el Palomo,Ranchería,Villa de Arista,San Luis Potosí,,Rural,https://postali.app/mx/san-luis-potosi/villa-de-arista/rancho-el-palomo
78957,Rancho el Rosario,Ranchería,Villa de Arista,San Luis Potosí,,Rural,https://postali.app/mx/san-luis-potosi/villa-de-arista/rancho-el-rosario
78957,Rancho la Aurora,Ranchería,Villa de Arista,San Luis Potosí,,Rural,https://postali.app/mx/san-luis-potosi/villa-de-arista/rancho-la-aurora
78957,Rancho San David,Ranchería,Villa de Arista,San Luis Potosí,,Rural,https://postali.app/mx/san-luis-potosi/villa-de-arista/rancho-san-david
78957,Rancho Santa Anita,Ranchería,Villa de Arista,San Luis Potosí,,Rural,https://postali.app/mx/san-luis-potosi/villa-de-arista/rancho-santa-anita
78957,Raúl Costilla,Rancho,Villa de Arista,San Luis Potosí,,Rural,https://postali.app/mx/san-luis-potosi/villa-de-arista/raul-costilla
78957,San Dionisio,Rancho,Villa de Arista,San Luis Potosí,,Rural,https://postali.app/mx/san-luis-potosi/villa-de-arista/san-dionisio
78957,San Isidro,Rancho,Villa de Arista,San Luis Potosí,,Rural,https://postali.app/mx/san-luis-potosi/villa-de-arista/san-isidro
78957,San Leonel,Ejido,Villa de Arista,San Luis Potosí,,Rural,https://postali.app/mx/san-luis-potosi/villa-de-arista/san-leonel
78957,Santa Leticia,Rancho,Villa de Arista,San Luis Potosí,,Rural,https://postali.app/mx/san-luis-potosi/villa-de-arista/santa-leticia
78957,Santo Tomás,Rancho,Villa de Arista,San Luis Potosí,,Rural,https://postali.app/mx/san-luis-potosi/villa-de-arista/santo-tomas
78957,Tanque el Novillero,Ejido,Villa de Arista,San Luis Potosí,,Rural,https://postali.app/mx/san-luis-potosi/villa-de-arista/tanque-el-novillero
78957,Tanque el Árbol,Ejido,Villa de Arista,San Luis Potosí,,Rural,https://postali.app/mx/san-luis-potosi/villa-de-arista/tanque-el-arbol
78958,El Palmito,Rancho,Villa de Arista,San Luis Potosí,,Rural,https://postali.app/mx/san-luis-potosi/villa-de-arista/el-palmito
78958,El Tanquecito,Rancho,Villa de Arista,San Luis Potosí,,Rural,https://postali.app/mx/san-luis-potosi/villa-de-arista/el-tanquecito
78958,Rincón de Leijas,Rancho,Villa de Arista,San Luis Potosí,,Rural,https://postali.app/mx/san-luis-potosi/villa-de-arista/rincon-de-leijas
78960,Villa Hidalgo Centro,Colonia,Villa Hidalgo,San Luis Potosí,,Urbano,https://postali.app/mx/san-luis-potosi/villa-hidalgo/villa-hidalgo-centro
78963,El Mirador II,Fraccionamiento,Villa Hidalgo,San Luis Potosí,,Urbano,https://postali.app/mx/san-luis-potosi/villa-hidalgo/el-mirador-ii
78963,Las Lomas,Colonia,Villa Hidalgo,San Luis Potosí,,Urbano,https://postali.app/mx/san-luis-potosi/villa-hidalgo/las-lomas
78963,María de los Ángeles,Fraccionamiento,Villa Hidalgo,San Luis Potosí,,Urbano,https://postali.app/mx/san-luis-potosi/villa-hidalgo/maria-de-los-angeles
78963,Rancho Grande,Barrio,Villa Hidalgo,San Luis Potosí,,Urbano,https://postali.app/mx/san-luis-potosi/villa-hidalgo/rancho-grande
78964,El Picacho,Barrio,Villa Hidalgo,San Luis Potosí,,Urbano,https://postali.app/mx/san-luis-potosi/villa-hidalgo/el-picacho
78964,La Calavarera,Barrio,Villa Hidalgo,San Luis Potosí,,Urbano,https://postali.app/mx/san-luis-potosi/villa-hidalgo/la-calavarera
78965,Campamento,Colonia,Villa Hidalgo,San Luis Potosí,,Urbano,https://postali.app/mx/san-luis-potosi/villa-hidalgo/campamento
78965,El Mirador I,Fraccionamiento,Villa Hidalgo,San Luis Potosí,,Urbano,https://postali.app/mx/san-luis-potosi/villa-hidalgo/el-mirador-i
78965,La Chinana,Colonia,Villa Hidalgo,San Luis Potosí,,Urbano,https://postali.app/mx/san-luis-potosi/villa-hidalgo/la-chinana
78965,Magisterial,Fraccionamiento,Villa Hidalgo,San Luis Potosí,,Urbano,https://postali.app/mx/san-luis-potosi/villa-hidalgo/magisterial
78965,Zapioris,Colonia,Villa Hidalgo,San Luis Potosí,,Urbano,https://postali.app/mx/san-luis-potosi/villa-hidalgo/zapioris
78966,El Potrerito de la Cruz,Ejido,Villa Hidalgo,San Luis Potosí,,Rural,https://postali.app/mx/san-luis-potosi/villa-hidalgo/el-potrerito-de-la-cruz
78966,Noria de San Antonio (Noria del Agrito),Rancho,Villa Hidalgo,San Luis Potosí,,Rural,https://postali.app/mx/san-luis-potosi/villa-hidalgo/noria-de-san-antonio-noria-del-agrito
78966,Presita de la Cruz,Ejido,Villa Hidalgo,San Luis Potosí,,Rural,https://postali.app/mx/san-luis-potosi/villa-hidalgo/presita-de-la-cruz
78966,Rancho del Valle,Ranchería,Villa Hidalgo,San Luis Potosí,,Rural,https://postali.app/mx/san-luis-potosi/villa-hidalgo/rancho-del-valle
78966,Sequedad,Rancho,Villa Hidalgo,San Luis Potosí,,Rural,https://postali.app/mx/san-luis-potosi/villa-hidalgo/sequedad
78966,Tanque de Luna,Ejido,Villa Hidalgo,San Luis Potosí,,Rural,https://postali.app/mx/san-luis-potosi/villa-hidalgo/tanque-de-luna
78966,Trojes,Ejido,Villa Hidalgo,San Luis Potosí,,Rural,https://postali.app/mx/san-luis-potosi/villa-hidalgo/trojes
78966,Valle de San Juan,Ejido,Villa Hidalgo,San Luis Potosí,,Rural,https://postali.app/mx/san-luis-potosi/villa-hidalgo/valle-de-san-juan
78966,Veinte de Noviembre,Ejido,Villa Hidalgo,San Luis Potosí,,Rural,https://postali.app/mx/san-luis-potosi/villa-hidalgo/veinte-de-noviembre
78966,Venaditos,Ejido,Villa Hidalgo,San Luis Potosí,,Rural,https://postali.app/mx/san-luis-potosi/villa-hidalgo/venaditos
78967,Corcovada,Ejido,Villa Hidalgo,San Luis Potosí,,Rural,https://postali.app/mx/san-luis-potosi/villa-hidalgo/corcovada
78967,El Colorado,Rancho,Villa Hidalgo,San Luis Potosí,,Rural,https://postali.app/mx/san-luis-potosi/villa-hidalgo/el-colorado
78967,El Leoncito,Ejido,Villa Hidalgo,San Luis Potosí,,Rural,https://postali.app/mx/san-luis-potosi/villa-hidalgo/el-leoncito
78967,El Puerto,Ejido,Villa Hidalgo,San Luis Potosí,,Rural,https://postali.app/mx/san-luis-potosi/villa-hidalgo/el-puerto
78967,El Salto,Rancho,Villa Hidalgo,San Luis Potosí,,Rural,https://postali.app/mx/san-luis-potosi/villa-hidalgo/el-salto
78967,Jagüey,Ejido,Villa Hidalgo,San Luis Potosí,,Rural,https://postali.app/mx/san-luis-potosi/villa-hidalgo/jaguey
78967,La Redonda,Ejido,Villa Hidalgo,San Luis Potosí,,Rural,https://postali.app/mx/san-luis-potosi/villa-hidalgo/la-redonda
78967,Las Mesitas (La Tasita),Ejido,Villa Hidalgo,San Luis Potosí,,Rural,https://postali.app/mx/san-luis-potosi/villa-hidalgo/las-mesitas-la-tasita
78967,Lolita [Restaurante],Equipamiento,Villa Hidalgo,San Luis Potosí,,Rural,https://postali.app/mx/san-luis-potosi/villa-hidalgo/lolita-restaurante
78967,Pedrera del Tanquito,Ejido,Villa Hidalgo,San Luis Potosí,,Rural,https://postali.app/mx/san-luis-potosi/villa-hidalgo/pedrera-del-tanquito
78967,Tanque Blanco,Rancho,Villa Hidalgo,San Luis Potosí,,Rural,https://postali.app/mx/san-luis-potosi/villa-hidalgo/tanque-blanco
78967,Tanquito de San Francisco,Ejido,Villa Hidalgo,San Luis Potosí,,Rural,https://postali.app/mx/san-luis-potosi/villa-hidalgo/tanquito-de-san-francisco
78967,Zapotillo,Ejido,Villa Hidalgo,San Luis Potosí,,Rural,https://postali.app/mx/san-luis-potosi/villa-hidalgo/zapotillo
78968,Estación Peotillos,Paraje,Villa Hidalgo,San Luis Potosí,,Rural,https://postali.app/mx/san-luis-potosi/villa-hidalgo/estacion-peotillos
78968,Lagunillas,Ejido,Villa Hidalgo,San Luis Potosí,,Rural,https://postali.app/mx/san-luis-potosi/villa-hidalgo/lagunillas
78968,Matancillas,Rancho,Villa Hidalgo,San Luis Potosí,,Rural,https://postali.app/mx/san-luis-potosi/villa-hidalgo/matancillas
78968,Paso Blanco,Ejido,Villa Hidalgo,San Luis Potosí,,Rural,https://postali.app/mx/san-luis-potosi/villa-hidalgo/paso-blanco
78968,Peotillos,Paraje,Villa Hidalgo,San Luis Potosí,,Rural,https://postali.app/mx/san-luis-potosi/villa-hidalgo/peotillos
78968,San Antonio,Paraje,Villa Hidalgo,San Luis Potosí,,Rural,https://postali.app/mx/san-luis-potosi/villa-hidalgo/san-antonio
78968,San Ignacio,Ejido,Villa Hidalgo,San Luis Potosí,,Rural,https://postali.app/mx/san-luis-potosi/villa-hidalgo/san-ignacio
78968,San Nicolás del Refugio,Ranchería,Villa Hidalgo,San Luis Potosí,,Rural,https://postali.app/mx/san-luis-potosi/villa-hidalgo/san-nicolas-del-refugio
78968,Sección Ferrocarril (La Sección),Ranchería,Villa Hidalgo,San Luis Potosí,,Rural,https://postali.app/mx/san-luis-potosi/villa-hidalgo/seccion-ferrocarril-la-seccion
78970,Corazones,Ejido,Villa Hidalgo,San Luis Potosí,,Rural,https://postali.app/mx/san-luis-potosi/villa-hidalgo/corazones
78970,El Arbolito (El Coyote),Rancho,Villa Hidalgo,San Luis Potosí,,Rural,https://postali.app/mx/san-luis-potosi/villa-hidalgo/el-arbolito-el-coyote
78970,El Coro,Rancho,Villa Hidalgo,San Luis Potosí,,Rural,https://postali.app/mx/san-luis-potosi/villa-hidalgo/el-coro
78970,El Durazno de Juárez,Rancho,Villa Hidalgo,San Luis Potosí,,Rural,https://postali.app/mx/san-luis-potosi/villa-hidalgo/el-durazno-de-juarez
78970,El Ojito,Ejido,Villa Hidalgo,San Luis Potosí,,Rural,https://postali.app/mx/san-luis-potosi/villa-hidalgo/el-ojito
78970,Mi Ranchito,Ranchería,Villa Hidalgo,San Luis Potosí,,Rural,https://postali.app/mx/san-luis-potosi/villa-hidalgo/mi-ranchito
78970,Tanque de la Cruz,Rancho,Villa Hidalgo,San Luis Potosí,,Rural,https://postali.app/mx/san-luis-potosi/villa-hidalgo/tanque-de-la-cruz
78970,Tanque Nuevo,Ranchería,Villa Hidalgo,San Luis Potosí,,Rural,https://postali.app/mx/san-luis-potosi/villa-hidalgo/tanque-nuevo
78973,El Cacahuate,Rancho,Villa Hidalgo,San Luis Potosí,,Rural,https://postali.app/mx/san-luis-potosi/villa-hidalgo/el-cacahuate
78973,El Camarillo,Rancho,Villa Hidalgo,San Luis Potosí,,Rural,https://postali.app/mx/san-luis-potosi/villa-hidalgo/el-camarillo
78973,El Guayule,Rancho,Villa Hidalgo,San Luis Potosí,,Rural,https://postali.app/mx/san-luis-potosi/villa-hidalgo/el-guayule
78973,El Rey del Camino [Restaurante],Rancho,Villa Hidalgo,San Luis Potosí,,Rural,https://postali.app/mx/san-luis-potosi/villa-hidalgo/el-rey-del-camino-restaurante
78973,La Estación,Zona comercial,Villa Hidalgo,San Luis Potosí,,Rural,https://postali.app/mx/san-luis-potosi/villa-hidalgo/la-estacion
78973,Las Cebollas,Ejido,Villa Hidalgo,San Luis Potosí,,Rural,https://postali.app/mx/san-luis-potosi/villa-hidalgo/las-cebollas
78973,Los Compadres [Restaurante],Equipamiento,Villa Hidalgo,San Luis Potosí,,Rural,https://postali.app/mx/san-luis-potosi/villa-hidalgo/los-compadres-restaurante
78973,Noria la Purísima,Rancho,Villa Hidalgo,San Luis Potosí,,Rural,https://postali.app/mx/san-luis-potosi/villa-hidalgo/noria-la-purisima
78973,Noria la Tinajuela,Rancho,Villa Hidalgo,San Luis Potosí,,Rural,https://postali.app/mx/san-luis-potosi/villa-hidalgo/noria-la-tinajuela
78973,San Lorenzo,Ejido,Villa Hidalgo,San Luis Potosí,,Rural,https://postali.app/mx/san-luis-potosi/villa-hidalgo/san-lorenzo
78974,El Pocito,Ejido,Villa Hidalgo,San Luis Potosí,,Rural,https://postali.app/mx/san-luis-potosi/villa-hidalgo/el-pocito
78974,La Loma,Rancho,Villa Hidalgo,San Luis Potosí,,Rural,https://postali.app/mx/san-luis-potosi/villa-hidalgo/la-loma
78974,Las Minitas,Ejido,Villa Hidalgo,San Luis Potosí,,Rural,https://postali.app/mx/san-luis-potosi/villa-hidalgo/las-minitas
78975,Tanque Romerillo,Ranchería,Villa Hidalgo,San Luis Potosí,,Rural,https://postali.app/mx/san-luis-potosi/villa-hidalgo/tanque-romerillo
78976,Calabacillas,Rancho,Villa Hidalgo,San Luis Potosí,,Rural,https://postali.app/mx/san-luis-potosi/villa-hidalgo/calabacillas
78976,El Aljíber,Rancho,Villa Hidalgo,San Luis Potosí,,Rural,https://postali.app/mx/san-luis-potosi/villa-hidalgo/el-aljiber
78976,Llano del Carmen,Ejido,Villa Hidalgo,San Luis Potosí,,Rural,https://postali.app/mx/san-luis-potosi/villa-hidalgo/llano-del-carmen
78976,Presa de Chancaquero,Ranchería,Villa Hidalgo,San Luis Potosí,,Rural,https://postali.app/mx/san-luis-potosi/villa-hidalgo/presa-de-chancaquero
78976,San Isidro,Rancho,Villa Hidalgo,San Luis Potosí,,Rural,https://postali.app/mx/san-luis-potosi/villa-hidalgo/san-isidro
78976,San Juan de las Higueras (El Zorrillo),Rancho,Villa Hidalgo,San Luis Potosí,,Rural,https://postali.app/mx/san-luis-potosi/villa-hidalgo/san-juan-de-las-higueras-el-zorrillo
78977,El Coyote,Ejido,Villa Hidalgo,San Luis Potosí,,Rural,https://postali.app/mx/san-luis-potosi/villa-hidalgo/el-coyote
78977,La Tapona,Ejido,Villa Hidalgo,San Luis Potosí,,Rural,https://postali.app/mx/san-luis-potosi/villa-hidalgo/la-tapona
78978,Silos,Ejido,Villa Hidalgo,San Luis Potosí,,Rural,https://postali.app/mx/san-luis-potosi/villa-hidalgo/silos
78979,Rincón del Refugio,Ejido,Villa Hidalgo,San Luis Potosí,,Rural,https://postali.app/mx/san-luis-potosi/villa-hidalgo/rincon-del-refugio
78980,Armadillo de los Infante,Pueblo,Armadillo de los Infante,San Luis Potosí,,Rural,https://postali.app/mx/san-luis-potosi/armadillo-de-los-infante/armadillo-de-los-infante
78983,Contrayerba,Ranchería,Armadillo de los Infante,San Luis Potosí,,Rural,https://postali.app/mx/san-luis-potosi/armadillo-de-los-infante/contrayerba
78983,El Aguaje de los Castillos,Ejido,Armadillo de los Infante,San Luis Potosí,,Rural,https://postali.app/mx/san-luis-potosi/armadillo-de-los-infante/el-aguaje-de-los-castillos
78983,El Ranchito de los Guzmán,Ranchería,Armadillo de los Infante,San Luis Potosí,,Rural,https://postali.app/mx/san-luis-potosi/armadillo-de-los-infante/el-ranchito-de-los-guzman
78983,El Tanquecito,Ejido,Armadillo de los Infante,San Luis Potosí,,Rural,https://postali.app/mx/san-luis-potosi/armadillo-de-los-infante/el-tanquecito
78983,La Escondida,Ranchería,Armadillo de los Infante,San Luis Potosí,,Rural,https://postali.app/mx/san-luis-potosi/armadillo-de-los-infante/la-escondida
78983,Loma Alta,Ranchería,Armadillo de los Infante,San Luis Potosí,,Rural,https://postali.app/mx/san-luis-potosi/armadillo-de-los-infante/loma-alta
78983,Los Charcos,Ranchería,Armadillo de los Infante,San Luis Potosí,,Rural,https://postali.app/mx/san-luis-potosi/armadillo-de-los-infante/los-charcos
78983,Palomas (El Valle de Palomas),Ranchería,Armadillo de los Infante,San Luis Potosí,,Rural,https://postali.app/mx/san-luis-potosi/armadillo-de-los-infante/palomas-el-valle-de-palomas
78983,Puerto 57 (Los Troncos),Ranchería,Armadillo de los Infante,San Luis Potosí,,Rural,https://postali.app/mx/san-luis-potosi/armadillo-de-los-infante/puerto-57-los-troncos
78983,San Elías,Ranchería,Armadillo de los Infante,San Luis Potosí,,Rural,https://postali.app/mx/san-luis-potosi/armadillo-de-los-infante/san-elias
78983,Tinajillas,Ranchería,Armadillo de los Infante,San Luis Potosí,,Rural,https://postali.app/mx/san-luis-potosi/armadillo-de-los-infante/tinajillas
78984,El Sauz,Ejido,Armadillo de los Infante,San Luis Potosí,,Rural,https://postali.app/mx/san-luis-potosi/armadillo-de-los-infante/el-sauz
78984,La Chicharra,Ranchería,Armadillo de los Infante,San Luis Potosí,,Rural,https://postali.app/mx/san-luis-potosi/armadillo-de-los-infante/la-chicharra
78984,Salazar (El Gringo),Rancho,Armadillo de los Infante,San Luis Potosí,,Rural,https://postali.app/mx/san-luis-potosi/armadillo-de-los-infante/salazar-el-gringo
78984,San Antonio de Eguía,Rancho,Armadillo de los Infante,San Luis Potosí,,Rural,https://postali.app/mx/san-luis-potosi/armadillo-de-los-infante/san-antonio-de-eguia
78984,Tlaxcalilla,Ranchería,Armadillo de los Infante,San Luis Potosí,,Rural,https://postali.app/mx/san-luis-potosi/armadillo-de-los-infante/tlaxcalilla
78986,El Bolillo,Ejido,Armadillo de los Infante,San Luis Potosí,,Rural,https://postali.app/mx/san-luis-potosi/armadillo-de-los-infante/el-bolillo
78986,El Salto del Agua,Ejido,Armadillo de los Infante,San Luis Potosí,,Rural,https://postali.app/mx/san-luis-potosi/armadillo-de-los-infante/el-salto-del-agua
78986,La Cardona,Ranchería,Armadillo de los Infante,San Luis Potosí,,Rural,https://postali.app/mx/san-luis-potosi/armadillo-de-los-infante/la-cardona
78986,La Haciendita de Usquiano,Ejido,Armadillo de los Infante,San Luis Potosí,,Rural,https://postali.app/mx/san-luis-potosi/armadillo-de-los-infante/la-haciendita-de-usquiano
78986,Las Víboras,Ranchería,Armadillo de los Infante,San Luis Potosí,,Rural,https://postali.app/mx/san-luis-potosi/armadillo-de-los-infante/las-viboras
78986,Los Mireles,Ranchería,Armadillo de los Infante,San Luis Potosí,,Rural,https://postali.app/mx/san-luis-potosi/armadillo-de-los-infante/los-mireles
78986,Mezquitalillo,Ranchería,Armadillo de los Infante,San Luis Potosí,,Rural,https://postali.app/mx/san-luis-potosi/armadillo-de-los-infante/mezquitalillo
78986,Rancho Nuevo del Tízar,Ranchería,Armadillo de los Infante,San Luis Potosí,,Rural,https://postali.app/mx/san-luis-potosi/armadillo-de-los-infante/rancho-nuevo-del-tizar
78986,San José de Magaña,Rancho,Armadillo de los Infante,San Luis Potosí,,Rural,https://postali.app/mx/san-luis-potosi/armadillo-de-los-infante/san-jose-de-magana
78987,Campamento el Chital,Equipamiento,Armadillo de los Infante,San Luis Potosí,,Rural,https://postali.app/mx/san-luis-potosi/armadillo-de-los-infante/campamento-el-chital
78987,Corral de Piedra,Rancho,Armadillo de los Infante,San Luis Potosí,,Rural,https://postali.app/mx/san-luis-potosi/armadillo-de-los-infante/corral-de-piedra
78987,El Alguacil,Ejido,Armadillo de los Infante,San Luis Potosí,,Rural,https://postali.app/mx/san-luis-potosi/armadillo-de-los-infante/el-alguacil
78987,El Chital (Manzanillas),Ejido,Armadillo de los Infante,San Luis Potosí,,Rural,https://postali.app/mx/san-luis-potosi/armadillo-de-los-infante/el-chital-manzanillas
78987,El Pato,Ejido,Armadillo de los Infante,San Luis Potosí,,Rural,https://postali.app/mx/san-luis-potosi/armadillo-de-los-infante/el-pato
78987,La Mesa del Refugio,Ranchería,Armadillo de los Infante,San Luis Potosí,,Rural,https://postali.app/mx/san-luis-potosi/armadillo-de-los-infante/la-mesa-del-refugio
78987,Lagunita de San Juan,Ranchería,Armadillo de los Infante,San Luis Potosí,,Rural,https://postali.app/mx/san-luis-potosi/armadillo-de-los-infante/lagunita-de-san-juan
78987,Los Ángeles,Ranchería,Armadillo de los Infante,San Luis Potosí,,Rural,https://postali.app/mx/san-luis-potosi/armadillo-de-los-infante/los-angeles
78987,Picacho de los Dolores,Ejido,Armadillo de los Infante,San Luis Potosí,,Rural,https://postali.app/mx/san-luis-potosi/armadillo-de-los-infante/picacho-de-los-dolores
78987,Piedra Agujereada,Ejido,Armadillo de los Infante,San Luis Potosí,,Rural,https://postali.app/mx/san-luis-potosi/armadillo-de-los-infante/piedra-agujereada
78987,Puerto de Chagoya,Rancho,Armadillo de los Infante,San Luis Potosí,,Rural,https://postali.app/mx/san-luis-potosi/armadillo-de-los-infante/puerto-de-chagoya
78987,Rancho el Chital (La Carbonera),Ranchería,Armadillo de los Infante,San Luis Potosí,,Rural,https://postali.app/mx/san-luis-potosi/armadillo-de-los-infante/rancho-el-chital-la-carbonera
78987,San Cayetano,Rancho,Armadillo de los Infante,San Luis Potosí,,Rural,https://postali.app/mx/san-luis-potosi/armadillo-de-los-infante/san-cayetano
78987,San José de Barbosa,Ejido,Armadillo de los Infante,San Luis Potosí,,Rural,https://postali.app/mx/san-luis-potosi/armadillo-de-los-infante/san-jose-de-barbosa
78987,Tanque de las Manzanas,Ranchería,Armadillo de los Infante,San Luis Potosí,,Rural,https://postali.app/mx/san-luis-potosi/armadillo-de-los-infante/tanque-de-las-manzanas
78987,Torres Corzo,Ranchería,Armadillo de los Infante,San Luis Potosí,,Rural,https://postali.app/mx/san-luis-potosi/armadillo-de-los-infante/torres-corzo
78990,Cerro Grande,Ranchería,Armadillo de los Infante,San Luis Potosí,,Rural,https://postali.app/mx/san-luis-potosi/armadillo-de-los-infante/cerro-grande
78990,Rancho Nuevo de la Cruz,Ranchería,Armadillo de los Infante,San Luis Potosí,,Rural,https://postali.app/mx/san-luis-potosi/armadillo-de-los-infante/rancho-nuevo-de-la-cruz
78990,Temazcal,Ranchería,Armadillo de los Infante,San Luis Potosí,,Rural,https://postali.app/mx/san-luis-potosi/armadillo-de-los-infante/temazcal
78993,La Concordia,Ejido,Armadillo de los Infante,San Luis Potosí,,Rural,https://postali.app/mx/san-luis-potosi/armadillo-de-los-infante/la-concordia
78993,Pozo del Carmen [COPLAMAR],Ejido,Armadillo de los Infante,San Luis Potosí,,Rural,https://postali.app/mx/san-luis-potosi/armadillo-de-los-infante/pozo-del-carmen-coplamar
78993,Santa Lucía,Ranchería,Armadillo de los Infante,San Luis Potosí,,Rural,https://postali.app/mx/san-luis-potosi/armadillo-de-los-infante/santa-lucia
78994,El Durazno,Ejido,Armadillo de los Infante,San Luis Potosí,,Rural,https://postali.app/mx/san-luis-potosi/armadillo-de-los-infante/el-durazno
78994,Paradita del Refugio,Ranchería,Armadillo de los Infante,San Luis Potosí,,Rural,https://postali.app/mx/san-luis-potosi/armadillo-de-los-infante/paradita-del-refugio
78995,Arroyo Hondo,Rancho,Armadillo de los Infante,San Luis Potosí,,Rural,https://postali.app/mx/san-luis-potosi/armadillo-de-los-infante/arroyo-hondo
78995,El Caracol,Ejido,Armadillo de los Infante,San Luis Potosí,,Rural,https://postali.app/mx/san-luis-potosi/armadillo-de-los-infante/el-caracol
78995,El Salitre,Ejido,Armadillo de los Infante,San Luis Potosí,,Rural,https://postali.app/mx/san-luis-potosi/armadillo-de-los-infante/el-salitre
78995,Paso del Águila,Pueblo,Armadillo de los Infante,San Luis Potosí,,Rural,https://postali.app/mx/san-luis-potosi/armadillo-de-los-infante/paso-del-aguila
78995,Paso del Águila [COPLAMAR],Ejido,Armadillo de los Infante,San Luis Potosí,,Rural,https://postali.app/mx/san-luis-potosi/armadillo-de-los-infante/paso-del-aguila-coplamar
78995,Pozo del Carmen,Ejido,Armadillo de los Infante,San Luis Potosí,,Rural,https://postali.app/mx/san-luis-potosi/armadillo-de-los-infante/pozo-del-carmen
78995,Puerta del Refugio,Ejido,Armadillo de los Infante,San Luis Potosí,,Rural,https://postali.app/mx/san-luis-potosi/armadillo-de-los-infante/puerta-del-refugio
78996,Hacienda Parada de Luna,Ejido,Armadillo de los Infante,San Luis Potosí,,Rural,https://postali.app/mx/san-luis-potosi/armadillo-de-los-infante/hacienda-parada-de-luna
78996,Los Tanquitos,Ranchería,Armadillo de los Infante,San Luis Potosí,,Rural,https://postali.app/mx/san-luis-potosi/armadillo-de-los-infante/los-tanquitos
78996,Nogalitos de la Cruz,Rancho,Armadillo de los Infante,San Luis Potosí,,Rural,https://postali.app/mx/san-luis-potosi/armadillo-de-los-infante/nogalitos-de-la-cruz
78996,Parada de San Rafael,Ejido,Armadillo de los Infante,San Luis Potosí,,Rural,https://postali.app/mx/san-luis-potosi/armadillo-de-los-infante/parada-de-san-rafael
78997,Barranca de San Isidro,Ranchería,Armadillo de los Infante,San Luis Potosí,,Rural,https://postali.app/mx/san-luis-potosi/armadillo-de-los-infante/barranca-de-san-isidro
78997,Cieneguilla,Rancho,Armadillo de los Infante,San Luis Potosí,,Rural,https://postali.app/mx/san-luis-potosi/armadillo-de-los-infante/cieneguilla
78997,El Capulín,Ejido,Armadillo de los Infante,San Luis Potosí,,Rural,https://postali.app/mx/san-luis-potosi/armadillo-de-los-infante/el-capulin
78997,El Desestrés,Ejido,Armadillo de los Infante,San Luis Potosí,,Rural,https://postali.app/mx/san-luis-potosi/armadillo-de-los-infante/el-desestres
78997,La Ciénaga,Ranchería,Armadillo de los Infante,San Luis Potosí,,Rural,https://postali.app/mx/san-luis-potosi/armadillo-de-los-infante/la-cienaga
78997,La Huerta de Manzano,Ranchería,Armadillo de los Infante,San Luis Potosí,,Rural,https://postali.app/mx/san-luis-potosi/armadillo-de-los-infante/la-huerta-de-manzano
78997,Laguna de San Isidro,Ranchería,Armadillo de los Infante,San Luis Potosí,,Rural,https://postali.app/mx/san-luis-potosi/armadillo-de-los-infante/laguna-de-san-isidro
78997,Llano de los Saldaña,Rancho,Armadillo de los Infante,San Luis Potosí,,Rural,https://postali.app/mx/san-luis-potosi/armadillo-de-los-infante/llano-de-los-saldana
78997,Rancho Nuevo de los Nájera,Ranchería,Armadillo de los Infante,San Luis Potosí,,Rural,https://postali.app/mx/san-luis-potosi/armadillo-de-los-infante/rancho-nuevo-de-los-najera
78997,San José de Álvarez,Ejido,Armadillo de los Infante,San Luis Potosí,,Rural,https://postali.app/mx/san-luis-potosi/armadillo-de-los-infante/san-jose-de-alvarez
78997,San Miguel,Rancho,Armadillo de los Infante,San Luis Potosí,,Rural,https://postali.app/mx/san-luis-potosi/armadillo-de-los-infante/san-miguel
78997,San Rafael,Ranchería,Armadillo de los Infante,San Luis Potosí,,Rural,https://postali.app/mx/san-luis-potosi/armadillo-de-los-infante/san-rafael
79000,Ciudad Valles Centro,Colonia,Ciudad Valles,San Luis Potosí,Ciudad Valles,Urbano,https://postali.app/mx/san-luis-potosi/ciudad-valles/ciudad-valles-centro
79010,Ampliación Estación,Colonia,Ciudad Valles,San Luis Potosí,Ciudad Valles,Urbano,https://postali.app/mx/san-luis-potosi/ciudad-valles/ampliacion-estacion
79010,América,Colonia,Ciudad Valles,San Luis Potosí,Ciudad Valles,Urbano,https://postali.app/mx/san-luis-potosi/ciudad-valles/america
79010,El Consuelo,Fraccionamiento,Ciudad Valles,San Luis Potosí,Ciudad Valles,Urbano,https://postali.app/mx/san-luis-potosi/ciudad-valles/el-consuelo
79010,Ferrocarrilera,Colonia,Ciudad Valles,San Luis Potosí,Ciudad Valles,Urbano,https://postali.app/mx/san-luis-potosi/ciudad-valles/ferrocarrilera
79010,Francisco Villa,Colonia,Ciudad Valles,San Luis Potosí,Ciudad Valles,Urbano,https://postali.app/mx/san-luis-potosi/ciudad-valles/francisco-villa
79010,Morelos y Pavón,Colonia,Ciudad Valles,San Luis Potosí,Ciudad Valles,Urbano,https://postali.app/mx/san-luis-potosi/ciudad-valles/morelos-y-pavon
79010,Santa María,Colonia,Ciudad Valles,San Luis Potosí,Ciudad Valles,Urbano,https://postali.app/mx/san-luis-potosi/ciudad-valles/santa-maria
79010,Vista Hermosa,Colonia,Ciudad Valles,San Luis Potosí,Ciudad Valles,Urbano,https://postali.app/mx/san-luis-potosi/ciudad-valles/vista-hermosa
79019,Ingeniero García Téllez,Unidad habitacional,Ciudad Valles,San Luis Potosí,Ciudad Valles,Urbano,https://postali.app/mx/san-luis-potosi/ciudad-valles/ingeniero-garcia-tellez
79019,Mujeres en Solidaridad,Colonia,Ciudad Valles,San Luis Potosí,Ciudad Valles,Urbano,https://postali.app/mx/san-luis-potosi/ciudad-valles/mujeres-en-solidaridad
79019,Santa Lucía,Colonia,Ciudad Valles,San Luis Potosí,Ciudad Valles,Urbano,https://postali.app/mx/san-luis-potosi/ciudad-valles/santa-lucia
79019,Tecnológico,Colonia,Ciudad Valles,San Luis Potosí,Ciudad Valles,Urbano,https://postali.app/mx/san-luis-potosi/ciudad-valles/tecnologico
79020,12 de Julio,Colonia,Ciudad Valles,San Luis Potosí,Ciudad Valles,Urbano,https://postali.app/mx/san-luis-potosi/ciudad-valles/12-de-julio
79020,18 de Marzo,Colonia,Ciudad Valles,San Luis Potosí,Ciudad Valles,Urbano,https://postali.app/mx/san-luis-potosi/ciudad-valles/18-de-marzo
79020,20 de Noviembre,Colonia,Ciudad Valles,San Luis Potosí,Ciudad Valles,Urbano,https://postali.app/mx/san-luis-potosi/ciudad-valles/20-de-noviembre
79020,Buenos Aires,Fraccionamiento,Ciudad Valles,San Luis Potosí,Ciudad Valles,Urbano,https://postali.app/mx/san-luis-potosi/ciudad-valles/buenos-aires
79020,Campo Colonial,Colonia,Ciudad Valles,San Luis Potosí,Ciudad Valles,Urbano,https://postali.app/mx/san-luis-potosi/ciudad-valles/campo-colonial
79020,Doracely,Colonia,Ciudad Valles,San Luis Potosí,Ciudad Valles,Urbano,https://postali.app/mx/san-luis-potosi/ciudad-valles/doracely
79020,Emiliano Zapata,Colonia,Ciudad Valles,San Luis Potosí,Ciudad Valles,Urbano,https://postali.app/mx/san-luis-potosi/ciudad-valles/emiliano-zapata
79020,Granjas Buenos Aires,Colonia,Ciudad Valles,San Luis Potosí,Ciudad Valles,Urbano,https://postali.app/mx/san-luis-potosi/ciudad-valles/granjas-buenos-aires
79020,Guadalupe,Colonia,Ciudad Valles,San Luis Potosí,Ciudad Valles,Urbano,https://postali.app/mx/san-luis-potosi/ciudad-valles/guadalupe
79020,INFONAVIT II,Unidad habitacional,Ciudad Valles,San Luis Potosí,Ciudad Valles,Urbano,https://postali.app/mx/san-luis-potosi/ciudad-valles/infonavit-ii
79020,Loma Bonita,Colonia,Ciudad Valles,San Luis Potosí,Ciudad Valles,Urbano,https://postali.app/mx/san-luis-potosi/ciudad-valles/loma-bonita
79020,Lázaro Cárdenas,Colonia,Ciudad Valles,San Luis Potosí,Ciudad Valles,Urbano,https://postali.app/mx/san-luis-potosi/ciudad-valles/lazaro-cardenas
79020,Magisterial,Colonia,Ciudad Valles,San Luis Potosí,Ciudad Valles,Urbano,https://postali.app/mx/san-luis-potosi/ciudad-valles/magisterial
79020,Marquez,Colonia,Ciudad Valles,San Luis Potosí,Ciudad Valles,Urbano,https://postali.app/mx/san-luis-potosi/ciudad-valles/marquez
79020,Miravalles,Fraccionamiento,Ciudad Valles,San Luis Potosí,Ciudad Valles,Urbano,https://postali.app/mx/san-luis-potosi/ciudad-valles/miravalles
79020,Monte Alegre,Fraccionamiento,Ciudad Valles,San Luis Potosí,Ciudad Valles,Urbano,https://postali.app/mx/san-luis-potosi/ciudad-valles/monte-alegre
79020,Morelos,Colonia,Ciudad Valles,San Luis Potosí,Ciudad Valles,Urbano,https://postali.app/mx/san-luis-potosi/ciudad-valles/morelos
79020,Plan de Ayala,Colonia,Ciudad Valles,San Luis Potosí,Ciudad Valles,Urbano,https://postali.app/mx/san-luis-potosi/ciudad-valles/plan-de-ayala
79020,Valle Alto,Colonia,Ciudad Valles,San Luis Potosí,Ciudad Valles,Urbano,https://postali.app/mx/san-luis-potosi/ciudad-valles/valle-alto
79023,Del Sol,Fraccionamiento,Ciudad Valles,San Luis Potosí,Ciudad Valles,Urbano,https://postali.app/mx/san-luis-potosi/ciudad-valles/del-sol
79023,La Estrella,Fraccionamiento,Ciudad Valles,San Luis Potosí,Ciudad Valles,Urbano,https://postali.app/mx/san-luis-potosi/ciudad-valles/la-estrella
79023,Las Palmas,Fraccionamiento,Ciudad Valles,San Luis Potosí,Ciudad Valles,Urbano,https://postali.app/mx/san-luis-potosi/ciudad-valles/las-palmas
79023,Villas de San Pedro,Fraccionamiento,Ciudad Valles,San Luis Potosí,Ciudad Valles,Urbano,https://postali.app/mx/san-luis-potosi/ciudad-valles/villas-de-san-pedro
79025,Mary Tere,Colonia,Ciudad Valles,San Luis Potosí,Ciudad Valles,Urbano,https://postali.app/mx/san-luis-potosi/ciudad-valles/mary-tere
79027,Alfonso Esper,Colonia,Ciudad Valles,San Luis Potosí,Ciudad Valles,Urbano,https://postali.app/mx/san-luis-potosi/ciudad-valles/alfonso-esper
79027,El Pacifico,Colonia,Ciudad Valles,San Luis Potosí,Ciudad Valles,Urbano,https://postali.app/mx/san-luis-potosi/ciudad-valles/el-pacifico
79028,2 de Enero,Colonia,Ciudad Valles,San Luis Potosí,Ciudad Valles,Urbano,https://postali.app/mx/san-luis-potosi/ciudad-valles/2-de-enero
79028,Bugambilias,Fraccionamiento,Ciudad Valles,San Luis Potosí,Ciudad Valles,Urbano,https://postali.app/mx/san-luis-potosi/ciudad-valles/bugambilias
79028,El 21,Colonia,Ciudad Valles,San Luis Potosí,Ciudad Valles,Urbano,https://postali.app/mx/san-luis-potosi/ciudad-valles/el-21
79028,Las Fincas,Colonia,Ciudad Valles,San Luis Potosí,Ciudad Valles,Rural,https://postali.app/mx/san-luis-potosi/ciudad-valles/las-fincas
79028,Lomas del Real,Fraccionamiento,Ciudad Valles,San Luis Potosí,Ciudad Valles,Rural,https://postali.app/mx/san-luis-potosi/ciudad-valles/lomas-del-real
79028,Popular Solidaridad,Colonia,Ciudad Valles,San Luis Potosí,Ciudad Valles,Urbano,https://postali.app/mx/san-luis-potosi/ciudad-valles/popular-solidaridad
79028,S.C.T.,Colonia,Ciudad Valles,San Luis Potosí,Ciudad Valles,Urbano,https://postali.app/mx/san-luis-potosi/ciudad-valles/s-c-t
79028,Tanculpaya,Colonia,Ciudad Valles,San Luis Potosí,Ciudad Valles,Urbano,https://postali.app/mx/san-luis-potosi/ciudad-valles/tanculpaya
79028,Victoria,Colonia,Ciudad Valles,San Luis Potosí,Ciudad Valles,Rural,https://postali.app/mx/san-luis-potosi/ciudad-valles/victoria
79028,Villabrisa,Fraccionamiento,Ciudad Valles,San Luis Potosí,Ciudad Valles,Urbano,https://postali.app/mx/san-luis-potosi/ciudad-valles/villabrisa
79030,Diana,Colonia,Ciudad Valles,San Luis Potosí,Ciudad Valles,Urbano,https://postali.app/mx/san-luis-potosi/ciudad-valles/diana
79030,Praderas del Río,Colonia,Ciudad Valles,San Luis Potosí,Ciudad Valles,Urbano,https://postali.app/mx/san-luis-potosi/ciudad-valles/praderas-del-rio
79030,Santa Rosa,Colonia,Ciudad Valles,San Luis Potosí,Ciudad Valles,Urbano,https://postali.app/mx/san-luis-potosi/ciudad-valles/santa-rosa
79033,Del Campo,Colonia,Ciudad Valles,San Luis Potosí,Ciudad Valles,Urbano,https://postali.app/mx/san-luis-potosi/ciudad-valles/del-campo
79033,Estación,Colonia,Ciudad Valles,San Luis Potosí,Ciudad Valles,Urbano,https://postali.app/mx/san-luis-potosi/ciudad-valles/estacion
79033,Funcionarios de Fibracel,Equipamiento,Ciudad Valles,San Luis Potosí,Ciudad Valles,Urbano,https://postali.app/mx/san-luis-potosi/ciudad-valles/funcionarios-de-fibracel
79033,La Curva,Fraccionamiento,Ciudad Valles,San Luis Potosí,Ciudad Valles,Urbano,https://postali.app/mx/san-luis-potosi/ciudad-valles/la-curva
79033,Loma de los Silleros,Colonia,Ciudad Valles,San Luis Potosí,Ciudad Valles,Urbano,https://postali.app/mx/san-luis-potosi/ciudad-valles/loma-de-los-silleros
79034,Florida,Colonia,Ciudad Valles,San Luis Potosí,Ciudad Valles,Urbano,https://postali.app/mx/san-luis-potosi/ciudad-valles/florida
79034,Palo de Rosa,Colonia,Ciudad Valles,San Luis Potosí,Ciudad Valles,Urbano,https://postali.app/mx/san-luis-potosi/ciudad-valles/palo-de-rosa
79035,La Diana,Colonia,Ciudad Valles,San Luis Potosí,Ciudad Valles,Urbano,https://postali.app/mx/san-luis-potosi/ciudad-valles/la-diana
79035,Plan de Ayala,Colonia,Ciudad Valles,San Luis Potosí,Ciudad Valles,Urbano,https://postali.app/mx/san-luis-potosi/ciudad-valles/plan-de-ayala-79035
79035,Villa del Sol,Fraccionamiento,Ciudad Valles,San Luis Potosí,Ciudad Valles,Urbano,https://postali.app/mx/san-luis-potosi/ciudad-valles/villa-del-sol
79036,Ingenio Plan de Ayala,Zona industrial,Ciudad Valles,San Luis Potosí,Ciudad Valles,Urbano,https://postali.app/mx/san-luis-potosi/ciudad-valles/ingenio-plan-de-ayala
79040,Avance,Colonia,Ciudad Valles,San Luis Potosí,Ciudad Valles,Urbano,https://postali.app/mx/san-luis-potosi/ciudad-valles/avance
79040,Cuauhtémoc,Colonia,Ciudad Valles,San Luis Potosí,Ciudad Valles,Urbano,https://postali.app/mx/san-luis-potosi/ciudad-valles/cuauhtemoc
79040,FOVISSSTE,Fraccionamiento,Ciudad Valles,San Luis Potosí,Ciudad Valles,Urbano,https://postali.app/mx/san-luis-potosi/ciudad-valles/fovissste
79040,Francisco I Madero,Colonia,Ciudad Valles,San Luis Potosí,Ciudad Valles,Urbano,https://postali.app/mx/san-luis-potosi/ciudad-valles/francisco-i-madero
79040,INFONAVIT I,Unidad habitacional,Ciudad Valles,San Luis Potosí,Ciudad Valles,Urbano,https://postali.app/mx/san-luis-potosi/ciudad-valles/infonavit-i
79040,Moctezuma,Colonia,Ciudad Valles,San Luis Potosí,Ciudad Valles,Urbano,https://postali.app/mx/san-luis-potosi/ciudad-valles/moctezuma
79043,Las Lomas,Colonia,Ciudad Valles,San Luis Potosí,Ciudad Valles,Urbano,https://postali.app/mx/san-luis-potosi/ciudad-valles/las-lomas
79043,Los Filtros,Barrio,Ciudad Valles,San Luis Potosí,Ciudad Valles,Urbano,https://postali.app/mx/san-luis-potosi/ciudad-valles/los-filtros
79043,Tetuán,Colonia,Ciudad Valles,San Luis Potosí,Ciudad Valles,Urbano,https://postali.app/mx/san-luis-potosi/ciudad-valles/tetuan
79050,Alta Vista,Colonia,Ciudad Valles,San Luis Potosí,Ciudad Valles,Urbano,https://postali.app/mx/san-luis-potosi/ciudad-valles/alta-vista
79050,Altavista,Colonia,Ciudad Valles,San Luis Potosí,Ciudad Valles,Urbano,https://postali.app/mx/san-luis-potosi/ciudad-valles/altavista
79050,Anfer,Colonia,Ciudad Valles,San Luis Potosí,Ciudad Valles,Urbano,https://postali.app/mx/san-luis-potosi/ciudad-valles/anfer
79050,Antonio Esper,Colonia,Ciudad Valles,San Luis Potosí,Ciudad Valles,Urbano,https://postali.app/mx/san-luis-potosi/ciudad-valles/antonio-esper
79050,Bonifacio Salinas,Colonia,Ciudad Valles,San Luis Potosí,Ciudad Valles,Urbano,https://postali.app/mx/san-luis-potosi/ciudad-valles/bonifacio-salinas
79050,Jardines del Valle,Colonia,Ciudad Valles,San Luis Potosí,Ciudad Valles,Urbano,https://postali.app/mx/san-luis-potosi/ciudad-valles/jardines-del-valle
79050,Lomas del Mirador,Fraccionamiento,Ciudad Valles,San Luis Potosí,Ciudad Valles,Urbano,https://postali.app/mx/san-luis-potosi/ciudad-valles/lomas-del-mirador
79050,Lomas del Mirador,Colonia,Ciudad Valles,San Luis Potosí,Ciudad Valles,Urbano,https://postali.app/mx/san-luis-potosi/ciudad-valles/lomas-del-mirador-79050
79050,Mirador,Colonia,Ciudad Valles,San Luis Potosí,Ciudad Valles,Urbano,https://postali.app/mx/san-luis-potosi/ciudad-valles/mirador
79050,Méndez,Colonia,Ciudad Valles,San Luis Potosí,Ciudad Valles,Urbano,https://postali.app/mx/san-luis-potosi/ciudad-valles/mendez
79050,Nelly Zulaiman,Colonia,Ciudad Valles,San Luis Potosí,Ciudad Valles,Urbano,https://postali.app/mx/san-luis-potosi/ciudad-valles/nelly-zulaiman
79050,Obrera,Colonia,Ciudad Valles,San Luis Potosí,Ciudad Valles,Urbano,https://postali.app/mx/san-luis-potosi/ciudad-valles/obrera
79050,Porvenir,Colonia,Ciudad Valles,San Luis Potosí,Ciudad Valles,Urbano,https://postali.app/mx/san-luis-potosi/ciudad-valles/porvenir
79050,Real de Villas,Colonia,Ciudad Valles,San Luis Potosí,Ciudad Valles,Urbano,https://postali.app/mx/san-luis-potosi/ciudad-valles/real-de-villas
79050,Real de Villas II,Colonia,Ciudad Valles,San Luis Potosí,Ciudad Valles,Urbano,https://postali.app/mx/san-luis-potosi/ciudad-valles/real-de-villas-ii
79050,Tipzén,Colonia,Ciudad Valles,San Luis Potosí,Ciudad Valles,Urbano,https://postali.app/mx/san-luis-potosi/ciudad-valles/tipzen
79050,Valle de Oriente,Colonia,Ciudad Valles,San Luis Potosí,Ciudad Valles,Urbano,https://postali.app/mx/san-luis-potosi/ciudad-valles/valle-de-oriente
79050,Villa Real de Santiago,Colonia,Ciudad Valles,San Luis Potosí,Ciudad Valles,Urbano,https://postali.app/mx/san-luis-potosi/ciudad-valles/villa-real-de-santiago
79058,Norte Residencial,Fraccionamiento,Ciudad Valles,San Luis Potosí,Ciudad Valles,Urbano,https://postali.app/mx/san-luis-potosi/ciudad-valles/norte-residencial
79059,19 de Enero (Las Brisas),Colonia,Ciudad Valles,San Luis Potosí,Ciudad Valles,Urbano,https://postali.app/mx/san-luis-potosi/ciudad-valles/19-de-enero-las-brisas
79059,Residencial del Lago,Fraccionamiento,Ciudad Valles,San Luis Potosí,Ciudad Valles,Urbano,https://postali.app/mx/san-luis-potosi/ciudad-valles/residencial-del-lago
79060,Las Águilas,Colonia,Ciudad Valles,San Luis Potosí,Ciudad Valles,Urbano,https://postali.app/mx/san-luis-potosi/ciudad-valles/las-aguilas
79060,Las Águilas,Fraccionamiento,Ciudad Valles,San Luis Potosí,Ciudad Valles,Urbano,https://postali.app/mx/san-luis-potosi/ciudad-valles/las-aguilas-79060
79060,Rafael Curiel,Colonia,Ciudad Valles,San Luis Potosí,Ciudad Valles,Urbano,https://postali.app/mx/san-luis-potosi/ciudad-valles/rafael-curiel
79063,San Rafael,Colonia,Ciudad Valles,San Luis Potosí,Ciudad Valles,Urbano,https://postali.app/mx/san-luis-potosi/ciudad-valles/san-rafael
79063,Tantocob,Colonia,Ciudad Valles,San Luis Potosí,Ciudad Valles,Urbano,https://postali.app/mx/san-luis-potosi/ciudad-valles/tantocob
79064,La Alhajita,Fraccionamiento,Ciudad Valles,San Luis Potosí,Ciudad Valles,Urbano,https://postali.app/mx/san-luis-potosi/ciudad-valles/la-alhajita
79064,San Ángel I,Colonia,Ciudad Valles,San Luis Potosí,Ciudad Valles,Urbano,https://postali.app/mx/san-luis-potosi/ciudad-valles/san-angel-i
79064,Tampico,Colonia,Ciudad Valles,San Luis Potosí,Ciudad Valles,Urbano,https://postali.app/mx/san-luis-potosi/ciudad-valles/tampico
79068,Del Carmen,Colonia,Ciudad Valles,San Luis Potosí,Ciudad Valles,Urbano,https://postali.app/mx/san-luis-potosi/ciudad-valles/del-carmen
79068,La Pimienta,Colonia,Ciudad Valles,San Luis Potosí,Ciudad Valles,Urbano,https://postali.app/mx/san-luis-potosi/ciudad-valles/la-pimienta
79068,Palma Sola,Colonia,Ciudad Valles,San Luis Potosí,Ciudad Valles,Urbano,https://postali.app/mx/san-luis-potosi/ciudad-valles/palma-sola
79068,Rosas del Tepeyac,Fraccionamiento,Ciudad Valles,San Luis Potosí,Ciudad Valles,Urbano,https://postali.app/mx/san-luis-potosi/ciudad-valles/rosas-del-tepeyac
79070,Juárez,Colonia,Ciudad Valles,San Luis Potosí,Ciudad Valles,Urbano,https://postali.app/mx/san-luis-potosi/ciudad-valles/juarez
79080,Cerillera,Colonia,Ciudad Valles,San Luis Potosí,Ciudad Valles,Urbano,https://postali.app/mx/san-luis-potosi/ciudad-valles/cerillera
79080,Hidalgo,Colonia,Ciudad Valles,San Luis Potosí,Ciudad Valles,Urbano,https://postali.app/mx/san-luis-potosi/ciudad-valles/hidalgo
79080,María Nilda,Fraccionamiento,Ciudad Valles,San Luis Potosí,Ciudad Valles,Urbano,https://postali.app/mx/san-luis-potosi/ciudad-valles/maria-nilda
79080,Rotarios,Colonia,Ciudad Valles,San Luis Potosí,Ciudad Valles,Urbano,https://postali.app/mx/san-luis-potosi/ciudad-valles/rotarios
79080,Vergel,Colonia,Ciudad Valles,San Luis Potosí,Ciudad Valles,Urbano,https://postali.app/mx/san-luis-potosi/ciudad-valles/vergel
79082,Leonardo Rodríguez Alcaine,Fraccionamiento,Ciudad Valles,San Luis Potosí,Ciudad Valles,Urbano,https://postali.app/mx/san-luis-potosi/ciudad-valles/leonardo-rodriguez-alcaine
79082,Lomas de Yuejat,Colonia,Ciudad Valles,San Luis Potosí,Ciudad Valles,Urbano,https://postali.app/mx/san-luis-potosi/ciudad-valles/lomas-de-yuejat
79082,Lomas Poniente,Fraccionamiento,Ciudad Valles,San Luis Potosí,Ciudad Valles,Urbano,https://postali.app/mx/san-luis-potosi/ciudad-valles/lomas-poniente
79082,San Luis Poniente,Fraccionamiento,Ciudad Valles,San Luis Potosí,Ciudad Valles,Urbano,https://postali.app/mx/san-luis-potosi/ciudad-valles/san-luis-poniente
79083,América,Fraccionamiento,Ciudad Valles,San Luis Potosí,Ciudad Valles,Urbano,https://postali.app/mx/san-luis-potosi/ciudad-valles/america-79083
79083,Villa del Vergel,Fraccionamiento,Ciudad Valles,San Luis Potosí,Ciudad Valles,Urbano,https://postali.app/mx/san-luis-potosi/ciudad-valles/villa-del-vergel
79084,Bellavista,Colonia,Ciudad Valles,San Luis Potosí,Ciudad Valles,Urbano,https://postali.app/mx/san-luis-potosi/ciudad-valles/bellavista
79084,Lomas Oriente,Fraccionamiento,Ciudad Valles,San Luis Potosí,Ciudad Valles,Urbano,https://postali.app/mx/san-luis-potosi/ciudad-valles/lomas-oriente
79085,Misión de San Miguel,Fraccionamiento,Ciudad Valles,San Luis Potosí,Ciudad Valles,Rural,https://postali.app/mx/san-luis-potosi/ciudad-valles/mision-de-san-miguel
79090,Olegario Vizcarra,Colonia,Ciudad Valles,San Luis Potosí,Ciudad Valles,Urbano,https://postali.app/mx/san-luis-potosi/ciudad-valles/olegario-vizcarra
79092,Jardines del Campestre,Fraccionamiento,Ciudad Valles,San Luis Potosí,Ciudad Valles,Urbano,https://postali.app/mx/san-luis-potosi/ciudad-valles/jardines-del-campestre
79092,Militar,Colonia,Ciudad Valles,San Luis Potosí,Ciudad Valles,Urbano,https://postali.app/mx/san-luis-potosi/ciudad-valles/militar
79092,Real Campestre,Colonia,Ciudad Valles,San Luis Potosí,Ciudad Valles,Urbano,https://postali.app/mx/san-luis-potosi/ciudad-valles/real-campestre
79092,Rodríguez,Colonia,Ciudad Valles,San Luis Potosí,Ciudad Valles,Rural,https://postali.app/mx/san-luis-potosi/ciudad-valles/rodriguez
79093,Bicentenario,Fraccionamiento,Ciudad Valles,San Luis Potosí,Ciudad Valles,Urbano,https://postali.app/mx/san-luis-potosi/ciudad-valles/bicentenario
79093,Los Naranjos,Fraccionamiento,Ciudad Valles,San Luis Potosí,Ciudad Valles,Urbano,https://postali.app/mx/san-luis-potosi/ciudad-valles/los-naranjos
79093,Oxitipa,Colonia,Ciudad Valles,San Luis Potosí,Ciudad Valles,Urbano,https://postali.app/mx/san-luis-potosi/ciudad-valles/oxitipa
79094,Lomas de San José,Fraccionamiento,Ciudad Valles,San Luis Potosí,Ciudad Valles,Urbano,https://postali.app/mx/san-luis-potosi/ciudad-valles/lomas-de-san-jose
79094,Residencial Santa Claudia,Fraccionamiento,Ciudad Valles,San Luis Potosí,Ciudad Valles,Urbano,https://postali.app/mx/san-luis-potosi/ciudad-valles/residencial-santa-claudia
79094,San Ángel II,Colonia,Ciudad Valles,San Luis Potosí,Ciudad Valles,Urbano,https://postali.app/mx/san-luis-potosi/ciudad-valles/san-angel-ii
79095,El Gavilán,Colonia,Ciudad Valles,San Luis Potosí,Ciudad Valles,Urbano,https://postali.app/mx/san-luis-potosi/ciudad-valles/el-gavilan
79095,Gregorio Osuna,Colonia,Ciudad Valles,San Luis Potosí,Ciudad Valles,Urbano,https://postali.app/mx/san-luis-potosi/ciudad-valles/gregorio-osuna
79095,José María Morelos y Pavón,Colonia,Ciudad Valles,San Luis Potosí,Ciudad Valles,Urbano,https://postali.app/mx/san-luis-potosi/ciudad-valles/jose-maria-morelos-y-pavon
79095,Las Huastecas,Colonia,Ciudad Valles,San Luis Potosí,Ciudad Valles,Urbano,https://postali.app/mx/san-luis-potosi/ciudad-valles/las-huastecas
79095,Lomas de Santiago,Fraccionamiento,Ciudad Valles,San Luis Potosí,Ciudad Valles,Urbano,https://postali.app/mx/san-luis-potosi/ciudad-valles/lomas-de-santiago
79095,Municipal Valles 85,Colonia,Ciudad Valles,San Luis Potosí,Ciudad Valles,Urbano,https://postali.app/mx/san-luis-potosi/ciudad-valles/municipal-valles-85
79097,Central Comercial,Fraccionamiento,Ciudad Valles,San Luis Potosí,Ciudad Valles,Urbano,https://postali.app/mx/san-luis-potosi/ciudad-valles/central-comercial
79097,San Luis,Fraccionamiento,Ciudad Valles,San Luis Potosí,Ciudad Valles,Urbano,https://postali.app/mx/san-luis-potosi/ciudad-valles/san-luis
79098,CECYT,Fraccionamiento,Ciudad Valles,San Luis Potosí,Ciudad Valles,Urbano,https://postali.app/mx/san-luis-potosi/ciudad-valles/cecyt
79098,Margarita de Gortari,Colonia,Ciudad Valles,San Luis Potosí,Ciudad Valles,Urbano,https://postali.app/mx/san-luis-potosi/ciudad-valles/margarita-de-gortari
79098,Montebello,Fraccionamiento,Ciudad Valles,San Luis Potosí,Ciudad Valles,Urbano,https://postali.app/mx/san-luis-potosi/ciudad-valles/montebello
79098,San José,Fraccionamiento,Ciudad Valles,San Luis Potosí,Ciudad Valles,Urbano,https://postali.app/mx/san-luis-potosi/ciudad-valles/san-jose
79100,Ebano Centro,Colonia,Ebano,San Luis Potosí,Ébano,Urbano,https://postali.app/mx/san-luis-potosi/ebano/ebano-centro
79110,Estación,Colonia,Ebano,San Luis Potosí,Ébano,Urbano,https://postali.app/mx/san-luis-potosi/ebano/estacion
79110,Zostepec,Colonia,Ebano,San Luis Potosí,Ébano,Urbano,https://postali.app/mx/san-luis-potosi/ebano/zostepec
79120,Antonio J Bermúdez,Colonia,Ebano,San Luis Potosí,Ébano,Urbano,https://postali.app/mx/san-luis-potosi/ebano/antonio-j-bermudez
79120,Las Américas,Colonia,Ebano,San Luis Potosí,Ébano,Urbano,https://postali.app/mx/san-luis-potosi/ebano/las-americas
79122,Ejido 20 de Noviembre,Colonia,Ebano,San Luis Potosí,Ébano,Urbano,https://postali.app/mx/san-luis-potosi/ebano/ejido-20-de-noviembre
79122,Santa Cruz,Colonia,Ebano,San Luis Potosí,Ébano,Urbano,https://postali.app/mx/san-luis-potosi/ebano/santa-cruz
79130,Los Pinos,Colonia,Ebano,San Luis Potosí,Ébano,Urbano,https://postali.app/mx/san-luis-potosi/ebano/los-pinos
79139,Del Valle,Colonia,Ebano,San Luis Potosí,Ébano,Urbano,https://postali.app/mx/san-luis-potosi/ebano/del-valle
79139,El Hule,Colonia,Ebano,San Luis Potosí,Ébano,Urbano,https://postali.app/mx/san-luis-potosi/ebano/el-hule
79140,Obrera,Colonia,Ebano,San Luis Potosí,Ébano,Urbano,https://postali.app/mx/san-luis-potosi/ebano/obrera
79142,Doctor Quintana,Colonia,Ebano,San Luis Potosí,Ébano,Urbano,https://postali.app/mx/san-luis-potosi/ebano/doctor-quintana
79142,Vicente Inguanzo,Colonia,Ebano,San Luis Potosí,Ébano,Urbano,https://postali.app/mx/san-luis-potosi/ebano/vicente-inguanzo
79143,Primavera,Colonia,Ebano,San Luis Potosí,Ébano,Urbano,https://postali.app/mx/san-luis-potosi/ebano/primavera
79150,Himno Nacional,Colonia,Ebano,San Luis Potosí,Ébano,Urbano,https://postali.app/mx/san-luis-potosi/ebano/himno-nacional
79150,Petrolera Lázaro Cárdenas,Colonia,Ebano,San Luis Potosí,Ébano,Urbano,https://postali.app/mx/san-luis-potosi/ebano/petrolera-lazaro-cardenas
79150,Solidaridad,Colonia,Ebano,San Luis Potosí,Ébano,Urbano,https://postali.app/mx/san-luis-potosi/ebano/solidaridad
79152,Bellavista,Colonia,Ebano,San Luis Potosí,Ébano,Urbano,https://postali.app/mx/san-luis-potosi/ebano/bellavista
79152,Puerta del Sol,Colonia,Ebano,San Luis Potosí,Ébano,Urbano,https://postali.app/mx/san-luis-potosi/ebano/puerta-del-sol
79152,Valle Dorado,Colonia,Ebano,San Luis Potosí,Ébano,Urbano,https://postali.app/mx/san-luis-potosi/ebano/valle-dorado
79153,Aviación,Colonia,Ebano,San Luis Potosí,Ébano,Urbano,https://postali.app/mx/san-luis-potosi/ebano/aviacion
79153,Unidad Nacional,Colonia,Ebano,San Luis Potosí,Ébano,Urbano,https://postali.app/mx/san-luis-potosi/ebano/unidad-nacional
79160,18 de Marzo,Colonia,Ebano,San Luis Potosí,Ébano,Urbano,https://postali.app/mx/san-luis-potosi/ebano/18-de-marzo
79161,20 de Noviembre,Colonia,Ebano,San Luis Potosí,Ébano,Urbano,https://postali.app/mx/san-luis-potosi/ebano/20-de-noviembre
79162,Zona Industrial,Colonia,Ebano,San Luis Potosí,Ébano,Urbano,https://postali.app/mx/san-luis-potosi/ebano/zona-industrial
79170,Tulipanes,Colonia,Ebano,San Luis Potosí,Ébano,Urbano,https://postali.app/mx/san-luis-potosi/ebano/tulipanes
79180,Vergel,Colonia,Ebano,San Luis Potosí,Ébano,Urbano,https://postali.app/mx/san-luis-potosi/ebano/vergel
79182,INFONAVIT,Colonia,Ebano,San Luis Potosí,Ébano,Urbano,https://postali.app/mx/san-luis-potosi/ebano/infonavit
79182,Manuel Ávila Camacho,Colonia,Ebano,San Luis Potosí,Ébano,Urbano,https://postali.app/mx/san-luis-potosi/ebano/manuel-avila-camacho
79183,Campamento SARH,Colonia,Ebano,San Luis Potosí,Ébano,Urbano,https://postali.app/mx/san-luis-potosi/ebano/campamento-sarh
79190,El Veintiuno,Colonia,Ebano,San Luis Potosí,Ébano,Urbano,https://postali.app/mx/san-luis-potosi/ebano/el-veintiuno
79190,Zona Cuartel,Colonia,Ebano,San Luis Potosí,Ébano,Urbano,https://postali.app/mx/san-luis-potosi/ebano/zona-cuartel
79200,Tamuín Centro,Colonia,Tamuín,San Luis Potosí,Tamuín,Urbano,https://postali.app/mx/san-luis-potosi/tamuin/tamuin-centro
79202,El Campo,Colonia,Tamuín,San Luis Potosí,Tamuín,Urbano,https://postali.app/mx/san-luis-potosi/tamuin/el-campo
79202,Morelos,Colonia,Tamuín,San Luis Potosí,Tamuín,Urbano,https://postali.app/mx/san-luis-potosi/tamuin/morelos
79202,Victor Manuel Santos,Colonia,Tamuín,San Luis Potosí,Tamuín,Urbano,https://postali.app/mx/san-luis-potosi/tamuin/victor-manuel-santos
79203,El Mirasol,Colonia,Tamuín,San Luis Potosí,Tamuín,Urbano,https://postali.app/mx/san-luis-potosi/tamuin/el-mirasol
79203,Las Brisas,Colonia,Tamuín,San Luis Potosí,Tamuín,Urbano,https://postali.app/mx/san-luis-potosi/tamuin/las-brisas
79203,Salvador Nava Martínez,Colonia,Tamuín,San Luis Potosí,Tamuín,Urbano,https://postali.app/mx/san-luis-potosi/tamuin/salvador-nava-martinez
79204,Los Pericos,Fraccionamiento,Tamuín,San Luis Potosí,Tamuín,Urbano,https://postali.app/mx/san-luis-potosi/tamuin/los-pericos
79204,Quinta Dulce,Fraccionamiento,Tamuín,San Luis Potosí,Tamuín,Urbano,https://postali.app/mx/san-luis-potosi/tamuin/quinta-dulce
79205,Hidalgo,Colonia,Tamuín,San Luis Potosí,Tamuín,Urbano,https://postali.app/mx/san-luis-potosi/tamuin/hidalgo
79205,Las Norias,Colonia,Tamuín,San Luis Potosí,Tamuín,Urbano,https://postali.app/mx/san-luis-potosi/tamuin/las-norias
79205,Lindavista,Colonia,Tamuín,San Luis Potosí,Tamuín,Urbano,https://postali.app/mx/san-luis-potosi/tamuin/lindavista
79205,Magisterial,Colonia,Tamuín,San Luis Potosí,Tamuín,Urbano,https://postali.app/mx/san-luis-potosi/tamuin/magisterial
79206,Juárez,Colonia,Tamuín,San Luis Potosí,Tamuín,Urbano,https://postali.app/mx/san-luis-potosi/tamuin/juarez
79206,Media Luna,Colonia,Tamuín,San Luis Potosí,Tamuín,Urbano,https://postali.app/mx/san-luis-potosi/tamuin/media-luna
79206,Ricardo Flores Magón,Colonia,Tamuín,San Luis Potosí,Tamuín,Urbano,https://postali.app/mx/san-luis-potosi/tamuin/ricardo-flores-magon
79206,Tanmoachan,Unidad habitacional,Tamuín,San Luis Potosí,Tamuín,Urbano,https://postali.app/mx/san-luis-potosi/tamuin/tanmoachan
79207,Nuevo Tamuin,Fraccionamiento,Tamuín,San Luis Potosí,Tamuín,Urbano,https://postali.app/mx/san-luis-potosi/tamuin/nuevo-tamuin
79207,Pueblo Nuevo,Colonia,Tamuín,San Luis Potosí,Tamuín,Urbano,https://postali.app/mx/san-luis-potosi/tamuin/pueblo-nuevo
79208,Colosio,Colonia,Tamuín,San Luis Potosí,Tamuín,Urbano,https://postali.app/mx/san-luis-potosi/tamuin/colosio
79208,Del Bosque,Colonia,Tamuín,San Luis Potosí,Tamuín,Urbano,https://postali.app/mx/san-luis-potosi/tamuin/del-bosque
79208,Las Gaviotas,Colonia,Tamuín,San Luis Potosí,Tamuín,Urbano,https://postali.app/mx/san-luis-potosi/tamuin/las-gaviotas
79208,Valle Alto,Fraccionamiento,Tamuín,San Luis Potosí,Tamuín,Urbano,https://postali.app/mx/san-luis-potosi/tamuin/valle-alto
79208,Vista Alegre,Colonia,Tamuín,San Luis Potosí,Tamuín,Urbano,https://postali.app/mx/san-luis-potosi/tamuin/vista-alegre
79210,Estación Tamuín,Paraje,Tamuín,San Luis Potosí,,Rural,https://postali.app/mx/san-luis-potosi/tamuin/estacion-tamuin
79213,El Peñasco,Ranchería,Tamuín,San Luis Potosí,,Rural,https://postali.app/mx/san-luis-potosi/tamuin/el-penasco
79214,Santa Martha,Ranchería,Tamuín,San Luis Potosí,,Rural,https://postali.app/mx/san-luis-potosi/tamuin/santa-martha
79215,Nuevo Aquismón,Ejido,Tamuín,San Luis Potosí,,Rural,https://postali.app/mx/san-luis-potosi/tamuin/nuevo-aquismon
79216,Emiliano Zapata,Ejido,Tamuín,San Luis Potosí,,Rural,https://postali.app/mx/san-luis-potosi/tamuin/emiliano-zapata
79216,La Ceiba,Ejido,Tamuín,San Luis Potosí,,Rural,https://postali.app/mx/san-luis-potosi/tamuin/la-ceiba
79217,Luis Donaldo Colosio,Ejido,Tamuín,San Luis Potosí,,Rural,https://postali.app/mx/san-luis-potosi/tamuin/luis-donaldo-colosio
79218,Velazco,Ejido,Tamuín,San Luis Potosí,,Rural,https://postali.app/mx/san-luis-potosi/tamuin/velazco
79219,Aeropuerto,Aeropuerto,Tamuín,San Luis Potosí,,Rural,https://postali.app/mx/san-luis-potosi/tamuin/aeropuerto
79220,El Palmar,Ejido,Tamuín,San Luis Potosí,,Rural,https://postali.app/mx/san-luis-potosi/tamuin/el-palmar
79220,Las Palmas,Ejido,Tamuín,San Luis Potosí,,Rural,https://postali.app/mx/san-luis-potosi/tamuin/las-palmas
79224,El Porvenir,Colonia,Tamuín,San Luis Potosí,,Urbano,https://postali.app/mx/san-luis-potosi/tamuin/el-porvenir
79224,Lázaro Cárdenas,Colonia,Tamuín,San Luis Potosí,,Urbano,https://postali.app/mx/san-luis-potosi/tamuin/lazaro-cardenas
79224,Nuevo Tampaón,Pueblo,Tamuín,San Luis Potosí,,Urbano,https://postali.app/mx/san-luis-potosi/tamuin/nuevo-tampaon
79224,Zona Norte,Colonia,Tamuín,San Luis Potosí,,Urbano,https://postali.app/mx/san-luis-potosi/tamuin/zona-norte
79225,El Centinela,Ejido,Tamuín,San Luis Potosí,,Rural,https://postali.app/mx/san-luis-potosi/tamuin/el-centinela
79225,Los Huastecos,Ejido,Tamuín,San Luis Potosí,,Rural,https://postali.app/mx/san-luis-potosi/tamuin/los-huastecos
79225,Manuel Ávila Camacho,Ejido,Tamuín,San Luis Potosí,,Rural,https://postali.app/mx/san-luis-potosi/tamuin/manuel-avila-camacho
79225,San José de Limón,Ejido,Tamuín,San Luis Potosí,,Rural,https://postali.app/mx/san-luis-potosi/tamuin/san-jose-de-limon
79226,Nuevo Ahuacatitla,Ejido,Tamuín,San Luis Potosí,,Rural,https://postali.app/mx/san-luis-potosi/tamuin/nuevo-ahuacatitla
79227,Nueva Primavera,Ejido,Tamuín,San Luis Potosí,,Rural,https://postali.app/mx/san-luis-potosi/tamuin/nueva-primavera
79228,Antiguo Tamuín,Pueblo,Tamuín,San Luis Potosí,,Rural,https://postali.app/mx/san-luis-potosi/tamuin/antiguo-tamuin
79228,La Fortaleza,Ejido,Tamuín,San Luis Potosí,,Rural,https://postali.app/mx/san-luis-potosi/tamuin/la-fortaleza
79229,El Carrizo,Ejido,Tamuín,San Luis Potosí,,Rural,https://postali.app/mx/san-luis-potosi/tamuin/el-carrizo
79229,Tampacoy,Ejido,Tamuín,San Luis Potosí,,Rural,https://postali.app/mx/san-luis-potosi/tamuin/tampacoy
79230,Campo Negro (Rogelio Contreras Espinoza),Ranchería,Ciudad Valles,San Luis Potosí,,Rural,https://postali.app/mx/san-luis-potosi/ciudad-valles/campo-negro-rogelio-contreras-espinoza
79230,La Hincada,Ejido,Ciudad Valles,San Luis Potosí,,Rural,https://postali.app/mx/san-luis-potosi/ciudad-valles/la-hincada
79230,Las Canoas (Canoas),Ejido,Ciudad Valles,San Luis Potosí,,Rural,https://postali.app/mx/san-luis-potosi/ciudad-valles/las-canoas-canoas
79230,San Lorenzo,Ranchería,Ciudad Valles,San Luis Potosí,,Rural,https://postali.app/mx/san-luis-potosi/ciudad-valles/san-lorenzo
79233,El Entripado,Ranchería,Ciudad Valles,San Luis Potosí,,Rural,https://postali.app/mx/san-luis-potosi/ciudad-valles/el-entripado
79233,El Veladero,Ejido,Ciudad Valles,San Luis Potosí,,Rural,https://postali.app/mx/san-luis-potosi/ciudad-valles/el-veladero
79233,Estación Micos,Paraje,Ciudad Valles,San Luis Potosí,,Rural,https://postali.app/mx/san-luis-potosi/ciudad-valles/estacion-micos
79233,Nuevo Crucitas,Ejido,Ciudad Valles,San Luis Potosí,,Rural,https://postali.app/mx/san-luis-potosi/ciudad-valles/nuevo-crucitas
79234,La Puerta del Espíritu Santo,Ejido,Ciudad Valles,San Luis Potosí,,Rural,https://postali.app/mx/san-luis-potosi/ciudad-valles/la-puerta-del-espiritu-santo
79234,Los Pinos,Ranchería,Ciudad Valles,San Luis Potosí,,Rural,https://postali.app/mx/san-luis-potosi/ciudad-valles/los-pinos
79235,Ampliación la Hincada,Ejido,Ciudad Valles,San Luis Potosí,,Rural,https://postali.app/mx/san-luis-potosi/ciudad-valles/ampliacion-la-hincada
79235,El Platanito Número Tres,Ranchería,Ciudad Valles,San Luis Potosí,,Rural,https://postali.app/mx/san-luis-potosi/ciudad-valles/el-platanito-numero-tres
79235,La Virgen,Ranchería,Ciudad Valles,San Luis Potosí,,Rural,https://postali.app/mx/san-luis-potosi/ciudad-valles/la-virgen
79235,Nuevo Tepeguajes,Ranchería,Ciudad Valles,San Luis Potosí,,Rural,https://postali.app/mx/san-luis-potosi/ciudad-valles/nuevo-tepeguajes
79235,Rioverdito,Ranchería,Ciudad Valles,San Luis Potosí,,Rural,https://postali.app/mx/san-luis-potosi/ciudad-valles/rioverdito
79235,San Pedro (La Antigua Hincada),Ranchería,Ciudad Valles,San Luis Potosí,,Rural,https://postali.app/mx/san-luis-potosi/ciudad-valles/san-pedro-la-antigua-hincada
79236,Las Huertas,Ranchería,Ciudad Valles,San Luis Potosí,,Rural,https://postali.app/mx/san-luis-potosi/ciudad-valles/las-huertas
79236,Ojo de Agua,Ranchería,Ciudad Valles,San Luis Potosí,,Rural,https://postali.app/mx/san-luis-potosi/ciudad-valles/ojo-de-agua
79237,Crucero las Pitas,Ejido,Ciudad Valles,San Luis Potosí,,Rural,https://postali.app/mx/san-luis-potosi/ciudad-valles/crucero-las-pitas
79237,El Choy,Ejido,Ciudad Valles,San Luis Potosí,,Rural,https://postali.app/mx/san-luis-potosi/ciudad-valles/el-choy
79237,El Limoncito,Ranchería,Ciudad Valles,San Luis Potosí,,Rural,https://postali.app/mx/san-luis-potosi/ciudad-valles/el-limoncito
79237,La Esperanza,Ranchería,Ciudad Valles,San Luis Potosí,,Rural,https://postali.app/mx/san-luis-potosi/ciudad-valles/la-esperanza
79237,Las Pitas,Ranchería,Ciudad Valles,San Luis Potosí,,Rural,https://postali.app/mx/san-luis-potosi/ciudad-valles/las-pitas
79237,Sabino del Obispo (Anexo a las Pitas),Ejido,Ciudad Valles,San Luis Potosí,,Rural,https://postali.app/mx/san-luis-potosi/ciudad-valles/sabino-del-obispo-anexo-a-las-pitas
79240,Rascón,Pueblo,Ciudad Valles,San Luis Potosí,,Urbano,https://postali.app/mx/san-luis-potosi/ciudad-valles/rascon
79243,Andrea San Juan,Ranchería,Ciudad Valles,San Luis Potosí,,Rural,https://postali.app/mx/san-luis-potosi/ciudad-valles/andrea-san-juan
79243,Casa Blanca,Ranchería,Ciudad Valles,San Luis Potosí,,Rural,https://postali.app/mx/san-luis-potosi/ciudad-valles/casa-blanca
79243,Las Crucitas,Paraje,Ciudad Valles,San Luis Potosí,,Rural,https://postali.app/mx/san-luis-potosi/ciudad-valles/las-crucitas
79243,María Castillo Salazar,Ranchería,Ciudad Valles,San Luis Potosí,,Rural,https://postali.app/mx/san-luis-potosi/ciudad-valles/maria-castillo-salazar
79243,San Dieguito,Paraje,Ciudad Valles,San Luis Potosí,,Rural,https://postali.app/mx/san-luis-potosi/ciudad-valles/san-dieguito
79243,San Francisco,Ranchería,Ciudad Valles,San Luis Potosí,,Rural,https://postali.app/mx/san-luis-potosi/ciudad-valles/san-francisco
79244,Estación Quinientos,Zona federal,Ciudad Valles,San Luis Potosí,,Rural,https://postali.app/mx/san-luis-potosi/ciudad-valles/estacion-quinientos
79245,Cerro Alto,Ejido,Ciudad Valles,San Luis Potosí,,Rural,https://postali.app/mx/san-luis-potosi/ciudad-valles/cerro-alto
79245,Chantol,Ejido,Ciudad Valles,San Luis Potosí,,Rural,https://postali.app/mx/san-luis-potosi/ciudad-valles/chantol
79245,El Choyoso,Ejido,Ciudad Valles,San Luis Potosí,,Rural,https://postali.app/mx/san-luis-potosi/ciudad-valles/el-choyoso
79245,El Platanito,Ejido,Ciudad Valles,San Luis Potosí,,Rural,https://postali.app/mx/san-luis-potosi/ciudad-valles/el-platanito
79245,La Gloria,Ranchería,Ciudad Valles,San Luis Potosí,,Rural,https://postali.app/mx/san-luis-potosi/ciudad-valles/la-gloria
79245,La Soledad,Ranchería,Ciudad Valles,San Luis Potosí,,Rural,https://postali.app/mx/san-luis-potosi/ciudad-valles/la-soledad
79245,Las Flores,Ejido,Ciudad Valles,San Luis Potosí,,Rural,https://postali.app/mx/san-luis-potosi/ciudad-valles/las-flores
79245,Los Jobos,Ejido,Ciudad Valles,San Luis Potosí,,Rural,https://postali.app/mx/san-luis-potosi/ciudad-valles/los-jobos
79245,Nombre de Dios,Ranchería,Ciudad Valles,San Luis Potosí,,Rural,https://postali.app/mx/san-luis-potosi/ciudad-valles/nombre-de-dios
79245,San Isidro,Ranchería,Ciudad Valles,San Luis Potosí,,Rural,https://postali.app/mx/san-luis-potosi/ciudad-valles/san-isidro
79245,San Pedro,Ranchería,Ciudad Valles,San Luis Potosí,,Rural,https://postali.app/mx/san-luis-potosi/ciudad-valles/san-pedro
79246,Camillas,Ejido,Ciudad Valles,San Luis Potosí,,Rural,https://postali.app/mx/san-luis-potosi/ciudad-valles/camillas
79246,Campo Atonatilco,Ranchería,Ciudad Valles,San Luis Potosí,,Rural,https://postali.app/mx/san-luis-potosi/ciudad-valles/campo-atonatilco
79246,Coyoles,Ejido,Ciudad Valles,San Luis Potosí,,Rural,https://postali.app/mx/san-luis-potosi/ciudad-valles/coyoles
79246,Entrada a Camillas,Ejido,Ciudad Valles,San Luis Potosí,,Rural,https://postali.app/mx/san-luis-potosi/ciudad-valles/entrada-a-camillas
79246,La Loma,Ejido,Ciudad Valles,San Luis Potosí,,Rural,https://postali.app/mx/san-luis-potosi/ciudad-valles/la-loma
79246,La Loma (Canoítas),Ejido,Ciudad Valles,San Luis Potosí,,Rural,https://postali.app/mx/san-luis-potosi/ciudad-valles/la-loma-canoitas
79246,La Loma (Quinientos Uno),Ranchería,Ciudad Valles,San Luis Potosí,,Rural,https://postali.app/mx/san-luis-potosi/ciudad-valles/la-loma-quinientos-uno
79246,La Pasadita (La Colmena),Ranchería,Ciudad Valles,San Luis Potosí,,Rural,https://postali.app/mx/san-luis-potosi/ciudad-valles/la-pasadita-la-colmena
79246,Los Platanitos,Ranchería,Ciudad Valles,San Luis Potosí,,Rural,https://postali.app/mx/san-luis-potosi/ciudad-valles/los-platanitos
79246,Rancho Nuevo,Ejido,Ciudad Valles,San Luis Potosí,,Rural,https://postali.app/mx/san-luis-potosi/ciudad-valles/rancho-nuevo
79246,San Francisco,Ranchería,Ciudad Valles,San Luis Potosí,,Rural,https://postali.app/mx/san-luis-potosi/ciudad-valles/san-francisco-79246
79247,Dos Pericos (San Isidro),Ranchería,Ciudad Valles,San Luis Potosí,,Rural,https://postali.app/mx/san-luis-potosi/ciudad-valles/dos-pericos-san-isidro
79247,El Poste (El Verde),Ranchería,Ciudad Valles,San Luis Potosí,,Rural,https://postali.app/mx/san-luis-potosi/ciudad-valles/el-poste-el-verde
79247,El Sabinito,Ranchería,Ciudad Valles,San Luis Potosí,,Rural,https://postali.app/mx/san-luis-potosi/ciudad-valles/el-sabinito
79247,El Verde,Ejido,Ciudad Valles,San Luis Potosí,,Rural,https://postali.app/mx/san-luis-potosi/ciudad-valles/el-verde
79247,Palmillas,Ranchería,Ciudad Valles,San Luis Potosí,,Rural,https://postali.app/mx/san-luis-potosi/ciudad-valles/palmillas
79247,Rancho el Siete,Ranchería,Ciudad Valles,San Luis Potosí,,Rural,https://postali.app/mx/san-luis-potosi/ciudad-valles/rancho-el-siete
79247,Rancho San Antonio,Ranchería,Ciudad Valles,San Luis Potosí,,Rural,https://postali.app/mx/san-luis-potosi/ciudad-valles/rancho-san-antonio
79247,Rancho Santa Fe,Ranchería,Ciudad Valles,San Luis Potosí,,Rural,https://postali.app/mx/san-luis-potosi/ciudad-valles/rancho-santa-fe
79247,San Isidro,Ejido,Ciudad Valles,San Luis Potosí,,Rural,https://postali.app/mx/san-luis-potosi/ciudad-valles/san-isidro-79247
79247,San Isidro (Los Estrada),Ranchería,Ciudad Valles,San Luis Potosí,,Rural,https://postali.app/mx/san-luis-potosi/ciudad-valles/san-isidro-los-estrada
79247,San Mateo,Ejido,Ciudad Valles,San Luis Potosí,,Rural,https://postali.app/mx/san-luis-potosi/ciudad-valles/san-mateo
79247,Zocohuite,Ejido,Ciudad Valles,San Luis Potosí,,Rural,https://postali.app/mx/san-luis-potosi/ciudad-valles/zocohuite
79250,Buenavista,Ranchería,Ciudad Valles,San Luis Potosí,,Rural,https://postali.app/mx/san-luis-potosi/ciudad-valles/buenavista
79250,El Disco,Ranchería,Ciudad Valles,San Luis Potosí,,Rural,https://postali.app/mx/san-luis-potosi/ciudad-valles/el-disco
79250,El Ojite,Ejido,Ciudad Valles,San Luis Potosí,,Rural,https://postali.app/mx/san-luis-potosi/ciudad-valles/el-ojite
79250,El Pantano,Ranchería,Ciudad Valles,San Luis Potosí,,Rural,https://postali.app/mx/san-luis-potosi/ciudad-valles/el-pantano
79250,La Extremadura,Ranchería,Ciudad Valles,San Luis Potosí,,Rural,https://postali.app/mx/san-luis-potosi/ciudad-valles/la-extremadura
79250,La Pitaya (La Pitahaya),Ejido,Ciudad Valles,San Luis Potosí,,Rural,https://postali.app/mx/san-luis-potosi/ciudad-valles/la-pitaya-la-pitahaya
79250,San Antonio,Ranchería,Ciudad Valles,San Luis Potosí,,Rural,https://postali.app/mx/san-luis-potosi/ciudad-valles/san-antonio
79253,Cambeses,Ranchería,Ciudad Valles,San Luis Potosí,,Rural,https://postali.app/mx/san-luis-potosi/ciudad-valles/cambeses
79253,Cuatro Caminos,Ejido,Ciudad Valles,San Luis Potosí,,Rural,https://postali.app/mx/san-luis-potosi/ciudad-valles/cuatro-caminos
79253,El Palmar (El Paso),Ranchería,Ciudad Valles,San Luis Potosí,,Rural,https://postali.app/mx/san-luis-potosi/ciudad-valles/el-palmar-el-paso
79253,La Copa,Ranchería,Ciudad Valles,San Luis Potosí,,Rural,https://postali.app/mx/san-luis-potosi/ciudad-valles/la-copa
79253,La Lagunita,Ranchería,Ciudad Valles,San Luis Potosí,,Rural,https://postali.app/mx/san-luis-potosi/ciudad-valles/la-lagunita
79253,Rancho Cuatro,Ranchería,Ciudad Valles,San Luis Potosí,,Rural,https://postali.app/mx/san-luis-potosi/ciudad-valles/rancho-cuatro
79253,Tampaya,Ejido,Ciudad Valles,San Luis Potosí,,Rural,https://postali.app/mx/san-luis-potosi/ciudad-valles/tampaya
79253,Tantute,Ranchería,Ciudad Valles,San Luis Potosí,,Rural,https://postali.app/mx/san-luis-potosi/ciudad-valles/tantute
79254,El Algüey,Ejido,Ciudad Valles,San Luis Potosí,,Rural,https://postali.app/mx/san-luis-potosi/ciudad-valles/el-alguey
79254,El Azulejo,Ejido,Ciudad Valles,San Luis Potosí,,Rural,https://postali.app/mx/san-luis-potosi/ciudad-valles/el-azulejo
79254,La Crucita (Barrio de Guadalupe),Ranchería,Ciudad Valles,San Luis Potosí,,Rural,https://postali.app/mx/san-luis-potosi/ciudad-valles/la-crucita-barrio-de-guadalupe
79254,La Escondida,Ranchería,Ciudad Valles,San Luis Potosí,,Rural,https://postali.app/mx/san-luis-potosi/ciudad-valles/la-escondida
79254,La Esperanza (La Loma),Ranchería,Ciudad Valles,San Luis Potosí,,Rural,https://postali.app/mx/san-luis-potosi/ciudad-valles/la-esperanza-la-loma
79254,La Subida,Ejido,Ciudad Valles,San Luis Potosí,,Rural,https://postali.app/mx/san-luis-potosi/ciudad-valles/la-subida
79254,La Urbina,Ranchería,Ciudad Valles,San Luis Potosí,,Rural,https://postali.app/mx/san-luis-potosi/ciudad-valles/la-urbina
79254,Prodigio,Ranchería,Ciudad Valles,San Luis Potosí,,Rural,https://postali.app/mx/san-luis-potosi/ciudad-valles/prodigio
79255,Buenos Aires,Ejido,Ciudad Valles,San Luis Potosí,,Rural,https://postali.app/mx/san-luis-potosi/ciudad-valles/buenos-aires-79255
79255,El Aquichal,Ranchería,Ciudad Valles,San Luis Potosí,,Rural,https://postali.app/mx/san-luis-potosi/ciudad-valles/el-aquichal
79255,El Carrizal,Ejido,Ciudad Valles,San Luis Potosí,,Rural,https://postali.app/mx/san-luis-potosi/ciudad-valles/el-carrizal
79255,El Chuchupe,Ejido,Ciudad Valles,San Luis Potosí,,Rural,https://postali.app/mx/san-luis-potosi/ciudad-valles/el-chuchupe
79255,El Tamarindo,Ejido,Ciudad Valles,San Luis Potosí,,Rural,https://postali.app/mx/san-luis-potosi/ciudad-valles/el-tamarindo
79255,La Pila,Ejido,Ciudad Valles,San Luis Potosí,,Rural,https://postali.app/mx/san-luis-potosi/ciudad-valles/la-pila
79255,Las Chochas,Ranchería,Ciudad Valles,San Luis Potosí,,Rural,https://postali.app/mx/san-luis-potosi/ciudad-valles/las-chochas
79255,Tierras Blancas,Ranchería,Ciudad Valles,San Luis Potosí,,Rural,https://postali.app/mx/san-luis-potosi/ciudad-valles/tierras-blancas
79256,El Atascadero,Ranchería,Ciudad Valles,San Luis Potosí,,Rural,https://postali.app/mx/san-luis-potosi/ciudad-valles/el-atascadero
79256,El Bárbol,Ranchería,Ciudad Valles,San Luis Potosí,,Rural,https://postali.app/mx/san-luis-potosi/ciudad-valles/el-barbol
79256,El Chical Dos,Ranchería,Ciudad Valles,San Luis Potosí,,Rural,https://postali.app/mx/san-luis-potosi/ciudad-valles/el-chical-dos
79256,El Chical Uno,Ranchería,Ciudad Valles,San Luis Potosí,,Rural,https://postali.app/mx/san-luis-potosi/ciudad-valles/el-chical-uno
79256,El Jacubal,Ejido,Ciudad Valles,San Luis Potosí,,Rural,https://postali.app/mx/san-luis-potosi/ciudad-valles/el-jacubal
79256,El Lindero,Ranchería,Ciudad Valles,San Luis Potosí,,Rural,https://postali.app/mx/san-luis-potosi/ciudad-valles/el-lindero
79256,El Mocoque,Ranchería,Ciudad Valles,San Luis Potosí,,Rural,https://postali.app/mx/san-luis-potosi/ciudad-valles/el-mocoque
79256,La Antigua,Ranchería,Ciudad Valles,San Luis Potosí,,Rural,https://postali.app/mx/san-luis-potosi/ciudad-valles/la-antigua
79256,La Lima,Ejido,Ciudad Valles,San Luis Potosí,,Rural,https://postali.app/mx/san-luis-potosi/ciudad-valles/la-lima
79256,La Palma,Colonia,Ciudad Valles,San Luis Potosí,,Rural,https://postali.app/mx/san-luis-potosi/ciudad-valles/la-palma
79256,Rancho Nuevo,Ejido,Ciudad Valles,San Luis Potosí,,Rural,https://postali.app/mx/san-luis-potosi/ciudad-valles/rancho-nuevo-79256
79257,El Maguey,Ejido,Ciudad Valles,San Luis Potosí,,Rural,https://postali.app/mx/san-luis-potosi/ciudad-valles/el-maguey
79257,Ojo de Agua,Ejido,Ciudad Valles,San Luis Potosí,,Rural,https://postali.app/mx/san-luis-potosi/ciudad-valles/ojo-de-agua-79257
79257,Rancho Nuevo,Ejido,Ciudad Valles,San Luis Potosí,,Rural,https://postali.app/mx/san-luis-potosi/ciudad-valles/rancho-nuevo-79257
79257,San Antonio Huichimal,Ejido,Ciudad Valles,San Luis Potosí,,Rural,https://postali.app/mx/san-luis-potosi/ciudad-valles/san-antonio-huichimal
79260,El Cuiche,Ejido,Ciudad Valles,San Luis Potosí,,Rural,https://postali.app/mx/san-luis-potosi/ciudad-valles/el-cuiche
79260,El Detalle,Ranchería,Ciudad Valles,San Luis Potosí,,Rural,https://postali.app/mx/san-luis-potosi/ciudad-valles/el-detalle
79260,El Escape,Ranchería,Ciudad Valles,San Luis Potosí,,Rural,https://postali.app/mx/san-luis-potosi/ciudad-valles/el-escape
79260,El Gritadero,Ranchería,Ciudad Valles,San Luis Potosí,,Rural,https://postali.app/mx/san-luis-potosi/ciudad-valles/el-gritadero
79260,Jabalí,Ejido,Ciudad Valles,San Luis Potosí,,Rural,https://postali.app/mx/san-luis-potosi/ciudad-valles/jabali
79260,La Camelia,Ranchería,Ciudad Valles,San Luis Potosí,,Rural,https://postali.app/mx/san-luis-potosi/ciudad-valles/la-camelia
79260,La Concepción (La Concha),Ejido,Ciudad Valles,San Luis Potosí,,Rural,https://postali.app/mx/san-luis-potosi/ciudad-valles/la-concepcion-la-concha
79260,La Toconala Uno (La Virgen),Ejido,Ciudad Valles,San Luis Potosí,,Rural,https://postali.app/mx/san-luis-potosi/ciudad-valles/la-toconala-uno-la-virgen
79260,Loma de las Conchas,Ranchería,Ciudad Valles,San Luis Potosí,,Rural,https://postali.app/mx/san-luis-potosi/ciudad-valles/loma-de-las-conchas
79260,San Felipe,Ranchería,Ciudad Valles,San Luis Potosí,,Rural,https://postali.app/mx/san-luis-potosi/ciudad-valles/san-felipe
79260,Tamunal,Ranchería,Ciudad Valles,San Luis Potosí,,Rural,https://postali.app/mx/san-luis-potosi/ciudad-valles/tamunal
79260,Villa Fierro,Rancho,Ciudad Valles,San Luis Potosí,,Rural,https://postali.app/mx/san-luis-potosi/ciudad-valles/villa-fierro
79260,Villa María,Ranchería,Ciudad Valles,San Luis Potosí,,Rural,https://postali.app/mx/san-luis-potosi/ciudad-valles/villa-maria
79260,Álvaro Obregón (El Pujal),Ranchería,Ciudad Valles,San Luis Potosí,,Rural,https://postali.app/mx/san-luis-potosi/ciudad-valles/alvaro-obregon-el-pujal
79263,Adolfo López Mateos,Ranchería,Ciudad Valles,San Luis Potosí,,Rural,https://postali.app/mx/san-luis-potosi/ciudad-valles/adolfo-lopez-mateos
79263,Catán,Ranchería,Ciudad Valles,San Luis Potosí,,Rural,https://postali.app/mx/san-luis-potosi/ciudad-valles/catan
79263,Cien Fuegos,Ranchería,Ciudad Valles,San Luis Potosí,,Rural,https://postali.app/mx/san-luis-potosi/ciudad-valles/cien-fuegos
79263,Ojo de Agua,Ejido,Ciudad Valles,San Luis Potosí,,Rural,https://postali.app/mx/san-luis-potosi/ciudad-valles/ojo-de-agua-79263
79263,Rancho Viejo,Ranchería,Ciudad Valles,San Luis Potosí,,Rural,https://postali.app/mx/san-luis-potosi/ciudad-valles/rancho-viejo
79263,Salcedo,Ejido,Ciudad Valles,San Luis Potosí,,Rural,https://postali.app/mx/san-luis-potosi/ciudad-valles/salcedo
79264,El Desengaño,Ejido,Ciudad Valles,San Luis Potosí,,Rural,https://postali.app/mx/san-luis-potosi/ciudad-valles/el-desengano
79264,El Lobo,Ejido,Ciudad Valles,San Luis Potosí,,Rural,https://postali.app/mx/san-luis-potosi/ciudad-valles/el-lobo
79264,Fracción el Turu,Ranchería,Ciudad Valles,San Luis Potosí,,Rural,https://postali.app/mx/san-luis-potosi/ciudad-valles/fraccion-el-turu
79264,Las Moritas,Ranchería,Ciudad Valles,San Luis Potosí,,Rural,https://postali.app/mx/san-luis-potosi/ciudad-valles/las-moritas
79264,Loma del Desengaño (Ejido el Desengaño Dos),Ejido,Ciudad Valles,San Luis Potosí,,Rural,https://postali.app/mx/san-luis-potosi/ciudad-valles/loma-del-desengano-ejido-el-desengano-dos
79264,Los Humos,Ranchería,Ciudad Valles,San Luis Potosí,,Rural,https://postali.app/mx/san-luis-potosi/ciudad-valles/los-humos
79265,Antiguo Tambolón,Ejido,Ciudad Valles,San Luis Potosí,,Rural,https://postali.app/mx/san-luis-potosi/ciudad-valles/antiguo-tambolon
79265,Crucero de Tantóbal,Ejido,Ciudad Valles,San Luis Potosí,,Rural,https://postali.app/mx/san-luis-potosi/ciudad-valles/crucero-de-tantobal
79265,El Jopoy,Ranchería,Ciudad Valles,San Luis Potosí,,Rural,https://postali.app/mx/san-luis-potosi/ciudad-valles/el-jopoy
79265,El Refugio,Ranchería,Ciudad Valles,San Luis Potosí,,Rural,https://postali.app/mx/san-luis-potosi/ciudad-valles/el-refugio
79265,Emiliano Zapata,Ranchería,Ciudad Valles,San Luis Potosí,,Rural,https://postali.app/mx/san-luis-potosi/ciudad-valles/emiliano-zapata-79265
79265,Entrada a Tamalte,Ranchería,Ciudad Valles,San Luis Potosí,,Rural,https://postali.app/mx/san-luis-potosi/ciudad-valles/entrada-a-tamalte
79265,La Marina,Ranchería,Ciudad Valles,San Luis Potosí,,Rural,https://postali.app/mx/san-luis-potosi/ciudad-valles/la-marina
79265,La Marina (Ejido Colectivo),Ejido,Ciudad Valles,San Luis Potosí,,Rural,https://postali.app/mx/san-luis-potosi/ciudad-valles/la-marina-ejido-colectivo
79265,Nuevo Tambolón,Ejido,Ciudad Valles,San Luis Potosí,,Rural,https://postali.app/mx/san-luis-potosi/ciudad-valles/nuevo-tambolon
79265,Sacrificio (Nuevo Santiaguillo),Ejido,Ciudad Valles,San Luis Potosí,,Rural,https://postali.app/mx/san-luis-potosi/ciudad-valles/sacrificio-nuevo-santiaguillo
79265,Santiaguillo,Ranchería,Ciudad Valles,San Luis Potosí,,Rural,https://postali.app/mx/san-luis-potosi/ciudad-valles/santiaguillo
79265,Tantóbal,Ejido,Ciudad Valles,San Luis Potosí,,Rural,https://postali.app/mx/san-luis-potosi/ciudad-valles/tantobal
79266,El Capulín (Río Escondido),Ranchería,Ciudad Valles,San Luis Potosí,,Rural,https://postali.app/mx/san-luis-potosi/ciudad-valles/el-capulin-rio-escondido
79266,El Chico,Ranchería,Ciudad Valles,San Luis Potosí,,Rural,https://postali.app/mx/san-luis-potosi/ciudad-valles/el-chico
79266,Loma del Mirador,Ranchería,Ciudad Valles,San Luis Potosí,,Rural,https://postali.app/mx/san-luis-potosi/ciudad-valles/loma-del-mirador
79266,San Juan,Ranchería,Ciudad Valles,San Luis Potosí,,Rural,https://postali.app/mx/san-luis-potosi/ciudad-valles/san-juan
79266,San Rafael,Ranchería,Ciudad Valles,San Luis Potosí,,Rural,https://postali.app/mx/san-luis-potosi/ciudad-valles/san-rafael-79266
79266,Tantizohuiche,Ejido,Ciudad Valles,San Luis Potosí,,Rural,https://postali.app/mx/san-luis-potosi/ciudad-valles/tantizohuiche
79267,Campo del Capulín,Ejido,Ciudad Valles,San Luis Potosí,,Rural,https://postali.app/mx/san-luis-potosi/ciudad-valles/campo-del-capulin
79267,Chipico,Ranchería,Ciudad Valles,San Luis Potosí,,Rural,https://postali.app/mx/san-luis-potosi/ciudad-valles/chipico
79267,El Barranco (El Rosario),Ranchería,Ciudad Valles,San Luis Potosí,,Rural,https://postali.app/mx/san-luis-potosi/ciudad-valles/el-barranco-el-rosario
79267,El Cinco,Ranchería,Ciudad Valles,San Luis Potosí,,Rural,https://postali.app/mx/san-luis-potosi/ciudad-valles/el-cinco
79267,El Sidral (San Miguel el Sidral),Ejido,Ciudad Valles,San Luis Potosí,,Rural,https://postali.app/mx/san-luis-potosi/ciudad-valles/el-sidral-san-miguel-el-sidral
79267,La Lomita,Ranchería,Ciudad Valles,San Luis Potosí,,Rural,https://postali.app/mx/san-luis-potosi/ciudad-valles/la-lomita
79267,Loma del Barranco,Ranchería,Ciudad Valles,San Luis Potosí,,Rural,https://postali.app/mx/san-luis-potosi/ciudad-valles/loma-del-barranco
79267,Rancho San Carlos,Ejido,Ciudad Valles,San Luis Potosí,,Rural,https://postali.app/mx/san-luis-potosi/ciudad-valles/rancho-san-carlos
79267,San Miguel,Ejido,Ciudad Valles,San Luis Potosí,,Rural,https://postali.app/mx/san-luis-potosi/ciudad-valles/san-miguel
79270,El Nacimiento,Ranchería,Ciudad Valles,San Luis Potosí,,Rural,https://postali.app/mx/san-luis-potosi/ciudad-valles/el-nacimiento
79270,El Siete,Ranchería,Ciudad Valles,San Luis Potosí,,Rural,https://postali.app/mx/san-luis-potosi/ciudad-valles/el-siete
79270,Jacinto López,Ranchería,Ciudad Valles,San Luis Potosí,,Rural,https://postali.app/mx/san-luis-potosi/ciudad-valles/jacinto-lopez
79270,La Bolsa,Ranchería,Ciudad Valles,San Luis Potosí,,Rural,https://postali.app/mx/san-luis-potosi/ciudad-valles/la-bolsa
79270,La Calera,Ejido,Ciudad Valles,San Luis Potosí,,Rural,https://postali.app/mx/san-luis-potosi/ciudad-valles/la-calera
79270,La Raya,Ejido,Ciudad Valles,San Luis Potosí,,Rural,https://postali.app/mx/san-luis-potosi/ciudad-valles/la-raya
79270,San Felipe,Ejido,Ciudad Valles,San Luis Potosí,,Rural,https://postali.app/mx/san-luis-potosi/ciudad-valles/san-felipe-79270
79270,Álvaro Obregón,Ejido,Ciudad Valles,San Luis Potosí,,Rural,https://postali.app/mx/san-luis-potosi/ciudad-valles/alvaro-obregon
79273,El Abra (San Felipe),Ejido,Ciudad Valles,San Luis Potosí,,Rural,https://postali.app/mx/san-luis-potosi/ciudad-valles/el-abra-san-felipe
79273,El Cañón del Taninul (El Abra),Ejido,Ciudad Valles,San Luis Potosí,,Rural,https://postali.app/mx/san-luis-potosi/ciudad-valles/el-canon-del-taninul-el-abra
79273,Eligio Quintanilla,Colonia,Ciudad Valles,San Luis Potosí,,Rural,https://postali.app/mx/san-luis-potosi/ciudad-valles/eligio-quintanilla
79273,Granjas Uno,Fraccionamiento,Ciudad Valles,San Luis Potosí,,Rural,https://postali.app/mx/san-luis-potosi/ciudad-valles/granjas-uno
79273,Las Granjas,Fraccionamiento,Ciudad Valles,San Luis Potosí,,Rural,https://postali.app/mx/san-luis-potosi/ciudad-valles/las-granjas
79273,León García,Ejido,Ciudad Valles,San Luis Potosí,,Rural,https://postali.app/mx/san-luis-potosi/ciudad-valles/leon-garcia
79273,Montecillos,Ranchería,Ciudad Valles,San Luis Potosí,,Rural,https://postali.app/mx/san-luis-potosi/ciudad-valles/montecillos
79273,Montecillos (La Curva),Ejido,Ciudad Valles,San Luis Potosí,,Rural,https://postali.app/mx/san-luis-potosi/ciudad-valles/montecillos-la-curva
79274,La Aguaje,Ejido,Ciudad Valles,San Luis Potosí,,Rural,https://postali.app/mx/san-luis-potosi/ciudad-valles/la-aguaje
79274,Los Sabinos Número Dos,Ranchería,Ciudad Valles,San Luis Potosí,,Rural,https://postali.app/mx/san-luis-potosi/ciudad-valles/los-sabinos-numero-dos
79274,Tampaspaque (Cruz de Aquiche),Ejido,Ciudad Valles,San Luis Potosí,,Rural,https://postali.app/mx/san-luis-potosi/ciudad-valles/tampaspaque-cruz-de-aquiche
79275,El Chubasco,Ranchería,Ciudad Valles,San Luis Potosí,,Rural,https://postali.app/mx/san-luis-potosi/ciudad-valles/el-chubasco
79275,Gustavo Garmendia (La Unión),Ranchería,Ciudad Valles,San Luis Potosí,,Rural,https://postali.app/mx/san-luis-potosi/ciudad-valles/gustavo-garmendia-la-union
79275,Lino Lárraga (La Unión),Ranchería,Ciudad Valles,San Luis Potosí,,Rural,https://postali.app/mx/san-luis-potosi/ciudad-valles/lino-larraga-la-union
79276,El Rodeo,Ranchería,Ciudad Valles,San Luis Potosí,,Rural,https://postali.app/mx/san-luis-potosi/ciudad-valles/el-rodeo
79276,La Aurora,Ranchería,Ciudad Valles,San Luis Potosí,,Rural,https://postali.app/mx/san-luis-potosi/ciudad-valles/la-aurora
79277,Juan González,Colonia,Ciudad Valles,San Luis Potosí,,Rural,https://postali.app/mx/san-luis-potosi/ciudad-valles/juan-gonzalez
79277,Los Jovitos,Ejido,Ciudad Valles,San Luis Potosí,,Rural,https://postali.app/mx/san-luis-potosi/ciudad-valles/los-jovitos
79277,Luis Donaldo Colosio,Colonia,Ciudad Valles,San Luis Potosí,,Rural,https://postali.app/mx/san-luis-potosi/ciudad-valles/luis-donaldo-colosio
79277,Mano Amiga,Colonia,Ciudad Valles,San Luis Potosí,,Rural,https://postali.app/mx/san-luis-potosi/ciudad-valles/mano-amiga
79277,Tanzacalte,Ejido,Ciudad Valles,San Luis Potosí,,Rural,https://postali.app/mx/san-luis-potosi/ciudad-valles/tanzacalte
79277,Troncones y la Corriente,Colonia,Ciudad Valles,San Luis Potosí,,Rural,https://postali.app/mx/san-luis-potosi/ciudad-valles/troncones-y-la-corriente
79280,La Estribera,Ejido,Ciudad Valles,San Luis Potosí,,Rural,https://postali.app/mx/san-luis-potosi/ciudad-valles/la-estribera
79280,La Lagunita,Ranchería,Ciudad Valles,San Luis Potosí,,Rural,https://postali.app/mx/san-luis-potosi/ciudad-valles/la-lagunita-79280
79280,La Lagunita Dos,Ranchería,Ciudad Valles,San Luis Potosí,,Rural,https://postali.app/mx/san-luis-potosi/ciudad-valles/la-lagunita-dos
79280,La Milpa,Ranchería,Ciudad Valles,San Luis Potosí,,Rural,https://postali.app/mx/san-luis-potosi/ciudad-valles/la-milpa
79280,La Perla,Ranchería,Ciudad Valles,San Luis Potosí,,Rural,https://postali.app/mx/san-luis-potosi/ciudad-valles/la-perla
79280,Rancho Casas Viejas,Ejido,Ciudad Valles,San Luis Potosí,,Rural,https://postali.app/mx/san-luis-potosi/ciudad-valles/rancho-casas-viejas
79280,Tanlecue (El Olivo),Ejido,Ciudad Valles,San Luis Potosí,,Rural,https://postali.app/mx/san-luis-potosi/ciudad-valles/tanlecue-el-olivo
79283,El Otate,Ranchería,Ciudad Valles,San Luis Potosí,,Rural,https://postali.app/mx/san-luis-potosi/ciudad-valles/el-otate
79283,Ignacio Zaragoza,Colonia,Ciudad Valles,San Luis Potosí,,Rural,https://postali.app/mx/san-luis-potosi/ciudad-valles/ignacio-zaragoza
79284,Granja Isabel,Ranchería,Ciudad Valles,San Luis Potosí,,Rural,https://postali.app/mx/san-luis-potosi/ciudad-valles/granja-isabel
79285,Laguna del Mante,Pueblo,Ciudad Valles,San Luis Potosí,,Rural,https://postali.app/mx/san-luis-potosi/ciudad-valles/laguna-del-mante
79285,San Ricardito,Ranchería,Ciudad Valles,San Luis Potosí,,Rural,https://postali.app/mx/san-luis-potosi/ciudad-valles/san-ricardito
79286,Las Yeguas,Ranchería,Ciudad Valles,San Luis Potosí,,Rural,https://postali.app/mx/san-luis-potosi/ciudad-valles/las-yeguas
79287,Buena Vista,Ejido,Ciudad Valles,San Luis Potosí,,Rural,https://postali.app/mx/san-luis-potosi/ciudad-valles/buena-vista
79287,Sabino del Obispo,Ranchería,Ciudad Valles,San Luis Potosí,,Rural,https://postali.app/mx/san-luis-potosi/ciudad-valles/sabino-del-obispo
79290,Antigua Reforma,Ranchería,Ebano,San Luis Potosí,,Rural,https://postali.app/mx/san-luis-potosi/ebano/antigua-reforma
79290,Plan de Iguala,Ejido,Ebano,San Luis Potosí,,Rural,https://postali.app/mx/san-luis-potosi/ebano/plan-de-iguala
79290,Reforma el Alto,Ejido,Ebano,San Luis Potosí,,Rural,https://postali.app/mx/san-luis-potosi/ebano/reforma-el-alto
79290,Vichinchijol Nuevo,Pueblo,Ebano,San Luis Potosí,,Rural,https://postali.app/mx/san-luis-potosi/ebano/vichinchijol-nuevo
79292,Aurelio Manrique,Ejido,Ebano,San Luis Potosí,,Rural,https://postali.app/mx/san-luis-potosi/ebano/aurelio-manrique
79292,Emiliano Zapata,Colonia,Ebano,San Luis Potosí,,Urbano,https://postali.app/mx/san-luis-potosi/ebano/emiliano-zapata
79292,Ponciano Arriaga,Pueblo,Ebano,San Luis Potosí,,Urbano,https://postali.app/mx/san-luis-potosi/ebano/ponciano-arriaga
79293,Ampliación Velazco,Ejido,Ebano,San Luis Potosí,,Rural,https://postali.app/mx/san-luis-potosi/ebano/ampliacion-velazco
79293,Estación Auza,Paraje,Ebano,San Luis Potosí,,Rural,https://postali.app/mx/san-luis-potosi/ebano/estacion-auza
79293,Pujal Coy,Pueblo,Ebano,San Luis Potosí,,Urbano,https://postali.app/mx/san-luis-potosi/ebano/pujal-coy
79293,Reforma Agraria,Ejido,Ebano,San Luis Potosí,,Rural,https://postali.app/mx/san-luis-potosi/ebano/reforma-agraria
79294,Estación Velazco,Paraje,Ebano,San Luis Potosí,,Rural,https://postali.app/mx/san-luis-potosi/ebano/estacion-velazco
79296,Ajinche Marland,Ranchería,Ebano,San Luis Potosí,,Rural,https://postali.app/mx/san-luis-potosi/ebano/ajinche-marland
79296,Granero del Tamesí,Rancho,Ebano,San Luis Potosí,,Rural,https://postali.app/mx/san-luis-potosi/ebano/granero-del-tamesi
79297,Julián Carrillo,Ejido,Ebano,San Luis Potosí,,Rural,https://postali.app/mx/san-luis-potosi/ebano/julian-carrillo
79300,El Naranjo Centro,Colonia,El Naranjo,San Luis Potosí,El Naranjo,Urbano,https://postali.app/mx/san-luis-potosi/el-naranjo/el-naranjo-centro
79303,Habitacional,Colonia,El Naranjo,San Luis Potosí,El Naranjo,Urbano,https://postali.app/mx/san-luis-potosi/el-naranjo/habitacional
79303,La Esperanza Norte,Colonia,El Naranjo,San Luis Potosí,El Naranjo,Urbano,https://postali.app/mx/san-luis-potosi/el-naranjo/la-esperanza-norte
79303,La Esperanza Sur,Colonia,El Naranjo,San Luis Potosí,El Naranjo,Urbano,https://postali.app/mx/san-luis-potosi/el-naranjo/la-esperanza-sur
79303,La Presa,Colonia,El Naranjo,San Luis Potosí,El Naranjo,Urbano,https://postali.app/mx/san-luis-potosi/el-naranjo/la-presa
79304,El Pedregal,Colonia,El Naranjo,San Luis Potosí,El Naranjo,Urbano,https://postali.app/mx/san-luis-potosi/el-naranjo/el-pedregal
79304,INFONAVIT Azucareros,Fraccionamiento,El Naranjo,San Luis Potosí,El Naranjo,Urbano,https://postali.app/mx/san-luis-potosi/el-naranjo/infonavit-azucareros
79304,Obrera,Colonia,El Naranjo,San Luis Potosí,El Naranjo,Urbano,https://postali.app/mx/san-luis-potosi/el-naranjo/obrera
79305,Arboleda,Colonia,El Naranjo,San Luis Potosí,El Naranjo,Urbano,https://postali.app/mx/san-luis-potosi/el-naranjo/arboleda
79305,La Bahía,Fraccionamiento,El Naranjo,San Luis Potosí,El Naranjo,Urbano,https://postali.app/mx/san-luis-potosi/el-naranjo/la-bahia
79305,La Cruz,Colonia,El Naranjo,San Luis Potosí,El Naranjo,Urbano,https://postali.app/mx/san-luis-potosi/el-naranjo/la-cruz
79305,La Encantada,Colonia,El Naranjo,San Luis Potosí,El Naranjo,Urbano,https://postali.app/mx/san-luis-potosi/el-naranjo/la-encantada
79305,Las Margaritas,Fraccionamiento,El Naranjo,San Luis Potosí,El Naranjo,Urbano,https://postali.app/mx/san-luis-potosi/el-naranjo/las-margaritas
79306,Carlos Jonguitud Barrios,Fraccionamiento,El Naranjo,San Luis Potosí,El Naranjo,Urbano,https://postali.app/mx/san-luis-potosi/el-naranjo/carlos-jonguitud-barrios
79306,El Naranjito,Colonia,El Naranjo,San Luis Potosí,El Naranjo,Urbano,https://postali.app/mx/san-luis-potosi/el-naranjo/el-naranjito
79306,La Huerta,Colonia,El Naranjo,San Luis Potosí,El Naranjo,Urbano,https://postali.app/mx/san-luis-potosi/el-naranjo/la-huerta
79306,Las Brisas,Colonia,El Naranjo,San Luis Potosí,El Naranjo,Urbano,https://postali.app/mx/san-luis-potosi/el-naranjo/las-brisas
79306,San Francisco,Colonia,El Naranjo,San Luis Potosí,El Naranjo,Urbano,https://postali.app/mx/san-luis-potosi/el-naranjo/san-francisco
79306,San José,Colonia,El Naranjo,San Luis Potosí,El Naranjo,Urbano,https://postali.app/mx/san-luis-potosi/el-naranjo/san-jose
79307,El Sabinito Plan del Naranjo,Colonia,El Naranjo,San Luis Potosí,El Naranjo,Urbano,https://postali.app/mx/san-luis-potosi/el-naranjo/el-sabinito-plan-del-naranjo
79313,Cruz Montoya Hernández,Rancho,El Naranjo,San Luis Potosí,,Rural,https://postali.app/mx/san-luis-potosi/el-naranjo/cruz-montoya-hernandez
79313,El Abrevadero,Ejido,El Naranjo,San Luis Potosí,,Rural,https://postali.app/mx/san-luis-potosi/el-naranjo/el-abrevadero
79313,El Garabato,Ejido,El Naranjo,San Luis Potosí,,Rural,https://postali.app/mx/san-luis-potosi/el-naranjo/el-garabato
79313,El Limonal,Ejido,El Naranjo,San Luis Potosí,,Rural,https://postali.app/mx/san-luis-potosi/el-naranjo/el-limonal
79313,La Mequihuana,Rancho,El Naranjo,San Luis Potosí,,Rural,https://postali.app/mx/san-luis-potosi/el-naranjo/la-mequihuana
79313,La Mesa de Guadalupe,Rancho,El Naranjo,San Luis Potosí,,Rural,https://postali.app/mx/san-luis-potosi/el-naranjo/la-mesa-de-guadalupe
79313,La Sierrita,Ranchería,El Naranjo,San Luis Potosí,,Rural,https://postali.app/mx/san-luis-potosi/el-naranjo/la-sierrita
79313,La Toma,Rancho,El Naranjo,San Luis Potosí,,Rural,https://postali.app/mx/san-luis-potosi/el-naranjo/la-toma
79313,Los Álamos de Abajo,Ejido,El Naranjo,San Luis Potosí,,Rural,https://postali.app/mx/san-luis-potosi/el-naranjo/los-alamos-de-abajo
79313,Los Álamos de Arriba,Ranchería,El Naranjo,San Luis Potosí,,Rural,https://postali.app/mx/san-luis-potosi/el-naranjo/los-alamos-de-arriba
79313,Ojo de Agua de Tierra Nueva,Ranchería,El Naranjo,San Luis Potosí,,Rural,https://postali.app/mx/san-luis-potosi/el-naranjo/ojo-de-agua-de-tierra-nueva
79314,Camilo Arriaga [Central Hidroeléctrica],Equipamiento,El Naranjo,San Luis Potosí,,Rural,https://postali.app/mx/san-luis-potosi/el-naranjo/camilo-arriaga-central-hidroelectrica
79314,Campamento SCT,Equipamiento,El Naranjo,San Luis Potosí,,Rural,https://postali.app/mx/san-luis-potosi/el-naranjo/campamento-sct
79314,El Bule,Ejido,El Naranjo,San Luis Potosí,,Rural,https://postali.app/mx/san-luis-potosi/el-naranjo/el-bule
79314,El Colorado,Ejido,El Naranjo,San Luis Potosí,,Rural,https://postali.app/mx/san-luis-potosi/el-naranjo/el-colorado
79314,El Guamúchil,Ejido,El Naranjo,San Luis Potosí,,Rural,https://postali.app/mx/san-luis-potosi/el-naranjo/el-guamuchil
79314,El Meco,Colonia,El Naranjo,San Luis Potosí,,Rural,https://postali.app/mx/san-luis-potosi/el-naranjo/el-meco
79314,El Mirador,Ejido,El Naranjo,San Luis Potosí,,Rural,https://postali.app/mx/san-luis-potosi/el-naranjo/el-mirador
79314,El Pedregal,Ejido,El Naranjo,San Luis Potosí,,Rural,https://postali.app/mx/san-luis-potosi/el-naranjo/el-pedregal-79314
79314,El Puerto,Ejido,El Naranjo,San Luis Potosí,,Rural,https://postali.app/mx/san-luis-potosi/el-naranjo/el-puerto
79314,La Cabaña,Granja,El Naranjo,San Luis Potosí,,Rural,https://postali.app/mx/san-luis-potosi/el-naranjo/la-cabana
79314,La Ceiba,Rancho,El Naranjo,San Luis Potosí,,Rural,https://postali.app/mx/san-luis-potosi/el-naranjo/la-ceiba
79314,La Colmena,Rancho,El Naranjo,San Luis Potosí,,Rural,https://postali.app/mx/san-luis-potosi/el-naranjo/la-colmena
79314,La Joya,Ranchería,El Naranjo,San Luis Potosí,,Rural,https://postali.app/mx/san-luis-potosi/el-naranjo/la-joya
79314,La Laguna (Óscar Raúl Cano),Rancho,El Naranjo,San Luis Potosí,,Rural,https://postali.app/mx/san-luis-potosi/el-naranjo/la-laguna-oscar-raul-cano
79314,La Nigua,Rancho,El Naranjo,San Luis Potosí,,Rural,https://postali.app/mx/san-luis-potosi/el-naranjo/la-nigua
79314,La Rodada,Rancho,El Naranjo,San Luis Potosí,,Rural,https://postali.app/mx/san-luis-potosi/el-naranjo/la-rodada
79314,La Soledad,Ranchería,El Naranjo,San Luis Potosí,,Rural,https://postali.app/mx/san-luis-potosi/el-naranjo/la-soledad
79314,Las Granjas,Colonia,El Naranjo,San Luis Potosí,,Rural,https://postali.app/mx/san-luis-potosi/el-naranjo/las-granjas
79314,Los Corrales,Rancho,El Naranjo,San Luis Potosí,,Rural,https://postali.app/mx/san-luis-potosi/el-naranjo/los-corrales
79314,Lázaro Cárdenas,Rancho,El Naranjo,San Luis Potosí,,Rural,https://postali.app/mx/san-luis-potosi/el-naranjo/lazaro-cardenas
79314,Ojo de Agua de Ramón,Ranchería,El Naranjo,San Luis Potosí,,Rural,https://postali.app/mx/san-luis-potosi/el-naranjo/ojo-de-agua-de-ramon
79314,Potrero el Sabinal,Rancho,El Naranjo,San Luis Potosí,,Rural,https://postali.app/mx/san-luis-potosi/el-naranjo/potrero-el-sabinal
79314,Rancho el Colorado,Ranchería,El Naranjo,San Luis Potosí,,Rural,https://postali.app/mx/san-luis-potosi/el-naranjo/rancho-el-colorado
79314,Rancho la Cascada,Ranchería,El Naranjo,San Luis Potosí,,Rural,https://postali.app/mx/san-luis-potosi/el-naranjo/rancho-la-cascada
79314,Rancho la Montaña (La Gonzalera),Ranchería,El Naranjo,San Luis Potosí,,Rural,https://postali.app/mx/san-luis-potosi/el-naranjo/rancho-la-montana-la-gonzalera
79314,Rancho la Paloma,Ranchería,El Naranjo,San Luis Potosí,,Rural,https://postali.app/mx/san-luis-potosi/el-naranjo/rancho-la-paloma
79314,Rancho los Cuates,Ranchería,El Naranjo,San Luis Potosí,,Rural,https://postali.app/mx/san-luis-potosi/el-naranjo/rancho-los-cuates
79314,Rancho San Francisco,Ranchería,El Naranjo,San Luis Potosí,,Rural,https://postali.app/mx/san-luis-potosi/el-naranjo/rancho-san-francisco
79314,Río Escondido (La Caja),Rancho,El Naranjo,San Luis Potosí,,Rural,https://postali.app/mx/san-luis-potosi/el-naranjo/rio-escondido-la-caja
79314,Salto del Agua,Colonia,El Naranjo,San Luis Potosí,,Rural,https://postali.app/mx/san-luis-potosi/el-naranjo/salto-del-agua
79314,San Nicolás,Ranchería,El Naranjo,San Luis Potosí,,Rural,https://postali.app/mx/san-luis-potosi/el-naranjo/san-nicolas
79314,Santa Laura,Rancho,El Naranjo,San Luis Potosí,,Rural,https://postali.app/mx/san-luis-potosi/el-naranjo/santa-laura
79315,Chupaderos,Ranchería,El Naranjo,San Luis Potosí,,Rural,https://postali.app/mx/san-luis-potosi/el-naranjo/chupaderos
79315,El Aguacate,Ejido,El Naranjo,San Luis Potosí,,Rural,https://postali.app/mx/san-luis-potosi/el-naranjo/el-aguacate
79315,El Chote,Ejido,El Naranjo,San Luis Potosí,,Rural,https://postali.app/mx/san-luis-potosi/el-naranjo/el-chote
79315,El Naranjito,Ejido,El Naranjo,San Luis Potosí,,Rural,https://postali.app/mx/san-luis-potosi/el-naranjo/el-naranjito-79315
79315,El Platanito,Ejido,El Naranjo,San Luis Potosí,,Rural,https://postali.app/mx/san-luis-potosi/el-naranjo/el-platanito
79315,El Sabinito,Ejido,El Naranjo,San Luis Potosí,,Rural,https://postali.app/mx/san-luis-potosi/el-naranjo/el-sabinito
79315,El Tanque,Ejido,El Naranjo,San Luis Potosí,,Rural,https://postali.app/mx/san-luis-potosi/el-naranjo/el-tanque
79315,La Concepción,Ejido,El Naranjo,San Luis Potosí,,Rural,https://postali.app/mx/san-luis-potosi/el-naranjo/la-concepcion
79315,La Loma (Ejido los Álamos),Rancho,El Naranjo,San Luis Potosí,,Rural,https://postali.app/mx/san-luis-potosi/el-naranjo/la-loma-ejido-los-alamos
79315,La Yerbabuena del Norte,Rancho,El Naranjo,San Luis Potosí,,Rural,https://postali.app/mx/san-luis-potosi/el-naranjo/la-yerbabuena-del-norte
79315,La Yerbabuena del Oriente,Rancho,El Naranjo,San Luis Potosí,,Rural,https://postali.app/mx/san-luis-potosi/el-naranjo/la-yerbabuena-del-oriente
79315,Las Abritas,Ejido,El Naranjo,San Luis Potosí,,Rural,https://postali.app/mx/san-luis-potosi/el-naranjo/las-abritas
79315,Los Álamos,Ejido,El Naranjo,San Luis Potosí,,Rural,https://postali.app/mx/san-luis-potosi/el-naranjo/los-alamos
79315,Maguey de Oriente,Ranchería,El Naranjo,San Luis Potosí,,Rural,https://postali.app/mx/san-luis-potosi/el-naranjo/maguey-de-oriente
79315,Rincón de Álamos,Ranchería,El Naranjo,San Luis Potosí,,Rural,https://postali.app/mx/san-luis-potosi/el-naranjo/rincon-de-alamos
79316,Benito Juárez su Anexo el Potosino,Rancho,El Naranjo,San Luis Potosí,,Rural,https://postali.app/mx/san-luis-potosi/el-naranjo/benito-juarez-su-anexo-el-potosino
79316,Casa Blanca (El Banco),Rancho,El Naranjo,San Luis Potosí,,Rural,https://postali.app/mx/san-luis-potosi/el-naranjo/casa-blanca-el-banco
79316,El Edén (Villa Rosita),Ejido,El Naranjo,San Luis Potosí,,Rural,https://postali.app/mx/san-luis-potosi/el-naranjo/el-eden-villa-rosita
79316,El Estribo,Ejido,El Naranjo,San Luis Potosí,,Rural,https://postali.app/mx/san-luis-potosi/el-naranjo/el-estribo
79316,El Ojital,Ejido,El Naranjo,San Luis Potosí,,Rural,https://postali.app/mx/san-luis-potosi/el-naranjo/el-ojital
79316,El Rincón de las Bombas (Nicolás Ortiz),Ejido,El Naranjo,San Luis Potosí,,Rural,https://postali.app/mx/san-luis-potosi/el-naranjo/el-rincon-de-las-bombas-nicolas-ortiz
79316,Gregorio de la Rosa,Rancho,El Naranjo,San Luis Potosí,,Rural,https://postali.app/mx/san-luis-potosi/el-naranjo/gregorio-de-la-rosa
79316,Kilómetro Cuarenta y Dos,Ejido,El Naranjo,San Luis Potosí,,Rural,https://postali.app/mx/san-luis-potosi/el-naranjo/kilometro-cuarenta-y-dos
79316,La Balsa,Rancho,El Naranjo,San Luis Potosí,,Rural,https://postali.app/mx/san-luis-potosi/el-naranjo/la-balsa
79316,La Ceiba,Rancho,El Naranjo,San Luis Potosí,,Rural,https://postali.app/mx/san-luis-potosi/el-naranjo/la-ceiba-79316
79316,La Germinal,Ranchería,El Naranjo,San Luis Potosí,,Rural,https://postali.app/mx/san-luis-potosi/el-naranjo/la-germinal
79316,La Mutua,Ranchería,El Naranjo,San Luis Potosí,,Rural,https://postali.app/mx/san-luis-potosi/el-naranjo/la-mutua
79316,La Mutua,Ejido,El Naranjo,San Luis Potosí,,Rural,https://postali.app/mx/san-luis-potosi/el-naranjo/la-mutua-79316
79316,La Piedra,Ejido,El Naranjo,San Luis Potosí,,Rural,https://postali.app/mx/san-luis-potosi/el-naranjo/la-piedra
79316,La Victoria,Ranchería,El Naranjo,San Luis Potosí,,Rural,https://postali.app/mx/san-luis-potosi/el-naranjo/la-victoria
79316,Loma Alta,Rancho,El Naranjo,San Luis Potosí,,Rural,https://postali.app/mx/san-luis-potosi/el-naranjo/loma-alta
79316,Minas Viejas,Ejido,El Naranjo,San Luis Potosí,,Rural,https://postali.app/mx/san-luis-potosi/el-naranjo/minas-viejas
79316,Rancho el Cadillo,Ranchería,El Naranjo,San Luis Potosí,,Rural,https://postali.app/mx/san-luis-potosi/el-naranjo/rancho-el-cadillo
79316,Rancho el Carmen,Ranchería,El Naranjo,San Luis Potosí,,Rural,https://postali.app/mx/san-luis-potosi/el-naranjo/rancho-el-carmen
79316,Rancho el Rosario,Ranchería,El Naranjo,San Luis Potosí,,Rural,https://postali.app/mx/san-luis-potosi/el-naranjo/rancho-el-rosario
79316,Rancho la Cuesta,Ranchería,El Naranjo,San Luis Potosí,,Rural,https://postali.app/mx/san-luis-potosi/el-naranjo/rancho-la-cuesta
79316,Santa Rita,Ejido,El Naranjo,San Luis Potosí,,Rural,https://postali.app/mx/san-luis-potosi/el-naranjo/santa-rita
79316,Villa Rosita,Rancho,El Naranjo,San Luis Potosí,,Rural,https://postali.app/mx/san-luis-potosi/el-naranjo/villa-rosita
79317,Cuicillos,Rancho,El Naranjo,San Luis Potosí,,Rural,https://postali.app/mx/san-luis-potosi/el-naranjo/cuicillos
79317,El Limoncito,Ejido,El Naranjo,San Luis Potosí,,Rural,https://postali.app/mx/san-luis-potosi/el-naranjo/el-limoncito
79317,El Molino,Ejido,El Naranjo,San Luis Potosí,,Rural,https://postali.app/mx/san-luis-potosi/el-naranjo/el-molino
79317,El Paso del Águila (Vicente Escobedo),Ejido,El Naranjo,San Luis Potosí,,Rural,https://postali.app/mx/san-luis-potosi/el-naranjo/el-paso-del-aguila-vicente-escobedo
79317,El Refugio,Ejido,El Naranjo,San Luis Potosí,,Rural,https://postali.app/mx/san-luis-potosi/el-naranjo/el-refugio
79317,La Isla,Rancho,El Naranjo,San Luis Potosí,,Rural,https://postali.app/mx/san-luis-potosi/el-naranjo/la-isla
79317,La Palma,Rancho,El Naranjo,San Luis Potosí,,Rural,https://postali.app/mx/san-luis-potosi/el-naranjo/la-palma
79317,La Presita,Rancho,El Naranjo,San Luis Potosí,,Rural,https://postali.app/mx/san-luis-potosi/el-naranjo/la-presita
79317,La Tinaja,Rancho,El Naranjo,San Luis Potosí,,Rural,https://postali.app/mx/san-luis-potosi/el-naranjo/la-tinaja
79317,Los Cedros,Rancho,El Naranjo,San Luis Potosí,,Rural,https://postali.app/mx/san-luis-potosi/el-naranjo/los-cedros
79317,Los Charcos de Oriente,Ejido,El Naranjo,San Luis Potosí,,Rural,https://postali.app/mx/san-luis-potosi/el-naranjo/los-charcos-de-oriente
79317,Maitinez,Ranchería,El Naranjo,San Luis Potosí,,Rural,https://postali.app/mx/san-luis-potosi/el-naranjo/maitinez
79317,Paso del Águila (Ismael Rojas),Rancho,El Naranjo,San Luis Potosí,,Rural,https://postali.app/mx/san-luis-potosi/el-naranjo/paso-del-aguila-ismael-rojas
79317,Peña Amarilla,Rancho,El Naranjo,San Luis Potosí,,Rural,https://postali.app/mx/san-luis-potosi/el-naranjo/pena-amarilla
79317,Rancho Buenavista,Ranchería,El Naranjo,San Luis Potosí,,Rural,https://postali.app/mx/san-luis-potosi/el-naranjo/rancho-buenavista
79317,Rancho Maitinez,Ranchería,El Naranjo,San Luis Potosí,,Rural,https://postali.app/mx/san-luis-potosi/el-naranjo/rancho-maitinez
79317,Rancho Nuevo (Florencio Ortega),Ranchería,El Naranjo,San Luis Potosí,,Rural,https://postali.app/mx/san-luis-potosi/el-naranjo/rancho-nuevo-florencio-ortega
79317,Rancho Nuevo Paso del Águila,Ranchería,El Naranjo,San Luis Potosí,,Rural,https://postali.app/mx/san-luis-potosi/el-naranjo/rancho-nuevo-paso-del-aguila
79317,San Juan del Viejo,Rancho,El Naranjo,San Luis Potosí,,Rural,https://postali.app/mx/san-luis-potosi/el-naranjo/san-juan-del-viejo
79317,San Martín,Rancho,El Naranjo,San Luis Potosí,,Rural,https://postali.app/mx/san-luis-potosi/el-naranjo/san-martin
79317,San Rafael (Ojo de Agua de la Vieja),Granja,El Naranjo,San Luis Potosí,,Rural,https://postali.app/mx/san-luis-potosi/el-naranjo/san-rafael-ojo-de-agua-de-la-vieja
79318,Chihuahuita,Rancho,El Naranjo,San Luis Potosí,,Rural,https://postali.app/mx/san-luis-potosi/el-naranjo/chihuahuita
79318,Contadero,Ranchería,El Naranjo,San Luis Potosí,,Rural,https://postali.app/mx/san-luis-potosi/el-naranjo/contadero
79318,El Ojo Frío,Ejido,El Naranjo,San Luis Potosí,,Rural,https://postali.app/mx/san-luis-potosi/el-naranjo/el-ojo-frio
79318,Francisco Aranda,Ejido,El Naranjo,San Luis Potosí,,Rural,https://postali.app/mx/san-luis-potosi/el-naranjo/francisco-aranda
79318,Los Cedros,Rancho,El Naranjo,San Luis Potosí,,Rural,https://postali.app/mx/san-luis-potosi/el-naranjo/los-cedros-79318
79318,Olla Verde,Ejido,El Naranjo,San Luis Potosí,,Rural,https://postali.app/mx/san-luis-potosi/el-naranjo/olla-verde
79318,Rancho la Esperanza,Ranchería,El Naranjo,San Luis Potosí,,Rural,https://postali.app/mx/san-luis-potosi/el-naranjo/rancho-la-esperanza
79318,Santa Cruz,Rancho,El Naranjo,San Luis Potosí,,Rural,https://postali.app/mx/san-luis-potosi/el-naranjo/santa-cruz
79320,Ciudad del Maíz Centro,Colonia,Ciudad del Maíz,San Luis Potosí,Ciudad del Maíz,Rural,https://postali.app/mx/san-luis-potosi/ciudad-del-maiz/ciudad-del-maiz-centro
79323,Arboledas,Colonia,Ciudad del Maíz,San Luis Potosí,Ciudad del Maíz,Urbano,https://postali.app/mx/san-luis-potosi/ciudad-del-maiz/arboledas
79323,El Senegal,Fraccionamiento,Ciudad del Maíz,San Luis Potosí,Ciudad del Maíz,Urbano,https://postali.app/mx/san-luis-potosi/ciudad-del-maiz/el-senegal
79323,Jacarandas,Colonia,Ciudad del Maíz,San Luis Potosí,Ciudad del Maíz,Rural,https://postali.app/mx/san-luis-potosi/ciudad-del-maiz/jacarandas
79323,La Deportiva,Colonia,Ciudad del Maíz,San Luis Potosí,Ciudad del Maíz,Urbano,https://postali.app/mx/san-luis-potosi/ciudad-del-maiz/la-deportiva
79323,Las Lomas,Colonia,Ciudad del Maíz,San Luis Potosí,Ciudad del Maíz,Urbano,https://postali.app/mx/san-luis-potosi/ciudad-del-maiz/las-lomas
79323,Las Margaritas,Colonia,Ciudad del Maíz,San Luis Potosí,Ciudad del Maíz,Urbano,https://postali.app/mx/san-luis-potosi/ciudad-del-maiz/las-margaritas
79323,Santo Niño,Colonia,Ciudad del Maíz,San Luis Potosí,Ciudad del Maíz,Urbano,https://postali.app/mx/san-luis-potosi/ciudad-del-maiz/santo-nino
79323,Valle del Maíz,Colonia,Ciudad del Maíz,San Luis Potosí,Ciudad del Maíz,Urbano,https://postali.app/mx/san-luis-potosi/ciudad-del-maiz/valle-del-maiz
79324,Buenos Aires,Colonia,Ciudad del Maíz,San Luis Potosí,Ciudad del Maíz,Urbano,https://postali.app/mx/san-luis-potosi/ciudad-del-maiz/buenos-aires
79324,Callejón,Barrio,Ciudad del Maíz,San Luis Potosí,Ciudad del Maíz,Urbano,https://postali.app/mx/san-luis-potosi/ciudad-del-maiz/callejon
79324,La Pista,Colonia,Ciudad del Maíz,San Luis Potosí,Ciudad del Maíz,Urbano,https://postali.app/mx/san-luis-potosi/ciudad-del-maiz/la-pista
79324,Las Alazanas,Colonia,Ciudad del Maíz,San Luis Potosí,Ciudad del Maíz,Urbano,https://postali.app/mx/san-luis-potosi/ciudad-del-maiz/las-alazanas
79325,Del Pueblo,Barrio,Ciudad del Maíz,San Luis Potosí,Ciudad del Maíz,Urbano,https://postali.app/mx/san-luis-potosi/ciudad-del-maiz/del-pueblo
79325,El Orégano,Barrio,Ciudad del Maíz,San Luis Potosí,Ciudad del Maíz,Urbano,https://postali.app/mx/san-luis-potosi/ciudad-del-maiz/el-oregano
79325,La Alameda,Colonia,Ciudad del Maíz,San Luis Potosí,Ciudad del Maíz,Urbano,https://postali.app/mx/san-luis-potosi/ciudad-del-maiz/la-alameda
79326,Derramaderos,Fraccionamiento,Ciudad del Maíz,San Luis Potosí,Ciudad del Maíz,Urbano,https://postali.app/mx/san-luis-potosi/ciudad-del-maiz/derramaderos
79326,Pedregal,Fraccionamiento,Ciudad del Maíz,San Luis Potosí,Ciudad del Maíz,Urbano,https://postali.app/mx/san-luis-potosi/ciudad-del-maiz/pedregal
79326,San José,Colonia,Ciudad del Maíz,San Luis Potosí,Ciudad del Maíz,Urbano,https://postali.app/mx/san-luis-potosi/ciudad-del-maiz/san-jose
79326,Villa de San José,Barrio,Ciudad del Maíz,San Luis Potosí,Ciudad del Maíz,Urbano,https://postali.app/mx/san-luis-potosi/ciudad-del-maiz/villa-de-san-jose
79327,Villa Antiguo,Fraccionamiento,Ciudad del Maíz,San Luis Potosí,Ciudad del Maíz,Urbano,https://postali.app/mx/san-luis-potosi/ciudad-del-maiz/villa-antiguo
79330,El Puerto Santa Gertrudis,Ejido,Ciudad del Maíz,San Luis Potosí,,Rural,https://postali.app/mx/san-luis-potosi/ciudad-del-maiz/el-puerto-santa-gertrudis
79330,Álvaro Obregón,Colonia,Ciudad del Maíz,San Luis Potosí,,Rural,https://postali.app/mx/san-luis-potosi/ciudad-del-maiz/alvaro-obregon
79333,Catalina Navarro Hernández,Rancho,Ciudad del Maíz,San Luis Potosí,,Rural,https://postali.app/mx/san-luis-potosi/ciudad-del-maiz/catalina-navarro-hernandez
79333,El Fuereño,Rancho,Ciudad del Maíz,San Luis Potosí,,Rural,https://postali.app/mx/san-luis-potosi/ciudad-del-maiz/el-fuereno
79333,Guadalupe García,Rancho,Ciudad del Maíz,San Luis Potosí,,Rural,https://postali.app/mx/san-luis-potosi/ciudad-del-maiz/guadalupe-garcia
79333,La Cruz Verde,Rancho,Ciudad del Maíz,San Luis Potosí,,Rural,https://postali.app/mx/san-luis-potosi/ciudad-del-maiz/la-cruz-verde
79333,Lagunillas,Colonia,Ciudad del Maíz,San Luis Potosí,,Rural,https://postali.app/mx/san-luis-potosi/ciudad-del-maiz/lagunillas
79333,Las Mesas de Don Luis,Ejido,Ciudad del Maíz,San Luis Potosí,,Rural,https://postali.app/mx/san-luis-potosi/ciudad-del-maiz/las-mesas-de-don-luis
79333,Los Charcos del Poniente,Ranchería,Ciudad del Maíz,San Luis Potosí,,Rural,https://postali.app/mx/san-luis-potosi/ciudad-del-maiz/los-charcos-del-poniente
79333,María Esther Olvera,Ejido,Ciudad del Maíz,San Luis Potosí,,Rural,https://postali.app/mx/san-luis-potosi/ciudad-del-maiz/maria-esther-olvera
79333,Rancho Dos Hermanas (La Cañada),Ranchería,Ciudad del Maíz,San Luis Potosí,,Rural,https://postali.app/mx/san-luis-potosi/ciudad-del-maiz/rancho-dos-hermanas-la-canada
79333,Rancho las Azucenas,Ranchería,Ciudad del Maíz,San Luis Potosí,,Rural,https://postali.app/mx/san-luis-potosi/ciudad-del-maiz/rancho-las-azucenas
79333,San José,Ejido,Ciudad del Maíz,San Luis Potosí,,Rural,https://postali.app/mx/san-luis-potosi/ciudad-del-maiz/san-jose-79333
79333,San José (Sotero Alvizu),Ranchería,Ciudad del Maíz,San Luis Potosí,,Rural,https://postali.app/mx/san-luis-potosi/ciudad-del-maiz/san-jose-sotero-alvizu
79334,Agua Zarca,Ranchería,Ciudad del Maíz,San Luis Potosí,,Rural,https://postali.app/mx/san-luis-potosi/ciudad-del-maiz/agua-zarca
79334,Aquiles Serdán,Ejido,Ciudad del Maíz,San Luis Potosí,,Rural,https://postali.app/mx/san-luis-potosi/ciudad-del-maiz/aquiles-serdan
79334,Barbarita,Rancho,Ciudad del Maíz,San Luis Potosí,,Rural,https://postali.app/mx/san-luis-potosi/ciudad-del-maiz/barbarita
79334,Buenavista,Rancho,Ciudad del Maíz,San Luis Potosí,,Rural,https://postali.app/mx/san-luis-potosi/ciudad-del-maiz/buenavista
79334,Carlos Diez Gutiérrez (La Italiana),Colonia,Ciudad del Maíz,San Luis Potosí,,Rural,https://postali.app/mx/san-luis-potosi/ciudad-del-maiz/carlos-diez-gutierrez-la-italiana
79334,Celestría,Rancho,Ciudad del Maíz,San Luis Potosí,,Rural,https://postali.app/mx/san-luis-potosi/ciudad-del-maiz/celestria
79334,El Porvenir,Ejido,Ciudad del Maíz,San Luis Potosí,,Rural,https://postali.app/mx/san-luis-potosi/ciudad-del-maiz/el-porvenir
79334,Jorge Ferretiz,Rancho,Ciudad del Maíz,San Luis Potosí,,Rural,https://postali.app/mx/san-luis-potosi/ciudad-del-maiz/jorge-ferretiz
79334,Los Pilares (El Encinal),Ranchería,Ciudad del Maíz,San Luis Potosí,,Rural,https://postali.app/mx/san-luis-potosi/ciudad-del-maiz/los-pilares-el-encinal
79334,Los Ávalos,Ranchería,Ciudad del Maíz,San Luis Potosí,,Rural,https://postali.app/mx/san-luis-potosi/ciudad-del-maiz/los-avalos
79334,Milpillas,Rancho,Ciudad del Maíz,San Luis Potosí,,Rural,https://postali.app/mx/san-luis-potosi/ciudad-del-maiz/milpillas
79334,Puerta Ojo de León,Rancho,Ciudad del Maíz,San Luis Potosí,,Rural,https://postali.app/mx/san-luis-potosi/ciudad-del-maiz/puerta-ojo-de-leon
79335,Aquiles Serdán (Celerino Ortega),Ejido,Ciudad del Maíz,San Luis Potosí,,Rural,https://postali.app/mx/san-luis-potosi/ciudad-del-maiz/aquiles-serdan-celerino-ortega
79335,Estación Microondas,Equipamiento,Ciudad del Maíz,San Luis Potosí,,Rural,https://postali.app/mx/san-luis-potosi/ciudad-del-maiz/estacion-microondas
79335,Rancho el Setenta y Tres (Miguel Jiménez),Ranchería,Ciudad del Maíz,San Luis Potosí,,Rural,https://postali.app/mx/san-luis-potosi/ciudad-del-maiz/rancho-el-setenta-y-tres-miguel-jimenez
79335,Rancho Kansan,Ranchería,Ciudad del Maíz,San Luis Potosí,,Rural,https://postali.app/mx/san-luis-potosi/ciudad-del-maiz/rancho-kansan
79335,Rancho Santa Margarita,Ranchería,Ciudad del Maíz,San Luis Potosí,,Rural,https://postali.app/mx/san-luis-potosi/ciudad-del-maiz/rancho-santa-margarita
79335,Tanque de Jiménez,Ejido,Ciudad del Maíz,San Luis Potosí,,Rural,https://postali.app/mx/san-luis-potosi/ciudad-del-maiz/tanque-de-jimenez
79336,El Tigrito,Rancho,Ciudad del Maíz,San Luis Potosí,,Rural,https://postali.app/mx/san-luis-potosi/ciudad-del-maiz/el-tigrito
79336,El Toro,Rancho,Ciudad del Maíz,San Luis Potosí,,Rural,https://postali.app/mx/san-luis-potosi/ciudad-del-maiz/el-toro
79336,El Venadito,Rancho,Ciudad del Maíz,San Luis Potosí,,Rural,https://postali.app/mx/san-luis-potosi/ciudad-del-maiz/el-venadito
79336,La Chuparrosa,Rancho,Ciudad del Maíz,San Luis Potosí,,Rural,https://postali.app/mx/san-luis-potosi/ciudad-del-maiz/la-chuparrosa
79336,Nuevo Centro de Población Ganadero Papagayos,Ranchería,Ciudad del Maíz,San Luis Potosí,,Rural,https://postali.app/mx/san-luis-potosi/ciudad-del-maiz/nuevo-centro-de-poblacion-ganadero-papagayos
79336,Ojo de Agua,Ejido,Ciudad del Maíz,San Luis Potosí,,Rural,https://postali.app/mx/san-luis-potosi/ciudad-del-maiz/ojo-de-agua
79336,Papagayos (Ejido Papagayos),Ejido,Ciudad del Maíz,San Luis Potosí,,Rural,https://postali.app/mx/san-luis-potosi/ciudad-del-maiz/papagayos-ejido-papagayos
79337,Carrizal Grande,Ranchería,Ciudad del Maíz,San Luis Potosí,,Rural,https://postali.app/mx/san-luis-potosi/ciudad-del-maiz/carrizal-grande
79337,La Victoria,Ejido,Ciudad del Maíz,San Luis Potosí,,Rural,https://postali.app/mx/san-luis-potosi/ciudad-del-maiz/la-victoria
79337,Las Gavias,Ejido,Ciudad del Maíz,San Luis Potosí,,Rural,https://postali.app/mx/san-luis-potosi/ciudad-del-maiz/las-gavias
79337,Llanitos,Rancho,Ciudad del Maíz,San Luis Potosí,,Rural,https://postali.app/mx/san-luis-potosi/ciudad-del-maiz/llanitos
79337,Miguel Olvera Ramírez,Rancho,Ciudad del Maíz,San Luis Potosí,,Rural,https://postali.app/mx/san-luis-potosi/ciudad-del-maiz/miguel-olvera-ramirez
79337,Potreritos de los Llanos,Rancho,Ciudad del Maíz,San Luis Potosí,,Rural,https://postali.app/mx/san-luis-potosi/ciudad-del-maiz/potreritos-de-los-llanos
79337,Rancho de la Cruz,Ranchería,Ciudad del Maíz,San Luis Potosí,,Rural,https://postali.app/mx/san-luis-potosi/ciudad-del-maiz/rancho-de-la-cruz
79337,Rancho Nuevo,Ranchería,Ciudad del Maíz,San Luis Potosí,,Rural,https://postali.app/mx/san-luis-potosi/ciudad-del-maiz/rancho-nuevo
79337,San Gabriel,Rancho,Ciudad del Maíz,San Luis Potosí,,Rural,https://postali.app/mx/san-luis-potosi/ciudad-del-maiz/san-gabriel
79340,El Divisadero (La Garra),Barrio,Ciudad del Maíz,San Luis Potosí,,Rural,https://postali.app/mx/san-luis-potosi/ciudad-del-maiz/el-divisadero-la-garra
79340,El Duro,Zona federal,Ciudad del Maíz,San Luis Potosí,,Rural,https://postali.app/mx/san-luis-potosi/ciudad-del-maiz/el-duro
79340,El Jefe,Ranchería,Ciudad del Maíz,San Luis Potosí,,Rural,https://postali.app/mx/san-luis-potosi/ciudad-del-maiz/el-jefe
79340,El Pozo,Ejido,Ciudad del Maíz,San Luis Potosí,,Rural,https://postali.app/mx/san-luis-potosi/ciudad-del-maiz/el-pozo
79340,Estación las Tablas,Paraje,Ciudad del Maíz,San Luis Potosí,,Rural,https://postali.app/mx/san-luis-potosi/ciudad-del-maiz/estacion-las-tablas
79340,La Loma de Dios,Rancho,Ciudad del Maíz,San Luis Potosí,,Rural,https://postali.app/mx/san-luis-potosi/ciudad-del-maiz/la-loma-de-dios
79340,La Majada,Ranchería,Ciudad del Maíz,San Luis Potosí,,Rural,https://postali.app/mx/san-luis-potosi/ciudad-del-maiz/la-majada
79340,Pedro Antonio de los Santos (Los Huizaches),Ranchería,Ciudad del Maíz,San Luis Potosí,,Rural,https://postali.app/mx/san-luis-potosi/ciudad-del-maiz/pedro-antonio-de-los-santos-los-huizaches
79340,Santa Teresa,Rancho,Ciudad del Maíz,San Luis Potosí,,Rural,https://postali.app/mx/san-luis-potosi/ciudad-del-maiz/santa-teresa
79340,Sección Setenta y Nueve los Anteojos,Ranchería,Ciudad del Maíz,San Luis Potosí,,Rural,https://postali.app/mx/san-luis-potosi/ciudad-del-maiz/seccion-setenta-y-nueve-los-anteojos
79343,La Libertad,Colonia,Ciudad del Maíz,San Luis Potosí,,Rural,https://postali.app/mx/san-luis-potosi/ciudad-del-maiz/la-libertad
79343,La Morita,Colonia,Ciudad del Maíz,San Luis Potosí,,Rural,https://postali.app/mx/san-luis-potosi/ciudad-del-maiz/la-morita
79343,La Noria,Rancho,Ciudad del Maíz,San Luis Potosí,,Rural,https://postali.app/mx/san-luis-potosi/ciudad-del-maiz/la-noria
79343,Rancho Escondido (Lomas de Chora),Ranchería,Ciudad del Maíz,San Luis Potosí,,Rural,https://postali.app/mx/san-luis-potosi/ciudad-del-maiz/rancho-escondido-lomas-de-chora
79343,Santa Rita,Rancho,Ciudad del Maíz,San Luis Potosí,,Rural,https://postali.app/mx/san-luis-potosi/ciudad-del-maiz/santa-rita
79343,Tanque de los Ángeles (El Venadito),Ranchería,Ciudad del Maíz,San Luis Potosí,,Rural,https://postali.app/mx/san-luis-potosi/ciudad-del-maiz/tanque-de-los-angeles-el-venadito
79343,Tomás Ceballos,Ejido,Ciudad del Maíz,San Luis Potosí,,Rural,https://postali.app/mx/san-luis-potosi/ciudad-del-maiz/tomas-ceballos
79344,El Tomate,Rancho,Ciudad del Maíz,San Luis Potosí,,Rural,https://postali.app/mx/san-luis-potosi/ciudad-del-maiz/el-tomate
79344,El Vergel,Rancho,Ciudad del Maíz,San Luis Potosí,,Rural,https://postali.app/mx/san-luis-potosi/ciudad-del-maiz/el-vergel
79344,Fermín Ortiz,Rancho,Ciudad del Maíz,San Luis Potosí,,Rural,https://postali.app/mx/san-luis-potosi/ciudad-del-maiz/fermin-ortiz
79344,Humberto Martínez Castillo,Rancho,Ciudad del Maíz,San Luis Potosí,,Rural,https://postali.app/mx/san-luis-potosi/ciudad-del-maiz/humberto-martinez-castillo
79344,La Calzada de San Rafael,Ranchería,Ciudad del Maíz,San Luis Potosí,,Rural,https://postali.app/mx/san-luis-potosi/ciudad-del-maiz/la-calzada-de-san-rafael
79344,La Cuesta (Ejido Ganadero Papagayos),Ranchería,Ciudad del Maíz,San Luis Potosí,,Rural,https://postali.app/mx/san-luis-potosi/ciudad-del-maiz/la-cuesta-ejido-ganadero-papagayos
79344,Rancho la Palma,Ranchería,Ciudad del Maíz,San Luis Potosí,,Rural,https://postali.app/mx/san-luis-potosi/ciudad-del-maiz/rancho-la-palma
79344,Rancho San Tiburcio,Ranchería,Ciudad del Maíz,San Luis Potosí,,Rural,https://postali.app/mx/san-luis-potosi/ciudad-del-maiz/rancho-san-tiburcio
79344,San Tiburcio,Rancho,Ciudad del Maíz,San Luis Potosí,,Rural,https://postali.app/mx/san-luis-potosi/ciudad-del-maiz/san-tiburcio
79345,Palomas,Ejido,Ciudad del Maíz,San Luis Potosí,,Rural,https://postali.app/mx/san-luis-potosi/ciudad-del-maiz/palomas
79346,Cantarranas (El Charco Blanco),Ejido,Ciudad del Maíz,San Luis Potosí,,Rural,https://postali.app/mx/san-luis-potosi/ciudad-del-maiz/cantarranas-el-charco-blanco
79346,La Bonita,Rancho,Ciudad del Maíz,San Luis Potosí,,Rural,https://postali.app/mx/san-luis-potosi/ciudad-del-maiz/la-bonita
79346,La Encarnación,Rancho,Ciudad del Maíz,San Luis Potosí,,Rural,https://postali.app/mx/san-luis-potosi/ciudad-del-maiz/la-encarnacion
79346,Nuevo San Rafael,Ranchería,Ciudad del Maíz,San Luis Potosí,,Rural,https://postali.app/mx/san-luis-potosi/ciudad-del-maiz/nuevo-san-rafael
79346,San Ignacio,Rancho,Ciudad del Maíz,San Luis Potosí,,Rural,https://postali.app/mx/san-luis-potosi/ciudad-del-maiz/san-ignacio
79346,San Luis (Las Pinturas),Rancho,Ciudad del Maíz,San Luis Potosí,,Rural,https://postali.app/mx/san-luis-potosi/ciudad-del-maiz/san-luis-las-pinturas
79346,San Mateo,Rancho,Ciudad del Maíz,San Luis Potosí,,Rural,https://postali.app/mx/san-luis-potosi/ciudad-del-maiz/san-mateo
79346,San Rafael Matriz,Rancho,Ciudad del Maíz,San Luis Potosí,,Rural,https://postali.app/mx/san-luis-potosi/ciudad-del-maiz/san-rafael-matriz
79346,Santa María,Rancho,Ciudad del Maíz,San Luis Potosí,,Rural,https://postali.app/mx/san-luis-potosi/ciudad-del-maiz/santa-maria
79347,El Custodio,Ejido,Ciudad del Maíz,San Luis Potosí,,Rural,https://postali.app/mx/san-luis-potosi/ciudad-del-maiz/el-custodio
79347,Nuevo Centro de Población Ejidal Plan de San Luis,Ranchería,Ciudad del Maíz,San Luis Potosí,,Rural,https://postali.app/mx/san-luis-potosi/ciudad-del-maiz/nuevo-centro-de-poblacion-ejidal-plan-de-san-luis
79347,San Antonio del Toro (Cabeza del Toro),Rancho,Ciudad del Maíz,San Luis Potosí,,Rural,https://postali.app/mx/san-luis-potosi/ciudad-del-maiz/san-antonio-del-toro-cabeza-del-toro
79347,Sartenejo,Ranchería,Ciudad del Maíz,San Luis Potosí,,Rural,https://postali.app/mx/san-luis-potosi/ciudad-del-maiz/sartenejo
79350,Agrícola Magdaleno Cedillo,Colonia,Ciudad del Maíz,San Luis Potosí,,Rural,https://postali.app/mx/san-luis-potosi/ciudad-del-maiz/agricola-magdaleno-cedillo
79350,La Guacamaya (La Lagunita),Rancho,Ciudad del Maíz,San Luis Potosí,,Rural,https://postali.app/mx/san-luis-potosi/ciudad-del-maiz/la-guacamaya-la-lagunita
79350,La Pendencia,Ejido,Ciudad del Maíz,San Luis Potosí,,Rural,https://postali.app/mx/san-luis-potosi/ciudad-del-maiz/la-pendencia
79350,Piedra Parada,Rancho,Ciudad del Maíz,San Luis Potosí,,Rural,https://postali.app/mx/san-luis-potosi/ciudad-del-maiz/piedra-parada
79350,Puerto de Lobos,Rancho,Ciudad del Maíz,San Luis Potosí,,Rural,https://postali.app/mx/san-luis-potosi/ciudad-del-maiz/puerto-de-lobos
79350,Rancho la Gloria,Ranchería,Ciudad del Maíz,San Luis Potosí,,Rural,https://postali.app/mx/san-luis-potosi/ciudad-del-maiz/rancho-la-gloria
79350,Rancho San José,Ranchería,Ciudad del Maíz,San Luis Potosí,,Rural,https://postali.app/mx/san-luis-potosi/ciudad-del-maiz/rancho-san-jose
79350,San Antonio,Ranchería,Ciudad del Maíz,San Luis Potosí,,Rural,https://postali.app/mx/san-luis-potosi/ciudad-del-maiz/san-antonio
79350,San Juan del Llano,Ejido,Ciudad del Maíz,San Luis Potosí,,Rural,https://postali.app/mx/san-luis-potosi/ciudad-del-maiz/san-juan-del-llano
79350,Zamachihue,Ejido,Ciudad del Maíz,San Luis Potosí,,Rural,https://postali.app/mx/san-luis-potosi/ciudad-del-maiz/zamachihue
79353,Campamento SEMARNAT,Ejido,Ciudad del Maíz,San Luis Potosí,,Rural,https://postali.app/mx/san-luis-potosi/ciudad-del-maiz/campamento-semarnat
79353,El Nogal,Ranchería,Ciudad del Maíz,San Luis Potosí,,Rural,https://postali.app/mx/san-luis-potosi/ciudad-del-maiz/el-nogal
79353,El Puertecito,Ejido,Ciudad del Maíz,San Luis Potosí,,Rural,https://postali.app/mx/san-luis-potosi/ciudad-del-maiz/el-puertecito
79353,Francia Chica,Rancho,Ciudad del Maíz,San Luis Potosí,,Rural,https://postali.app/mx/san-luis-potosi/ciudad-del-maiz/francia-chica
79353,Francia Grande,Rancho,Ciudad del Maíz,San Luis Potosí,,Rural,https://postali.app/mx/san-luis-potosi/ciudad-del-maiz/francia-grande
79353,La Barranca,Rancho,Ciudad del Maíz,San Luis Potosí,,Rural,https://postali.app/mx/san-luis-potosi/ciudad-del-maiz/la-barranca
79353,Las Mesas,Ejido,Ciudad del Maíz,San Luis Potosí,,Rural,https://postali.app/mx/san-luis-potosi/ciudad-del-maiz/las-mesas
79353,Rancho los Ávalos,Ranchería,Ciudad del Maíz,San Luis Potosí,,Rural,https://postali.app/mx/san-luis-potosi/ciudad-del-maiz/rancho-los-avalos
79353,Rancho San Miguel,Ranchería,Ciudad del Maíz,San Luis Potosí,,Rural,https://postali.app/mx/san-luis-potosi/ciudad-del-maiz/rancho-san-miguel
79353,Ángel García,Rancho,Ciudad del Maíz,San Luis Potosí,,Rural,https://postali.app/mx/san-luis-potosi/ciudad-del-maiz/angel-garcia
79354,Agrícola Ollitas de las Vacas,Colonia,Ciudad del Maíz,San Luis Potosí,,Rural,https://postali.app/mx/san-luis-potosi/ciudad-del-maiz/agricola-ollitas-de-las-vacas
79354,Buenavista y Olivo,Rancho,Ciudad del Maíz,San Luis Potosí,,Rural,https://postali.app/mx/san-luis-potosi/ciudad-del-maiz/buenavista-y-olivo
79354,El Capulín,Rancho,Ciudad del Maíz,San Luis Potosí,,Rural,https://postali.app/mx/san-luis-potosi/ciudad-del-maiz/el-capulin
79354,El Olivo,Ejido,Ciudad del Maíz,San Luis Potosí,,Rural,https://postali.app/mx/san-luis-potosi/ciudad-del-maiz/el-olivo
79354,La Manzana (Ampliación Buenavista y Olivo),Rancho,Ciudad del Maíz,San Luis Potosí,,Rural,https://postali.app/mx/san-luis-potosi/ciudad-del-maiz/la-manzana-ampliacion-buenavista-y-olivo
79354,Las Moras,Ranchería,Ciudad del Maíz,San Luis Potosí,,Rural,https://postali.app/mx/san-luis-potosi/ciudad-del-maiz/las-moras
79354,Las Tortugas (Las Moras),Rancho,Ciudad del Maíz,San Luis Potosí,,Rural,https://postali.app/mx/san-luis-potosi/ciudad-del-maiz/las-tortugas-las-moras
79354,Memela,Ranchería,Ciudad del Maíz,San Luis Potosí,,Rural,https://postali.app/mx/san-luis-potosi/ciudad-del-maiz/memela
79354,Puerto del Zamandoque,Rancho,Ciudad del Maíz,San Luis Potosí,,Rural,https://postali.app/mx/san-luis-potosi/ciudad-del-maiz/puerto-del-zamandoque
79354,San Juan del Meco,Ranchería,Ciudad del Maíz,San Luis Potosí,,Rural,https://postali.app/mx/san-luis-potosi/ciudad-del-maiz/san-juan-del-meco
79355,Laguna Seca,Rancho,Ciudad del Maíz,San Luis Potosí,,Rural,https://postali.app/mx/san-luis-potosi/ciudad-del-maiz/laguna-seca
79355,Montebello,Ejido,Ciudad del Maíz,San Luis Potosí,,Rural,https://postali.app/mx/san-luis-potosi/ciudad-del-maiz/montebello
79355,Rincón Seco,Rancho,Ciudad del Maíz,San Luis Potosí,,Rural,https://postali.app/mx/san-luis-potosi/ciudad-del-maiz/rincon-seco
79356,Agua Nueva del Norte,Ranchería,Ciudad del Maíz,San Luis Potosí,,Rural,https://postali.app/mx/san-luis-potosi/ciudad-del-maiz/agua-nueva-del-norte
79356,La Morenita,Rancho,Ciudad del Maíz,San Luis Potosí,,Rural,https://postali.app/mx/san-luis-potosi/ciudad-del-maiz/la-morenita
79356,San Martín,Rancho,Ciudad del Maíz,San Luis Potosí,,Rural,https://postali.app/mx/san-luis-potosi/ciudad-del-maiz/san-martin
79356,San Rafael Carretera,Ranchería,Ciudad del Maíz,San Luis Potosí,,Rural,https://postali.app/mx/san-luis-potosi/ciudad-del-maiz/san-rafael-carretera
79357,El Tepeyac,Ranchería,Ciudad del Maíz,San Luis Potosí,,Rural,https://postali.app/mx/san-luis-potosi/ciudad-del-maiz/el-tepeyac
79357,Puerto de San Juan de Dios,Ejido,Ciudad del Maíz,San Luis Potosí,,Rural,https://postali.app/mx/san-luis-potosi/ciudad-del-maiz/puerto-de-san-juan-de-dios
79360,Alaquines,Pueblo,Alaquines,San Luis Potosí,,Urbano,https://postali.app/mx/san-luis-potosi/alaquines/alaquines
79363,De Guadalupe,Colonia,Alaquines,San Luis Potosí,,Urbano,https://postali.app/mx/san-luis-potosi/alaquines/de-guadalupe
79364,San Antonio,Barrio,Alaquines,San Luis Potosí,,Urbano,https://postali.app/mx/san-luis-potosi/alaquines/san-antonio
79365,De San José,Colonia,Alaquines,San Luis Potosí,,Urbano,https://postali.app/mx/san-luis-potosi/alaquines/de-san-jose
79366,De la Luz,Colonia,Alaquines,San Luis Potosí,,Urbano,https://postali.app/mx/san-luis-potosi/alaquines/de-la-luz
79370,El Salitrillo (Juan Olvera),Ranchería,Alaquines,San Luis Potosí,,Rural,https://postali.app/mx/san-luis-potosi/alaquines/el-salitrillo-juan-olvera
79370,El Álamo,Ranchería,Alaquines,San Luis Potosí,,Rural,https://postali.app/mx/san-luis-potosi/alaquines/el-alamo
79370,Río Abajo,Ranchería,Alaquines,San Luis Potosí,,Rural,https://postali.app/mx/san-luis-potosi/alaquines/rio-abajo
79370,San José de Palmas,Ranchería,Alaquines,San Luis Potosí,,Rural,https://postali.app/mx/san-luis-potosi/alaquines/san-jose-de-palmas
79373,Agua de San Juan (Joya Alegre),Ranchería,Alaquines,San Luis Potosí,,Rural,https://postali.app/mx/san-luis-potosi/alaquines/agua-de-san-juan-joya-alegre
79373,Cerro Grande,Ranchería,Alaquines,San Luis Potosí,,Rural,https://postali.app/mx/san-luis-potosi/alaquines/cerro-grande
79373,El Callejón de la Luz,Ranchería,Alaquines,San Luis Potosí,,Rural,https://postali.app/mx/san-luis-potosi/alaquines/el-callejon-de-la-luz
79373,La Casa de la Piedra,Ejido,Alaquines,San Luis Potosí,,Rural,https://postali.app/mx/san-luis-potosi/alaquines/la-casa-de-la-piedra
79373,La Puente,Ejido,Alaquines,San Luis Potosí,,Rural,https://postali.app/mx/san-luis-potosi/alaquines/la-puente
79373,Los Palos Prietos,Ejido,Alaquines,San Luis Potosí,,Rural,https://postali.app/mx/san-luis-potosi/alaquines/los-palos-prietos
79373,Nogales,Ejido,Alaquines,San Luis Potosí,,Rural,https://postali.app/mx/san-luis-potosi/alaquines/nogales
79373,Ojo de Agua,Ejido,Alaquines,San Luis Potosí,,Rural,https://postali.app/mx/san-luis-potosi/alaquines/ojo-de-agua
79373,Puerto del Tigre,Ejido,Alaquines,San Luis Potosí,,Rural,https://postali.app/mx/san-luis-potosi/alaquines/puerto-del-tigre
79373,San Antonio de las Tortugas,Ranchería,Alaquines,San Luis Potosí,,Rural,https://postali.app/mx/san-luis-potosi/alaquines/san-antonio-de-las-tortugas
79374,El Nacimiento de la Peña,Ranchería,Alaquines,San Luis Potosí,,Rural,https://postali.app/mx/san-luis-potosi/alaquines/el-nacimiento-de-la-pena
79374,El Sabino,Ejido,Alaquines,San Luis Potosí,,Rural,https://postali.app/mx/san-luis-potosi/alaquines/el-sabino
79374,El Tejocote,Ranchería,Alaquines,San Luis Potosí,,Rural,https://postali.app/mx/san-luis-potosi/alaquines/el-tejocote
79374,Indígena (Pascual Osorio Ortega),Colonia,Alaquines,San Luis Potosí,,Rural,https://postali.app/mx/san-luis-potosi/alaquines/indigena-pascual-osorio-ortega
79374,La Cañada,Ranchería,Alaquines,San Luis Potosí,,Rural,https://postali.app/mx/san-luis-potosi/alaquines/la-canada
79374,La Máscara,Ejido,Alaquines,San Luis Potosí,,Rural,https://postali.app/mx/san-luis-potosi/alaquines/la-mascara
79374,Las Peñitas,Ejido,Alaquines,San Luis Potosí,,Rural,https://postali.app/mx/san-luis-potosi/alaquines/las-penitas
79374,Las Puertas Cuatas,Ejido,Alaquines,San Luis Potosí,,Rural,https://postali.app/mx/san-luis-potosi/alaquines/las-puertas-cuatas
79374,Maldonado,Ejido,Alaquines,San Luis Potosí,,Rural,https://postali.app/mx/san-luis-potosi/alaquines/maldonado
79374,Nueva Reforma,Ejido,Alaquines,San Luis Potosí,,Rural,https://postali.app/mx/san-luis-potosi/alaquines/nueva-reforma
79374,Paso de Mendiolas,Ejido,Alaquines,San Luis Potosí,,Rural,https://postali.app/mx/san-luis-potosi/alaquines/paso-de-mendiolas
79374,Rancho de Morales,Rancho,Alaquines,San Luis Potosí,,Rural,https://postali.app/mx/san-luis-potosi/alaquines/rancho-de-morales
79374,Rancho de Pro,Ranchería,Alaquines,San Luis Potosí,,Rural,https://postali.app/mx/san-luis-potosi/alaquines/rancho-de-pro
79374,Rancho Nuevo,Rancho,Alaquines,San Luis Potosí,,Rural,https://postali.app/mx/san-luis-potosi/alaquines/rancho-nuevo
79374,Rincón Grande,Ranchería,Alaquines,San Luis Potosí,,Rural,https://postali.app/mx/san-luis-potosi/alaquines/rincon-grande
79375,Agua Nueva,Ranchería,Alaquines,San Luis Potosí,,Rural,https://postali.app/mx/san-luis-potosi/alaquines/agua-nueva
79375,Cañón de Guerrero,Ranchería,Alaquines,San Luis Potosí,,Rural,https://postali.app/mx/san-luis-potosi/alaquines/canon-de-guerrero
79375,El Abra,Ranchería,Alaquines,San Luis Potosí,,Rural,https://postali.app/mx/san-luis-potosi/alaquines/el-abra
79375,El Infiernito,Ranchería,Alaquines,San Luis Potosí,,Rural,https://postali.app/mx/san-luis-potosi/alaquines/el-infiernito
79375,El Llanito,Ranchería,Alaquines,San Luis Potosí,,Rural,https://postali.app/mx/san-luis-potosi/alaquines/el-llanito
79375,El Pelillo,Ranchería,Alaquines,San Luis Potosí,,Rural,https://postali.app/mx/san-luis-potosi/alaquines/el-pelillo
79375,El Quebrantadero,Ranchería,Alaquines,San Luis Potosí,,Rural,https://postali.app/mx/san-luis-potosi/alaquines/el-quebrantadero
79375,Las Crucitas,Ejido,Alaquines,San Luis Potosí,,Rural,https://postali.app/mx/san-luis-potosi/alaquines/las-crucitas
79375,Las Huertas,Ejido,Alaquines,San Luis Potosí,,Rural,https://postali.app/mx/san-luis-potosi/alaquines/las-huertas
79375,Los Pocitos (Los Pozos),Ejido,Alaquines,San Luis Potosí,,Rural,https://postali.app/mx/san-luis-potosi/alaquines/los-pocitos-los-pozos
79375,Mesas del Durazno,Ejido,Alaquines,San Luis Potosí,,Rural,https://postali.app/mx/san-luis-potosi/alaquines/mesas-del-durazno
79375,Olla del Durazno (Joya del Durazno),Rancho,Alaquines,San Luis Potosí,,Rural,https://postali.app/mx/san-luis-potosi/alaquines/olla-del-durazno-joya-del-durazno
79375,Palo Hueco,Ejido,Alaquines,San Luis Potosí,,Rural,https://postali.app/mx/san-luis-potosi/alaquines/palo-hueco
79375,Pasito de San Francisco,Ranchería,Alaquines,San Luis Potosí,,Rural,https://postali.app/mx/san-luis-potosi/alaquines/pasito-de-san-francisco
79375,San José del Corito,Pueblo,Alaquines,San Luis Potosí,,Rural,https://postali.app/mx/san-luis-potosi/alaquines/san-jose-del-corito
79376,Cañaditas,Pueblo,Alaquines,San Luis Potosí,,Rural,https://postali.app/mx/san-luis-potosi/alaquines/canaditas
79376,Crucero de Alaquines,Ranchería,Alaquines,San Luis Potosí,,Rural,https://postali.app/mx/san-luis-potosi/alaquines/crucero-de-alaquines
79376,Huerta de la Redonda,Ranchería,Alaquines,San Luis Potosí,,Rural,https://postali.app/mx/san-luis-potosi/alaquines/huerta-de-la-redonda
79376,La Sepultura,Ejido,Alaquines,San Luis Potosí,,Rural,https://postali.app/mx/san-luis-potosi/alaquines/la-sepultura
79376,Las Tuzas,Ejido,Alaquines,San Luis Potosí,,Rural,https://postali.app/mx/san-luis-potosi/alaquines/las-tuzas
79376,Martínez,Ejido,Alaquines,San Luis Potosí,,Rural,https://postali.app/mx/san-luis-potosi/alaquines/martinez
79376,Mesa de San Francisco (Mesa de San José),Ejido,Alaquines,San Luis Potosí,,Rural,https://postali.app/mx/san-luis-potosi/alaquines/mesa-de-san-francisco-mesa-de-san-jose
79376,Rancho San Blas,Ejido,Alaquines,San Luis Potosí,,Rural,https://postali.app/mx/san-luis-potosi/alaquines/rancho-san-blas
79376,San Antonio,Ranchería,Alaquines,San Luis Potosí,,Rural,https://postali.app/mx/san-luis-potosi/alaquines/san-antonio-79376
79377,Tanque el Granadillo,Ranchería,Alaquines,San Luis Potosí,,Rural,https://postali.app/mx/san-luis-potosi/alaquines/tanque-el-granadillo
79380,Cárdenas Centro,Colonia,Cárdenas,San Luis Potosí,Cárdenas,Urbano,https://postali.app/mx/san-luis-potosi/cardenas/cardenas-centro
79382,Bellavista 2a Sección,Colonia,Cárdenas,San Luis Potosí,Cárdenas,Urbano,https://postali.app/mx/san-luis-potosi/cardenas/bellavista-2a-seccion
79382,Brownsville,Colonia,Cárdenas,San Luis Potosí,Cárdenas,Urbano,https://postali.app/mx/san-luis-potosi/cardenas/brownsville
79382,Del Carmen,Barrio,Cárdenas,San Luis Potosí,Cárdenas,Urbano,https://postali.app/mx/san-luis-potosi/cardenas/del-carmen
79382,El Calichal Grande,Barrio,Cárdenas,San Luis Potosí,Cárdenas,Urbano,https://postali.app/mx/san-luis-potosi/cardenas/el-calichal-grande
79382,El Mirador II,Colonia,Cárdenas,San Luis Potosí,Cárdenas,Urbano,https://postali.app/mx/san-luis-potosi/cardenas/el-mirador-ii
79382,El Señor del Amparo,Barrio,Cárdenas,San Luis Potosí,Cárdenas,Urbano,https://postali.app/mx/san-luis-potosi/cardenas/el-senor-del-amparo
79382,Ferrocarrilera,Colonia,Cárdenas,San Luis Potosí,Cárdenas,Urbano,https://postali.app/mx/san-luis-potosi/cardenas/ferrocarrilera
79383,De La Palma,Barrio,Cárdenas,San Luis Potosí,Cárdenas,Urbano,https://postali.app/mx/san-luis-potosi/cardenas/de-la-palma
79384,Arboledas,Fraccionamiento,Cárdenas,San Luis Potosí,Cárdenas,Urbano,https://postali.app/mx/san-luis-potosi/cardenas/arboledas
79384,Guadalupe,Barrio,Cárdenas,San Luis Potosí,Cárdenas,Urbano,https://postali.app/mx/san-luis-potosi/cardenas/guadalupe
79384,INFONAVIT,Colonia,Cárdenas,San Luis Potosí,Cárdenas,Urbano,https://postali.app/mx/san-luis-potosi/cardenas/infonavit
79384,Nuevo Venecia,Colonia,Cárdenas,San Luis Potosí,Cárdenas,Urbano,https://postali.app/mx/san-luis-potosi/cardenas/nuevo-venecia
79384,Sector Corito,Colonia,Cárdenas,San Luis Potosí,Cárdenas,Urbano,https://postali.app/mx/san-luis-potosi/cardenas/sector-corito
79385,Astral,Colonia,Cárdenas,San Luis Potosí,Cárdenas,Urbano,https://postali.app/mx/san-luis-potosi/cardenas/astral
79385,La Atajea,Colonia,Cárdenas,San Luis Potosí,Cárdenas,Urbano,https://postali.app/mx/san-luis-potosi/cardenas/la-atajea
79385,Magisterial,Fraccionamiento,Cárdenas,San Luis Potosí,Cárdenas,Urbano,https://postali.app/mx/san-luis-potosi/cardenas/magisterial
79385,San Isidro Chaparral,Barrio,Cárdenas,San Luis Potosí,Cárdenas,Urbano,https://postali.app/mx/san-luis-potosi/cardenas/san-isidro-chaparral
79386,del Rasconcito,Barrio,Cárdenas,San Luis Potosí,Cárdenas,Urbano,https://postali.app/mx/san-luis-potosi/cardenas/del-rasconcito
79387,El Mirador,Colonia,Cárdenas,San Luis Potosí,Cárdenas,Urbano,https://postali.app/mx/san-luis-potosi/cardenas/el-mirador
79387,Morelos,Colonia,Cárdenas,San Luis Potosí,Cárdenas,Urbano,https://postali.app/mx/san-luis-potosi/cardenas/morelos
79390,Agrícola el Naranjo,Colonia,Cárdenas,San Luis Potosí,,Rural,https://postali.app/mx/san-luis-potosi/cardenas/agricola-el-naranjo
79390,El Naranjo,Ranchería,Cárdenas,San Luis Potosí,,Rural,https://postali.app/mx/san-luis-potosi/cardenas/el-naranjo
79390,El Ranchito,Ranchería,Cárdenas,San Luis Potosí,,Rural,https://postali.app/mx/san-luis-potosi/cardenas/el-ranchito
79390,Lagunitas,Ranchería,Cárdenas,San Luis Potosí,,Rural,https://postali.app/mx/san-luis-potosi/cardenas/lagunitas
79390,Las Canoas,Ranchería,Cárdenas,San Luis Potosí,,Rural,https://postali.app/mx/san-luis-potosi/cardenas/las-canoas
79390,Las Lomas,Ranchería,Cárdenas,San Luis Potosí,,Rural,https://postali.app/mx/san-luis-potosi/cardenas/las-lomas
79390,Miramar,Ranchería,Cárdenas,San Luis Potosí,,Rural,https://postali.app/mx/san-luis-potosi/cardenas/miramar
79393,Arroyo del Tabaco,Ranchería,Cárdenas,San Luis Potosí,,Rural,https://postali.app/mx/san-luis-potosi/cardenas/arroyo-del-tabaco
79393,Cárdenas (Olegario Castro),Ranchería,Cárdenas,San Luis Potosí,,Rural,https://postali.app/mx/san-luis-potosi/cardenas/cardenas-olegario-castro
79393,El Aguaje,Ranchería,Cárdenas,San Luis Potosí,,Rural,https://postali.app/mx/san-luis-potosi/cardenas/el-aguaje
79393,El Derramadero,Ranchería,Cárdenas,San Luis Potosí,,Rural,https://postali.app/mx/san-luis-potosi/cardenas/el-derramadero
79393,El Palo Alto,Ranchería,Cárdenas,San Luis Potosí,,Rural,https://postali.app/mx/san-luis-potosi/cardenas/el-palo-alto
79393,El Trompillal,Ranchería,Cárdenas,San Luis Potosí,,Rural,https://postali.app/mx/san-luis-potosi/cardenas/el-trompillal
79393,El Tulillo,Ranchería,Cárdenas,San Luis Potosí,,Rural,https://postali.app/mx/san-luis-potosi/cardenas/el-tulillo
79393,Flavio Contreras,Ranchería,Cárdenas,San Luis Potosí,,Rural,https://postali.app/mx/san-luis-potosi/cardenas/flavio-contreras
79393,La Borreguita,Ranchería,Cárdenas,San Luis Potosí,,Rural,https://postali.app/mx/san-luis-potosi/cardenas/la-borreguita
79393,La Pista,Ranchería,Cárdenas,San Luis Potosí,,Rural,https://postali.app/mx/san-luis-potosi/cardenas/la-pista
79393,Rancho Avestruces,Ranchería,Cárdenas,San Luis Potosí,,Rural,https://postali.app/mx/san-luis-potosi/cardenas/rancho-avestruces
79393,Rancho Moy Báez,Ranchería,Cárdenas,San Luis Potosí,,Rural,https://postali.app/mx/san-luis-potosi/cardenas/rancho-moy-baez
79394,Cañada de Pastores,Ejido,Cárdenas,San Luis Potosí,,Rural,https://postali.app/mx/san-luis-potosi/cardenas/canada-de-pastores
79394,El Pitayal [Estación de Microondas],Equipamiento,Cárdenas,San Luis Potosí,,Rural,https://postali.app/mx/san-luis-potosi/cardenas/el-pitayal-estacion-de-microondas
79394,Higinio Olivo (La Labor),Ejido,Cárdenas,San Luis Potosí,,Rural,https://postali.app/mx/san-luis-potosi/cardenas/higinio-olivo-la-labor
79394,Las Moras,Ranchería,Cárdenas,San Luis Potosí,,Rural,https://postali.app/mx/san-luis-potosi/cardenas/las-moras
79394,Lobos,Ranchería,Cárdenas,San Luis Potosí,,Rural,https://postali.app/mx/san-luis-potosi/cardenas/lobos
79394,Pascual Rodríguez,Ranchería,Cárdenas,San Luis Potosí,,Rural,https://postali.app/mx/san-luis-potosi/cardenas/pascual-rodriguez
79394,Potrero el Savial,Ranchería,Cárdenas,San Luis Potosí,,Rural,https://postali.app/mx/san-luis-potosi/cardenas/potrero-el-savial
79395,Agua Zarca,Ranchería,Cárdenas,San Luis Potosí,,Rural,https://postali.app/mx/san-luis-potosi/cardenas/agua-zarca
79395,Los Desmontes,Ranchería,Cárdenas,San Luis Potosí,,Rural,https://postali.app/mx/san-luis-potosi/cardenas/los-desmontes
79395,Pantano,Ranchería,Cárdenas,San Luis Potosí,,Rural,https://postali.app/mx/san-luis-potosi/cardenas/pantano
79395,Pozo Número Diez,Ranchería,Cárdenas,San Luis Potosí,,Rural,https://postali.app/mx/san-luis-potosi/cardenas/pozo-numero-diez
79395,Pozo Número Tres,Ejido,Cárdenas,San Luis Potosí,,Rural,https://postali.app/mx/san-luis-potosi/cardenas/pozo-numero-tres
79395,Rancho Bellavista,Ranchería,Cárdenas,San Luis Potosí,,Rural,https://postali.app/mx/san-luis-potosi/cardenas/rancho-bellavista
79395,Rancho Espiricueta,Ranchería,Cárdenas,San Luis Potosí,,Rural,https://postali.app/mx/san-luis-potosi/cardenas/rancho-espiricueta
79395,Rancho los Rivera,Ranchería,Cárdenas,San Luis Potosí,,Rural,https://postali.app/mx/san-luis-potosi/cardenas/rancho-los-rivera
79395,Unidad de Riego Cárdenas (Jesús de León),Ranchería,Cárdenas,San Luis Potosí,,Rural,https://postali.app/mx/san-luis-potosi/cardenas/unidad-de-riego-cardenas-jesus-de-leon
79396,Cirilo Mendoza Díaz,Ranchería,Cárdenas,San Luis Potosí,,Rural,https://postali.app/mx/san-luis-potosi/cardenas/cirilo-mendoza-diaz
79396,El Alazán,Ranchería,Cárdenas,San Luis Potosí,,Rural,https://postali.app/mx/san-luis-potosi/cardenas/el-alazan
79396,El Charco,Ranchería,Cárdenas,San Luis Potosí,,Rural,https://postali.app/mx/san-luis-potosi/cardenas/el-charco
79396,El Duraznillo,Ranchería,Cárdenas,San Luis Potosí,,Rural,https://postali.app/mx/san-luis-potosi/cardenas/el-duraznillo
79396,El Potrero (La Esperanza),Ranchería,Cárdenas,San Luis Potosí,,Rural,https://postali.app/mx/san-luis-potosi/cardenas/el-potrero-la-esperanza
79396,El Remigio,Ranchería,Cárdenas,San Luis Potosí,,Rural,https://postali.app/mx/san-luis-potosi/cardenas/el-remigio
79396,El Salitrillo,Ranchería,Cárdenas,San Luis Potosí,,Rural,https://postali.app/mx/san-luis-potosi/cardenas/el-salitrillo
79396,El Vaquero,Ranchería,Cárdenas,San Luis Potosí,,Rural,https://postali.app/mx/san-luis-potosi/cardenas/el-vaquero
79396,Epifanio Guzmán,Ranchería,Cárdenas,San Luis Potosí,,Rural,https://postali.app/mx/san-luis-potosi/cardenas/epifanio-guzman
79396,La Capilla,Ranchería,Cárdenas,San Luis Potosí,,Rural,https://postali.app/mx/san-luis-potosi/cardenas/la-capilla
79396,La Cinta,Ranchería,Cárdenas,San Luis Potosí,,Rural,https://postali.app/mx/san-luis-potosi/cardenas/la-cinta
79396,Los Tachos,Ranchería,Cárdenas,San Luis Potosí,,Rural,https://postali.app/mx/san-luis-potosi/cardenas/los-tachos
79396,Narciso Linares,Ranchería,Cárdenas,San Luis Potosí,,Rural,https://postali.app/mx/san-luis-potosi/cardenas/narciso-linares
79396,Rancho la Brecha,Ranchería,Cárdenas,San Luis Potosí,,Rural,https://postali.app/mx/san-luis-potosi/cardenas/rancho-la-brecha
79396,Rancho Leal,Ranchería,Cárdenas,San Luis Potosí,,Rural,https://postali.app/mx/san-luis-potosi/cardenas/rancho-leal
79397,Anexo la Atarjea,Colonia,Cárdenas,San Luis Potosí,,Rural,https://postali.app/mx/san-luis-potosi/cardenas/anexo-la-atarjea
79397,Bernardo Vargas Gámez,Ranchería,Cárdenas,San Luis Potosí,,Rural,https://postali.app/mx/san-luis-potosi/cardenas/bernardo-vargas-gamez
79397,Bugambilia,Ranchería,Cárdenas,San Luis Potosí,,Rural,https://postali.app/mx/san-luis-potosi/cardenas/bugambilia
79397,El Mirador (Pozo Número Uno),Ranchería,Cárdenas,San Luis Potosí,,Rural,https://postali.app/mx/san-luis-potosi/cardenas/el-mirador-pozo-numero-uno
79397,Granja María Dolores,Ranchería,Cárdenas,San Luis Potosí,,Rural,https://postali.app/mx/san-luis-potosi/cardenas/granja-maria-dolores
79397,La Atarjea (Pozo Número Dos),Ranchería,Cárdenas,San Luis Potosí,,Rural,https://postali.app/mx/san-luis-potosi/cardenas/la-atarjea-pozo-numero-dos
79397,La Noria,Ejido,Cárdenas,San Luis Potosí,,Rural,https://postali.app/mx/san-luis-potosi/cardenas/la-noria
79397,Potrero de la Tinajilla,Ranchería,Cárdenas,San Luis Potosí,,Rural,https://postali.app/mx/san-luis-potosi/cardenas/potrero-de-la-tinajilla
79400,El Sauz,Ejido,Cerritos,San Luis Potosí,,Rural,https://postali.app/mx/san-luis-potosi/cerritos/el-sauz
79400,San José de Turrubiartes (El Zamandoque),Ejido,Cerritos,San Luis Potosí,,Rural,https://postali.app/mx/san-luis-potosi/cerritos/san-jose-de-turrubiartes-el-zamandoque
79401,San Nicolás del Bosque,Ranchería,Cerritos,San Luis Potosí,,Rural,https://postali.app/mx/san-luis-potosi/cerritos/san-nicolas-del-bosque
79406,Cerros Blancos,Ejido,Cerritos,San Luis Potosí,,Rural,https://postali.app/mx/san-luis-potosi/cerritos/cerros-blancos
79407,Manzanillas,Ranchería,Cerritos,San Luis Potosí,,Rural,https://postali.app/mx/san-luis-potosi/cerritos/manzanillas
79408,San Pedro de los Hernández,Ranchería,Cerritos,San Luis Potosí,,Rural,https://postali.app/mx/san-luis-potosi/cerritos/san-pedro-de-los-hernandez
79410,El Gavilán,Ejido,Cerritos,San Luis Potosí,,Rural,https://postali.app/mx/san-luis-potosi/cerritos/el-gavilan
79413,Ojo de Agua,Ejido,Cerritos,San Luis Potosí,,Rural,https://postali.app/mx/san-luis-potosi/cerritos/ojo-de-agua
79420,Montaña,Paraje,Cerritos,San Luis Potosí,,Rural,https://postali.app/mx/san-luis-potosi/cerritos/montana
79421,Derramaderos,Ejido,Cerritos,San Luis Potosí,,Rural,https://postali.app/mx/san-luis-potosi/cerritos/derramaderos
79421,San Diego,Ejido,Cerritos,San Luis Potosí,,Rural,https://postali.app/mx/san-luis-potosi/cerritos/san-diego
79427,Rincón de Turrubiartes,Ranchería,Cerritos,San Luis Potosí,,Rural,https://postali.app/mx/san-luis-potosi/cerritos/rincon-de-turrubiartes
79428,Rincón de Banda,Ejido,Cerritos,San Luis Potosí,,Rural,https://postali.app/mx/san-luis-potosi/cerritos/rincon-de-banda
79429,Villar (Estación Villar),Paraje,Cerritos,San Luis Potosí,,Rural,https://postali.app/mx/san-luis-potosi/cerritos/villar-estacion-villar
79430,Joya de Luna,Ejido,Cerritos,San Luis Potosí,,Rural,https://postali.app/mx/san-luis-potosi/cerritos/joya-de-luna
79431,El Tepozán,Ejido,Cerritos,San Luis Potosí,,Rural,https://postali.app/mx/san-luis-potosi/cerritos/el-tepozan
79432,San Isidro (San Lázaro),Ejido,Cerritos,San Luis Potosí,,Rural,https://postali.app/mx/san-luis-potosi/cerritos/san-isidro-san-lazaro
79433,El Tepetate,Ejido,Cerritos,San Luis Potosí,,Rural,https://postali.app/mx/san-luis-potosi/cerritos/el-tepetate
79434,Tanquito de Banda,Ranchería,Cerritos,San Luis Potosí,,Rural,https://postali.app/mx/san-luis-potosi/cerritos/tanquito-de-banda
79435,Mezquites Chicos,Ranchería,Cerritos,San Luis Potosí,,Rural,https://postali.app/mx/san-luis-potosi/cerritos/mezquites-chicos
79436,La Labor de San Diego,Ejido,Cerritos,San Luis Potosí,,Rural,https://postali.app/mx/san-luis-potosi/cerritos/la-labor-de-san-diego
79437,La Peña de Salazar,Ranchería,Cerritos,San Luis Potosí,,Rural,https://postali.app/mx/san-luis-potosi/cerritos/la-pena-de-salazar
79440,Cerritos Centro,Colonia,Cerritos,San Luis Potosí,Cerritos,Urbano,https://postali.app/mx/san-luis-potosi/cerritos/cerritos-centro
79442,Buenos Aires,Colonia,Cerritos,San Luis Potosí,Cerritos,Urbano,https://postali.app/mx/san-luis-potosi/cerritos/buenos-aires
79442,Las Palmas,Colonia,Cerritos,San Luis Potosí,Cerritos,Urbano,https://postali.app/mx/san-luis-potosi/cerritos/las-palmas
79442,Nuestra Señora de San Juan,Barrio,Cerritos,San Luis Potosí,Cerritos,Urbano,https://postali.app/mx/san-luis-potosi/cerritos/nuestra-senora-de-san-juan
79442,Nueva Satélite,Colonia,Cerritos,San Luis Potosí,Cerritos,Urbano,https://postali.app/mx/san-luis-potosi/cerritos/nueva-satelite
79442,San Juan,Barrio,Cerritos,San Luis Potosí,Cerritos,Urbano,https://postali.app/mx/san-luis-potosi/cerritos/san-juan
79443,El Fortín,Fraccionamiento,Cerritos,San Luis Potosí,Cerritos,Urbano,https://postali.app/mx/san-luis-potosi/cerritos/el-fortin
79443,San Antonio,Barrio,Cerritos,San Luis Potosí,Cerritos,Urbano,https://postali.app/mx/san-luis-potosi/cerritos/san-antonio
79443,Santa Úrsula,Colonia,Cerritos,San Luis Potosí,Cerritos,Urbano,https://postali.app/mx/san-luis-potosi/cerritos/santa-ursula
79444,De Francia,Barrio,Cerritos,San Luis Potosí,Cerritos,Urbano,https://postali.app/mx/san-luis-potosi/cerritos/de-francia
79444,Francisco Villa,Colonia,Cerritos,San Luis Potosí,Cerritos,Urbano,https://postali.app/mx/san-luis-potosi/cerritos/francisco-villa
79444,Nuestro Padre Jesús,Barrio,Cerritos,San Luis Potosí,Cerritos,Urbano,https://postali.app/mx/san-luis-potosi/cerritos/nuestro-padre-jesus
79445,Guadalupe,Barrio,Cerritos,San Luis Potosí,Cerritos,Urbano,https://postali.app/mx/san-luis-potosi/cerritos/guadalupe
79446,Jardines de La Unidad,Fraccionamiento,Cerritos,San Luis Potosí,Cerritos,Urbano,https://postali.app/mx/san-luis-potosi/cerritos/jardines-de-la-unidad
79446,Los Laureles,Fraccionamiento,Cerritos,San Luis Potosí,Cerritos,Urbano,https://postali.app/mx/san-luis-potosi/cerritos/los-laureles
79446,Los Pinos,Fraccionamiento,Cerritos,San Luis Potosí,Cerritos,Urbano,https://postali.app/mx/san-luis-potosi/cerritos/los-pinos
79446,Santa Cruz,Barrio,Cerritos,San Luis Potosí,Cerritos,Urbano,https://postali.app/mx/san-luis-potosi/cerritos/santa-cruz
79447,Aurora,Colonia,Cerritos,San Luis Potosí,Cerritos,Urbano,https://postali.app/mx/san-luis-potosi/cerritos/aurora
79447,San Francisco,Barrio,Cerritos,San Luis Potosí,Cerritos,Urbano,https://postali.app/mx/san-luis-potosi/cerritos/san-francisco
79450,Granjenal,Ejido,Villa Juárez,San Luis Potosí,,Rural,https://postali.app/mx/san-luis-potosi/villa-juarez/granjenal
79450,La Cardona,Colonia,Villa Juárez,San Luis Potosí,,Rural,https://postali.app/mx/san-luis-potosi/villa-juarez/la-cardona
79450,Palo Seco (El Gato),Ejido,Villa Juárez,San Luis Potosí,,Rural,https://postali.app/mx/san-luis-potosi/villa-juarez/palo-seco-el-gato
79460,Agua del Medio,Ranchería,Villa Juárez,San Luis Potosí,,Rural,https://postali.app/mx/san-luis-potosi/villa-juarez/agua-del-medio
79460,Guadalupe,Barrio,Villa Juárez,San Luis Potosí,,Rural,https://postali.app/mx/san-luis-potosi/villa-juarez/guadalupe
79460,La Gavia,Ejido,Villa Juárez,San Luis Potosí,,Rural,https://postali.app/mx/san-luis-potosi/villa-juarez/la-gavia
79460,Las Palmas,Barrio,Villa Juárez,San Luis Potosí,,Rural,https://postali.app/mx/san-luis-potosi/villa-juarez/las-palmas
79460,Puerta del Río,Ejido,Villa Juárez,San Luis Potosí,,Rural,https://postali.app/mx/san-luis-potosi/villa-juarez/puerta-del-rio
79460,San Isidro,Barrio,Villa Juárez,San Luis Potosí,,Rural,https://postali.app/mx/san-luis-potosi/villa-juarez/san-isidro
79460,San José del Matorral,Ranchería,Villa Juárez,San Luis Potosí,,Rural,https://postali.app/mx/san-luis-potosi/villa-juarez/san-jose-del-matorral
79460,San Rafael,Barrio,Villa Juárez,San Luis Potosí,,Rural,https://postali.app/mx/san-luis-potosi/villa-juarez/san-rafael
79460,Santo Domingo,Ranchería,Villa Juárez,San Luis Potosí,,Rural,https://postali.app/mx/san-luis-potosi/villa-juarez/santo-domingo
79460,Villa Juárez,Pueblo,Villa Juárez,San Luis Potosí,,Urbano,https://postali.app/mx/san-luis-potosi/villa-juarez/villa-juarez
79466,Guaxcamá,Ejido,Villa Juárez,San Luis Potosí,,Rural,https://postali.app/mx/san-luis-potosi/villa-juarez/guaxcama
79467,Buenavista,Ejido,Villa Juárez,San Luis Potosí,,Rural,https://postali.app/mx/san-luis-potosi/villa-juarez/buenavista
79470,Carrizal,Ranchería,Villa Juárez,San Luis Potosí,,Rural,https://postali.app/mx/san-luis-potosi/villa-juarez/carrizal
79471,San Isidro,Ranchería,Villa Juárez,San Luis Potosí,,Rural,https://postali.app/mx/san-luis-potosi/villa-juarez/san-isidro-79471
79480,San Nicolás Tolentino,Pueblo,San Nicolás Tolentino,San Luis Potosí,,Rural,https://postali.app/mx/san-luis-potosi/san-nicolas-tolentino/san-nicolas-tolentino
79482,Barranca de San Joaquín,Ranchería,San Nicolás Tolentino,San Luis Potosí,,Rural,https://postali.app/mx/san-luis-potosi/san-nicolas-tolentino/barranca-de-san-joaquin
79483,Cañas,Ranchería,San Nicolás Tolentino,San Luis Potosí,,Rural,https://postali.app/mx/san-luis-potosi/san-nicolas-tolentino/canas
79483,Jagüey de San Francisco,Pueblo,San Nicolás Tolentino,San Luis Potosí,,Rural,https://postali.app/mx/san-luis-potosi/san-nicolas-tolentino/jaguey-de-san-francisco
79484,Morenos,Ejido,San Nicolás Tolentino,San Luis Potosí,,Rural,https://postali.app/mx/san-luis-potosi/san-nicolas-tolentino/morenos
79484,Ojo de Agua,Ranchería,San Nicolás Tolentino,San Luis Potosí,,Rural,https://postali.app/mx/san-luis-potosi/san-nicolas-tolentino/ojo-de-agua
79485,San José de Nogalitos,Ranchería,San Nicolás Tolentino,San Luis Potosí,,Rural,https://postali.app/mx/san-luis-potosi/san-nicolas-tolentino/san-jose-de-nogalitos
79486,Laguna de Santo Domingo,Ranchería,San Nicolás Tolentino,San Luis Potosí,,Rural,https://postali.app/mx/san-luis-potosi/san-nicolas-tolentino/laguna-de-santo-domingo
79487,Potrero de Santa Gertrudis,Ranchería,San Nicolás Tolentino,San Luis Potosí,,Rural,https://postali.app/mx/san-luis-potosi/san-nicolas-tolentino/potrero-de-santa-gertrudis
79488,Ignacio Allende,Ranchería,San Nicolás Tolentino,San Luis Potosí,,Rural,https://postali.app/mx/san-luis-potosi/san-nicolas-tolentino/ignacio-allende
79489,Las Golondrinas,Ranchería,San Nicolás Tolentino,San Luis Potosí,,Rural,https://postali.app/mx/san-luis-potosi/san-nicolas-tolentino/las-golondrinas
79490,Santa Catarina,Ejido,San Nicolás Tolentino,San Luis Potosí,,Rural,https://postali.app/mx/san-luis-potosi/san-nicolas-tolentino/santa-catarina
79491,San Martín de Abajo,Ranchería,San Nicolás Tolentino,San Luis Potosí,,Rural,https://postali.app/mx/san-luis-potosi/san-nicolas-tolentino/san-martin-de-abajo
79493,Fracción Ocampo,Ranchería,San Nicolás Tolentino,San Luis Potosí,,Rural,https://postali.app/mx/san-luis-potosi/san-nicolas-tolentino/fraccion-ocampo
79500,Abasolo,Barrio,Villa de Reyes,San Luis Potosí,Villa de Reyes,Rural,https://postali.app/mx/san-luis-potosi/villa-de-reyes/abasolo
79500,Ambrosio Ramírez,Barrio,Villa de Reyes,San Luis Potosí,Villa de Reyes,Urbano,https://postali.app/mx/san-luis-potosi/villa-de-reyes/ambrosio-ramirez
79500,Cahuila,Colonia,Villa de Reyes,San Luis Potosí,Villa de Reyes,Rural,https://postali.app/mx/san-luis-potosi/villa-de-reyes/cahuila
79500,Cahuile,Colonia,Villa de Reyes,San Luis Potosí,Villa de Reyes,Urbano,https://postali.app/mx/san-luis-potosi/villa-de-reyes/cahuile
79500,Calvario,Barrio,Villa de Reyes,San Luis Potosí,Villa de Reyes,Rural,https://postali.app/mx/san-luis-potosi/villa-de-reyes/calvario
79500,El Salitral,Colonia,Villa de Reyes,San Luis Potosí,Villa de Reyes,Urbano,https://postali.app/mx/san-luis-potosi/villa-de-reyes/el-salitral
79500,Filomeno Mata,Colonia,Villa de Reyes,San Luis Potosí,Villa de Reyes,Urbano,https://postali.app/mx/san-luis-potosi/villa-de-reyes/filomeno-mata
79500,La Ermita,Barrio,Villa de Reyes,San Luis Potosí,Villa de Reyes,Rural,https://postali.app/mx/san-luis-potosi/villa-de-reyes/la-ermita
79500,La Paz,Colonia,Villa de Reyes,San Luis Potosí,Villa de Reyes,Urbano,https://postali.app/mx/san-luis-potosi/villa-de-reyes/la-paz
79500,Las Granadillas,Colonia,Villa de Reyes,San Luis Potosí,Villa de Reyes,Urbano,https://postali.app/mx/san-luis-potosi/villa-de-reyes/las-granadillas
79500,Los Reyes,Fraccionamiento,Villa de Reyes,San Luis Potosí,Villa de Reyes,Urbano,https://postali.app/mx/san-luis-potosi/villa-de-reyes/los-reyes
79500,Moderna,Colonia,Villa de Reyes,San Luis Potosí,Villa de Reyes,Urbano,https://postali.app/mx/san-luis-potosi/villa-de-reyes/moderna
79500,México,Barrio,Villa de Reyes,San Luis Potosí,Villa de Reyes,Rural,https://postali.app/mx/san-luis-potosi/villa-de-reyes/mexico
79500,Paredón,Barrio,Villa de Reyes,San Luis Potosí,Villa de Reyes,Urbano,https://postali.app/mx/san-luis-potosi/villa-de-reyes/paredon
79500,Puerta de Santa María,Barrio,Villa de Reyes,San Luis Potosí,Villa de Reyes,Urbano,https://postali.app/mx/san-luis-potosi/villa-de-reyes/puerta-de-santa-maria
79500,San Cristóbal,Colonia,Villa de Reyes,San Luis Potosí,Villa de Reyes,Urbano,https://postali.app/mx/san-luis-potosi/villa-de-reyes/san-cristobal
79500,San Ignacio,Barrio,Villa de Reyes,San Luis Potosí,Villa de Reyes,Urbano,https://postali.app/mx/san-luis-potosi/villa-de-reyes/san-ignacio
79500,Santa Cruz,Fraccionamiento,Villa de Reyes,San Luis Potosí,Villa de Reyes,Urbano,https://postali.app/mx/san-luis-potosi/villa-de-reyes/santa-cruz
79500,Santuario,Barrio,Villa de Reyes,San Luis Potosí,Villa de Reyes,Rural,https://postali.app/mx/san-luis-potosi/villa-de-reyes/santuario
79500,Surtidora,Barrio,Villa de Reyes,San Luis Potosí,Villa de Reyes,Urbano,https://postali.app/mx/san-luis-potosi/villa-de-reyes/surtidora
79500,Villa de Reyes Centro,Colonia,Villa de Reyes,San Luis Potosí,Villa de Reyes,Rural,https://postali.app/mx/san-luis-potosi/villa-de-reyes/villa-de-reyes-centro
79500,Villa Maria,Fraccionamiento,Villa de Reyes,San Luis Potosí,Villa de Reyes,Urbano,https://postali.app/mx/san-luis-potosi/villa-de-reyes/villa-maria
79502,Gogorrón (Ex-Hacienda de Gogorrón),Ejido,Villa de Reyes,San Luis Potosí,,Rural,https://postali.app/mx/san-luis-potosi/villa-de-reyes/gogorron-ex-hacienda-de-gogorron
79502,Malinto,Ranchería,Villa de Reyes,San Luis Potosí,,Rural,https://postali.app/mx/san-luis-potosi/villa-de-reyes/malinto
79502,Socavón (El Carmen),Ejido,Villa de Reyes,San Luis Potosí,,Rural,https://postali.app/mx/san-luis-potosi/villa-de-reyes/socavon-el-carmen
79503,La Boquilla (La Pequeña Irrigación),Ranchería,Villa de Reyes,San Luis Potosí,,Rural,https://postali.app/mx/san-luis-potosi/villa-de-reyes/la-boquilla-la-pequena-irrigacion
79503,Presa del Organito,Ranchería,Villa de Reyes,San Luis Potosí,,Rural,https://postali.app/mx/san-luis-potosi/villa-de-reyes/presa-del-organito
79505,El Rosario,Ejido,Villa de Reyes,San Luis Potosí,,Urbano,https://postali.app/mx/san-luis-potosi/villa-de-reyes/el-rosario
79506,Alberto Carrera Torres,Ejido,Villa de Reyes,San Luis Potosí,,Rural,https://postali.app/mx/san-luis-potosi/villa-de-reyes/alberto-carrera-torres
79506,El Centenario,Colonia,Villa de Reyes,San Luis Potosí,,Rural,https://postali.app/mx/san-luis-potosi/villa-de-reyes/el-centenario
79506,La Rinconeña,Ranchería,Villa de Reyes,San Luis Potosí,,Rural,https://postali.app/mx/san-luis-potosi/villa-de-reyes/la-rinconena
79506,La Ventilla,Colonia,Villa de Reyes,San Luis Potosí,,Rural,https://postali.app/mx/san-luis-potosi/villa-de-reyes/la-ventilla
79506,Las Rusias (Cuesillo),Colonia,Villa de Reyes,San Luis Potosí,,Rural,https://postali.app/mx/san-luis-potosi/villa-de-reyes/las-rusias-cuesillo
79507,Presa San Agustín,Ejido,Villa de Reyes,San Luis Potosí,,Rural,https://postali.app/mx/san-luis-potosi/villa-de-reyes/presa-san-agustin
79507,San Miguel,Ejido,Villa de Reyes,San Luis Potosí,,Rural,https://postali.app/mx/san-luis-potosi/villa-de-reyes/san-miguel
79507,San Pascual,Ranchería,Villa de Reyes,San Luis Potosí,,Rural,https://postali.app/mx/san-luis-potosi/villa-de-reyes/san-pascual
79508,La Loma del Tejocote (La Loma),Ejido,Villa de Reyes,San Luis Potosí,,Rural,https://postali.app/mx/san-luis-potosi/villa-de-reyes/la-loma-del-tejocote-la-loma
79508,La Puerta de San Antonio,Ranchería,Villa de Reyes,San Luis Potosí,,Rural,https://postali.app/mx/san-luis-potosi/villa-de-reyes/la-puerta-de-san-antonio
79509,El Tejocote de San Miguel,Ejido,Villa de Reyes,San Luis Potosí,,Rural,https://postali.app/mx/san-luis-potosi/villa-de-reyes/el-tejocote-de-san-miguel
79510,Bledos,Ejido,Villa de Reyes,San Luis Potosí,,Rural,https://postali.app/mx/san-luis-potosi/villa-de-reyes/bledos
79510,Carranco,Pueblo,Villa de Reyes,San Luis Potosí,,Rural,https://postali.app/mx/san-luis-potosi/villa-de-reyes/carranco
79510,El Álamo (Alamitos),Ranchería,Villa de Reyes,San Luis Potosí,,Rural,https://postali.app/mx/san-luis-potosi/villa-de-reyes/el-alamo-alamitos
79511,Plan de San Luis de Bledos,Ranchería,Villa de Reyes,San Luis Potosí,,Rural,https://postali.app/mx/san-luis-potosi/villa-de-reyes/plan-de-san-luis-de-bledos
79511,Saucillo de Bledos,Ranchería,Villa de Reyes,San Luis Potosí,,Rural,https://postali.app/mx/san-luis-potosi/villa-de-reyes/saucillo-de-bledos
79512,Arroyo Blanco,Ranchería,Villa de Reyes,San Luis Potosí,,Rural,https://postali.app/mx/san-luis-potosi/villa-de-reyes/arroyo-blanco
79512,Boca de Santiago,Ranchería,Villa de Reyes,San Luis Potosí,,Rural,https://postali.app/mx/san-luis-potosi/villa-de-reyes/boca-de-santiago
79512,Cabras,Ranchería,Villa de Reyes,San Luis Potosí,,Rural,https://postali.app/mx/san-luis-potosi/villa-de-reyes/cabras
79513,Cañón de Bledos,Ejido,Villa de Reyes,San Luis Potosí,,Rural,https://postali.app/mx/san-luis-potosi/villa-de-reyes/canon-de-bledos
79520,Jesús María,Barrio,Villa de Reyes,San Luis Potosí,,Rural,https://postali.app/mx/san-luis-potosi/villa-de-reyes/jesus-maria
79520,Las Gualupas,Ranchería,Villa de Reyes,San Luis Potosí,,Rural,https://postali.app/mx/san-luis-potosi/villa-de-reyes/las-gualupas
79520,Los Macheros,Ranchería,Villa de Reyes,San Luis Potosí,,Rural,https://postali.app/mx/san-luis-potosi/villa-de-reyes/los-macheros
79521,La Providencia,Ejido,Villa de Reyes,San Luis Potosí,,Rural,https://postali.app/mx/san-luis-potosi/villa-de-reyes/la-providencia
79521,Los Pocitos,Ranchería,Villa de Reyes,San Luis Potosí,,Rural,https://postali.app/mx/san-luis-potosi/villa-de-reyes/los-pocitos
79521,Ojo de Agua del Gato,Ejido,Villa de Reyes,San Luis Potosí,,Rural,https://postali.app/mx/san-luis-potosi/villa-de-reyes/ojo-de-agua-del-gato
79523,El Mirador,Barrio,Villa de Reyes,San Luis Potosí,,Rural,https://postali.app/mx/san-luis-potosi/villa-de-reyes/el-mirador
79523,San Martín (Las Caleras),Granja,Villa de Reyes,San Luis Potosí,,Rural,https://postali.app/mx/san-luis-potosi/villa-de-reyes/san-martin-las-caleras
79524,La Lagunita,Granja,Villa de Reyes,San Luis Potosí,,Rural,https://postali.app/mx/san-luis-potosi/villa-de-reyes/la-lagunita
79524,Pardo,Ejido,Villa de Reyes,San Luis Potosí,,Urbano,https://postali.app/mx/san-luis-potosi/villa-de-reyes/pardo
79524,San Lorenzo,Colonia,Villa de Reyes,San Luis Potosí,,Rural,https://postali.app/mx/san-luis-potosi/villa-de-reyes/san-lorenzo
79525,Laguna de San Vicente,Ejido,Villa de Reyes,San Luis Potosí,,Urbano,https://postali.app/mx/san-luis-potosi/villa-de-reyes/laguna-de-san-vicente
79526,Parque Industrial Logistik,Zona industrial,Villa de Reyes,San Luis Potosí,,Rural,https://postali.app/mx/san-luis-potosi/villa-de-reyes/parque-industrial-logistik
79526,Valle de San Francisco,Fraccionamiento,Villa de Reyes,San Luis Potosí,,Rural,https://postali.app/mx/san-luis-potosi/villa-de-reyes/valle-de-san-francisco
79530,Emiliano Zapata,Ejido,Villa de Reyes,San Luis Potosí,,Rural,https://postali.app/mx/san-luis-potosi/villa-de-reyes/emiliano-zapata
79530,Estancia de Calderón,Ejido,Villa de Reyes,San Luis Potosí,,Rural,https://postali.app/mx/san-luis-potosi/villa-de-reyes/estancia-de-calderon
79530,Guadiana,Ejido,Villa de Reyes,San Luis Potosí,,Rural,https://postali.app/mx/san-luis-potosi/villa-de-reyes/guadiana
79530,La Lagunita de los Jasso,Ranchería,Villa de Reyes,San Luis Potosí,,Rural,https://postali.app/mx/san-luis-potosi/villa-de-reyes/la-lagunita-de-los-jasso
79530,La Presa (La Presita),Barrio,Villa de Reyes,San Luis Potosí,,Rural,https://postali.app/mx/san-luis-potosi/villa-de-reyes/la-presa-la-presita
79530,Puente de Tierra,Ranchería,Villa de Reyes,San Luis Potosí,,Rural,https://postali.app/mx/san-luis-potosi/villa-de-reyes/puente-de-tierra
79530,Rodrigo,Ejido,Villa de Reyes,San Luis Potosí,,Rural,https://postali.app/mx/san-luis-potosi/villa-de-reyes/rodrigo
79530,Saucillo,Ejido,Villa de Reyes,San Luis Potosí,,Rural,https://postali.app/mx/san-luis-potosi/villa-de-reyes/saucillo
79530,Villa de Reyes,Ranchería,Villa de Reyes,San Luis Potosí,,Rural,https://postali.app/mx/san-luis-potosi/villa-de-reyes/villa-de-reyes
79532,El Verde,Ejido,Villa de Reyes,San Luis Potosí,,Rural,https://postali.app/mx/san-luis-potosi/villa-de-reyes/el-verde
79532,Machado,Ejido,Villa de Reyes,San Luis Potosí,,Rural,https://postali.app/mx/san-luis-potosi/villa-de-reyes/machado
79533,Palomas,Ejido,Villa de Reyes,San Luis Potosí,,Rural,https://postali.app/mx/san-luis-potosi/villa-de-reyes/palomas
79540,Villa de Zaragoza Centro,Colonia,Zaragoza,San Luis Potosí,,Urbano,https://postali.app/mx/san-luis-potosi/zaragoza/villa-de-zaragoza-centro
79543,El Conguito,Colonia,Zaragoza,San Luis Potosí,,Urbano,https://postali.app/mx/san-luis-potosi/zaragoza/el-conguito
79543,El Pedregal,Colonia,Zaragoza,San Luis Potosí,,Urbano,https://postali.app/mx/san-luis-potosi/zaragoza/el-pedregal
79543,Jondablito [Bicentenario],Colonia,Zaragoza,San Luis Potosí,,Urbano,https://postali.app/mx/san-luis-potosi/zaragoza/jondablito-bicentenario
79543,La Barranca,Colonia,Zaragoza,San Luis Potosí,,Urbano,https://postali.app/mx/san-luis-potosi/zaragoza/la-barranca
79544,La Sauceda,Colonia,Zaragoza,San Luis Potosí,,Urbano,https://postali.app/mx/san-luis-potosi/zaragoza/la-sauceda
79545,La Calera,Colonia,Zaragoza,San Luis Potosí,,Urbano,https://postali.app/mx/san-luis-potosi/zaragoza/la-calera
79545,La Lagunita,Colonia,Zaragoza,San Luis Potosí,,Urbano,https://postali.app/mx/san-luis-potosi/zaragoza/la-lagunita
79545,Perpetuo Socorro,Colonia,Zaragoza,San Luis Potosí,,Urbano,https://postali.app/mx/san-luis-potosi/zaragoza/perpetuo-socorro
79546,Arroyo Hondo,Ranchería,Zaragoza,San Luis Potosí,,Rural,https://postali.app/mx/san-luis-potosi/zaragoza/arroyo-hondo
79546,Autódromo Potosino [Pista de Carreras],Equipamiento,Zaragoza,San Luis Potosí,,Rural,https://postali.app/mx/san-luis-potosi/zaragoza/autodromo-potosino-pista-de-carreras
79546,Benito Cárdenas,Rancho,Zaragoza,San Luis Potosí,,Rural,https://postali.app/mx/san-luis-potosi/zaragoza/benito-cardenas
79546,El Arenal,Rancho,Zaragoza,San Luis Potosí,,Rural,https://postali.app/mx/san-luis-potosi/zaragoza/el-arenal
79546,El Capulín,Rancho,Zaragoza,San Luis Potosí,,Rural,https://postali.app/mx/san-luis-potosi/zaragoza/el-capulin
79546,El Pame,Rancho,Zaragoza,San Luis Potosí,,Rural,https://postali.app/mx/san-luis-potosi/zaragoza/el-pame
79546,El Potrero Nuevo,Rancho,Zaragoza,San Luis Potosí,,Rural,https://postali.app/mx/san-luis-potosi/zaragoza/el-potrero-nuevo
79546,Emiliano Zapata (El Tepozán),Rancho,Zaragoza,San Luis Potosí,,Rural,https://postali.app/mx/san-luis-potosi/zaragoza/emiliano-zapata-el-tepozan
79546,Esperanza Juárez Rocha,Rancho,Zaragoza,San Luis Potosí,,Rural,https://postali.app/mx/san-luis-potosi/zaragoza/esperanza-juarez-rocha
79546,La Alberca (Eudocio de la Cruz Martínez),Rancho,Zaragoza,San Luis Potosí,,Rural,https://postali.app/mx/san-luis-potosi/zaragoza/la-alberca-eudocio-de-la-cruz-martinez
79546,La Calera,Ranchería,Zaragoza,San Luis Potosí,,Rural,https://postali.app/mx/san-luis-potosi/zaragoza/la-calera-79546
79546,La Lagunita,Ranchería,Zaragoza,San Luis Potosí,,Rural,https://postali.app/mx/san-luis-potosi/zaragoza/la-lagunita-79546
79546,La Parada del Zarcido,Ejido,Zaragoza,San Luis Potosí,,Rural,https://postali.app/mx/san-luis-potosi/zaragoza/la-parada-del-zarcido
79546,La Puerta del Arbolito,Rancho,Zaragoza,San Luis Potosí,,Rural,https://postali.app/mx/san-luis-potosi/zaragoza/la-puerta-del-arbolito
79546,Plan de San José,Ranchería,Zaragoza,San Luis Potosí,,Rural,https://postali.app/mx/san-luis-potosi/zaragoza/plan-de-san-jose
79546,Rincón de los Alicoches,Rancho,Zaragoza,San Luis Potosí,,Rural,https://postali.app/mx/san-luis-potosi/zaragoza/rincon-de-los-alicoches
79546,Rincón de Santa Eduwiges,Rancho,Zaragoza,San Luis Potosí,,Rural,https://postali.app/mx/san-luis-potosi/zaragoza/rincon-de-santa-eduwiges
79546,San Rafael,Rancho,Zaragoza,San Luis Potosí,,Rural,https://postali.app/mx/san-luis-potosi/zaragoza/san-rafael
79546,Santo Domingo,Rancho,Zaragoza,San Luis Potosí,,Rural,https://postali.app/mx/san-luis-potosi/zaragoza/santo-domingo
79546,Trituradora de Mármol,Zona industrial,Zaragoza,San Luis Potosí,,Rural,https://postali.app/mx/san-luis-potosi/zaragoza/trituradora-de-marmol
79546,Ángel Hernández,Ranchería,Zaragoza,San Luis Potosí,,Rural,https://postali.app/mx/san-luis-potosi/zaragoza/angel-hernandez
79547,Campo de Tiro (Club de Tiro Ferrocarrilero),Equipamiento,Zaragoza,San Luis Potosí,,Rural,https://postali.app/mx/san-luis-potosi/zaragoza/campo-de-tiro-club-de-tiro-ferrocarrilero
79547,Casas Blancas,Ranchería,Zaragoza,San Luis Potosí,,Rural,https://postali.app/mx/san-luis-potosi/zaragoza/casas-blancas
79547,Corral de Palmas,Rancho,Zaragoza,San Luis Potosí,,Rural,https://postali.app/mx/san-luis-potosi/zaragoza/corral-de-palmas
79547,De la Morena,Exhacienda,Zaragoza,San Luis Potosí,,Rural,https://postali.app/mx/san-luis-potosi/zaragoza/de-la-morena
79547,Derramadero,Equipamiento,Zaragoza,San Luis Potosí,,Rural,https://postali.app/mx/san-luis-potosi/zaragoza/derramadero
79547,El Castillo,Rancho,Zaragoza,San Luis Potosí,,Rural,https://postali.app/mx/san-luis-potosi/zaragoza/el-castillo
79547,El Llano de Santa Isabel,Rancho,Zaragoza,San Luis Potosí,,Rural,https://postali.app/mx/san-luis-potosi/zaragoza/el-llano-de-santa-isabel
79547,Garrochitas,Rancho,Zaragoza,San Luis Potosí,,Rural,https://postali.app/mx/san-luis-potosi/zaragoza/garrochitas
79547,Independencia (Patol),Ranchería,Zaragoza,San Luis Potosí,,Rural,https://postali.app/mx/san-luis-potosi/zaragoza/independencia-patol
79547,José Natividad Silva,Rancho,Zaragoza,San Luis Potosí,,Rural,https://postali.app/mx/san-luis-potosi/zaragoza/jose-natividad-silva
79547,La Estancia,Rancho,Zaragoza,San Luis Potosí,,Rural,https://postali.app/mx/san-luis-potosi/zaragoza/la-estancia
79547,La Luz (Rodríguez Gaytán),Rancho,Zaragoza,San Luis Potosí,,Rural,https://postali.app/mx/san-luis-potosi/zaragoza/la-luz-rodriguez-gaytan
79547,La Morena,Hacienda,Zaragoza,San Luis Potosí,,Rural,https://postali.app/mx/san-luis-potosi/zaragoza/la-morena
79547,La Tinaja,Rancho,Zaragoza,San Luis Potosí,,Rural,https://postali.app/mx/san-luis-potosi/zaragoza/la-tinaja
79547,Las Trojes,Rancho,Zaragoza,San Luis Potosí,,Rural,https://postali.app/mx/san-luis-potosi/zaragoza/las-trojes
79547,Las Ánimas,Rancho,Zaragoza,San Luis Potosí,,Rural,https://postali.app/mx/san-luis-potosi/zaragoza/las-animas
79547,Los Terreros,Rancho,Zaragoza,San Luis Potosí,,Rural,https://postali.app/mx/san-luis-potosi/zaragoza/los-terreros
79547,Los Tres Potrillos,Rancho,Zaragoza,San Luis Potosí,,Rural,https://postali.app/mx/san-luis-potosi/zaragoza/los-tres-potrillos
79547,Magdaleno de la Rosa,Rancho,Zaragoza,San Luis Potosí,,Rural,https://postali.app/mx/san-luis-potosi/zaragoza/magdaleno-de-la-rosa
79547,Paso Colorado,Rancho,Zaragoza,San Luis Potosí,,Rural,https://postali.app/mx/san-luis-potosi/zaragoza/paso-colorado
79547,Ranchito de los Rivera,Ranchería,Zaragoza,San Luis Potosí,,Rural,https://postali.app/mx/san-luis-potosi/zaragoza/ranchito-de-los-rivera
79547,Rancho el Pituche,Ranchería,Zaragoza,San Luis Potosí,,Rural,https://postali.app/mx/san-luis-potosi/zaragoza/rancho-el-pituche
79547,San José de Gómez,Ranchería,Zaragoza,San Luis Potosí,,Rural,https://postali.app/mx/san-luis-potosi/zaragoza/san-jose-de-gomez
79547,Tanque el Llano,Ranchería,Zaragoza,San Luis Potosí,,Rural,https://postali.app/mx/san-luis-potosi/zaragoza/tanque-el-llano
79547,Tanque Prieto,Rancho,Zaragoza,San Luis Potosí,,Rural,https://postali.app/mx/san-luis-potosi/zaragoza/tanque-prieto
79547,Valente Moreno Ponce,Rancho,Zaragoza,San Luis Potosí,,Rural,https://postali.app/mx/san-luis-potosi/zaragoza/valente-moreno-ponce
79547,Xoconoxtle,Ranchería,Zaragoza,San Luis Potosí,,Rural,https://postali.app/mx/san-luis-potosi/zaragoza/xoconoxtle
79550,El Puertecito de las Escobas,Rancho,Zaragoza,San Luis Potosí,,Rural,https://postali.app/mx/san-luis-potosi/zaragoza/el-puertecito-de-las-escobas
79550,El Recodo,Rancho,Zaragoza,San Luis Potosí,,Rural,https://postali.app/mx/san-luis-potosi/zaragoza/el-recodo
79550,Joya Honda,Ranchería,Zaragoza,San Luis Potosí,,Rural,https://postali.app/mx/san-luis-potosi/zaragoza/joya-honda
79550,La Laguna,Rancho,Zaragoza,San Luis Potosí,,Rural,https://postali.app/mx/san-luis-potosi/zaragoza/la-laguna
79550,La Salitrera,Ranchería,Zaragoza,San Luis Potosí,,Rural,https://postali.app/mx/san-luis-potosi/zaragoza/la-salitrera
79550,Los Dos Cerros,Rancho,Zaragoza,San Luis Potosí,,Rural,https://postali.app/mx/san-luis-potosi/zaragoza/los-dos-cerros
79550,Potrerillo,Rancho,Zaragoza,San Luis Potosí,,Rural,https://postali.app/mx/san-luis-potosi/zaragoza/potrerillo
79550,Puerto del Jacal,Rancho,Zaragoza,San Luis Potosí,,Rural,https://postali.app/mx/san-luis-potosi/zaragoza/puerto-del-jacal
79553,Cerro Cuate,Rancho,Zaragoza,San Luis Potosí,,Rural,https://postali.app/mx/san-luis-potosi/zaragoza/cerro-cuate
79553,Chula Vista,Rancho,Zaragoza,San Luis Potosí,,Rural,https://postali.app/mx/san-luis-potosi/zaragoza/chula-vista
79553,El Aguacatal,Rancho,Zaragoza,San Luis Potosí,,Rural,https://postali.app/mx/san-luis-potosi/zaragoza/el-aguacatal
79553,Kilómetro 58,Ranchería,Zaragoza,San Luis Potosí,,Rural,https://postali.app/mx/san-luis-potosi/zaragoza/kilometro-58
79553,La Cardona (Las Aguilillas),Rancho,Zaragoza,San Luis Potosí,,Rural,https://postali.app/mx/san-luis-potosi/zaragoza/la-cardona-las-aguilillas
79553,Las Galgas,Rancho,Zaragoza,San Luis Potosí,,Rural,https://postali.app/mx/san-luis-potosi/zaragoza/las-galgas
79553,Los Lirios,Rancho,Zaragoza,San Luis Potosí,,Rural,https://postali.app/mx/san-luis-potosi/zaragoza/los-lirios
79553,Los Llanitos,Rancho,Zaragoza,San Luis Potosí,,Rural,https://postali.app/mx/san-luis-potosi/zaragoza/los-llanitos
79553,Puerto de Badillo,Ranchería,Zaragoza,San Luis Potosí,,Rural,https://postali.app/mx/san-luis-potosi/zaragoza/puerto-de-badillo
79553,Rancho Nuevo,Ranchería,Zaragoza,San Luis Potosí,,Rural,https://postali.app/mx/san-luis-potosi/zaragoza/rancho-nuevo
79554,Agua Blanca,Ranchería,Zaragoza,San Luis Potosí,,Rural,https://postali.app/mx/san-luis-potosi/zaragoza/agua-blanca
79554,Altamira,Ranchería,Zaragoza,San Luis Potosí,,Rural,https://postali.app/mx/san-luis-potosi/zaragoza/altamira
79554,Cañón del Pozo,Rancho,Zaragoza,San Luis Potosí,,Rural,https://postali.app/mx/san-luis-potosi/zaragoza/canon-del-pozo
79554,Cerro los Caballos,Rancho,Zaragoza,San Luis Potosí,,Rural,https://postali.app/mx/san-luis-potosi/zaragoza/cerro-los-caballos
79554,De San Isidro,Exhacienda,Zaragoza,San Luis Potosí,,Rural,https://postali.app/mx/san-luis-potosi/zaragoza/de-san-isidro
79554,El Divisadero,Rancho,Zaragoza,San Luis Potosí,,Rural,https://postali.app/mx/san-luis-potosi/zaragoza/el-divisadero
79554,El Milagro,Rancho,Zaragoza,San Luis Potosí,,Rural,https://postali.app/mx/san-luis-potosi/zaragoza/el-milagro
79554,El Pinal,Rancho,Zaragoza,San Luis Potosí,,Rural,https://postali.app/mx/san-luis-potosi/zaragoza/el-pinal
79554,El Puerto Hondo,Rancho,Zaragoza,San Luis Potosí,,Rural,https://postali.app/mx/san-luis-potosi/zaragoza/el-puerto-hondo
79554,La Ciénaga del Trigo,Rancho,Zaragoza,San Luis Potosí,,Rural,https://postali.app/mx/san-luis-potosi/zaragoza/la-cienaga-del-trigo
79554,La Colmena,Rancho,Zaragoza,San Luis Potosí,,Rural,https://postali.app/mx/san-luis-potosi/zaragoza/la-colmena
79554,La Lagunita,Ejido,Zaragoza,San Luis Potosí,,Rural,https://postali.app/mx/san-luis-potosi/zaragoza/la-lagunita-79554
79554,La Laja,Ranchería,Zaragoza,San Luis Potosí,,Rural,https://postali.app/mx/san-luis-potosi/zaragoza/la-laja
79554,La Pendencia,Rancho,Zaragoza,San Luis Potosí,,Rural,https://postali.app/mx/san-luis-potosi/zaragoza/la-pendencia
79554,La Rafaela,Rancho,Zaragoza,San Luis Potosí,,Rural,https://postali.app/mx/san-luis-potosi/zaragoza/la-rafaela
79554,La Sierra,Rancho,Zaragoza,San Luis Potosí,,Rural,https://postali.app/mx/san-luis-potosi/zaragoza/la-sierra
79554,La Virgen,Rancho,Zaragoza,San Luis Potosí,,Rural,https://postali.app/mx/san-luis-potosi/zaragoza/la-virgen
79554,Las Aguilillas,Ranchería,Zaragoza,San Luis Potosí,,Rural,https://postali.app/mx/san-luis-potosi/zaragoza/las-aguilillas
79554,Las Rusias,Rancho,Zaragoza,San Luis Potosí,,Rural,https://postali.app/mx/san-luis-potosi/zaragoza/las-rusias
79554,Las Trojes,Rancho,Zaragoza,San Luis Potosí,,Rural,https://postali.app/mx/san-luis-potosi/zaragoza/las-trojes-79554
79554,Los Hoyos,Rancho,Zaragoza,San Luis Potosí,,Rural,https://postali.app/mx/san-luis-potosi/zaragoza/los-hoyos
79554,Los Matías,Rancho,Zaragoza,San Luis Potosí,,Rural,https://postali.app/mx/san-luis-potosi/zaragoza/los-matias
79554,Puerto de la Huerta,Rancho,Zaragoza,San Luis Potosí,,Rural,https://postali.app/mx/san-luis-potosi/zaragoza/puerto-de-la-huerta
79554,Rancho el Sumidero,Ranchería,Zaragoza,San Luis Potosí,,Rural,https://postali.app/mx/san-luis-potosi/zaragoza/rancho-el-sumidero
79554,Rancho los Manzanos,Ranchería,Zaragoza,San Luis Potosí,,Rural,https://postali.app/mx/san-luis-potosi/zaragoza/rancho-los-manzanos
79554,Rincón de la Yerbabuena,Rancho,Zaragoza,San Luis Potosí,,Rural,https://postali.app/mx/san-luis-potosi/zaragoza/rincon-de-la-yerbabuena
79554,San Francisco,Ejido,Zaragoza,San Luis Potosí,,Rural,https://postali.app/mx/san-luis-potosi/zaragoza/san-francisco
79554,Valle de los Fantasmas,Ranchería,Zaragoza,San Luis Potosí,,Rural,https://postali.app/mx/san-luis-potosi/zaragoza/valle-de-los-fantasmas
79554,Álvarez,Hacienda,Zaragoza,San Luis Potosí,,Rural,https://postali.app/mx/san-luis-potosi/zaragoza/alvarez
79555,Agua Zarca,Ranchería,Zaragoza,San Luis Potosí,,Rural,https://postali.app/mx/san-luis-potosi/zaragoza/agua-zarca
79555,Alfredo Alvarado (El Picacho),Ranchería,Zaragoza,San Luis Potosí,,Rural,https://postali.app/mx/san-luis-potosi/zaragoza/alfredo-alvarado-el-picacho
79555,El Charco,Ranchería,Zaragoza,San Luis Potosí,,Rural,https://postali.app/mx/san-luis-potosi/zaragoza/el-charco
79555,El Cocolistle,Rancho,Zaragoza,San Luis Potosí,,Rural,https://postali.app/mx/san-luis-potosi/zaragoza/el-cocolistle
79555,El Congo,Ranchería,Zaragoza,San Luis Potosí,,Rural,https://postali.app/mx/san-luis-potosi/zaragoza/el-congo
79555,El Lindero,Rancho,Zaragoza,San Luis Potosí,,Rural,https://postali.app/mx/san-luis-potosi/zaragoza/el-lindero
79555,El Membrillo,Rancho,Zaragoza,San Luis Potosí,,Rural,https://postali.app/mx/san-luis-potosi/zaragoza/el-membrillo
79555,El Zapote,Rancho,Zaragoza,San Luis Potosí,,Rural,https://postali.app/mx/san-luis-potosi/zaragoza/el-zapote
79555,Estanco del Carmen,Ranchería,Zaragoza,San Luis Potosí,,Rural,https://postali.app/mx/san-luis-potosi/zaragoza/estanco-del-carmen
79555,Fracción Juárez,Rancho,Zaragoza,San Luis Potosí,,Rural,https://postali.app/mx/san-luis-potosi/zaragoza/fraccion-juarez
79555,La Cañada del Pastle,Rancho,Zaragoza,San Luis Potosí,,Rural,https://postali.app/mx/san-luis-potosi/zaragoza/la-canada-del-pastle
79555,La Cieneguilla,Rancho,Zaragoza,San Luis Potosí,,Rural,https://postali.app/mx/san-luis-potosi/zaragoza/la-cieneguilla
79555,La Labor del Mazo,Rancho,Zaragoza,San Luis Potosí,,Rural,https://postali.app/mx/san-luis-potosi/zaragoza/la-labor-del-mazo
79555,La Lobera,Rancho,Zaragoza,San Luis Potosí,,Rural,https://postali.app/mx/san-luis-potosi/zaragoza/la-lobera
79555,La Ordeñita,Rancho,Zaragoza,San Luis Potosí,,Rural,https://postali.app/mx/san-luis-potosi/zaragoza/la-ordenita
79555,La Paradita,Rancho,Zaragoza,San Luis Potosí,,Rural,https://postali.app/mx/san-luis-potosi/zaragoza/la-paradita
79555,La Tableta,Rancho,Zaragoza,San Luis Potosí,,Rural,https://postali.app/mx/san-luis-potosi/zaragoza/la-tableta
79555,Los Castillos,Rancho,Zaragoza,San Luis Potosí,,Rural,https://postali.app/mx/san-luis-potosi/zaragoza/los-castillos
79555,Parada de los Martínez,Ranchería,Zaragoza,San Luis Potosí,,Rural,https://postali.app/mx/san-luis-potosi/zaragoza/parada-de-los-martinez
79555,Puertecito de la Cal,Rancho,Zaragoza,San Luis Potosí,,Rural,https://postali.app/mx/san-luis-potosi/zaragoza/puertecito-de-la-cal
79555,Puerto de la Cruz,Rancho,Zaragoza,San Luis Potosí,,Rural,https://postali.app/mx/san-luis-potosi/zaragoza/puerto-de-la-cruz
79555,Puerto del Ranchito,Rancho,Zaragoza,San Luis Potosí,,Rural,https://postali.app/mx/san-luis-potosi/zaragoza/puerto-del-ranchito
79555,Ranchito de Juárez,Ranchería,Zaragoza,San Luis Potosí,,Rural,https://postali.app/mx/san-luis-potosi/zaragoza/ranchito-de-juarez
79555,Rancho los Cascabeles,Ranchería,Zaragoza,San Luis Potosí,,Rural,https://postali.app/mx/san-luis-potosi/zaragoza/rancho-los-cascabeles
79555,Reyna,Rancho,Zaragoza,San Luis Potosí,,Rural,https://postali.app/mx/san-luis-potosi/zaragoza/reyna
79555,San José del Salto,Rancho,Zaragoza,San Luis Potosí,,Rural,https://postali.app/mx/san-luis-potosi/zaragoza/san-jose-del-salto
79556,Arreates,Ranchería,Zaragoza,San Luis Potosí,,Rural,https://postali.app/mx/san-luis-potosi/zaragoza/arreates
79556,Coahuila,Ranchería,Zaragoza,San Luis Potosí,,Rural,https://postali.app/mx/san-luis-potosi/zaragoza/coahuila
79556,De la Enramada,Hacienda,Zaragoza,San Luis Potosí,,Rural,https://postali.app/mx/san-luis-potosi/zaragoza/de-la-enramada
79556,El Cambalache,Rancho,Zaragoza,San Luis Potosí,,Rural,https://postali.app/mx/san-luis-potosi/zaragoza/el-cambalache
79556,El Cascarero,Rancho,Zaragoza,San Luis Potosí,,Rural,https://postali.app/mx/san-luis-potosi/zaragoza/el-cascarero
79556,El Panal,Rancho,Zaragoza,San Luis Potosí,,Rural,https://postali.app/mx/san-luis-potosi/zaragoza/el-panal
79556,El Polvorín,Rancho,Zaragoza,San Luis Potosí,,Rural,https://postali.app/mx/san-luis-potosi/zaragoza/el-polvorin
79556,La Bajadita,Rancho,Zaragoza,San Luis Potosí,,Rural,https://postali.app/mx/san-luis-potosi/zaragoza/la-bajadita
79556,La Soledad,Rancho,Zaragoza,San Luis Potosí,,Rural,https://postali.app/mx/san-luis-potosi/zaragoza/la-soledad
79556,Longoria,Ranchería,Zaragoza,San Luis Potosí,,Rural,https://postali.app/mx/san-luis-potosi/zaragoza/longoria
79556,Los Arroyitos,Rancho,Zaragoza,San Luis Potosí,,Rural,https://postali.app/mx/san-luis-potosi/zaragoza/los-arroyitos
79556,Los Pilares,Rancho,Zaragoza,San Luis Potosí,,Rural,https://postali.app/mx/san-luis-potosi/zaragoza/los-pilares
79556,Puerta de las Andanas,Rancho,Zaragoza,San Luis Potosí,,Rural,https://postali.app/mx/san-luis-potosi/zaragoza/puerta-de-las-andanas
79556,Ramiro Saldaña,Rancho,Zaragoza,San Luis Potosí,,Rural,https://postali.app/mx/san-luis-potosi/zaragoza/ramiro-saldana
79556,Texas,Ranchería,Zaragoza,San Luis Potosí,,Rural,https://postali.app/mx/san-luis-potosi/zaragoza/texas
79557,Alberca de la Cruz,Ranchería,Zaragoza,San Luis Potosí,,Rural,https://postali.app/mx/san-luis-potosi/zaragoza/alberca-de-la-cruz
79557,Cerro Gordo,Ranchería,Zaragoza,San Luis Potosí,,Rural,https://postali.app/mx/san-luis-potosi/zaragoza/cerro-gordo
79557,El Carmen,Rancho,Zaragoza,San Luis Potosí,,Rural,https://postali.app/mx/san-luis-potosi/zaragoza/el-carmen
79557,El Chilarillo,Rancho,Zaragoza,San Luis Potosí,,Rural,https://postali.app/mx/san-luis-potosi/zaragoza/el-chilarillo
79557,El Jagüey,Granja,Zaragoza,San Luis Potosí,,Rural,https://postali.app/mx/san-luis-potosi/zaragoza/el-jaguey
79557,El Jaralito,Ranchería,Zaragoza,San Luis Potosí,,Rural,https://postali.app/mx/san-luis-potosi/zaragoza/el-jaralito
79557,El Ojo de Agua,Rancho,Zaragoza,San Luis Potosí,,Rural,https://postali.app/mx/san-luis-potosi/zaragoza/el-ojo-de-agua
79557,El Pachol,Rancho,Zaragoza,San Luis Potosí,,Rural,https://postali.app/mx/san-luis-potosi/zaragoza/el-pachol
79557,El Pedregal,Colonia,Zaragoza,San Luis Potosí,,Rural,https://postali.app/mx/san-luis-potosi/zaragoza/el-pedregal-79557
79557,El Tostadero,Rancho,Zaragoza,San Luis Potosí,,Rural,https://postali.app/mx/san-luis-potosi/zaragoza/el-tostadero
79557,El Venadito,Rancho,Zaragoza,San Luis Potosí,,Rural,https://postali.app/mx/san-luis-potosi/zaragoza/el-venadito
79557,Finca Nápoles,Ranchería,Zaragoza,San Luis Potosí,,Rural,https://postali.app/mx/san-luis-potosi/zaragoza/finca-napoles
79557,Jamay,Colonia,Zaragoza,San Luis Potosí,,Rural,https://postali.app/mx/san-luis-potosi/zaragoza/jamay
79557,La Esperanza,Ejido,Zaragoza,San Luis Potosí,,Rural,https://postali.app/mx/san-luis-potosi/zaragoza/la-esperanza
79557,La Esperanza (Isidro Ávila),Rancho,Zaragoza,San Luis Potosí,,Rural,https://postali.app/mx/san-luis-potosi/zaragoza/la-esperanza-isidro-avila
79557,La Lagunita,Rancho,Zaragoza,San Luis Potosí,,Rural,https://postali.app/mx/san-luis-potosi/zaragoza/la-lagunita-79557
79557,La Mesita (La Vallita),Ranchería,Zaragoza,San Luis Potosí,,Rural,https://postali.app/mx/san-luis-potosi/zaragoza/la-mesita-la-vallita
79557,La Presita,Rancho,Zaragoza,San Luis Potosí,,Rural,https://postali.app/mx/san-luis-potosi/zaragoza/la-presita
79557,Las Borrachas,Ranchería,Zaragoza,San Luis Potosí,,Rural,https://postali.app/mx/san-luis-potosi/zaragoza/las-borrachas
79557,Las Paredes,Ranchería,Zaragoza,San Luis Potosí,,Rural,https://postali.app/mx/san-luis-potosi/zaragoza/las-paredes
79557,Los Cerritos,Rancho,Zaragoza,San Luis Potosí,,Rural,https://postali.app/mx/san-luis-potosi/zaragoza/los-cerritos
79557,Nazario Bravo,Ranchería,Zaragoza,San Luis Potosí,,Rural,https://postali.app/mx/san-luis-potosi/zaragoza/nazario-bravo
79557,Pilar de Guadalupe,Ranchería,Zaragoza,San Luis Potosí,,Rural,https://postali.app/mx/san-luis-potosi/zaragoza/pilar-de-guadalupe
79557,Pozo Número 2,Rancho,Zaragoza,San Luis Potosí,,Rural,https://postali.app/mx/san-luis-potosi/zaragoza/pozo-numero-2
79557,Rancho San Dimas,Ranchería,Zaragoza,San Luis Potosí,,Rural,https://postali.app/mx/san-luis-potosi/zaragoza/rancho-san-dimas
79557,Rodeo Don Johns Bro,Equipamiento,Zaragoza,San Luis Potosí,,Rural,https://postali.app/mx/san-luis-potosi/zaragoza/rodeo-don-johns-bro
79560,Americana,Colonia,Santa María del Río,San Luis Potosí,Santa María del Río,Urbano,https://postali.app/mx/san-luis-potosi/santa-maria-del-rio/americana
79560,Benito Juárez,Colonia,Santa María del Río,San Luis Potosí,Santa María del Río,Urbano,https://postali.app/mx/san-luis-potosi/santa-maria-del-rio/benito-juarez
79560,Cuartel Once,Barrio,Santa María del Río,San Luis Potosí,Santa María del Río,Urbano,https://postali.app/mx/san-luis-potosi/santa-maria-del-rio/cuartel-once
79560,Guadalupana,Colonia,Santa María del Río,San Luis Potosí,Santa María del Río,Urbano,https://postali.app/mx/san-luis-potosi/santa-maria-del-rio/guadalupana
79560,Gustavo Díaz Ordaz,Colonia,Santa María del Río,San Luis Potosí,Santa María del Río,Urbano,https://postali.app/mx/san-luis-potosi/santa-maria-del-rio/gustavo-diaz-ordaz
79560,La Trinidad,Barrio,Santa María del Río,San Luis Potosí,Santa María del Río,Urbano,https://postali.app/mx/san-luis-potosi/santa-maria-del-rio/la-trinidad
79560,Las Arboledas,Fraccionamiento,Santa María del Río,San Luis Potosí,Santa María del Río,Urbano,https://postali.app/mx/san-luis-potosi/santa-maria-del-rio/las-arboledas
79560,Las Cruces,Colonia,Santa María del Río,San Luis Potosí,Santa María del Río,Urbano,https://postali.app/mx/san-luis-potosi/santa-maria-del-rio/las-cruces
79560,Linda Vista,Colonia,Santa María del Río,San Luis Potosí,Santa María del Río,Urbano,https://postali.app/mx/san-luis-potosi/santa-maria-del-rio/linda-vista
79560,Loma Bonita,Colonia,Santa María del Río,San Luis Potosí,Santa María del Río,Urbano,https://postali.app/mx/san-luis-potosi/santa-maria-del-rio/loma-bonita
79560,María Auxiliadora,Colonia,Santa María del Río,San Luis Potosí,Santa María del Río,Urbano,https://postali.app/mx/san-luis-potosi/santa-maria-del-rio/maria-auxiliadora
79560,Puerto la Campana,Ranchería,Santa María del Río,San Luis Potosí,Santa María del Río,Urbano,https://postali.app/mx/san-luis-potosi/santa-maria-del-rio/puerto-la-campana
79560,San José,Barrio,Santa María del Río,San Luis Potosí,Santa María del Río,Urbano,https://postali.app/mx/san-luis-potosi/santa-maria-del-rio/san-jose
79560,San Juan,Barrio,Santa María del Río,San Luis Potosí,Santa María del Río,Urbano,https://postali.app/mx/san-luis-potosi/santa-maria-del-rio/san-juan
79560,Santa María del Río Centro,Colonia,Santa María del Río,San Luis Potosí,Santa María del Río,Urbano,https://postali.app/mx/san-luis-potosi/santa-maria-del-rio/santa-maria-del-rio-centro
79560,Santiago,Barrio,Santa María del Río,San Luis Potosí,Santa María del Río,Urbano,https://postali.app/mx/san-luis-potosi/santa-maria-del-rio/santiago
79562,Palmarito,Ranchería,Santa María del Río,San Luis Potosí,,Rural,https://postali.app/mx/san-luis-potosi/santa-maria-del-rio/palmarito
79562,Peregrina de Arriba,Ranchería,Santa María del Río,San Luis Potosí,,Rural,https://postali.app/mx/san-luis-potosi/santa-maria-del-rio/peregrina-de-arriba
79563,Barrancas del Pueblito (Cuesta Colorada),Ranchería,Santa María del Río,San Luis Potosí,,Rural,https://postali.app/mx/san-luis-potosi/santa-maria-del-rio/barrancas-del-pueblito-cuesta-colorada
79563,Bernalejo,Ranchería,Santa María del Río,San Luis Potosí,,Rural,https://postali.app/mx/san-luis-potosi/santa-maria-del-rio/bernalejo
79563,Cañón de Agua Fría,Ranchería,Santa María del Río,San Luis Potosí,,Rural,https://postali.app/mx/san-luis-potosi/santa-maria-del-rio/canon-de-agua-fria
79563,Cerro Prieto,Pueblo,Santa María del Río,San Luis Potosí,,Rural,https://postali.app/mx/san-luis-potosi/santa-maria-del-rio/cerro-prieto
79563,El Huizache,Colonia,Santa María del Río,San Luis Potosí,,Rural,https://postali.app/mx/san-luis-potosi/santa-maria-del-rio/el-huizache
79563,El Pueblito,Barrio,Santa María del Río,San Luis Potosí,,Rural,https://postali.app/mx/san-luis-potosi/santa-maria-del-rio/el-pueblito
79563,Enramadas,Ranchería,Santa María del Río,San Luis Potosí,,Rural,https://postali.app/mx/san-luis-potosi/santa-maria-del-rio/enramadas
79563,Fracción el Toro,Pueblo,Santa María del Río,San Luis Potosí,,Rural,https://postali.app/mx/san-luis-potosi/santa-maria-del-rio/fraccion-el-toro
79563,La Catedral,Ranchería,Santa María del Río,San Luis Potosí,,Rural,https://postali.app/mx/san-luis-potosi/santa-maria-del-rio/la-catedral
79563,La Paradilla,Rancho,Santa María del Río,San Luis Potosí,,Rural,https://postali.app/mx/san-luis-potosi/santa-maria-del-rio/la-paradilla
79563,Llano de Guadalupe,Rancho,Santa María del Río,San Luis Potosí,,Rural,https://postali.app/mx/san-luis-potosi/santa-maria-del-rio/llano-de-guadalupe
79563,Loma Bonita,Barrio,Santa María del Río,San Luis Potosí,,Rural,https://postali.app/mx/san-luis-potosi/santa-maria-del-rio/loma-bonita-79563
79563,Ojo Caliente,Pueblo,Santa María del Río,San Luis Potosí,,Rural,https://postali.app/mx/san-luis-potosi/santa-maria-del-rio/ojo-caliente
79563,Presa del Convento,Ranchería,Santa María del Río,San Luis Potosí,,Rural,https://postali.app/mx/san-luis-potosi/santa-maria-del-rio/presa-del-convento
79563,Puerto de Victoria,Rancho,Santa María del Río,San Luis Potosí,,Rural,https://postali.app/mx/san-luis-potosi/santa-maria-del-rio/puerto-de-victoria
79563,San Juan Capistrán,Ranchería,Santa María del Río,San Luis Potosí,,Rural,https://postali.app/mx/san-luis-potosi/santa-maria-del-rio/san-juan-capistran
79563,Seco,Rancho,Santa María del Río,San Luis Potosí,,Rural,https://postali.app/mx/san-luis-potosi/santa-maria-del-rio/seco
79563,Viejo Tres,Rancho,Santa María del Río,San Luis Potosí,,Rural,https://postali.app/mx/san-luis-potosi/santa-maria-del-rio/viejo-tres
79565,Barranca,Rancho,Santa María del Río,San Luis Potosí,,Rural,https://postali.app/mx/san-luis-potosi/santa-maria-del-rio/barranca
79565,El Soyate,Ranchería,Santa María del Río,San Luis Potosí,,Rural,https://postali.app/mx/san-luis-potosi/santa-maria-del-rio/el-soyate
79565,El Tepozán,Ranchería,Santa María del Río,San Luis Potosí,,Rural,https://postali.app/mx/san-luis-potosi/santa-maria-del-rio/el-tepozan
79565,Guanajuatito (Cerrito de la Cruz),Barrio,Santa María del Río,San Luis Potosí,,Rural,https://postali.app/mx/san-luis-potosi/santa-maria-del-rio/guanajuatito-cerrito-de-la-cruz
79566,Badillo,Ejido,Santa María del Río,San Luis Potosí,,Rural,https://postali.app/mx/san-luis-potosi/santa-maria-del-rio/badillo
79566,Cañada de Yáñez,Ranchería,Santa María del Río,San Luis Potosí,,Rural,https://postali.app/mx/san-luis-potosi/santa-maria-del-rio/canada-de-yanez
79566,El Laurel,Rancho,Santa María del Río,San Luis Potosí,,Rural,https://postali.app/mx/san-luis-potosi/santa-maria-del-rio/el-laurel
79566,La Caja,Rancho,Santa María del Río,San Luis Potosí,,Rural,https://postali.app/mx/san-luis-potosi/santa-maria-del-rio/la-caja
79566,La Presa de Potrerillo,Rancho,Santa María del Río,San Luis Potosí,,Rural,https://postali.app/mx/san-luis-potosi/santa-maria-del-rio/la-presa-de-potrerillo
79566,Ojo de Agua de las Flores,Rancho,Santa María del Río,San Luis Potosí,,Rural,https://postali.app/mx/san-luis-potosi/santa-maria-del-rio/ojo-de-agua-de-las-flores
79566,Peregrina de Abajo,Ejido,Santa María del Río,San Luis Potosí,,Rural,https://postali.app/mx/san-luis-potosi/santa-maria-del-rio/peregrina-de-abajo
79566,Puerto del Fraile,Rancho,Santa María del Río,San Luis Potosí,,Rural,https://postali.app/mx/san-luis-potosi/santa-maria-del-rio/puerto-del-fraile
79567,Escalerillas,Rancho,Santa María del Río,San Luis Potosí,,Rural,https://postali.app/mx/san-luis-potosi/santa-maria-del-rio/escalerillas
79567,Fracción Sánchez,Pueblo,Santa María del Río,San Luis Potosí,,Rural,https://postali.app/mx/san-luis-potosi/santa-maria-del-rio/fraccion-sanchez
79569,Balneario de Lourdes [Centro Vacacional],Equipamiento,Santa María del Río,San Luis Potosí,,Rural,https://postali.app/mx/san-luis-potosi/santa-maria-del-rio/balneario-de-lourdes-centro-vacacional
79569,El Organito,Ranchería,Santa María del Río,San Luis Potosí,,Rural,https://postali.app/mx/san-luis-potosi/santa-maria-del-rio/el-organito
79569,La Barranca,Ranchería,Santa María del Río,San Luis Potosí,,Rural,https://postali.app/mx/san-luis-potosi/santa-maria-del-rio/la-barranca
79569,La Labor del Río (Hacienda la Labor del Río),Ranchería,Santa María del Río,San Luis Potosí,,Rural,https://postali.app/mx/san-luis-potosi/santa-maria-del-rio/la-labor-del-rio-hacienda-la-labor-del-rio
79570,La Ordeña,Rancho,Santa María del Río,San Luis Potosí,,Rural,https://postali.app/mx/san-luis-potosi/santa-maria-del-rio/la-ordena
79570,San José Alburquerque,Ranchería,Santa María del Río,San Luis Potosí,,Rural,https://postali.app/mx/san-luis-potosi/santa-maria-del-rio/san-jose-alburquerque
79573,Vallecito de la Cruz,Ranchería,Santa María del Río,San Luis Potosí,,Rural,https://postali.app/mx/san-luis-potosi/santa-maria-del-rio/vallecito-de-la-cruz
79574,Cañada del Cacao,Ranchería,Santa María del Río,San Luis Potosí,,Rural,https://postali.app/mx/san-luis-potosi/santa-maria-del-rio/canada-del-cacao
79574,Paso de los Torres,Rancho,Santa María del Río,San Luis Potosí,,Rural,https://postali.app/mx/san-luis-potosi/santa-maria-del-rio/paso-de-los-torres
79575,Cañada de San Juan,Ranchería,Santa María del Río,San Luis Potosí,,Rural,https://postali.app/mx/san-luis-potosi/santa-maria-del-rio/canada-de-san-juan
79575,Laborcilla,Ranchería,Santa María del Río,San Luis Potosí,,Rural,https://postali.app/mx/san-luis-potosi/santa-maria-del-rio/laborcilla
79575,Rancho de Milpillas,Rancho,Santa María del Río,San Luis Potosí,,Rural,https://postali.app/mx/san-luis-potosi/santa-maria-del-rio/rancho-de-milpillas
79576,El Tigre,Ranchería,Santa María del Río,San Luis Potosí,,Rural,https://postali.app/mx/san-luis-potosi/santa-maria-del-rio/el-tigre
79577,El Guaricho,Rancho,Santa María del Río,San Luis Potosí,,Rural,https://postali.app/mx/san-luis-potosi/santa-maria-del-rio/el-guaricho
79578,La Boquineta,Rancho,Santa María del Río,San Luis Potosí,,Rural,https://postali.app/mx/san-luis-potosi/santa-maria-del-rio/la-boquineta
79580,El Fuerte,Ejido,Santa María del Río,San Luis Potosí,,Rural,https://postali.app/mx/san-luis-potosi/santa-maria-del-rio/el-fuerte
79580,El Molino,Rancho,Santa María del Río,San Luis Potosí,,Rural,https://postali.app/mx/san-luis-potosi/santa-maria-del-rio/el-molino
79580,Entronque a Tierra Nueva,Ranchería,Santa María del Río,San Luis Potosí,,Rural,https://postali.app/mx/san-luis-potosi/santa-maria-del-rio/entronque-a-tierra-nueva
79581,Agostadero de Santa Bárbara,Rancho,Santa María del Río,San Luis Potosí,,Rural,https://postali.app/mx/san-luis-potosi/santa-maria-del-rio/agostadero-de-santa-barbara
79581,El Cerrito,Rancho,Santa María del Río,San Luis Potosí,,Rural,https://postali.app/mx/san-luis-potosi/santa-maria-del-rio/el-cerrito
79581,La Cardona,Ranchería,Santa María del Río,San Luis Potosí,,Rural,https://postali.app/mx/san-luis-potosi/santa-maria-del-rio/la-cardona
79581,Tierra Quemada,Rancho,Santa María del Río,San Luis Potosí,,Rural,https://postali.app/mx/san-luis-potosi/santa-maria-del-rio/tierra-quemada
79584,Cerrito de Varas Blancas,Pueblo,Santa María del Río,San Luis Potosí,,Rural,https://postali.app/mx/san-luis-potosi/santa-maria-del-rio/cerrito-de-varas-blancas
79584,El Tule,Ejido,Santa María del Río,San Luis Potosí,,Rural,https://postali.app/mx/san-luis-potosi/santa-maria-del-rio/el-tule
79584,Los Conos,Ranchería,Santa María del Río,San Luis Potosí,,Rural,https://postali.app/mx/san-luis-potosi/santa-maria-del-rio/los-conos
79584,Los Cuartos,Rancho,Santa María del Río,San Luis Potosí,,Rural,https://postali.app/mx/san-luis-potosi/santa-maria-del-rio/los-cuartos
79584,Salitrillo,Rancho,Santa María del Río,San Luis Potosí,,Rural,https://postali.app/mx/san-luis-potosi/santa-maria-del-rio/salitrillo
79585,El Molino Cinco Señores,Rancho,Santa María del Río,San Luis Potosí,,Rural,https://postali.app/mx/san-luis-potosi/santa-maria-del-rio/el-molino-cinco-senores
79585,La Yerbabuena,Ranchería,Santa María del Río,San Luis Potosí,,Rural,https://postali.app/mx/san-luis-potosi/santa-maria-del-rio/la-yerbabuena
79585,Villela,Ejido,Santa María del Río,San Luis Potosí,,Rural,https://postali.app/mx/san-luis-potosi/santa-maria-del-rio/villela
79586,Presa de Dolores,Ranchería,Santa María del Río,San Luis Potosí,,Rural,https://postali.app/mx/san-luis-potosi/santa-maria-del-rio/presa-de-dolores
79588,El Álamo,Rancho,Santa María del Río,San Luis Potosí,,Rural,https://postali.app/mx/san-luis-potosi/santa-maria-del-rio/el-alamo
79588,Estancia de Atotonilco,Ranchería,Santa María del Río,San Luis Potosí,,Rural,https://postali.app/mx/san-luis-potosi/santa-maria-del-rio/estancia-de-atotonilco
79588,Fracción Uno Ex-Hacienda Santo Domingo,Barrio,Santa María del Río,San Luis Potosí,,Rural,https://postali.app/mx/san-luis-potosi/santa-maria-del-rio/fraccion-uno-ex-hacienda-santo-domingo
79588,La Pitahaya (Santo Domingo),Ejido,Santa María del Río,San Luis Potosí,,Rural,https://postali.app/mx/san-luis-potosi/santa-maria-del-rio/la-pitahaya-santo-domingo
79589,El Carmen,Ejido,Santa María del Río,San Luis Potosí,,Rural,https://postali.app/mx/san-luis-potosi/santa-maria-del-rio/el-carmen
79589,Temascalillo,Rancho,Santa María del Río,San Luis Potosí,,Rural,https://postali.app/mx/san-luis-potosi/santa-maria-del-rio/temascalillo
79590,Tierra Nueva Centro,Colonia,Tierra Nueva,San Luis Potosí,Tierra Nueva,Urbano,https://postali.app/mx/san-luis-potosi/tierra-nueva/tierra-nueva-centro
79592,Charcos,Barrio,Tierra Nueva,San Luis Potosí,Tierra Nueva,Urbano,https://postali.app/mx/san-luis-potosi/tierra-nueva/charcos
79592,De los Moros,Barrio,Tierra Nueva,San Luis Potosí,Tierra Nueva,Urbano,https://postali.app/mx/san-luis-potosi/tierra-nueva/de-los-moros
79592,El Original,Barrio,Tierra Nueva,San Luis Potosí,Tierra Nueva,Urbano,https://postali.app/mx/san-luis-potosi/tierra-nueva/el-original
79592,Las Ánimas,Barrio,Tierra Nueva,San Luis Potosí,Tierra Nueva,Urbano,https://postali.app/mx/san-luis-potosi/tierra-nueva/las-animas
79592,Los Nogales,Barrio,Tierra Nueva,San Luis Potosí,Tierra Nueva,Urbano,https://postali.app/mx/san-luis-potosi/tierra-nueva/los-nogales
79593,El Santuario,Barrio,Tierra Nueva,San Luis Potosí,Tierra Nueva,Urbano,https://postali.app/mx/san-luis-potosi/tierra-nueva/el-santuario
79593,Rancho la Cebada,Rancho,Tierra Nueva,San Luis Potosí,,Rural,https://postali.app/mx/san-luis-potosi/tierra-nueva/rancho-la-cebada
79594,La Piedad,Barrio,Tierra Nueva,San Luis Potosí,Tierra Nueva,Urbano,https://postali.app/mx/san-luis-potosi/tierra-nueva/la-piedad
79595,El Patol,Ranchería,Tierra Nueva,San Luis Potosí,,Rural,https://postali.app/mx/san-luis-potosi/tierra-nueva/el-patol
79595,El Piquín,Rancho,Tierra Nueva,San Luis Potosí,,Rural,https://postali.app/mx/san-luis-potosi/tierra-nueva/el-piquin
79595,El Salitre Grande,Rancho,Tierra Nueva,San Luis Potosí,,Rural,https://postali.app/mx/san-luis-potosi/tierra-nueva/el-salitre-grande
79595,Fracción de Hacienda Vieja,Ranchería,Tierra Nueva,San Luis Potosí,,Rural,https://postali.app/mx/san-luis-potosi/tierra-nueva/fraccion-de-hacienda-vieja
79595,Huizachal,Rancho,Tierra Nueva,San Luis Potosí,,Rural,https://postali.app/mx/san-luis-potosi/tierra-nueva/huizachal
79595,La Cruz de Cantera,Barrio,Tierra Nueva,San Luis Potosí,,Urbano,https://postali.app/mx/san-luis-potosi/tierra-nueva/la-cruz-de-cantera
79595,Nueva Patria y Libertad,Barrio,Tierra Nueva,San Luis Potosí,,Urbano,https://postali.app/mx/san-luis-potosi/tierra-nueva/nueva-patria-y-libertad
79595,Paisanos,Colonia,Tierra Nueva,San Luis Potosí,,Rural,https://postali.app/mx/san-luis-potosi/tierra-nueva/paisanos
79595,Rancho San Gabriel,Ranchería,Tierra Nueva,San Luis Potosí,,Rural,https://postali.app/mx/san-luis-potosi/tierra-nueva/rancho-san-gabriel
79595,San Gabriel (San Salvador),Barrio,Tierra Nueva,San Luis Potosí,,Rural,https://postali.app/mx/san-luis-potosi/tierra-nueva/san-gabriel-san-salvador
79596,Cerro de la Virgen,Barrio,Tierra Nueva,San Luis Potosí,,Rural,https://postali.app/mx/san-luis-potosi/tierra-nueva/cerro-de-la-virgen
79596,San Isidro,Barrio,Tierra Nueva,San Luis Potosí,,Rural,https://postali.app/mx/san-luis-potosi/tierra-nueva/san-isidro
79597,El Camarón,Rancho,Tierra Nueva,San Luis Potosí,,Rural,https://postali.app/mx/san-luis-potosi/tierra-nueva/el-camaron
79597,Los Lobos,Rancho,Tierra Nueva,San Luis Potosí,,Rural,https://postali.app/mx/san-luis-potosi/tierra-nueva/los-lobos
79597,Paso del Balcón,Rancho,Tierra Nueva,San Luis Potosí,,Rural,https://postali.app/mx/san-luis-potosi/tierra-nueva/paso-del-balcon
79597,Puerto de Lobos,Rancho,Tierra Nueva,San Luis Potosí,,Rural,https://postali.app/mx/san-luis-potosi/tierra-nueva/puerto-de-lobos
79599,Labor de Osolla,Rancho,Tierra Nueva,San Luis Potosí,,Rural,https://postali.app/mx/san-luis-potosi/tierra-nueva/labor-de-osolla
79600,Ampliación Ejido el Jabalí (La Curva),Ejido,Rioverde,San Luis Potosí,,Rural,https://postali.app/mx/san-luis-potosi/rioverde/ampliacion-ejido-el-jabali-la-curva
79600,Anexo el Riachuelo,Ejido,Rioverde,San Luis Potosí,,Rural,https://postali.app/mx/san-luis-potosi/rioverde/anexo-el-riachuelo
79600,Bordo Blanco,Ejido,Rioverde,San Luis Potosí,,Rural,https://postali.app/mx/san-luis-potosi/rioverde/bordo-blanco
79600,Carlota Méndez,Rancho,Rioverde,San Luis Potosí,,Rural,https://postali.app/mx/san-luis-potosi/rioverde/carlota-mendez
79600,El Capulín,Ejido,Rioverde,San Luis Potosí,,Rural,https://postali.app/mx/san-luis-potosi/rioverde/el-capulin
79600,El Garambullo,Ejido,Rioverde,San Luis Potosí,,Rural,https://postali.app/mx/san-luis-potosi/rioverde/el-garambullo
79600,El Huizachal,Ejido,Rioverde,San Luis Potosí,,Rural,https://postali.app/mx/san-luis-potosi/rioverde/el-huizachal
79600,El Obrajero,Ejido,Rioverde,San Luis Potosí,,Rural,https://postali.app/mx/san-luis-potosi/rioverde/el-obrajero
79600,El Riachuelo (El Caracol),Pueblo,Rioverde,San Luis Potosí,,Rural,https://postali.app/mx/san-luis-potosi/rioverde/el-riachuelo-el-caracol
79600,El Salto,Ejido,Rioverde,San Luis Potosí,,Rural,https://postali.app/mx/san-luis-potosi/rioverde/el-salto
79600,El Vergel de David Cruz Arellano,Ranchería,Rioverde,San Luis Potosí,,Rural,https://postali.app/mx/san-luis-potosi/rioverde/el-vergel-de-david-cruz-arellano
79600,Hernández [Ladrillera],Ranchería,Rioverde,San Luis Potosí,,Rural,https://postali.app/mx/san-luis-potosi/rioverde/hernandez-ladrillera
79600,Jovita Rivera Arredondo,Ranchería,Rioverde,San Luis Potosí,,Rural,https://postali.app/mx/san-luis-potosi/rioverde/jovita-rivera-arredondo
79600,Juan Verástegui,Rancho,Rioverde,San Luis Potosí,,Rural,https://postali.app/mx/san-luis-potosi/rioverde/juan-verastegui
79600,La Aldea,Ejido,Rioverde,San Luis Potosí,,Rural,https://postali.app/mx/san-luis-potosi/rioverde/la-aldea
79600,La Ardilla,Ranchería,Rioverde,San Luis Potosí,,Rural,https://postali.app/mx/san-luis-potosi/rioverde/la-ardilla
79600,La Laborcilla,Ejido,Rioverde,San Luis Potosí,,Rural,https://postali.app/mx/san-luis-potosi/rioverde/la-laborcilla
79600,La Misión,Ejido,Rioverde,San Luis Potosí,,Rural,https://postali.app/mx/san-luis-potosi/rioverde/la-mision
79600,La Palmita,Ranchería,Rioverde,San Luis Potosí,,Rural,https://postali.app/mx/san-luis-potosi/rioverde/la-palmita
79600,La Roca,Ranchería,Rioverde,San Luis Potosí,,Rural,https://postali.app/mx/san-luis-potosi/rioverde/la-roca
79600,Las Magdalenas,Ejido,Rioverde,San Luis Potosí,,Rural,https://postali.app/mx/san-luis-potosi/rioverde/las-magdalenas
79600,Las Vegas,Ranchería,Rioverde,San Luis Potosí,,Rural,https://postali.app/mx/san-luis-potosi/rioverde/las-vegas
79600,María del Rosario (Puente del Carmen),Colonia,Rioverde,San Luis Potosí,,Rural,https://postali.app/mx/san-luis-potosi/rioverde/maria-del-rosario-puente-del-carmen
79600,Palmillas,Ranchería,Rioverde,San Luis Potosí,,Rural,https://postali.app/mx/san-luis-potosi/rioverde/palmillas
79600,Palomas,Ranchería,Rioverde,San Luis Potosí,,Rural,https://postali.app/mx/san-luis-potosi/rioverde/palomas
79600,Paraíso de Ángeles,Ranchería,Rioverde,San Luis Potosí,,Rural,https://postali.app/mx/san-luis-potosi/rioverde/paraiso-de-angeles
79600,Parque Acuático El Capulín,Equipamiento,Rioverde,San Luis Potosí,,Rural,https://postali.app/mx/san-luis-potosi/rioverde/parque-acuatico-el-capulin
79600,Paso de los Herreros (Paso de Guadalupe),Ejido,Rioverde,San Luis Potosí,,Rural,https://postali.app/mx/san-luis-potosi/rioverde/paso-de-los-herreros-paso-de-guadalupe
79600,Plazuela,Ejido,Rioverde,San Luis Potosí,,Rural,https://postali.app/mx/san-luis-potosi/rioverde/plazuela
79600,Puerta Grande,Ranchería,Rioverde,San Luis Potosí,,Rural,https://postali.app/mx/san-luis-potosi/rioverde/puerta-grande
79600,Rancho el Esfuerzo,Ranchería,Rioverde,San Luis Potosí,,Rural,https://postali.app/mx/san-luis-potosi/rioverde/rancho-el-esfuerzo
79600,Salitrera,Rancho,Rioverde,San Luis Potosí,,Rural,https://postali.app/mx/san-luis-potosi/rioverde/salitrera
79600,San José del Tapanco,Ejido,Rioverde,San Luis Potosí,,Rural,https://postali.app/mx/san-luis-potosi/rioverde/san-jose-del-tapanco
79600,Valle Florido,Colonia,Rioverde,San Luis Potosí,,Rural,https://postali.app/mx/san-luis-potosi/rioverde/valle-florido
79603,Agua de los Robles,Ranchería,Rioverde,San Luis Potosí,,Rural,https://postali.app/mx/san-luis-potosi/rioverde/agua-de-los-robles
79603,Albino Martínez,Ranchería,Rioverde,San Luis Potosí,,Rural,https://postali.app/mx/san-luis-potosi/rioverde/albino-martinez
79603,Chupaderos,Ejido,Rioverde,San Luis Potosí,,Rural,https://postali.app/mx/san-luis-potosi/rioverde/chupaderos
79603,Cieneguillas,Ejido,Rioverde,San Luis Potosí,,Rural,https://postali.app/mx/san-luis-potosi/rioverde/cieneguillas
79603,La Tapona,Ejido,Rioverde,San Luis Potosí,,Rural,https://postali.app/mx/san-luis-potosi/rioverde/la-tapona
79603,Paradero la Tapona,Ranchería,Rioverde,San Luis Potosí,,Rural,https://postali.app/mx/san-luis-potosi/rioverde/paradero-la-tapona
79603,Rancho las Maravillas (Inocencio Martínez),Ranchería,Rioverde,San Luis Potosí,,Rural,https://postali.app/mx/san-luis-potosi/rioverde/rancho-las-maravillas-inocencio-martinez
79603,San José de las Flores,Ejido,Rioverde,San Luis Potosí,,Rural,https://postali.app/mx/san-luis-potosi/rioverde/san-jose-de-las-flores
79603,San José Gallinas,Ranchería,Rioverde,San Luis Potosí,,Rural,https://postali.app/mx/san-luis-potosi/rioverde/san-jose-gallinas
79603,Tecomates,Ejido,Rioverde,San Luis Potosí,,Rural,https://postali.app/mx/san-luis-potosi/rioverde/tecomates
79604,Arco Grande (Los Arquitos de San Isidro),Ejido,Rioverde,San Luis Potosí,,Rural,https://postali.app/mx/san-luis-potosi/rioverde/arco-grande-los-arquitos-de-san-isidro
79604,Buenavista,Ejido,Rioverde,San Luis Potosí,,Rural,https://postali.app/mx/san-luis-potosi/rioverde/buenavista
79604,El Begüeño,Ranchería,Rioverde,San Luis Potosí,,Rural,https://postali.app/mx/san-luis-potosi/rioverde/el-begueno
79604,El Cerro Colorado,Ejido,Rioverde,San Luis Potosí,,Rural,https://postali.app/mx/san-luis-potosi/rioverde/el-cerro-colorado
79604,El Coyote,Ejido,Rioverde,San Luis Potosí,,Rural,https://postali.app/mx/san-luis-potosi/rioverde/el-coyote
79604,El Ezquite,Ranchería,Rioverde,San Luis Potosí,,Rural,https://postali.app/mx/san-luis-potosi/rioverde/el-ezquite
79604,El Higuerón,Ejido,Rioverde,San Luis Potosí,,Rural,https://postali.app/mx/san-luis-potosi/rioverde/el-higueron
79604,El Jabalí,Ejido,Rioverde,San Luis Potosí,,Rural,https://postali.app/mx/san-luis-potosi/rioverde/el-jabali
79604,El Nacimiento,Ranchería,Rioverde,San Luis Potosí,,Rural,https://postali.app/mx/san-luis-potosi/rioverde/el-nacimiento
79604,Herminio Rodríguez,Rancho,Rioverde,San Luis Potosí,,Rural,https://postali.app/mx/san-luis-potosi/rioverde/herminio-rodriguez
79604,La Concha,Rancho,Rioverde,San Luis Potosí,,Rural,https://postali.app/mx/san-luis-potosi/rioverde/la-concha
79604,La Escondida,Ejido,Rioverde,San Luis Potosí,,Rural,https://postali.app/mx/san-luis-potosi/rioverde/la-escondida
79604,La Escondida Segunda Sección,Ranchería,Rioverde,San Luis Potosí,,Rural,https://postali.app/mx/san-luis-potosi/rioverde/la-escondida-segunda-seccion
79604,La Huerta Juárez,Ranchería,Rioverde,San Luis Potosí,,Rural,https://postali.app/mx/san-luis-potosi/rioverde/la-huerta-juarez
79604,La Loma,Ejido,Rioverde,San Luis Potosí,,Rural,https://postali.app/mx/san-luis-potosi/rioverde/la-loma
79604,La Manga,Ejido,Rioverde,San Luis Potosí,,Rural,https://postali.app/mx/san-luis-potosi/rioverde/la-manga
79604,La Manga,Ranchería,Rioverde,San Luis Potosí,,Rural,https://postali.app/mx/san-luis-potosi/rioverde/la-manga-79604
79604,La Robluda,Ranchería,Rioverde,San Luis Potosí,,Rural,https://postali.app/mx/san-luis-potosi/rioverde/la-robluda
79604,La Yerbabuena,Ranchería,Rioverde,San Luis Potosí,,Rural,https://postali.app/mx/san-luis-potosi/rioverde/la-yerbabuena
79604,Las Adjuntas,Ejido,Rioverde,San Luis Potosí,,Rural,https://postali.app/mx/san-luis-potosi/rioverde/las-adjuntas
79604,Las Guayabitas,Ejido,Rioverde,San Luis Potosí,,Rural,https://postali.app/mx/san-luis-potosi/rioverde/las-guayabitas
79604,Las Moctezumas,Ranchería,Rioverde,San Luis Potosí,,Rural,https://postali.app/mx/san-luis-potosi/rioverde/las-moctezumas
79604,Las Palmas,Ranchería,Rioverde,San Luis Potosí,,Rural,https://postali.app/mx/san-luis-potosi/rioverde/las-palmas
79604,Llanos de San Marcos,Colonia,Rioverde,San Luis Potosí,,Rural,https://postali.app/mx/san-luis-potosi/rioverde/llanos-de-san-marcos
79604,Los Anteojitos,Ranchería,Rioverde,San Luis Potosí,,Rural,https://postali.app/mx/san-luis-potosi/rioverde/los-anteojitos
79604,Los Potreritos,Ranchería,Rioverde,San Luis Potosí,,Rural,https://postali.app/mx/san-luis-potosi/rioverde/los-potreritos
79604,Manantial de la Media Luna [Centro Vacacional],Equipamiento,Rioverde,San Luis Potosí,,Rural,https://postali.app/mx/san-luis-potosi/rioverde/manantial-de-la-media-luna-centro-vacacional
79604,Pozo San Martín (Gregorio Milán),Rancho,Rioverde,San Luis Potosí,,Rural,https://postali.app/mx/san-luis-potosi/rioverde/pozo-san-martin-gregorio-milan
79604,Resumidero,Ranchería,Rioverde,San Luis Potosí,,Rural,https://postali.app/mx/san-luis-potosi/rioverde/resumidero
79604,San Diego,Ejido,Rioverde,San Luis Potosí,,Rural,https://postali.app/mx/san-luis-potosi/rioverde/san-diego
79604,San Isidro,Ranchería,Rioverde,San Luis Potosí,,Rural,https://postali.app/mx/san-luis-potosi/rioverde/san-isidro
79604,San Martín,Ejido,Rioverde,San Luis Potosí,,Rural,https://postali.app/mx/san-luis-potosi/rioverde/san-martin
79604,Santa Elena,Colonia,Rioverde,San Luis Potosí,,Rural,https://postali.app/mx/san-luis-potosi/rioverde/santa-elena
79604,Álamos de los Fierros,Ranchería,Rioverde,San Luis Potosí,,Rural,https://postali.app/mx/san-luis-potosi/rioverde/alamos-de-los-fierros
79605,El Rincón (Mesa de San Isidro),Ranchería,Rioverde,San Luis Potosí,,Rural,https://postali.app/mx/san-luis-potosi/rioverde/el-rincon-mesa-de-san-isidro
79605,El Sauz,Ejido,Rioverde,San Luis Potosí,,Rural,https://postali.app/mx/san-luis-potosi/rioverde/el-sauz
79605,Joya de Tablas (La Providencia),Ranchería,Rioverde,San Luis Potosí,,Rural,https://postali.app/mx/san-luis-potosi/rioverde/joya-de-tablas-la-providencia
79605,Joya del Durazno,Ejido,Rioverde,San Luis Potosí,,Rural,https://postali.app/mx/san-luis-potosi/rioverde/joya-del-durazno
79605,Joyas de San Isidro,Ranchería,Rioverde,San Luis Potosí,,Rural,https://postali.app/mx/san-luis-potosi/rioverde/joyas-de-san-isidro
79605,Joyas de Ventura,Ejido,Rioverde,San Luis Potosí,,Rural,https://postali.app/mx/san-luis-potosi/rioverde/joyas-de-ventura
79605,La Joya Verde (El Lucero),Ranchería,Rioverde,San Luis Potosí,,Rural,https://postali.app/mx/san-luis-potosi/rioverde/la-joya-verde-el-lucero
79605,La Pared (La Virgen Dos),Ranchería,Rioverde,San Luis Potosí,,Rural,https://postali.app/mx/san-luis-potosi/rioverde/la-pared-la-virgen-dos
79605,La Viga,Rancho,Rioverde,San Luis Potosí,,Rural,https://postali.app/mx/san-luis-potosi/rioverde/la-viga
79605,Las Adjuntas,Ranchería,Rioverde,San Luis Potosí,,Rural,https://postali.app/mx/san-luis-potosi/rioverde/las-adjuntas-79605
79605,Las Minitas,Ranchería,Rioverde,San Luis Potosí,,Rural,https://postali.app/mx/san-luis-potosi/rioverde/las-minitas
79605,Los Alamitos,Ranchería,Rioverde,San Luis Potosí,,Rural,https://postali.app/mx/san-luis-potosi/rioverde/los-alamitos
79605,Los Banquitos,Ranchería,Rioverde,San Luis Potosí,,Rural,https://postali.app/mx/san-luis-potosi/rioverde/los-banquitos
79605,Mesa de San Isidro,Ranchería,Rioverde,San Luis Potosí,,Rural,https://postali.app/mx/san-luis-potosi/rioverde/mesa-de-san-isidro
79605,Puerto de la Yerbabuena,Ejido,Rioverde,San Luis Potosí,,Rural,https://postali.app/mx/san-luis-potosi/rioverde/puerto-de-la-yerbabuena
79606,Agua Zarca (La Pila),Ejido,Rioverde,San Luis Potosí,,Rural,https://postali.app/mx/san-luis-potosi/rioverde/agua-zarca-la-pila
79606,Cañada Grande,Ejido,Rioverde,San Luis Potosí,,Rural,https://postali.app/mx/san-luis-potosi/rioverde/canada-grande
79606,Cerro del Carmen,Ejido,Rioverde,San Luis Potosí,,Rural,https://postali.app/mx/san-luis-potosi/rioverde/cerro-del-carmen
79606,El Carrizal,Ejido,Rioverde,San Luis Potosí,,Rural,https://postali.app/mx/san-luis-potosi/rioverde/el-carrizal
79606,El Charco,Ejido,Rioverde,San Luis Potosí,,Rural,https://postali.app/mx/san-luis-potosi/rioverde/el-charco
79606,El Coyote (El Rincón),Rancho,Rioverde,San Luis Potosí,,Rural,https://postali.app/mx/san-luis-potosi/rioverde/el-coyote-el-rincon
79606,El Refugio,Ejido,Rioverde,San Luis Potosí,,Rural,https://postali.app/mx/san-luis-potosi/rioverde/el-refugio
79606,La Ermita,Ranchería,Rioverde,San Luis Potosí,,Rural,https://postali.app/mx/san-luis-potosi/rioverde/la-ermita
79606,La Manzanilla,Ranchería,Rioverde,San Luis Potosí,,Rural,https://postali.app/mx/san-luis-potosi/rioverde/la-manzanilla
79606,Los Puertos (Colonia los Puertos),Ranchería,Rioverde,San Luis Potosí,,Rural,https://postali.app/mx/san-luis-potosi/rioverde/los-puertos-colonia-los-puertos
79606,Milpitas,Ejido,Rioverde,San Luis Potosí,,Rural,https://postali.app/mx/san-luis-potosi/rioverde/milpitas
79606,Nuevo (Ranchito),Rancho,Rioverde,San Luis Potosí,,Rural,https://postali.app/mx/san-luis-potosi/rioverde/nuevo-ranchito
79606,Paso de San Antonio,Ejido,Rioverde,San Luis Potosí,,Rural,https://postali.app/mx/san-luis-potosi/rioverde/paso-de-san-antonio
79606,Rancho del Puente (Puente Prieto),Ejido,Rioverde,San Luis Potosí,,Rural,https://postali.app/mx/san-luis-potosi/rioverde/rancho-del-puente-puente-prieto
79606,San Isidro de Vigas (El Huacal),Ejido,Rioverde,San Luis Potosí,,Rural,https://postali.app/mx/san-luis-potosi/rioverde/san-isidro-de-vigas-el-huacal
79606,San José de Canoas,Ejido,Rioverde,San Luis Potosí,,Rural,https://postali.app/mx/san-luis-potosi/rioverde/san-jose-de-canoas
79606,Santa Efigenia,Ranchería,Rioverde,San Luis Potosí,,Rural,https://postali.app/mx/san-luis-potosi/rioverde/santa-efigenia
79606,Tanque de San Juan,Ejido,Rioverde,San Luis Potosí,,Rural,https://postali.app/mx/san-luis-potosi/rioverde/tanque-de-san-juan
79607,Desparramadas,Ejido,Rioverde,San Luis Potosí,,Rural,https://postali.app/mx/san-luis-potosi/rioverde/desparramadas
79607,El Aguacate,Ejido,Rioverde,San Luis Potosí,,Rural,https://postali.app/mx/san-luis-potosi/rioverde/el-aguacate
79607,El Aliso,Ranchería,Rioverde,San Luis Potosí,,Rural,https://postali.app/mx/san-luis-potosi/rioverde/el-aliso
79607,El Freno,Ranchería,Rioverde,San Luis Potosí,,Rural,https://postali.app/mx/san-luis-potosi/rioverde/el-freno
79607,El Paso de los Alisos,Ejido,Rioverde,San Luis Potosí,,Rural,https://postali.app/mx/san-luis-potosi/rioverde/el-paso-de-los-alisos
79607,El Pescadito,Ejido,Rioverde,San Luis Potosí,,Rural,https://postali.app/mx/san-luis-potosi/rioverde/el-pescadito
79607,El Saucito,Ejido,Rioverde,San Luis Potosí,,Rural,https://postali.app/mx/san-luis-potosi/rioverde/el-saucito
79607,Guayabas,Ranchería,Rioverde,San Luis Potosí,,Rural,https://postali.app/mx/san-luis-potosi/rioverde/guayabas
79607,La Cruz del Alamito,Ranchería,Rioverde,San Luis Potosí,,Rural,https://postali.app/mx/san-luis-potosi/rioverde/la-cruz-del-alamito
79607,Las Albercas,Ranchería,Rioverde,San Luis Potosí,,Rural,https://postali.app/mx/san-luis-potosi/rioverde/las-albercas
79607,Las Márgaras,Ranchería,Rioverde,San Luis Potosí,,Rural,https://postali.app/mx/san-luis-potosi/rioverde/las-margaras
79607,Las Presitas,Ranchería,Rioverde,San Luis Potosí,,Rural,https://postali.app/mx/san-luis-potosi/rioverde/las-presitas
79607,Mesa del Salto,Ranchería,Rioverde,San Luis Potosí,,Rural,https://postali.app/mx/san-luis-potosi/rioverde/mesa-del-salto
79607,Ojo de Agua,Ranchería,Rioverde,San Luis Potosí,,Rural,https://postali.app/mx/san-luis-potosi/rioverde/ojo-de-agua
79607,Ojo de Agua Seco,Ranchería,Rioverde,San Luis Potosí,,Rural,https://postali.app/mx/san-luis-potosi/rioverde/ojo-de-agua-seco
79607,Palo Alto,Ranchería,Rioverde,San Luis Potosí,,Rural,https://postali.app/mx/san-luis-potosi/rioverde/palo-alto
79607,Puerto Ancho,Ranchería,Rioverde,San Luis Potosí,,Rural,https://postali.app/mx/san-luis-potosi/rioverde/puerto-ancho
79607,Puerto de la Vaca,Ranchería,Rioverde,San Luis Potosí,,Rural,https://postali.app/mx/san-luis-potosi/rioverde/puerto-de-la-vaca
79607,Soledad,Ranchería,Rioverde,San Luis Potosí,,Rural,https://postali.app/mx/san-luis-potosi/rioverde/soledad
79610,Rioverde Centro,Colonia,Rioverde,San Luis Potosí,Rioverde,Urbano,https://postali.app/mx/san-luis-potosi/rioverde/rioverde-centro
79613,Blockera Mondragón,Equipamiento,Rioverde,San Luis Potosí,,Rural,https://postali.app/mx/san-luis-potosi/rioverde/blockera-mondragon
79613,Bugambilias,Colonia,Rioverde,San Luis Potosí,Rioverde,Urbano,https://postali.app/mx/san-luis-potosi/rioverde/bugambilias
79613,El Gavilán,Rancho,Rioverde,San Luis Potosí,,Rural,https://postali.app/mx/san-luis-potosi/rioverde/el-gavilan
79613,Fracción Valle Florido,Barrio,Rioverde,San Luis Potosí,,Rural,https://postali.app/mx/san-luis-potosi/rioverde/fraccion-valle-florido
79613,Gabriel Martínez,Fraccionamiento,Rioverde,San Luis Potosí,Rioverde,Urbano,https://postali.app/mx/san-luis-potosi/rioverde/gabriel-martinez
79613,Gama,Colonia,Rioverde,San Luis Potosí,Rioverde,Urbano,https://postali.app/mx/san-luis-potosi/rioverde/gama
79613,Grúas Rioverde,Equipamiento,Rioverde,San Luis Potosí,,Rural,https://postali.app/mx/san-luis-potosi/rioverde/gruas-rioverde
79613,INFONAVIT Los Naranjos,Unidad habitacional,Rioverde,San Luis Potosí,Rioverde,Urbano,https://postali.app/mx/san-luis-potosi/rioverde/infonavit-los-naranjos
79613,La Cenicienta (Rancho de los Pescados),Ranchería,Rioverde,San Luis Potosí,,Rural,https://postali.app/mx/san-luis-potosi/rioverde/la-cenicienta-rancho-de-los-pescados
79613,La Esperanza,Rancho,Rioverde,San Luis Potosí,,Rural,https://postali.app/mx/san-luis-potosi/rioverde/la-esperanza
79613,La Florida,Rancho,Rioverde,San Luis Potosí,,Rural,https://postali.app/mx/san-luis-potosi/rioverde/la-florida
79613,La Ilusión,Colonia,Rioverde,San Luis Potosí,Rioverde,Urbano,https://postali.app/mx/san-luis-potosi/rioverde/la-ilusion
79613,La Pensión,Ranchería,Rioverde,San Luis Potosí,,Rural,https://postali.app/mx/san-luis-potosi/rioverde/la-pension
79613,Los Frailes,Colonia,Rioverde,San Luis Potosí,Rioverde,Urbano,https://postali.app/mx/san-luis-potosi/rioverde/los-frailes
79613,Los Fresnos,Fraccionamiento,Rioverde,San Luis Potosí,Rioverde,Urbano,https://postali.app/mx/san-luis-potosi/rioverde/los-fresnos
79613,Potrero del Llano,Rancho,Rioverde,San Luis Potosí,,Rural,https://postali.app/mx/san-luis-potosi/rioverde/potrero-del-llano
79613,Precursores,Colonia,Rioverde,San Luis Potosí,Rioverde,Urbano,https://postali.app/mx/san-luis-potosi/rioverde/precursores
79613,Quinta las Huertas,Fraccionamiento,Rioverde,San Luis Potosí,Rioverde,Urbano,https://postali.app/mx/san-luis-potosi/rioverde/quinta-las-huertas
79613,Quintas El Naranjal,Fraccionamiento,Rioverde,San Luis Potosí,Rioverde,Urbano,https://postali.app/mx/san-luis-potosi/rioverde/quintas-el-naranjal
79613,San Fancisco de Asis,Colonia,Rioverde,San Luis Potosí,Rioverde,Urbano,https://postali.app/mx/san-luis-potosi/rioverde/san-fancisco-de-asis
79613,San Isidro,Fraccionamiento,Rioverde,San Luis Potosí,Rioverde,Urbano,https://postali.app/mx/san-luis-potosi/rioverde/san-isidro-79613
79613,San Isidro,Rancho,Rioverde,San Luis Potosí,,Rural,https://postali.app/mx/san-luis-potosi/rioverde/san-isidro-79613-5228
79613,San Miguel,Colonia,Rioverde,San Luis Potosí,Rioverde,Urbano,https://postali.app/mx/san-luis-potosi/rioverde/san-miguel
79613,Santa Rosa,Fraccionamiento,Rioverde,San Luis Potosí,Rioverde,Urbano,https://postali.app/mx/san-luis-potosi/rioverde/santa-rosa
79613,Santa Teresa,Colonia,Rioverde,San Luis Potosí,Rioverde,Urbano,https://postali.app/mx/san-luis-potosi/rioverde/santa-teresa
79613,Valle Florido,Colonia,Rioverde,San Luis Potosí,Rioverde,Urbano,https://postali.app/mx/san-luis-potosi/rioverde/valle-florido-79613
79614,Carreón de los Condes,Fraccionamiento,Rioverde,San Luis Potosí,Rioverde,Urbano,https://postali.app/mx/san-luis-potosi/rioverde/carreon-de-los-condes
79614,Insurgentes,Colonia,Rioverde,San Luis Potosí,Rioverde,Urbano,https://postali.app/mx/san-luis-potosi/rioverde/insurgentes
79614,Las Rosas,Fraccionamiento,Rioverde,San Luis Potosí,Rioverde,Urbano,https://postali.app/mx/san-luis-potosi/rioverde/las-rosas
79614,Los Olivos,Fraccionamiento,Rioverde,San Luis Potosí,Rioverde,Urbano,https://postali.app/mx/san-luis-potosi/rioverde/los-olivos
79614,Los Pinos,Fraccionamiento,Rioverde,San Luis Potosí,Rioverde,Urbano,https://postali.app/mx/san-luis-potosi/rioverde/los-pinos
79614,Los Sabinos,Fraccionamiento,Rioverde,San Luis Potosí,Rioverde,Urbano,https://postali.app/mx/san-luis-potosi/rioverde/los-sabinos
79614,Morelos,Fraccionamiento,Rioverde,San Luis Potosí,Rioverde,Urbano,https://postali.app/mx/san-luis-potosi/rioverde/morelos
79614,Santa Teresita,Colonia,Rioverde,San Luis Potosí,Rioverde,Urbano,https://postali.app/mx/san-luis-potosi/rioverde/santa-teresita
79614,Villas Alejandra,Fraccionamiento,Rioverde,San Luis Potosí,Rioverde,Urbano,https://postali.app/mx/san-luis-potosi/rioverde/villas-alejandra
79615,Buenos Aires,Colonia,Rioverde,San Luis Potosí,Rioverde,Urbano,https://postali.app/mx/san-luis-potosi/rioverde/buenos-aires
79615,Ciudad Nueva,Colonia,Rioverde,San Luis Potosí,Rioverde,Urbano,https://postali.app/mx/san-luis-potosi/rioverde/ciudad-nueva
79615,Guadalupana,Colonia,Rioverde,San Luis Potosí,Rioverde,Urbano,https://postali.app/mx/san-luis-potosi/rioverde/guadalupana
79615,Hacienda San Isidro,Rancho,Rioverde,San Luis Potosí,,Rural,https://postali.app/mx/san-luis-potosi/rioverde/hacienda-san-isidro
79615,Potrero de las Mulas,Rancho,Rioverde,San Luis Potosí,,Rural,https://postali.app/mx/san-luis-potosi/rioverde/potrero-de-las-mulas
79615,Puente el Carmen,Colonia,Rioverde,San Luis Potosí,Rioverde,Urbano,https://postali.app/mx/san-luis-potosi/rioverde/puente-el-carmen
79615,Residencial del Carmen,Fraccionamiento,Rioverde,San Luis Potosí,Rioverde,Urbano,https://postali.app/mx/san-luis-potosi/rioverde/residencial-del-carmen
79616,Azahares,Colonia,Rioverde,San Luis Potosí,Rioverde,Urbano,https://postali.app/mx/san-luis-potosi/rioverde/azahares
79616,La Huerta,Fraccionamiento,Rioverde,San Luis Potosí,Rioverde,Urbano,https://postali.app/mx/san-luis-potosi/rioverde/la-huerta
79616,León Franco,Fraccionamiento,Rioverde,San Luis Potosí,Rioverde,Urbano,https://postali.app/mx/san-luis-potosi/rioverde/leon-franco
79616,San Francisco,Fraccionamiento,Rioverde,San Luis Potosí,Rioverde,Urbano,https://postali.app/mx/san-luis-potosi/rioverde/san-francisco
79616,Victoria,Colonia,Rioverde,San Luis Potosí,Rioverde,Urbano,https://postali.app/mx/san-luis-potosi/rioverde/victoria
79617,Del Valle,Colonia,Rioverde,San Luis Potosí,Rioverde,Urbano,https://postali.app/mx/san-luis-potosi/rioverde/del-valle
79617,El Porvenir,Fraccionamiento,Rioverde,San Luis Potosí,Rioverde,Urbano,https://postali.app/mx/san-luis-potosi/rioverde/el-porvenir
79617,INFONAVIT Ojo de Agua,Colonia,Rioverde,San Luis Potosí,Rioverde,Urbano,https://postali.app/mx/san-luis-potosi/rioverde/infonavit-ojo-de-agua
79617,La Unión,Colonia,Rioverde,San Luis Potosí,Rioverde,Urbano,https://postali.app/mx/san-luis-potosi/rioverde/la-union
79617,Los Sauces,Fraccionamiento,Rioverde,San Luis Potosí,Rioverde,Urbano,https://postali.app/mx/san-luis-potosi/rioverde/los-sauces
79617,Pedregal de San Marcos,Colonia,Rioverde,San Luis Potosí,Rioverde,Urbano,https://postali.app/mx/san-luis-potosi/rioverde/pedregal-de-san-marcos
79617,San Ángel,Fraccionamiento,Rioverde,San Luis Potosí,Rioverde,Urbano,https://postali.app/mx/san-luis-potosi/rioverde/san-angel
79618,Del Sol,Fraccionamiento,Rioverde,San Luis Potosí,Rioverde,Urbano,https://postali.app/mx/san-luis-potosi/rioverde/del-sol
79618,El Golfo,Colonia,Rioverde,San Luis Potosí,Rioverde,Urbano,https://postali.app/mx/san-luis-potosi/rioverde/el-golfo
79618,Ferrocarrilero,Colonia,Rioverde,San Luis Potosí,Rioverde,Urbano,https://postali.app/mx/san-luis-potosi/rioverde/ferrocarrilero
79618,Frontera,Fraccionamiento,Rioverde,San Luis Potosí,Rioverde,Urbano,https://postali.app/mx/san-luis-potosi/rioverde/frontera
79618,La Piedad,Fraccionamiento,Rioverde,San Luis Potosí,Rioverde,Urbano,https://postali.app/mx/san-luis-potosi/rioverde/la-piedad
79618,Los Alonsos,Colonia,Rioverde,San Luis Potosí,Rioverde,Urbano,https://postali.app/mx/san-luis-potosi/rioverde/los-alonsos
79618,Residencial Centenario,Fraccionamiento,Rioverde,San Luis Potosí,Rioverde,Urbano,https://postali.app/mx/san-luis-potosi/rioverde/residencial-centenario
79618,San Isidro,Fraccionamiento,Rioverde,San Luis Potosí,Rioverde,Urbano,https://postali.app/mx/san-luis-potosi/rioverde/san-isidro-79618
79618,San José,Fraccionamiento,Rioverde,San Luis Potosí,Rioverde,Urbano,https://postali.app/mx/san-luis-potosi/rioverde/san-jose
79618,San Rafael,Colonia,Rioverde,San Luis Potosí,Rioverde,Urbano,https://postali.app/mx/san-luis-potosi/rioverde/san-rafael
79619,Las Arboledas,Fraccionamiento,Rioverde,San Luis Potosí,Rioverde,Urbano,https://postali.app/mx/san-luis-potosi/rioverde/las-arboledas
79619,Los Naranjos,Colonia,Rioverde,San Luis Potosí,Rioverde,Urbano,https://postali.app/mx/san-luis-potosi/rioverde/los-naranjos
79619,San Antonio,Colonia,Rioverde,San Luis Potosí,Rioverde,Urbano,https://postali.app/mx/san-luis-potosi/rioverde/san-antonio
79620,Acción Nacional,Colonia,Rioverde,San Luis Potosí,Rioverde,Urbano,https://postali.app/mx/san-luis-potosi/rioverde/accion-nacional
79620,Isla de San Pablo,Colonia,Rioverde,San Luis Potosí,Rioverde,Urbano,https://postali.app/mx/san-luis-potosi/rioverde/isla-de-san-pablo
79620,La Pasadita,Colonia,Rioverde,San Luis Potosí,Rioverde,Urbano,https://postali.app/mx/san-luis-potosi/rioverde/la-pasadita
79623,El Bosque,Colonia,Rioverde,San Luis Potosí,Rioverde,Urbano,https://postali.app/mx/san-luis-potosi/rioverde/el-bosque
79623,Santa Fe,Fraccionamiento,Rioverde,San Luis Potosí,Rioverde,Urbano,https://postali.app/mx/san-luis-potosi/rioverde/santa-fe
79624,Aurelio Vázquez,Rancho,Rioverde,San Luis Potosí,,Rural,https://postali.app/mx/san-luis-potosi/rioverde/aurelio-vazquez
79624,Bernardino Ibarra Sánchez,Rancho,Rioverde,San Luis Potosí,,Rural,https://postali.app/mx/san-luis-potosi/rioverde/bernardino-ibarra-sanchez
79624,Cofradía Grande,Colonia,Rioverde,San Luis Potosí,Rioverde,Urbano,https://postali.app/mx/san-luis-potosi/rioverde/cofradia-grande
79624,La Pistola,Rancho,Rioverde,San Luis Potosí,,Rural,https://postali.app/mx/san-luis-potosi/rioverde/la-pistola
79624,Legaspi,Rancho,Rioverde,San Luis Potosí,,Rural,https://postali.app/mx/san-luis-potosi/rioverde/legaspi
79624,Los Ángeles,Colonia,Rioverde,San Luis Potosí,Rioverde,Urbano,https://postali.app/mx/san-luis-potosi/rioverde/los-angeles
79624,Santa Catarina,Colonia,Rioverde,San Luis Potosí,Rioverde,Urbano,https://postali.app/mx/san-luis-potosi/rioverde/santa-catarina
79624,Santa Julia,Colonia,Rioverde,San Luis Potosí,Rioverde,Urbano,https://postali.app/mx/san-luis-potosi/rioverde/santa-julia
79625,Buenos Aires,Ranchería,Rioverde,San Luis Potosí,,Rural,https://postali.app/mx/san-luis-potosi/rioverde/buenos-aires-79625
79625,Charco Verde,Rancho,Rioverde,San Luis Potosí,,Rural,https://postali.app/mx/san-luis-potosi/rioverde/charco-verde
79625,La Cantera,Colonia,Rioverde,San Luis Potosí,Rioverde,Urbano,https://postali.app/mx/san-luis-potosi/rioverde/la-cantera
79625,La Esperanza 1,Colonia,Rioverde,San Luis Potosí,Rioverde,Urbano,https://postali.app/mx/san-luis-potosi/rioverde/la-esperanza-1
79625,La Esperanza Dos,Colonia,Rioverde,San Luis Potosí,,Rural,https://postali.app/mx/san-luis-potosi/rioverde/la-esperanza-dos
79625,La Esperanza II,Colonia,Rioverde,San Luis Potosí,Rioverde,Urbano,https://postali.app/mx/san-luis-potosi/rioverde/la-esperanza-ii
79625,Las Palmas,Colonia,Rioverde,San Luis Potosí,Rioverde,Urbano,https://postali.app/mx/san-luis-potosi/rioverde/las-palmas-79625
79625,San Marcos,Colonia,Rioverde,San Luis Potosí,Rioverde,Urbano,https://postali.app/mx/san-luis-potosi/rioverde/san-marcos
79625,Santa María de Guadalupe,Colonia,Rioverde,San Luis Potosí,Rioverde,Urbano,https://postali.app/mx/san-luis-potosi/rioverde/santa-maria-de-guadalupe
79626,Carlos Jongitud,Fraccionamiento,Rioverde,San Luis Potosí,Rioverde,Urbano,https://postali.app/mx/san-luis-potosi/rioverde/carlos-jongitud
79626,El Zancudo (Sambalamtram),Ranchería,Rioverde,San Luis Potosí,,Rural,https://postali.app/mx/san-luis-potosi/rioverde/el-zancudo-sambalamtram
79626,Huerta las Carmelitas,Ranchería,Rioverde,San Luis Potosí,,Rural,https://postali.app/mx/san-luis-potosi/rioverde/huerta-las-carmelitas
79626,Jacarandas,Colonia,Rioverde,San Luis Potosí,Rioverde,Urbano,https://postali.app/mx/san-luis-potosi/rioverde/jacarandas
79626,La Morita,Colonia,Rioverde,San Luis Potosí,Rioverde,Urbano,https://postali.app/mx/san-luis-potosi/rioverde/la-morita
79626,Los Salitrillos (El Mostrenco),Rancho,Rioverde,San Luis Potosí,,Rural,https://postali.app/mx/san-luis-potosi/rioverde/los-salitrillos-el-mostrenco
79626,Magisterial Rio Verde,Fraccionamiento,Rioverde,San Luis Potosí,Rioverde,Urbano,https://postali.app/mx/san-luis-potosi/rioverde/magisterial-rio-verde
79626,Salitrillo,Ranchería,Rioverde,San Luis Potosí,,Rural,https://postali.app/mx/san-luis-potosi/rioverde/salitrillo
79626,Santa Cecilia,Colonia,Rioverde,San Luis Potosí,Rioverde,Urbano,https://postali.app/mx/san-luis-potosi/rioverde/santa-cecilia
79626,Santa Mónica,Fraccionamiento,Rioverde,San Luis Potosí,Rioverde,Urbano,https://postali.app/mx/san-luis-potosi/rioverde/santa-monica
79630,El Venado,Ranchería,Rioverde,San Luis Potosí,,Rural,https://postali.app/mx/san-luis-potosi/rioverde/el-venado
79630,Mitres,Rancho,Rioverde,San Luis Potosí,,Rural,https://postali.app/mx/san-luis-potosi/rioverde/mitres
79630,Rancho los Llorones,Ranchería,Rioverde,San Luis Potosí,,Rural,https://postali.app/mx/san-luis-potosi/rioverde/rancho-los-llorones
79630,San Bartolo,Paraje,Rioverde,San Luis Potosí,,Rural,https://postali.app/mx/san-luis-potosi/rioverde/san-bartolo
79633,Española,Rancho,Rioverde,San Luis Potosí,,Rural,https://postali.app/mx/san-luis-potosi/rioverde/espanola
79633,Potrero de San Isidro,Rancho,Rioverde,San Luis Potosí,,Rural,https://postali.app/mx/san-luis-potosi/rioverde/potrero-de-san-isidro
79634,Diego Ruiz,Ejido,Rioverde,San Luis Potosí,,Rural,https://postali.app/mx/san-luis-potosi/rioverde/diego-ruiz
79634,Rancho Santa Fe,Ranchería,Rioverde,San Luis Potosí,,Rural,https://postali.app/mx/san-luis-potosi/rioverde/rancho-santa-fe
79635,Progreso,Ejido,Rioverde,San Luis Potosí,,Rural,https://postali.app/mx/san-luis-potosi/rioverde/progreso
79636,El Sabinito,Ejido,Rioverde,San Luis Potosí,,Rural,https://postali.app/mx/san-luis-potosi/rioverde/el-sabinito
79636,La Muralla,Barrio,Rioverde,San Luis Potosí,,Rural,https://postali.app/mx/san-luis-potosi/rioverde/la-muralla
79636,La Sábana,Rancho,Rioverde,San Luis Potosí,,Rural,https://postali.app/mx/san-luis-potosi/rioverde/la-sabana
79636,Ojo de Agua,Ranchería,Rioverde,San Luis Potosí,,Rural,https://postali.app/mx/san-luis-potosi/rioverde/ojo-de-agua-79636
79636,San Francisco,Ejido,Rioverde,San Luis Potosí,,Rural,https://postali.app/mx/san-luis-potosi/rioverde/san-francisco-79636
79637,Angostura (Los Canelos),Ejido,Rioverde,San Luis Potosí,,Rural,https://postali.app/mx/san-luis-potosi/rioverde/angostura-los-canelos
79637,Santa Rosa Número Dos,Ranchería,Rioverde,San Luis Potosí,,Rural,https://postali.app/mx/san-luis-potosi/rioverde/santa-rosa-numero-dos
79640,Benito Juárez,Rancho,Rioverde,San Luis Potosí,,Rural,https://postali.app/mx/san-luis-potosi/rioverde/benito-juarez
79640,Cirio,Rancho,Rioverde,San Luis Potosí,,Rural,https://postali.app/mx/san-luis-potosi/rioverde/cirio
79640,El Albur,Rancho,Rioverde,San Luis Potosí,,Rural,https://postali.app/mx/san-luis-potosi/rioverde/el-albur
79640,El Palmar (El Rucio),Ranchería,Rioverde,San Luis Potosí,,Rural,https://postali.app/mx/san-luis-potosi/rioverde/el-palmar-el-rucio
79640,El Vergel,Rancho,Rioverde,San Luis Potosí,,Rural,https://postali.app/mx/san-luis-potosi/rioverde/el-vergel
79640,La Providencia,Zona comercial,Rioverde,San Luis Potosí,,Rural,https://postali.app/mx/san-luis-potosi/rioverde/la-providencia
79640,Las Grullas,Colonia,Rioverde,San Luis Potosí,,Rural,https://postali.app/mx/san-luis-potosi/rioverde/las-grullas
79640,Los Reyes,Rancho,Rioverde,San Luis Potosí,,Rural,https://postali.app/mx/san-luis-potosi/rioverde/los-reyes
79640,Pastora,Pueblo,Rioverde,San Luis Potosí,,Rural,https://postali.app/mx/san-luis-potosi/rioverde/pastora
79640,Platón Lárraga Zamora (El Llano),Granja,Rioverde,San Luis Potosí,,Rural,https://postali.app/mx/san-luis-potosi/rioverde/platon-larraga-zamora-el-llano
79640,Rancho el Diecisiete,Ranchería,Rioverde,San Luis Potosí,,Rural,https://postali.app/mx/san-luis-potosi/rioverde/rancho-el-diecisiete
79640,Rancho el Quince,Ranchería,Rioverde,San Luis Potosí,,Rural,https://postali.app/mx/san-luis-potosi/rioverde/rancho-el-quince
79640,Rancho el Trece,Ranchería,Rioverde,San Luis Potosí,,Rural,https://postali.app/mx/san-luis-potosi/rioverde/rancho-el-trece
79640,Rancho el Trébol,Ranchería,Rioverde,San Luis Potosí,,Rural,https://postali.app/mx/san-luis-potosi/rioverde/rancho-el-trebol
79640,Rancho la Gloria,Ranchería,Rioverde,San Luis Potosí,,Rural,https://postali.app/mx/san-luis-potosi/rioverde/rancho-la-gloria
79640,Rancho las Clavadas (Otomite),Ranchería,Rioverde,San Luis Potosí,,Rural,https://postali.app/mx/san-luis-potosi/rioverde/rancho-las-clavadas-otomite
79640,Rancho San Isidro,Ranchería,Rioverde,San Luis Potosí,,Rural,https://postali.app/mx/san-luis-potosi/rioverde/rancho-san-isidro
79640,Rancho San José de Piedras Negras,Ranchería,Rioverde,San Luis Potosí,,Rural,https://postali.app/mx/san-luis-potosi/rioverde/rancho-san-jose-de-piedras-negras
79640,Rancho Victoria,Ranchería,Rioverde,San Luis Potosí,,Rural,https://postali.app/mx/san-luis-potosi/rioverde/rancho-victoria
79640,Santa Isabel (La Luz),Granja,Rioverde,San Luis Potosí,,Rural,https://postali.app/mx/san-luis-potosi/rioverde/santa-isabel-la-luz
79640,Santo Domingo,Rancho,Rioverde,San Luis Potosí,,Rural,https://postali.app/mx/san-luis-potosi/rioverde/santo-domingo
79640,Trinidad,Rancho,Rioverde,San Luis Potosí,,Rural,https://postali.app/mx/san-luis-potosi/rioverde/trinidad
79643,Cruz de Marín,Ejido,Rioverde,San Luis Potosí,,Rural,https://postali.app/mx/san-luis-potosi/rioverde/cruz-de-marin
79643,El Nogalito,Ejido,Rioverde,San Luis Potosí,,Rural,https://postali.app/mx/san-luis-potosi/rioverde/el-nogalito
79643,Joya de Caballos (Joya de Jesús),Ranchería,Rioverde,San Luis Potosí,,Rural,https://postali.app/mx/san-luis-potosi/rioverde/joya-de-caballos-joya-de-jesus
79643,Joya de Ipazotes,Ejido,Rioverde,San Luis Potosí,,Rural,https://postali.app/mx/san-luis-potosi/rioverde/joya-de-ipazotes
79643,La Jabonera,Rancho,Rioverde,San Luis Potosí,,Rural,https://postali.app/mx/san-luis-potosi/rioverde/la-jabonera
79643,La Perdida,Ejido,Rioverde,San Luis Potosí,,Rural,https://postali.app/mx/san-luis-potosi/rioverde/la-perdida
79643,La Salitrera,Ranchería,Rioverde,San Luis Potosí,,Rural,https://postali.app/mx/san-luis-potosi/rioverde/la-salitrera
79643,Las Pilas,Ranchería,Rioverde,San Luis Potosí,,Rural,https://postali.app/mx/san-luis-potosi/rioverde/las-pilas
79643,Puerto de Martínez,Ranchería,Rioverde,San Luis Potosí,,Rural,https://postali.app/mx/san-luis-potosi/rioverde/puerto-de-martinez
79644,Alfonso Robles,Ranchería,Rioverde,San Luis Potosí,,Rural,https://postali.app/mx/san-luis-potosi/rioverde/alfonso-robles
79644,Barbechitos (Vicente Moreno Romero),Ranchería,Rioverde,San Luis Potosí,,Rural,https://postali.app/mx/san-luis-potosi/rioverde/barbechitos-vicente-moreno-romero
79644,Cecilio Martínez Cruz,Ranchería,Rioverde,San Luis Potosí,,Rural,https://postali.app/mx/san-luis-potosi/rioverde/cecilio-martinez-cruz
79644,Centro de Readaptación Social [Penitenciaría],Ranchería,Rioverde,San Luis Potosí,,Rural,https://postali.app/mx/san-luis-potosi/rioverde/centro-de-readaptacion-social-penitenciaria
79644,Charco Salado,Ejido,Rioverde,San Luis Potosí,,Rural,https://postali.app/mx/san-luis-potosi/rioverde/charco-salado
79644,Cholotova,Ranchería,Rioverde,San Luis Potosí,,Rural,https://postali.app/mx/san-luis-potosi/rioverde/cholotova
79644,Concepción Castillo,Granja,Rioverde,San Luis Potosí,,Rural,https://postali.app/mx/san-luis-potosi/rioverde/concepcion-castillo
79644,El Durazno,Rancho,Rioverde,San Luis Potosí,,Rural,https://postali.app/mx/san-luis-potosi/rioverde/el-durazno
79644,El Sacrificio,Rancho,Rioverde,San Luis Potosí,,Rural,https://postali.app/mx/san-luis-potosi/rioverde/el-sacrificio
79644,El Triángulo,Ranchería,Rioverde,San Luis Potosí,,Rural,https://postali.app/mx/san-luis-potosi/rioverde/el-triangulo
79644,Estancia Don Javier,Ranchería,Rioverde,San Luis Potosí,,Rural,https://postali.app/mx/san-luis-potosi/rioverde/estancia-don-javier
79644,Esteban García Allón,Rancho,Rioverde,San Luis Potosí,,Rural,https://postali.app/mx/san-luis-potosi/rioverde/esteban-garcia-allon
79644,Ildefonso Turrubiartes (La Boquilla),Ejido,Rioverde,San Luis Potosí,,Rural,https://postali.app/mx/san-luis-potosi/rioverde/ildefonso-turrubiartes-la-boquilla
79644,Independencia,Colonia,Rioverde,San Luis Potosí,,Rural,https://postali.app/mx/san-luis-potosi/rioverde/independencia
79644,Isabel Álvarez,Rancho,Rioverde,San Luis Potosí,,Rural,https://postali.app/mx/san-luis-potosi/rioverde/isabel-alvarez
79644,José García,Rancho,Rioverde,San Luis Potosí,,Rural,https://postali.app/mx/san-luis-potosi/rioverde/jose-garcia
79644,La Cajeta,Ranchería,Rioverde,San Luis Potosí,,Rural,https://postali.app/mx/san-luis-potosi/rioverde/la-cajeta
79644,La Cofradía,Ranchería,Rioverde,San Luis Potosí,,Rural,https://postali.app/mx/san-luis-potosi/rioverde/la-cofradia
79644,La Escondida,Ranchería,Rioverde,San Luis Potosí,,Rural,https://postali.app/mx/san-luis-potosi/rioverde/la-escondida-79644
79644,La Garrapata,Ranchería,Rioverde,San Luis Potosí,,Rural,https://postali.app/mx/san-luis-potosi/rioverde/la-garrapata
79644,La Poza Quintareña,Ranchería,Rioverde,San Luis Potosí,,Rural,https://postali.app/mx/san-luis-potosi/rioverde/la-poza-quintarena
79644,La Providencia,Ejido,Rioverde,San Luis Potosí,,Rural,https://postali.app/mx/san-luis-potosi/rioverde/la-providencia-79644
79644,La Virgen,Ejido,Rioverde,San Luis Potosí,,Rural,https://postali.app/mx/san-luis-potosi/rioverde/la-virgen
79644,Las Gemelas,Ranchería,Rioverde,San Luis Potosí,,Rural,https://postali.app/mx/san-luis-potosi/rioverde/las-gemelas
79644,Las Águilas,Zona comercial,Rioverde,San Luis Potosí,,Rural,https://postali.app/mx/san-luis-potosi/rioverde/las-aguilas
79644,Las Águilas,Ranchería,Rioverde,San Luis Potosí,,Rural,https://postali.app/mx/san-luis-potosi/rioverde/las-aguilas-79644
79644,Los Lagartijos,Ranchería,Rioverde,San Luis Potosí,,Rural,https://postali.app/mx/san-luis-potosi/rioverde/los-lagartijos
79644,Los Rosales,Rancho,Rioverde,San Luis Potosí,,Rural,https://postali.app/mx/san-luis-potosi/rioverde/los-rosales
79644,Los Tanques de la Escondida,Rancho,Rioverde,San Luis Potosí,,Rural,https://postali.app/mx/san-luis-potosi/rioverde/los-tanques-de-la-escondida
79644,Manuel Pérez,Ranchería,Rioverde,San Luis Potosí,,Rural,https://postali.app/mx/san-luis-potosi/rioverde/manuel-perez
79644,María Asunción del Barrio de los Ángeles,Colonia,Rioverde,San Luis Potosí,,Rural,https://postali.app/mx/san-luis-potosi/rioverde/maria-asuncion-del-barrio-de-los-angeles
79644,Miguel Hidalgo,Ejido,Rioverde,San Luis Potosí,,Rural,https://postali.app/mx/san-luis-potosi/rioverde/miguel-hidalgo
79644,Potrero de San José (Bonifacio Olvera),Rancho,Rioverde,San Luis Potosí,,Rural,https://postali.app/mx/san-luis-potosi/rioverde/potrero-de-san-jose-bonifacio-olvera
79644,Puente la Escondida,Ejido,Rioverde,San Luis Potosí,,Rural,https://postali.app/mx/san-luis-potosi/rioverde/puente-la-escondida
79644,Rancho de la Cruz,Ranchería,Rioverde,San Luis Potosí,,Rural,https://postali.app/mx/san-luis-potosi/rioverde/rancho-de-la-cruz
79644,Rancho el Gran Chaparral,Ranchería,Rioverde,San Luis Potosí,,Rural,https://postali.app/mx/san-luis-potosi/rioverde/rancho-el-gran-chaparral
79644,Rancho el Triunfo,Ranchería,Rioverde,San Luis Potosí,,Rural,https://postali.app/mx/san-luis-potosi/rioverde/rancho-el-triunfo
79644,Rancho la Concepción,Ranchería,Rioverde,San Luis Potosí,,Rural,https://postali.app/mx/san-luis-potosi/rioverde/rancho-la-concepcion
79644,Rancho la Guadalupana,Ranchería,Rioverde,San Luis Potosí,,Rural,https://postali.app/mx/san-luis-potosi/rioverde/rancho-la-guadalupana
79644,Rancho la Soledad,Ranchería,Rioverde,San Luis Potosí,,Rural,https://postali.app/mx/san-luis-potosi/rioverde/rancho-la-soledad
79644,Rancho la Soledad (La Presa),Ranchería,Rioverde,San Luis Potosí,,Rural,https://postali.app/mx/san-luis-potosi/rioverde/rancho-la-soledad-la-presa
79644,Rancho los Laureles,Ranchería,Rioverde,San Luis Potosí,,Rural,https://postali.app/mx/san-luis-potosi/rioverde/rancho-los-laureles
79644,Rancho los Olivos,Ranchería,Rioverde,San Luis Potosí,,Rural,https://postali.app/mx/san-luis-potosi/rioverde/rancho-los-olivos
79644,Rancho los Puertecitos,Ranchería,Rioverde,San Luis Potosí,,Rural,https://postali.app/mx/san-luis-potosi/rioverde/rancho-los-puertecitos
79644,Rancho San Fidel,Ranchería,Rioverde,San Luis Potosí,,Rural,https://postali.app/mx/san-luis-potosi/rioverde/rancho-san-fidel
79644,Rancho San Francisco,Ranchería,Rioverde,San Luis Potosí,,Rural,https://postali.app/mx/san-luis-potosi/rioverde/rancho-san-francisco
79644,Rancho San Gabriel,Ranchería,Rioverde,San Luis Potosí,,Rural,https://postali.app/mx/san-luis-potosi/rioverde/rancho-san-gabriel
79644,Rancho San José,Ranchería,Rioverde,San Luis Potosí,,Rural,https://postali.app/mx/san-luis-potosi/rioverde/rancho-san-jose
79644,Rancho San José,Ejido,Rioverde,San Luis Potosí,,Rural,https://postali.app/mx/san-luis-potosi/rioverde/rancho-san-jose-79644
79644,Rancho Santa Teresa,Ranchería,Rioverde,San Luis Potosí,,Rural,https://postali.app/mx/san-luis-potosi/rioverde/rancho-santa-teresa
79644,Rancho Tierra Blanca,Ranchería,Rioverde,San Luis Potosí,,Rural,https://postali.app/mx/san-luis-potosi/rioverde/rancho-tierra-blanca
79644,Rancho Tres Hermanos,Ranchería,Rioverde,San Luis Potosí,,Rural,https://postali.app/mx/san-luis-potosi/rioverde/rancho-tres-hermanos
79644,Redención Nacional,Colonia,Rioverde,San Luis Potosí,,Rural,https://postali.app/mx/san-luis-potosi/rioverde/redencion-nacional
79644,San Fernando,Ranchería,Rioverde,San Luis Potosí,,Rural,https://postali.app/mx/san-luis-potosi/rioverde/san-fernando
79644,San Vicente,Ejido,Rioverde,San Luis Potosí,,Rural,https://postali.app/mx/san-luis-potosi/rioverde/san-vicente
79644,Sanguijuela,Ejido,Rioverde,San Luis Potosí,,Rural,https://postali.app/mx/san-luis-potosi/rioverde/sanguijuela
79644,Santa Cruz,Rancho,Rioverde,San Luis Potosí,,Rural,https://postali.app/mx/san-luis-potosi/rioverde/santa-cruz
79644,Santa Rita,Ejido,Rioverde,San Luis Potosí,,Rural,https://postali.app/mx/san-luis-potosi/rioverde/santa-rita
79644,Valle de Guadalupe,Ejido,Rioverde,San Luis Potosí,,Rural,https://postali.app/mx/san-luis-potosi/rioverde/valle-de-guadalupe
79644,Valle de los Ángeles,Ranchería,Rioverde,San Luis Potosí,,Rural,https://postali.app/mx/san-luis-potosi/rioverde/valle-de-los-angeles
79645,Buena Vista,Ejido,Rioverde,San Luis Potosí,,Rural,https://postali.app/mx/san-luis-potosi/rioverde/buena-vista
79645,Cerrito Colorado,Rancho,Rioverde,San Luis Potosí,,Rural,https://postali.app/mx/san-luis-potosi/rioverde/cerrito-colorado
79645,Paso Real,Ranchería,Rioverde,San Luis Potosí,,Rural,https://postali.app/mx/san-luis-potosi/rioverde/paso-real
79645,San Joaquín de Vigas,Ranchería,Rioverde,San Luis Potosí,,Rural,https://postali.app/mx/san-luis-potosi/rioverde/san-joaquin-de-vigas
79645,Santa Isabel,Ejido,Rioverde,San Luis Potosí,,Rural,https://postali.app/mx/san-luis-potosi/rioverde/santa-isabel
79646,Agua del Venado,Ejido,Rioverde,San Luis Potosí,,Rural,https://postali.app/mx/san-luis-potosi/rioverde/agua-del-venado
79646,Alameda,Ejido,Rioverde,San Luis Potosí,,Rural,https://postali.app/mx/san-luis-potosi/rioverde/alameda
79646,Arroyo de la Cal,Ranchería,Rioverde,San Luis Potosí,,Rural,https://postali.app/mx/san-luis-potosi/rioverde/arroyo-de-la-cal
79646,Arroyo Hondo,Rancho,Rioverde,San Luis Potosí,,Rural,https://postali.app/mx/san-luis-potosi/rioverde/arroyo-hondo
79646,Bagres de Abajo,Ranchería,Rioverde,San Luis Potosí,,Rural,https://postali.app/mx/san-luis-potosi/rioverde/bagres-de-abajo
79646,Bagres de Arriba (La Estancia),Ejido,Rioverde,San Luis Potosí,,Rural,https://postali.app/mx/san-luis-potosi/rioverde/bagres-de-arriba-la-estancia
79646,Carrizal de Paredes,Ranchería,Rioverde,San Luis Potosí,,Rural,https://postali.app/mx/san-luis-potosi/rioverde/carrizal-de-paredes
79646,Corral Quemado,Rancho,Rioverde,San Luis Potosí,,Rural,https://postali.app/mx/san-luis-potosi/rioverde/corral-quemado
79646,El Abojón (Alameda),Rancho,Rioverde,San Luis Potosí,,Rural,https://postali.app/mx/san-luis-potosi/rioverde/el-abojon-alameda
79646,El Campanario,Ranchería,Rioverde,San Luis Potosí,,Rural,https://postali.app/mx/san-luis-potosi/rioverde/el-campanario
79646,El Carrizal,Ejido,Rioverde,San Luis Potosí,,Rural,https://postali.app/mx/san-luis-potosi/rioverde/el-carrizal-79646
79646,El Charco del Coyote,Ranchería,Rioverde,San Luis Potosí,,Rural,https://postali.app/mx/san-luis-potosi/rioverde/el-charco-del-coyote
79646,El Filo,Ranchería,Rioverde,San Luis Potosí,,Rural,https://postali.app/mx/san-luis-potosi/rioverde/el-filo
79646,El Garbanzo,Ranchería,Rioverde,San Luis Potosí,,Rural,https://postali.app/mx/san-luis-potosi/rioverde/el-garbanzo
79646,El Puertecito,Rancho,Rioverde,San Luis Potosí,,Rural,https://postali.app/mx/san-luis-potosi/rioverde/el-puertecito
79646,El Rincón Verde,Rancho,Rioverde,San Luis Potosí,,Rural,https://postali.app/mx/san-luis-potosi/rioverde/el-rincon-verde
79646,El Rodeo,Ranchería,Rioverde,San Luis Potosí,,Rural,https://postali.app/mx/san-luis-potosi/rioverde/el-rodeo
79646,El Saucillito,Ranchería,Rioverde,San Luis Potosí,,Rural,https://postali.app/mx/san-luis-potosi/rioverde/el-saucillito
79646,El Tulillo,Ranchería,Rioverde,San Luis Potosí,,Rural,https://postali.app/mx/san-luis-potosi/rioverde/el-tulillo
79646,El Zapote,Ranchería,Rioverde,San Luis Potosí,,Rural,https://postali.app/mx/san-luis-potosi/rioverde/el-zapote
79646,Encadenado,Ranchería,Rioverde,San Luis Potosí,,Rural,https://postali.app/mx/san-luis-potosi/rioverde/encadenado
79646,La Alegría,Rancho,Rioverde,San Luis Potosí,,Rural,https://postali.app/mx/san-luis-potosi/rioverde/la-alegria
79646,La Empanada (Mezquite Blanco),Ranchería,Rioverde,San Luis Potosí,,Rural,https://postali.app/mx/san-luis-potosi/rioverde/la-empanada-mezquite-blanco
79646,La Guadalupe (La Agüita),Fraccionamiento,Rioverde,San Luis Potosí,,Rural,https://postali.app/mx/san-luis-potosi/rioverde/la-guadalupe-la-aguita
79646,La Jabalina,Ranchería,Rioverde,San Luis Potosí,,Rural,https://postali.app/mx/san-luis-potosi/rioverde/la-jabalina
79646,La Minita (Rincón del Pino),Ranchería,Rioverde,San Luis Potosí,,Rural,https://postali.app/mx/san-luis-potosi/rioverde/la-minita-rincon-del-pino
79646,La Parada,Ranchería,Rioverde,San Luis Potosí,,Rural,https://postali.app/mx/san-luis-potosi/rioverde/la-parada
79646,La Rosita,Ranchería,Rioverde,San Luis Potosí,,Rural,https://postali.app/mx/san-luis-potosi/rioverde/la-rosita
79646,Las Adjuntas de Bagres,Ranchería,Rioverde,San Luis Potosí,,Rural,https://postali.app/mx/san-luis-potosi/rioverde/las-adjuntas-de-bagres
79646,Las Enramaditas,Ranchería,Rioverde,San Luis Potosí,,Rural,https://postali.app/mx/san-luis-potosi/rioverde/las-enramaditas
79646,Las Huertitas,Ranchería,Rioverde,San Luis Potosí,,Rural,https://postali.app/mx/san-luis-potosi/rioverde/las-huertitas
79646,Las Mangas,Ranchería,Rioverde,San Luis Potosí,,Rural,https://postali.app/mx/san-luis-potosi/rioverde/las-mangas
79646,Las Mesas,Rancho,Rioverde,San Luis Potosí,,Rural,https://postali.app/mx/san-luis-potosi/rioverde/las-mesas
79646,Los Alamitos,Rancho,Rioverde,San Luis Potosí,,Rural,https://postali.app/mx/san-luis-potosi/rioverde/los-alamitos-79646
79646,Los Corrales (Nueva Rosita),Ranchería,Rioverde,San Luis Potosí,,Rural,https://postali.app/mx/san-luis-potosi/rioverde/los-corrales-nueva-rosita
79646,Malpaso,Ranchería,Rioverde,San Luis Potosí,,Rural,https://postali.app/mx/san-luis-potosi/rioverde/malpaso
79646,Malpaso Grande,Ranchería,Rioverde,San Luis Potosí,,Rural,https://postali.app/mx/san-luis-potosi/rioverde/malpaso-grande
79646,Nogal del Clavo,Ranchería,Rioverde,San Luis Potosí,,Rural,https://postali.app/mx/san-luis-potosi/rioverde/nogal-del-clavo
79646,Paredes,Ranchería,Rioverde,San Luis Potosí,,Rural,https://postali.app/mx/san-luis-potosi/rioverde/paredes
79646,Puerto de las Tarimas (El Aserradero),Ranchería,Rioverde,San Luis Potosí,,Rural,https://postali.app/mx/san-luis-potosi/rioverde/puerto-de-las-tarimas-el-aserradero
79646,San Jerónimo,Ranchería,Rioverde,San Luis Potosí,,Rural,https://postali.app/mx/san-luis-potosi/rioverde/san-jeronimo
79646,Sierra de la Virgen (El Chorro),Rancho,Rioverde,San Luis Potosí,,Rural,https://postali.app/mx/san-luis-potosi/rioverde/sierra-de-la-virgen-el-chorro
79646,Sorola,Ranchería,Rioverde,San Luis Potosí,,Rural,https://postali.app/mx/san-luis-potosi/rioverde/sorola
79646,Zapotito,Ranchería,Rioverde,San Luis Potosí,,Rural,https://postali.app/mx/san-luis-potosi/rioverde/zapotito
79647,Adjuntas,Ejido,Rioverde,San Luis Potosí,,Rural,https://postali.app/mx/san-luis-potosi/rioverde/adjuntas
79647,Agua Dulce,Ranchería,Rioverde,San Luis Potosí,,Rural,https://postali.app/mx/san-luis-potosi/rioverde/agua-dulce
79647,El Rodeo,Ejido,Rioverde,San Luis Potosí,,Rural,https://postali.app/mx/san-luis-potosi/rioverde/el-rodeo-79647
79647,El Tule,Ejido,Rioverde,San Luis Potosí,,Rural,https://postali.app/mx/san-luis-potosi/rioverde/el-tule
79647,La Peña,Ranchería,Rioverde,San Luis Potosí,,Rural,https://postali.app/mx/san-luis-potosi/rioverde/la-pena
79647,San Francisco de la Puebla,Ejido,Rioverde,San Luis Potosí,,Rural,https://postali.app/mx/san-luis-potosi/rioverde/san-francisco-de-la-puebla
79647,San Rafaelito,Ejido,Rioverde,San Luis Potosí,,Rural,https://postali.app/mx/san-luis-potosi/rioverde/san-rafaelito
79647,San Sebastián,Ejido,Rioverde,San Luis Potosí,,Rural,https://postali.app/mx/san-luis-potosi/rioverde/san-sebastian
79647,Santa Rosa,Ranchería,Rioverde,San Luis Potosí,,Rural,https://postali.app/mx/san-luis-potosi/rioverde/santa-rosa-79647
79647,Tierras Prietas,Ranchería,Rioverde,San Luis Potosí,,Rural,https://postali.app/mx/san-luis-potosi/rioverde/tierras-prietas
79647,Vielma,Ejido,Rioverde,San Luis Potosí,,Rural,https://postali.app/mx/san-luis-potosi/rioverde/vielma
79650,Ciudad Fernández,Colonia,Ciudad Fernández,San Luis Potosí,Ciudad Fernández,Urbano,https://postali.app/mx/san-luis-potosi/ciudad-fernandez/ciudad-fernandez
79650,El Manantial,Fraccionamiento,Ciudad Fernández,San Luis Potosí,Ciudad Fernández,Urbano,https://postali.app/mx/san-luis-potosi/ciudad-fernandez/el-manantial
79650,Moras de Frontera,Fraccionamiento,Ciudad Fernández,San Luis Potosí,Ciudad Fernández,Urbano,https://postali.app/mx/san-luis-potosi/ciudad-fernandez/moras-de-frontera
79653,Arroyo Hondo,Barrio,Ciudad Fernández,San Luis Potosí,Ciudad Fernández,Urbano,https://postali.app/mx/san-luis-potosi/ciudad-fernandez/arroyo-hondo
79653,Arturo González,Rancho,Ciudad Fernández,San Luis Potosí,Ciudad Fernández,Rural,https://postali.app/mx/san-luis-potosi/ciudad-fernandez/arturo-gonzalez
79653,Cruz del Mezquite,Colonia,Ciudad Fernández,San Luis Potosí,Ciudad Fernández,Urbano,https://postali.app/mx/san-luis-potosi/ciudad-fernandez/cruz-del-mezquite
79653,Democracia II,Colonia,Ciudad Fernández,San Luis Potosí,Ciudad Fernández,Urbano,https://postali.app/mx/san-luis-potosi/ciudad-fernandez/democracia-ii
79653,Los Pinos,Colonia,Ciudad Fernández,San Luis Potosí,Ciudad Fernández,Urbano,https://postali.app/mx/san-luis-potosi/ciudad-fernandez/los-pinos
79653,Puestecitos,Colonia,Ciudad Fernández,San Luis Potosí,Ciudad Fernández,Urbano,https://postali.app/mx/san-luis-potosi/ciudad-fernandez/puestecitos
79653,San Antonio de las Higueras,Colonia,Ciudad Fernández,San Luis Potosí,Ciudad Fernández,Urbano,https://postali.app/mx/san-luis-potosi/ciudad-fernandez/san-antonio-de-las-higueras
79654,Los Llanitos,Colonia,Ciudad Fernández,San Luis Potosí,Ciudad Fernández,Urbano,https://postali.app/mx/san-luis-potosi/ciudad-fernandez/los-llanitos
79654,Prados de Fertimex I,Colonia,Ciudad Fernández,San Luis Potosí,Ciudad Fernández,Urbano,https://postali.app/mx/san-luis-potosi/ciudad-fernandez/prados-de-fertimex-i
79654,Prados de Fertimex II,Colonia,Ciudad Fernández,San Luis Potosí,Ciudad Fernández,Urbano,https://postali.app/mx/san-luis-potosi/ciudad-fernandez/prados-de-fertimex-ii
79654,Rancho Santa María,Colonia,Ciudad Fernández,San Luis Potosí,Ciudad Fernández,Rural,https://postali.app/mx/san-luis-potosi/ciudad-fernandez/rancho-santa-maria
79654,San José,Rancho,Ciudad Fernández,San Luis Potosí,Ciudad Fernández,Rural,https://postali.app/mx/san-luis-potosi/ciudad-fernandez/san-jose
79654,Santa María de los Llanitos,Colonia,Ciudad Fernández,San Luis Potosí,Ciudad Fernández,Urbano,https://postali.app/mx/san-luis-potosi/ciudad-fernandez/santa-maria-de-los-llanitos
79655,El Altillo,Colonia,Ciudad Fernández,San Luis Potosí,Ciudad Fernández,Urbano,https://postali.app/mx/san-luis-potosi/ciudad-fernandez/el-altillo
79655,El Alto,Fraccionamiento,Ciudad Fernández,San Luis Potosí,Ciudad Fernández,Urbano,https://postali.app/mx/san-luis-potosi/ciudad-fernandez/el-alto
79655,Galeana,Fraccionamiento,Ciudad Fernández,San Luis Potosí,Ciudad Fernández,Urbano,https://postali.app/mx/san-luis-potosi/ciudad-fernandez/galeana
79655,Jardines del Alto,Fraccionamiento,Ciudad Fernández,San Luis Potosí,Ciudad Fernández,Urbano,https://postali.app/mx/san-luis-potosi/ciudad-fernandez/jardines-del-alto
79655,La Mora,Colonia,Ciudad Fernández,San Luis Potosí,Ciudad Fernández,Urbano,https://postali.app/mx/san-luis-potosi/ciudad-fernandez/la-mora
79655,Las Fuentes II,Colonia,Ciudad Fernández,San Luis Potosí,Ciudad Fernández,Urbano,https://postali.app/mx/san-luis-potosi/ciudad-fernandez/las-fuentes-ii
79655,Loma Bonita,Fraccionamiento,Ciudad Fernández,San Luis Potosí,Ciudad Fernández,Urbano,https://postali.app/mx/san-luis-potosi/ciudad-fernandez/loma-bonita
79655,Los Molinos,Colonia,Ciudad Fernández,San Luis Potosí,Ciudad Fernández,Urbano,https://postali.app/mx/san-luis-potosi/ciudad-fernandez/los-molinos
79655,Mollinedo,Fraccionamiento,Ciudad Fernández,San Luis Potosí,Ciudad Fernández,Urbano,https://postali.app/mx/san-luis-potosi/ciudad-fernandez/mollinedo
79655,San Martín,Colonia,Ciudad Fernández,San Luis Potosí,Ciudad Fernández,Urbano,https://postali.app/mx/san-luis-potosi/ciudad-fernandez/san-martin
79655,Valle Verde,Fraccionamiento,Ciudad Fernández,San Luis Potosí,Ciudad Fernández,Urbano,https://postali.app/mx/san-luis-potosi/ciudad-fernandez/valle-verde
79656,Casa Blanca,Fraccionamiento,Ciudad Fernández,San Luis Potosí,Ciudad Fernández,Urbano,https://postali.app/mx/san-luis-potosi/ciudad-fernandez/casa-blanca
79656,Concordia,Fraccionamiento,Ciudad Fernández,San Luis Potosí,Ciudad Fernández,Urbano,https://postali.app/mx/san-luis-potosi/ciudad-fernandez/concordia
79656,El Viento,Fraccionamiento,Ciudad Fernández,San Luis Potosí,Ciudad Fernández,Urbano,https://postali.app/mx/san-luis-potosi/ciudad-fernandez/el-viento
79656,La Esperanza,Colonia,Ciudad Fernández,San Luis Potosí,Ciudad Fernández,Urbano,https://postali.app/mx/san-luis-potosi/ciudad-fernandez/la-esperanza
79656,La Vigen,Fraccionamiento,Ciudad Fernández,San Luis Potosí,Ciudad Fernández,Urbano,https://postali.app/mx/san-luis-potosi/ciudad-fernandez/la-vigen
79656,Mezquital del Alto,Colonia,Ciudad Fernández,San Luis Potosí,Ciudad Fernández,Urbano,https://postali.app/mx/san-luis-potosi/ciudad-fernandez/mezquital-del-alto
79656,Villa de Jacarandas,Fraccionamiento,Ciudad Fernández,San Luis Potosí,Ciudad Fernández,Urbano,https://postali.app/mx/san-luis-potosi/ciudad-fernandez/villa-de-jacarandas
79656,Villas de Santa Elena,Fraccionamiento,Ciudad Fernández,San Luis Potosí,Ciudad Fernández,Urbano,https://postali.app/mx/san-luis-potosi/ciudad-fernandez/villas-de-santa-elena
79657,Atletas,Colonia,Ciudad Fernández,San Luis Potosí,Ciudad Fernández,Urbano,https://postali.app/mx/san-luis-potosi/ciudad-fernandez/atletas
79657,Democracia I,Colonia,Ciudad Fernández,San Luis Potosí,Ciudad Fernández,Urbano,https://postali.app/mx/san-luis-potosi/ciudad-fernandez/democracia-i
79657,El Mezquital,Colonia,Ciudad Fernández,San Luis Potosí,Ciudad Fernández,Urbano,https://postali.app/mx/san-luis-potosi/ciudad-fernandez/el-mezquital
79657,El Paraíso,Colonia,Ciudad Fernández,San Luis Potosí,Ciudad Fernández,Urbano,https://postali.app/mx/san-luis-potosi/ciudad-fernandez/el-paraiso
79657,Gama,Colonia,Ciudad Fernández,San Luis Potosí,Ciudad Fernández,Urbano,https://postali.app/mx/san-luis-potosi/ciudad-fernandez/gama
79657,Los Álamos,Colonia,Ciudad Fernández,San Luis Potosí,Ciudad Fernández,Urbano,https://postali.app/mx/san-luis-potosi/ciudad-fernandez/los-alamos
79657,Prados de Moctezuma,Colonia,Ciudad Fernández,San Luis Potosí,Ciudad Fernández,Urbano,https://postali.app/mx/san-luis-potosi/ciudad-fernandez/prados-de-moctezuma
79657,Santa Cruz,Fraccionamiento,Ciudad Fernández,San Luis Potosí,Ciudad Fernández,Urbano,https://postali.app/mx/san-luis-potosi/ciudad-fernandez/santa-cruz
79657,Villa de los Ángeles,Fraccionamiento,Ciudad Fernández,San Luis Potosí,Ciudad Fernández,Urbano,https://postali.app/mx/san-luis-potosi/ciudad-fernandez/villa-de-los-angeles
79660,Cuarto,Barrio,Ciudad Fernández,San Luis Potosí,Ciudad Fernández,Urbano,https://postali.app/mx/san-luis-potosi/ciudad-fernandez/cuarto
79660,El Refugio,Colonia,Ciudad Fernández,San Luis Potosí,Ciudad Fernández,Urbano,https://postali.app/mx/san-luis-potosi/ciudad-fernandez/el-refugio
79660,Los Naranjos,Colonia,Ciudad Fernández,San Luis Potosí,Ciudad Fernández,Urbano,https://postali.app/mx/san-luis-potosi/ciudad-fernandez/los-naranjos
79660,Los Ríos,Fraccionamiento,Ciudad Fernández,San Luis Potosí,Ciudad Fernández,Urbano,https://postali.app/mx/san-luis-potosi/ciudad-fernandez/los-rios
79660,Vista Hermosa,Colonia,Ciudad Fernández,San Luis Potosí,Ciudad Fernández,Urbano,https://postali.app/mx/san-luis-potosi/ciudad-fernandez/vista-hermosa
79663,El Paseo,Colonia,Ciudad Fernández,San Luis Potosí,Ciudad Fernández,Urbano,https://postali.app/mx/san-luis-potosi/ciudad-fernandez/el-paseo
79663,Huerta de Ezequiel Govea,Rancho,Ciudad Fernández,San Luis Potosí,Ciudad Fernández,Rural,https://postali.app/mx/san-luis-potosi/ciudad-fernandez/huerta-de-ezequiel-govea
79663,Potrero de Caldera Vieja,Rancho,Ciudad Fernández,San Luis Potosí,Ciudad Fernández,Rural,https://postali.app/mx/san-luis-potosi/ciudad-fernandez/potrero-de-caldera-vieja
79663,Potrero el Jaral,Rancho,Ciudad Fernández,San Luis Potosí,Ciudad Fernández,Rural,https://postali.app/mx/san-luis-potosi/ciudad-fernandez/potrero-el-jaral
79663,Quinto,Barrio,Ciudad Fernández,San Luis Potosí,Ciudad Fernández,Urbano,https://postali.app/mx/san-luis-potosi/ciudad-fernandez/quinto
79663,Tercero,Barrio,Ciudad Fernández,San Luis Potosí,Ciudad Fernández,Urbano,https://postali.app/mx/san-luis-potosi/ciudad-fernandez/tercero
79664,Potrero de Santa Ana,Rancho,Ciudad Fernández,San Luis Potosí,Ciudad Fernández,Rural,https://postali.app/mx/san-luis-potosi/ciudad-fernandez/potrero-de-santa-ana
79664,Segundo,Barrio,Ciudad Fernández,San Luis Potosí,Ciudad Fernández,Urbano,https://postali.app/mx/san-luis-potosi/ciudad-fernandez/segundo
79665,Gabriel Martínez Segura,Rancho,Ciudad Fernández,San Luis Potosí,Ciudad Fernández,Rural,https://postali.app/mx/san-luis-potosi/ciudad-fernandez/gabriel-martinez-segura
79665,Hernández Perales,Rancho,Ciudad Fernández,San Luis Potosí,Ciudad Fernández,Rural,https://postali.app/mx/san-luis-potosi/ciudad-fernandez/hernandez-perales
79665,Huerta de Juan Compeán,Rancho,Ciudad Fernández,San Luis Potosí,Ciudad Fernández,Rural,https://postali.app/mx/san-luis-potosi/ciudad-fernandez/huerta-de-juan-compean
79665,Huerta José González,Rancho,Ciudad Fernández,San Luis Potosí,Ciudad Fernández,Rural,https://postali.app/mx/san-luis-potosi/ciudad-fernandez/huerta-jose-gonzalez
79665,Huerta San Blas,Rancho,Ciudad Fernández,San Luis Potosí,Ciudad Fernández,Rural,https://postali.app/mx/san-luis-potosi/ciudad-fernandez/huerta-san-blas
79665,La Esperanza (Potrero el Apeloteado),Finca,Ciudad Fernández,San Luis Potosí,Ciudad Fernández,Rural,https://postali.app/mx/san-luis-potosi/ciudad-fernandez/la-esperanza-potrero-el-apeloteado
79665,Las Lechuzas,Zona industrial,Ciudad Fernández,San Luis Potosí,Ciudad Fernández,Rural,https://postali.app/mx/san-luis-potosi/ciudad-fernandez/las-lechuzas
79665,Marcelino Ramos Castillo,Rancho,Ciudad Fernández,San Luis Potosí,Ciudad Fernández,Rural,https://postali.app/mx/san-luis-potosi/ciudad-fernandez/marcelino-ramos-castillo
79665,Primero,Barrio,Ciudad Fernández,San Luis Potosí,Ciudad Fernández,Urbano,https://postali.app/mx/san-luis-potosi/ciudad-fernandez/primero
79665,Quinta Vista Hermosa,Rancho,Ciudad Fernández,San Luis Potosí,Ciudad Fernández,Rural,https://postali.app/mx/san-luis-potosi/ciudad-fernandez/quinta-vista-hermosa
79670,Atotonilco,Ejido,Ciudad Fernández,San Luis Potosí,,Rural,https://postali.app/mx/san-luis-potosi/ciudad-fernandez/atotonilco
79670,Camino Real,Colonia,Ciudad Fernández,San Luis Potosí,,Rural,https://postali.app/mx/san-luis-potosi/ciudad-fernandez/camino-real
79670,El Mimbre,Rancho,Ciudad Fernández,San Luis Potosí,,Rural,https://postali.app/mx/san-luis-potosi/ciudad-fernandez/el-mimbre
79670,El Mosco,Ranchería,Ciudad Fernández,San Luis Potosí,,Rural,https://postali.app/mx/san-luis-potosi/ciudad-fernandez/el-mosco
79670,El Obraje,Rancho,Ciudad Fernández,San Luis Potosí,,Rural,https://postali.app/mx/san-luis-potosi/ciudad-fernandez/el-obraje
79670,Joya de las Peñas,Rancho,Ciudad Fernández,San Luis Potosí,,Rural,https://postali.app/mx/san-luis-potosi/ciudad-fernandez/joya-de-las-penas
79670,La Tízar,Rancho,Ciudad Fernández,San Luis Potosí,,Rural,https://postali.app/mx/san-luis-potosi/ciudad-fernandez/la-tizar
79670,La Ventilla,Ejido,Ciudad Fernández,San Luis Potosí,,Rural,https://postali.app/mx/san-luis-potosi/ciudad-fernandez/la-ventilla
79670,Las Adjuntas,Ranchería,Ciudad Fernández,San Luis Potosí,,Rural,https://postali.app/mx/san-luis-potosi/ciudad-fernandez/las-adjuntas
79670,Las Pilas,Colonia,Ciudad Fernández,San Luis Potosí,,Rural,https://postali.app/mx/san-luis-potosi/ciudad-fernandez/las-pilas
79670,Mesa del Campanario,Ejido,Ciudad Fernández,San Luis Potosí,,Rural,https://postali.app/mx/san-luis-potosi/ciudad-fernandez/mesa-del-campanario
79670,Morillos,Ejido,Ciudad Fernández,San Luis Potosí,,Rural,https://postali.app/mx/san-luis-potosi/ciudad-fernandez/morillos
79670,Paso de San Martín,Ranchería,Ciudad Fernández,San Luis Potosí,,Rural,https://postali.app/mx/san-luis-potosi/ciudad-fernandez/paso-de-san-martin
79670,Puerto de Palo Gordo,Rancho,Ciudad Fernández,San Luis Potosí,,Rural,https://postali.app/mx/san-luis-potosi/ciudad-fernandez/puerto-de-palo-gordo
79670,Puerto las Joyas,Rancho,Ciudad Fernández,San Luis Potosí,,Rural,https://postali.app/mx/san-luis-potosi/ciudad-fernandez/puerto-las-joyas
79673,Ojo de Agua de San Juan,Ejido,Ciudad Fernández,San Luis Potosí,,Rural,https://postali.app/mx/san-luis-potosi/ciudad-fernandez/ojo-de-agua-de-san-juan
79673,Rancho Nuevo,Ranchería,Ciudad Fernández,San Luis Potosí,,Rural,https://postali.app/mx/san-luis-potosi/ciudad-fernandez/rancho-nuevo
79673,San José del Terremoto,Colonia,Ciudad Fernández,San Luis Potosí,,Rural,https://postali.app/mx/san-luis-potosi/ciudad-fernandez/san-jose-del-terremoto
79674,Barrio de la Cruz,Rancho,Ciudad Fernández,San Luis Potosí,,Rural,https://postali.app/mx/san-luis-potosi/ciudad-fernandez/barrio-de-la-cruz
79674,El Carrizal,Rancho,Ciudad Fernández,San Luis Potosí,,Rural,https://postali.app/mx/san-luis-potosi/ciudad-fernandez/el-carrizal
79674,El Paraíso,Colonia,Ciudad Fernández,San Luis Potosí,,Rural,https://postali.app/mx/san-luis-potosi/ciudad-fernandez/el-paraiso-79674
79674,El Saucillo,Colonia,Ciudad Fernández,San Luis Potosí,,Rural,https://postali.app/mx/san-luis-potosi/ciudad-fernandez/el-saucillo
79674,El Sermón Santa Ana,Ejido,Ciudad Fernández,San Luis Potosí,,Rural,https://postali.app/mx/san-luis-potosi/ciudad-fernandez/el-sermon-santa-ana
79674,La Alameda,Rancho,Ciudad Fernández,San Luis Potosí,,Rural,https://postali.app/mx/san-luis-potosi/ciudad-fernandez/la-alameda
79674,La Banda,Rancho,Ciudad Fernández,San Luis Potosí,,Rural,https://postali.app/mx/san-luis-potosi/ciudad-fernandez/la-banda
79674,Mojarras de Arriba,Colonia,Ciudad Fernández,San Luis Potosí,,Rural,https://postali.app/mx/san-luis-potosi/ciudad-fernandez/mojarras-de-arriba
79674,Santa Ana,Rancho,Ciudad Fernández,San Luis Potosí,,Rural,https://postali.app/mx/san-luis-potosi/ciudad-fernandez/santa-ana
79675,Huerta el Huasteco (Potrero el Huasteco),Rancho,Ciudad Fernández,San Luis Potosí,,Rural,https://postali.app/mx/san-luis-potosi/ciudad-fernandez/huerta-el-huasteco-potrero-el-huasteco
79675,La Noria,Ejido,Ciudad Fernández,San Luis Potosí,,Rural,https://postali.app/mx/san-luis-potosi/ciudad-fernandez/la-noria
79675,La Reforma,Ejido,Ciudad Fernández,San Luis Potosí,,Rural,https://postali.app/mx/san-luis-potosi/ciudad-fernandez/la-reforma
79675,La Reformita,Colonia,Ciudad Fernández,San Luis Potosí,,Rural,https://postali.app/mx/san-luis-potosi/ciudad-fernandez/la-reformita
79675,Labor Vieja,Ejido,Ciudad Fernández,San Luis Potosí,,Rural,https://postali.app/mx/san-luis-potosi/ciudad-fernandez/labor-vieja
79675,Las Tres Huérfanas,Rancho,Ciudad Fernández,San Luis Potosí,,Rural,https://postali.app/mx/san-luis-potosi/ciudad-fernandez/las-tres-huerfanas
79675,Las Trojas,Rancho,Ciudad Fernández,San Luis Potosí,,Rural,https://postali.app/mx/san-luis-potosi/ciudad-fernandez/las-trojas
79675,Mojarras de Abajo,Ejido,Ciudad Fernández,San Luis Potosí,,Rural,https://postali.app/mx/san-luis-potosi/ciudad-fernandez/mojarras-de-abajo
79675,San Isidro,Colonia,Ciudad Fernández,San Luis Potosí,,Rural,https://postali.app/mx/san-luis-potosi/ciudad-fernandez/san-isidro
79675,San Juan,Rancho,Ciudad Fernández,San Luis Potosí,,Rural,https://postali.app/mx/san-luis-potosi/ciudad-fernandez/san-juan
79675,Solano,Colonia,Ciudad Fernández,San Luis Potosí,,Rural,https://postali.app/mx/san-luis-potosi/ciudad-fernandez/solano
79676,De Guadalupe,Barrio,Ciudad Fernández,San Luis Potosí,,Rural,https://postali.app/mx/san-luis-potosi/ciudad-fernandez/de-guadalupe
79676,De los Tirados,Rancho,Ciudad Fernández,San Luis Potosí,,Rural,https://postali.app/mx/san-luis-potosi/ciudad-fernandez/de-los-tirados
79676,El Campestre,Fraccionamiento,Ciudad Fernández,San Luis Potosí,,Rural,https://postali.app/mx/san-luis-potosi/ciudad-fernandez/el-campestre
79676,El Garambullo,Rancho,Ciudad Fernández,San Luis Potosí,,Rural,https://postali.app/mx/san-luis-potosi/ciudad-fernandez/el-garambullo
79676,El Papalote,Barrio,Ciudad Fernández,San Luis Potosí,,Rural,https://postali.app/mx/san-luis-potosi/ciudad-fernandez/el-papalote
79676,El Polocote,Rancho,Ciudad Fernández,San Luis Potosí,,Rural,https://postali.app/mx/san-luis-potosi/ciudad-fernandez/el-polocote
79676,El Salitre,Rancho,Ciudad Fernández,San Luis Potosí,,Rural,https://postali.app/mx/san-luis-potosi/ciudad-fernandez/el-salitre
79676,Huerta la Gloria,Rancho,Ciudad Fernández,San Luis Potosí,,Rural,https://postali.app/mx/san-luis-potosi/ciudad-fernandez/huerta-la-gloria
79676,Huerta Martha Elena,Rancho,Ciudad Fernández,San Luis Potosí,,Rural,https://postali.app/mx/san-luis-potosi/ciudad-fernandez/huerta-martha-elena
79676,José Jasso Villegas,Rancho,Ciudad Fernández,San Luis Potosí,,Rural,https://postali.app/mx/san-luis-potosi/ciudad-fernandez/jose-jasso-villegas
79676,La Encarnación,Rancho,Ciudad Fernández,San Luis Potosí,,Rural,https://postali.app/mx/san-luis-potosi/ciudad-fernandez/la-encarnacion
79676,La Loma (Las Pitahayas),Rancho,Ciudad Fernández,San Luis Potosí,,Rural,https://postali.app/mx/san-luis-potosi/ciudad-fernandez/la-loma-las-pitahayas
79676,La Mina,Zona industrial,Ciudad Fernández,San Luis Potosí,,Rural,https://postali.app/mx/san-luis-potosi/ciudad-fernandez/la-mina
79676,La Mora,Rancho,Ciudad Fernández,San Luis Potosí,,Rural,https://postali.app/mx/san-luis-potosi/ciudad-fernandez/la-mora-79676
79676,La Presa,Ranchería,Ciudad Fernández,San Luis Potosí,,Rural,https://postali.app/mx/san-luis-potosi/ciudad-fernandez/la-presa
79676,La Virgen,Rancho,Ciudad Fernández,San Luis Potosí,,Rural,https://postali.app/mx/san-luis-potosi/ciudad-fernandez/la-virgen
79676,Las Auras,Rancho,Ciudad Fernández,San Luis Potosí,,Rural,https://postali.app/mx/san-luis-potosi/ciudad-fernandez/las-auras
79676,Las Palmas,Fraccionamiento,Ciudad Fernández,San Luis Potosí,,Rural,https://postali.app/mx/san-luis-potosi/ciudad-fernandez/las-palmas
79676,Las Sandías,Rancho,Ciudad Fernández,San Luis Potosí,,Rural,https://postali.app/mx/san-luis-potosi/ciudad-fernandez/las-sandias
79676,Los Laureles,Rancho,Ciudad Fernández,San Luis Potosí,,Rural,https://postali.app/mx/san-luis-potosi/ciudad-fernandez/los-laureles
79676,Los Llanitos,Ejido,Ciudad Fernández,San Luis Potosí,,Rural,https://postali.app/mx/san-luis-potosi/ciudad-fernandez/los-llanitos-79676
79676,Martín Vázquez,Rancho,Ciudad Fernández,San Luis Potosí,,Rural,https://postali.app/mx/san-luis-potosi/ciudad-fernandez/martin-vazquez
79676,Ojo de Agua de Solano,Ejido,Ciudad Fernández,San Luis Potosí,,Rural,https://postali.app/mx/san-luis-potosi/ciudad-fernandez/ojo-de-agua-de-solano
79676,Piedras Blancas,Rancho,Ciudad Fernández,San Luis Potosí,,Rural,https://postali.app/mx/san-luis-potosi/ciudad-fernandez/piedras-blancas
79676,Piedras Blancas (Álvaro Olguín),Rancho,Ciudad Fernández,San Luis Potosí,,Rural,https://postali.app/mx/san-luis-potosi/ciudad-fernandez/piedras-blancas-alvaro-olguin
79676,Potrero San Cristóbal,Ranchería,Ciudad Fernández,San Luis Potosí,,Rural,https://postali.app/mx/san-luis-potosi/ciudad-fernandez/potrero-san-cristobal
79676,Puertas Cuatas,Rancho,Ciudad Fernández,San Luis Potosí,,Rural,https://postali.app/mx/san-luis-potosi/ciudad-fernandez/puertas-cuatas
79676,Puestecitos,Ejido,Ciudad Fernández,San Luis Potosí,,Rural,https://postali.app/mx/san-luis-potosi/ciudad-fernandez/puestecitos-79676
79676,Rancho Alegre,Ranchería,Ciudad Fernández,San Luis Potosí,,Rural,https://postali.app/mx/san-luis-potosi/ciudad-fernandez/rancho-alegre
79676,San Luis,Rancho,Ciudad Fernández,San Luis Potosí,,Rural,https://postali.app/mx/san-luis-potosi/ciudad-fernandez/san-luis
79676,San Pablo,Colonia,Ciudad Fernández,San Luis Potosí,,Rural,https://postali.app/mx/san-luis-potosi/ciudad-fernandez/san-pablo
79676,Splash [Parque Acuático],Equipamiento,Ciudad Fernández,San Luis Potosí,,Rural,https://postali.app/mx/san-luis-potosi/ciudad-fernandez/splash-parque-acuatico
79676,Veinte de Noviembre,Colonia,Ciudad Fernández,San Luis Potosí,,Rural,https://postali.app/mx/san-luis-potosi/ciudad-fernandez/veinte-de-noviembre
79676,Xochipilli,Rancho,Ciudad Fernández,San Luis Potosí,,Rural,https://postali.app/mx/san-luis-potosi/ciudad-fernandez/xochipilli
79677,Huerta de Alfredo Martínez,Rancho,Ciudad Fernández,San Luis Potosí,,Rural,https://postali.app/mx/san-luis-potosi/ciudad-fernandez/huerta-de-alfredo-martinez
79677,Huerta de Benito Martínez,Rancho,Ciudad Fernández,San Luis Potosí,,Rural,https://postali.app/mx/san-luis-potosi/ciudad-fernandez/huerta-de-benito-martinez
79677,Huerta de Clemente Martínez,Rancho,Ciudad Fernández,San Luis Potosí,,Rural,https://postali.app/mx/san-luis-potosi/ciudad-fernandez/huerta-de-clemente-martinez
79677,Huerta de Juan Alvarado,Rancho,Ciudad Fernández,San Luis Potosí,,Rural,https://postali.app/mx/san-luis-potosi/ciudad-fernandez/huerta-de-juan-alvarado
79677,Huerta de Juan Govea,Rancho,Ciudad Fernández,San Luis Potosí,,Rural,https://postali.app/mx/san-luis-potosi/ciudad-fernandez/huerta-de-juan-govea
79677,Huerta de Marcelino Hernández,Rancho,Ciudad Fernández,San Luis Potosí,,Rural,https://postali.app/mx/san-luis-potosi/ciudad-fernandez/huerta-de-marcelino-hernandez
79677,Huerta de Martín Silva,Rancho,Ciudad Fernández,San Luis Potosí,,Rural,https://postali.app/mx/san-luis-potosi/ciudad-fernandez/huerta-de-martin-silva
79677,Huerta de Roberto de la Torre,Rancho,Ciudad Fernández,San Luis Potosí,,Rural,https://postali.app/mx/san-luis-potosi/ciudad-fernandez/huerta-de-roberto-de-la-torre
79677,Huerta las Rositas,Rancho,Ciudad Fernández,San Luis Potosí,,Rural,https://postali.app/mx/san-luis-potosi/ciudad-fernandez/huerta-las-rositas
79677,Huerta los Pinos,Rancho,Ciudad Fernández,San Luis Potosí,,Rural,https://postali.app/mx/san-luis-potosi/ciudad-fernandez/huerta-los-pinos
79677,La Mezclita (Potrero de San Joaquín),Ranchería,Ciudad Fernández,San Luis Potosí,,Rural,https://postali.app/mx/san-luis-potosi/ciudad-fernandez/la-mezclita-potrero-de-san-joaquin
79677,La Peñita,Colonia,Ciudad Fernández,San Luis Potosí,,Rural,https://postali.app/mx/san-luis-potosi/ciudad-fernandez/la-penita
79677,Moctezumas del Tepetate,Rancho,Ciudad Fernández,San Luis Potosí,,Rural,https://postali.app/mx/san-luis-potosi/ciudad-fernandez/moctezumas-del-tepetate
79677,Monte del Tepetate,Rancho,Ciudad Fernández,San Luis Potosí,,Rural,https://postali.app/mx/san-luis-potosi/ciudad-fernandez/monte-del-tepetate
79677,Potrero el Tepetate (Cerrito del Melón),Rancho,Ciudad Fernández,San Luis Potosí,,Rural,https://postali.app/mx/san-luis-potosi/ciudad-fernandez/potrero-el-tepetate-cerrito-del-melon
79677,Potrero San Joaquín,Rancho,Ciudad Fernández,San Luis Potosí,,Rural,https://postali.app/mx/san-luis-potosi/ciudad-fernandez/potrero-san-joaquin
79677,Puente Adjuntas (El Tepetate),Rancho,Ciudad Fernández,San Luis Potosí,,Rural,https://postali.app/mx/san-luis-potosi/ciudad-fernandez/puente-adjuntas-el-tepetate
79677,San Benito,Rancho,Ciudad Fernández,San Luis Potosí,,Rural,https://postali.app/mx/san-luis-potosi/ciudad-fernandez/san-benito
79677,San Onofre,Rancho,Ciudad Fernández,San Luis Potosí,,Rural,https://postali.app/mx/san-luis-potosi/ciudad-fernandez/san-onofre
79677,Santa Amalia,Rancho,Ciudad Fernández,San Luis Potosí,,Rural,https://postali.app/mx/san-luis-potosi/ciudad-fernandez/santa-amalia
79677,Santa Catarina,Rancho,Ciudad Fernández,San Luis Potosí,,Rural,https://postali.app/mx/san-luis-potosi/ciudad-fernandez/santa-catarina
79680,San Ciro de Acosta Centro,Colonia,San Ciro de Acosta,San Luis Potosí,,Rural,https://postali.app/mx/san-luis-potosi/san-ciro-de-acosta/san-ciro-de-acosta-centro
79683,Real San Ciro,Fraccionamiento,San Ciro de Acosta,San Luis Potosí,,Urbano,https://postali.app/mx/san-luis-potosi/san-ciro-de-acosta/real-san-ciro
79683,San Juan,Fraccionamiento,San Ciro de Acosta,San Luis Potosí,,Urbano,https://postali.app/mx/san-luis-potosi/san-ciro-de-acosta/san-juan
79684,Azteca,Colonia,San Ciro de Acosta,San Luis Potosí,,Urbano,https://postali.app/mx/san-luis-potosi/san-ciro-de-acosta/azteca
79684,Benito Juárez,Colonia,San Ciro de Acosta,San Luis Potosí,,Urbano,https://postali.app/mx/san-luis-potosi/san-ciro-de-acosta/benito-juarez
79684,Las Viborillas,Colonia,San Ciro de Acosta,San Luis Potosí,,Urbano,https://postali.app/mx/san-luis-potosi/san-ciro-de-acosta/las-viborillas
79684,San Isidro,Colonia,San Ciro de Acosta,San Luis Potosí,,Urbano,https://postali.app/mx/san-luis-potosi/san-ciro-de-acosta/san-isidro
79684,San José,Barrio,San Ciro de Acosta,San Luis Potosí,,Urbano,https://postali.app/mx/san-luis-potosi/san-ciro-de-acosta/san-jose
79685,De Guadalupe,Barrio,San Ciro de Acosta,San Luis Potosí,,Urbano,https://postali.app/mx/san-luis-potosi/san-ciro-de-acosta/de-guadalupe
79685,El Porvenir,Fraccionamiento,San Ciro de Acosta,San Luis Potosí,,Urbano,https://postali.app/mx/san-luis-potosi/san-ciro-de-acosta/el-porvenir
79685,Guadalupe,Colonia,San Ciro de Acosta,San Luis Potosí,,Urbano,https://postali.app/mx/san-luis-potosi/san-ciro-de-acosta/guadalupe
79685,Lindavista,Colonia,San Ciro de Acosta,San Luis Potosí,,Urbano,https://postali.app/mx/san-luis-potosi/san-ciro-de-acosta/lindavista
79686,San Antonio,Barrio,San Ciro de Acosta,San Luis Potosí,,Urbano,https://postali.app/mx/san-luis-potosi/san-ciro-de-acosta/san-antonio
79686,Santiago,Barrio,San Ciro de Acosta,San Luis Potosí,,Urbano,https://postali.app/mx/san-luis-potosi/san-ciro-de-acosta/santiago
79687,Del Refugio,Barrio,San Ciro de Acosta,San Luis Potosí,,Urbano,https://postali.app/mx/san-luis-potosi/san-ciro-de-acosta/del-refugio
79687,San Mateo,Fraccionamiento,San Ciro de Acosta,San Luis Potosí,,Urbano,https://postali.app/mx/san-luis-potosi/san-ciro-de-acosta/san-mateo
79690,Cuauhtémoc,Colonia,San Ciro de Acosta,San Luis Potosí,,Rural,https://postali.app/mx/san-luis-potosi/san-ciro-de-acosta/cuauhtemoc
79690,Paso de Jesús,Ejido,San Ciro de Acosta,San Luis Potosí,,Rural,https://postali.app/mx/san-luis-potosi/san-ciro-de-acosta/paso-de-jesus
79690,Peña Azul,Ejido,San Ciro de Acosta,San Luis Potosí,,Rural,https://postali.app/mx/san-luis-potosi/san-ciro-de-acosta/pena-azul
79693,El Caracol,Ranchería,San Ciro de Acosta,San Luis Potosí,,Rural,https://postali.app/mx/san-luis-potosi/san-ciro-de-acosta/el-caracol
79693,El Potrero de San Antonio,Ranchería,San Ciro de Acosta,San Luis Potosí,,Rural,https://postali.app/mx/san-luis-potosi/san-ciro-de-acosta/el-potrero-de-san-antonio
79693,El Órgano,Ranchería,San Ciro de Acosta,San Luis Potosí,,Rural,https://postali.app/mx/san-luis-potosi/san-ciro-de-acosta/el-organo
79693,La Almarciguera,Ranchería,San Ciro de Acosta,San Luis Potosí,,Rural,https://postali.app/mx/san-luis-potosi/san-ciro-de-acosta/la-almarciguera
79693,La Ceja,Ranchería,San Ciro de Acosta,San Luis Potosí,,Rural,https://postali.app/mx/san-luis-potosi/san-ciro-de-acosta/la-ceja
79693,La Trinidad,Ranchería,San Ciro de Acosta,San Luis Potosí,,Rural,https://postali.app/mx/san-luis-potosi/san-ciro-de-acosta/la-trinidad
79694,Cerrito de la Cruz,Ranchería,San Ciro de Acosta,San Luis Potosí,,Rural,https://postali.app/mx/san-luis-potosi/san-ciro-de-acosta/cerrito-de-la-cruz
79694,El Cañón,Ranchería,San Ciro de Acosta,San Luis Potosí,,Rural,https://postali.app/mx/san-luis-potosi/san-ciro-de-acosta/el-canon
79694,El Soyotal,Ranchería,San Ciro de Acosta,San Luis Potosí,,Rural,https://postali.app/mx/san-luis-potosi/san-ciro-de-acosta/el-soyotal
79694,Guerrero,Ranchería,San Ciro de Acosta,San Luis Potosí,,Rural,https://postali.app/mx/san-luis-potosi/san-ciro-de-acosta/guerrero
79694,La Barranca,Ranchería,San Ciro de Acosta,San Luis Potosí,,Rural,https://postali.app/mx/san-luis-potosi/san-ciro-de-acosta/la-barranca
79694,La Puerta de Guerrero,Ranchería,San Ciro de Acosta,San Luis Potosí,,Rural,https://postali.app/mx/san-luis-potosi/san-ciro-de-acosta/la-puerta-de-guerrero
79694,Paso de la Hormiga,Ejido,San Ciro de Acosta,San Luis Potosí,,Rural,https://postali.app/mx/san-luis-potosi/san-ciro-de-acosta/paso-de-la-hormiga
79694,San Carlos,Ranchería,San Ciro de Acosta,San Luis Potosí,,Rural,https://postali.app/mx/san-luis-potosi/san-ciro-de-acosta/san-carlos
79695,Capulín Grande,Ranchería,San Ciro de Acosta,San Luis Potosí,,Rural,https://postali.app/mx/san-luis-potosi/san-ciro-de-acosta/capulin-grande
79695,El Aguacate,Ranchería,San Ciro de Acosta,San Luis Potosí,,Rural,https://postali.app/mx/san-luis-potosi/san-ciro-de-acosta/el-aguacate
79695,El Capulín Chico,Ranchería,San Ciro de Acosta,San Luis Potosí,,Rural,https://postali.app/mx/san-luis-potosi/san-ciro-de-acosta/el-capulin-chico
79695,El Encantado,Ranchería,San Ciro de Acosta,San Luis Potosí,,Rural,https://postali.app/mx/san-luis-potosi/san-ciro-de-acosta/el-encantado
79695,El Pitahayo (Santa Cruz del Pitayo),Ranchería,San Ciro de Acosta,San Luis Potosí,,Rural,https://postali.app/mx/san-luis-potosi/san-ciro-de-acosta/el-pitahayo-santa-cruz-del-pitayo
79695,El Relámpago,Ejido,San Ciro de Acosta,San Luis Potosí,,Rural,https://postali.app/mx/san-luis-potosi/san-ciro-de-acosta/el-relampago
79695,La Morita,Ranchería,San Ciro de Acosta,San Luis Potosí,,Rural,https://postali.app/mx/san-luis-potosi/san-ciro-de-acosta/la-morita
79695,La Puebla,Ranchería,San Ciro de Acosta,San Luis Potosí,,Rural,https://postali.app/mx/san-luis-potosi/san-ciro-de-acosta/la-puebla
79695,La Tinaja,Ranchería,San Ciro de Acosta,San Luis Potosí,,Rural,https://postali.app/mx/san-luis-potosi/san-ciro-de-acosta/la-tinaja
79695,Las Trancas,Ranchería,San Ciro de Acosta,San Luis Potosí,,Rural,https://postali.app/mx/san-luis-potosi/san-ciro-de-acosta/las-trancas
79695,Nuevo San Luis,Ranchería,San Ciro de Acosta,San Luis Potosí,,Rural,https://postali.app/mx/san-luis-potosi/san-ciro-de-acosta/nuevo-san-luis
79695,Palo Alto de la Purísima Concepción,Ejido,San Ciro de Acosta,San Luis Potosí,,Rural,https://postali.app/mx/san-luis-potosi/san-ciro-de-acosta/palo-alto-de-la-purisima-concepcion
79695,Rancho Nuevo,Ranchería,San Ciro de Acosta,San Luis Potosí,,Rural,https://postali.app/mx/san-luis-potosi/san-ciro-de-acosta/rancho-nuevo
79696,Canoítas,Ranchería,San Ciro de Acosta,San Luis Potosí,,Rural,https://postali.app/mx/san-luis-potosi/san-ciro-de-acosta/canoitas
79696,Capadero,Ranchería,San Ciro de Acosta,San Luis Potosí,,Rural,https://postali.app/mx/san-luis-potosi/san-ciro-de-acosta/capadero
79696,Codornices,Ranchería,San Ciro de Acosta,San Luis Potosí,,Rural,https://postali.app/mx/san-luis-potosi/san-ciro-de-acosta/codornices
79696,El Chupadero,Ranchería,San Ciro de Acosta,San Luis Potosí,,Rural,https://postali.app/mx/san-luis-potosi/san-ciro-de-acosta/el-chupadero
79696,El Pinito,Ranchería,San Ciro de Acosta,San Luis Potosí,,Rural,https://postali.app/mx/san-luis-potosi/san-ciro-de-acosta/el-pinito
79696,El Rejalgar (Ojo de Agua),Ranchería,San Ciro de Acosta,San Luis Potosí,,Rural,https://postali.app/mx/san-luis-potosi/san-ciro-de-acosta/el-rejalgar-ojo-de-agua
79696,El Sótano (Los Sótanos),Ranchería,San Ciro de Acosta,San Luis Potosí,,Rural,https://postali.app/mx/san-luis-potosi/san-ciro-de-acosta/el-sotano-los-sotanos
79696,Joyas del Pino,Ranchería,San Ciro de Acosta,San Luis Potosí,,Rural,https://postali.app/mx/san-luis-potosi/san-ciro-de-acosta/joyas-del-pino
79696,La Lomita,Ranchería,San Ciro de Acosta,San Luis Potosí,,Rural,https://postali.app/mx/san-luis-potosi/san-ciro-de-acosta/la-lomita
79696,Pachuquita,Ranchería,San Ciro de Acosta,San Luis Potosí,,Rural,https://postali.app/mx/san-luis-potosi/san-ciro-de-acosta/pachuquita
79696,Palo Blanco,Rancho,San Ciro de Acosta,San Luis Potosí,,Rural,https://postali.app/mx/san-luis-potosi/san-ciro-de-acosta/palo-blanco
79697,Agua Fría,Ranchería,San Ciro de Acosta,San Luis Potosí,,Rural,https://postali.app/mx/san-luis-potosi/san-ciro-de-acosta/agua-fria
79697,Charco Colorado,Ranchería,San Ciro de Acosta,San Luis Potosí,,Rural,https://postali.app/mx/san-luis-potosi/san-ciro-de-acosta/charco-colorado
79697,Charco Largo,Ranchería,San Ciro de Acosta,San Luis Potosí,,Rural,https://postali.app/mx/san-luis-potosi/san-ciro-de-acosta/charco-largo
79697,Corral Quemado,Ranchería,San Ciro de Acosta,San Luis Potosí,,Rural,https://postali.app/mx/san-luis-potosi/san-ciro-de-acosta/corral-quemado
79697,El Barrito,Ranchería,San Ciro de Acosta,San Luis Potosí,,Rural,https://postali.app/mx/san-luis-potosi/san-ciro-de-acosta/el-barrito
79697,El Charco del Venado,Ranchería,San Ciro de Acosta,San Luis Potosí,,Rural,https://postali.app/mx/san-luis-potosi/san-ciro-de-acosta/el-charco-del-venado
79697,El Fuereño,Ranchería,San Ciro de Acosta,San Luis Potosí,,Rural,https://postali.app/mx/san-luis-potosi/san-ciro-de-acosta/el-fuereno
79697,El Nogalito,Ranchería,San Ciro de Acosta,San Luis Potosí,,Rural,https://postali.app/mx/san-luis-potosi/san-ciro-de-acosta/el-nogalito
79697,El Pinito,Ranchería,San Ciro de Acosta,San Luis Potosí,,Rural,https://postali.app/mx/san-luis-potosi/san-ciro-de-acosta/el-pinito-79697
79697,La Atarjea,Ranchería,San Ciro de Acosta,San Luis Potosí,,Rural,https://postali.app/mx/san-luis-potosi/san-ciro-de-acosta/la-atarjea
79697,La Cañada Santa Gertrudis,Ranchería,San Ciro de Acosta,San Luis Potosí,,Rural,https://postali.app/mx/san-luis-potosi/san-ciro-de-acosta/la-canada-santa-gertrudis
79697,La Presa de Santo Domingo,Ranchería,San Ciro de Acosta,San Luis Potosí,,Rural,https://postali.app/mx/san-luis-potosi/san-ciro-de-acosta/la-presa-de-santo-domingo
79697,Las Bóvedas,Ranchería,San Ciro de Acosta,San Luis Potosí,,Rural,https://postali.app/mx/san-luis-potosi/san-ciro-de-acosta/las-bovedas
79697,Las Moctezumas,Rancho,San Ciro de Acosta,San Luis Potosí,,Rural,https://postali.app/mx/san-luis-potosi/san-ciro-de-acosta/las-moctezumas
79697,Las Pilas,Ranchería,San Ciro de Acosta,San Luis Potosí,,Rural,https://postali.app/mx/san-luis-potosi/san-ciro-de-acosta/las-pilas
79697,Los Charcos,Ranchería,San Ciro de Acosta,San Luis Potosí,,Rural,https://postali.app/mx/san-luis-potosi/san-ciro-de-acosta/los-charcos
79697,Los Parajes,Ranchería,San Ciro de Acosta,San Luis Potosí,,Rural,https://postali.app/mx/san-luis-potosi/san-ciro-de-acosta/los-parajes
79697,Los Pocitos,Ranchería,San Ciro de Acosta,San Luis Potosí,,Rural,https://postali.app/mx/san-luis-potosi/san-ciro-de-acosta/los-pocitos
79697,Palos Clavados,Ejido,San Ciro de Acosta,San Luis Potosí,,Rural,https://postali.app/mx/san-luis-potosi/san-ciro-de-acosta/palos-clavados
79697,Santa Teresa,Ranchería,San Ciro de Acosta,San Luis Potosí,,Rural,https://postali.app/mx/san-luis-potosi/san-ciro-de-acosta/santa-teresa
79697,Álamos de San Juan,Ranchería,San Ciro de Acosta,San Luis Potosí,,Rural,https://postali.app/mx/san-luis-potosi/san-ciro-de-acosta/alamos-de-san-juan
79702,Cafetal,Ranchería,Tamasopo,San Luis Potosí,,Rural,https://postali.app/mx/san-luis-potosi/tamasopo/cafetal
79702,Verástegui,Ejido,Tamasopo,San Luis Potosí,,Rural,https://postali.app/mx/san-luis-potosi/tamasopo/verastegui
79703,Agua Buena,Pueblo,Tamasopo,San Luis Potosí,,Urbano,https://postali.app/mx/san-luis-potosi/tamasopo/agua-buena
79704,La Mojonera (La Mohonera),Rancho,Tamasopo,San Luis Potosí,,Rural,https://postali.app/mx/san-luis-potosi/tamasopo/la-mojonera-la-mohonera
79704,Laguna de Gómez,Rancho,Tamasopo,San Luis Potosí,,Rural,https://postali.app/mx/san-luis-potosi/tamasopo/laguna-de-gomez
79704,Pozo del Sauz,Rancho,Tamasopo,San Luis Potosí,,Rural,https://postali.app/mx/san-luis-potosi/tamasopo/pozo-del-sauz
79704,Providencia,Ejido,Tamasopo,San Luis Potosí,,Rural,https://postali.app/mx/san-luis-potosi/tamasopo/providencia
79704,Puerto Verde,Rancho,Tamasopo,San Luis Potosí,,Rural,https://postali.app/mx/san-luis-potosi/tamasopo/puerto-verde
79704,Tanque del Borrego,Rancho,Tamasopo,San Luis Potosí,,Rural,https://postali.app/mx/san-luis-potosi/tamasopo/tanque-del-borrego
79705,El Clarín (Entronque a Tamasopo),Ejido,Tamasopo,San Luis Potosí,,Rural,https://postali.app/mx/san-luis-potosi/tamasopo/el-clarin-entronque-a-tamasopo
79705,La Palmita,Pueblo,Tamasopo,San Luis Potosí,,Rural,https://postali.app/mx/san-luis-potosi/tamasopo/la-palmita
79705,Santa María Tampalatín,Ejido,Tamasopo,San Luis Potosí,,Rural,https://postali.app/mx/san-luis-potosi/tamasopo/santa-maria-tampalatin
79705,Tampasquín,Rancho,Tamasopo,San Luis Potosí,,Rural,https://postali.app/mx/san-luis-potosi/tamasopo/tampasquin
79706,Cebadilla,Rancho,Tamasopo,San Luis Potosí,,Rural,https://postali.app/mx/san-luis-potosi/tamasopo/cebadilla
79706,La Brecha,Rancho,Tamasopo,San Luis Potosí,,Rural,https://postali.app/mx/san-luis-potosi/tamasopo/la-brecha
79706,Naranjito,Rancho,Tamasopo,San Luis Potosí,,Rural,https://postali.app/mx/san-luis-potosi/tamasopo/naranjito
79706,Santa Isabel,Hacienda,Tamasopo,San Luis Potosí,,Rural,https://postali.app/mx/san-luis-potosi/tamasopo/santa-isabel
79707,Agua Puerca,Rancho,Tamasopo,San Luis Potosí,,Rural,https://postali.app/mx/san-luis-potosi/tamasopo/agua-puerca
79707,Copalillos,Rancho,Tamasopo,San Luis Potosí,,Rural,https://postali.app/mx/san-luis-potosi/tamasopo/copalillos
79707,Cuesta Blanca,Rancho,Tamasopo,San Luis Potosí,,Rural,https://postali.app/mx/san-luis-potosi/tamasopo/cuesta-blanca
79707,El Carrizo,Rancho,Tamasopo,San Luis Potosí,,Rural,https://postali.app/mx/san-luis-potosi/tamasopo/el-carrizo
79707,El Divisadero,Rancho,Tamasopo,San Luis Potosí,,Rural,https://postali.app/mx/san-luis-potosi/tamasopo/el-divisadero
79707,El Huizachal,Ranchería,Tamasopo,San Luis Potosí,,Rural,https://postali.app/mx/san-luis-potosi/tamasopo/el-huizachal
79707,El Nogalito,Rancho,Tamasopo,San Luis Potosí,,Rural,https://postali.app/mx/san-luis-potosi/tamasopo/el-nogalito
79707,El Puerto de Rancho Nuevo,Rancho,Tamasopo,San Luis Potosí,,Rural,https://postali.app/mx/san-luis-potosi/tamasopo/el-puerto-de-rancho-nuevo
79707,El Sabinito Quemado,Rancho,Tamasopo,San Luis Potosí,,Rural,https://postali.app/mx/san-luis-potosi/tamasopo/el-sabinito-quemado
79707,La Manzanilla,Rancho,Tamasopo,San Luis Potosí,,Rural,https://postali.app/mx/san-luis-potosi/tamasopo/la-manzanilla
79707,La Palma (Villa de la Palma),Ejido,Tamasopo,San Luis Potosí,,Rural,https://postali.app/mx/san-luis-potosi/tamasopo/la-palma-villa-de-la-palma
79707,Pozo Cuates,Rancho,Tamasopo,San Luis Potosí,,Rural,https://postali.app/mx/san-luis-potosi/tamasopo/pozo-cuates
79707,Rincón de Ramírez,Ejido,Tamasopo,San Luis Potosí,,Rural,https://postali.app/mx/san-luis-potosi/tamasopo/rincon-de-ramirez
79707,Tierritas Blancas,Ranchería,Tamasopo,San Luis Potosí,,Rural,https://postali.app/mx/san-luis-potosi/tamasopo/tierritas-blancas
79708,La Gavia,Ejido,Tamasopo,San Luis Potosí,,Rural,https://postali.app/mx/san-luis-potosi/tamasopo/la-gavia
79708,Potrerillos,Ejido,Tamasopo,San Luis Potosí,,Rural,https://postali.app/mx/san-luis-potosi/tamasopo/potrerillos
79708,San Andrés de los Limones,Ejido,Tamasopo,San Luis Potosí,,Rural,https://postali.app/mx/san-luis-potosi/tamasopo/san-andres-de-los-limones
79708,San Miguel,Rancho,Tamasopo,San Luis Potosí,,Rural,https://postali.app/mx/san-luis-potosi/tamasopo/san-miguel
79709,California,Rancho,Tamasopo,San Luis Potosí,,Rural,https://postali.app/mx/san-luis-potosi/tamasopo/california
79709,Capuchinas,Rancho,Tamasopo,San Luis Potosí,,Rural,https://postali.app/mx/san-luis-potosi/tamasopo/capuchinas
79709,El Naranjo,Rancho,Tamasopo,San Luis Potosí,,Rural,https://postali.app/mx/san-luis-potosi/tamasopo/el-naranjo
79709,El Trigo,Ejido,Tamasopo,San Luis Potosí,,Rural,https://postali.app/mx/san-luis-potosi/tamasopo/el-trigo
79709,Emiliano Zapata (La Boquilla),Ejido,Tamasopo,San Luis Potosí,,Rural,https://postali.app/mx/san-luis-potosi/tamasopo/emiliano-zapata-la-boquilla
79709,San José el Viejo (Huamúchil la Tigra),Ejido,Tamasopo,San Luis Potosí,,Rural,https://postali.app/mx/san-luis-potosi/tamasopo/san-jose-el-viejo-huamuchil-la-tigra
79709,Santa Elena (El Retacho),Rancho,Tamasopo,San Luis Potosí,,Rural,https://postali.app/mx/san-luis-potosi/tamasopo/santa-elena-el-retacho
79709,Veinte de Noviembre,Ejido,Tamasopo,San Luis Potosí,,Rural,https://postali.app/mx/san-luis-potosi/tamasopo/veinte-de-noviembre
79710,Tamasopo Centro,Colonia,Tamasopo,San Luis Potosí,Tamasopo,Rural,https://postali.app/mx/san-luis-potosi/tamasopo/tamasopo-centro
79712,El Mirador,Barrio,Tamasopo,San Luis Potosí,Tamasopo,Urbano,https://postali.app/mx/san-luis-potosi/tamasopo/el-mirador
79712,El Nacimiento,Barrio,Tamasopo,San Luis Potosí,Tamasopo,Urbano,https://postali.app/mx/san-luis-potosi/tamasopo/el-nacimiento
79712,Las Brisas,Barrio,Tamasopo,San Luis Potosí,Tamasopo,Urbano,https://postali.app/mx/san-luis-potosi/tamasopo/las-brisas
79712,Pedregal,Barrio,Tamasopo,San Luis Potosí,Tamasopo,Rural,https://postali.app/mx/san-luis-potosi/tamasopo/pedregal
79713,La Ceiba,Barrio,Tamasopo,San Luis Potosí,Tamasopo,Urbano,https://postali.app/mx/san-luis-potosi/tamasopo/la-ceiba
79713,Pasquines,Barrio,Tamasopo,San Luis Potosí,Tamasopo,Rural,https://postali.app/mx/san-luis-potosi/tamasopo/pasquines
79714,Altavista,Barrio,Tamasopo,San Luis Potosí,Tamasopo,Rural,https://postali.app/mx/san-luis-potosi/tamasopo/altavista
79716,La Mora,Barrio,Tamasopo,San Luis Potosí,Tamasopo,Rural,https://postali.app/mx/san-luis-potosi/tamasopo/la-mora
79717,El Corozo,Barrio,Tamasopo,San Luis Potosí,Tamasopo,Rural,https://postali.app/mx/san-luis-potosi/tamasopo/el-corozo
79717,El Sótano,Barrio,Tamasopo,San Luis Potosí,Tamasopo,Urbano,https://postali.app/mx/san-luis-potosi/tamasopo/el-sotano
79717,Gardenias,Barrio,Tamasopo,San Luis Potosí,Tamasopo,Urbano,https://postali.app/mx/san-luis-potosi/tamasopo/gardenias
79717,La Curva,Barrio,Tamasopo,San Luis Potosí,Tamasopo,Urbano,https://postali.app/mx/san-luis-potosi/tamasopo/la-curva
79720,Damián Carmona,Ejido,Tamasopo,San Luis Potosí,,Rural,https://postali.app/mx/san-luis-potosi/tamasopo/damian-carmona
79720,El Huizache,Rancho,Tamasopo,San Luis Potosí,,Rural,https://postali.app/mx/san-luis-potosi/tamasopo/el-huizache
79720,Huamúchil,Rancho,Tamasopo,San Luis Potosí,,Rural,https://postali.app/mx/san-luis-potosi/tamasopo/huamuchil
79721,El Chino,Ejido,Tamasopo,San Luis Potosí,,Rural,https://postali.app/mx/san-luis-potosi/tamasopo/el-chino
79722,El Aguacate,Ranchería,Tamasopo,San Luis Potosí,,Rural,https://postali.app/mx/san-luis-potosi/tamasopo/el-aguacate
79725,Kilómetro Cuatrocientos Setenta,Rancho,Tamasopo,San Luis Potosí,,Rural,https://postali.app/mx/san-luis-potosi/tamasopo/kilometro-cuatrocientos-setenta
79725,San Jerónimo,Ejido,Tamasopo,San Luis Potosí,,Rural,https://postali.app/mx/san-luis-potosi/tamasopo/san-jeronimo
79727,Joya de la Esperanza,Rancho,Tamasopo,San Luis Potosí,,Rural,https://postali.app/mx/san-luis-potosi/tamasopo/joya-de-la-esperanza
79727,Santa Rosalía,Rancho,Tamasopo,San Luis Potosí,,Rural,https://postali.app/mx/san-luis-potosi/tamasopo/santa-rosalia
79728,Buenavista,Rancho,Tamasopo,San Luis Potosí,,Rural,https://postali.app/mx/san-luis-potosi/tamasopo/buenavista
79728,Lagunita de San Francisco,Rancho,Tamasopo,San Luis Potosí,,Rural,https://postali.app/mx/san-luis-potosi/tamasopo/lagunita-de-san-francisco
79728,San Nicolás de los Montes,Ejido,Tamasopo,San Luis Potosí,,Rural,https://postali.app/mx/san-luis-potosi/tamasopo/san-nicolas-de-los-montes
79729,Carrizalito de Trompeteros,Rancho,Tamasopo,San Luis Potosí,,Rural,https://postali.app/mx/san-luis-potosi/tamasopo/carrizalito-de-trompeteros
79730,Obrera,Colonia,Tamasopo,San Luis Potosí,,Rural,https://postali.app/mx/san-luis-potosi/tamasopo/obrera
79731,Abras del Corozo,Ranchería,Tamasopo,San Luis Potosí,,Rural,https://postali.app/mx/san-luis-potosi/tamasopo/abras-del-corozo
79731,Campamento Alfa (Los Cuates),Ejido,Tamasopo,San Luis Potosí,,Rural,https://postali.app/mx/san-luis-potosi/tamasopo/campamento-alfa-los-cuates
79731,Las Joyas,Rancho,Tamasopo,San Luis Potosí,,Rural,https://postali.app/mx/san-luis-potosi/tamasopo/las-joyas
79732,El Carpintero,Ejido,Tamasopo,San Luis Potosí,,Rural,https://postali.app/mx/san-luis-potosi/tamasopo/el-carpintero
79732,El Saucillo,Ranchería,Tamasopo,San Luis Potosí,,Rural,https://postali.app/mx/san-luis-potosi/tamasopo/el-saucillo
79733,El Mirador,Rancho,Tamasopo,San Luis Potosí,,Rural,https://postali.app/mx/san-luis-potosi/tamasopo/el-mirador-79733
79733,Rancho Nuevo,Ranchería,Tamasopo,San Luis Potosí,,Rural,https://postali.app/mx/san-luis-potosi/tamasopo/rancho-nuevo
79733,Tambaca,Pueblo,Tamasopo,San Luis Potosí,,Urbano,https://postali.app/mx/san-luis-potosi/tamasopo/tambaca
79734,Cabezas,Ejido,Tamasopo,San Luis Potosí,,Rural,https://postali.app/mx/san-luis-potosi/tamasopo/cabezas
79734,La Esperanza,Rancho,Tamasopo,San Luis Potosí,,Rural,https://postali.app/mx/san-luis-potosi/tamasopo/la-esperanza
79735,Joya de los Novillos,Rancho,Tamasopo,San Luis Potosí,,Rural,https://postali.app/mx/san-luis-potosi/tamasopo/joya-de-los-novillos
79740,Amoladeras,Ejido,Rayón,San Luis Potosí,,Rural,https://postali.app/mx/san-luis-potosi/rayon/amoladeras
79740,Crucero de Rayón,Ejido,Rayón,San Luis Potosí,,Rural,https://postali.app/mx/san-luis-potosi/rayon/crucero-de-rayon
79740,El Aguacate,Ejido,Rayón,San Luis Potosí,,Rural,https://postali.app/mx/san-luis-potosi/rayon/el-aguacate
79740,El Calichal,Barrio,Rayón,San Luis Potosí,,Urbano,https://postali.app/mx/san-luis-potosi/rayon/el-calichal
79740,El Pajarito,Ejido,Rayón,San Luis Potosí,,Rural,https://postali.app/mx/san-luis-potosi/rayon/el-pajarito
79740,El Refugio,Barrio,Rayón,San Luis Potosí,,Urbano,https://postali.app/mx/san-luis-potosi/rayon/el-refugio
79740,El Sabino,Barrio,Rayón,San Luis Potosí,,Urbano,https://postali.app/mx/san-luis-potosi/rayon/el-sabino
79740,Guadalupe,Barrio,Rayón,San Luis Potosí,,Rural,https://postali.app/mx/san-luis-potosi/rayon/guadalupe
79740,Magisterial Profesor Librado Rivera,Fraccionamiento,Rayón,San Luis Potosí,,Urbano,https://postali.app/mx/san-luis-potosi/rayon/magisterial-profesor-librado-rivera
79740,Nogales,Ranchería,Rayón,San Luis Potosí,,Rural,https://postali.app/mx/san-luis-potosi/rayon/nogales
79740,Rayón,Colonia,Rayón,San Luis Potosí,,Rural,https://postali.app/mx/san-luis-potosi/rayon/rayon
79740,San Antonio,Barrio,Rayón,San Luis Potosí,,Urbano,https://postali.app/mx/san-luis-potosi/rayon/san-antonio
79740,San José,Barrio,Rayón,San Luis Potosí,,Urbano,https://postali.app/mx/san-luis-potosi/rayon/san-jose
79740,San Juan,Barrio,Rayón,San Luis Potosí,,Urbano,https://postali.app/mx/san-luis-potosi/rayon/san-juan
79740,Tortugas,Ranchería,Rayón,San Luis Potosí,,Rural,https://postali.app/mx/san-luis-potosi/rayon/tortugas
79745,Cerrito de la Cruz,Ejido,Rayón,San Luis Potosí,,Rural,https://postali.app/mx/san-luis-potosi/rayon/cerrito-de-la-cruz
79746,Pozo Bendito,Ranchería,Rayón,San Luis Potosí,,Rural,https://postali.app/mx/san-luis-potosi/rayon/pozo-bendito
79747,La Luz,Ejido,Rayón,San Luis Potosí,,Rural,https://postali.app/mx/san-luis-potosi/rayon/la-luz
79747,Morelos,Ranchería,Rayón,San Luis Potosí,,Rural,https://postali.app/mx/san-luis-potosi/rayon/morelos
79748,Vaqueros,Ejido,Rayón,San Luis Potosí,,Rural,https://postali.app/mx/san-luis-potosi/rayon/vaqueros
79750,Aguacatillos,Ranchería,Rayón,San Luis Potosí,,Rural,https://postali.app/mx/san-luis-potosi/rayon/aguacatillos
79750,Las Canoas,Paraje,Rayón,San Luis Potosí,,Rural,https://postali.app/mx/san-luis-potosi/rayon/las-canoas
79750,Obregón (Estancitas),Ejido,Rayón,San Luis Potosí,,Rural,https://postali.app/mx/san-luis-potosi/rayon/obregon-estancitas
79750,Tierras Coloradas,Ranchería,Rayón,San Luis Potosí,,Rural,https://postali.app/mx/san-luis-potosi/rayon/tierras-coloradas
79751,Puertecitos,Ranchería,Rayón,San Luis Potosí,,Rural,https://postali.app/mx/san-luis-potosi/rayon/puertecitos
79753,Las Guapas,Ejido,Rayón,San Luis Potosí,,Rural,https://postali.app/mx/san-luis-potosi/rayon/las-guapas
79754,Potrero del Carnero,Ranchería,Rayón,San Luis Potosí,,Rural,https://postali.app/mx/san-luis-potosi/rayon/potrero-del-carnero
79754,Vicente Guerrero,Ejido,Rayón,San Luis Potosí,,Rural,https://postali.app/mx/san-luis-potosi/rayon/vicente-guerrero
79755,San Felipe de Jesús Gamotes,Ejido,Rayón,San Luis Potosí,,Rural,https://postali.app/mx/san-luis-potosi/rayon/san-felipe-de-jesus-gamotes
79755,San Francisco,Ranchería,Rayón,San Luis Potosí,,Rural,https://postali.app/mx/san-luis-potosi/rayon/san-francisco
79760,Aquismón,Pueblo,Aquismón,San Luis Potosí,,Urbano,https://postali.app/mx/san-luis-potosi/aquismon/aquismon
79760,El Choy,Colonia,Aquismón,San Luis Potosí,,Urbano,https://postali.app/mx/san-luis-potosi/aquismon/el-choy
79760,El Choy,Ejido,Aquismón,San Luis Potosí,,Rural,https://postali.app/mx/san-luis-potosi/aquismon/el-choy-79760
79760,El Mirador,Colonia,Aquismón,San Luis Potosí,,Rural,https://postali.app/mx/san-luis-potosi/aquismon/el-mirador
79760,La Mora,Colonia,Aquismón,San Luis Potosí,,Urbano,https://postali.app/mx/san-luis-potosi/aquismon/la-mora
79760,Loma Colorada,Colonia,Aquismón,San Luis Potosí,,Urbano,https://postali.app/mx/san-luis-potosi/aquismon/loma-colorada
79760,Norte,Colonia,Aquismón,San Luis Potosí,,Urbano,https://postali.app/mx/san-luis-potosi/aquismon/norte
79760,Nueva,Colonia,Aquismón,San Luis Potosí,,Urbano,https://postali.app/mx/san-luis-potosi/aquismon/nueva
79760,Oxitipa,Ejido,Aquismón,San Luis Potosí,,Rural,https://postali.app/mx/san-luis-potosi/aquismon/oxitipa
79766,Agua Nueva,Ejido,Aquismón,San Luis Potosí,,Rural,https://postali.app/mx/san-luis-potosi/aquismon/agua-nueva
79766,Alitzé,Ejido,Aquismón,San Luis Potosí,,Rural,https://postali.app/mx/san-luis-potosi/aquismon/alitze
79766,Barrio de las Golondrinas,Ejido,Aquismón,San Luis Potosí,,Rural,https://postali.app/mx/san-luis-potosi/aquismon/barrio-de-las-golondrinas
79766,Barrio el Chamal,Ejido,Aquismón,San Luis Potosí,,Rural,https://postali.app/mx/san-luis-potosi/aquismon/barrio-el-chamal
79766,Barrio el Progreso,Ejido,Aquismón,San Luis Potosí,,Rural,https://postali.app/mx/san-luis-potosi/aquismon/barrio-el-progreso
79766,Barrio la Sagrada Familia,Ejido,Aquismón,San Luis Potosí,,Rural,https://postali.app/mx/san-luis-potosi/aquismon/barrio-la-sagrada-familia
79766,Barrio San José,Ejido,Aquismón,San Luis Potosí,,Rural,https://postali.app/mx/san-luis-potosi/aquismon/barrio-san-jose
79766,Barrio San Miguel,Ejido,Aquismón,San Luis Potosí,,Rural,https://postali.app/mx/san-luis-potosi/aquismon/barrio-san-miguel
79766,Cuetáb,Ejido,Aquismón,San Luis Potosí,,Rural,https://postali.app/mx/san-luis-potosi/aquismon/cuetab
79766,Cueva del Tiwi (Cueva de la Gavilucha),Ejido,Aquismón,San Luis Potosí,,Rural,https://postali.app/mx/san-luis-potosi/aquismon/cueva-del-tiwi-cueva-de-la-gavilucha
79766,El Mirador,Ejido,Aquismón,San Luis Potosí,,Rural,https://postali.app/mx/san-luis-potosi/aquismon/el-mirador-79766
79766,El Zopope,Barrio,Aquismón,San Luis Potosí,,Rural,https://postali.app/mx/san-luis-potosi/aquismon/el-zopope
79766,Eureka,Ranchería,Aquismón,San Luis Potosí,,Rural,https://postali.app/mx/san-luis-potosi/aquismon/eureka
79766,Jomté Eureka,Ejido,Aquismón,San Luis Potosí,,Rural,https://postali.app/mx/san-luis-potosi/aquismon/jomte-eureka
79766,Joya de Papatla,Ejido,Aquismón,San Luis Potosí,,Rural,https://postali.app/mx/san-luis-potosi/aquismon/joya-de-papatla
79766,La Brecha (La Brecha de Tantzotzob),Ejido,Aquismón,San Luis Potosí,,Rural,https://postali.app/mx/san-luis-potosi/aquismon/la-brecha-la-brecha-de-tantzotzob
79766,La Laja,Rancho,Aquismón,San Luis Potosí,,Rural,https://postali.app/mx/san-luis-potosi/aquismon/la-laja
79766,La Unión de Guadalupe,Barrio,Aquismón,San Luis Potosí,,Rural,https://postali.app/mx/san-luis-potosi/aquismon/la-union-de-guadalupe
79766,Lanim,Ranchería,Aquismón,San Luis Potosí,,Rural,https://postali.app/mx/san-luis-potosi/aquismon/lanim
79766,Linjá,Barrio,Aquismón,San Luis Potosí,,Rural,https://postali.app/mx/san-luis-potosi/aquismon/linja
79766,Manja,Ejido,Aquismón,San Luis Potosí,,Rural,https://postali.app/mx/san-luis-potosi/aquismon/manja
79766,Octzén,Ejido,Aquismón,San Luis Potosí,,Rural,https://postali.app/mx/san-luis-potosi/aquismon/octzen
79766,Paxaljá,Ejido,Aquismón,San Luis Potosí,,Rural,https://postali.app/mx/san-luis-potosi/aquismon/paxalja
79766,Santa Bárbara,Ranchería,Aquismón,San Luis Potosí,,Rural,https://postali.app/mx/san-luis-potosi/aquismon/santa-barbara
79766,Tahuilatzén,Ejido,Aquismón,San Luis Potosí,,Rural,https://postali.app/mx/san-luis-potosi/aquismon/tahuilatzen
79766,Tamcuime,Ejido,Aquismón,San Luis Potosí,,Rural,https://postali.app/mx/san-luis-potosi/aquismon/tamcuime
79766,Tamápatz,Barrio,Aquismón,San Luis Potosí,,Rural,https://postali.app/mx/san-luis-potosi/aquismon/tamapatz
79766,Tan Tzajib,Ejido,Aquismón,San Luis Potosí,,Rural,https://postali.app/mx/san-luis-potosi/aquismon/tan-tzajib
79767,Agua Amarga,Ranchería,Aquismón,San Luis Potosí,,Rural,https://postali.app/mx/san-luis-potosi/aquismon/agua-amarga
79767,Al Tzabalte,Ejido,Aquismón,San Luis Potosí,,Rural,https://postali.app/mx/san-luis-potosi/aquismon/al-tzabalte
79767,Alte Anam (La Banqueta),Ejido,Aquismón,San Luis Potosí,,Rural,https://postali.app/mx/san-luis-potosi/aquismon/alte-anam-la-banqueta
79767,Barrio de Jolja,Ejido,Aquismón,San Luis Potosí,,Rural,https://postali.app/mx/san-luis-potosi/aquismon/barrio-de-jolja
79767,Barrio la Cruz,Ejido,Aquismón,San Luis Potosí,,Rural,https://postali.app/mx/san-luis-potosi/aquismon/barrio-la-cruz
79767,Barrio la Mina,Ejido,Aquismón,San Luis Potosí,,Rural,https://postali.app/mx/san-luis-potosi/aquismon/barrio-la-mina
79767,Cuache,Ejido,Aquismón,San Luis Potosí,,Rural,https://postali.app/mx/san-luis-potosi/aquismon/cuache
79767,El Carrizo,Ejido,Aquismón,San Luis Potosí,,Rural,https://postali.app/mx/san-luis-potosi/aquismon/el-carrizo
79767,El Respaldo,Ejido,Aquismón,San Luis Potosí,,Rural,https://postali.app/mx/san-luis-potosi/aquismon/el-respaldo
79767,El Túnel,Ejido,Aquismón,San Luis Potosí,,Rural,https://postali.app/mx/san-luis-potosi/aquismon/el-tunel
79767,Hoya de la Luz,Ejido,Aquismón,San Luis Potosí,,Rural,https://postali.app/mx/san-luis-potosi/aquismon/hoya-de-la-luz
79767,Jactzén,Ejido,Aquismón,San Luis Potosí,,Rural,https://postali.app/mx/san-luis-potosi/aquismon/jactzen
79767,Jagüey Prieto (El Jagüey),Ejido,Aquismón,San Luis Potosí,,Rural,https://postali.app/mx/san-luis-potosi/aquismon/jaguey-prieto-el-jaguey
79767,Jol Mom,Ejido,Aquismón,San Luis Potosí,,Rural,https://postali.app/mx/san-luis-potosi/aquismon/jol-mom
79767,Joya de las Vacas,Ejido,Aquismón,San Luis Potosí,,Rural,https://postali.app/mx/san-luis-potosi/aquismon/joya-de-las-vacas
79767,Joya del Limón,Ejido,Aquismón,San Luis Potosí,,Rural,https://postali.app/mx/san-luis-potosi/aquismon/joya-del-limon
79767,Joya del Limón (María Gregoria Bautista),Ejido,Aquismón,San Luis Potosí,,Rural,https://postali.app/mx/san-luis-potosi/aquismon/joya-del-limon-maria-gregoria-bautista
79767,La Esperanza,Rancho,Aquismón,San Luis Potosí,,Rural,https://postali.app/mx/san-luis-potosi/aquismon/la-esperanza
79767,La Manteca,Rancho,Aquismón,San Luis Potosí,,Rural,https://postali.app/mx/san-luis-potosi/aquismon/la-manteca
79767,La Mesa,Rancho,Aquismón,San Luis Potosí,,Rural,https://postali.app/mx/san-luis-potosi/aquismon/la-mesa
79767,La Peña Blanca,Ranchería,Aquismón,San Luis Potosí,,Rural,https://postali.app/mx/san-luis-potosi/aquismon/la-pena-blanca
79767,La Reforma,Ranchería,Aquismón,San Luis Potosí,,Rural,https://postali.app/mx/san-luis-potosi/aquismon/la-reforma
79767,La Soledad,Ranchería,Aquismón,San Luis Potosí,,Rural,https://postali.app/mx/san-luis-potosi/aquismon/la-soledad
79767,La Yerbabuena,Ranchería,Aquismón,San Luis Potosí,,Rural,https://postali.app/mx/san-luis-potosi/aquismon/la-yerbabuena
79767,Las Ánimas,Ranchería,Aquismón,San Luis Potosí,,Rural,https://postali.app/mx/san-luis-potosi/aquismon/las-animas
79767,Los Hornos,Ejido,Aquismón,San Luis Potosí,,Rural,https://postali.app/mx/san-luis-potosi/aquismon/los-hornos
79767,Los Limones,Rancho,Aquismón,San Luis Potosí,,Rural,https://postali.app/mx/san-luis-potosi/aquismon/los-limones
79767,Los Lirios,Rancho,Aquismón,San Luis Potosí,,Rural,https://postali.app/mx/san-luis-potosi/aquismon/los-lirios
79767,Los Vidales,Ranchería,Aquismón,San Luis Potosí,,Rural,https://postali.app/mx/san-luis-potosi/aquismon/los-vidales
79767,Mina de Belemont,Ejido,Aquismón,San Luis Potosí,,Rural,https://postali.app/mx/san-luis-potosi/aquismon/mina-de-belemont
79767,Múhuatl,Barrio,Aquismón,San Luis Potosí,,Rural,https://postali.app/mx/san-luis-potosi/aquismon/muhuatl
79767,Octujub o Campeche,Ejido,Aquismón,San Luis Potosí,,Rural,https://postali.app/mx/san-luis-potosi/aquismon/octujub-o-campeche
79767,Puerto Tampete,Ejido,Aquismón,San Luis Potosí,,Rural,https://postali.app/mx/san-luis-potosi/aquismon/puerto-tampete
79767,San Francisco,Ejido,Aquismón,San Luis Potosí,,Rural,https://postali.app/mx/san-luis-potosi/aquismon/san-francisco
79767,San Isidro,Ejido,Aquismón,San Luis Potosí,,Rural,https://postali.app/mx/san-luis-potosi/aquismon/san-isidro
79767,San José Oija,Ejido,Aquismón,San Luis Potosí,,Rural,https://postali.app/mx/san-luis-potosi/aquismon/san-jose-oija
79767,San Martín,Ejido,Aquismón,San Luis Potosí,,Rural,https://postali.app/mx/san-luis-potosi/aquismon/san-martin
79767,San Rafael Tampaxal,Ejido,Aquismón,San Luis Potosí,,Rural,https://postali.app/mx/san-luis-potosi/aquismon/san-rafael-tampaxal
79767,Sanjuanita,Ejido,Aquismón,San Luis Potosí,,Rural,https://postali.app/mx/san-luis-potosi/aquismon/sanjuanita
79767,Santa Rita,Ejido,Aquismón,San Luis Potosí,,Rural,https://postali.app/mx/san-luis-potosi/aquismon/santa-rita
79767,Tamcuem,Ejido,Aquismón,San Luis Potosí,,Rural,https://postali.app/mx/san-luis-potosi/aquismon/tamcuem
79767,Tampaxal,Ranchería,Aquismón,San Luis Potosí,,Rural,https://postali.app/mx/san-luis-potosi/aquismon/tampaxal
79767,Tampete,Ejido,Aquismón,San Luis Potosí,,Rural,https://postali.app/mx/san-luis-potosi/aquismon/tampete
79767,Tangojo,Ejido,Aquismón,San Luis Potosí,,Rural,https://postali.app/mx/san-luis-potosi/aquismon/tangojo
79770,Arroyo Zarco,Ejido,Aquismón,San Luis Potosí,,Rural,https://postali.app/mx/san-luis-potosi/aquismon/arroyo-zarco
79770,El Chamal,Ejido,Aquismón,San Luis Potosí,,Rural,https://postali.app/mx/san-luis-potosi/aquismon/el-chamal
79770,El Copoy,Ejido,Aquismón,San Luis Potosí,,Rural,https://postali.app/mx/san-luis-potosi/aquismon/el-copoy
79770,El Corozo,Ejido,Aquismón,San Luis Potosí,,Rural,https://postali.app/mx/san-luis-potosi/aquismon/el-corozo
79770,El Pemoche,Ejido,Aquismón,San Luis Potosí,,Rural,https://postali.app/mx/san-luis-potosi/aquismon/el-pemoche
79770,El Sabino,Ejido,Aquismón,San Luis Potosí,,Rural,https://postali.app/mx/san-luis-potosi/aquismon/el-sabino
79770,El Sauz,Ejido,Aquismón,San Luis Potosí,,Rural,https://postali.app/mx/san-luis-potosi/aquismon/el-sauz
79770,Jagüey Cercado,Ejido,Aquismón,San Luis Potosí,,Rural,https://postali.app/mx/san-luis-potosi/aquismon/jaguey-cercado
79770,La Cruz de Guadalupe,Rancho,Aquismón,San Luis Potosí,,Rural,https://postali.app/mx/san-luis-potosi/aquismon/la-cruz-de-guadalupe
79770,La Cuchilla,Ranchería,Aquismón,San Luis Potosí,,Rural,https://postali.app/mx/san-luis-potosi/aquismon/la-cuchilla
79770,La Cueva (El Rezago),Rancho,Aquismón,San Luis Potosí,,Rural,https://postali.app/mx/san-luis-potosi/aquismon/la-cueva-el-rezago
79770,La Mesa,Barrio,Aquismón,San Luis Potosí,,Rural,https://postali.app/mx/san-luis-potosi/aquismon/la-mesa-79770
79770,La Mora (El Lindero),Rancho,Aquismón,San Luis Potosí,,Rural,https://postali.app/mx/san-luis-potosi/aquismon/la-mora-el-lindero
79770,La Paloma,Rancho,Aquismón,San Luis Potosí,,Rural,https://postali.app/mx/san-luis-potosi/aquismon/la-paloma
79770,La Peña,Rancho,Aquismón,San Luis Potosí,,Rural,https://postali.app/mx/san-luis-potosi/aquismon/la-pena
79770,La Reforma,Rancho,Aquismón,San Luis Potosí,,Rural,https://postali.app/mx/san-luis-potosi/aquismon/la-reforma-79770
79770,Los Canelos,Ranchería,Aquismón,San Luis Potosí,,Rural,https://postali.app/mx/san-luis-potosi/aquismon/los-canelos
79770,Los Charcos,Rancho,Aquismón,San Luis Potosí,,Rural,https://postali.app/mx/san-luis-potosi/aquismon/los-charcos
79770,Puerto de Tantzotzob,Ejido,Aquismón,San Luis Potosí,,Rural,https://postali.app/mx/san-luis-potosi/aquismon/puerto-de-tantzotzob
79770,Rancho Alegre (El Cañón),Ranchería,Aquismón,San Luis Potosí,,Rural,https://postali.app/mx/san-luis-potosi/aquismon/rancho-alegre-el-canon
79770,San Rafael Tamápatz,Ejido,Aquismón,San Luis Potosí,,Rural,https://postali.app/mx/san-luis-potosi/aquismon/san-rafael-tamapatz
79770,Tanchopol,Ejido,Aquismón,San Luis Potosí,,Rural,https://postali.app/mx/san-luis-potosi/aquismon/tanchopol
79770,Tanquizul,Ejido,Aquismón,San Luis Potosí,,Rural,https://postali.app/mx/san-luis-potosi/aquismon/tanquizul
79770,Tantzotzob,Ranchería,Aquismón,San Luis Potosí,,Rural,https://postali.app/mx/san-luis-potosi/aquismon/tantzotzob
79770,Yerbabuena,Ejido,Aquismón,San Luis Potosí,,Rural,https://postali.app/mx/san-luis-potosi/aquismon/yerbabuena
79773,El Aguacate,Ejido,Aquismón,San Luis Potosí,,Rural,https://postali.app/mx/san-luis-potosi/aquismon/el-aguacate
79773,Loma Bonita,Rancho,Aquismón,San Luis Potosí,,Rural,https://postali.app/mx/san-luis-potosi/aquismon/loma-bonita
79773,Mantezulel,Ejido,Aquismón,San Luis Potosí,,Rural,https://postali.app/mx/san-luis-potosi/aquismon/mantezulel
79773,Puhuitzé,Ejido,Aquismón,San Luis Potosí,,Rural,https://postali.app/mx/san-luis-potosi/aquismon/puhuitze
79773,Rancho Japazum,Ranchería,Aquismón,San Luis Potosí,,Rural,https://postali.app/mx/san-luis-potosi/aquismon/rancho-japazum
79773,Rancho los Riachuelos,Ranchería,Aquismón,San Luis Potosí,,Rural,https://postali.app/mx/san-luis-potosi/aquismon/rancho-los-riachuelos
79773,Tampate,Ejido,Aquismón,San Luis Potosí,,Rural,https://postali.app/mx/san-luis-potosi/aquismon/tampate
79773,Tanchanaco,Ranchería,Aquismón,San Luis Potosí,,Rural,https://postali.app/mx/san-luis-potosi/aquismon/tanchanaco
79773,Tanute,Ejido,Aquismón,San Luis Potosí,,Rural,https://postali.app/mx/san-luis-potosi/aquismon/tanute
79774,El Aguacate,Ejido,Aquismón,San Luis Potosí,,Rural,https://postali.app/mx/san-luis-potosi/aquismon/el-aguacate-79774
79774,El Caracol,Ejido,Aquismón,San Luis Potosí,,Rural,https://postali.app/mx/san-luis-potosi/aquismon/el-caracol
79774,El Corocito,Ejido,Aquismón,San Luis Potosí,,Rural,https://postali.app/mx/san-luis-potosi/aquismon/el-corocito
79774,El Otate,Ejido,Aquismón,San Luis Potosí,,Rural,https://postali.app/mx/san-luis-potosi/aquismon/el-otate
79774,El Sabinal,Ejido,Aquismón,San Luis Potosí,,Rural,https://postali.app/mx/san-luis-potosi/aquismon/el-sabinal
79774,La Caldera,Ranchería,Aquismón,San Luis Potosí,,Rural,https://postali.app/mx/san-luis-potosi/aquismon/la-caldera
79774,Oxmolón,Ejido,Aquismón,San Luis Potosí,,Rural,https://postali.app/mx/san-luis-potosi/aquismon/oxmolon
79775,Alborada Primera,Ejido,Aquismón,San Luis Potosí,,Rural,https://postali.app/mx/san-luis-potosi/aquismon/alborada-primera
79775,Arroyo Grande (El Puente),Ejido,Aquismón,San Luis Potosí,,Rural,https://postali.app/mx/san-luis-potosi/aquismon/arroyo-grande-el-puente
79775,Carlos Mayorga,Ejido,Aquismón,San Luis Potosí,,Rural,https://postali.app/mx/san-luis-potosi/aquismon/carlos-mayorga
79775,El Bosque,Ejido,Aquismón,San Luis Potosí,,Rural,https://postali.app/mx/san-luis-potosi/aquismon/el-bosque
79775,El Centavo,Ejido,Aquismón,San Luis Potosí,,Rural,https://postali.app/mx/san-luis-potosi/aquismon/el-centavo
79775,El Chilaf,Ejido,Aquismón,San Luis Potosí,,Rural,https://postali.app/mx/san-luis-potosi/aquismon/el-chilaf
79775,El Coyol,Ejido,Aquismón,San Luis Potosí,,Rural,https://postali.app/mx/san-luis-potosi/aquismon/el-coyol
79775,El Limón,Ejido,Aquismón,San Luis Potosí,,Rural,https://postali.app/mx/san-luis-potosi/aquismon/el-limon
79775,El Pastor,Ejido,Aquismón,San Luis Potosí,,Rural,https://postali.app/mx/san-luis-potosi/aquismon/el-pastor
79775,El Progreso,Ejido,Aquismón,San Luis Potosí,,Rural,https://postali.app/mx/san-luis-potosi/aquismon/el-progreso
79775,El Rosario,Ejido,Aquismón,San Luis Potosí,,Rural,https://postali.app/mx/san-luis-potosi/aquismon/el-rosario
79775,El Sacrificio (Sección 26),Ejido,Aquismón,San Luis Potosí,,Rural,https://postali.app/mx/san-luis-potosi/aquismon/el-sacrificio-seccion-26
79775,El Volantín,Ejido,Aquismón,San Luis Potosí,,Rural,https://postali.app/mx/san-luis-potosi/aquismon/el-volantin
79775,La Garita Tambaque,Ranchería,Aquismón,San Luis Potosí,,Rural,https://postali.app/mx/san-luis-potosi/aquismon/la-garita-tambaque
79775,La Ilusión,Rancho,Aquismón,San Luis Potosí,,Rural,https://postali.app/mx/san-luis-potosi/aquismon/la-ilusion
79775,La Laguna,Ranchería,Aquismón,San Luis Potosí,,Rural,https://postali.app/mx/san-luis-potosi/aquismon/la-laguna
79775,Los Ciruelos,Barrio,Aquismón,San Luis Potosí,,Rural,https://postali.app/mx/san-luis-potosi/aquismon/los-ciruelos
79775,Marcos Luis Santiago (Santa Anita),Ejido,Aquismón,San Luis Potosí,,Rural,https://postali.app/mx/san-luis-potosi/aquismon/marcos-luis-santiago-santa-anita
79775,NCPE Santa Anita,Ejido,Aquismón,San Luis Potosí,,Rural,https://postali.app/mx/san-luis-potosi/aquismon/ncpe-santa-anita
79775,Pedro Castillo Sánchez (El Volantín),Ejido,Aquismón,San Luis Potosí,,Rural,https://postali.app/mx/san-luis-potosi/aquismon/pedro-castillo-sanchez-el-volantin
79775,Puente de Dios (Paso Alto),Ejido,Aquismón,San Luis Potosí,,Rural,https://postali.app/mx/san-luis-potosi/aquismon/puente-de-dios-paso-alto
79775,Rancho el Plan de Limón,Ranchería,Aquismón,San Luis Potosí,,Rural,https://postali.app/mx/san-luis-potosi/aquismon/rancho-el-plan-de-limon
79775,Rancho las Flores,Ranchería,Aquismón,San Luis Potosí,,Rural,https://postali.app/mx/san-luis-potosi/aquismon/rancho-las-flores
79775,Rancho Nuevo,Ranchería,Aquismón,San Luis Potosí,,Rural,https://postali.app/mx/san-luis-potosi/aquismon/rancho-nuevo
79775,Rancho Nuevo Tamalte,Ranchería,Aquismón,San Luis Potosí,,Rural,https://postali.app/mx/san-luis-potosi/aquismon/rancho-nuevo-tamalte
79775,Rancho San Jorge,Ranchería,Aquismón,San Luis Potosí,,Rural,https://postali.app/mx/san-luis-potosi/aquismon/rancho-san-jorge
79775,Roberto Morales,Ejido,Aquismón,San Luis Potosí,,Rural,https://postali.app/mx/san-luis-potosi/aquismon/roberto-morales
79775,Salsipuedes,Ejido,Aquismón,San Luis Potosí,,Rural,https://postali.app/mx/san-luis-potosi/aquismon/salsipuedes
79775,San Francisco de Asís,Ejido,Aquismón,San Luis Potosí,,Rural,https://postali.app/mx/san-luis-potosi/aquismon/san-francisco-de-asis
79775,San Pablo,Ejido,Aquismón,San Luis Potosí,,Rural,https://postali.app/mx/san-luis-potosi/aquismon/san-pablo
79775,San Pedro de las Anonas,Ejido,Aquismón,San Luis Potosí,,Rural,https://postali.app/mx/san-luis-potosi/aquismon/san-pedro-de-las-anonas
79775,Santa Anita,Ejido,Aquismón,San Luis Potosí,,Rural,https://postali.app/mx/san-luis-potosi/aquismon/santa-anita
79775,Santa Cruz,Ejido,Aquismón,San Luis Potosí,,Rural,https://postali.app/mx/san-luis-potosi/aquismon/santa-cruz
79775,Santa Elena,Ejido,Aquismón,San Luis Potosí,,Rural,https://postali.app/mx/san-luis-potosi/aquismon/santa-elena
79775,Tamalte,Ejido,Aquismón,San Luis Potosí,,Rural,https://postali.app/mx/san-luis-potosi/aquismon/tamalte
79775,Tambaque,Ejido,Aquismón,San Luis Potosí,,Rural,https://postali.app/mx/san-luis-potosi/aquismon/tambaque
79775,Tampemoche,Ejido,Aquismón,San Luis Potosí,,Rural,https://postali.app/mx/san-luis-potosi/aquismon/tampemoche
79775,Zanja Prieta (Los Támez),Ejido,Aquismón,San Luis Potosí,,Rural,https://postali.app/mx/san-luis-potosi/aquismon/zanja-prieta-los-tamez
79776,Guillermo Durán,Ejido,Aquismón,San Luis Potosí,,Rural,https://postali.app/mx/san-luis-potosi/aquismon/guillermo-duran
79776,La Morena,Ejido,Aquismón,San Luis Potosí,,Rural,https://postali.app/mx/san-luis-potosi/aquismon/la-morena
79776,Las Vegas,Rancho,Aquismón,San Luis Potosí,,Rural,https://postali.app/mx/san-luis-potosi/aquismon/las-vegas
79776,Rancho Acuario,Ranchería,Aquismón,San Luis Potosí,,Rural,https://postali.app/mx/san-luis-potosi/aquismon/rancho-acuario
79776,Rancho la Morena,Ranchería,Aquismón,San Luis Potosí,,Rural,https://postali.app/mx/san-luis-potosi/aquismon/rancho-la-morena
79776,Rancho las Mesas,Ranchería,Aquismón,San Luis Potosí,,Rural,https://postali.app/mx/san-luis-potosi/aquismon/rancho-las-mesas
79776,Rancho las Mesas (Javier González Ramírez),Ranchería,Aquismón,San Luis Potosí,,Rural,https://postali.app/mx/san-luis-potosi/aquismon/rancho-las-mesas-javier-gonzalez-ramirez
79776,San José el Viejo,Ejido,Aquismón,San Luis Potosí,,Rural,https://postali.app/mx/san-luis-potosi/aquismon/san-jose-el-viejo
79776,Tanchachín,Ranchería,Aquismón,San Luis Potosí,,Rural,https://postali.app/mx/san-luis-potosi/aquismon/tanchachin
79777,Camarones,Ejido,Aquismón,San Luis Potosí,,Rural,https://postali.app/mx/san-luis-potosi/aquismon/camarones
79777,Coyotes (Camarones),Ejido,Aquismón,San Luis Potosí,,Rural,https://postali.app/mx/san-luis-potosi/aquismon/coyotes-camarones
79777,El Corozo,Ejido,Aquismón,San Luis Potosí,,Rural,https://postali.app/mx/san-luis-potosi/aquismon/el-corozo-79777
79777,El Encinal,Ejido,Aquismón,San Luis Potosí,,Rural,https://postali.app/mx/san-luis-potosi/aquismon/el-encinal
79777,El Jabalí,Ranchería,Aquismón,San Luis Potosí,,Rural,https://postali.app/mx/san-luis-potosi/aquismon/el-jabali
79777,El Naranjito,Ranchería,Aquismón,San Luis Potosí,,Rural,https://postali.app/mx/san-luis-potosi/aquismon/el-naranjito
79777,El Naranjito (Isaías López),Ejido,Aquismón,San Luis Potosí,,Rural,https://postali.app/mx/san-luis-potosi/aquismon/el-naranjito-isaias-lopez
79777,El Paraíso,Ejido,Aquismón,San Luis Potosí,,Rural,https://postali.app/mx/san-luis-potosi/aquismon/el-paraiso
79777,El Sauz (El Saucito),Ejido,Aquismón,San Luis Potosí,,Rural,https://postali.app/mx/san-luis-potosi/aquismon/el-sauz-el-saucito
79777,El Sauz (Saucito Viejo),Ejido,Aquismón,San Luis Potosí,,Rural,https://postali.app/mx/san-luis-potosi/aquismon/el-sauz-saucito-viejo
79777,El Vergel,Ranchería,Aquismón,San Luis Potosí,,Rural,https://postali.app/mx/san-luis-potosi/aquismon/el-vergel
79777,Gallinas [Estación Hidrométrica],Ejido,Aquismón,San Luis Potosí,,Rural,https://postali.app/mx/san-luis-potosi/aquismon/gallinas-estacion-hidrometrica
79777,La Cañada (Los Corrales),Ranchería,Aquismón,San Luis Potosí,,Rural,https://postali.app/mx/san-luis-potosi/aquismon/la-canada-los-corrales
79777,La Ceiba (Los Corrales),Rancho,Aquismón,San Luis Potosí,,Rural,https://postali.app/mx/san-luis-potosi/aquismon/la-ceiba-los-corrales
79777,La Escondida,Rancho,Aquismón,San Luis Potosí,,Rural,https://postali.app/mx/san-luis-potosi/aquismon/la-escondida
79777,La Hierbabuena (Rancho San Antonio),Rancho,Aquismón,San Luis Potosí,,Rural,https://postali.app/mx/san-luis-potosi/aquismon/la-hierbabuena-rancho-san-antonio
79777,La Loma,Rancho,Aquismón,San Luis Potosí,,Rural,https://postali.app/mx/san-luis-potosi/aquismon/la-loma
79777,Lorenzo Juárez Bueno,Rancho,Aquismón,San Luis Potosí,,Rural,https://postali.app/mx/san-luis-potosi/aquismon/lorenzo-juarez-bueno
79777,Los Otates,Rancho,Aquismón,San Luis Potosí,,Rural,https://postali.app/mx/san-luis-potosi/aquismon/los-otates
79777,Los Remedios,Ejido,Aquismón,San Luis Potosí,,Rural,https://postali.app/mx/san-luis-potosi/aquismon/los-remedios
79777,Moctezuma,Ejido,Aquismón,San Luis Potosí,,Rural,https://postali.app/mx/san-luis-potosi/aquismon/moctezuma
79777,Palo de Arco,Ejido,Aquismón,San Luis Potosí,,Rural,https://postali.app/mx/san-luis-potosi/aquismon/palo-de-arco
79777,Puerto de Guaymas,Ejido,Aquismón,San Luis Potosí,,Rural,https://postali.app/mx/san-luis-potosi/aquismon/puerto-de-guaymas
79777,Rancho Bertita,Ranchería,Aquismón,San Luis Potosí,,Rural,https://postali.app/mx/san-luis-potosi/aquismon/rancho-bertita
79777,Rancho el Afán (La Choyosa),Ranchería,Aquismón,San Luis Potosí,,Rural,https://postali.app/mx/san-luis-potosi/aquismon/rancho-el-afan-la-choyosa
79777,Rancho la Ilusión,Ranchería,Aquismón,San Luis Potosí,,Rural,https://postali.app/mx/san-luis-potosi/aquismon/rancho-la-ilusion
79777,Rancho la Joya del Encino,Ranchería,Aquismón,San Luis Potosí,,Rural,https://postali.app/mx/san-luis-potosi/aquismon/rancho-la-joya-del-encino
79777,Rancho la Labor,Ranchería,Aquismón,San Luis Potosí,,Rural,https://postali.app/mx/san-luis-potosi/aquismon/rancho-la-labor
79777,Rancho María Bonita,Ranchería,Aquismón,San Luis Potosí,,Rural,https://postali.app/mx/san-luis-potosi/aquismon/rancho-maria-bonita
79777,Rancho San Francisco,Ranchería,Aquismón,San Luis Potosí,,Rural,https://postali.app/mx/san-luis-potosi/aquismon/rancho-san-francisco
79777,Rancho San Jorge,Ranchería,Aquismón,San Luis Potosí,,Rural,https://postali.app/mx/san-luis-potosi/aquismon/rancho-san-jorge-79777
79777,Rancho Santa Isabel,Ranchería,Aquismón,San Luis Potosí,,Rural,https://postali.app/mx/san-luis-potosi/aquismon/rancho-santa-isabel
79777,Santa Anita Dos,Ejido,Aquismón,San Luis Potosí,,Rural,https://postali.app/mx/san-luis-potosi/aquismon/santa-anita-dos
79777,Santa Martha,Ejido,Aquismón,San Luis Potosí,,Rural,https://postali.app/mx/san-luis-potosi/aquismon/santa-martha
79777,Tantsajib,Ranchería,Aquismón,San Luis Potosí,,Rural,https://postali.app/mx/san-luis-potosi/aquismon/tantsajib
79780,Lagunillas,Pueblo,Lagunillas,San Luis Potosí,,Rural,https://postali.app/mx/san-luis-potosi/lagunillas/lagunillas
79781,El Quelitalillo (El Quelital),Ejido,Lagunillas,San Luis Potosí,,Rural,https://postali.app/mx/san-luis-potosi/lagunillas/el-quelitalillo-el-quelital
79782,Carrizal de San Juan de Arriba,Ejido,Lagunillas,San Luis Potosí,,Rural,https://postali.app/mx/san-luis-potosi/lagunillas/carrizal-de-san-juan-de-arriba
79783,El Charco de Piedra,Ranchería,Lagunillas,San Luis Potosí,,Rural,https://postali.app/mx/san-luis-potosi/lagunillas/el-charco-de-piedra
79783,Las Norias,Ranchería,Lagunillas,San Luis Potosí,,Rural,https://postali.app/mx/san-luis-potosi/lagunillas/las-norias
79783,San Rafael,Ejido,Lagunillas,San Luis Potosí,,Rural,https://postali.app/mx/san-luis-potosi/lagunillas/san-rafael
79784,La Línea,Ranchería,Lagunillas,San Luis Potosí,,Rural,https://postali.app/mx/san-luis-potosi/lagunillas/la-linea
79784,La Rodada,Ranchería,Lagunillas,San Luis Potosí,,Rural,https://postali.app/mx/san-luis-potosi/lagunillas/la-rodada
79784,Pinihuan (Río Pinihuan),Ejido,Lagunillas,San Luis Potosí,,Rural,https://postali.app/mx/san-luis-potosi/lagunillas/pinihuan-rio-pinihuan
79785,El Epazote,Ranchería,Lagunillas,San Luis Potosí,,Rural,https://postali.app/mx/san-luis-potosi/lagunillas/el-epazote
79786,El Limón,Ranchería,Lagunillas,San Luis Potosí,,Rural,https://postali.app/mx/san-luis-potosi/lagunillas/el-limon
79786,El Mirador (El Pedregal),Ranchería,Lagunillas,San Luis Potosí,,Rural,https://postali.app/mx/san-luis-potosi/lagunillas/el-mirador-el-pedregal
79786,El Trueno,Ejido,Lagunillas,San Luis Potosí,,Rural,https://postali.app/mx/san-luis-potosi/lagunillas/el-trueno
79786,Laguna Colorada,Barrio,Lagunillas,San Luis Potosí,,Rural,https://postali.app/mx/san-luis-potosi/lagunillas/laguna-colorada
79788,La Presa,Ejido,Lagunillas,San Luis Potosí,,Rural,https://postali.app/mx/san-luis-potosi/lagunillas/la-presa
79788,Laguna Verde,Ejido,Lagunillas,San Luis Potosí,,Rural,https://postali.app/mx/san-luis-potosi/lagunillas/laguna-verde
79788,San Ramón,Ejido,Lagunillas,San Luis Potosí,,Rural,https://postali.app/mx/san-luis-potosi/lagunillas/san-ramon
79790,Santa Catarina Centro,Pueblo,Santa Catarina,San Luis Potosí,,Rural,https://postali.app/mx/san-luis-potosi/santa-catarina/santa-catarina-centro
79793,Crucerito de los Limones (Santos Apolinar),Rancho,Santa Catarina,San Luis Potosí,,Rural,https://postali.app/mx/san-luis-potosi/santa-catarina/crucerito-de-los-limones-santos-apolinar
79793,El Coco,Rancho,Santa Catarina,San Luis Potosí,,Rural,https://postali.app/mx/san-luis-potosi/santa-catarina/el-coco
79793,El Potrero,Ranchería,Santa Catarina,San Luis Potosí,,Rural,https://postali.app/mx/san-luis-potosi/santa-catarina/el-potrero
79793,El Puente (Ejido Guayabos),Ejido,Santa Catarina,San Luis Potosí,,Rural,https://postali.app/mx/san-luis-potosi/santa-catarina/el-puente-ejido-guayabos
79793,El Ranchito,Ranchería,Santa Catarina,San Luis Potosí,,Rural,https://postali.app/mx/san-luis-potosi/santa-catarina/el-ranchito
79793,El Sabinito,Ranchería,Santa Catarina,San Luis Potosí,,Rural,https://postali.app/mx/san-luis-potosi/santa-catarina/el-sabinito
79793,La Amapola,Ejido,Santa Catarina,San Luis Potosí,,Rural,https://postali.app/mx/san-luis-potosi/santa-catarina/la-amapola
79793,La Tapada,Ranchería,Santa Catarina,San Luis Potosí,,Rural,https://postali.app/mx/san-luis-potosi/santa-catarina/la-tapada
79793,La Viña del Milagro,Rancho,Santa Catarina,San Luis Potosí,,Rural,https://postali.app/mx/san-luis-potosi/santa-catarina/la-vina-del-milagro
79793,Las Joyas,Rancho,Santa Catarina,San Luis Potosí,,Rural,https://postali.app/mx/san-luis-potosi/santa-catarina/las-joyas
79793,Los Fresnos,Ejido,Santa Catarina,San Luis Potosí,,Rural,https://postali.app/mx/san-luis-potosi/santa-catarina/los-fresnos
79793,Moisés Olvera Yáñez,Rancho,Santa Catarina,San Luis Potosí,,Rural,https://postali.app/mx/san-luis-potosi/santa-catarina/moises-olvera-yanez
79793,Puerta del Salto,Ranchería,Santa Catarina,San Luis Potosí,,Rural,https://postali.app/mx/san-luis-potosi/santa-catarina/puerta-del-salto
79793,San Antonio de los Guayabos,Ranchería,Santa Catarina,San Luis Potosí,,Rural,https://postali.app/mx/san-luis-potosi/santa-catarina/san-antonio-de-los-guayabos
79793,San Nicolás de Tampote,Rancho,Santa Catarina,San Luis Potosí,,Rural,https://postali.app/mx/san-luis-potosi/santa-catarina/san-nicolas-de-tampote
79793,Tampaso,Rancho,Santa Catarina,San Luis Potosí,,Rural,https://postali.app/mx/san-luis-potosi/santa-catarina/tampaso
79794,Anexo Agua Nueva del Norte,Ranchería,Santa Catarina,San Luis Potosí,,Rural,https://postali.app/mx/san-luis-potosi/santa-catarina/anexo-agua-nueva-del-norte
79794,El Agarroso,Ejido,Santa Catarina,San Luis Potosí,,Rural,https://postali.app/mx/san-luis-potosi/santa-catarina/el-agarroso
79794,El Pedregoso,Ranchería,Santa Catarina,San Luis Potosí,,Rural,https://postali.app/mx/san-luis-potosi/santa-catarina/el-pedregoso
79794,El Salitrillo,Rancho,Santa Catarina,San Luis Potosí,,Rural,https://postali.app/mx/san-luis-potosi/santa-catarina/el-salitrillo
79794,Joya de Palma Real,Ejido,Santa Catarina,San Luis Potosí,,Rural,https://postali.app/mx/san-luis-potosi/santa-catarina/joya-de-palma-real
79794,Joya del Guayabo,Ejido,Santa Catarina,San Luis Potosí,,Rural,https://postali.app/mx/san-luis-potosi/santa-catarina/joya-del-guayabo
79794,Los Pocitos,Ejido,Santa Catarina,San Luis Potosí,,Rural,https://postali.app/mx/san-luis-potosi/santa-catarina/los-pocitos
79794,Plan de Santo Domingo,Ejido,Santa Catarina,San Luis Potosí,,Rural,https://postali.app/mx/san-luis-potosi/santa-catarina/plan-de-santo-domingo
79794,Plan de Santo Domingo (Los Chávez),Rancho,Santa Catarina,San Luis Potosí,,Rural,https://postali.app/mx/san-luis-potosi/santa-catarina/plan-de-santo-domingo-los-chavez
79794,Puertecitos,Rancho,Santa Catarina,San Luis Potosí,,Rural,https://postali.app/mx/san-luis-potosi/santa-catarina/puertecitos
79794,San Juan de Dios,Rancho,Santa Catarina,San Luis Potosí,,Rural,https://postali.app/mx/san-luis-potosi/santa-catarina/san-juan-de-dios
79794,Tanlacut (Labor Zapata),Ejido,Santa Catarina,San Luis Potosí,,Rural,https://postali.app/mx/san-luis-potosi/santa-catarina/tanlacut-labor-zapata
79794,Tanlacut (Pueblo de Tanlacut),Pueblo,Santa Catarina,San Luis Potosí,,Rural,https://postali.app/mx/san-luis-potosi/santa-catarina/tanlacut-pueblo-de-tanlacut
79795,Agua Nueva,Ranchería,Santa Catarina,San Luis Potosí,,Rural,https://postali.app/mx/san-luis-potosi/santa-catarina/agua-nueva
79795,Cerro Grande,Ranchería,Santa Catarina,San Luis Potosí,,Rural,https://postali.app/mx/san-luis-potosi/santa-catarina/cerro-grande
79795,Chacuala,Rancho,Santa Catarina,San Luis Potosí,,Rural,https://postali.app/mx/san-luis-potosi/santa-catarina/chacuala
79795,El Crucero Tanlú Chacuala,Rancho,Santa Catarina,San Luis Potosí,,Rural,https://postali.app/mx/san-luis-potosi/santa-catarina/el-crucero-tanlu-chacuala
79795,El Huizache,Rancho,Santa Catarina,San Luis Potosí,,Rural,https://postali.app/mx/san-luis-potosi/santa-catarina/el-huizache
79795,Las Milpitas,Ranchería,Santa Catarina,San Luis Potosí,,Rural,https://postali.app/mx/san-luis-potosi/santa-catarina/las-milpitas
79795,Milpas Viejas,Ejido,Santa Catarina,San Luis Potosí,,Rural,https://postali.app/mx/san-luis-potosi/santa-catarina/milpas-viejas
79795,Paso de Jesús,Rancho,Santa Catarina,San Luis Potosí,,Rural,https://postali.app/mx/san-luis-potosi/santa-catarina/paso-de-jesus
79795,Paso de las Paguas,Ejido,Santa Catarina,San Luis Potosí,,Rural,https://postali.app/mx/san-luis-potosi/santa-catarina/paso-de-las-paguas
79795,Río Chiquito,Ranchería,Santa Catarina,San Luis Potosí,,Rural,https://postali.app/mx/san-luis-potosi/santa-catarina/rio-chiquito
79795,Río la Culata,Ranchería,Santa Catarina,San Luis Potosí,,Rural,https://postali.app/mx/san-luis-potosi/santa-catarina/rio-la-culata
79795,Tanlú,Ranchería,Santa Catarina,San Luis Potosí,,Rural,https://postali.app/mx/san-luis-potosi/santa-catarina/tanlu
79795,Veinte de Agosto,Rancho,Santa Catarina,San Luis Potosí,,Rural,https://postali.app/mx/san-luis-potosi/santa-catarina/veinte-de-agosto
79796,Calabazas (San Francisco del Sauce),Ejido,Santa Catarina,San Luis Potosí,,Rural,https://postali.app/mx/san-luis-potosi/santa-catarina/calabazas-san-francisco-del-sauce
79796,El Carrizalillo,Ranchería,Santa Catarina,San Luis Potosí,,Rural,https://postali.app/mx/san-luis-potosi/santa-catarina/el-carrizalillo
79796,Frijolares,Ranchería,Santa Catarina,San Luis Potosí,,Rural,https://postali.app/mx/san-luis-potosi/santa-catarina/frijolares
79796,La Barranca,Ejido,Santa Catarina,San Luis Potosí,,Rural,https://postali.app/mx/san-luis-potosi/santa-catarina/la-barranca
79796,La Cercada,Ejido,Santa Catarina,San Luis Potosí,,Rural,https://postali.app/mx/san-luis-potosi/santa-catarina/la-cercada
79796,La Compuerta,Rancho,Santa Catarina,San Luis Potosí,,Rural,https://postali.app/mx/san-luis-potosi/santa-catarina/la-compuerta
79796,La Cuchilla,Rancho,Santa Catarina,San Luis Potosí,,Rural,https://postali.app/mx/san-luis-potosi/santa-catarina/la-cuchilla
79796,La Encantada,Rancho,Santa Catarina,San Luis Potosí,,Rural,https://postali.app/mx/san-luis-potosi/santa-catarina/la-encantada
79796,La Maroma,Rancho,Santa Catarina,San Luis Potosí,,Rural,https://postali.app/mx/san-luis-potosi/santa-catarina/la-maroma
79796,La Parada,Rancho,Santa Catarina,San Luis Potosí,,Rural,https://postali.app/mx/san-luis-potosi/santa-catarina/la-parada
79796,Las Tinajas,Ejido,Santa Catarina,San Luis Potosí,,Rural,https://postali.app/mx/san-luis-potosi/santa-catarina/las-tinajas
79796,Los Cuicillos,Ejido,Santa Catarina,San Luis Potosí,,Rural,https://postali.app/mx/san-luis-potosi/santa-catarina/los-cuicillos
79796,San José,Rancho,Santa Catarina,San Luis Potosí,,Rural,https://postali.app/mx/san-luis-potosi/santa-catarina/san-jose
79796,San José de Arriba,Ejido,Santa Catarina,San Luis Potosí,,Rural,https://postali.app/mx/san-luis-potosi/santa-catarina/san-jose-de-arriba
79796,Tortugas,Ejido,Santa Catarina,San Luis Potosí,,Rural,https://postali.app/mx/san-luis-potosi/santa-catarina/tortugas
79797,Agua Amarga,Ranchería,Santa Catarina,San Luis Potosí,,Rural,https://postali.app/mx/san-luis-potosi/santa-catarina/agua-amarga
79797,Agua Amarga (Las Jaritas),Ejido,Santa Catarina,San Luis Potosí,,Rural,https://postali.app/mx/san-luis-potosi/santa-catarina/agua-amarga-las-jaritas
79797,Carrizal Grande,Ranchería,Santa Catarina,San Luis Potosí,,Rural,https://postali.app/mx/san-luis-potosi/santa-catarina/carrizal-grande
79797,El Arado,Rancho,Santa Catarina,San Luis Potosí,,Rural,https://postali.app/mx/san-luis-potosi/santa-catarina/el-arado
79797,El Coral,Ejido,Santa Catarina,San Luis Potosí,,Rural,https://postali.app/mx/san-luis-potosi/santa-catarina/el-coral
79797,El Huizache (Las Jaritas),Ranchería,Santa Catarina,San Luis Potosí,,Rural,https://postali.app/mx/san-luis-potosi/santa-catarina/el-huizache-las-jaritas
79797,El Mezquital,Rancho,Santa Catarina,San Luis Potosí,,Rural,https://postali.app/mx/san-luis-potosi/santa-catarina/el-mezquital
79797,El Pino,Ranchería,Santa Catarina,San Luis Potosí,,Rural,https://postali.app/mx/san-luis-potosi/santa-catarina/el-pino
79797,El Potrero de los Sauceda,Ranchería,Santa Catarina,San Luis Potosí,,Rural,https://postali.app/mx/san-luis-potosi/santa-catarina/el-potrero-de-los-sauceda
79797,Joya del Gavilán,Ejido,Santa Catarina,San Luis Potosí,,Rural,https://postali.app/mx/san-luis-potosi/santa-catarina/joya-del-gavilan
79797,La Ahorcada,Rancho,Santa Catarina,San Luis Potosí,,Rural,https://postali.app/mx/san-luis-potosi/santa-catarina/la-ahorcada
79797,La Ciénaga,Ejido,Santa Catarina,San Luis Potosí,,Rural,https://postali.app/mx/san-luis-potosi/santa-catarina/la-cienaga
79797,La Palmita,Rancho,Santa Catarina,San Luis Potosí,,Rural,https://postali.app/mx/san-luis-potosi/santa-catarina/la-palmita
79797,Lagunitas,Ejido,Santa Catarina,San Luis Potosí,,Rural,https://postali.app/mx/san-luis-potosi/santa-catarina/lagunitas
79797,Las Jaritas,Rancho,Santa Catarina,San Luis Potosí,,Rural,https://postali.app/mx/san-luis-potosi/santa-catarina/las-jaritas
79797,Las Lagunitas,Rancho,Santa Catarina,San Luis Potosí,,Rural,https://postali.app/mx/san-luis-potosi/santa-catarina/las-lagunitas
79797,Limón de la Peña,Rancho,Santa Catarina,San Luis Potosí,,Rural,https://postali.app/mx/san-luis-potosi/santa-catarina/limon-de-la-pena
79797,Mesa del Aguacate,Rancho,Santa Catarina,San Luis Potosí,,Rural,https://postali.app/mx/san-luis-potosi/santa-catarina/mesa-del-aguacate
79797,Mesa del Junco,Ejido,Santa Catarina,San Luis Potosí,,Rural,https://postali.app/mx/san-luis-potosi/santa-catarina/mesa-del-junco
79797,Palo Rajado,Ranchería,Santa Catarina,San Luis Potosí,,Rural,https://postali.app/mx/san-luis-potosi/santa-catarina/palo-rajado
79797,Paso de Botello,Rancho,Santa Catarina,San Luis Potosí,,Rural,https://postali.app/mx/san-luis-potosi/santa-catarina/paso-de-botello
79797,Puerto la Cruz,Ranchería,Santa Catarina,San Luis Potosí,,Rural,https://postali.app/mx/san-luis-potosi/santa-catarina/puerto-la-cruz
79797,San Diego (Pueblo Viejo),Rancho,Santa Catarina,San Luis Potosí,,Rural,https://postali.app/mx/san-luis-potosi/santa-catarina/san-diego-pueblo-viejo
79797,San Pedro,Rancho,Santa Catarina,San Luis Potosí,,Rural,https://postali.app/mx/san-luis-potosi/santa-catarina/san-pedro
79797,Santa María Acapulco,Ranchería,Santa Catarina,San Luis Potosí,,Rural,https://postali.app/mx/san-luis-potosi/santa-catarina/santa-maria-acapulco
79797,Santa Teresa,Ranchería,Santa Catarina,San Luis Potosí,,Rural,https://postali.app/mx/san-luis-potosi/santa-catarina/santa-teresa
79798,Anteojos,Ranchería,Santa Catarina,San Luis Potosí,,Rural,https://postali.app/mx/san-luis-potosi/santa-catarina/anteojos
79798,Caballos,Ejido,Santa Catarina,San Luis Potosí,,Rural,https://postali.app/mx/san-luis-potosi/santa-catarina/caballos
79798,El Saucillo,Rancho,Santa Catarina,San Luis Potosí,,Rural,https://postali.app/mx/san-luis-potosi/santa-catarina/el-saucillo
79798,Las Moras,Rancho,Santa Catarina,San Luis Potosí,,Rural,https://postali.app/mx/san-luis-potosi/santa-catarina/las-moras
79798,Pueblo Viejo,Rancho,Santa Catarina,San Luis Potosí,,Rural,https://postali.app/mx/san-luis-potosi/santa-catarina/pueblo-viejo
79798,Rancho Nuevo (El Encinal),Ranchería,Santa Catarina,San Luis Potosí,,Rural,https://postali.app/mx/san-luis-potosi/santa-catarina/rancho-nuevo-el-encinal
79798,Santa Elena,Ranchería,Santa Catarina,San Luis Potosí,,Rural,https://postali.app/mx/san-luis-potosi/santa-catarina/santa-elena
79800,Chacana,Barrio,Tancanhuitz,San Luis Potosí,,Urbano,https://postali.app/mx/san-luis-potosi/tancanhuitz/chacana
79800,Cuatlamayán,Ranchería,Tancanhuitz,San Luis Potosí,,Rural,https://postali.app/mx/san-luis-potosi/tancanhuitz/cuatlamayan
79800,Cuayo Piaxtla,Ranchería,Tancanhuitz,San Luis Potosí,,Rural,https://postali.app/mx/san-luis-potosi/tancanhuitz/cuayo-piaxtla
79800,El Tamarindo (Cacoyole),Ranchería,Tancanhuitz,San Luis Potosí,,Rural,https://postali.app/mx/san-luis-potosi/tancanhuitz/el-tamarindo-cacoyole
79800,La Cuesta,Ranchería,Tancanhuitz,San Luis Potosí,,Rural,https://postali.app/mx/san-luis-potosi/tancanhuitz/la-cuesta
79800,Las Armas,Ejido,Tancanhuitz,San Luis Potosí,,Rural,https://postali.app/mx/san-luis-potosi/tancanhuitz/las-armas
79800,Las Pozas,Barrio,Tancanhuitz,San Luis Potosí,,Urbano,https://postali.app/mx/san-luis-potosi/tancanhuitz/las-pozas
79800,Palmira Nuevo,Ejido,Tancanhuitz,San Luis Potosí,,Rural,https://postali.app/mx/san-luis-potosi/tancanhuitz/palmira-nuevo
79800,Tamaletom Primera Sección,Ranchería,Tancanhuitz,San Luis Potosí,,Rural,https://postali.app/mx/san-luis-potosi/tancanhuitz/tamaletom-primera-seccion
79800,Tamunzoc,Barrio,Tancanhuitz,San Luis Potosí,,Urbano,https://postali.app/mx/san-luis-potosi/tancanhuitz/tamunzoc
79800,Tancanhuitz Centro,Colonia,Tancanhuitz,San Luis Potosí,,Urbano,https://postali.app/mx/san-luis-potosi/tancanhuitz/tancanhuitz-centro
79800,Tuzantla,Ranchería,Tancanhuitz,San Luis Potosí,,Rural,https://postali.app/mx/san-luis-potosi/tancanhuitz/tuzantla
79800,Tzé Pakáb Primera Sección,Ranchería,Tancanhuitz,San Luis Potosí,,Rural,https://postali.app/mx/san-luis-potosi/tancanhuitz/tze-pakab-primera-seccion
79800,Xochimilco,Barrio,Tancanhuitz,San Luis Potosí,,Urbano,https://postali.app/mx/san-luis-potosi/tancanhuitz/xochimilco
79802,Zojualo,Barrio,Tancanhuitz,San Luis Potosí,,Rural,https://postali.app/mx/san-luis-potosi/tancanhuitz/zojualo
79803,Crucero de Xolol,Ranchería,Tancanhuitz,San Luis Potosí,,Rural,https://postali.app/mx/san-luis-potosi/tancanhuitz/crucero-de-xolol
79803,La Loma,Rancho,Tancanhuitz,San Luis Potosí,,Rural,https://postali.app/mx/san-luis-potosi/tancanhuitz/la-loma
79803,Los Carrizos,Rancho,Tancanhuitz,San Luis Potosí,,Rural,https://postali.app/mx/san-luis-potosi/tancanhuitz/los-carrizos
79803,Xolol Bethania,Colonia,Tancanhuitz,San Luis Potosí,,Rural,https://postali.app/mx/san-luis-potosi/tancanhuitz/xolol-bethania
79804,El Capricho,Ejido,Tancanhuitz,San Luis Potosí,,Rural,https://postali.app/mx/san-luis-potosi/tancanhuitz/el-capricho
79804,Mexcala,Colonia,Tancanhuitz,San Luis Potosí,,Rural,https://postali.app/mx/san-luis-potosi/tancanhuitz/mexcala
79804,San José Pequetzén,Ejido,Tancanhuitz,San Luis Potosí,,Rural,https://postali.app/mx/san-luis-potosi/tancanhuitz/san-jose-pequetzen
79804,Tancoltze Ojox (Tercera Sección),Ranchería,Tancanhuitz,San Luis Potosí,,Rural,https://postali.app/mx/san-luis-potosi/tancanhuitz/tancoltze-ojox-tercera-seccion
79804,Tempexquistitla,Rancho,Tancanhuitz,San Luis Potosí,,Rural,https://postali.app/mx/san-luis-potosi/tancanhuitz/tempexquistitla
79804,Xolol Tancoltze Segunda Sección,Ranchería,Tancanhuitz,San Luis Potosí,,Rural,https://postali.app/mx/san-luis-potosi/tancanhuitz/xolol-tancoltze-segunda-seccion
79805,Antonio Flores,Ejido,Tancanhuitz,San Luis Potosí,,Rural,https://postali.app/mx/san-luis-potosi/tancanhuitz/antonio-flores
79805,Crucero Marcelino Zamarrón,Ranchería,Tancanhuitz,San Luis Potosí,,Rural,https://postali.app/mx/san-luis-potosi/tancanhuitz/crucero-marcelino-zamarron
79805,El Crucero (Crucerito),Ejido,Tancanhuitz,San Luis Potosí,,Rural,https://postali.app/mx/san-luis-potosi/tancanhuitz/el-crucero-crucerito
79805,La Garza (Pequetzén de la Garza),Ejido,Tancanhuitz,San Luis Potosí,,Rural,https://postali.app/mx/san-luis-potosi/tancanhuitz/la-garza-pequetzen-de-la-garza
79805,Tzac Anam,Rancho,Tancanhuitz,San Luis Potosí,,Rural,https://postali.app/mx/san-luis-potosi/tancanhuitz/tzac-anam
79806,Aldzulup Poytzén,Ejido,Tancanhuitz,San Luis Potosí,,Rural,https://postali.app/mx/san-luis-potosi/tancanhuitz/aldzulup-poytzen
79806,Linares,Ejido,Tancanhuitz,San Luis Potosí,,Rural,https://postali.app/mx/san-luis-potosi/tancanhuitz/linares
79806,Santa Isabel,Ranchería,Tancanhuitz,San Luis Potosí,,Rural,https://postali.app/mx/san-luis-potosi/tancanhuitz/santa-isabel
79807,La Ceiba,Ranchería,Tancanhuitz,San Luis Potosí,,Rural,https://postali.app/mx/san-luis-potosi/tancanhuitz/la-ceiba
79807,Palmira Viejo,Ejido,Tancanhuitz,San Luis Potosí,,Rural,https://postali.app/mx/san-luis-potosi/tancanhuitz/palmira-viejo
79810,21 de Marzo,Colonia,Tanlajás,San Luis Potosí,,Urbano,https://postali.app/mx/san-luis-potosi/tanlajas/21-de-marzo
79810,Agualoja,Ejido,Tanlajás,San Luis Potosí,,Rural,https://postali.app/mx/san-luis-potosi/tanlajas/agualoja
79810,Aldzulup,Barrio,Tanlajás,San Luis Potosí,,Rural,https://postali.app/mx/san-luis-potosi/tanlajas/aldzulup
79810,Cuaytzén Viejo,Barrio,Tanlajás,San Luis Potosí,,Rural,https://postali.app/mx/san-luis-potosi/tanlajas/cuaytzen-viejo
79810,El Barrancón,Ejido,Tanlajás,San Luis Potosí,,Rural,https://postali.app/mx/san-luis-potosi/tanlajas/el-barrancon
79810,El Laurel,Ranchería,Tanlajás,San Luis Potosí,,Rural,https://postali.app/mx/san-luis-potosi/tanlajas/el-laurel
79810,El Muhu,Ejido,Tanlajás,San Luis Potosí,,Rural,https://postali.app/mx/san-luis-potosi/tanlajas/el-muhu
79810,El Naranjal,Rancho,Tanlajás,San Luis Potosí,,Rural,https://postali.app/mx/san-luis-potosi/tanlajas/el-naranjal
79810,El Zapote,Rancho,Tanlajás,San Luis Potosí,,Rural,https://postali.app/mx/san-luis-potosi/tanlajas/el-zapote
79810,Hualitze,Barrio,Tanlajás,San Luis Potosí,,Rural,https://postali.app/mx/san-luis-potosi/tanlajas/hualitze
79810,La Labor,Ejido,Tanlajás,San Luis Potosí,,Rural,https://postali.app/mx/san-luis-potosi/tanlajas/la-labor
79810,Las Brisas,Colonia,Tanlajás,San Luis Potosí,,Urbano,https://postali.app/mx/san-luis-potosi/tanlajas/las-brisas
79810,Malilija,Ejido,Tanlajás,San Luis Potosí,,Rural,https://postali.app/mx/san-luis-potosi/tanlajas/malilija
79810,Mulultzén,Rancho,Tanlajás,San Luis Potosí,,Rural,https://postali.app/mx/san-luis-potosi/tanlajas/mulultzen
79810,Ojox,Barrio,Tanlajás,San Luis Potosí,,Rural,https://postali.app/mx/san-luis-potosi/tanlajas/ojox
79810,Paixtzán,Barrio,Tanlajás,San Luis Potosí,,Rural,https://postali.app/mx/san-luis-potosi/tanlajas/paixtzan
79810,Patalja,Ranchería,Tanlajás,San Luis Potosí,,Rural,https://postali.app/mx/san-luis-potosi/tanlajas/patalja
79810,Quelabitad Comunal,Rancho,Tanlajás,San Luis Potosí,,Rural,https://postali.app/mx/san-luis-potosi/tanlajas/quelabitad-comunal
79810,Quelabitad Cuaresma,Barrio,Tanlajás,San Luis Potosí,,Rural,https://postali.app/mx/san-luis-potosi/tanlajas/quelabitad-cuaresma
79810,Tanlajás Centro,Colonia,Tanlajás,San Luis Potosí,,Urbano,https://postali.app/mx/san-luis-potosi/tanlajas/tanlajas-centro
79810,Tizoapatz,Ranchería,Tanlajás,San Luis Potosí,,Rural,https://postali.app/mx/san-luis-potosi/tanlajas/tizoapatz
79810,Tres Cruces,Ejido,Tanlajás,San Luis Potosí,,Rural,https://postali.app/mx/san-luis-potosi/tanlajas/tres-cruces
79811,Coromohom (Tocoymohom),Ejido,Tanlajás,San Luis Potosí,,Rural,https://postali.app/mx/san-luis-potosi/tanlajas/coromohom-tocoymohom
79811,El Chuche,Ranchería,Tanlajás,San Luis Potosí,,Rural,https://postali.app/mx/san-luis-potosi/tanlajas/el-chuche
79811,El Ciruelo,Rancho,Tanlajás,San Luis Potosí,,Rural,https://postali.app/mx/san-luis-potosi/tanlajas/el-ciruelo
79811,El Jomte,Ranchería,Tanlajás,San Luis Potosí,,Rural,https://postali.app/mx/san-luis-potosi/tanlajas/el-jomte
79811,El May,Ejido,Tanlajás,San Luis Potosí,,Rural,https://postali.app/mx/san-luis-potosi/tanlajas/el-may
79811,El Zapote,Barrio,Tanlajás,San Luis Potosí,,Rural,https://postali.app/mx/san-luis-potosi/tanlajas/el-zapote-79811
79811,La Cebadilla,Ejido,Tanlajás,San Luis Potosí,,Rural,https://postali.app/mx/san-luis-potosi/tanlajas/la-cebadilla
79811,La Concepción,Ejido,Tanlajás,San Luis Potosí,,Rural,https://postali.app/mx/san-luis-potosi/tanlajas/la-concepcion
79811,Niños Héroes,Ejido,Tanlajás,San Luis Potosí,,Rural,https://postali.app/mx/san-luis-potosi/tanlajas/ninos-heroes
79811,Primer Ayuntamiento (Agua Hedionda),Rancho,Tanlajás,San Luis Potosí,,Rural,https://postali.app/mx/san-luis-potosi/tanlajas/primer-ayuntamiento-agua-hedionda
79811,Quelabitad,Barrio,Tanlajás,San Luis Potosí,,Rural,https://postali.app/mx/san-luis-potosi/tanlajas/quelabitad
79811,San José Xilatzén,Ejido,Tanlajás,San Luis Potosí,,Rural,https://postali.app/mx/san-luis-potosi/tanlajas/san-jose-xilatzen
79811,San Nicolás,Ejido,Tanlajás,San Luis Potosí,,Rural,https://postali.app/mx/san-luis-potosi/tanlajas/san-nicolas
79811,Santa Rosa,Ranchería,Tanlajás,San Luis Potosí,,Rural,https://postali.app/mx/san-luis-potosi/tanlajas/santa-rosa
79812,Tancolol,Ejido,Tanlajás,San Luis Potosí,,Rural,https://postali.app/mx/san-luis-potosi/tanlajas/tancolol
79813,Anexo Quelabitad Calabazas,Ranchería,Tanlajás,San Luis Potosí,,Rural,https://postali.app/mx/san-luis-potosi/tanlajas/anexo-quelabitad-calabazas
79813,Dhokob,Rancho,Tanlajás,San Luis Potosí,,Rural,https://postali.app/mx/san-luis-potosi/tanlajas/dhokob
79814,Cuitzabtzén,Barrio,Tanlajás,San Luis Potosí,,Rural,https://postali.app/mx/san-luis-potosi/tanlajas/cuitzabtzen
79814,El Jopoy,Rancho,Tanlajás,San Luis Potosí,,Rural,https://postali.app/mx/san-luis-potosi/tanlajas/el-jopoy
79814,El Mante,Barrio,Tanlajás,San Luis Potosí,,Rural,https://postali.app/mx/san-luis-potosi/tanlajas/el-mante
79814,La Argentina,Ejido,Tanlajás,San Luis Potosí,,Rural,https://postali.app/mx/san-luis-potosi/tanlajas/la-argentina
79814,Monec,Colonia,Tanlajás,San Luis Potosí,,Rural,https://postali.app/mx/san-luis-potosi/tanlajas/monec
79814,Nuevo Cueytzén,Ejido,Tanlajás,San Luis Potosí,,Rural,https://postali.app/mx/san-luis-potosi/tanlajas/nuevo-cueytzen
79814,Pemits,Rancho,Tanlajás,San Luis Potosí,,Rural,https://postali.app/mx/san-luis-potosi/tanlajas/pemits
79815,El Fortín May,Rancho,Tanlajás,San Luis Potosí,,Rural,https://postali.app/mx/san-luis-potosi/tanlajas/el-fortin-may
79815,El Pando,Ejido,Tanlajás,San Luis Potosí,,Rural,https://postali.app/mx/san-luis-potosi/tanlajas/el-pando
79815,El Tiyóu,Rancho,Tanlajás,San Luis Potosí,,Rural,https://postali.app/mx/san-luis-potosi/tanlajas/el-tiyou
79815,El Tzajib,Ejido,Tanlajás,San Luis Potosí,,Rural,https://postali.app/mx/san-luis-potosi/tanlajas/el-tzajib
79815,La Purísima (Arroyo Grande),Ranchería,Tanlajás,San Luis Potosí,,Rural,https://postali.app/mx/san-luis-potosi/tanlajas/la-purisima-arroyo-grande
79815,Serapio Gutiérrez,Ejido,Tanlajás,San Luis Potosí,,Rural,https://postali.app/mx/san-luis-potosi/tanlajas/serapio-gutierrez
79816,Santa Elena,Ejido,Tanlajás,San Luis Potosí,,Rural,https://postali.app/mx/san-luis-potosi/tanlajas/santa-elena
79817,San Isidro,Colonia,Tanlajás,San Luis Potosí,,Rural,https://postali.app/mx/san-luis-potosi/tanlajas/san-isidro
79818,San Benito,Rancho,Tanlajás,San Luis Potosí,,Rural,https://postali.app/mx/san-luis-potosi/tanlajas/san-benito
79819,San José del Tinto (La Gloria),Ejido,Tanlajás,San Luis Potosí,,Rural,https://postali.app/mx/san-luis-potosi/tanlajas/san-jose-del-tinto-la-gloria
79820,20 de Noviembre,Colonia,San Vicente Tancuayalab,San Luis Potosí,,Urbano,https://postali.app/mx/san-luis-potosi/san-vicente-tancuayalab/20-de-noviembre
79820,Alto del Refugio,Colonia,San Vicente Tancuayalab,San Luis Potosí,,Urbano,https://postali.app/mx/san-luis-potosi/san-vicente-tancuayalab/alto-del-refugio
79820,Altos de San José,Colonia,San Vicente Tancuayalab,San Luis Potosí,,Urbano,https://postali.app/mx/san-luis-potosi/san-vicente-tancuayalab/altos-de-san-jose
79820,Benito Juárez,Colonia,San Vicente Tancuayalab,San Luis Potosí,,Urbano,https://postali.app/mx/san-luis-potosi/san-vicente-tancuayalab/benito-juarez
79820,Cuayalab,Colonia,San Vicente Tancuayalab,San Luis Potosí,,Urbano,https://postali.app/mx/san-luis-potosi/san-vicente-tancuayalab/cuayalab
79820,Deportiva,Colonia,San Vicente Tancuayalab,San Luis Potosí,,Urbano,https://postali.app/mx/san-luis-potosi/san-vicente-tancuayalab/deportiva
79820,El Ciruelar,Ranchería,San Vicente Tancuayalab,San Luis Potosí,,Rural,https://postali.app/mx/san-luis-potosi/san-vicente-tancuayalab/el-ciruelar
79820,El Mirador,Colonia,San Vicente Tancuayalab,San Luis Potosí,,Urbano,https://postali.app/mx/san-luis-potosi/san-vicente-tancuayalab/el-mirador
79820,Felipe Enríquez,Colonia,San Vicente Tancuayalab,San Luis Potosí,,Urbano,https://postali.app/mx/san-luis-potosi/san-vicente-tancuayalab/felipe-enriquez
79820,Independencia,Colonia,San Vicente Tancuayalab,San Luis Potosí,,Urbano,https://postali.app/mx/san-luis-potosi/san-vicente-tancuayalab/independencia
79820,La Granja,Colonia,San Vicente Tancuayalab,San Luis Potosí,,Urbano,https://postali.app/mx/san-luis-potosi/san-vicente-tancuayalab/la-granja
79820,Luis Donaldo Colosio,Colonia,San Vicente Tancuayalab,San Luis Potosí,,Urbano,https://postali.app/mx/san-luis-potosi/san-vicente-tancuayalab/luis-donaldo-colosio
79820,Monte Verde,Colonia,San Vicente Tancuayalab,San Luis Potosí,,Urbano,https://postali.app/mx/san-luis-potosi/san-vicente-tancuayalab/monte-verde
79820,Prof. Leopoldo Zúñiga,Colonia,San Vicente Tancuayalab,San Luis Potosí,,Urbano,https://postali.app/mx/san-luis-potosi/san-vicente-tancuayalab/prof-leopoldo-zuniga
79820,Progreso,Colonia,San Vicente Tancuayalab,San Luis Potosí,,Urbano,https://postali.app/mx/san-luis-potosi/san-vicente-tancuayalab/progreso
79820,San Francisco Cuayalab,Ranchería,San Vicente Tancuayalab,San Luis Potosí,,Rural,https://postali.app/mx/san-luis-potosi/san-vicente-tancuayalab/san-francisco-cuayalab
79820,San Vicente Tancuayalab Centro,Colonia,San Vicente Tancuayalab,San Luis Potosí,,Urbano,https://postali.app/mx/san-luis-potosi/san-vicente-tancuayalab/san-vicente-tancuayalab-centro
79820,Valle Alto,Colonia,San Vicente Tancuayalab,San Luis Potosí,,Urbano,https://postali.app/mx/san-luis-potosi/san-vicente-tancuayalab/valle-alto
79822,El Sasub,Ranchería,San Vicente Tancuayalab,San Luis Potosí,,Rural,https://postali.app/mx/san-luis-potosi/san-vicente-tancuayalab/el-sasub
79823,El Álamo,Ejido,San Vicente Tancuayalab,San Luis Potosí,,Rural,https://postali.app/mx/san-luis-potosi/san-vicente-tancuayalab/el-alamo
79823,Flores Magón,Colonia,San Vicente Tancuayalab,San Luis Potosí,,Rural,https://postali.app/mx/san-luis-potosi/san-vicente-tancuayalab/flores-magon
79823,Tancuiche,Ranchería,San Vicente Tancuayalab,San Luis Potosí,,Rural,https://postali.app/mx/san-luis-potosi/san-vicente-tancuayalab/tancuiche
79825,San Juan de las Vegas,Ejido,San Vicente Tancuayalab,San Luis Potosí,,Rural,https://postali.app/mx/san-luis-potosi/san-vicente-tancuayalab/san-juan-de-las-vegas
79825,Tantojón,Ranchería,San Vicente Tancuayalab,San Luis Potosí,,Rural,https://postali.app/mx/san-luis-potosi/san-vicente-tancuayalab/tantojon
79826,Francisco Villa,Ejido,San Vicente Tancuayalab,San Luis Potosí,,Rural,https://postali.app/mx/san-luis-potosi/san-vicente-tancuayalab/francisco-villa
79826,Nuevo Jomté (La Bolsa Dos),Ejido,San Vicente Tancuayalab,San Luis Potosí,,Rural,https://postali.app/mx/san-luis-potosi/san-vicente-tancuayalab/nuevo-jomte-la-bolsa-dos
79826,Nuevo Jomté (Nuevo May),Colonia,San Vicente Tancuayalab,San Luis Potosí,,Rural,https://postali.app/mx/san-luis-potosi/san-vicente-tancuayalab/nuevo-jomte-nuevo-may
79826,Nuevo Jomté (Tambolón),Colonia,San Vicente Tancuayalab,San Luis Potosí,,Rural,https://postali.app/mx/san-luis-potosi/san-vicente-tancuayalab/nuevo-jomte-tambolon
79826,Tancojol,Ranchería,San Vicente Tancuayalab,San Luis Potosí,,Rural,https://postali.app/mx/san-luis-potosi/san-vicente-tancuayalab/tancojol
79826,Tasajeras,Ejido,San Vicente Tancuayalab,San Luis Potosí,,Rural,https://postali.app/mx/san-luis-potosi/san-vicente-tancuayalab/tasajeras
79830,Lejem,Ranchería,San Antonio,San Luis Potosí,,Rural,https://postali.app/mx/san-luis-potosi/san-antonio/lejem
79830,San Antonio,Pueblo,San Antonio,San Luis Potosí,,Rural,https://postali.app/mx/san-luis-potosi/san-antonio/san-antonio
79830,Tan Jajnec,Ranchería,San Antonio,San Luis Potosí,,Rural,https://postali.app/mx/san-luis-potosi/san-antonio/tan-jajnec
79830,Tanchahuil,Ranchería,San Antonio,San Luis Potosí,,Rural,https://postali.app/mx/san-luis-potosi/san-antonio/tanchahuil
79830,Tocoy,Ranchería,San Antonio,San Luis Potosí,,Rural,https://postali.app/mx/san-luis-potosi/san-antonio/tocoy
79830,Tzab It adh,Rancho,San Antonio,San Luis Potosí,,Rural,https://postali.app/mx/san-luis-potosi/san-antonio/tzab-it-adh
79830,Xolol,Colonia,San Antonio,San Luis Potosí,,Rural,https://postali.app/mx/san-luis-potosi/san-antonio/xolol
79833,Cuéchod,Colonia,San Antonio,San Luis Potosí,,Rural,https://postali.app/mx/san-luis-potosi/san-antonio/cuechod
79834,Al Tzájib,Ranchería,San Antonio,San Luis Potosí,,Rural,https://postali.app/mx/san-luis-potosi/san-antonio/al-tzajib
79834,Pa tnel,Colonia,San Antonio,San Luis Potosí,,Rural,https://postali.app/mx/san-luis-potosi/san-antonio/pa-tnel
79834,Pokchich,Ejido,San Antonio,San Luis Potosí,,Rural,https://postali.app/mx/san-luis-potosi/san-antonio/pokchich
79834,San Pedro,Ranchería,San Antonio,San Luis Potosí,,Rural,https://postali.app/mx/san-luis-potosi/san-antonio/san-pedro
79834,Zaragoza,Ranchería,San Antonio,San Luis Potosí,,Rural,https://postali.app/mx/san-luis-potosi/san-antonio/zaragoza
79835,Santa Martha,Ejido,San Antonio,San Luis Potosí,,Rural,https://postali.app/mx/san-luis-potosi/san-antonio/santa-martha
79836,Altamira,Ranchería,San Antonio,San Luis Potosí,,Rural,https://postali.app/mx/san-luis-potosi/san-antonio/altamira
79836,El Crucero de Lejem,Rancho,San Antonio,San Luis Potosí,,Rural,https://postali.app/mx/san-luis-potosi/san-antonio/el-crucero-de-lejem
79836,El Progreso,Colonia,San Antonio,San Luis Potosí,,Rural,https://postali.app/mx/san-luis-potosi/san-antonio/el-progreso
79836,Pozo Blanco,Rancho,San Antonio,San Luis Potosí,,Rural,https://postali.app/mx/san-luis-potosi/san-antonio/pozo-blanco
79840,Alto de Las Flores,Colonia,Tanquián de Escobedo,San Luis Potosí,,Urbano,https://postali.app/mx/san-luis-potosi/tanquian-de-escobedo/alto-de-las-flores
79840,Fátima,Barrio,Tanquián de Escobedo,San Luis Potosí,,Urbano,https://postali.app/mx/san-luis-potosi/tanquian-de-escobedo/fatima
79840,La Noria,Colonia,Tanquián de Escobedo,San Luis Potosí,,Urbano,https://postali.app/mx/san-luis-potosi/tanquian-de-escobedo/la-noria
79840,Las Lomas,Ejido,Tanquián de Escobedo,San Luis Potosí,,Rural,https://postali.app/mx/san-luis-potosi/tanquian-de-escobedo/las-lomas
79840,Progreso,Barrio,Tanquián de Escobedo,San Luis Potosí,,Urbano,https://postali.app/mx/san-luis-potosi/tanquian-de-escobedo/progreso
79840,Tanquián de Escobedo Centro,Colonia,Tanquián de Escobedo,San Luis Potosí,,Urbano,https://postali.app/mx/san-luis-potosi/tanquian-de-escobedo/tanquian-de-escobedo-centro
79840,Terraplén,Colonia,Tanquián de Escobedo,San Luis Potosí,,Urbano,https://postali.app/mx/san-luis-potosi/tanquian-de-escobedo/terraplen
79840,Unidad,Colonia,Tanquián de Escobedo,San Luis Potosí,,Urbano,https://postali.app/mx/san-luis-potosi/tanquian-de-escobedo/unidad
79841,Tampicol,Ejido,Tanquián de Escobedo,San Luis Potosí,,Rural,https://postali.app/mx/san-luis-potosi/tanquian-de-escobedo/tampicol
79842,Sagrada Familia,Ejido,Tanquián de Escobedo,San Luis Potosí,,Rural,https://postali.app/mx/san-luis-potosi/tanquian-de-escobedo/sagrada-familia
79843,El Basuche,Ranchería,Tanquián de Escobedo,San Luis Potosí,,Rural,https://postali.app/mx/san-luis-potosi/tanquian-de-escobedo/el-basuche
79846,El Cerrito,Ejido,Tanquián de Escobedo,San Luis Potosí,,Rural,https://postali.app/mx/san-luis-potosi/tanquian-de-escobedo/el-cerrito
79846,El Gavial,Rancho,Tanquián de Escobedo,San Luis Potosí,,Rural,https://postali.app/mx/san-luis-potosi/tanquian-de-escobedo/el-gavial
79849,Buenavista,Ranchería,Tanquián de Escobedo,San Luis Potosí,,Rural,https://postali.app/mx/san-luis-potosi/tanquian-de-escobedo/buenavista
79850,Tampamolón Corona,Pueblo,Tampamolón Corona,San Luis Potosí,,Urbano,https://postali.app/mx/san-luis-potosi/tampamolon-corona/tampamolon-corona
79851,Tamarindo Huasteco,Barrio,Tampamolón Corona,San Luis Potosí,,Rural,https://postali.app/mx/san-luis-potosi/tampamolon-corona/tamarindo-huasteco
79852,Comunidad el Naranjo,Ejido,Tampamolón Corona,San Luis Potosí,,Rural,https://postali.app/mx/san-luis-potosi/tampamolon-corona/comunidad-el-naranjo
79852,El Carrizal,Ejido,Tampamolón Corona,San Luis Potosí,,Rural,https://postali.app/mx/san-luis-potosi/tampamolon-corona/el-carrizal
79853,Paxquid,Barrio,Tampamolón Corona,San Luis Potosí,,Rural,https://postali.app/mx/san-luis-potosi/tampamolon-corona/paxquid
79854,Tzapuw Já (Tzapuja),Barrio,Tampamolón Corona,San Luis Potosí,,Rural,https://postali.app/mx/san-luis-potosi/tampamolon-corona/tzapuw-ja-tzapuja
79856,Coaxinquila,Ranchería,Tampamolón Corona,San Luis Potosí,,Rural,https://postali.app/mx/san-luis-potosi/tampamolon-corona/coaxinquila
79856,Río Florido,Ejido,Tampamolón Corona,San Luis Potosí,,Rural,https://postali.app/mx/san-luis-potosi/tampamolon-corona/rio-florido
79859,Chiquinteco,Ejido,Tampamolón Corona,San Luis Potosí,,Rural,https://postali.app/mx/san-luis-potosi/tampamolon-corona/chiquinteco
79859,Las Víboras,Ejido,Tampamolón Corona,San Luis Potosí,,Rural,https://postali.app/mx/san-luis-potosi/tampamolon-corona/las-viboras
79859,Tonatico,Ejido,Tampamolón Corona,San Luis Potosí,,Rural,https://postali.app/mx/san-luis-potosi/tampamolon-corona/tonatico
79860,Coxcatlán Centro,Pueblo,Coxcatlán,San Luis Potosí,,Urbano,https://postali.app/mx/san-luis-potosi/coxcatlan/coxcatlan-centro
79860,Zocote,Barrio,Coxcatlán,San Luis Potosí,,Rural,https://postali.app/mx/san-luis-potosi/coxcatlan/zocote
79861,San Pablo Primero,Ranchería,Coxcatlán,San Luis Potosí,,Rural,https://postali.app/mx/san-luis-potosi/coxcatlan/san-pablo-primero
79863,El Sabino,Colonia,Coxcatlán,San Luis Potosí,,Rural,https://postali.app/mx/san-luis-potosi/coxcatlan/el-sabino
79864,Ajuatitla Primera Sección,Ejido,Coxcatlán,San Luis Potosí,,Rural,https://postali.app/mx/san-luis-potosi/coxcatlan/ajuatitla-primera-seccion
79864,Barrio la Palma,Barrio,Coxcatlán,San Luis Potosí,,Rural,https://postali.app/mx/san-luis-potosi/coxcatlan/barrio-la-palma
79864,Moyotla,Colonia,Coxcatlán,San Luis Potosí,,Rural,https://postali.app/mx/san-luis-potosi/coxcatlan/moyotla
79865,Suchiaco,Colonia,Coxcatlán,San Luis Potosí,,Rural,https://postali.app/mx/san-luis-potosi/coxcatlan/suchiaco
79865,Tazaquil,Ejido,Coxcatlán,San Luis Potosí,,Rural,https://postali.app/mx/san-luis-potosi/coxcatlan/tazaquil
79865,Tazaquil Ejido,Ejido,Coxcatlán,San Luis Potosí,,Rural,https://postali.app/mx/san-luis-potosi/coxcatlan/tazaquil-ejido
79866,Ajacaco,Ranchería,Coxcatlán,San Luis Potosí,,Rural,https://postali.app/mx/san-luis-potosi/coxcatlan/ajacaco
79866,Tampuchón,Colonia,Coxcatlán,San Luis Potosí,,Rural,https://postali.app/mx/san-luis-potosi/coxcatlan/tampuchon
79867,Ixpatlach,Colonia,Coxcatlán,San Luis Potosí,,Rural,https://postali.app/mx/san-luis-potosi/coxcatlan/ixpatlach
79867,Mahuajco,Colonia,Coxcatlán,San Luis Potosí,,Rural,https://postali.app/mx/san-luis-potosi/coxcatlan/mahuajco
79867,Tlaxco,Ranchería,Coxcatlán,San Luis Potosí,,Rural,https://postali.app/mx/san-luis-potosi/coxcatlan/tlaxco
79870,Amaxac,Ranchería,Coxcatlán,San Luis Potosí,,Rural,https://postali.app/mx/san-luis-potosi/coxcatlan/amaxac
79871,San Andrés,Ranchería,Coxcatlán,San Luis Potosí,,Rural,https://postali.app/mx/san-luis-potosi/coxcatlan/san-andres
79874,Tlapani,Rancho,Coxcatlán,San Luis Potosí,,Rural,https://postali.app/mx/san-luis-potosi/coxcatlan/tlapani
79876,Las Mesas,Ejido,Coxcatlán,San Luis Potosí,,Rural,https://postali.app/mx/san-luis-potosi/coxcatlan/las-mesas
79878,Tepotzuapa Dos Segunda Sección,Ranchería,Coxcatlán,San Luis Potosí,,Rural,https://postali.app/mx/san-luis-potosi/coxcatlan/tepotzuapa-dos-segunda-seccion
79878,Tepotzuapa Primera Sección,Colonia,Coxcatlán,San Luis Potosí,,Rural,https://postali.app/mx/san-luis-potosi/coxcatlan/tepotzuapa-primera-seccion
79879,Comunidad Calmecayo,Ejido,Coxcatlán,San Luis Potosí,,Rural,https://postali.app/mx/san-luis-potosi/coxcatlan/comunidad-calmecayo
79880,Huehuetlán,Pueblo,Huehuetlán,San Luis Potosí,,Rural,https://postali.app/mx/san-luis-potosi/huehuetlan/huehuetlan
79880,La Pimienta,Ranchería,Huehuetlán,San Luis Potosí,,Rural,https://postali.app/mx/san-luis-potosi/huehuetlan/la-pimienta
79880,San José,Ranchería,Huehuetlán,San Luis Potosí,,Rural,https://postali.app/mx/san-luis-potosi/huehuetlan/san-jose
79880,Tandzumadz,Ejido,Huehuetlán,San Luis Potosí,,Rural,https://postali.app/mx/san-luis-potosi/huehuetlan/tandzumadz
79880,Tanleab Uno,Ranchería,Huehuetlán,San Luis Potosí,,Rural,https://postali.app/mx/san-luis-potosi/huehuetlan/tanleab-uno
79880,Tzinejá Uno,Ranchería,Huehuetlán,San Luis Potosí,,Rural,https://postali.app/mx/san-luis-potosi/huehuetlan/tzineja-uno
79884,Tanleab Dos,Ranchería,Huehuetlán,San Luis Potosí,,Rural,https://postali.app/mx/san-luis-potosi/huehuetlan/tanleab-dos
79884,Tzinejá Dos,Ranchería,Huehuetlán,San Luis Potosí,,Rural,https://postali.app/mx/san-luis-potosi/huehuetlan/tzineja-dos
79885,Tatacuatla,Ranchería,Huehuetlán,San Luis Potosí,,Rural,https://postali.app/mx/san-luis-potosi/huehuetlan/tatacuatla
79887,Alaquich,Ranchería,Huehuetlán,San Luis Potosí,,Rural,https://postali.app/mx/san-luis-potosi/huehuetlan/alaquich
79887,La Pedrera,Ranchería,Huehuetlán,San Luis Potosí,,Rural,https://postali.app/mx/san-luis-potosi/huehuetlan/la-pedrera
79888,Tantocoy Uno,Ejido,Huehuetlán,San Luis Potosí,,Rural,https://postali.app/mx/san-luis-potosi/huehuetlan/tantocoy-uno
79889,Cruz Blanca,Ejido,Huehuetlán,San Luis Potosí,,Rural,https://postali.app/mx/san-luis-potosi/huehuetlan/cruz-blanca
79889,El Limoncito,Ejido,Huehuetlán,San Luis Potosí,,Rural,https://postali.app/mx/san-luis-potosi/huehuetlan/el-limoncito
79889,Los Pinos,Ranchería,Huehuetlán,San Luis Potosí,,Rural,https://postali.app/mx/san-luis-potosi/huehuetlan/los-pinos
79890,Huichihuayán,Ejido,Huehuetlán,San Luis Potosí,,Rural,https://postali.app/mx/san-luis-potosi/huehuetlan/huichihuayan
79891,Chununtzén Dos Sección Cinco,Ranchería,Huehuetlán,San Luis Potosí,,Rural,https://postali.app/mx/san-luis-potosi/huehuetlan/chununtzen-dos-seccion-cinco
79891,Chununtzén Dos Sección Cuatro,Ranchería,Huehuetlán,San Luis Potosí,,Rural,https://postali.app/mx/san-luis-potosi/huehuetlan/chununtzen-dos-seccion-cuatro
79891,Chununtzén Dos Sección Diez,Ranchería,Huehuetlán,San Luis Potosí,,Rural,https://postali.app/mx/san-luis-potosi/huehuetlan/chununtzen-dos-seccion-diez
79891,Chununtzén Dos Sección Doce,Ranchería,Huehuetlán,San Luis Potosí,,Rural,https://postali.app/mx/san-luis-potosi/huehuetlan/chununtzen-dos-seccion-doce
79891,Chununtzén Dos Sección Dos,Ranchería,Huehuetlán,San Luis Potosí,,Rural,https://postali.app/mx/san-luis-potosi/huehuetlan/chununtzen-dos-seccion-dos
79891,Chununtzén Dos Sección Nueve,Ranchería,Huehuetlán,San Luis Potosí,,Rural,https://postali.app/mx/san-luis-potosi/huehuetlan/chununtzen-dos-seccion-nueve
79891,Chununtzén Dos Sección Ocho,Ranchería,Huehuetlán,San Luis Potosí,,Rural,https://postali.app/mx/san-luis-potosi/huehuetlan/chununtzen-dos-seccion-ocho
79891,Chununtzén Dos Sección Once,Ranchería,Huehuetlán,San Luis Potosí,,Rural,https://postali.app/mx/san-luis-potosi/huehuetlan/chununtzen-dos-seccion-once
79891,Chununtzén Dos Sección Seis,Ranchería,Huehuetlán,San Luis Potosí,,Rural,https://postali.app/mx/san-luis-potosi/huehuetlan/chununtzen-dos-seccion-seis
79891,Chununtzén Dos Sección Siete,Ranchería,Huehuetlán,San Luis Potosí,,Rural,https://postali.app/mx/san-luis-potosi/huehuetlan/chununtzen-dos-seccion-siete
79891,Chununtzén Dos Sección Tres,Ranchería,Huehuetlán,San Luis Potosí,,Rural,https://postali.app/mx/san-luis-potosi/huehuetlan/chununtzen-dos-seccion-tres
79891,Chununtzén Dos Sección Uno,Ranchería,Huehuetlán,San Luis Potosí,,Rural,https://postali.app/mx/san-luis-potosi/huehuetlan/chununtzen-dos-seccion-uno
79891,Chununtzén Uno,Ejido,Huehuetlán,San Luis Potosí,,Rural,https://postali.app/mx/san-luis-potosi/huehuetlan/chununtzen-uno
79891,Jilim Tantocoy Tres,Ejido,Huehuetlán,San Luis Potosí,,Rural,https://postali.app/mx/san-luis-potosi/huehuetlan/jilim-tantocoy-tres
79891,Tierras Coloradas,Ranchería,Huehuetlán,San Luis Potosí,,Rural,https://postali.app/mx/san-luis-potosi/huehuetlan/tierras-coloradas
79893,La Escalera,Ranchería,Huehuetlán,San Luis Potosí,,Rural,https://postali.app/mx/san-luis-potosi/huehuetlan/la-escalera
79895,Complemento Chununtzén,Ranchería,Huehuetlán,San Luis Potosí,,Rural,https://postali.app/mx/san-luis-potosi/huehuetlan/complemento-chununtzen
79895,El Nacimiento,Ejido,Huehuetlán,San Luis Potosí,,Rural,https://postali.app/mx/san-luis-potosi/huehuetlan/el-nacimiento
79895,Francisco Villa,Barrio,Huehuetlán,San Luis Potosí,,Rural,https://postali.app/mx/san-luis-potosi/huehuetlan/francisco-villa
79900,Ahuehueyo,Ejido,Xilitla,San Luis Potosí,,Rural,https://postali.app/mx/san-luis-potosi/xilitla/ahuehueyo
79900,El Naranjal (La Ceiba),Ranchería,Xilitla,San Luis Potosí,,Rural,https://postali.app/mx/san-luis-potosi/xilitla/el-naranjal-la-ceiba
79900,Francisco I. Madero,Barrio,Xilitla,San Luis Potosí,,Rural,https://postali.app/mx/san-luis-potosi/xilitla/francisco-i-madero
79900,Jardín,Colonia,Xilitla,San Luis Potosí,,Urbano,https://postali.app/mx/san-luis-potosi/xilitla/jardin
79900,La Joya de Tlaletla,Ranchería,Xilitla,San Luis Potosí,,Rural,https://postali.app/mx/san-luis-potosi/xilitla/la-joya-de-tlaletla
79900,La Pagua,Rancho,Xilitla,San Luis Potosí,,Rural,https://postali.app/mx/san-luis-potosi/xilitla/la-pagua
79900,Poxtla (La Empresa),Ranchería,Xilitla,San Luis Potosí,,Rural,https://postali.app/mx/san-luis-potosi/xilitla/poxtla-la-empresa
79900,Tierra y Libertad,Barrio,Xilitla,San Luis Potosí,,Rural,https://postali.app/mx/san-luis-potosi/xilitla/tierra-y-libertad
79900,Xilitla,Pueblo,Xilitla,San Luis Potosí,,Urbano,https://postali.app/mx/san-luis-potosi/xilitla/xilitla
79900,Xiloxochico (El Chico),Ejido,Xilitla,San Luis Potosí,,Rural,https://postali.app/mx/san-luis-potosi/xilitla/xiloxochico-el-chico
79901,Cuáhuatl,Rancho,Xilitla,San Luis Potosí,,Rural,https://postali.app/mx/san-luis-potosi/xilitla/cuahuatl
79901,El Jobo,Ranchería,Xilitla,San Luis Potosí,,Rural,https://postali.app/mx/san-luis-potosi/xilitla/el-jobo
79901,El Jobo,Colonia,Xilitla,San Luis Potosí,,Rural,https://postali.app/mx/san-luis-potosi/xilitla/el-jobo-79901
79901,La Tinaja,Ranchería,Xilitla,San Luis Potosí,,Rural,https://postali.app/mx/san-luis-potosi/xilitla/la-tinaja
79901,Tecaya Uno,Ranchería,Xilitla,San Luis Potosí,,Rural,https://postali.app/mx/san-luis-potosi/xilitla/tecaya-uno
79903,Cruztitla,Colonia,Xilitla,San Luis Potosí,,Rural,https://postali.app/mx/san-luis-potosi/xilitla/cruztitla
79903,Huachichila (Barrio los Pocitos),Pueblo,Xilitla,San Luis Potosí,,Rural,https://postali.app/mx/san-luis-potosi/xilitla/huachichila-barrio-los-pocitos
79903,La Conchita,Colonia,Xilitla,San Luis Potosí,,Rural,https://postali.app/mx/san-luis-potosi/xilitla/la-conchita
79903,Los Pocitos,Ranchería,Xilitla,San Luis Potosí,,Rural,https://postali.app/mx/san-luis-potosi/xilitla/los-pocitos
79903,Moloxco,Ranchería,Xilitla,San Luis Potosí,,Rural,https://postali.app/mx/san-luis-potosi/xilitla/moloxco
79903,Puerto de Belén,Ranchería,Xilitla,San Luis Potosí,,Rural,https://postali.app/mx/san-luis-potosi/xilitla/puerto-de-belen
79904,Arroyo Seco,Ranchería,Xilitla,San Luis Potosí,,Rural,https://postali.app/mx/san-luis-potosi/xilitla/arroyo-seco
79904,El Carrizal,Ranchería,Xilitla,San Luis Potosí,,Rural,https://postali.app/mx/san-luis-potosi/xilitla/el-carrizal
79904,Iztacapa,Pueblo,Xilitla,San Luis Potosí,,Rural,https://postali.app/mx/san-luis-potosi/xilitla/iztacapa
79904,La Chaca,Rancho,Xilitla,San Luis Potosí,,Rural,https://postali.app/mx/san-luis-potosi/xilitla/la-chaca
79904,La Loma,Rancho,Xilitla,San Luis Potosí,,Rural,https://postali.app/mx/san-luis-potosi/xilitla/la-loma
79904,Pemoxco,Pueblo,Xilitla,San Luis Potosí,,Rural,https://postali.app/mx/san-luis-potosi/xilitla/pemoxco
79905,Agua Puerca,Ranchería,Xilitla,San Luis Potosí,,Rural,https://postali.app/mx/san-luis-potosi/xilitla/agua-puerca
79905,Buenavista,Ranchería,Xilitla,San Luis Potosí,,Rural,https://postali.app/mx/san-luis-potosi/xilitla/buenavista
79905,Cuartillo Nuevo,Colonia,Xilitla,San Luis Potosí,,Rural,https://postali.app/mx/san-luis-potosi/xilitla/cuartillo-nuevo
79905,El Naranjal Dos,Rancho,Xilitla,San Luis Potosí,,Rural,https://postali.app/mx/san-luis-potosi/xilitla/el-naranjal-dos
79905,La Puerta de la Esperanza,Rancho,Xilitla,San Luis Potosí,,Rural,https://postali.app/mx/san-luis-potosi/xilitla/la-puerta-de-la-esperanza
79905,Los Otates,Rancho,Xilitla,San Luis Potosí,,Rural,https://postali.app/mx/san-luis-potosi/xilitla/los-otates
79905,Manteyo,Ranchería,Xilitla,San Luis Potosí,,Rural,https://postali.app/mx/san-luis-potosi/xilitla/manteyo
79905,Pilahuehueyo,Rancho,Xilitla,San Luis Potosí,,Rural,https://postali.app/mx/san-luis-potosi/xilitla/pilahuehueyo
79905,Tepetzintla,Rancho,Xilitla,San Luis Potosí,,Rural,https://postali.app/mx/san-luis-potosi/xilitla/tepetzintla
79905,Zapuyo,Ranchería,Xilitla,San Luis Potosí,,Rural,https://postali.app/mx/san-luis-potosi/xilitla/zapuyo
79906,Cafetales,Ranchería,Xilitla,San Luis Potosí,,Rural,https://postali.app/mx/san-luis-potosi/xilitla/cafetales
79906,Cuartillo Viejo,Ejido,Xilitla,San Luis Potosí,,Rural,https://postali.app/mx/san-luis-potosi/xilitla/cuartillo-viejo
79906,Puerto Encinal,Colonia,Xilitla,San Luis Potosí,,Rural,https://postali.app/mx/san-luis-potosi/xilitla/puerto-encinal
79906,Rancho Nuevo,Ranchería,Xilitla,San Luis Potosí,,Rural,https://postali.app/mx/san-luis-potosi/xilitla/rancho-nuevo
79906,Temascales,Ranchería,Xilitla,San Luis Potosí,,Rural,https://postali.app/mx/san-luis-potosi/xilitla/temascales
79906,Tenepanco,Ranchería,Xilitla,San Luis Potosí,,Rural,https://postali.app/mx/san-luis-potosi/xilitla/tenepanco
79906,Xaltipa,Ranchería,Xilitla,San Luis Potosí,,Rural,https://postali.app/mx/san-luis-potosi/xilitla/xaltipa
79906,Xocoyo,Ranchería,Xilitla,San Luis Potosí,,Rural,https://postali.app/mx/san-luis-potosi/xilitla/xocoyo
79907,Agua Fría,Ranchería,Xilitla,San Luis Potosí,,Rural,https://postali.app/mx/san-luis-potosi/xilitla/agua-fria
79907,Del Ajuate,Barrio,Xilitla,San Luis Potosí,,Rural,https://postali.app/mx/san-luis-potosi/xilitla/del-ajuate
79907,El Lagarto,Ranchería,Xilitla,San Luis Potosí,,Rural,https://postali.app/mx/san-luis-potosi/xilitla/el-lagarto
79907,El Mirador,Rancho,Xilitla,San Luis Potosí,,Rural,https://postali.app/mx/san-luis-potosi/xilitla/el-mirador
79907,El Potrero,Ranchería,Xilitla,San Luis Potosí,,Rural,https://postali.app/mx/san-luis-potosi/xilitla/el-potrero
79907,El Sabino,Ejido,Xilitla,San Luis Potosí,,Rural,https://postali.app/mx/san-luis-potosi/xilitla/el-sabino
79907,Encinal Uno,Ranchería,Xilitla,San Luis Potosí,,Rural,https://postali.app/mx/san-luis-potosi/xilitla/encinal-uno
79907,La Escuela,Barrio,Xilitla,San Luis Potosí,,Rural,https://postali.app/mx/san-luis-potosi/xilitla/la-escuela
79907,La Esperanza,Ranchería,Xilitla,San Luis Potosí,,Rural,https://postali.app/mx/san-luis-potosi/xilitla/la-esperanza
79907,La Loma,Ranchería,Xilitla,San Luis Potosí,,Rural,https://postali.app/mx/san-luis-potosi/xilitla/la-loma-79907
79907,La Targea,Ranchería,Xilitla,San Luis Potosí,,Rural,https://postali.app/mx/san-luis-potosi/xilitla/la-targea
79907,Manteco,Ranchería,Xilitla,San Luis Potosí,,Rural,https://postali.app/mx/san-luis-potosi/xilitla/manteco
79907,Nuevo,Rancho,Xilitla,San Luis Potosí,,Rural,https://postali.app/mx/san-luis-potosi/xilitla/nuevo
79907,Paguayo,Ranchería,Xilitla,San Luis Potosí,,Rural,https://postali.app/mx/san-luis-potosi/xilitla/paguayo
79907,Papatlal,Ranchería,Xilitla,San Luis Potosí,,Rural,https://postali.app/mx/san-luis-potosi/xilitla/papatlal
79907,Pilateno,Ranchería,Xilitla,San Luis Potosí,,Rural,https://postali.app/mx/san-luis-potosi/xilitla/pilateno
79907,Plan de Juárez,Ranchería,Xilitla,San Luis Potosí,,Rural,https://postali.app/mx/san-luis-potosi/xilitla/plan-de-juarez
79907,Puerto Tlaletla,Rancho,Xilitla,San Luis Potosí,,Rural,https://postali.app/mx/san-luis-potosi/xilitla/puerto-tlaletla
79907,Rancho Nuevo,Ranchería,Xilitla,San Luis Potosí,,Rural,https://postali.app/mx/san-luis-potosi/xilitla/rancho-nuevo-79907
79907,Rincón la Joya,Ranchería,Xilitla,San Luis Potosí,,Rural,https://postali.app/mx/san-luis-potosi/xilitla/rincon-la-joya
79907,San Antonio Xalcuayo Dos,Ranchería,Xilitla,San Luis Potosí,,Rural,https://postali.app/mx/san-luis-potosi/xilitla/san-antonio-xalcuayo-dos
79907,Tierra Blanca Ejido,Ejido,Xilitla,San Luis Potosí,,Rural,https://postali.app/mx/san-luis-potosi/xilitla/tierra-blanca-ejido
79907,Tierra Blanca Fracción,Ejido,Xilitla,San Luis Potosí,,Rural,https://postali.app/mx/san-luis-potosi/xilitla/tierra-blanca-fraccion
79907,Uhaxuco,Ranchería,Xilitla,San Luis Potosí,,Rural,https://postali.app/mx/san-luis-potosi/xilitla/uhaxuco
79907,Uhaxuquito,Rancho,Xilitla,San Luis Potosí,,Rural,https://postali.app/mx/san-luis-potosi/xilitla/uhaxuquito
79907,Uxtuapan,Ranchería,Xilitla,San Luis Potosí,,Rural,https://postali.app/mx/san-luis-potosi/xilitla/uxtuapan
79908,Las Palmas,Ranchería,Xilitla,San Luis Potosí,,Rural,https://postali.app/mx/san-luis-potosi/xilitla/las-palmas
79908,Otlaxhuayo,Ranchería,Xilitla,San Luis Potosí,,Rural,https://postali.app/mx/san-luis-potosi/xilitla/otlaxhuayo
79908,Petatillo,Colonia,Xilitla,San Luis Potosí,,Rural,https://postali.app/mx/san-luis-potosi/xilitla/petatillo
79910,La Joya,Ranchería,Xilitla,San Luis Potosí,,Rural,https://postali.app/mx/san-luis-potosi/xilitla/la-joya
79910,San Agustín,Rancho,Xilitla,San Luis Potosí,,Rural,https://postali.app/mx/san-luis-potosi/xilitla/san-agustin
79910,Suchiayo,Rancho,Xilitla,San Luis Potosí,,Rural,https://postali.app/mx/san-luis-potosi/xilitla/suchiayo
79910,Tlamaya,Ejido,Xilitla,San Luis Potosí,,Rural,https://postali.app/mx/san-luis-potosi/xilitla/tlamaya
79913,El Cañón,Pueblo,Xilitla,San Luis Potosí,,Rural,https://postali.app/mx/san-luis-potosi/xilitla/el-canon
79913,La Ladera,Rancho,Xilitla,San Luis Potosí,,Rural,https://postali.app/mx/san-luis-potosi/xilitla/la-ladera
79913,Las Tiendas,Ranchería,Xilitla,San Luis Potosí,,Rural,https://postali.app/mx/san-luis-potosi/xilitla/las-tiendas
79915,Agua Fierro,Ranchería,Xilitla,San Luis Potosí,,Rural,https://postali.app/mx/san-luis-potosi/xilitla/agua-fierro
79915,Barrio San Pedro,Barrio,Xilitla,San Luis Potosí,,Rural,https://postali.app/mx/san-luis-potosi/xilitla/barrio-san-pedro
79915,Buenavista,Ranchería,Xilitla,San Luis Potosí,,Rural,https://postali.app/mx/san-luis-potosi/xilitla/buenavista-79915
79915,El Granado,Rancho,Xilitla,San Luis Potosí,,Rural,https://postali.app/mx/san-luis-potosi/xilitla/el-granado
79915,El Nacimiento,Colonia,Xilitla,San Luis Potosí,,Rural,https://postali.app/mx/san-luis-potosi/xilitla/el-nacimiento
79915,El Pino,Ranchería,Xilitla,San Luis Potosí,,Rural,https://postali.app/mx/san-luis-potosi/xilitla/el-pino
79915,La Cueva,Rancho,Xilitla,San Luis Potosí,,Rural,https://postali.app/mx/san-luis-potosi/xilitla/la-cueva
79915,La Laguna,Rancho,Xilitla,San Luis Potosí,,Rural,https://postali.app/mx/san-luis-potosi/xilitla/la-laguna
79915,La Palma,Ranchería,Xilitla,San Luis Potosí,,Rural,https://postali.app/mx/san-luis-potosi/xilitla/la-palma
79915,La Palma,Rancho,Xilitla,San Luis Potosí,,Rural,https://postali.app/mx/san-luis-potosi/xilitla/la-palma-79915
79915,Quirámbaro,Rancho,Xilitla,San Luis Potosí,,Rural,https://postali.app/mx/san-luis-potosi/xilitla/quirambaro
79915,San José,Ranchería,Xilitla,San Luis Potosí,,Rural,https://postali.app/mx/san-luis-potosi/xilitla/san-jose
79915,San Pedro Huitzquilico,Colonia,Xilitla,San Luis Potosí,,Rural,https://postali.app/mx/san-luis-potosi/xilitla/san-pedro-huitzquilico
79916,Manteco,Rancho,Xilitla,San Luis Potosí,,Rural,https://postali.app/mx/san-luis-potosi/xilitla/manteco-79916
79916,Peña Blanca,Colonia,Xilitla,San Luis Potosí,,Rural,https://postali.app/mx/san-luis-potosi/xilitla/pena-blanca
79916,Peña Blanca Limontitla,Ejido,Xilitla,San Luis Potosí,,Rural,https://postali.app/mx/san-luis-potosi/xilitla/pena-blanca-limontitla
79917,Chichimixtitla,Colonia,Xilitla,San Luis Potosí,,Rural,https://postali.app/mx/san-luis-potosi/xilitla/chichimixtitla
79917,Ixtacamel Buenos Aires,Colonia,Xilitla,San Luis Potosí,,Rural,https://postali.app/mx/san-luis-potosi/xilitla/ixtacamel-buenos-aires
79917,La Escalera,Rancho,Xilitla,San Luis Potosí,,Rural,https://postali.app/mx/san-luis-potosi/xilitla/la-escalera
79917,La Herradura,Ranchería,Xilitla,San Luis Potosí,,Rural,https://postali.app/mx/san-luis-potosi/xilitla/la-herradura
79917,Las Crucitas,Colonia,Xilitla,San Luis Potosí,,Rural,https://postali.app/mx/san-luis-potosi/xilitla/las-crucitas
79917,Pitzóatl,Colonia,Xilitla,San Luis Potosí,,Rural,https://postali.app/mx/san-luis-potosi/xilitla/pitzoatl
79917,San Rafael,Ranchería,Xilitla,San Luis Potosí,,Rural,https://postali.app/mx/san-luis-potosi/xilitla/san-rafael
79917,Tlacuapa (Temascal),Ranchería,Xilitla,San Luis Potosí,,Rural,https://postali.app/mx/san-luis-potosi/xilitla/tlacuapa-temascal
79917,Tlacuapa Primera Sección,Ranchería,Xilitla,San Luis Potosí,,Rural,https://postali.app/mx/san-luis-potosi/xilitla/tlacuapa-primera-seccion
79917,Tlahuilapa,Ranchería,Xilitla,San Luis Potosí,,Rural,https://postali.app/mx/san-luis-potosi/xilitla/tlahuilapa
79917,Tlapexmecayo,Ranchería,Xilitla,San Luis Potosí,,Rural,https://postali.app/mx/san-luis-potosi/xilitla/tlapexmecayo
79920,Ahuacatlán de Jesús,Ejido,Xilitla,San Luis Potosí,,Rural,https://postali.app/mx/san-luis-potosi/xilitla/ahuacatlan-de-jesus
79920,Amayo de Zaragoza (Puerto de Amayo),Ranchería,Xilitla,San Luis Potosí,,Rural,https://postali.app/mx/san-luis-potosi/xilitla/amayo-de-zaragoza-puerto-de-amayo
79920,El Puerto de Potrerillos,Barrio,Xilitla,San Luis Potosí,,Rural,https://postali.app/mx/san-luis-potosi/xilitla/el-puerto-de-potrerillos
79920,El Zancudo,Ranchería,Xilitla,San Luis Potosí,,Rural,https://postali.app/mx/san-luis-potosi/xilitla/el-zancudo
79920,La Gloria,Ranchería,Xilitla,San Luis Potosí,,Rural,https://postali.app/mx/san-luis-potosi/xilitla/la-gloria
79920,La Mora,Ranchería,Xilitla,San Luis Potosí,,Rural,https://postali.app/mx/san-luis-potosi/xilitla/la-mora
79920,La Victoria,Ejido,Xilitla,San Luis Potosí,,Rural,https://postali.app/mx/san-luis-potosi/xilitla/la-victoria
79920,Miramar Viejo,Ranchería,Xilitla,San Luis Potosí,,Rural,https://postali.app/mx/san-luis-potosi/xilitla/miramar-viejo
79920,Potrerillos,Ranchería,Xilitla,San Luis Potosí,,Rural,https://postali.app/mx/san-luis-potosi/xilitla/potrerillos
79920,Puerto de la Victoria,Ranchería,Xilitla,San Luis Potosí,,Rural,https://postali.app/mx/san-luis-potosi/xilitla/puerto-de-la-victoria
79920,Puerto del Durazno,Ranchería,Xilitla,San Luis Potosí,,Rural,https://postali.app/mx/san-luis-potosi/xilitla/puerto-del-durazno
79920,San Antonio Huitzquilico (Barrio Centro),Ranchería,Xilitla,San Luis Potosí,,Rural,https://postali.app/mx/san-luis-potosi/xilitla/san-antonio-huitzquilico-barrio-centro
79920,Sierra Chiquita,Ranchería,Xilitla,San Luis Potosí,,Rural,https://postali.app/mx/san-luis-potosi/xilitla/sierra-chiquita
79920,Sierra Mojada,Ranchería,Xilitla,San Luis Potosí,,Rural,https://postali.app/mx/san-luis-potosi/xilitla/sierra-mojada
79920,Soledad de Zaragoza,Ranchería,Xilitla,San Luis Potosí,,Rural,https://postali.app/mx/san-luis-potosi/xilitla/soledad-de-zaragoza
79920,Xilitlilla,Ejido,Xilitla,San Luis Potosí,,Rural,https://postali.app/mx/san-luis-potosi/xilitla/xilitlilla
79922,Tlamimil,Ejido,Xilitla,San Luis Potosí,,Rural,https://postali.app/mx/san-luis-potosi/xilitla/tlamimil
79923,Agua de la Peña,Ranchería,Xilitla,San Luis Potosí,,Rural,https://postali.app/mx/san-luis-potosi/xilitla/agua-de-la-pena
79923,Buenavista,Ranchería,Xilitla,San Luis Potosí,,Rural,https://postali.app/mx/san-luis-potosi/xilitla/buenavista-79923
79923,El Balcón,Ranchería,Xilitla,San Luis Potosí,,Rural,https://postali.app/mx/san-luis-potosi/xilitla/el-balcon
79923,El Mirador,Ranchería,Xilitla,San Luis Potosí,,Rural,https://postali.app/mx/san-luis-potosi/xilitla/el-mirador-79923
79923,La Ceiba,Ranchería,Xilitla,San Luis Potosí,,Rural,https://postali.app/mx/san-luis-potosi/xilitla/la-ceiba
79923,La Palizada,Ranchería,Xilitla,San Luis Potosí,,Rural,https://postali.app/mx/san-luis-potosi/xilitla/la-palizada
79923,La Silleta,Ranchería,Xilitla,San Luis Potosí,,Rural,https://postali.app/mx/san-luis-potosi/xilitla/la-silleta
79923,Nuevo,Rancho,Xilitla,San Luis Potosí,,Rural,https://postali.app/mx/san-luis-potosi/xilitla/nuevo-79923
79923,Petatillo,Ranchería,Xilitla,San Luis Potosí,,Rural,https://postali.app/mx/san-luis-potosi/xilitla/petatillo-79923
79923,Santa Anita,Ranchería,Xilitla,San Luis Potosí,,Rural,https://postali.app/mx/san-luis-potosi/xilitla/santa-anita
79923,Tres Pozos,Rancho,Xilitla,San Luis Potosí,,Rural,https://postali.app/mx/san-luis-potosi/xilitla/tres-pozos
79924,El Barrio,Ranchería,Xilitla,San Luis Potosí,,Rural,https://postali.app/mx/san-luis-potosi/xilitla/el-barrio
79924,El Retén,Colonia,Xilitla,San Luis Potosí,,Rural,https://postali.app/mx/san-luis-potosi/xilitla/el-reten
79924,El Rincón de Zacatipa,Ranchería,Xilitla,San Luis Potosí,,Rural,https://postali.app/mx/san-luis-potosi/xilitla/el-rincon-de-zacatipa
79924,Joya del Durazno,Ranchería,Xilitla,San Luis Potosí,,Rural,https://postali.app/mx/san-luis-potosi/xilitla/joya-del-durazno
79924,Ollita del Pino,Ranchería,Xilitla,San Luis Potosí,,Rural,https://postali.app/mx/san-luis-potosi/xilitla/ollita-del-pino
79924,Xilitlilla,Ejido,Xilitla,San Luis Potosí,,Rural,https://postali.app/mx/san-luis-potosi/xilitla/xilitlilla-79924
79924,Zacatipa,Colonia,Xilitla,San Luis Potosí,,Rural,https://postali.app/mx/san-luis-potosi/xilitla/zacatipa
79925,La Barranca,Ranchería,Xilitla,San Luis Potosí,,Rural,https://postali.app/mx/san-luis-potosi/xilitla/la-barranca
79925,Tierras Coloradas,Ranchería,Xilitla,San Luis Potosí,,Rural,https://postali.app/mx/san-luis-potosi/xilitla/tierras-coloradas
79925,Tres Pozos (San Antonio Xalcuayo Uno),Ranchería,Xilitla,San Luis Potosí,,Rural,https://postali.app/mx/san-luis-potosi/xilitla/tres-pozos-san-antonio-xalcuayo-uno
79926,Ahuayo,Ranchería,Xilitla,San Luis Potosí,,Rural,https://postali.app/mx/san-luis-potosi/xilitla/ahuayo
79926,Cristo Rey (Apetzco),Barrio,Xilitla,San Luis Potosí,,Rural,https://postali.app/mx/san-luis-potosi/xilitla/cristo-rey-apetzco
79926,El Corazón de María (El Campamento),Ranchería,Xilitla,San Luis Potosí,,Rural,https://postali.app/mx/san-luis-potosi/xilitla/el-corazon-de-maria-el-campamento
79926,El Rincón,Rancho,Xilitla,San Luis Potosí,,Rural,https://postali.app/mx/san-luis-potosi/xilitla/el-rincon
79926,Las Joyas,Ranchería,Xilitla,San Luis Potosí,,Rural,https://postali.app/mx/san-luis-potosi/xilitla/las-joyas
79926,San Isidro,Barrio,Xilitla,San Luis Potosí,,Rural,https://postali.app/mx/san-luis-potosi/xilitla/san-isidro
79926,Villa de Guadalupe,Ranchería,Xilitla,San Luis Potosí,,Rural,https://postali.app/mx/san-luis-potosi/xilitla/villa-de-guadalupe
79927,Apetzco,Colonia,Xilitla,San Luis Potosí,,Rural,https://postali.app/mx/san-luis-potosi/xilitla/apetzco
79927,Cerro Quebrado,Ranchería,Xilitla,San Luis Potosí,,Rural,https://postali.app/mx/san-luis-potosi/xilitla/cerro-quebrado
79927,El Túnel,Ranchería,Xilitla,San Luis Potosí,,Rural,https://postali.app/mx/san-luis-potosi/xilitla/el-tunel
79927,La Trinidad,Rancho,Xilitla,San Luis Potosí,,Rural,https://postali.app/mx/san-luis-potosi/xilitla/la-trinidad
79927,Nuevo Miramar,Ranchería,Xilitla,San Luis Potosí,,Rural,https://postali.app/mx/san-luis-potosi/xilitla/nuevo-miramar
79927,Puerto Tres Cruces (San Antonio Xalcuayo Uno),Ranchería,Xilitla,San Luis Potosí,,Rural,https://postali.app/mx/san-luis-potosi/xilitla/puerto-tres-cruces-san-antonio-xalcuayo-uno
79928,Agua de Cuayo,Rancho,Xilitla,San Luis Potosí,,Rural,https://postali.app/mx/san-luis-potosi/xilitla/agua-de-cuayo
79928,El Rincón,Rancho,Xilitla,San Luis Potosí,,Rural,https://postali.app/mx/san-luis-potosi/xilitla/el-rincon-79928
79928,La Mojonera,Ranchería,Xilitla,San Luis Potosí,,Rural,https://postali.app/mx/san-luis-potosi/xilitla/la-mojonera
79928,La Tinaja,Ranchería,Xilitla,San Luis Potosí,,Rural,https://postali.app/mx/san-luis-potosi/xilitla/la-tinaja-79928
79928,Rancho Nuevo,Colonia,Xilitla,San Luis Potosí,,Rural,https://postali.app/mx/san-luis-potosi/xilitla/rancho-nuevo-79928
79929,Joyita del Tres,Ranchería,Xilitla,San Luis Potosí,,Rural,https://postali.app/mx/san-luis-potosi/xilitla/joyita-del-tres
79930,Axtla de Terrazas,Pueblo,Axtla de Terrazas,San Luis Potosí,,Rural,https://postali.app/mx/san-luis-potosi/axtla-de-terrazas/axtla-de-terrazas
79930,Jacarandas,Colonia,Axtla de Terrazas,San Luis Potosí,,Rural,https://postali.app/mx/san-luis-potosi/axtla-de-terrazas/jacarandas
79930,Jardines de Axtla,Fraccionamiento,Axtla de Terrazas,San Luis Potosí,,Rural,https://postali.app/mx/san-luis-potosi/axtla-de-terrazas/jardines-de-axtla
79930,La Libertad,Barrio,Axtla de Terrazas,San Luis Potosí,,Rural,https://postali.app/mx/san-luis-potosi/axtla-de-terrazas/la-libertad
79930,La Realidad,Colonia,Axtla de Terrazas,San Luis Potosí,,Rural,https://postali.app/mx/san-luis-potosi/axtla-de-terrazas/la-realidad
79930,Loma Bonita,Colonia,Axtla de Terrazas,San Luis Potosí,,Rural,https://postali.app/mx/san-luis-potosi/axtla-de-terrazas/loma-bonita
79930,Loma Bonita Choteco,Ranchería,Axtla de Terrazas,San Luis Potosí,,Rural,https://postali.app/mx/san-luis-potosi/axtla-de-terrazas/loma-bonita-choteco
79930,Lomas de Axtla,Fraccionamiento,Axtla de Terrazas,San Luis Potosí,,Rural,https://postali.app/mx/san-luis-potosi/axtla-de-terrazas/lomas-de-axtla
79930,Progreso,Colonia,Axtla de Terrazas,San Luis Potosí,,Rural,https://postali.app/mx/san-luis-potosi/axtla-de-terrazas/progreso
79930,San Juan,Barrio,Axtla de Terrazas,San Luis Potosí,,Rural,https://postali.app/mx/san-luis-potosi/axtla-de-terrazas/san-juan
79930,San Miguel,Barrio,Axtla de Terrazas,San Luis Potosí,,Rural,https://postali.app/mx/san-luis-potosi/axtla-de-terrazas/san-miguel
79930,San Rafael,Colonia,Axtla de Terrazas,San Luis Potosí,,Rural,https://postali.app/mx/san-luis-potosi/axtla-de-terrazas/san-rafael
79930,Santa María Dos,Colonia,Axtla de Terrazas,San Luis Potosí,,Rural,https://postali.app/mx/san-luis-potosi/axtla-de-terrazas/santa-maria-dos
79930,Villa de Guadalupe,Colonia,Axtla de Terrazas,San Luis Potosí,,Rural,https://postali.app/mx/san-luis-potosi/axtla-de-terrazas/villa-de-guadalupe
79930,Villas de Santa María,Colonia,Axtla de Terrazas,San Luis Potosí,,Rural,https://postali.app/mx/san-luis-potosi/axtla-de-terrazas/villas-de-santa-maria
79933,Agua Fría,Ejido,Axtla de Terrazas,San Luis Potosí,,Rural,https://postali.app/mx/san-luis-potosi/axtla-de-terrazas/agua-fria
79933,Agua Fría Dos,Ejido,Axtla de Terrazas,San Luis Potosí,,Rural,https://postali.app/mx/san-luis-potosi/axtla-de-terrazas/agua-fria-dos
79933,Ampliación Cuayo Buenavista,Ejido,Axtla de Terrazas,San Luis Potosí,,Rural,https://postali.app/mx/san-luis-potosi/axtla-de-terrazas/ampliacion-cuayo-buenavista
79933,Arroyo de en Medio,Ranchería,Axtla de Terrazas,San Luis Potosí,,Rural,https://postali.app/mx/san-luis-potosi/axtla-de-terrazas/arroyo-de-en-medio
79933,Choteco,Rancho,Axtla de Terrazas,San Luis Potosí,,Rural,https://postali.app/mx/san-luis-potosi/axtla-de-terrazas/choteco
79933,Cuatecoyo,Rancho,Axtla de Terrazas,San Luis Potosí,,Rural,https://postali.app/mx/san-luis-potosi/axtla-de-terrazas/cuatecoyo
79933,Doña Pilar,Ejido,Axtla de Terrazas,San Luis Potosí,,Rural,https://postali.app/mx/san-luis-potosi/axtla-de-terrazas/dona-pilar
79933,El Aquichal,Ejido,Axtla de Terrazas,San Luis Potosí,,Rural,https://postali.app/mx/san-luis-potosi/axtla-de-terrazas/el-aquichal
79933,El Mirador,Rancho,Axtla de Terrazas,San Luis Potosí,,Rural,https://postali.app/mx/san-luis-potosi/axtla-de-terrazas/el-mirador
79933,El Sacrificio,Rancho,Axtla de Terrazas,San Luis Potosí,,Rural,https://postali.app/mx/san-luis-potosi/axtla-de-terrazas/el-sacrificio
79933,Escalante,Ejido,Axtla de Terrazas,San Luis Potosí,,Rural,https://postali.app/mx/san-luis-potosi/axtla-de-terrazas/escalante
79933,Fracción Cuatecoyo,Ejido,Axtla de Terrazas,San Luis Potosí,,Rural,https://postali.app/mx/san-luis-potosi/axtla-de-terrazas/fraccion-cuatecoyo
79933,Fracción el Cerro,Ejido,Axtla de Terrazas,San Luis Potosí,,Rural,https://postali.app/mx/san-luis-potosi/axtla-de-terrazas/fraccion-el-cerro
79933,Hacienda Tampochocho,Ejido,Axtla de Terrazas,San Luis Potosí,,Rural,https://postali.app/mx/san-luis-potosi/axtla-de-terrazas/hacienda-tampochocho
79933,La Esmeralda,Rancho,Axtla de Terrazas,San Luis Potosí,,Rural,https://postali.app/mx/san-luis-potosi/axtla-de-terrazas/la-esmeralda
79933,La Gloria,Rancho,Axtla de Terrazas,San Luis Potosí,,Rural,https://postali.app/mx/san-luis-potosi/axtla-de-terrazas/la-gloria
79933,La Laja,Rancho,Axtla de Terrazas,San Luis Potosí,,Rural,https://postali.app/mx/san-luis-potosi/axtla-de-terrazas/la-laja
79933,La Libertad (Ejido la Libertad),Ejido,Axtla de Terrazas,San Luis Potosí,,Rural,https://postali.app/mx/san-luis-potosi/axtla-de-terrazas/la-libertad-ejido-la-libertad
79933,La Libertad Segunda Sección,Ejido,Axtla de Terrazas,San Luis Potosí,,Rural,https://postali.app/mx/san-luis-potosi/axtla-de-terrazas/la-libertad-segunda-seccion
79933,Las Flores,Rancho,Axtla de Terrazas,San Luis Potosí,,Rural,https://postali.app/mx/san-luis-potosi/axtla-de-terrazas/las-flores
79933,Las Huastecas,Rancho,Axtla de Terrazas,San Luis Potosí,,Rural,https://postali.app/mx/san-luis-potosi/axtla-de-terrazas/las-huastecas
79933,Nuevo Ayotoxco,Ejido,Axtla de Terrazas,San Luis Potosí,,Rural,https://postali.app/mx/san-luis-potosi/axtla-de-terrazas/nuevo-ayotoxco
79933,Pomoco,Ejido,Axtla de Terrazas,San Luis Potosí,,Rural,https://postali.app/mx/san-luis-potosi/axtla-de-terrazas/pomoco
79933,Rancho Huasteco el Pino,Ranchería,Axtla de Terrazas,San Luis Potosí,,Rural,https://postali.app/mx/san-luis-potosi/axtla-de-terrazas/rancho-huasteco-el-pino
79933,Rancho Nuevo,Ranchería,Axtla de Terrazas,San Luis Potosí,,Rural,https://postali.app/mx/san-luis-potosi/axtla-de-terrazas/rancho-nuevo
79933,Rancho Viejo,Ranchería,Axtla de Terrazas,San Luis Potosí,,Rural,https://postali.app/mx/san-luis-potosi/axtla-de-terrazas/rancho-viejo
79933,Tampochocho,Ejido,Axtla de Terrazas,San Luis Potosí,,Rural,https://postali.app/mx/san-luis-potosi/axtla-de-terrazas/tampochocho
79933,Tempixco (Sihuapilco),Ejido,Axtla de Terrazas,San Luis Potosí,,Rural,https://postali.app/mx/san-luis-potosi/axtla-de-terrazas/tempixco-sihuapilco
79933,Zacayuhual,Rancho,Axtla de Terrazas,San Luis Potosí,,Rural,https://postali.app/mx/san-luis-potosi/axtla-de-terrazas/zacayuhual
79934,Ahuacatitla,Ejido,Axtla de Terrazas,San Luis Potosí,,Rural,https://postali.app/mx/san-luis-potosi/axtla-de-terrazas/ahuacatitla
79934,Chacuala,Ejido,Axtla de Terrazas,San Luis Potosí,,Rural,https://postali.app/mx/san-luis-potosi/axtla-de-terrazas/chacuala
79934,Chacuala (Mario Acosta),Ejido,Axtla de Terrazas,San Luis Potosí,,Rural,https://postali.app/mx/san-luis-potosi/axtla-de-terrazas/chacuala-mario-acosta
79934,Comunidad Jalpilla (Jalpilla Viejo),Rancho,Axtla de Terrazas,San Luis Potosí,,Rural,https://postali.app/mx/san-luis-potosi/axtla-de-terrazas/comunidad-jalpilla-jalpilla-viejo
79934,El Cerro,Ejido,Axtla de Terrazas,San Luis Potosí,,Rural,https://postali.app/mx/san-luis-potosi/axtla-de-terrazas/el-cerro
79934,Juan José,Ejido,Axtla de Terrazas,San Luis Potosí,,Rural,https://postali.app/mx/san-luis-potosi/axtla-de-terrazas/juan-jose
79934,La Ceiba,Rancho,Axtla de Terrazas,San Luis Potosí,,Rural,https://postali.app/mx/san-luis-potosi/axtla-de-terrazas/la-ceiba
79934,La Ceiba (Ezequiel Terrazas),Ejido,Axtla de Terrazas,San Luis Potosí,,Rural,https://postali.app/mx/san-luis-potosi/axtla-de-terrazas/la-ceiba-ezequiel-terrazas
79934,La Noria,Rancho,Axtla de Terrazas,San Luis Potosí,,Rural,https://postali.app/mx/san-luis-potosi/axtla-de-terrazas/la-noria
79934,Ostatitla,Ejido,Axtla de Terrazas,San Luis Potosí,,Rural,https://postali.app/mx/san-luis-potosi/axtla-de-terrazas/ostatitla
79934,Otlasxuaco,Ejido,Axtla de Terrazas,San Luis Potosí,,Rural,https://postali.app/mx/san-luis-potosi/axtla-de-terrazas/otlasxuaco
79934,Rancho Axtlán,Ranchería,Axtla de Terrazas,San Luis Potosí,,Rural,https://postali.app/mx/san-luis-potosi/axtla-de-terrazas/rancho-axtlan
79934,Rancho Coyocala,Ranchería,Axtla de Terrazas,San Luis Potosí,,Rural,https://postali.app/mx/san-luis-potosi/axtla-de-terrazas/rancho-coyocala
79934,San Joaquín,Ejido,Axtla de Terrazas,San Luis Potosí,,Rural,https://postali.app/mx/san-luis-potosi/axtla-de-terrazas/san-joaquin
79934,Santa Rita,Ejido,Axtla de Terrazas,San Luis Potosí,,Rural,https://postali.app/mx/san-luis-potosi/axtla-de-terrazas/santa-rita
79934,Temalacaco,Ejido,Axtla de Terrazas,San Luis Potosí,,Rural,https://postali.app/mx/san-luis-potosi/axtla-de-terrazas/temalacaco
79934,Tepetlaco,Ejido,Axtla de Terrazas,San Luis Potosí,,Rural,https://postali.app/mx/san-luis-potosi/axtla-de-terrazas/tepetlaco
79934,Viejo Ayotoxco,Ejido,Axtla de Terrazas,San Luis Potosí,,Rural,https://postali.app/mx/san-luis-potosi/axtla-de-terrazas/viejo-ayotoxco
79934,Xochititla,Ejido,Axtla de Terrazas,San Luis Potosí,,Rural,https://postali.app/mx/san-luis-potosi/axtla-de-terrazas/xochititla
79935,Jalpilla,Ejido,Axtla de Terrazas,San Luis Potosí,,Rural,https://postali.app/mx/san-luis-potosi/axtla-de-terrazas/jalpilla
79936,Barrio San Isidro (Tlajumpal),Barrio,Axtla de Terrazas,San Luis Potosí,,Rural,https://postali.app/mx/san-luis-potosi/axtla-de-terrazas/barrio-san-isidro-tlajumpal
79936,Comunidad Picholco (Picholco Viejo),Ranchería,Axtla de Terrazas,San Luis Potosí,,Rural,https://postali.app/mx/san-luis-potosi/axtla-de-terrazas/comunidad-picholco-picholco-viejo
79936,Copalo (Chalco),Ejido,Axtla de Terrazas,San Luis Potosí,,Rural,https://postali.app/mx/san-luis-potosi/axtla-de-terrazas/copalo-chalco
79936,Cuayo (Chalco),Ranchería,Axtla de Terrazas,San Luis Potosí,,Rural,https://postali.app/mx/san-luis-potosi/axtla-de-terrazas/cuayo-chalco
79936,Cuixcoatitla (Chalco),Ranchería,Axtla de Terrazas,San Luis Potosí,,Rural,https://postali.app/mx/san-luis-potosi/axtla-de-terrazas/cuixcoatitla-chalco
79936,El Progreso,Rancho,Axtla de Terrazas,San Luis Potosí,,Rural,https://postali.app/mx/san-luis-potosi/axtla-de-terrazas/el-progreso
79936,Ensenada (Chalco),Ejido,Axtla de Terrazas,San Luis Potosí,,Rural,https://postali.app/mx/san-luis-potosi/axtla-de-terrazas/ensenada-chalco
79936,Las Cuevas,Ejido,Axtla de Terrazas,San Luis Potosí,,Rural,https://postali.app/mx/san-luis-potosi/axtla-de-terrazas/las-cuevas
79936,Michotlayo (Chalco),Ejido,Axtla de Terrazas,San Luis Potosí,,Rural,https://postali.app/mx/san-luis-potosi/axtla-de-terrazas/michotlayo-chalco
79936,Picholco,Ejido,Axtla de Terrazas,San Luis Potosí,,Rural,https://postali.app/mx/san-luis-potosi/axtla-de-terrazas/picholco
79936,Xocoyo (Chalco),Ejido,Axtla de Terrazas,San Luis Potosí,,Rural,https://postali.app/mx/san-luis-potosi/axtla-de-terrazas/xocoyo-chalco
79936,Zojualo (Chalco),Ejido,Axtla de Terrazas,San Luis Potosí,,Rural,https://postali.app/mx/san-luis-potosi/axtla-de-terrazas/zojualo-chalco
79937,Arroyo Seco,Rancho,Axtla de Terrazas,San Luis Potosí,,Rural,https://postali.app/mx/san-luis-potosi/axtla-de-terrazas/arroyo-seco
79937,Barrio el Tamarindo,Ejido,Axtla de Terrazas,San Luis Potosí,,Rural,https://postali.app/mx/san-luis-potosi/axtla-de-terrazas/barrio-el-tamarindo
79937,Barrio Santa Fe,Ejido,Axtla de Terrazas,San Luis Potosí,,Rural,https://postali.app/mx/san-luis-potosi/axtla-de-terrazas/barrio-santa-fe
79937,Buenos Aires,Ejido,Axtla de Terrazas,San Luis Potosí,,Rural,https://postali.app/mx/san-luis-potosi/axtla-de-terrazas/buenos-aires
79937,Chicaxtitla,Ejido,Axtla de Terrazas,San Luis Potosí,,Rural,https://postali.app/mx/san-luis-potosi/axtla-de-terrazas/chicaxtitla
79937,Comoca Ahuacatitla,Ejido,Axtla de Terrazas,San Luis Potosí,,Rural,https://postali.app/mx/san-luis-potosi/axtla-de-terrazas/comoca-ahuacatitla
79937,Crucero de Comoca,Barrio,Axtla de Terrazas,San Luis Potosí,,Rural,https://postali.app/mx/san-luis-potosi/axtla-de-terrazas/crucero-de-comoca
79937,El Danubio,Rancho,Axtla de Terrazas,San Luis Potosí,,Rural,https://postali.app/mx/san-luis-potosi/axtla-de-terrazas/el-danubio
79937,El Encinal,Rancho,Axtla de Terrazas,San Luis Potosí,,Rural,https://postali.app/mx/san-luis-potosi/axtla-de-terrazas/el-encinal
79937,El Laurel,Rancho,Axtla de Terrazas,San Luis Potosí,,Rural,https://postali.app/mx/san-luis-potosi/axtla-de-terrazas/el-laurel
79937,El Madrigal,Rancho,Axtla de Terrazas,San Luis Potosí,,Rural,https://postali.app/mx/san-luis-potosi/axtla-de-terrazas/el-madrigal
79937,El Paraíso,Rancho,Axtla de Terrazas,San Luis Potosí,,Rural,https://postali.app/mx/san-luis-potosi/axtla-de-terrazas/el-paraiso
79937,El Sacrificio,Rancho,Axtla de Terrazas,San Luis Potosí,,Rural,https://postali.app/mx/san-luis-potosi/axtla-de-terrazas/el-sacrificio-79937
79937,Joaquín Jonguitud,Ejido,Axtla de Terrazas,San Luis Potosí,,Rural,https://postali.app/mx/san-luis-potosi/axtla-de-terrazas/joaquin-jonguitud
79937,La Garita,Ranchería,Axtla de Terrazas,San Luis Potosí,,Rural,https://postali.app/mx/san-luis-potosi/axtla-de-terrazas/la-garita
79937,Santa Fe Texacal (Centro Urbano),Ejido,Axtla de Terrazas,San Luis Potosí,,Rural,https://postali.app/mx/san-luis-potosi/axtla-de-terrazas/santa-fe-texacal-centro-urbano
79937,Tenexcalco (La Ceiba),Ejido,Axtla de Terrazas,San Luis Potosí,,Rural,https://postali.app/mx/san-luis-potosi/axtla-de-terrazas/tenexcalco-la-ceiba
79937,Tenexio,Ejido,Axtla de Terrazas,San Luis Potosí,,Rural,https://postali.app/mx/san-luis-potosi/axtla-de-terrazas/tenexio
79937,Texacal,Ejido,Axtla de Terrazas,San Luis Potosí,,Rural,https://postali.app/mx/san-luis-potosi/axtla-de-terrazas/texacal
79938,Barrio el Saucito,Ejido,Axtla de Terrazas,San Luis Potosí,,Rural,https://postali.app/mx/san-luis-potosi/axtla-de-terrazas/barrio-el-saucito
79938,Calcahual,Ejido,Axtla de Terrazas,San Luis Potosí,,Rural,https://postali.app/mx/san-luis-potosi/axtla-de-terrazas/calcahual
79938,Chimalaco,Ejido,Axtla de Terrazas,San Luis Potosí,,Rural,https://postali.app/mx/san-luis-potosi/axtla-de-terrazas/chimalaco
79938,Coamila,Ejido,Axtla de Terrazas,San Luis Potosí,,Rural,https://postali.app/mx/san-luis-potosi/axtla-de-terrazas/coamila
79938,Coamízatl,Ejido,Axtla de Terrazas,San Luis Potosí,,Rural,https://postali.app/mx/san-luis-potosi/axtla-de-terrazas/coamizatl
79938,Coatzontitla,Ejido,Axtla de Terrazas,San Luis Potosí,,Rural,https://postali.app/mx/san-luis-potosi/axtla-de-terrazas/coatzontitla
79938,Comunidad la Purísima,Ranchería,Axtla de Terrazas,San Luis Potosí,,Rural,https://postali.app/mx/san-luis-potosi/axtla-de-terrazas/comunidad-la-purisima
79938,Cuatlácatl,Rancho,Axtla de Terrazas,San Luis Potosí,,Rural,https://postali.app/mx/san-luis-potosi/axtla-de-terrazas/cuatlacatl
79938,Cuayo Buenavista,Rancho,Axtla de Terrazas,San Luis Potosí,,Rural,https://postali.app/mx/san-luis-potosi/axtla-de-terrazas/cuayo-buenavista
79938,Cuayo Cerro,Colonia,Axtla de Terrazas,San Luis Potosí,,Rural,https://postali.app/mx/san-luis-potosi/axtla-de-terrazas/cuayo-cerro
79938,El Rincón,Ranchería,Axtla de Terrazas,San Luis Potosí,,Rural,https://postali.app/mx/san-luis-potosi/axtla-de-terrazas/el-rincon
79938,Fracción Ahuehueyo,Ejido,Axtla de Terrazas,San Luis Potosí,,Rural,https://postali.app/mx/san-luis-potosi/axtla-de-terrazas/fraccion-ahuehueyo
79938,La Mora,Rancho,Axtla de Terrazas,San Luis Potosí,,Rural,https://postali.app/mx/san-luis-potosi/axtla-de-terrazas/la-mora
79938,La Purísima,Ejido,Axtla de Terrazas,San Luis Potosí,,Rural,https://postali.app/mx/san-luis-potosi/axtla-de-terrazas/la-purisima
79938,La Purísima,Fraccionamiento,Axtla de Terrazas,San Luis Potosí,,Rural,https://postali.app/mx/san-luis-potosi/axtla-de-terrazas/la-purisima-79938
79938,La Purísima,Colonia,Axtla de Terrazas,San Luis Potosí,,Rural,https://postali.app/mx/san-luis-potosi/axtla-de-terrazas/la-purisima-79938-4753
79938,Mapaxtla,Ejido,Axtla de Terrazas,San Luis Potosí,,Rural,https://postali.app/mx/san-luis-potosi/axtla-de-terrazas/mapaxtla
79938,Mapotla,Ejido,Axtla de Terrazas,San Luis Potosí,,Rural,https://postali.app/mx/san-luis-potosi/axtla-de-terrazas/mapotla
79938,Matlalapa,Rancho,Axtla de Terrazas,San Luis Potosí,,Rural,https://postali.app/mx/san-luis-potosi/axtla-de-terrazas/matlalapa
79938,Papatlayo,Ejido,Axtla de Terrazas,San Luis Potosí,,Rural,https://postali.app/mx/san-luis-potosi/axtla-de-terrazas/papatlayo
79938,Rancho Ahuehueyo,Ranchería,Axtla de Terrazas,San Luis Potosí,,Rural,https://postali.app/mx/san-luis-potosi/axtla-de-terrazas/rancho-ahuehueyo
79938,Rancho Nuevo,Ejido,Axtla de Terrazas,San Luis Potosí,,Rural,https://postali.app/mx/san-luis-potosi/axtla-de-terrazas/rancho-nuevo-79938
79938,San José,Ejido,Axtla de Terrazas,San Luis Potosí,,Rural,https://postali.app/mx/san-luis-potosi/axtla-de-terrazas/san-jose
79938,San Miguel,Ejido,Axtla de Terrazas,San Luis Potosí,,Rural,https://postali.app/mx/san-luis-potosi/axtla-de-terrazas/san-miguel-79938
79938,Xoloco,Ejido,Axtla de Terrazas,San Luis Potosí,,Rural,https://postali.app/mx/san-luis-potosi/axtla-de-terrazas/xoloco
79940,Chiconamel,Ranchería,Tampacán,San Luis Potosí,,Rural,https://postali.app/mx/san-luis-potosi/tampacan/chiconamel
79940,El Huexco,Pueblo,Tampacán,San Luis Potosí,,Rural,https://postali.app/mx/san-luis-potosi/tampacan/el-huexco
79940,El Hulero,Ejido,Tampacán,San Luis Potosí,,Rural,https://postali.app/mx/san-luis-potosi/tampacan/el-hulero
79940,El Rosario,Barrio,Tampacán,San Luis Potosí,,Urbano,https://postali.app/mx/san-luis-potosi/tampacan/el-rosario
79940,Guadalupe,Barrio,Tampacán,San Luis Potosí,,Rural,https://postali.app/mx/san-luis-potosi/tampacan/guadalupe
79940,La Cruz,Barrio,Tampacán,San Luis Potosí,,Rural,https://postali.app/mx/san-luis-potosi/tampacan/la-cruz
79940,La Finca Miraflores,Ejido,Tampacán,San Luis Potosí,,Rural,https://postali.app/mx/san-luis-potosi/tampacan/la-finca-miraflores
79940,San José,Barrio,Tampacán,San Luis Potosí,,Urbano,https://postali.app/mx/san-luis-potosi/tampacan/san-jose
79940,San Juan,Barrio,Tampacán,San Luis Potosí,,Rural,https://postali.app/mx/san-luis-potosi/tampacan/san-juan
79940,Santa Martha,Barrio,Tampacán,San Luis Potosí,,Urbano,https://postali.app/mx/san-luis-potosi/tampacan/santa-martha
79940,Tampacán,Pueblo,Tampacán,San Luis Potosí,,Urbano,https://postali.app/mx/san-luis-potosi/tampacan/tampacan
79940,Tenextitla Dos,Ranchería,Tampacán,San Luis Potosí,,Rural,https://postali.app/mx/san-luis-potosi/tampacan/tenextitla-dos
79940,Xochicuatla,Ranchería,Tampacán,San Luis Potosí,,Rural,https://postali.app/mx/san-luis-potosi/tampacan/xochicuatla
79941,Las Mesas,Ejido,Tampacán,San Luis Potosí,,Rural,https://postali.app/mx/san-luis-potosi/tampacan/las-mesas
79942,Doctor Salvador Nava Martínez (Nuevo Santa Rita),Barrio,Tampacán,San Luis Potosí,,Rural,https://postali.app/mx/san-luis-potosi/tampacan/doctor-salvador-nava-martinez-nuevo-santa-rita
79942,La Mata,Colonia,Tampacán,San Luis Potosí,,Rural,https://postali.app/mx/san-luis-potosi/tampacan/la-mata
79942,Los Cues,Ejido,Tampacán,San Luis Potosí,,Rural,https://postali.app/mx/san-luis-potosi/tampacan/los-cues
79942,Nuevo la Bajada,Barrio,Tampacán,San Luis Potosí,,Rural,https://postali.app/mx/san-luis-potosi/tampacan/nuevo-la-bajada
79942,Palantitla,Ranchería,Tampacán,San Luis Potosí,,Rural,https://postali.app/mx/san-luis-potosi/tampacan/palantitla
79942,Tepetzintla,Rancho,Tampacán,San Luis Potosí,,Rural,https://postali.app/mx/san-luis-potosi/tampacan/tepetzintla
79943,Barrio Arriba (Fátima),Ranchería,Tampacán,San Luis Potosí,,Rural,https://postali.app/mx/san-luis-potosi/tampacan/barrio-arriba-fatima
79943,Lagunillas,Ejido,Tampacán,San Luis Potosí,,Rural,https://postali.app/mx/san-luis-potosi/tampacan/lagunillas
79943,Lázaro Cárdenas,Ejido,Tampacán,San Luis Potosí,,Rural,https://postali.app/mx/san-luis-potosi/tampacan/lazaro-cardenas
79943,Palolco,Colonia,Tampacán,San Luis Potosí,,Rural,https://postali.app/mx/san-luis-potosi/tampacan/palolco
79943,Santomila,Ejido,Tampacán,San Luis Potosí,,Rural,https://postali.app/mx/san-luis-potosi/tampacan/santomila
79943,Xochiayo,Colonia,Tampacán,San Luis Potosí,,Rural,https://postali.app/mx/san-luis-potosi/tampacan/xochiayo
79944,De Coyolo,Barrio,Tampacán,San Luis Potosí,,Rural,https://postali.app/mx/san-luis-potosi/tampacan/de-coyolo
79944,La Soledad,Colonia,Tampacán,San Luis Potosí,,Rural,https://postali.app/mx/san-luis-potosi/tampacan/la-soledad
79945,Chililillo,Ejido,Tampacán,San Luis Potosí,,Rural,https://postali.app/mx/san-luis-potosi/tampacan/chililillo
79945,El Ojital,Rancho,Tampacán,San Luis Potosí,,Rural,https://postali.app/mx/san-luis-potosi/tampacan/el-ojital
79945,La Laja,Rancho,Tampacán,San Luis Potosí,,Rural,https://postali.app/mx/san-luis-potosi/tampacan/la-laja
79945,Las Vegas,Ranchería,Tampacán,San Luis Potosí,,Rural,https://postali.app/mx/san-luis-potosi/tampacan/las-vegas
79945,Macuilocatl,Barrio,Tampacán,San Luis Potosí,,Rural,https://postali.app/mx/san-luis-potosi/tampacan/macuilocatl
79945,Puyécatl,Barrio,Tampacán,San Luis Potosí,,Rural,https://postali.app/mx/san-luis-potosi/tampacan/puyecatl
79945,Totomoxtla (La Ceiba),Ranchería,Tampacán,San Luis Potosí,,Rural,https://postali.app/mx/san-luis-potosi/tampacan/totomoxtla-la-ceiba
79945,Totomoxtla Uno (Huexco),Ranchería,Tampacán,San Luis Potosí,,Rural,https://postali.app/mx/san-luis-potosi/tampacan/totomoxtla-uno-huexco
79946,Ampliación de Temalacaco,Ranchería,Tampacán,San Luis Potosí,,Rural,https://postali.app/mx/san-luis-potosi/tampacan/ampliacion-de-temalacaco
79946,Chimimexco,Ejido,Tampacán,San Luis Potosí,,Rural,https://postali.app/mx/san-luis-potosi/tampacan/chimimexco
79946,Cuayahual,Ejido,Tampacán,San Luis Potosí,,Rural,https://postali.app/mx/san-luis-potosi/tampacan/cuayahual
79946,Tenextitla Uno,Colonia,Tampacán,San Luis Potosí,,Rural,https://postali.app/mx/san-luis-potosi/tampacan/tenextitla-uno
79947,Ampliación Nuevo Hulero,Ejido,Tampacán,San Luis Potosí,,Rural,https://postali.app/mx/san-luis-potosi/tampacan/ampliacion-nuevo-hulero
79947,Nuevo Hulero (La Curva),Ranchería,Tampacán,San Luis Potosí,,Rural,https://postali.app/mx/san-luis-potosi/tampacan/nuevo-hulero-la-curva
79947,Nuevo Jalpilla,Colonia,Tampacán,San Luis Potosí,,Rural,https://postali.app/mx/san-luis-potosi/tampacan/nuevo-jalpilla
79947,Santa María del Palmar,Rancho,Tampacán,San Luis Potosí,,Rural,https://postali.app/mx/san-luis-potosi/tampacan/santa-maria-del-palmar
79948,Chupadero,Ejido,Tampacán,San Luis Potosí,,Rural,https://postali.app/mx/san-luis-potosi/tampacan/chupadero
79948,El Refugio,Ejido,Tampacán,San Luis Potosí,,Rural,https://postali.app/mx/san-luis-potosi/tampacan/el-refugio
79949,El Cedral,Ejido,Tampacán,San Luis Potosí,,Rural,https://postali.app/mx/san-luis-potosi/tampacan/el-cedral
79949,Viboritas,Ejido,Tampacán,San Luis Potosí,,Rural,https://postali.app/mx/san-luis-potosi/tampacan/viboritas
79950,Cuartel I,Colonia,San Martín Chalchicuautla,San Luis Potosí,,Urbano,https://postali.app/mx/san-luis-potosi/san-martin-chalchicuautla/cuartel-i
79950,Cuartel II,Colonia,San Martín Chalchicuautla,San Luis Potosí,,Rural,https://postali.app/mx/san-luis-potosi/san-martin-chalchicuautla/cuartel-ii
79950,Cuartel III,Colonia,San Martín Chalchicuautla,San Luis Potosí,,Rural,https://postali.app/mx/san-luis-potosi/san-martin-chalchicuautla/cuartel-iii
79950,Cuartel IV,Colonia,San Martín Chalchicuautla,San Luis Potosí,,Urbano,https://postali.app/mx/san-luis-potosi/san-martin-chalchicuautla/cuartel-iv
79950,El Carrizo,Ejido,San Martín Chalchicuautla,San Luis Potosí,,Rural,https://postali.app/mx/san-luis-potosi/san-martin-chalchicuautla/el-carrizo
79950,Escuatitla,Ranchería,San Martín Chalchicuautla,San Luis Potosí,,Rural,https://postali.app/mx/san-luis-potosi/san-martin-chalchicuautla/escuatitla
79950,La Labor,Barrio,San Martín Chalchicuautla,San Luis Potosí,,Urbano,https://postali.app/mx/san-luis-potosi/san-martin-chalchicuautla/la-labor
79950,Ocuiltzapoyo,Ranchería,San Martín Chalchicuautla,San Luis Potosí,,Rural,https://postali.app/mx/san-luis-potosi/san-martin-chalchicuautla/ocuiltzapoyo
79950,San Martín Chalchicuautla,Colonia,San Martín Chalchicuautla,San Luis Potosí,,Rural,https://postali.app/mx/san-luis-potosi/san-martin-chalchicuautla/san-martin-chalchicuautla
79952,Tepemiche,Ranchería,San Martín Chalchicuautla,San Luis Potosí,,Rural,https://postali.app/mx/san-luis-potosi/san-martin-chalchicuautla/tepemiche
79953,Apaxtiantla (Apaxtiantlán),Colonia,San Martín Chalchicuautla,San Luis Potosí,,Rural,https://postali.app/mx/san-luis-potosi/san-martin-chalchicuautla/apaxtiantla-apaxtiantlan
79953,Tepetlayo,Colonia,San Martín Chalchicuautla,San Luis Potosí,,Rural,https://postali.app/mx/san-luis-potosi/san-martin-chalchicuautla/tepetlayo
79954,Cerro (Cerro de la Cruz),Ejido,San Martín Chalchicuautla,San Luis Potosí,,Rural,https://postali.app/mx/san-luis-potosi/san-martin-chalchicuautla/cerro-cerro-de-la-cruz
79954,La Cruz,Barrio,San Martín Chalchicuautla,San Luis Potosí,,Rural,https://postali.app/mx/san-luis-potosi/san-martin-chalchicuautla/la-cruz
79954,Pemuche (Ejido Nuevo),Ejido,San Martín Chalchicuautla,San Luis Potosí,,Rural,https://postali.app/mx/san-luis-potosi/san-martin-chalchicuautla/pemuche-ejido-nuevo
79954,San José de las Adjuntas,Ejido,San Martín Chalchicuautla,San Luis Potosí,,Rural,https://postali.app/mx/san-luis-potosi/san-martin-chalchicuautla/san-jose-de-las-adjuntas
79955,Buenavista (Palmar Alto),Ejido,San Martín Chalchicuautla,San Luis Potosí,,Rural,https://postali.app/mx/san-luis-potosi/san-martin-chalchicuautla/buenavista-palmar-alto
79955,El Huayal,Ejido,San Martín Chalchicuautla,San Luis Potosí,,Rural,https://postali.app/mx/san-luis-potosi/san-martin-chalchicuautla/el-huayal
79956,Barranquillas (Tepetzintla),Ejido,San Martín Chalchicuautla,San Luis Potosí,,Rural,https://postali.app/mx/san-luis-potosi/san-martin-chalchicuautla/barranquillas-tepetzintla
79957,Acayo,Ranchería,San Martín Chalchicuautla,San Luis Potosí,,Rural,https://postali.app/mx/san-luis-potosi/san-martin-chalchicuautla/acayo
79957,Barrio los Tlacuaches (Cuartel Primero),Barrio,San Martín Chalchicuautla,San Luis Potosí,,Rural,https://postali.app/mx/san-luis-potosi/san-martin-chalchicuautla/barrio-los-tlacuaches-cuartel-primero
79957,Chachatipa,Colonia,San Martín Chalchicuautla,San Luis Potosí,,Rural,https://postali.app/mx/san-luis-potosi/san-martin-chalchicuautla/chachatipa
79957,Chupadero Dos,Colonia,San Martín Chalchicuautla,San Luis Potosí,,Rural,https://postali.app/mx/san-luis-potosi/san-martin-chalchicuautla/chupadero-dos
79957,Cuaxocoyo Uno Limontitla,Ejido,San Martín Chalchicuautla,San Luis Potosí,,Rural,https://postali.app/mx/san-luis-potosi/san-martin-chalchicuautla/cuaxocoyo-uno-limontitla
79957,Lalaxo,Colonia,San Martín Chalchicuautla,San Luis Potosí,,Rural,https://postali.app/mx/san-luis-potosi/san-martin-chalchicuautla/lalaxo
79957,Manchoc,Colonia,San Martín Chalchicuautla,San Luis Potosí,,Rural,https://postali.app/mx/san-luis-potosi/san-martin-chalchicuautla/manchoc
79957,Terrerito,Colonia,San Martín Chalchicuautla,San Luis Potosí,,Rural,https://postali.app/mx/san-luis-potosi/san-martin-chalchicuautla/terrerito
79957,Totolteo,Colonia,San Martín Chalchicuautla,San Luis Potosí,,Rural,https://postali.app/mx/san-luis-potosi/san-martin-chalchicuautla/totolteo
79958,Aguamolo,Ejido,San Martín Chalchicuautla,San Luis Potosí,,Rural,https://postali.app/mx/san-luis-potosi/san-martin-chalchicuautla/aguamolo
79958,Domingo Zapoyo,Ejido,San Martín Chalchicuautla,San Luis Potosí,,Rural,https://postali.app/mx/san-luis-potosi/san-martin-chalchicuautla/domingo-zapoyo
79958,El Frijolillo,Ejido,San Martín Chalchicuautla,San Luis Potosí,,Rural,https://postali.app/mx/san-luis-potosi/san-martin-chalchicuautla/el-frijolillo
79958,El Potrero,Ejido,San Martín Chalchicuautla,San Luis Potosí,,Rural,https://postali.app/mx/san-luis-potosi/san-martin-chalchicuautla/el-potrero
79958,La Esperanza,Ejido,San Martín Chalchicuautla,San Luis Potosí,,Rural,https://postali.app/mx/san-luis-potosi/san-martin-chalchicuautla/la-esperanza
79958,La Mesa del Toro,Ejido,San Martín Chalchicuautla,San Luis Potosí,,Rural,https://postali.app/mx/san-luis-potosi/san-martin-chalchicuautla/la-mesa-del-toro
79958,La Soledad,Ejido,San Martín Chalchicuautla,San Luis Potosí,,Rural,https://postali.app/mx/san-luis-potosi/san-martin-chalchicuautla/la-soledad
79958,Las Mesitas,Ejido,San Martín Chalchicuautla,San Luis Potosí,,Rural,https://postali.app/mx/san-luis-potosi/san-martin-chalchicuautla/las-mesitas
79958,Llano Grande,Ejido,San Martín Chalchicuautla,San Luis Potosí,,Rural,https://postali.app/mx/san-luis-potosi/san-martin-chalchicuautla/llano-grande
79958,Octlamecayo,Ejido,San Martín Chalchicuautla,San Luis Potosí,,Rural,https://postali.app/mx/san-luis-potosi/san-martin-chalchicuautla/octlamecayo
79958,Pitagio,Ejido,San Martín Chalchicuautla,San Luis Potosí,,Rural,https://postali.app/mx/san-luis-potosi/san-martin-chalchicuautla/pitagio
79958,Rancho Nuevo,Ejido,San Martín Chalchicuautla,San Luis Potosí,,Rural,https://postali.app/mx/san-luis-potosi/san-martin-chalchicuautla/rancho-nuevo
79958,Tempexquititla,Ejido,San Martín Chalchicuautla,San Luis Potosí,,Rural,https://postali.app/mx/san-luis-potosi/san-martin-chalchicuautla/tempexquititla
79960,Benito Juárez,Colonia,Tamazunchale,San Luis Potosí,Tamazunchale,Rural,https://postali.app/mx/san-luis-potosi/tamazunchale/benito-juarez
79960,Buenos Aires,Fraccionamiento,Tamazunchale,San Luis Potosí,Tamazunchale,Urbano,https://postali.app/mx/san-luis-potosi/tamazunchale/buenos-aires
79960,Del Carmen,Barrio,Tamazunchale,San Luis Potosí,Tamazunchale,Urbano,https://postali.app/mx/san-luis-potosi/tamazunchale/del-carmen
79960,Doctores,Colonia,Tamazunchale,San Luis Potosí,Tamazunchale,Urbano,https://postali.app/mx/san-luis-potosi/tamazunchale/doctores
79960,El Sol,Fraccionamiento,Tamazunchale,San Luis Potosí,Tamazunchale,Urbano,https://postali.app/mx/san-luis-potosi/tamazunchale/el-sol
79960,Emiliano Zapata Sección I,Colonia,Tamazunchale,San Luis Potosí,Tamazunchale,Urbano,https://postali.app/mx/san-luis-potosi/tamazunchale/emiliano-zapata-seccion-i
79960,Estrella,Colonia,Tamazunchale,San Luis Potosí,Tamazunchale,Urbano,https://postali.app/mx/san-luis-potosi/tamazunchale/estrella
79960,Ixtlapalaco,Colonia,Tamazunchale,San Luis Potosí,,Urbano,https://postali.app/mx/san-luis-potosi/tamazunchale/ixtlapalaco
79960,La Cañada,Colonia,Tamazunchale,San Luis Potosí,Tamazunchale,Urbano,https://postali.app/mx/san-luis-potosi/tamazunchale/la-canada
79960,La Cruz,Colonia,Tamazunchale,San Luis Potosí,Tamazunchale,Urbano,https://postali.app/mx/san-luis-potosi/tamazunchale/la-cruz
79960,Loma Bonita,Fraccionamiento,Tamazunchale,San Luis Potosí,Tamazunchale,Urbano,https://postali.app/mx/san-luis-potosi/tamazunchale/loma-bonita
79960,Loma Linda,Fraccionamiento,Tamazunchale,San Luis Potosí,Tamazunchale,Urbano,https://postali.app/mx/san-luis-potosi/tamazunchale/loma-linda
79960,Los Naranjos,Colonia,Tamazunchale,San Luis Potosí,Tamazunchale,Urbano,https://postali.app/mx/san-luis-potosi/tamazunchale/los-naranjos
79960,Los Tamarindos,Colonia,Tamazunchale,San Luis Potosí,Tamazunchale,Urbano,https://postali.app/mx/san-luis-potosi/tamazunchale/los-tamarindos
79960,Mirador,Colonia,Tamazunchale,San Luis Potosí,Tamazunchale,Rural,https://postali.app/mx/san-luis-potosi/tamazunchale/mirador
79960,Nuevo México,Barrio,Tamazunchale,San Luis Potosí,,Urbano,https://postali.app/mx/san-luis-potosi/tamazunchale/nuevo-mexico
79960,Roma,Colonia,Tamazunchale,San Luis Potosí,Tamazunchale,Urbano,https://postali.app/mx/san-luis-potosi/tamazunchale/roma
79960,San José,Barrio,Tamazunchale,San Luis Potosí,Tamazunchale,Urbano,https://postali.app/mx/san-luis-potosi/tamazunchale/san-jose
79960,San Juan Zona Centro,Barrio,Tamazunchale,San Luis Potosí,Tamazunchale,Urbano,https://postali.app/mx/san-luis-potosi/tamazunchale/san-juan-zona-centro
79960,San Miguel,Barrio,Tamazunchale,San Luis Potosí,Tamazunchale,Urbano,https://postali.app/mx/san-luis-potosi/tamazunchale/san-miguel
79960,San Rafael,Barrio,Tamazunchale,San Luis Potosí,Tamazunchale,Urbano,https://postali.app/mx/san-luis-potosi/tamazunchale/san-rafael
79960,Tamazunchale Centro,Colonia,Tamazunchale,San Luis Potosí,Tamazunchale,Urbano,https://postali.app/mx/san-luis-potosi/tamazunchale/tamazunchale-centro
79960,Tencazapa y Netzahualcoyotl,Colonia,Tamazunchale,San Luis Potosí,Tamazunchale,Urbano,https://postali.app/mx/san-luis-potosi/tamazunchale/tencazapa-y-netzahualcoyotl
79960,Xew,Colonia,Tamazunchale,San Luis Potosí,Tamazunchale,Urbano,https://postali.app/mx/san-luis-potosi/tamazunchale/xew
79960,Zacatipan,Barrio,Tamazunchale,San Luis Potosí,Tamazunchale,Urbano,https://postali.app/mx/san-luis-potosi/tamazunchale/zacatipan
79962,La Vega Cuixcuatitla,Barrio,Tamazunchale,San Luis Potosí,,Rural,https://postali.app/mx/san-luis-potosi/tamazunchale/la-vega-cuixcuatitla
79962,Palictla,Colonia,Tamazunchale,San Luis Potosí,,Rural,https://postali.app/mx/san-luis-potosi/tamazunchale/palictla
79963,Totectitla los Ciruelos,Pueblo,Tamazunchale,San Luis Potosí,,Rural,https://postali.app/mx/san-luis-potosi/tamazunchale/totectitla-los-ciruelos
79964,Ahuehueyo,Ranchería,Tamazunchale,San Luis Potosí,,Rural,https://postali.app/mx/san-luis-potosi/tamazunchale/ahuehueyo
79964,Cuapacho,Ranchería,Tamazunchale,San Luis Potosí,,Rural,https://postali.app/mx/san-luis-potosi/tamazunchale/cuapacho
79964,Cuapilol,Rancho,Tamazunchale,San Luis Potosí,,Rural,https://postali.app/mx/san-luis-potosi/tamazunchale/cuapilol
79964,Ixteamel,Ejido,Tamazunchale,San Luis Potosí,,Rural,https://postali.app/mx/san-luis-potosi/tamazunchale/ixteamel
79964,Mazatétl,Colonia,Tamazunchale,San Luis Potosí,,Rural,https://postali.app/mx/san-luis-potosi/tamazunchale/mazatetl
79964,Tacial,Colonia,Tamazunchale,San Luis Potosí,,Rural,https://postali.app/mx/san-luis-potosi/tamazunchale/tacial
79964,Xiliapa,Ranchería,Tamazunchale,San Luis Potosí,,Rural,https://postali.app/mx/san-luis-potosi/tamazunchale/xiliapa
79965,Chilocuil Tamán,Barrio,Tamazunchale,San Luis Potosí,,Rural,https://postali.app/mx/san-luis-potosi/tamazunchale/chilocuil-taman
79965,Coyol (Vega Larga),Barrio,Tamazunchale,San Luis Potosí,,Rural,https://postali.app/mx/san-luis-potosi/tamazunchale/coyol-vega-larga
79965,Huichapa,Ranchería,Tamazunchale,San Luis Potosí,,Rural,https://postali.app/mx/san-luis-potosi/tamazunchale/huichapa
79965,Jaltocán San Francisco,Rancho,Tamazunchale,San Luis Potosí,,Rural,https://postali.app/mx/san-luis-potosi/tamazunchale/jaltocan-san-francisco
79965,Xaltipa,Barrio,Tamazunchale,San Luis Potosí,,Rural,https://postali.app/mx/san-luis-potosi/tamazunchale/xaltipa
79965,Xomoco,Ranchería,Tamazunchale,San Luis Potosí,,Rural,https://postali.app/mx/san-luis-potosi/tamazunchale/xomoco
79966,Aguazarca,Ranchería,Tamazunchale,San Luis Potosí,,Rural,https://postali.app/mx/san-luis-potosi/tamazunchale/aguazarca
79966,Amatitla Santiago,Barrio,Tamazunchale,San Luis Potosí,,Rural,https://postali.app/mx/san-luis-potosi/tamazunchale/amatitla-santiago
79966,Amatitla Tamán,Barrio,Tamazunchale,San Luis Potosí,,Rural,https://postali.app/mx/san-luis-potosi/tamazunchale/amatitla-taman
79966,Barrio de Guadalupe,Barrio,Tamazunchale,San Luis Potosí,,Rural,https://postali.app/mx/san-luis-potosi/tamazunchale/barrio-de-guadalupe
79966,Buenos Aires Retroceso,Rancho,Tamazunchale,San Luis Potosí,,Rural,https://postali.app/mx/san-luis-potosi/tamazunchale/buenos-aires-retroceso
79966,Cacateo,Barrio,Tamazunchale,San Luis Potosí,,Rural,https://postali.app/mx/san-luis-potosi/tamazunchale/cacateo
79966,Coahuica,Ranchería,Tamazunchale,San Luis Potosí,,Rural,https://postali.app/mx/san-luis-potosi/tamazunchale/coahuica
79966,Cuajapa Santiago,Barrio,Tamazunchale,San Luis Potosí,,Rural,https://postali.app/mx/san-luis-potosi/tamazunchale/cuajapa-santiago
79966,Cuajapa Tamán,Rancho,Tamazunchale,San Luis Potosí,,Rural,https://postali.app/mx/san-luis-potosi/tamazunchale/cuajapa-taman
79966,El Coyol San Francisco,Ranchería,Tamazunchale,San Luis Potosí,,Rural,https://postali.app/mx/san-luis-potosi/tamazunchale/el-coyol-san-francisco
79966,El Mirador,Rancho,Tamazunchale,San Luis Potosí,,Rural,https://postali.app/mx/san-luis-potosi/tamazunchale/el-mirador
79966,El Platanito,Barrio,Tamazunchale,San Luis Potosí,,Rural,https://postali.app/mx/san-luis-potosi/tamazunchale/el-platanito
79966,Guaxcuaco,Barrio,Tamazunchale,San Luis Potosí,,Rural,https://postali.app/mx/san-luis-potosi/tamazunchale/guaxcuaco
79966,Huazalingo,Ranchería,Tamazunchale,San Luis Potosí,,Rural,https://postali.app/mx/san-luis-potosi/tamazunchale/huazalingo
79966,Ixtlapalaco,Ranchería,Tamazunchale,San Luis Potosí,,Rural,https://postali.app/mx/san-luis-potosi/tamazunchale/ixtlapalaco-79966
79966,La Bandera,Rancho,Tamazunchale,San Luis Potosí,,Rural,https://postali.app/mx/san-luis-potosi/tamazunchale/la-bandera
79966,La Peñita Santiago,Ranchería,Tamazunchale,San Luis Potosí,,Rural,https://postali.app/mx/san-luis-potosi/tamazunchale/la-penita-santiago
79966,La Pimienta (Lomas de Aguayo),Rancho,Tamazunchale,San Luis Potosí,,Rural,https://postali.app/mx/san-luis-potosi/tamazunchale/la-pimienta-lomas-de-aguayo
79966,La Reforma (El Lindero),Rancho,Tamazunchale,San Luis Potosí,,Rural,https://postali.app/mx/san-luis-potosi/tamazunchale/la-reforma-el-lindero
79966,Lomas de Buenavista Tamán,Barrio,Tamazunchale,San Luis Potosí,,Rural,https://postali.app/mx/san-luis-potosi/tamazunchale/lomas-de-buenavista-taman
79966,Los Amigos,Ranchería,Tamazunchale,San Luis Potosí,,Rural,https://postali.app/mx/san-luis-potosi/tamazunchale/los-amigos
79966,Mi Ranchito,Ranchería,Tamazunchale,San Luis Potosí,,Rural,https://postali.app/mx/san-luis-potosi/tamazunchale/mi-ranchito
79966,Papatlaco Santiago,Barrio,Tamazunchale,San Luis Potosí,,Rural,https://postali.app/mx/san-luis-potosi/tamazunchale/papatlaco-santiago
79966,Pezmayo Santiago,Ranchería,Tamazunchale,San Luis Potosí,,Rural,https://postali.app/mx/san-luis-potosi/tamazunchale/pezmayo-santiago
79966,Poxtla,Ranchería,Tamazunchale,San Luis Potosí,,Rural,https://postali.app/mx/san-luis-potosi/tamazunchale/poxtla
79966,Progreso,Barrio,Tamazunchale,San Luis Potosí,,Rural,https://postali.app/mx/san-luis-potosi/tamazunchale/progreso
79966,Tamán,Barrio,Tamazunchale,San Luis Potosí,,Rural,https://postali.app/mx/san-luis-potosi/tamazunchale/taman
79966,Tierra Blanca,Rancho,Tamazunchale,San Luis Potosí,,Rural,https://postali.app/mx/san-luis-potosi/tamazunchale/tierra-blanca
79966,Tlacuilola,Barrio,Tamazunchale,San Luis Potosí,,Rural,https://postali.app/mx/san-luis-potosi/tamazunchale/tlacuilola
79966,Tolapa (Tolapa Tamán),Rancho,Tamazunchale,San Luis Potosí,,Rural,https://postali.app/mx/san-luis-potosi/tamazunchale/tolapa-tolapa-taman
79966,Xochiayo Santiago,Ranchería,Tamazunchale,San Luis Potosí,,Rural,https://postali.app/mx/san-luis-potosi/tamazunchale/xochiayo-santiago
79966,Zopiloapa,Ranchería,Tamazunchale,San Luis Potosí,,Rural,https://postali.app/mx/san-luis-potosi/tamazunchale/zopiloapa
79967,Camarones,Ranchería,Tamazunchale,San Luis Potosí,,Rural,https://postali.app/mx/san-luis-potosi/tamazunchale/camarones
79967,Cerro Grande,Barrio,Tamazunchale,San Luis Potosí,,Rural,https://postali.app/mx/san-luis-potosi/tamazunchale/cerro-grande
79967,El Banco (San Francisco),Pueblo,Tamazunchale,San Luis Potosí,,Rural,https://postali.app/mx/san-luis-potosi/tamazunchale/el-banco-san-francisco
79967,El Encinal,Barrio,Tamazunchale,San Luis Potosí,,Rural,https://postali.app/mx/san-luis-potosi/tamazunchale/el-encinal
79967,El Gavilán,Rancho,Tamazunchale,San Luis Potosí,,Rural,https://postali.app/mx/san-luis-potosi/tamazunchale/el-gavilan
79967,Poxantla,Barrio,Tamazunchale,San Luis Potosí,,Rural,https://postali.app/mx/san-luis-potosi/tamazunchale/poxantla
79967,Progreso,Barrio,Tamazunchale,San Luis Potosí,,Rural,https://postali.app/mx/san-luis-potosi/tamazunchale/progreso-79967
79967,San Francisco,Colonia,Tamazunchale,San Luis Potosí,,Rural,https://postali.app/mx/san-luis-potosi/tamazunchale/san-francisco
79967,Xilhuazo,Colonia,Tamazunchale,San Luis Potosí,,Rural,https://postali.app/mx/san-luis-potosi/tamazunchale/xilhuazo
79967,Xinictle,Ranchería,Tamazunchale,San Luis Potosí,,Rural,https://postali.app/mx/san-luis-potosi/tamazunchale/xinictle
79970,El Paraíso,Colonia,Matlapa,San Luis Potosí,,Urbano,https://postali.app/mx/san-luis-potosi/matlapa/el-paraiso
79970,Los Naranjos,Colonia,Matlapa,San Luis Potosí,,Urbano,https://postali.app/mx/san-luis-potosi/matlapa/los-naranjos
79970,Matlapa Centro,Colonia,Matlapa,San Luis Potosí,,Rural,https://postali.app/mx/san-luis-potosi/matlapa/matlapa-centro
79970,Villa Lolita,Colonia,Matlapa,San Luis Potosí,,Urbano,https://postali.app/mx/san-luis-potosi/matlapa/villa-lolita
79973,Aguacatitla,Ejido,Matlapa,San Luis Potosí,,Rural,https://postali.app/mx/san-luis-potosi/matlapa/aguacatitla
79973,Barrio San José (Tlajumpal),Barrio,Matlapa,San Luis Potosí,,Rural,https://postali.app/mx/san-luis-potosi/matlapa/barrio-san-jose-tlajumpal
79973,Chiltzapoyo,Barrio,Matlapa,San Luis Potosí,,Rural,https://postali.app/mx/san-luis-potosi/matlapa/chiltzapoyo
79973,Coyolo,Barrio,Matlapa,San Luis Potosí,,Rural,https://postali.app/mx/san-luis-potosi/matlapa/coyolo
79973,La Isla,Ranchería,Matlapa,San Luis Potosí,,Rural,https://postali.app/mx/san-luis-potosi/matlapa/la-isla
79973,Papatlas,Ranchería,Matlapa,San Luis Potosí,,Rural,https://postali.app/mx/san-luis-potosi/matlapa/papatlas
79973,Pitzoteyo,Ejido,Matlapa,San Luis Potosí,,Rural,https://postali.app/mx/san-luis-potosi/matlapa/pitzoteyo
79973,San Antonio,Ejido,Matlapa,San Luis Potosí,,Rural,https://postali.app/mx/san-luis-potosi/matlapa/san-antonio
79973,Tecalco,Ranchería,Matlapa,San Luis Potosí,,Rural,https://postali.app/mx/san-luis-potosi/matlapa/tecalco
79973,Tepetzintla (San Antonio),Barrio,Matlapa,San Luis Potosí,,Rural,https://postali.app/mx/san-luis-potosi/matlapa/tepetzintla-san-antonio
79973,Tepexio,Barrio,Matlapa,San Luis Potosí,,Rural,https://postali.app/mx/san-luis-potosi/matlapa/tepexio
79973,Tlamaya,Barrio,Matlapa,San Luis Potosí,,Rural,https://postali.app/mx/san-luis-potosi/matlapa/tlamaya
79973,Tzopelaco,Ranchería,Matlapa,San Luis Potosí,,Rural,https://postali.app/mx/san-luis-potosi/matlapa/tzopelaco
79974,Chalchocoyo,Ejido,Matlapa,San Luis Potosí,,Rural,https://postali.app/mx/san-luis-potosi/matlapa/chalchocoyo
79974,Copalcoatitla (Copalo),Barrio,Matlapa,San Luis Potosí,,Rural,https://postali.app/mx/san-luis-potosi/matlapa/copalcoatitla-copalo
79974,Encarnación,Ranchería,Matlapa,San Luis Potosí,,Rural,https://postali.app/mx/san-luis-potosi/matlapa/encarnacion
79974,Los Tigres,Barrio,Matlapa,San Luis Potosí,,Rural,https://postali.app/mx/san-luis-potosi/matlapa/los-tigres
79974,Nequexpiloya,Barrio,Matlapa,San Luis Potosí,,Rural,https://postali.app/mx/san-luis-potosi/matlapa/nequexpiloya
79974,Nexcuayo,Ejido,Matlapa,San Luis Potosí,,Rural,https://postali.app/mx/san-luis-potosi/matlapa/nexcuayo
79974,Nexcuayo II,Barrio,Matlapa,San Luis Potosí,,Rural,https://postali.app/mx/san-luis-potosi/matlapa/nexcuayo-ii
79974,Otlayo,Barrio,Matlapa,San Luis Potosí,,Rural,https://postali.app/mx/san-luis-potosi/matlapa/otlayo
79974,Sajuanco,Barrio,Matlapa,San Luis Potosí,,Rural,https://postali.app/mx/san-luis-potosi/matlapa/sajuanco
79974,San Rafael,Barrio,Matlapa,San Luis Potosí,,Rural,https://postali.app/mx/san-luis-potosi/matlapa/san-rafael
79974,Terrero Colorado,Ejido,Matlapa,San Luis Potosí,,Rural,https://postali.app/mx/san-luis-potosi/matlapa/terrero-colorado
79974,Tlamaxac,Ranchería,Matlapa,San Luis Potosí,,Rural,https://postali.app/mx/san-luis-potosi/matlapa/tlamaxac
79974,Xochicuatitla,Ranchería,Matlapa,San Luis Potosí,,Rural,https://postali.app/mx/san-luis-potosi/matlapa/xochicuatitla
79975,Teopancahuatl,Barrio,Matlapa,San Luis Potosí,,Rural,https://postali.app/mx/san-luis-potosi/matlapa/teopancahuatl
79975,Tepetzintla,Ejido,Matlapa,San Luis Potosí,,Rural,https://postali.app/mx/san-luis-potosi/matlapa/tepetzintla
79975,Texquitote Primero,Ejido,Matlapa,San Luis Potosí,,Rural,https://postali.app/mx/san-luis-potosi/matlapa/texquitote-primero
79975,Texquitote Segundo,Ranchería,Matlapa,San Luis Potosí,,Rural,https://postali.app/mx/san-luis-potosi/matlapa/texquitote-segundo
79975,Xochititla,Barrio,Matlapa,San Luis Potosí,,Rural,https://postali.app/mx/san-luis-potosi/matlapa/xochititla
79975,Zacarrincón,Barrio,Matlapa,San Luis Potosí,,Rural,https://postali.app/mx/san-luis-potosi/matlapa/zacarrincon
79976,Apanco,Colonia,Matlapa,San Luis Potosí,,Rural,https://postali.app/mx/san-luis-potosi/matlapa/apanco
79976,Apanco,Barrio,Matlapa,San Luis Potosí,,Rural,https://postali.app/mx/san-luis-potosi/matlapa/apanco-79976
79976,Atlamaxátl,Ejido,Matlapa,San Luis Potosí,,Rural,https://postali.app/mx/san-luis-potosi/matlapa/atlamaxatl
79976,Barrio de Arriba,Barrio,Matlapa,San Luis Potosí,,Rural,https://postali.app/mx/san-luis-potosi/matlapa/barrio-de-arriba
79976,Cuichapa,Barrio,Matlapa,San Luis Potosí,,Rural,https://postali.app/mx/san-luis-potosi/matlapa/cuichapa
79976,Mazacayo,Ranchería,Matlapa,San Luis Potosí,,Rural,https://postali.app/mx/san-luis-potosi/matlapa/mazacayo
79976,Paguayo Barrio Arriba,Ranchería,Matlapa,San Luis Potosí,,Rural,https://postali.app/mx/san-luis-potosi/matlapa/paguayo-barrio-arriba
79976,Rancho Loma Bonita,Colonia,Matlapa,San Luis Potosí,,Rural,https://postali.app/mx/san-luis-potosi/matlapa/rancho-loma-bonita
79976,Tamala,Colonia,Matlapa,San Luis Potosí,,Rural,https://postali.app/mx/san-luis-potosi/matlapa/tamala
79976,Villa Lolita,Rancho,Matlapa,San Luis Potosí,,Rural,https://postali.app/mx/san-luis-potosi/matlapa/villa-lolita-79976
79977,Carbonera Coaquentla,Rancho,Matlapa,San Luis Potosí,,Rural,https://postali.app/mx/san-luis-potosi/matlapa/carbonera-coaquentla
79977,Coaquentla,Colonia,Matlapa,San Luis Potosí,,Rural,https://postali.app/mx/san-luis-potosi/matlapa/coaquentla
79977,Iglesia Vieja,Ranchería,Matlapa,San Luis Potosí,,Rural,https://postali.app/mx/san-luis-potosi/matlapa/iglesia-vieja
79977,La Peñita (La Peña),Colonia,Matlapa,San Luis Potosí,,Rural,https://postali.app/mx/san-luis-potosi/matlapa/la-penita-la-pena
79977,La Providencia,Barrio,Matlapa,San Luis Potosí,,Rural,https://postali.app/mx/san-luis-potosi/matlapa/la-providencia
79977,Pahuayo Primero,Barrio,Matlapa,San Luis Potosí,,Rural,https://postali.app/mx/san-luis-potosi/matlapa/pahuayo-primero
79977,Pilaxtla,Barrio,Matlapa,San Luis Potosí,,Rural,https://postali.app/mx/san-luis-potosi/matlapa/pilaxtla
79977,San José Barrio Arriba,Barrio,Matlapa,San Luis Potosí,,Rural,https://postali.app/mx/san-luis-potosi/matlapa/san-jose-barrio-arriba
79977,Tezonquilillo,Barrio,Matlapa,San Luis Potosí,,Rural,https://postali.app/mx/san-luis-potosi/matlapa/tezonquilillo
79977,Tlacohuaque,Barrio,Matlapa,San Luis Potosí,,Rural,https://postali.app/mx/san-luis-potosi/matlapa/tlacohuaque
79977,Tlaxco,Colonia,Matlapa,San Luis Potosí,,Rural,https://postali.app/mx/san-luis-potosi/matlapa/tlaxco
79977,Xaltipa Coaquentla,Barrio,Matlapa,San Luis Potosí,,Rural,https://postali.app/mx/san-luis-potosi/matlapa/xaltipa-coaquentla
79977,Zacayo,Barrio,Matlapa,San Luis Potosí,,Rural,https://postali.app/mx/san-luis-potosi/matlapa/zacayo
79978,Ahuehueyo Primero Centro,Barrio,Matlapa,San Luis Potosí,,Rural,https://postali.app/mx/san-luis-potosi/matlapa/ahuehueyo-primero-centro
79978,Ahuehueyo Segundo,Ejido,Matlapa,San Luis Potosí,,Rural,https://postali.app/mx/san-luis-potosi/matlapa/ahuehueyo-segundo
79978,Ahuehueyo Segundo (Parada la Galera),Rancho,Matlapa,San Luis Potosí,,Rural,https://postali.app/mx/san-luis-potosi/matlapa/ahuehueyo-segundo-parada-la-galera
79978,Barrio de en Medio,Barrio,Matlapa,San Luis Potosí,,Rural,https://postali.app/mx/san-luis-potosi/matlapa/barrio-de-en-medio
79978,Chalchitépetl,Ejido,Matlapa,San Luis Potosí,,Rural,https://postali.app/mx/san-luis-potosi/matlapa/chalchitepetl
79978,Cuaxilotitla,Barrio,Matlapa,San Luis Potosí,,Rural,https://postali.app/mx/san-luis-potosi/matlapa/cuaxilotitla
79978,Matlapa (Doce de Octubre),Colonia,Matlapa,San Luis Potosí,,Rural,https://postali.app/mx/san-luis-potosi/matlapa/matlapa-doce-de-octubre
79978,Matlapa Mestizos (Colonia Escalanar),Ejido,Matlapa,San Luis Potosí,,Rural,https://postali.app/mx/san-luis-potosi/matlapa/matlapa-mestizos-colonia-escalanar
79978,Nuevo Tepetzintla,Barrio,Matlapa,San Luis Potosí,,Rural,https://postali.app/mx/san-luis-potosi/matlapa/nuevo-tepetzintla
79978,San Juan (Tlajumpal),Barrio,Matlapa,San Luis Potosí,,Rural,https://postali.app/mx/san-luis-potosi/matlapa/san-juan-tlajumpal
79978,Tancuilín,Barrio,Matlapa,San Luis Potosí,,Rural,https://postali.app/mx/san-luis-potosi/matlapa/tancuilin
79978,Tancuilín (Manantiales),Ranchería,Matlapa,San Luis Potosí,,Rural,https://postali.app/mx/san-luis-potosi/matlapa/tancuilin-manantiales
79980,Chapulhuacanito,Pueblo,Tamazunchale,San Luis Potosí,,Urbano,https://postali.app/mx/san-luis-potosi/tamazunchale/chapulhuacanito
79980,Cojolapa,Barrio,Tamazunchale,San Luis Potosí,,Rural,https://postali.app/mx/san-luis-potosi/tamazunchale/cojolapa
79980,El Tepetate,Ejido,Tamazunchale,San Luis Potosí,,Rural,https://postali.app/mx/san-luis-potosi/tamazunchale/el-tepetate
79980,La Cruz,Colonia,Tamazunchale,San Luis Potosí,,Urbano,https://postali.app/mx/san-luis-potosi/tamazunchale/la-cruz-79980
79980,La Cuchilla,Pueblo,Tamazunchale,San Luis Potosí,,Rural,https://postali.app/mx/san-luis-potosi/tamazunchale/la-cuchilla
79980,La Laguna,Ejido,Tamazunchale,San Luis Potosí,,Rural,https://postali.app/mx/san-luis-potosi/tamazunchale/la-laguna
79980,La Providencia,Ranchería,Tamazunchale,San Luis Potosí,,Rural,https://postali.app/mx/san-luis-potosi/tamazunchale/la-providencia
79980,Pixtello,Colonia,Tamazunchale,San Luis Potosí,,Urbano,https://postali.app/mx/san-luis-potosi/tamazunchale/pixtello
79980,Rancho Nuevo,Ranchería,Tamazunchale,San Luis Potosí,,Rural,https://postali.app/mx/san-luis-potosi/tamazunchale/rancho-nuevo
79980,Tezontla,Ejido,Tamazunchale,San Luis Potosí,,Rural,https://postali.app/mx/san-luis-potosi/tamazunchale/tezontla
79980,Tianguispicula,Ejido,Tamazunchale,San Luis Potosí,,Rural,https://postali.app/mx/san-luis-potosi/tamazunchale/tianguispicula
79982,El Ranchito,Barrio,Tamazunchale,San Luis Potosí,,Rural,https://postali.app/mx/san-luis-potosi/tamazunchale/el-ranchito
79982,Temamatla,Colonia,Tamazunchale,San Luis Potosí,,Rural,https://postali.app/mx/san-luis-potosi/tamazunchale/temamatla
79982,Tenexco,Colonia,Tamazunchale,San Luis Potosí,,Rural,https://postali.app/mx/san-luis-potosi/tamazunchale/tenexco
79983,El Naranjal,Rancho,Tamazunchale,San Luis Potosí,,Rural,https://postali.app/mx/san-luis-potosi/tamazunchale/el-naranjal
79983,El Palmito,Ejido,Tamazunchale,San Luis Potosí,,Rural,https://postali.app/mx/san-luis-potosi/tamazunchale/el-palmito
79983,Los Cerritos,Ranchería,Tamazunchale,San Luis Potosí,,Rural,https://postali.app/mx/san-luis-potosi/tamazunchale/los-cerritos
79983,San Sebastián,Barrio,Tamazunchale,San Luis Potosí,,Rural,https://postali.app/mx/san-luis-potosi/tamazunchale/san-sebastian
79984,El Chaparral,Ejido,Tamazunchale,San Luis Potosí,,Rural,https://postali.app/mx/san-luis-potosi/tamazunchale/el-chaparral
79984,Tecomate Dos,Ranchería,Tamazunchale,San Luis Potosí,,Rural,https://postali.app/mx/san-luis-potosi/tamazunchale/tecomate-dos
79985,Acuapich (Pixteyo),Ranchería,Tamazunchale,San Luis Potosí,,Rural,https://postali.app/mx/san-luis-potosi/tamazunchale/acuapich-pixteyo
79985,Arroyo de los Patos,Pueblo,Tamazunchale,San Luis Potosí,,Rural,https://postali.app/mx/san-luis-potosi/tamazunchale/arroyo-de-los-patos
79985,Cacalacayo,Barrio,Tamazunchale,San Luis Potosí,,Rural,https://postali.app/mx/san-luis-potosi/tamazunchale/cacalacayo
79985,El Laurel,Barrio,Tamazunchale,San Luis Potosí,,Rural,https://postali.app/mx/san-luis-potosi/tamazunchale/el-laurel
79985,Las Cabañas,Rancho,Tamazunchale,San Luis Potosí,,Rural,https://postali.app/mx/san-luis-potosi/tamazunchale/las-cabanas
79985,Las Chachalacas,Ranchería,Tamazunchale,San Luis Potosí,,Rural,https://postali.app/mx/san-luis-potosi/tamazunchale/las-chachalacas
79985,Limajyo,Barrio,Tamazunchale,San Luis Potosí,,Rural,https://postali.app/mx/san-luis-potosi/tamazunchale/limajyo
79985,Pemuchtitla,Ranchería,Tamazunchale,San Luis Potosí,,Rural,https://postali.app/mx/san-luis-potosi/tamazunchale/pemuchtitla
79985,Xicotla,Barrio,Tamazunchale,San Luis Potosí,,Rural,https://postali.app/mx/san-luis-potosi/tamazunchale/xicotla
79986,El Maguey,Rancho,Tamazunchale,San Luis Potosí,,Rural,https://postali.app/mx/san-luis-potosi/tamazunchale/el-maguey
79986,Limatitla,Barrio,Tamazunchale,San Luis Potosí,,Rural,https://postali.app/mx/san-luis-potosi/tamazunchale/limatitla
79986,Taxicho,Barrio,Tamazunchale,San Luis Potosí,,Rural,https://postali.app/mx/san-luis-potosi/tamazunchale/taxicho
79986,Tecomate Uno,Colonia,Tamazunchale,San Luis Potosí,,Rural,https://postali.app/mx/san-luis-potosi/tamazunchale/tecomate-uno
79987,Achiquico,Ranchería,Tamazunchale,San Luis Potosí,,Rural,https://postali.app/mx/san-luis-potosi/tamazunchale/achiquico
79987,Centro de Readaptación Social [Penitenciaría],Equipamiento,Tamazunchale,San Luis Potosí,,Rural,https://postali.app/mx/san-luis-potosi/tamazunchale/centro-de-readaptacion-social-penitenciaria
79987,El Piñal,Ranchería,Tamazunchale,San Luis Potosí,,Rural,https://postali.app/mx/san-luis-potosi/tamazunchale/el-pinal
79987,Encino Solo,Colonia,Tamazunchale,San Luis Potosí,,Rural,https://postali.app/mx/san-luis-potosi/tamazunchale/encino-solo
79987,Las Lomas (El Piñal),Barrio,Tamazunchale,San Luis Potosí,,Rural,https://postali.app/mx/san-luis-potosi/tamazunchale/las-lomas-el-pinal
79987,San Isidro,Barrio,Tamazunchale,San Luis Potosí,,Rural,https://postali.app/mx/san-luis-potosi/tamazunchale/san-isidro
79987,Tantoyuquita,Ranchería,Tamazunchale,San Luis Potosí,,Rural,https://postali.app/mx/san-luis-potosi/tamazunchale/tantoyuquita
79987,Tepetzintla,Ranchería,Tamazunchale,San Luis Potosí,,Rural,https://postali.app/mx/san-luis-potosi/tamazunchale/tepetzintla
79988,CARHS,Barrio,Tamazunchale,San Luis Potosí,,Rural,https://postali.app/mx/san-luis-potosi/tamazunchale/carhs
79988,Las Palmas,Barrio,Tamazunchale,San Luis Potosí,,Rural,https://postali.app/mx/san-luis-potosi/tamazunchale/las-palmas
79988,Las Palomas,Barrio,Tamazunchale,San Luis Potosí,,Rural,https://postali.app/mx/san-luis-potosi/tamazunchale/las-palomas
79990,Acalamayo,Barrio,Tamazunchale,San Luis Potosí,,Rural,https://postali.app/mx/san-luis-potosi/tamazunchale/acalamayo
79990,Benito Juárez,Barrio,Tamazunchale,San Luis Potosí,,Rural,https://postali.app/mx/san-luis-potosi/tamazunchale/benito-juarez-79990
79990,Cerro Grande Santiago,Ranchería,Tamazunchale,San Luis Potosí,,Rural,https://postali.app/mx/san-luis-potosi/tamazunchale/cerro-grande-santiago
79990,El Carrizal,Ranchería,Tamazunchale,San Luis Potosí,,Rural,https://postali.app/mx/san-luis-potosi/tamazunchale/el-carrizal
79990,Emiliano Zapata,Barrio,Tamazunchale,San Luis Potosí,,Rural,https://postali.app/mx/san-luis-potosi/tamazunchale/emiliano-zapata
79990,Los Naranjos Santiago,Barrio,Tamazunchale,San Luis Potosí,,Rural,https://postali.app/mx/san-luis-potosi/tamazunchale/los-naranjos-santiago
79990,Nezahualcóyotl,Colonia,Tamazunchale,San Luis Potosí,,Rural,https://postali.app/mx/san-luis-potosi/tamazunchale/nezahualcoyotl
79990,Pahuayo,Ranchería,Tamazunchale,San Luis Potosí,,Rural,https://postali.app/mx/san-luis-potosi/tamazunchale/pahuayo
79990,San José Santiago,Barrio,Tamazunchale,San Luis Potosí,,Rural,https://postali.app/mx/san-luis-potosi/tamazunchale/san-jose-santiago
79990,Tepeticpa,Rancho,Tamazunchale,San Luis Potosí,,Rural,https://postali.app/mx/san-luis-potosi/tamazunchale/tepeticpa
79990,Tepetzintla,Rancho,Tamazunchale,San Luis Potosí,,Rural,https://postali.app/mx/san-luis-potosi/tamazunchale/tepetzintla-79990
79990,Tepeyac,Barrio,Tamazunchale,San Luis Potosí,,Rural,https://postali.app/mx/san-luis-potosi/tamazunchale/tepeyac
79990,Tlachiquilyacapa,Barrio,Tamazunchale,San Luis Potosí,,Rural,https://postali.app/mx/san-luis-potosi/tamazunchale/tlachiquilyacapa
79990,Tlalnepantla,Barrio,Tamazunchale,San Luis Potosí,,Rural,https://postali.app/mx/san-luis-potosi/tamazunchale/tlalnepantla
79990,Tlamaya Santiago,Barrio,Tamazunchale,San Luis Potosí,,Rural,https://postali.app/mx/san-luis-potosi/tamazunchale/tlamaya-santiago
79990,Torojatl,Ranchería,Tamazunchale,San Luis Potosí,,Rural,https://postali.app/mx/san-luis-potosi/tamazunchale/torojatl
79991,Atlajque,Pueblo,Tamazunchale,San Luis Potosí,,Rural,https://postali.app/mx/san-luis-potosi/tamazunchale/atlajque
79991,Cuixcuatitla,Ranchería,Tamazunchale,San Luis Potosí,,Rural,https://postali.app/mx/san-luis-potosi/tamazunchale/cuixcuatitla
79991,Mecatlán,Ejido,Tamazunchale,San Luis Potosí,,Rural,https://postali.app/mx/san-luis-potosi/tamazunchale/mecatlan
79991,Tamacol,Ranchería,Tamazunchale,San Luis Potosí,,Rural,https://postali.app/mx/san-luis-potosi/tamazunchale/tamacol
79991,Vega Larga,Ranchería,Tamazunchale,San Luis Potosí,,Rural,https://postali.app/mx/san-luis-potosi/tamazunchale/vega-larga
79993,Atehuac,Barrio,Tamazunchale,San Luis Potosí,,Rural,https://postali.app/mx/san-luis-potosi/tamazunchale/atehuac
79993,Enramaditas,Barrio,Tamazunchale,San Luis Potosí,,Rural,https://postali.app/mx/san-luis-potosi/tamazunchale/enramaditas
79993,Tencaxapa,Ranchería,Tamazunchale,San Luis Potosí,,Rural,https://postali.app/mx/san-luis-potosi/tamazunchale/tencaxapa
79993,Tetitla,Barrio,Tamazunchale,San Luis Potosí,,Rural,https://postali.app/mx/san-luis-potosi/tamazunchale/tetitla
79993,Tlalocuil,Barrio,Tamazunchale,San Luis Potosí,,Rural,https://postali.app/mx/san-luis-potosi/tamazunchale/tlalocuil
79993,Tlaxcala,Barrio,Tamazunchale,San Luis Potosí,,Rural,https://postali.app/mx/san-luis-potosi/tamazunchale/tlaxcala
79994,Axhumol,Barrio,Tamazunchale,San Luis Potosí,,Rural,https://postali.app/mx/san-luis-potosi/tamazunchale/axhumol
79994,Coaxocotitla,Pueblo,Tamazunchale,San Luis Potosí,,Rural,https://postali.app/mx/san-luis-potosi/tamazunchale/coaxocotitla
79994,Mecachiquico,Barrio,Tamazunchale,San Luis Potosí,,Rural,https://postali.app/mx/san-luis-potosi/tamazunchale/mecachiquico
79994,Mecapala,Ranchería,Tamazunchale,San Luis Potosí,,Rural,https://postali.app/mx/san-luis-potosi/tamazunchale/mecapala
79994,Monte Alegre,Rancho,Tamazunchale,San Luis Potosí,,Rural,https://postali.app/mx/san-luis-potosi/tamazunchale/monte-alegre
79994,Payantla,Ranchería,Tamazunchale,San Luis Potosí,,Rural,https://postali.app/mx/san-luis-potosi/tamazunchale/payantla
79994,Texojol,Ranchería,Tamazunchale,San Luis Potosí,,Rural,https://postali.app/mx/san-luis-potosi/tamazunchale/texojol
79994,Zoquitipa,Colonia,Tamazunchale,San Luis Potosí,,Rural,https://postali.app/mx/san-luis-potosi/tamazunchale/zoquitipa
79995,Lalaxtzintla,Rancho,Tamazunchale,San Luis Potosí,,Rural,https://postali.app/mx/san-luis-potosi/tamazunchale/lalaxtzintla
79995,Santa María Picula,Colonia,Tamazunchale,San Luis Potosí,,Rural,https://postali.app/mx/san-luis-potosi/tamazunchale/santa-maria-picula
79995,Sukiamel,Ranchería,Tamazunchale,San Luis Potosí,,Rural,https://postali.app/mx/san-luis-potosi/tamazunchale/sukiamel
79995,Tezapotla,Rancho,Tamazunchale,San Luis Potosí,,Rural,https://postali.app/mx/san-luis-potosi/tamazunchale/tezapotla
79995,Tixcuayuca,Ranchería,Tamazunchale,San Luis Potosí,,Rural,https://postali.app/mx/san-luis-potosi/tamazunchale/tixcuayuca
79995,Tlalixco,Ranchería,Tamazunchale,San Luis Potosí,,Rural,https://postali.app/mx/san-luis-potosi/tamazunchale/tlalixco
79995,Zapotitla,Ranchería,Tamazunchale,San Luis Potosí,,Rural,https://postali.app/mx/san-luis-potosi/tamazunchale/zapotitla
79996,Coxotla,Ranchería,Tamazunchale,San Luis Potosí,,Rural,https://postali.app/mx/san-luis-potosi/tamazunchale/coxotla
79996,Pemucho,Ranchería,Tamazunchale,San Luis Potosí,,Rural,https://postali.app/mx/san-luis-potosi/tamazunchale/pemucho
79996,San Antonio,Barrio,Tamazunchale,San Luis Potosí,,Rural,https://postali.app/mx/san-luis-potosi/tamazunchale/san-antonio
79996,Santiago Centro,Pueblo,Tamazunchale,San Luis Potosí,,Rural,https://postali.app/mx/san-luis-potosi/tamazunchale/santiago-centro
79997,Choteo,Ranchería,Tamazunchale,San Luis Potosí,,Rural,https://postali.app/mx/san-luis-potosi/tamazunchale/choteo
79997,Cuatzontitla,Barrio,Tamazunchale,San Luis Potosí,,Rural,https://postali.app/mx/san-luis-potosi/tamazunchale/cuatzontitla
79997,Cuitlamecaco,Ranchería,Tamazunchale,San Luis Potosí,,Rural,https://postali.app/mx/san-luis-potosi/tamazunchale/cuitlamecaco
79997,Ecuatitla,Barrio,Tamazunchale,San Luis Potosí,,Rural,https://postali.app/mx/san-luis-potosi/tamazunchale/ecuatitla
79997,El Nazareno,Barrio,Tamazunchale,San Luis Potosí,,Rural,https://postali.app/mx/san-luis-potosi/tamazunchale/el-nazareno
79997,Ixtla (Ixtla Santiago),Barrio,Tamazunchale,San Luis Potosí,,Rural,https://postali.app/mx/san-luis-potosi/tamazunchale/ixtla-ixtla-santiago
79997,La Fortuna,Ranchería,Tamazunchale,San Luis Potosí,,Rural,https://postali.app/mx/san-luis-potosi/tamazunchale/la-fortuna
79997,Las Estacas,Barrio,Tamazunchale,San Luis Potosí,,Rural,https://postali.app/mx/san-luis-potosi/tamazunchale/las-estacas
79997,Luis Donaldo Colosio (San José),Barrio,Tamazunchale,San Luis Potosí,,Rural,https://postali.app/mx/san-luis-potosi/tamazunchale/luis-donaldo-colosio-san-jose
79997,Paguayo,Pueblo,Tamazunchale,San Luis Potosí,,Rural,https://postali.app/mx/san-luis-potosi/tamazunchale/paguayo
79997,Pahuayo San Miguel,Colonia,Tamazunchale,San Luis Potosí,,Rural,https://postali.app/mx/san-luis-potosi/tamazunchale/pahuayo-san-miguel
79997,Quinta Chilla,Ranchería,Tamazunchale,San Luis Potosí,,Rural,https://postali.app/mx/san-luis-potosi/tamazunchale/quinta-chilla
79997,Rancho Quemado,Ranchería,Tamazunchale,San Luis Potosí,,Rural,https://postali.app/mx/san-luis-potosi/tamazunchale/rancho-quemado
79997,Tenextipa,Barrio,Tamazunchale,San Luis Potosí,,Rural,https://postali.app/mx/san-luis-potosi/tamazunchale/tenextipa
79997,Teozeloc,Barrio,Tamazunchale,San Luis Potosí,,Rural,https://postali.app/mx/san-luis-potosi/tamazunchale/teozeloc
79997,Tetlama,Colonia,Tamazunchale,San Luis Potosí,,Rural,https://postali.app/mx/san-luis-potosi/tamazunchale/tetlama
79997,Texochitl,Ranchería,Tamazunchale,San Luis Potosí,,Rural,https://postali.app/mx/san-luis-potosi/tamazunchale/texochitl
79997,Texopis,Ranchería,Tamazunchale,San Luis Potosí,,Rural,https://postali.app/mx/san-luis-potosi/tamazunchale/texopis
79998,Temacuil,Ranchería,Tamazunchale,San Luis Potosí,,Rural,https://postali.app/mx/san-luis-potosi/tamazunchale/temacuil
79998,Tilapa,Ranchería,Tamazunchale,San Luis Potosí,,Rural,https://postali.app/mx/san-luis-potosi/tamazunchale/tilapa
